shibu_cd,prefecture,region_block,venue,exam_date_raw,exam_date_iso,application_period,result_date_raw,result_date_iso,official_url,fetched_at
13,東京都,関東,中央試験,R08.04.04(土),2026-04-04,2/09～2/20,R08.04.16(木),2026-04-16,https://shinsei.shoubo-shiken.or.jp/shoubou_ia/iajs9001.do?shibu_cd=13&menjo_kbn=1,2026-06-16T08:56:33+09:00
13,東京都,関東,中央試験,R08.04.11(土),2026-04-11,2/16～2/27,R08.04.22(水),2026-04-22,https://shinsei.shoubo-shiken.or.jp/shoubou_ia/iajs9001.do?shibu_cd=13&menjo_kbn=1,2026-06-16T08:56:33+09:00
17,石川県,甲信越・北陸,金沢市,R08.04.18(土),2026-04-18,3/05～3/12,R08.04.28(火),2026-04-28,https://shinsei.shoubo-shiken.or.jp/shoubou_ia/iajs9001.do?shibu_cd=17&menjo_kbn=1,2026-06-16T08:56:33+09:00
27,大阪府,近畿,大阪大学,R08.04.19(日),2026-04-19,2/26～3/05,R08.05.14(木),2026-05-14,https://shinsei.shoubo-shiken.or.jp/shoubou_ia/iajs9001.do?shibu_cd=27&menjo_kbn=1,2026-06-16T08:56:33+09:00
23,愛知県,東海,名古屋市,R08.04.26(日),2026-04-26,3/13～3/23,R08.05.19(火),2026-05-19,https://shinsei.shoubo-shiken.or.jp/shoubou_ia/iajs9001.do?shibu_cd=23&menjo_kbn=1,2026-06-16T08:56:33+09:00
13,東京都,関東,中央試験,R08.04.26(日),2026-04-26,3/02～3/13,R08.05.12(火),2026-05-12,https://shinsei.shoubo-shiken.or.jp/shoubou_ia/iajs9001.do?shibu_cd=13&menjo_kbn=1,2026-06-16T08:56:33+09:00
13,東京都,関東,中央試験,R08.05.03(日),2026-05-03,3/09～3/19,R08.05.18(月),2026-05-18,https://shinsei.shoubo-shiken.or.jp/shoubou_ia/iajs9001.do?shibu_cd=13&menjo_kbn=1,2026-06-16T08:56:33+09:00
07,福島県,北海道・東北,南相馬市会場,R08.05.08(金),2026-05-08,3/18～3/26,R08.06.02(火),2026-06-02,https://shinsei.shoubo-shiken.or.jp/shoubou_ia/iajs9001.do?shibu_cd=07&menjo_kbn=1,2026-06-16T08:56:33+09:00
07,福島県,北海道・東北,南相馬市会場,R08.05.09(土),2026-05-09,3/18～3/26,R08.06.02(火),2026-06-02,https://shinsei.shoubo-shiken.or.jp/shoubou_ia/iajs9001.do?shibu_cd=07&menjo_kbn=1,2026-06-16T08:56:33+09:00
13,東京都,関東,中央試験,R08.05.10(日),2026-05-10,3/16～3/27,R08.05.20(水),2026-05-20,https://shinsei.shoubo-shiken.or.jp/shoubou_ia/iajs9001.do?shibu_cd=13&menjo_kbn=1,2026-06-16T08:56:33+09:00
06,山形県,北海道・東北,山形市,R08.05.16(土),2026-05-16,4/03～4/16,R08.06.04(木),2026-06-04,https://shinsei.shoubo-shiken.or.jp/shoubou_ia/iajs9001.do?shibu_cd=06&menjo_kbn=1,2026-06-16T08:56:33+09:00
13,東京都,関東,中央試験,R08.05.16(土),2026-05-16,3/19～3/31,R08.05.27(水),2026-05-27,https://shinsei.shoubo-shiken.or.jp/shoubou_ia/iajs9001.do?shibu_cd=13&menjo_kbn=1,2026-06-16T08:56:33+09:00
07,福島県,北海道・東北,福島市会場,R08.05.16(土),2026-05-16,3/18～3/26,R08.06.09(火),2026-06-09,https://shinsei.shoubo-shiken.or.jp/shoubou_ia/iajs9001.do?shibu_cd=07&menjo_kbn=1,2026-06-16T08:56:33+09:00
01,北海道,北海道・東北,函館市,R08.05.17(日),2026-05-17,4/02～4/09,R08.06.03(水),2026-06-03,https://shinsei.shoubo-shiken.or.jp/shoubou_ia/iajs9001.do?shibu_cd=01&menjo_kbn=1,2026-06-16T08:56:33+09:00
01,北海道,北海道・東北,北見市,R08.05.17(日),2026-05-17,4/02～4/09,R08.06.03(水),2026-06-03,https://shinsei.shoubo-shiken.or.jp/shoubou_ia/iajs9001.do?shibu_cd=01&menjo_kbn=1,2026-06-16T08:56:33+09:00
01,北海道,北海道・東北,小樽市,R08.05.17(日),2026-05-17,4/02～4/09,R08.06.03(水),2026-06-03,https://shinsei.shoubo-shiken.or.jp/shoubou_ia/iajs9001.do?shibu_cd=01&menjo_kbn=1,2026-06-16T08:56:33+09:00
01,北海道,北海道・東北,岩見沢市,R08.05.17(日),2026-05-17,4/02～4/09,R08.06.03(水),2026-06-03,https://shinsei.shoubo-shiken.or.jp/shoubou_ia/iajs9001.do?shibu_cd=01&menjo_kbn=1,2026-06-16T08:56:33+09:00
01,北海道,北海道・東北,帯広市,R08.05.17(日),2026-05-17,4/02～4/09,R08.06.03(水),2026-06-03,https://shinsei.shoubo-shiken.or.jp/shoubou_ia/iajs9001.do?shibu_cd=01&menjo_kbn=1,2026-06-16T08:56:33+09:00
01,北海道,北海道・東北,旭川市,R08.05.17(日),2026-05-17,4/02～4/09,R08.06.03(水),2026-06-03,https://shinsei.shoubo-shiken.or.jp/shoubou_ia/iajs9001.do?shibu_cd=01&menjo_kbn=1,2026-06-16T08:56:33+09:00
01,北海道,北海道・東北,釧路市,R08.05.17(日),2026-05-17,4/02～4/09,R08.06.03(水),2026-06-03,https://shinsei.shoubo-shiken.or.jp/shoubou_ia/iajs9001.do?shibu_cd=01&menjo_kbn=1,2026-06-16T08:56:33+09:00
29,奈良県,近畿,奈良県天理市,R08.05.17(日),2026-05-17,4/02～4/09,R08.06.03(水),2026-06-03,https://shinsei.shoubo-shiken.or.jp/shoubou_ia/iajs9001.do?shibu_cd=29&menjo_kbn=1,2026-06-16T08:56:33+09:00
05,秋田県,北海道・東北,大仙市,R08.05.17(日),2026-05-17,3/27～4/10,R08.05.27(水),2026-05-27,https://shinsei.shoubo-shiken.or.jp/shoubou_ia/iajs9001.do?shibu_cd=05&menjo_kbn=1,2026-06-16T08:56:33+09:00
05,秋田県,北海道・東北,大館市,R08.05.17(日),2026-05-17,3/27～4/10,R08.05.27(水),2026-05-27,https://shinsei.shoubo-shiken.or.jp/shoubou_ia/iajs9001.do?shibu_cd=05&menjo_kbn=1,2026-06-16T08:56:33+09:00
05,秋田県,北海道・東北,湯沢市,R08.05.17(日),2026-05-17,3/27～4/10,R08.05.27(水),2026-05-27,https://shinsei.shoubo-shiken.or.jp/shoubou_ia/iajs9001.do?shibu_cd=05&menjo_kbn=1,2026-06-16T08:56:33+09:00
05,秋田県,北海道・東北,秋田市,R08.05.17(日),2026-05-17,3/27～4/10,R08.05.27(水),2026-05-27,https://shinsei.shoubo-shiken.or.jp/shoubou_ia/iajs9001.do?shibu_cd=05&menjo_kbn=1,2026-06-16T08:56:33+09:00
05,秋田県,北海道・東北,能代市,R08.05.17(日),2026-05-17,3/27～4/10,R08.05.27(水),2026-05-27,https://shinsei.shoubo-shiken.or.jp/shoubou_ia/iajs9001.do?shibu_cd=05&menjo_kbn=1,2026-06-16T08:56:33+09:00
13,東京都,関東,中央試験,R08.05.23(土),2026-05-23,4/02～4/10,R08.06.03(水),2026-06-03,https://shinsei.shoubo-shiken.or.jp/shoubou_ia/iajs9001.do?shibu_cd=13&menjo_kbn=1,2026-06-16T08:56:33+09:00
07,福島県,北海道・東北,いわき市会場,R08.05.23(土),2026-05-23,3/18～3/26,R08.06.16(火),2026-06-16,https://shinsei.shoubo-shiken.or.jp/shoubou_ia/iajs9001.do?shibu_cd=07&menjo_kbn=1,2026-06-16T08:56:33+09:00
07,福島県,北海道・東北,会津若松会場,R08.05.23(土),2026-05-23,3/18～3/26,R08.06.16(火),2026-06-16,https://shinsei.shoubo-shiken.or.jp/shoubou_ia/iajs9001.do?shibu_cd=07&menjo_kbn=1,2026-06-16T08:56:33+09:00
17,石川県,甲信越・北陸,金沢市,R08.05.24(日),2026-05-24,4/13～4/20,R08.06.02(火),2026-06-02,https://shinsei.shoubo-shiken.or.jp/shoubou_ia/iajs9001.do?shibu_cd=17&menjo_kbn=1,2026-06-16T08:56:33+09:00
07,福島県,北海道・東北,郡山市会場,R08.05.29(金),2026-05-29,4/01～4/09,R08.06.23(火),2026-06-23,https://shinsei.shoubo-shiken.or.jp/shoubou_ia/iajs9001.do?shibu_cd=07&menjo_kbn=1,2026-06-16T08:56:33+09:00
11,埼玉県,関東,深谷市埼工大,R08.05.30(土),2026-05-30,4/17～4/27,R08.06.17(水),2026-06-17,https://shinsei.shoubo-shiken.or.jp/shoubou_ia/iajs9001.do?shibu_cd=11&menjo_kbn=1,2026-06-16T08:56:33+09:00
13,東京都,関東,中央試験,R08.05.30(土),2026-05-30,4/06～4/17,R08.06.10(水),2026-06-10,https://shinsei.shoubo-shiken.or.jp/shoubou_ia/iajs9001.do?shibu_cd=13&menjo_kbn=1,2026-06-16T08:56:33+09:00
25,滋賀県,近畿,大津市,R08.05.30(土),2026-05-30,4/03～4/10,R08.06.26(金),2026-06-26,https://shinsei.shoubo-shiken.or.jp/shoubou_ia/iajs9001.do?shibu_cd=25&menjo_kbn=1,2026-06-16T08:56:33+09:00
07,福島県,北海道・東北,南会津町,R08.05.30(土),2026-05-30,4/01～4/09,R08.06.23(火),2026-06-23,https://shinsei.shoubo-shiken.or.jp/shoubou_ia/iajs9001.do?shibu_cd=07&menjo_kbn=1,2026-06-16T08:56:33+09:00
07,福島県,北海道・東北,郡山市会場,R08.05.30(土),2026-05-30,4/01～4/09,R08.06.23(火),2026-06-23,https://shinsei.shoubo-shiken.or.jp/shoubou_ia/iajs9001.do?shibu_cd=07&menjo_kbn=1,2026-06-16T08:56:33+09:00
26,京都府,近畿,舞鶴市,R08.05.31(日),2026-05-31,4/08～4/15,R08.07.01(水),2026-07-01,https://shinsei.shoubo-shiken.or.jp/shoubou_ia/iajs9001.do?shibu_cd=26&menjo_kbn=1,2026-06-16T08:56:33+09:00
41,佐賀県,九州・沖縄,佐賀市,R08.05.31(日),2026-05-31,4/02～4/14,R08.06.17(水),2026-06-17,https://shinsei.shoubo-shiken.or.jp/shoubou_ia/iajs9001.do?shibu_cd=41&menjo_kbn=1,2026-06-16T08:56:33+09:00
25,滋賀県,近畿,大津市,R08.05.31(日),2026-05-31,4/03～4/10,R08.06.26(金),2026-06-26,https://shinsei.shoubo-shiken.or.jp/shoubou_ia/iajs9001.do?shibu_cd=25&menjo_kbn=1,2026-06-16T08:56:33+09:00
25,滋賀県,近畿,大津市,R08.06.01(月),2026-06-01,4/03～4/10,R08.06.26(金),2026-06-26,https://shinsei.shoubo-shiken.or.jp/shoubou_ia/iajs9001.do?shibu_cd=25&menjo_kbn=1,2026-06-16T08:56:33+09:00
25,滋賀県,近畿,大津市,R08.06.02(火),2026-06-02,4/03～4/10,R08.06.26(金),2026-06-26,https://shinsei.shoubo-shiken.or.jp/shoubou_ia/iajs9001.do?shibu_cd=25&menjo_kbn=1,2026-06-16T08:56:33+09:00
25,滋賀県,近畿,大津市,R08.06.03(水),2026-06-03,4/03～4/10,R08.06.26(金),2026-06-26,https://shinsei.shoubo-shiken.or.jp/shoubou_ia/iajs9001.do?shibu_cd=25&menjo_kbn=1,2026-06-16T08:56:33+09:00
24,三重県,東海,伊勢市,R08.06.06(土),2026-06-06,4/06～4/16,R08.07.01(水),2026-07-01,https://shinsei.shoubo-shiken.or.jp/shoubou_ia/iajs9001.do?shibu_cd=24&menjo_kbn=1,2026-06-16T08:56:33+09:00
24,三重県,東海,伊賀市,R08.06.06(土),2026-06-06,4/06～4/16,R08.07.01(水),2026-07-01,https://shinsei.shoubo-shiken.or.jp/shoubou_ia/iajs9001.do?shibu_cd=24&menjo_kbn=1,2026-06-16T08:56:33+09:00
24,三重県,東海,四日市市,R08.06.06(土),2026-06-06,4/06～4/16,R08.07.01(水),2026-07-01,https://shinsei.shoubo-shiken.or.jp/shoubou_ia/iajs9001.do?shibu_cd=24&menjo_kbn=1,2026-06-16T08:56:33+09:00
24,三重県,東海,熊野市,R08.06.06(土),2026-06-06,4/06～4/16,R08.07.01(水),2026-07-01,https://shinsei.shoubo-shiken.or.jp/shoubou_ia/iajs9001.do?shibu_cd=24&menjo_kbn=1,2026-06-16T08:56:33+09:00
24,三重県,東海,鈴鹿市,R08.06.06(土),2026-06-06,4/06～4/16,R08.07.01(水),2026-07-01,https://shinsei.shoubo-shiken.or.jp/shoubou_ia/iajs9001.do?shibu_cd=24&menjo_kbn=1,2026-06-16T08:56:33+09:00
07,福島県,北海道・東北,広野町,R08.06.06(土),2026-06-06,4/01～4/09,R08.06.30(火),2026-06-30,https://shinsei.shoubo-shiken.or.jp/shoubou_ia/iajs9001.do?shibu_cd=07&menjo_kbn=1,2026-06-16T08:56:33+09:00
07,福島県,北海道・東北,白河市会場,R08.06.06(土),2026-06-06,4/01～4/09,R08.06.30(火),2026-06-30,https://shinsei.shoubo-shiken.or.jp/shoubou_ia/iajs9001.do?shibu_cd=07&menjo_kbn=1,2026-06-16T08:56:33+09:00
08,茨城県,関東,土浦市,R08.06.06(土),2026-06-06,4/03～4/15,R08.06.24(水),2026-06-24,https://shinsei.shoubo-shiken.or.jp/shoubou_ia/iajs9001.do?shibu_cd=08&menjo_kbn=1,2026-06-16T08:56:33+09:00
08,茨城県,関東,日立市,R08.06.06(土),2026-06-06,4/03～4/15,R08.06.24(水),2026-06-24,https://shinsei.shoubo-shiken.or.jp/shoubou_ia/iajs9001.do?shibu_cd=08&menjo_kbn=1,2026-06-16T08:56:33+09:00
08,茨城県,関東,水戸市,R08.06.06(土),2026-06-06,4/03～4/15,R08.06.24(水),2026-06-24,https://shinsei.shoubo-shiken.or.jp/shoubou_ia/iajs9001.do?shibu_cd=08&menjo_kbn=1,2026-06-16T08:56:33+09:00
02,青森県,北海道・東北,むつ市,R08.06.06(土),2026-06-06,5/01～5/12,R08.06.17(水),2026-06-17,https://shinsei.shoubo-shiken.or.jp/shoubou_ia/iajs9001.do?shibu_cd=02&menjo_kbn=1,2026-06-16T08:56:33+09:00
02,青森県,北海道・東北,青森市,R08.06.06(土),2026-06-06,5/01～5/12,R08.06.17(水),2026-06-17,https://shinsei.shoubo-shiken.or.jp/shoubou_ia/iajs9001.do?shibu_cd=02&menjo_kbn=1,2026-06-16T08:56:33+09:00
24,三重県,東海,伊勢市,R08.06.07(日),2026-06-07,4/06～4/16,R08.07.01(水),2026-07-01,https://shinsei.shoubo-shiken.or.jp/shoubou_ia/iajs9001.do?shibu_cd=24&menjo_kbn=1,2026-06-16T08:56:33+09:00
24,三重県,東海,四日市市,R08.06.07(日),2026-06-07,4/06～4/16,R08.07.01(水),2026-07-01,https://shinsei.shoubo-shiken.or.jp/shoubou_ia/iajs9001.do?shibu_cd=24&menjo_kbn=1,2026-06-16T08:56:33+09:00
24,三重県,東海,松阪市,R08.06.07(日),2026-06-07,4/06～4/16,R08.07.01(水),2026-07-01,https://shinsei.shoubo-shiken.or.jp/shoubou_ia/iajs9001.do?shibu_cd=24&menjo_kbn=1,2026-06-16T08:56:33+09:00
24,三重県,東海,津市,R08.06.07(日),2026-06-07,4/06～4/16,R08.07.01(水),2026-07-01,https://shinsei.shoubo-shiken.or.jp/shoubou_ia/iajs9001.do?shibu_cd=24&menjo_kbn=1,2026-06-16T08:56:33+09:00
24,三重県,東海,鈴鹿市,R08.06.07(日),2026-06-07,4/06～4/16,R08.07.01(水),2026-07-01,https://shinsei.shoubo-shiken.or.jp/shoubou_ia/iajs9001.do?shibu_cd=24&menjo_kbn=1,2026-06-16T08:56:33+09:00
26,京都府,近畿,京都市,R08.06.07(日),2026-06-07,4/08～4/15,R08.07.01(水),2026-07-01,https://shinsei.shoubo-shiken.or.jp/shoubou_ia/iajs9001.do?shibu_cd=26&menjo_kbn=1,2026-06-16T08:56:33+09:00
28,兵庫県,近畿,丹波篠山,R08.06.07(日),2026-06-07,4/16～4/23,R08.06.26(金),2026-06-26,https://shinsei.shoubo-shiken.or.jp/shoubou_ia/iajs9001.do?shibu_cd=28&menjo_kbn=1,2026-06-16T08:56:33+09:00
28,兵庫県,近畿,姫路,R08.06.07(日),2026-06-07,4/16～4/23,R08.06.26(金),2026-06-26,https://shinsei.shoubo-shiken.or.jp/shoubou_ia/iajs9001.do?shibu_cd=28&menjo_kbn=1,2026-06-16T08:56:33+09:00
28,兵庫県,近畿,洲本,R08.06.07(日),2026-06-07,4/16～4/23,R08.06.26(金),2026-06-26,https://shinsei.shoubo-shiken.or.jp/shoubou_ia/iajs9001.do?shibu_cd=28&menjo_kbn=1,2026-06-16T08:56:33+09:00
28,兵庫県,近畿,神戸,R08.06.07(日),2026-06-07,4/16～4/23,R08.06.26(金),2026-06-26,https://shinsei.shoubo-shiken.or.jp/shoubou_ia/iajs9001.do?shibu_cd=28&menjo_kbn=1,2026-06-16T08:56:33+09:00
28,兵庫県,近畿,西宮,R08.06.07(日),2026-06-07,4/16～4/23,R08.06.26(金),2026-06-26,https://shinsei.shoubo-shiken.or.jp/shoubou_ia/iajs9001.do?shibu_cd=28&menjo_kbn=1,2026-06-16T08:56:33+09:00
28,兵庫県,近畿,豊岡,R08.06.07(日),2026-06-07,4/16～4/23,R08.06.26(金),2026-06-26,https://shinsei.shoubo-shiken.or.jp/shoubou_ia/iajs9001.do?shibu_cd=28&menjo_kbn=1,2026-06-16T08:56:33+09:00
30,和歌山県,近畿,和歌山市,R08.06.07(日),2026-06-07,4/13～4/20,R08.06.29(月),2026-06-29,https://shinsei.shoubo-shiken.or.jp/shoubou_ia/iajs9001.do?shibu_cd=30&menjo_kbn=1,2026-06-16T08:56:33+09:00
30,和歌山県,近畿,橋本市,R08.06.07(日),2026-06-07,4/13～4/20,R08.06.29(月),2026-06-29,https://shinsei.shoubo-shiken.or.jp/shoubou_ia/iajs9001.do?shibu_cd=30&menjo_kbn=1,2026-06-16T08:56:33+09:00
30,和歌山県,近畿,田辺市,R08.06.07(日),2026-06-07,4/13～4/20,R08.06.29(月),2026-06-29,https://shinsei.shoubo-shiken.or.jp/shoubou_ia/iajs9001.do?shibu_cd=30&menjo_kbn=1,2026-06-16T08:56:33+09:00
11,埼玉県,関東,埼玉大学,R08.06.07(日),2026-06-07,4/17～4/27,R08.06.24(水),2026-06-24,https://shinsei.shoubo-shiken.or.jp/shoubou_ia/iajs9001.do?shibu_cd=11&menjo_kbn=1,2026-06-16T08:56:33+09:00
27,大阪府,近畿,大阪大学,R08.06.07(日),2026-06-07,4/16～4/23,R08.07.02(木),2026-07-02,https://shinsei.shoubo-shiken.or.jp/shoubou_ia/iajs9001.do?shibu_cd=27&menjo_kbn=1,2026-06-16T08:56:33+09:00
04,宮城県,北海道・東北,仙台市,R08.06.07(日),2026-06-07,4/13～4/21,R08.06.24(水),2026-06-24,https://shinsei.shoubo-shiken.or.jp/shoubou_ia/iajs9001.do?shibu_cd=04&menjo_kbn=1,2026-06-16T08:56:33+09:00
16,富山県,甲信越・北陸,富山市,R08.06.07(日),2026-06-07,4/20～4/28,R08.06.24(水),2026-06-24,https://shinsei.shoubo-shiken.or.jp/shoubou_ia/iajs9001.do?shibu_cd=16&menjo_kbn=1,2026-06-16T08:56:33+09:00
32,島根県,中国,出雲市,R08.06.07(日),2026-06-07,4/03～4/17,R08.06.24(水),2026-06-24,https://shinsei.shoubo-shiken.or.jp/shoubou_ia/iajs9001.do?shibu_cd=32&menjo_kbn=1,2026-06-16T08:56:33+09:00
32,島根県,中国,大田市,R08.06.07(日),2026-06-07,4/03～4/17,R08.06.24(水),2026-06-24,https://shinsei.shoubo-shiken.or.jp/shoubou_ia/iajs9001.do?shibu_cd=32&menjo_kbn=1,2026-06-16T08:56:33+09:00
32,島根県,中国,益田市,R08.06.07(日),2026-06-07,4/03～4/17,R08.06.24(水),2026-06-24,https://shinsei.shoubo-shiken.or.jp/shoubou_ia/iajs9001.do?shibu_cd=32&menjo_kbn=1,2026-06-16T08:56:33+09:00
13,東京都,関東,中央試験,R08.06.07(日),2026-06-07,4/13～4/24,R08.06.17(水),2026-06-17,https://shinsei.shoubo-shiken.or.jp/shoubou_ia/iajs9001.do?shibu_cd=13&menjo_kbn=1,2026-06-16T08:56:33+09:00
09,栃木県,関東,宇都宮市,R08.06.07(日),2026-06-07,4/06～4/17,R08.06.24(水),2026-06-24,https://shinsei.shoubo-shiken.or.jp/shoubou_ia/iajs9001.do?shibu_cd=09&menjo_kbn=1,2026-06-16T08:56:33+09:00
09,栃木県,関東,小山市,R08.06.07(日),2026-06-07,4/06～4/17,R08.06.24(水),2026-06-24,https://shinsei.shoubo-shiken.or.jp/shoubou_ia/iajs9001.do?shibu_cd=09&menjo_kbn=1,2026-06-16T08:56:33+09:00
09,栃木県,関東,栃木市,R08.06.07(日),2026-06-07,4/06～4/17,R08.06.24(水),2026-06-24,https://shinsei.shoubo-shiken.or.jp/shoubou_ia/iajs9001.do?shibu_cd=09&menjo_kbn=1,2026-06-16T08:56:33+09:00
09,栃木県,関東,真岡市,R08.06.07(日),2026-06-07,4/06～4/17,R08.06.24(水),2026-06-24,https://shinsei.shoubo-shiken.or.jp/shoubou_ia/iajs9001.do?shibu_cd=09&menjo_kbn=1,2026-06-16T08:56:33+09:00
09,栃木県,関東,足利市,R08.06.07(日),2026-06-07,4/06～4/17,R08.06.24(水),2026-06-24,https://shinsei.shoubo-shiken.or.jp/shoubou_ia/iajs9001.do?shibu_cd=09&menjo_kbn=1,2026-06-16T08:56:33+09:00
09,栃木県,関東,那須塩原市,R08.06.07(日),2026-06-07,4/06～4/17,R08.06.24(水),2026-06-24,https://shinsei.shoubo-shiken.or.jp/shoubou_ia/iajs9001.do?shibu_cd=09&menjo_kbn=1,2026-06-16T08:56:33+09:00
47,沖縄県,九州・沖縄,西原町,R08.06.07(日),2026-06-07,4/28～5/07,R08.06.26(金),2026-06-26,https://shinsei.shoubo-shiken.or.jp/shoubou_ia/iajs9001.do?shibu_cd=47&menjo_kbn=1,2026-06-16T08:56:33+09:00
43,熊本県,九州・沖縄,八代市,R08.06.07(日),2026-06-07,4/07～4/14,R08.06.24(水),2026-06-24,https://shinsei.shoubo-shiken.or.jp/shoubou_ia/iajs9001.do?shibu_cd=43&menjo_kbn=1,2026-06-16T08:56:33+09:00
43,熊本県,九州・沖縄,天草市,R08.06.07(日),2026-06-07,4/07～4/14,R08.06.24(水),2026-06-24,https://shinsei.shoubo-shiken.or.jp/shoubou_ia/iajs9001.do?shibu_cd=43&menjo_kbn=1,2026-06-16T08:56:33+09:00
43,熊本県,九州・沖縄,熊本市,R08.06.07(日),2026-06-07,4/07～4/14,R08.06.24(水),2026-06-24,https://shinsei.shoubo-shiken.or.jp/shoubou_ia/iajs9001.do?shibu_cd=43&menjo_kbn=1,2026-06-16T08:56:33+09:00
43,熊本県,九州・沖縄,玉名市,R08.06.07(日),2026-06-07,4/07～4/14,R08.06.24(水),2026-06-24,https://shinsei.shoubo-shiken.or.jp/shoubou_ia/iajs9001.do?shibu_cd=43&menjo_kbn=1,2026-06-16T08:56:33+09:00
20,長野県,甲信越・北陸,長野市,R08.06.07(日),2026-06-07,4/06～4/16,R08.06.24(水),2026-06-24,https://shinsei.shoubo-shiken.or.jp/shoubou_ia/iajs9001.do?shibu_cd=20&menjo_kbn=1,2026-06-16T08:56:33+09:00
22,静岡県,東海,伊東市,R08.06.07(日),2026-06-07,4/06～4/13,R08.06.24(水),2026-06-24,https://shinsei.shoubo-shiken.or.jp/shoubou_ia/iajs9001.do?shibu_cd=22&menjo_kbn=1,2026-06-16T08:56:33+09:00
22,静岡県,東海,富士宮市,R08.06.07(日),2026-06-07,4/06～4/13,R08.06.24(水),2026-06-24,https://shinsei.shoubo-shiken.or.jp/shoubou_ia/iajs9001.do?shibu_cd=22&menjo_kbn=1,2026-06-16T08:56:33+09:00
22,静岡県,東海,島田市,R08.06.07(日),2026-06-07,4/06～4/13,R08.06.24(水),2026-06-24,https://shinsei.shoubo-shiken.or.jp/shoubou_ia/iajs9001.do?shibu_cd=22&menjo_kbn=1,2026-06-16T08:56:33+09:00
22,静岡県,東海,掛川市,R08.06.07(日),2026-06-07,4/06～4/13,R08.06.24(水),2026-06-24,https://shinsei.shoubo-shiken.or.jp/shoubou_ia/iajs9001.do?shibu_cd=22&menjo_kbn=1,2026-06-16T08:56:33+09:00
22,静岡県,東海,沼津市,R08.06.07(日),2026-06-07,4/06～4/13,R08.06.24(水),2026-06-24,https://shinsei.shoubo-shiken.or.jp/shoubou_ia/iajs9001.do?shibu_cd=22&menjo_kbn=1,2026-06-16T08:56:33+09:00
22,静岡県,東海,浜松市,R08.06.07(日),2026-06-07,4/06～4/13,R08.06.24(水),2026-06-24,https://shinsei.shoubo-shiken.or.jp/shoubou_ia/iajs9001.do?shibu_cd=22&menjo_kbn=1,2026-06-16T08:56:33+09:00
22,静岡県,東海,磐田市,R08.06.07(日),2026-06-07,4/06～4/13,R08.06.24(水),2026-06-24,https://shinsei.shoubo-shiken.or.jp/shoubou_ia/iajs9001.do?shibu_cd=22&menjo_kbn=1,2026-06-16T08:56:33+09:00
22,静岡県,東海,静岡市,R08.06.07(日),2026-06-07,4/06～4/13,R08.06.24(水),2026-06-24,https://shinsei.shoubo-shiken.or.jp/shoubou_ia/iajs9001.do?shibu_cd=22&menjo_kbn=1,2026-06-16T08:56:33+09:00
24,三重県,東海,名張市,R08.06.13(土),2026-06-13,4/06～4/16,R08.07.01(水),2026-07-01,https://shinsei.shoubo-shiken.or.jp/shoubou_ia/iajs9001.do?shibu_cd=24&menjo_kbn=1,2026-06-16T08:56:33+09:00
24,三重県,東海,四日市市,R08.06.13(土),2026-06-13,4/06～4/16,R08.07.01(水),2026-07-01,https://shinsei.shoubo-shiken.or.jp/shoubou_ia/iajs9001.do?shibu_cd=24&menjo_kbn=1,2026-06-16T08:56:33+09:00
24,三重県,東海,尾鷲市,R08.06.13(土),2026-06-13,4/06～4/16,R08.07.01(水),2026-07-01,https://shinsei.shoubo-shiken.or.jp/shoubou_ia/iajs9001.do?shibu_cd=24&menjo_kbn=1,2026-06-16T08:56:33+09:00
24,三重県,東海,桑名市,R08.06.13(土),2026-06-13,4/06～4/16,R08.07.01(水),2026-07-01,https://shinsei.shoubo-shiken.or.jp/shoubou_ia/iajs9001.do?shibu_cd=24&menjo_kbn=1,2026-06-16T08:56:33+09:00
24,三重県,東海,津市,R08.06.13(土),2026-06-13,4/06～4/16,R08.07.01(水),2026-07-01,https://shinsei.shoubo-shiken.or.jp/shoubou_ia/iajs9001.do?shibu_cd=24&menjo_kbn=1,2026-06-16T08:56:33+09:00
06,山形県,北海道・東北,新庄市,R08.06.13(土),2026-06-13,4/17～4/30,R08.07.01(水),2026-07-01,https://shinsei.shoubo-shiken.or.jp/shoubou_ia/iajs9001.do?shibu_cd=06&menjo_kbn=1,2026-06-16T08:56:33+09:00
06,山形県,北海道・東北,米沢市,R08.06.13(土),2026-06-13,4/17～4/30,R08.07.01(水),2026-07-01,https://shinsei.shoubo-shiken.or.jp/shoubou_ia/iajs9001.do?shibu_cd=06&menjo_kbn=1,2026-06-16T08:56:33+09:00
10,群馬県,関東,前橋市,R08.06.13(土),2026-06-13,4/27～5/11,R08.07.01(水),2026-07-01,https://shinsei.shoubo-shiken.or.jp/shoubou_ia/iajs9001.do?shibu_cd=10&menjo_kbn=1,2026-06-16T08:56:33+09:00
02,青森県,北海道・東北,八戸市,R08.06.13(土),2026-06-13,5/01～5/12,R08.07.01(水),2026-07-01,https://shinsei.shoubo-shiken.or.jp/shoubou_ia/iajs9001.do?shibu_cd=02&menjo_kbn=1,2026-06-16T08:56:33+09:00
02,青森県,北海道・東北,青森市,R08.06.13(土),2026-06-13,5/01～5/12,R08.07.01(水),2026-07-01,https://shinsei.shoubo-shiken.or.jp/shoubou_ia/iajs9001.do?shibu_cd=02&menjo_kbn=1,2026-06-16T08:56:33+09:00
46,鹿児島県,九州・沖縄,出水市,R08.06.13(土),2026-06-13,4/13～4/21,R08.07.01(水),2026-07-01,https://shinsei.shoubo-shiken.or.jp/shoubou_ia/iajs9001.do?shibu_cd=46&menjo_kbn=1,2026-06-16T08:56:33+09:00
46,鹿児島県,九州・沖縄,奄美市,R08.06.13(土),2026-06-13,4/13～4/21,R08.07.01(水),2026-07-01,https://shinsei.shoubo-shiken.or.jp/shoubou_ia/iajs9001.do?shibu_cd=46&menjo_kbn=1,2026-06-16T08:56:33+09:00
46,鹿児島県,九州・沖縄,姶良市,R08.06.13(土),2026-06-13,4/13～4/21,R08.07.01(水),2026-07-01,https://shinsei.shoubo-shiken.or.jp/shoubou_ia/iajs9001.do?shibu_cd=46&menjo_kbn=1,2026-06-16T08:56:33+09:00
46,鹿児島県,九州・沖縄,薩摩川内市,R08.06.13(土),2026-06-13,4/13～4/21,R08.07.01(水),2026-07-01,https://shinsei.shoubo-shiken.or.jp/shoubou_ia/iajs9001.do?shibu_cd=46&menjo_kbn=1,2026-06-16T08:56:33+09:00
46,鹿児島県,九州・沖縄,鹿児島市,R08.06.13(土),2026-06-13,4/13～4/21,R08.07.01(水),2026-07-01,https://shinsei.shoubo-shiken.or.jp/shoubou_ia/iajs9001.do?shibu_cd=46&menjo_kbn=1,2026-06-16T08:56:33+09:00
46,鹿児島県,九州・沖縄,鹿屋市,R08.06.13(土),2026-06-13,4/13～4/21,R08.07.01(水),2026-07-01,https://shinsei.shoubo-shiken.or.jp/shoubou_ia/iajs9001.do?shibu_cd=46&menjo_kbn=1,2026-06-16T08:56:33+09:00
01,北海道,北海道・東北,倶知安町,R08.06.14(日),2026-06-14,4/23～4/30,R08.07.01(水),2026-07-01,https://shinsei.shoubo-shiken.or.jp/shoubou_ia/iajs9001.do?shibu_cd=01&menjo_kbn=1,2026-06-16T08:56:33+09:00
01,北海道,北海道・東北,名寄市,R08.06.14(日),2026-06-14,4/23～4/30,R08.07.01(水),2026-07-01,https://shinsei.shoubo-shiken.or.jp/shoubou_ia/iajs9001.do?shibu_cd=01&menjo_kbn=1,2026-06-16T08:56:33+09:00
01,北海道,北海道・東北,室蘭市,R08.06.14(日),2026-06-14,4/23～4/30,R08.07.01(水),2026-07-01,https://shinsei.shoubo-shiken.or.jp/shoubou_ia/iajs9001.do?shibu_cd=01&menjo_kbn=1,2026-06-16T08:56:33+09:00
01,北海道,北海道・東北,札幌市,R08.06.14(日),2026-06-14,4/23～4/30,R08.07.01(水),2026-07-01,https://shinsei.shoubo-shiken.or.jp/shoubou_ia/iajs9001.do?shibu_cd=01&menjo_kbn=1,2026-06-16T08:56:33+09:00
01,北海道,北海道・東北,稚内市,R08.06.14(日),2026-06-14,4/23～4/30,R08.07.01(水),2026-07-01,https://shinsei.shoubo-shiken.or.jp/shoubou_ia/iajs9001.do?shibu_cd=01&menjo_kbn=1,2026-06-16T08:56:33+09:00
01,北海道,北海道・東北,紋別市,R08.06.14(日),2026-06-14,4/23～4/30,R08.07.01(水),2026-07-01,https://shinsei.shoubo-shiken.or.jp/shoubou_ia/iajs9001.do?shibu_cd=01&menjo_kbn=1,2026-06-16T08:56:33+09:00
01,北海道,北海道・東北,苫小牧市,R08.06.14(日),2026-06-14,4/23～4/30,R08.07.01(水),2026-07-01,https://shinsei.shoubo-shiken.or.jp/shoubou_ia/iajs9001.do?shibu_cd=01&menjo_kbn=1,2026-06-16T08:56:33+09:00
21,岐阜県,東海,飛騨高山,R08.06.14(日),2026-06-14,4/16～4/24,R08.07.13(月),2026-07-13,https://shinsei.shoubo-shiken.or.jp/shoubou_ia/iajs9001.do?shibu_cd=21&menjo_kbn=1,2026-06-16T08:56:33+09:00
32,島根県,中国,松江市,R08.06.14(日),2026-06-14,4/03～4/17,R08.07.01(水),2026-07-01,https://shinsei.shoubo-shiken.or.jp/shoubou_ia/iajs9001.do?shibu_cd=32&menjo_kbn=1,2026-06-16T08:56:33+09:00
32,島根県,中国,浜田市,R08.06.14(日),2026-06-14,4/03～4/17,R08.07.01(水),2026-07-01,https://shinsei.shoubo-shiken.or.jp/shoubou_ia/iajs9001.do?shibu_cd=32&menjo_kbn=1,2026-06-16T08:56:33+09:00
32,島根県,中国,隠岐の島町,R08.06.14(日),2026-06-14,4/03～4/17,R08.07.01(水),2026-07-01,https://shinsei.shoubo-shiken.or.jp/shoubou_ia/iajs9001.do?shibu_cd=32&menjo_kbn=1,2026-06-16T08:56:33+09:00
34,広島県,中国,広島市,R08.06.14(日),2026-06-14,4/21～4/28,R08.07.06(月),2026-07-06,https://shinsei.shoubo-shiken.or.jp/shoubou_ia/iajs9001.do?shibu_cd=34&menjo_kbn=1,2026-06-16T08:56:33+09:00
15,新潟県,甲信越・北陸,三条市,R08.06.14(日),2026-06-14,4/22～5/11,R08.07.01(水),2026-07-01,https://shinsei.shoubo-shiken.or.jp/shoubou_ia/iajs9001.do?shibu_cd=15&menjo_kbn=1,2026-06-16T08:56:33+09:00
15,新潟県,甲信越・北陸,上越市,R08.06.14(日),2026-06-14,4/22～5/11,R08.07.01(水),2026-07-01,https://shinsei.shoubo-shiken.or.jp/shoubou_ia/iajs9001.do?shibu_cd=15&menjo_kbn=1,2026-06-16T08:56:33+09:00
15,新潟県,甲信越・北陸,佐渡市,R08.06.14(日),2026-06-14,4/22～5/11,R08.07.01(水),2026-07-01,https://shinsei.shoubo-shiken.or.jp/shoubou_ia/iajs9001.do?shibu_cd=15&menjo_kbn=1,2026-06-16T08:56:33+09:00
15,新潟県,甲信越・北陸,新潟市,R08.06.14(日),2026-06-14,4/22～5/11,R08.07.01(水),2026-07-01,https://shinsei.shoubo-shiken.or.jp/shoubou_ia/iajs9001.do?shibu_cd=15&menjo_kbn=1,2026-06-16T08:56:33+09:00
15,新潟県,甲信越・北陸,長岡市,R08.06.14(日),2026-06-14,4/22～5/11,R08.07.01(水),2026-07-01,https://shinsei.shoubo-shiken.or.jp/shoubou_ia/iajs9001.do?shibu_cd=15&menjo_kbn=1,2026-06-16T08:56:33+09:00
47,沖縄県,九州・沖縄,名護市,R08.06.14(日),2026-06-14,5/07～5/14,R08.07.03(金),2026-07-03,https://shinsei.shoubo-shiken.or.jp/shoubou_ia/iajs9001.do?shibu_cd=47&menjo_kbn=1,2026-06-16T08:56:33+09:00
47,沖縄県,九州・沖縄,宮古島市,R08.06.14(日),2026-06-14,5/07～5/14,R08.07.03(金),2026-07-03,https://shinsei.shoubo-shiken.or.jp/shoubou_ia/iajs9001.do?shibu_cd=47&menjo_kbn=1,2026-06-16T08:56:33+09:00
47,沖縄県,九州・沖縄,浦添市,R08.06.14(日),2026-06-14,5/07～5/14,R08.07.03(金),2026-07-03,https://shinsei.shoubo-shiken.or.jp/shoubou_ia/iajs9001.do?shibu_cd=47&menjo_kbn=1,2026-06-16T08:56:33+09:00
47,沖縄県,九州・沖縄,石垣市,R08.06.14(日),2026-06-14,5/07～5/14,R08.07.03(金),2026-07-03,https://shinsei.shoubo-shiken.or.jp/shoubou_ia/iajs9001.do?shibu_cd=47&menjo_kbn=1,2026-06-16T08:56:33+09:00
14,神奈川県,関東,専修大学,R08.06.14(日),2026-06-14,4/24～5/11,R08.07.01(水),2026-07-01,https://shinsei.shoubo-shiken.or.jp/shoubou_ia/iajs9001.do?shibu_cd=14&menjo_kbn=1,2026-06-16T08:56:33+09:00
42,長崎県,九州・沖縄,五島市,R08.06.14(日),2026-06-14,4/06～4/17,R08.07.01(水),2026-07-01,https://shinsei.shoubo-shiken.or.jp/shoubou_ia/iajs9001.do?shibu_cd=42&menjo_kbn=1,2026-06-16T08:56:33+09:00
42,長崎県,九州・沖縄,佐世保市,R08.06.14(日),2026-06-14,4/06～4/17,R08.07.01(水),2026-07-01,https://shinsei.shoubo-shiken.or.jp/shoubou_ia/iajs9001.do?shibu_cd=42&menjo_kbn=1,2026-06-16T08:56:33+09:00
42,長崎県,九州・沖縄,大村市,R08.06.14(日),2026-06-14,4/06～4/17,R08.07.01(水),2026-07-01,https://shinsei.shoubo-shiken.or.jp/shoubou_ia/iajs9001.do?shibu_cd=42&menjo_kbn=1,2026-06-16T08:56:33+09:00
42,長崎県,九州・沖縄,対馬市,R08.06.14(日),2026-06-14,4/06～4/17,R08.07.01(水),2026-07-01,https://shinsei.shoubo-shiken.or.jp/shoubou_ia/iajs9001.do?shibu_cd=42&menjo_kbn=1,2026-06-16T08:56:33+09:00
42,長崎県,九州・沖縄,島原市,R08.06.14(日),2026-06-14,4/06～4/17,R08.07.01(水),2026-07-01,https://shinsei.shoubo-shiken.or.jp/shoubou_ia/iajs9001.do?shibu_cd=42&menjo_kbn=1,2026-06-16T08:56:33+09:00
42,長崎県,九州・沖縄,諫早市,R08.06.14(日),2026-06-14,4/06～4/17,R08.07.01(水),2026-07-01,https://shinsei.shoubo-shiken.or.jp/shoubou_ia/iajs9001.do?shibu_cd=42&menjo_kbn=1,2026-06-16T08:56:33+09:00
42,長崎県,九州・沖縄,長崎市,R08.06.14(日),2026-06-14,4/06～4/17,R08.07.01(水),2026-07-01,https://shinsei.shoubo-shiken.or.jp/shoubou_ia/iajs9001.do?shibu_cd=42&menjo_kbn=1,2026-06-16T08:56:33+09:00
20,長野県,甲信越・北陸,松本市,R08.06.14(日),2026-06-14,4/06～4/16,R08.07.01(水),2026-07-01,https://shinsei.shoubo-shiken.or.jp/shoubou_ia/iajs9001.do?shibu_cd=20&menjo_kbn=1,2026-06-16T08:56:33+09:00
02,青森県,北海道・東北,弘前市,R08.06.14(日),2026-06-14,5/01～5/12,R08.07.02(木),2026-07-02,https://shinsei.shoubo-shiken.or.jp/shoubou_ia/iajs9001.do?shibu_cd=02&menjo_kbn=1,2026-06-16T08:56:33+09:00
31,鳥取県,中国,米子市,R08.06.14(日),2026-06-14,4/22～5/01,R08.07.02(木),2026-07-02,https://shinsei.shoubo-shiken.or.jp/shoubou_ia/iajs9001.do?shibu_cd=31&menjo_kbn=1,2026-06-16T08:56:33+09:00
31,鳥取県,中国,鳥取市,R08.06.14(日),2026-06-14,4/22～5/01,R08.07.02(木),2026-07-02,https://shinsei.shoubo-shiken.or.jp/shoubou_ia/iajs9001.do?shibu_cd=31&menjo_kbn=1,2026-06-16T08:56:33+09:00
12,千葉県,関東,木更津市,R08.06.20(土),2026-06-20,4/06～4/20,R08.07.08(水),2026-07-08,https://shinsei.shoubo-shiken.or.jp/shoubou_ia/iajs9001.do?shibu_cd=12&menjo_kbn=1,2026-06-16T08:56:33+09:00
12,千葉県,関東,館山市,R08.06.20(土),2026-06-20,4/06～4/20,R08.07.08(水),2026-07-08,https://shinsei.shoubo-shiken.or.jp/shoubou_ia/iajs9001.do?shibu_cd=12&menjo_kbn=1,2026-06-16T08:56:33+09:00
35,山口県,中国,下松市,R08.06.20(土),2026-06-20,4/09～4/22,R08.07.10(金),2026-07-10,https://shinsei.shoubo-shiken.or.jp/shoubou_ia/iajs9001.do?shibu_cd=35&menjo_kbn=1,2026-06-16T08:56:33+09:00
35,山口県,中国,下関市,R08.06.20(土),2026-06-20,4/09～4/22,R08.07.10(金),2026-07-10,https://shinsei.shoubo-shiken.or.jp/shoubou_ia/iajs9001.do?shibu_cd=35&menjo_kbn=1,2026-06-16T08:56:33+09:00
35,山口県,中国,宇部市,R08.06.20(土),2026-06-20,4/09～4/22,R08.07.10(金),2026-07-10,https://shinsei.shoubo-shiken.or.jp/shoubou_ia/iajs9001.do?shibu_cd=35&menjo_kbn=1,2026-06-16T08:56:33+09:00
35,山口県,中国,柳井市,R08.06.20(土),2026-06-20,4/09～4/22,R08.07.10(金),2026-07-10,https://shinsei.shoubo-shiken.or.jp/shoubou_ia/iajs9001.do?shibu_cd=35&menjo_kbn=1,2026-06-16T08:56:33+09:00
35,山口県,中国,長門市,R08.06.20(土),2026-06-20,4/09～4/22,R08.07.10(金),2026-07-10,https://shinsei.shoubo-shiken.or.jp/shoubou_ia/iajs9001.do?shibu_cd=35&menjo_kbn=1,2026-06-16T08:56:33+09:00
35,山口県,中国,防府市,R08.06.20(土),2026-06-20,4/09～4/22,R08.07.10(金),2026-07-10,https://shinsei.shoubo-shiken.or.jp/shoubou_ia/iajs9001.do?shibu_cd=35&menjo_kbn=1,2026-06-16T08:56:33+09:00
06,山形県,北海道・東北,山形市,R08.06.20(土),2026-06-20,4/24～5/07,R08.07.08(水),2026-07-08,https://shinsei.shoubo-shiken.or.jp/shoubou_ia/iajs9001.do?shibu_cd=06&menjo_kbn=1,2026-06-16T08:56:33+09:00
06,山形県,北海道・東北,鶴岡市,R08.06.20(土),2026-06-20,4/24～5/07,R08.07.08(水),2026-07-08,https://shinsei.shoubo-shiken.or.jp/shoubou_ia/iajs9001.do?shibu_cd=06&menjo_kbn=1,2026-06-16T08:56:33+09:00
17,石川県,甲信越・北陸,金沢市,R08.06.20(土),2026-06-20,5/07～5/14,R08.07.08(水),2026-07-08,https://shinsei.shoubo-shiken.or.jp/shoubou_ia/iajs9001.do?shibu_cd=17&menjo_kbn=1,2026-06-16T08:56:33+09:00
02,青森県,北海道・東北,八戸市,R08.06.20(土),2026-06-20,5/01～5/12,R08.07.08(水),2026-07-08,https://shinsei.shoubo-shiken.or.jp/shoubou_ia/iajs9001.do?shibu_cd=02&menjo_kbn=1,2026-06-16T08:56:33+09:00
02,青森県,北海道・東北,十和田市,R08.06.20(土),2026-06-20,5/01～5/12,R08.07.08(水),2026-07-08,https://shinsei.shoubo-shiken.or.jp/shoubou_ia/iajs9001.do?shibu_cd=02&menjo_kbn=1,2026-06-16T08:56:33+09:00
02,青森県,北海道・東北,弘前市,R08.06.20(土),2026-06-20,5/01～5/12,R08.07.08(水),2026-07-08,https://shinsei.shoubo-shiken.or.jp/shoubou_ia/iajs9001.do?shibu_cd=02&menjo_kbn=1,2026-06-16T08:56:33+09:00
12,千葉県,関東,勝浦市,R08.06.21(日),2026-06-21,4/06～4/20,R08.07.08(水),2026-07-08,https://shinsei.shoubo-shiken.or.jp/shoubou_ia/iajs9001.do?shibu_cd=12&menjo_kbn=1,2026-06-16T08:56:33+09:00
12,千葉県,関東,銚子市,R08.06.21(日),2026-06-21,4/06～4/20,R08.07.08(水),2026-07-08,https://shinsei.shoubo-shiken.or.jp/shoubou_ia/iajs9001.do?shibu_cd=12&menjo_kbn=1,2026-06-16T08:56:33+09:00
44,大分県,九州・沖縄,中津市,R08.06.21(日),2026-06-21,4/20～4/30,R08.07.08(水),2026-07-08,https://shinsei.shoubo-shiken.or.jp/shoubou_ia/iajs9001.do?shibu_cd=44&menjo_kbn=1,2026-06-16T08:56:33+09:00
44,大分県,九州・沖縄,佐伯市,R08.06.21(日),2026-06-21,4/20～4/30,R08.07.08(水),2026-07-08,https://shinsei.shoubo-shiken.or.jp/shoubou_ia/iajs9001.do?shibu_cd=44&menjo_kbn=1,2026-06-16T08:56:33+09:00
44,大分県,九州・沖縄,別府市,R08.06.21(日),2026-06-21,4/20～4/30,R08.07.08(水),2026-07-08,https://shinsei.shoubo-shiken.or.jp/shoubou_ia/iajs9001.do?shibu_cd=44&menjo_kbn=1,2026-06-16T08:56:33+09:00
44,大分県,九州・沖縄,国東市,R08.06.21(日),2026-06-21,4/20～4/30,R08.07.08(水),2026-07-08,https://shinsei.shoubo-shiken.or.jp/shoubou_ia/iajs9001.do?shibu_cd=44&menjo_kbn=1,2026-06-16T08:56:33+09:00
44,大分県,九州・沖縄,大分市,R08.06.21(日),2026-06-21,4/20～4/30,R08.07.08(水),2026-07-08,https://shinsei.shoubo-shiken.or.jp/shoubou_ia/iajs9001.do?shibu_cd=44&menjo_kbn=1,2026-06-16T08:56:33+09:00
44,大分県,九州・沖縄,日田市,R08.06.21(日),2026-06-21,4/20～4/30,R08.07.08(水),2026-07-08,https://shinsei.shoubo-shiken.or.jp/shoubou_ia/iajs9001.do?shibu_cd=44&menjo_kbn=1,2026-06-16T08:56:33+09:00
44,大分県,九州・沖縄,豊後大野市,R08.06.21(日),2026-06-21,4/20～4/30,R08.07.08(水),2026-07-08,https://shinsei.shoubo-shiken.or.jp/shoubou_ia/iajs9001.do?shibu_cd=44&menjo_kbn=1,2026-06-16T08:56:33+09:00
45,宮崎県,九州・沖縄,宮崎市,R08.06.21(日),2026-06-21,4/03～4/16,R08.07.10(金),2026-07-10,https://shinsei.shoubo-shiken.or.jp/shoubou_ia/iajs9001.do?shibu_cd=45&menjo_kbn=1,2026-06-16T08:56:33+09:00
45,宮崎県,九州・沖縄,小林市,R08.06.21(日),2026-06-21,4/03～4/16,R08.07.10(金),2026-07-10,https://shinsei.shoubo-shiken.or.jp/shoubou_ia/iajs9001.do?shibu_cd=45&menjo_kbn=1,2026-06-16T08:56:33+09:00
45,宮崎県,九州・沖縄,延岡市,R08.06.21(日),2026-06-21,4/03～4/16,R08.07.10(金),2026-07-10,https://shinsei.shoubo-shiken.or.jp/shoubou_ia/iajs9001.do?shibu_cd=45&menjo_kbn=1,2026-06-16T08:56:33+09:00
45,宮崎県,九州・沖縄,日南市,R08.06.21(日),2026-06-21,4/03～4/16,R08.07.10(金),2026-07-10,https://shinsei.shoubo-shiken.or.jp/shoubou_ia/iajs9001.do?shibu_cd=45&menjo_kbn=1,2026-06-16T08:56:33+09:00
45,宮崎県,九州・沖縄,日向市,R08.06.21(日),2026-06-21,4/03～4/16,R08.07.10(金),2026-07-10,https://shinsei.shoubo-shiken.or.jp/shoubou_ia/iajs9001.do?shibu_cd=45&menjo_kbn=1,2026-06-16T08:56:33+09:00
45,宮崎県,九州・沖縄,都城市,R08.06.21(日),2026-06-21,4/03～4/16,R08.07.10(金),2026-07-10,https://shinsei.shoubo-shiken.or.jp/shoubou_ia/iajs9001.do?shibu_cd=45&menjo_kbn=1,2026-06-16T08:56:33+09:00
16,富山県,甲信越・北陸,高岡市,R08.06.21(日),2026-06-21,4/20～4/28,R08.07.08(水),2026-07-08,https://shinsei.shoubo-shiken.or.jp/shoubou_ia/iajs9001.do?shibu_cd=16&menjo_kbn=1,2026-06-16T08:56:33+09:00
35,山口県,中国,光市,R08.06.21(日),2026-06-21,4/09～4/22,R08.07.10(金),2026-07-10,https://shinsei.shoubo-shiken.or.jp/shoubou_ia/iajs9001.do?shibu_cd=35&menjo_kbn=1,2026-06-16T08:56:33+09:00
35,山口県,中国,周南市,R08.06.21(日),2026-06-21,4/09～4/22,R08.07.10(金),2026-07-10,https://shinsei.shoubo-shiken.or.jp/shoubou_ia/iajs9001.do?shibu_cd=35&menjo_kbn=1,2026-06-16T08:56:33+09:00
35,山口県,中国,山口市,R08.06.21(日),2026-06-21,4/09～4/22,R08.07.10(金),2026-07-10,https://shinsei.shoubo-shiken.or.jp/shoubou_ia/iajs9001.do?shibu_cd=35&menjo_kbn=1,2026-06-16T08:56:33+09:00
35,山口県,中国,山陽小野田市,R08.06.21(日),2026-06-21,4/09～4/22,R08.07.10(金),2026-07-10,https://shinsei.shoubo-shiken.or.jp/shoubou_ia/iajs9001.do?shibu_cd=35&menjo_kbn=1,2026-06-16T08:56:33+09:00
35,山口県,中国,岩国市,R08.06.21(日),2026-06-21,4/09～4/22,R08.07.10(金),2026-07-10,https://shinsei.shoubo-shiken.or.jp/shoubou_ia/iajs9001.do?shibu_cd=35&menjo_kbn=1,2026-06-16T08:56:33+09:00
35,山口県,中国,美祢市,R08.06.21(日),2026-06-21,4/09～4/22,R08.07.10(金),2026-07-10,https://shinsei.shoubo-shiken.or.jp/shoubou_ia/iajs9001.do?shibu_cd=35&menjo_kbn=1,2026-06-16T08:56:33+09:00
35,山口県,中国,萩市,R08.06.21(日),2026-06-21,4/09～4/22,R08.07.10(金),2026-07-10,https://shinsei.shoubo-shiken.or.jp/shoubou_ia/iajs9001.do?shibu_cd=35&menjo_kbn=1,2026-06-16T08:56:33+09:00
21,岐阜県,東海,岐阜大学,R08.06.21(日),2026-06-21,4/16～4/24,R08.07.13(月),2026-07-13,https://shinsei.shoubo-shiken.or.jp/shoubou_ia/iajs9001.do?shibu_cd=21&menjo_kbn=1,2026-06-16T08:56:33+09:00
33,岡山県,中国,倉工（高校生,R08.06.21(日),2026-06-21,4/13～4/23,R08.07.10(金),2026-07-10,https://shinsei.shoubo-shiken.or.jp/shoubou_ia/iajs9001.do?shibu_cd=33&menjo_kbn=1,2026-06-16T08:56:33+09:00
33,岡山県,中国,岡山大学,R08.06.21(日),2026-06-21,4/13～4/23,R08.07.10(金),2026-07-10,https://shinsei.shoubo-shiken.or.jp/shoubou_ia/iajs9001.do?shibu_cd=33&menjo_kbn=1,2026-06-16T08:56:33+09:00
33,岡山県,中国,岡工（高校生,R08.06.21(日),2026-06-21,4/13～4/23,R08.07.10(金),2026-07-10,https://shinsei.shoubo-shiken.or.jp/shoubou_ia/iajs9001.do?shibu_cd=33&menjo_kbn=1,2026-06-16T08:56:33+09:00
33,岡山県,中国,水工（高校生,R08.06.21(日),2026-06-21,4/13～4/23,R08.07.10(金),2026-07-10,https://shinsei.shoubo-shiken.or.jp/shoubou_ia/iajs9001.do?shibu_cd=33&menjo_kbn=1,2026-06-16T08:56:33+09:00
33,岡山県,中国,津山工業高校,R08.06.21(日),2026-06-21,4/13～4/23,R08.07.10(金),2026-07-10,https://shinsei.shoubo-shiken.or.jp/shoubou_ia/iajs9001.do?shibu_cd=33&menjo_kbn=1,2026-06-16T08:56:33+09:00
34,広島県,中国,三次市,R08.06.21(日),2026-06-21,4/30～5/13,R08.07.13(月),2026-07-13,https://shinsei.shoubo-shiken.or.jp/shoubou_ia/iajs9001.do?shibu_cd=34&menjo_kbn=1,2026-06-16T08:56:33+09:00
34,広島県,中国,福山市,R08.06.21(日),2026-06-21,4/30～5/13,R08.07.13(月),2026-07-13,https://shinsei.shoubo-shiken.or.jp/shoubou_ia/iajs9001.do?shibu_cd=34&menjo_kbn=1,2026-06-16T08:56:33+09:00
23,愛知県,東海,豊橋市,R08.06.21(日),2026-06-21,5/15～5/25,R08.07.08(水),2026-07-08,https://shinsei.shoubo-shiken.or.jp/shoubou_ia/iajs9001.do?shibu_cd=23&menjo_kbn=1,2026-06-16T08:56:33+09:00
13,東京都,関東,中央試験,R08.06.21(日),2026-06-21,5/07～5/15,R08.07.02(木),2026-07-02,https://shinsei.shoubo-shiken.or.jp/shoubou_ia/iajs9001.do?shibu_cd=13&menjo_kbn=1,2026-06-16T08:56:33+09:00
18,福井県,甲信越・北陸,小浜市,R08.06.21(日),2026-06-21,4/16～4/23,R08.07.08(水),2026-07-08,https://shinsei.shoubo-shiken.or.jp/shoubou_ia/iajs9001.do?shibu_cd=18&menjo_kbn=1,2026-06-16T08:56:33+09:00
18,福井県,甲信越・北陸,福井市,R08.06.21(日),2026-06-21,4/16～4/23,R08.07.08(水),2026-07-08,https://shinsei.shoubo-shiken.or.jp/shoubou_ia/iajs9001.do?shibu_cd=18&menjo_kbn=1,2026-06-16T08:56:33+09:00
40,福岡県,九州・沖縄,福岡地区,R08.06.21(日),2026-06-21,4/14～4/28,R08.07.31(金),2026-07-31,https://shinsei.shoubo-shiken.or.jp/shoubou_ia/iajs9001.do?shibu_cd=40&menjo_kbn=1,2026-06-16T08:56:33+09:00
40,福岡県,九州・沖縄,筑豊地区,R08.06.21(日),2026-06-21,4/14～4/28,R08.07.31(金),2026-07-31,https://shinsei.shoubo-shiken.or.jp/shoubou_ia/iajs9001.do?shibu_cd=40&menjo_kbn=1,2026-06-16T08:56:33+09:00
20,長野県,甲信越・北陸,上田市,R08.06.21(日),2026-06-21,4/06～4/16,R08.07.08(水),2026-07-08,https://shinsei.shoubo-shiken.or.jp/shoubou_ia/iajs9001.do?shibu_cd=20&menjo_kbn=1,2026-06-16T08:56:33+09:00
39,高知県,四国,高知市,R08.06.21(日),2026-06-21,5/07～5/21,R08.07.08(水),2026-07-08,https://shinsei.shoubo-shiken.or.jp/shoubou_ia/iajs9001.do?shibu_cd=39&menjo_kbn=1,2026-06-16T08:56:33+09:00
03,岩手県,北海道・東北,二戸市,R08.06.27(土),2026-06-27,5/12～5/19,R08.07.15(水),2026-07-15,https://shinsei.shoubo-shiken.or.jp/shoubou_ia/iajs9001.do?shibu_cd=03&menjo_kbn=1,2026-06-16T08:56:33+09:00
03,岩手県,北海道・東北,大船渡市,R08.06.27(土),2026-06-27,5/12～5/19,R08.07.15(水),2026-07-15,https://shinsei.shoubo-shiken.or.jp/shoubou_ia/iajs9001.do?shibu_cd=03&menjo_kbn=1,2026-06-16T08:56:33+09:00
03,岩手県,北海道・東北,盛岡市,R08.06.27(土),2026-06-27,5/12～5/19,R08.07.15(水),2026-07-15,https://shinsei.shoubo-shiken.or.jp/shoubou_ia/iajs9001.do?shibu_cd=03&menjo_kbn=1,2026-06-16T08:56:33+09:00
12,千葉県,関東,千葉市,R08.06.28(日),2026-06-28,4/06～4/20,R08.07.15(水),2026-07-15,https://shinsei.shoubo-shiken.or.jp/shoubou_ia/iajs9001.do?shibu_cd=12&menjo_kbn=1,2026-06-16T08:56:33+09:00
16,富山県,甲信越・北陸,魚津市,R08.06.28(日),2026-06-28,4/20～4/28,R08.07.15(水),2026-07-15,https://shinsei.shoubo-shiken.or.jp/shoubou_ia/iajs9001.do?shibu_cd=16&menjo_kbn=1,2026-06-16T08:56:33+09:00
19,山梨県,甲信越・北陸,甲府市,R08.06.28(日),2026-06-28,5/07～5/15,R08.07.15(水),2026-07-15,https://shinsei.shoubo-shiken.or.jp/shoubou_ia/iajs9001.do?shibu_cd=19&menjo_kbn=1,2026-06-16T08:56:33+09:00
21,岐阜県,東海,ソフトピア,R08.06.28(日),2026-06-28,5/07～5/15,R08.07.27(月),2026-07-27,https://shinsei.shoubo-shiken.or.jp/shoubou_ia/iajs9001.do?shibu_cd=21&menjo_kbn=1,2026-06-16T08:56:33+09:00
38,愛媛県,四国,今工（高校生,R08.06.28(日),2026-06-28,4/13～4/23,R08.07.15(水),2026-07-15,https://shinsei.shoubo-shiken.or.jp/shoubou_ia/iajs9001.do?shibu_cd=38&menjo_kbn=1,2026-06-16T08:56:33+09:00
38,愛媛県,四国,八工（高校生,R08.06.28(日),2026-06-28,4/13～4/23,R08.07.15(水),2026-07-15,https://shinsei.shoubo-shiken.or.jp/shoubou_ia/iajs9001.do?shibu_cd=38&menjo_kbn=1,2026-06-16T08:56:33+09:00
38,愛媛県,四国,吉田（高校生,R08.06.28(日),2026-06-28,4/13～4/23,R08.07.15(水),2026-07-15,https://shinsei.shoubo-shiken.or.jp/shoubou_ia/iajs9001.do?shibu_cd=38&menjo_kbn=1,2026-06-16T08:56:33+09:00
38,愛媛県,四国,愛媛大学,R08.06.28(日),2026-06-28,4/13～4/23,R08.07.15(水),2026-07-15,https://shinsei.shoubo-shiken.or.jp/shoubou_ia/iajs9001.do?shibu_cd=38&menjo_kbn=1,2026-06-16T08:56:33+09:00
38,愛媛県,四国,新工（高校生,R08.06.28(日),2026-06-28,4/13～4/23,R08.07.15(水),2026-07-15,https://shinsei.shoubo-shiken.or.jp/shoubou_ia/iajs9001.do?shibu_cd=38&menjo_kbn=1,2026-06-16T08:56:33+09:00
38,愛媛県,四国,松工（高校生,R08.06.28(日),2026-06-28,4/13～4/23,R08.07.15(水),2026-07-15,https://shinsei.shoubo-shiken.or.jp/shoubou_ia/iajs9001.do?shibu_cd=38&menjo_kbn=1,2026-06-16T08:56:33+09:00
13,東京都,関東,中央試験,R08.06.28(日),2026-06-28,5/07～5/15,R08.07.08(水),2026-07-08,https://shinsei.shoubo-shiken.or.jp/shoubou_ia/iajs9001.do?shibu_cd=13&menjo_kbn=1,2026-06-16T08:56:33+09:00
17,石川県,甲信越・北陸,七尾市,R08.06.28(日),2026-06-28,5/07～5/14,R08.07.15(水),2026-07-15,https://shinsei.shoubo-shiken.or.jp/shoubou_ia/iajs9001.do?shibu_cd=17&menjo_kbn=1,2026-06-16T08:56:33+09:00
18,福井県,甲信越・北陸,福井市,R08.06.28(日),2026-06-28,4/16～4/23,R08.07.15(水),2026-07-15,https://shinsei.shoubo-shiken.or.jp/shoubou_ia/iajs9001.do?shibu_cd=18&menjo_kbn=1,2026-06-16T08:56:33+09:00
18,福井県,甲信越・北陸,越前市,R08.06.28(日),2026-06-28,4/16～4/23,R08.07.15(水),2026-07-15,https://shinsei.shoubo-shiken.or.jp/shoubou_ia/iajs9001.do?shibu_cd=18&menjo_kbn=1,2026-06-16T08:56:33+09:00
40,福岡県,九州・沖縄,北九州地区,R08.06.28(日),2026-06-28,4/14～4/28,R08.07.31(金),2026-07-31,https://shinsei.shoubo-shiken.or.jp/shoubou_ia/iajs9001.do?shibu_cd=40&menjo_kbn=1,2026-06-16T08:56:33+09:00
40,福岡県,九州・沖縄,筑後地区,R08.06.28(日),2026-06-28,4/14～4/28,R08.07.31(金),2026-07-31,https://shinsei.shoubo-shiken.or.jp/shoubou_ia/iajs9001.do?shibu_cd=40&menjo_kbn=1,2026-06-16T08:56:33+09:00
10,群馬県,関東,太田市,R08.06.28(日),2026-06-28,4/27～5/11,R08.07.15(水),2026-07-15,https://shinsei.shoubo-shiken.or.jp/shoubou_ia/iajs9001.do?shibu_cd=10&menjo_kbn=1,2026-06-16T08:56:33+09:00
08,茨城県,関東,ひたちなか市,R08.06.28(日),2026-06-28,4/10～4/22,R08.07.15(水),2026-07-15,https://shinsei.shoubo-shiken.or.jp/shoubou_ia/iajs9001.do?shibu_cd=08&menjo_kbn=1,2026-06-16T08:56:33+09:00
08,茨城県,関東,鹿嶋市,R08.06.28(日),2026-06-28,4/10～4/22,R08.07.15(水),2026-07-15,https://shinsei.shoubo-shiken.or.jp/shoubou_ia/iajs9001.do?shibu_cd=08&menjo_kbn=1,2026-06-16T08:56:33+09:00
20,長野県,甲信越・北陸,伊那市,R08.06.28(日),2026-06-28,4/06～4/16,R08.07.15(水),2026-07-15,https://shinsei.shoubo-shiken.or.jp/shoubou_ia/iajs9001.do?shibu_cd=20&menjo_kbn=1,2026-06-16T08:56:33+09:00
39,高知県,四国,安芸市,R08.06.28(日),2026-06-28,5/07～5/21,R08.07.15(水),2026-07-15,https://shinsei.shoubo-shiken.or.jp/shoubou_ia/iajs9001.do?shibu_cd=39&menjo_kbn=1,2026-06-16T08:56:33+09:00
19,山梨県,甲信越・北陸,都留市,R08.07.04(土),2026-07-04,5/07～5/15,R08.07.23(木),2026-07-23,https://shinsei.shoubo-shiken.or.jp/shoubou_ia/iajs9001.do?shibu_cd=19&menjo_kbn=1,2026-06-16T08:56:33+09:00
03,岩手県,北海道・東北,一関市,R08.07.04(土),2026-07-04,5/12～5/19,R08.07.23(木),2026-07-23,https://shinsei.shoubo-shiken.or.jp/shoubou_ia/iajs9001.do?shibu_cd=03&menjo_kbn=1,2026-06-16T08:56:33+09:00
03,岩手県,北海道・東北,盛岡市,R08.07.04(土),2026-07-04,5/12～5/19,R08.07.23(木),2026-07-23,https://shinsei.shoubo-shiken.or.jp/shoubou_ia/iajs9001.do?shibu_cd=03&menjo_kbn=1,2026-06-16T08:56:33+09:00
03,岩手県,北海道・東北,釜石市,R08.07.04(土),2026-07-04,5/12～5/19,R08.07.23(木),2026-07-23,https://shinsei.shoubo-shiken.or.jp/shoubou_ia/iajs9001.do?shibu_cd=03&menjo_kbn=1,2026-06-16T08:56:33+09:00
36,徳島県,四国,徳島,R08.07.04(土),2026-07-04,5/28～6/04,R08.07.23(木),2026-07-23,https://shinsei.shoubo-shiken.or.jp/shoubou_ia/iajs9001.do?shibu_cd=36&menjo_kbn=1,2026-06-16T08:56:33+09:00
13,東京都,関東,中央試験,R08.07.04(土),2026-07-04,5/11～5/22,R08.07.15(水),2026-07-15,https://shinsei.shoubo-shiken.or.jp/shoubou_ia/iajs9001.do?shibu_cd=13&menjo_kbn=1,2026-06-16T08:56:33+09:00
37,香川県,四国,高松市,R08.07.04(土),2026-07-04,5/14～5/25,R08.07.28(火),2026-07-28,https://shinsei.shoubo-shiken.or.jp/shoubou_ia/iajs9001.do?shibu_cd=37&menjo_kbn=1,2026-06-16T08:56:33+09:00
04,宮城県,北海道・東北,石巻市,R08.07.05(日),2026-07-05,5/18～5/26,R08.07.23(木),2026-07-23,https://shinsei.shoubo-shiken.or.jp/shoubou_ia/iajs9001.do?shibu_cd=04&menjo_kbn=1,2026-06-16T08:56:33+09:00
21,岐阜県,東海,多治見工,R08.07.05(日),2026-07-05,5/07～5/15,R08.07.27(月),2026-07-27,https://shinsei.shoubo-shiken.or.jp/shoubou_ia/iajs9001.do?shibu_cd=21&menjo_kbn=1,2026-06-16T08:56:33+09:00
34,広島県,中国,三原市,R08.07.05(日),2026-07-05,5/19～5/26,R08.07.27(月),2026-07-27,https://shinsei.shoubo-shiken.or.jp/shoubou_ia/iajs9001.do?shibu_cd=34&menjo_kbn=1,2026-06-16T08:56:33+09:00
34,広島県,中国,呉市,R08.07.05(日),2026-07-05,5/19～5/26,R08.07.27(月),2026-07-27,https://shinsei.shoubo-shiken.or.jp/shoubou_ia/iajs9001.do?shibu_cd=34&menjo_kbn=1,2026-06-16T08:56:33+09:00
23,愛知県,東海,名古屋市,R08.07.05(日),2026-07-05,5/15～5/25,R08.07.30(木),2026-07-30,https://shinsei.shoubo-shiken.or.jp/shoubou_ia/iajs9001.do?shibu_cd=23&menjo_kbn=1,2026-06-16T08:56:33+09:00
10,群馬県,関東,高崎市,R08.07.05(日),2026-07-05,4/27～5/11,R08.07.23(木),2026-07-23,https://shinsei.shoubo-shiken.or.jp/shoubou_ia/iajs9001.do?shibu_cd=10&menjo_kbn=1,2026-06-16T08:56:33+09:00
14,神奈川県,関東,神奈川中小,R08.07.10(金),2026-07-10,6/08～6/15,R08.07.30(木),2026-07-30,https://shinsei.shoubo-shiken.or.jp/shoubou_ia/iajs9001.do?shibu_cd=14&menjo_kbn=1,2026-06-16T08:56:33+09:00
06,山形県,北海道・東北,山形市,R08.07.11(土),2026-07-11,5/29～6/11,R08.07.30(木),2026-07-30,https://shinsei.shoubo-shiken.or.jp/shoubou_ia/iajs9001.do?shibu_cd=06&menjo_kbn=1,2026-06-16T08:56:33+09:00
06,山形県,北海道・東北,酒田市,R08.07.11(土),2026-07-11,5/29～6/11,R08.07.30(木),2026-07-30,https://shinsei.shoubo-shiken.or.jp/shoubou_ia/iajs9001.do?shibu_cd=06&menjo_kbn=1,2026-06-16T08:56:33+09:00
03,岩手県,北海道・東北,久慈市,R08.07.11(土),2026-07-11,5/12～5/19,R08.07.30(木),2026-07-30,https://shinsei.shoubo-shiken.or.jp/shoubou_ia/iajs9001.do?shibu_cd=03&menjo_kbn=1,2026-06-16T08:56:33+09:00
03,岩手県,北海道・東北,奥州市,R08.07.11(土),2026-07-11,5/12～5/19,R08.07.30(木),2026-07-30,https://shinsei.shoubo-shiken.or.jp/shoubou_ia/iajs9001.do?shibu_cd=03&menjo_kbn=1,2026-06-16T08:56:33+09:00
03,岩手県,北海道・東北,宮古市,R08.07.11(土),2026-07-11,5/12～5/19,R08.07.30(木),2026-07-30,https://shinsei.shoubo-shiken.or.jp/shoubou_ia/iajs9001.do?shibu_cd=03&menjo_kbn=1,2026-06-16T08:56:33+09:00
03,岩手県,北海道・東北,花巻市,R08.07.11(土),2026-07-11,5/12～5/19,R08.07.30(木),2026-07-30,https://shinsei.shoubo-shiken.or.jp/shoubou_ia/iajs9001.do?shibu_cd=03&menjo_kbn=1,2026-06-16T08:56:33+09:00
13,東京都,関東,中央試験,R08.07.11(土),2026-07-11,5/18～5/29,R08.07.23(木),2026-07-23,https://shinsei.shoubo-shiken.or.jp/shoubou_ia/iajs9001.do?shibu_cd=13&menjo_kbn=1,2026-06-16T08:56:33+09:00
23,愛知県,東海,名古屋市,R08.07.12(日),2026-07-12,5/15～5/25,R08.07.30(木),2026-07-30,https://shinsei.shoubo-shiken.or.jp/shoubou_ia/iajs9001.do?shibu_cd=23&menjo_kbn=1,2026-06-16T08:56:33+09:00
17,石川県,甲信越・北陸,金沢市,R08.07.18(土),2026-07-18,6/08～6/15,R08.08.06(木),2026-08-06,https://shinsei.shoubo-shiken.or.jp/shoubou_ia/iajs9001.do?shibu_cd=17&menjo_kbn=1,2026-06-16T08:56:33+09:00
07,福島県,北海道・東北,福島市会場,R08.07.18(土),2026-07-18,5/20～5/28,R08.08.12(水),2026-08-12,https://shinsei.shoubo-shiken.or.jp/shoubou_ia/iajs9001.do?shibu_cd=07&menjo_kbn=1,2026-06-16T08:56:33+09:00
05,秋田県,北海道・東北,大仙市,R08.07.19(日),2026-07-19,5/29～6/12,R08.08.06(木),2026-08-06,https://shinsei.shoubo-shiken.or.jp/shoubou_ia/iajs9001.do?shibu_cd=05&menjo_kbn=1,2026-06-16T08:56:33+09:00
05,秋田県,北海道・東北,大館市,R08.07.19(日),2026-07-19,5/29～6/12,R08.08.06(木),2026-08-06,https://shinsei.shoubo-shiken.or.jp/shoubou_ia/iajs9001.do?shibu_cd=05&menjo_kbn=1,2026-06-16T08:56:33+09:00
04,宮城県,北海道・東北,白石市,R08.07.20(月),2026-07-20,6/01～6/09,R08.08.06(木),2026-08-06,https://shinsei.shoubo-shiken.or.jp/shoubou_ia/iajs9001.do?shibu_cd=04&menjo_kbn=1,2026-06-16T08:56:33+09:00
13,東京都,関東,中央試験,R08.07.20(月),2026-07-20,5/25～6/05,R08.07.30(木),2026-07-30,https://shinsei.shoubo-shiken.or.jp/shoubou_ia/iajs9001.do?shibu_cd=13&menjo_kbn=1,2026-06-16T08:56:33+09:00
05,秋田県,北海道・東北,秋田市,R08.07.20(月),2026-07-20,5/29～6/12,R08.08.06(木),2026-08-06,https://shinsei.shoubo-shiken.or.jp/shoubou_ia/iajs9001.do?shibu_cd=05&menjo_kbn=1,2026-06-16T08:56:33+09:00
07,福島県,北海道・東北,喜多方市,R08.07.25(土),2026-07-25,5/20～5/28,R08.08.18(火),2026-08-18,https://shinsei.shoubo-shiken.or.jp/shoubou_ia/iajs9001.do?shibu_cd=07&menjo_kbn=1,2026-06-16T08:56:33+09:00
01,北海道,北海道・東北,函館市,R08.07.26(日),2026-07-26,6/11～6/18,R08.08.13(木),2026-08-13,https://shinsei.shoubo-shiken.or.jp/shoubou_ia/iajs9001.do?shibu_cd=01&menjo_kbn=1,2026-06-16T08:56:33+09:00
01,北海道,北海道・東北,北見市,R08.07.26(日),2026-07-26,6/11～6/18,R08.08.13(木),2026-08-13,https://shinsei.shoubo-shiken.or.jp/shoubou_ia/iajs9001.do?shibu_cd=01&menjo_kbn=1,2026-06-16T08:56:33+09:00
01,北海道,北海道・東北,帯広市,R08.07.26(日),2026-07-26,6/11～6/18,R08.08.13(木),2026-08-13,https://shinsei.shoubo-shiken.or.jp/shoubou_ia/iajs9001.do?shibu_cd=01&menjo_kbn=1,2026-06-16T08:56:33+09:00
01,北海道,北海道・東北,新ひだか町,R08.07.26(日),2026-07-26,6/11～6/18,R08.08.13(木),2026-08-13,https://shinsei.shoubo-shiken.or.jp/shoubou_ia/iajs9001.do?shibu_cd=01&menjo_kbn=1,2026-06-16T08:56:33+09:00
01,北海道,北海道・東北,旭川市,R08.07.26(日),2026-07-26,6/11～6/18,R08.08.13(木),2026-08-13,https://shinsei.shoubo-shiken.or.jp/shoubou_ia/iajs9001.do?shibu_cd=01&menjo_kbn=1,2026-06-16T08:56:33+09:00
01,北海道,北海道・東北,根室市,R08.07.26(日),2026-07-26,6/11～6/18,R08.08.13(木),2026-08-13,https://shinsei.shoubo-shiken.or.jp/shoubou_ia/iajs9001.do?shibu_cd=01&menjo_kbn=1,2026-06-16T08:56:33+09:00
01,北海道,北海道・東北,江差町,R08.07.26(日),2026-07-26,6/11～6/18,R08.08.13(木),2026-08-13,https://shinsei.shoubo-shiken.or.jp/shoubou_ia/iajs9001.do?shibu_cd=01&menjo_kbn=1,2026-06-16T08:56:33+09:00
01,北海道,北海道・東北,滝川市,R08.07.26(日),2026-07-26,6/11～6/18,R08.08.13(木),2026-08-13,https://shinsei.shoubo-shiken.or.jp/shoubou_ia/iajs9001.do?shibu_cd=01&menjo_kbn=1,2026-06-16T08:56:33+09:00
01,北海道,北海道・東北,留萌市,R08.07.26(日),2026-07-26,6/11～6/18,R08.08.13(木),2026-08-13,https://shinsei.shoubo-shiken.or.jp/shoubou_ia/iajs9001.do?shibu_cd=01&menjo_kbn=1,2026-06-16T08:56:33+09:00
01,北海道,北海道・東北,釧路市,R08.07.26(日),2026-07-26,6/11～6/18,R08.08.13(木),2026-08-13,https://shinsei.shoubo-shiken.or.jp/shoubou_ia/iajs9001.do?shibu_cd=01&menjo_kbn=1,2026-06-16T08:56:33+09:00
30,和歌山県,近畿,和歌山市,R08.07.26(日),2026-07-26,6/01～6/08,R08.08.14(金),2026-08-14,https://shinsei.shoubo-shiken.or.jp/shoubou_ia/iajs9001.do?shibu_cd=30&menjo_kbn=1,2026-06-16T08:56:33+09:00
30,和歌山県,近畿,新宮市,R08.07.26(日),2026-07-26,6/01～6/08,R08.08.14(金),2026-08-14,https://shinsei.shoubo-shiken.or.jp/shoubou_ia/iajs9001.do?shibu_cd=30&menjo_kbn=1,2026-06-16T08:56:33+09:00
04,宮城県,北海道・東北,大崎市,R08.07.26(日),2026-07-26,6/08～6/16,R08.08.13(木),2026-08-13,https://shinsei.shoubo-shiken.or.jp/shoubou_ia/iajs9001.do?shibu_cd=04&menjo_kbn=1,2026-06-16T08:56:33+09:00
17,石川県,甲信越・北陸,加賀市,R08.07.26(日),2026-07-26,6/08～6/15,R08.08.13(木),2026-08-13,https://shinsei.shoubo-shiken.or.jp/shoubou_ia/iajs9001.do?shibu_cd=17&menjo_kbn=1,2026-06-16T08:56:33+09:00
14,神奈川県,関東,神奈川中小,R08.07.26(日),2026-07-26,6/19～6/26,R08.08.17(月),2026-08-17,https://shinsei.shoubo-shiken.or.jp/shoubou_ia/iajs9001.do?shibu_cd=14&menjo_kbn=1,2026-06-16T08:56:33+09:00
05,秋田県,北海道・東北,横手市,R08.07.26(日),2026-07-26,6/05～6/19,R08.08.13(木),2026-08-13,https://shinsei.shoubo-shiken.or.jp/shoubou_ia/iajs9001.do?shibu_cd=05&menjo_kbn=1,2026-06-16T08:56:33+09:00
05,秋田県,北海道・東北,由利本荘市,R08.07.26(日),2026-07-26,6/05～6/19,R08.08.13(木),2026-08-13,https://shinsei.shoubo-shiken.or.jp/shoubou_ia/iajs9001.do?shibu_cd=05&menjo_kbn=1,2026-06-16T08:56:33+09:00
05,秋田県,北海道・東北,男鹿市,R08.07.26(日),2026-07-26,6/05～6/19,R08.08.13(木),2026-08-13,https://shinsei.shoubo-shiken.or.jp/shoubou_ia/iajs9001.do?shibu_cd=05&menjo_kbn=1,2026-06-16T08:56:33+09:00
05,秋田県,北海道・東北,能代市,R08.07.26(日),2026-07-26,6/05～6/19,R08.08.13(木),2026-08-13,https://shinsei.shoubo-shiken.or.jp/shoubou_ia/iajs9001.do?shibu_cd=05&menjo_kbn=1,2026-06-16T08:56:33+09:00
25,滋賀県,近畿,大津市,R08.07.30(木),2026-07-30,5/29～6/05,R08.08.28(金),2026-08-28,https://shinsei.shoubo-shiken.or.jp/shoubou_ia/iajs9001.do?shibu_cd=25&menjo_kbn=1,2026-06-16T08:56:33+09:00
25,滋賀県,近畿,大津市,R08.07.31(金),2026-07-31,5/29～6/05,R08.08.28(金),2026-08-28,https://shinsei.shoubo-shiken.or.jp/shoubou_ia/iajs9001.do?shibu_cd=25&menjo_kbn=1,2026-06-16T08:56:33+09:00
07,福島県,北海道・東北,広野町,R08.07.31(金),2026-07-31,6/03～6/11,R08.08.25(火),2026-08-25,https://shinsei.shoubo-shiken.or.jp/shoubou_ia/iajs9001.do?shibu_cd=07&menjo_kbn=1,2026-06-16T08:56:33+09:00
25,滋賀県,近畿,大津市,R08.08.01(土),2026-08-01,5/29～6/05,R08.08.28(金),2026-08-28,https://shinsei.shoubo-shiken.or.jp/shoubou_ia/iajs9001.do?shibu_cd=25&menjo_kbn=1,2026-06-16T08:56:33+09:00
07,福島県,北海道・東北,いわき市会場,R08.08.01(土),2026-08-01,6/03～6/11,R08.08.25(火),2026-08-25,https://shinsei.shoubo-shiken.or.jp/shoubou_ia/iajs9001.do?shibu_cd=07&menjo_kbn=1,2026-06-16T08:56:33+09:00
07,福島県,北海道・東北,郡山市会場,R08.08.01(土),2026-08-01,6/03～6/11,R08.08.25(火),2026-08-25,https://shinsei.shoubo-shiken.or.jp/shoubou_ia/iajs9001.do?shibu_cd=07&menjo_kbn=1,2026-06-16T08:56:33+09:00
10,群馬県,関東,前橋市,R08.08.01(土),2026-08-01,6/24～7/01,R08.08.20(木),2026-08-20,https://shinsei.shoubo-shiken.or.jp/shoubou_ia/iajs9001.do?shibu_cd=10&menjo_kbn=1,2026-06-16T08:56:33+09:00
25,滋賀県,近畿,大津市,R08.08.02(日),2026-08-02,5/29～6/05,R08.08.28(金),2026-08-28,https://shinsei.shoubo-shiken.or.jp/shoubou_ia/iajs9001.do?shibu_cd=25&menjo_kbn=1,2026-06-16T08:56:33+09:00
10,群馬県,関東,前橋市,R08.08.02(日),2026-08-02,6/24～7/01,R08.08.20(木),2026-08-20,https://shinsei.shoubo-shiken.or.jp/shoubou_ia/iajs9001.do?shibu_cd=10&menjo_kbn=1,2026-06-16T08:56:33+09:00
25,滋賀県,近畿,大津市,R08.08.03(月),2026-08-03,5/29～6/05,R08.08.28(金),2026-08-28,https://shinsei.shoubo-shiken.or.jp/shoubou_ia/iajs9001.do?shibu_cd=25&menjo_kbn=1,2026-06-16T08:56:33+09:00
13,東京都,関東,中央試験,R08.08.08(土),2026-08-08,6/15～6/26,R08.08.20(木),2026-08-20,https://shinsei.shoubo-shiken.or.jp/shoubou_ia/iajs9001.do?shibu_cd=13&menjo_kbn=1,2026-06-16T08:56:33+09:00
11,埼玉県,関東,ＪＡ共済埼ビ,R08.08.09(日),2026-08-09,6/17～6/24,R08.08.27(木),2026-08-27,https://shinsei.shoubo-shiken.or.jp/shoubou_ia/iajs9001.do?shibu_cd=11&menjo_kbn=1,2026-06-16T08:56:33+09:00
47,沖縄県,九州・沖縄,名護市,R08.08.09(日),2026-08-09,7/01～7/08,R08.09.03(木),2026-09-03,https://shinsei.shoubo-shiken.or.jp/shoubou_ia/iajs9001.do?shibu_cd=47&menjo_kbn=1,2026-06-16T08:56:33+09:00
47,沖縄県,九州・沖縄,西原町,R08.08.09(日),2026-08-09,7/01～7/08,R08.09.03(木),2026-09-03,https://shinsei.shoubo-shiken.or.jp/shoubou_ia/iajs9001.do?shibu_cd=47&menjo_kbn=1,2026-06-16T08:56:33+09:00
13,東京都,関東,中央試験,R08.08.15(土),2026-08-15,6/22～7/03,R08.08.26(水),2026-08-26,https://shinsei.shoubo-shiken.or.jp/shoubou_ia/iajs9001.do?shibu_cd=13&menjo_kbn=1,2026-06-16T08:56:33+09:00
29,奈良県,近畿,奈良県天理市,R08.08.16(日),2026-08-16,6/29～7/06,R08.09.02(水),2026-09-02,https://shinsei.shoubo-shiken.or.jp/shoubou_ia/iajs9001.do?shibu_cd=29&menjo_kbn=1,2026-06-16T08:56:33+09:00
06,山形県,北海道・東北,山形市,R08.08.22(土),2026-08-22,7/03～7/16,R08.09.09(水),2026-09-09,https://shinsei.shoubo-shiken.or.jp/shoubou_ia/iajs9001.do?shibu_cd=06&menjo_kbn=1,2026-06-16T08:56:33+09:00
36,徳島県,四国,徳島,R08.08.22(土),2026-08-22,7/03～7/10,R08.09.09(水),2026-09-09,https://shinsei.shoubo-shiken.or.jp/shoubou_ia/iajs9001.do?shibu_cd=36&menjo_kbn=1,2026-06-16T08:56:33+09:00
07,福島県,北海道・東北,白河市会場,R08.08.22(土),2026-08-22,6/24～7/02,R08.09.15(火),2026-09-15,https://shinsei.shoubo-shiken.or.jp/shoubou_ia/iajs9001.do?shibu_cd=07&menjo_kbn=1,2026-06-16T08:56:33+09:00
17,石川県,甲信越・北陸,小松市,R08.08.23(日),2026-08-23,7/09～7/16,R08.09.09(水),2026-09-09,https://shinsei.shoubo-shiken.or.jp/shoubou_ia/iajs9001.do?shibu_cd=17&menjo_kbn=1,2026-06-16T08:56:33+09:00
13,東京都,関東,中央試験,R08.08.29(土),2026-08-29,7/06～7/17,R08.09.09(水),2026-09-09,https://shinsei.shoubo-shiken.or.jp/shoubou_ia/iajs9001.do?shibu_cd=13&menjo_kbn=1,2026-06-16T08:56:33+09:00
17,石川県,甲信越・北陸,金沢市,R08.08.29(土),2026-08-29,7/09～7/16,R08.09.16(水),2026-09-16,https://shinsei.shoubo-shiken.or.jp/shoubou_ia/iajs9001.do?shibu_cd=17&menjo_kbn=1,2026-06-16T08:56:33+09:00
02,青森県,北海道・東北,八戸市,R08.08.29(土),2026-08-29,7/21～7/28,R08.09.16(水),2026-09-16,https://shinsei.shoubo-shiken.or.jp/shoubou_ia/iajs9001.do?shibu_cd=02&menjo_kbn=1,2026-06-16T08:56:33+09:00
02,青森県,北海道・東北,弘前市,R08.08.29(土),2026-08-29,7/21～7/28,R08.09.16(水),2026-09-16,https://shinsei.shoubo-shiken.or.jp/shoubou_ia/iajs9001.do?shibu_cd=02&menjo_kbn=1,2026-06-16T08:56:33+09:00
09,栃木県,関東,宇都宮市,R08.08.30(日),2026-08-30,6/22～7/03,R08.09.16(水),2026-09-16,https://shinsei.shoubo-shiken.or.jp/shoubou_ia/iajs9001.do?shibu_cd=09&menjo_kbn=1,2026-06-16T08:56:33+09:00
15,新潟県,甲信越・北陸,新潟市,R08.09.03(木),2026-09-03,7/21～8/05,R08.09.25(金),2026-09-25,https://shinsei.shoubo-shiken.or.jp/shoubou_ia/iajs9001.do?shibu_cd=15&menjo_kbn=1,2026-06-16T08:56:33+09:00
12,千葉県,関東,千葉市,R08.09.05(土),2026-09-05,7/06～7/27,R08.09.25(金),2026-09-25,https://shinsei.shoubo-shiken.or.jp/shoubou_ia/iajs9001.do?shibu_cd=12&menjo_kbn=1,2026-06-16T08:56:33+09:00
11,埼玉県,関東,埼玉大学,R08.09.05(土),2026-09-05,7/09～7/21,R08.09.25(金),2026-09-25,https://shinsei.shoubo-shiken.or.jp/shoubou_ia/iajs9001.do?shibu_cd=11&menjo_kbn=1,2026-06-16T08:56:33+09:00
02,青森県,北海道・東北,八戸市,R08.09.05(土),2026-09-05,7/21～7/28,R08.09.28(月),2026-09-28,https://shinsei.shoubo-shiken.or.jp/shoubou_ia/iajs9001.do?shibu_cd=02&menjo_kbn=1,2026-06-16T08:56:33+09:00
02,青森県,北海道・東北,青森市,R08.09.05(土),2026-09-05,7/21～7/28,R08.09.28(月),2026-09-28,https://shinsei.shoubo-shiken.or.jp/shoubou_ia/iajs9001.do?shibu_cd=02&menjo_kbn=1,2026-06-16T08:56:33+09:00
01,北海道,北海道・東北,倶知安町,R08.09.06(日),2026-09-06,7/27～8/03,R08.09.28(月),2026-09-28,https://shinsei.shoubo-shiken.or.jp/shoubou_ia/iajs9001.do?shibu_cd=01&menjo_kbn=1,2026-06-16T08:56:33+09:00
01,北海道,北海道・東北,岩見沢市,R08.09.06(日),2026-09-06,7/27～8/03,R08.09.28(月),2026-09-28,https://shinsei.shoubo-shiken.or.jp/shoubou_ia/iajs9001.do?shibu_cd=01&menjo_kbn=1,2026-06-16T08:56:33+09:00
01,北海道,北海道・東北,札幌市,R08.09.06(日),2026-09-06,7/27～8/03,R08.09.28(月),2026-09-28,https://shinsei.shoubo-shiken.or.jp/shoubou_ia/iajs9001.do?shibu_cd=01&menjo_kbn=1,2026-06-16T08:56:33+09:00
01,北海道,北海道・東北,網走市,R08.09.06(日),2026-09-06,7/27～8/03,R08.09.28(月),2026-09-28,https://shinsei.shoubo-shiken.or.jp/shoubou_ia/iajs9001.do?shibu_cd=01&menjo_kbn=1,2026-06-16T08:56:33+09:00
01,北海道,北海道・東北,苫小牧市,R08.09.06(日),2026-09-06,7/27～8/03,R08.09.28(月),2026-09-28,https://shinsei.shoubo-shiken.or.jp/shoubou_ia/iajs9001.do?shibu_cd=01&menjo_kbn=1,2026-06-16T08:56:33+09:00
04,宮城県,北海道・東北,仙台市,R08.09.06(日),2026-09-06,7/17～7/28,R08.09.28(月),2026-09-28,https://shinsei.shoubo-shiken.or.jp/shoubou_ia/iajs9001.do?shibu_cd=04&menjo_kbn=1,2026-06-16T08:56:33+09:00
13,東京都,関東,中央試験,R08.09.06(日),2026-09-06,7/13～7/24,R08.09.17(木),2026-09-17,https://shinsei.shoubo-shiken.or.jp/shoubou_ia/iajs9001.do?shibu_cd=13&menjo_kbn=1,2026-06-16T08:56:33+09:00
31,鳥取県,中国,倉吉市,R08.09.06(日),2026-09-06,7/24～8/03,R08.09.29(火),2026-09-29,https://shinsei.shoubo-shiken.or.jp/shoubou_ia/iajs9001.do?shibu_cd=31&menjo_kbn=1,2026-06-16T08:56:33+09:00
07,福島県,北海道・東北,南会津町,R08.09.12(土),2026-09-12,7/15～7/23,R08.10.07(水),2026-10-07,https://shinsei.shoubo-shiken.or.jp/shoubou_ia/iajs9001.do?shibu_cd=07&menjo_kbn=1,2026-06-16T08:56:33+09:00
31,鳥取県,中国,米子市,R08.09.13(日),2026-09-13,7/24～8/03,R08.10.06(火),2026-10-06,https://shinsei.shoubo-shiken.or.jp/shoubou_ia/iajs9001.do?shibu_cd=31&menjo_kbn=1,2026-06-16T08:56:33+09:00
31,鳥取県,中国,鳥取市,R08.09.13(日),2026-09-13,7/24～8/03,R08.10.06(火),2026-10-06,https://shinsei.shoubo-shiken.or.jp/shoubou_ia/iajs9001.do?shibu_cd=31&menjo_kbn=1,2026-06-16T08:56:33+09:00
13,東京都,関東,中央試験,R08.09.20(日),2026-09-20,7/27～8/07,R08.10.05(月),2026-10-05,https://shinsei.shoubo-shiken.or.jp/shoubou_ia/iajs9001.do?shibu_cd=13&menjo_kbn=1,2026-06-16T08:56:33+09:00
23,愛知県,東海,名古屋市,R08.09.27(日),2026-09-27,8/21～8/31,R08.10.15(木),2026-10-15,https://shinsei.shoubo-shiken.or.jp/shoubou_ia/iajs9001.do?shibu_cd=23&menjo_kbn=1,2026-06-16T08:56:33+09:00
15,新潟県,甲信越・北陸,上越市,R08.09.27(日),2026-09-27,8/07～8/21,R08.10.15(木),2026-10-15,https://shinsei.shoubo-shiken.or.jp/shoubou_ia/iajs9001.do?shibu_cd=15&menjo_kbn=1,2026-06-16T08:56:33+09:00
15,新潟県,甲信越・北陸,新潟市,R08.09.27(日),2026-09-27,8/07～8/21,R08.10.15(木),2026-10-15,https://shinsei.shoubo-shiken.or.jp/shoubou_ia/iajs9001.do?shibu_cd=15&menjo_kbn=1,2026-06-16T08:56:33+09:00
15,新潟県,甲信越・北陸,長岡市,R08.09.27(日),2026-09-27,8/07～8/21,R08.10.15(木),2026-10-15,https://shinsei.shoubo-shiken.or.jp/shoubou_ia/iajs9001.do?shibu_cd=15&menjo_kbn=1,2026-06-16T08:56:33+09:00
13,東京都,関東,中央試験,R08.09.27(日),2026-09-27,8/03～8/14,R08.10.07(水),2026-10-07,https://shinsei.shoubo-shiken.or.jp/shoubou_ia/iajs9001.do?shibu_cd=13&menjo_kbn=1,2026-06-16T08:56:33+09:00
17,石川県,甲信越・北陸,金沢市,R08.09.27(日),2026-09-27,8/17～8/24,R08.10.15(木),2026-10-15,https://shinsei.shoubo-shiken.or.jp/shoubou_ia/iajs9001.do?shibu_cd=17&menjo_kbn=1,2026-06-16T08:56:33+09:00
14,神奈川県,関東,専修大学,R08.09.27(日),2026-09-27,8/07～8/21,R08.10.15(木),2026-10-15,https://shinsei.shoubo-shiken.or.jp/shoubou_ia/iajs9001.do?shibu_cd=14&menjo_kbn=1,2026-06-16T08:56:33+09:00
05,秋田県,北海道・東北,大仙市,R08.09.27(日),2026-09-27,8/07～8/21,R08.10.15(木),2026-10-15,https://shinsei.shoubo-shiken.or.jp/shoubou_ia/iajs9001.do?shibu_cd=05&menjo_kbn=1,2026-06-16T08:56:33+09:00
03,岩手県,北海道・東北,奥州市,R08.10.03(土),2026-10-03,8/18～8/25,R08.10.22(木),2026-10-22,https://shinsei.shoubo-shiken.or.jp/shoubou_ia/iajs9001.do?shibu_cd=03&menjo_kbn=1,2026-06-16T08:56:33+09:00
03,岩手県,北海道・東北,宮古市,R08.10.03(土),2026-10-03,8/18～8/25,R08.10.22(木),2026-10-22,https://shinsei.shoubo-shiken.or.jp/shoubou_ia/iajs9001.do?shibu_cd=03&menjo_kbn=1,2026-06-16T08:56:33+09:00
03,岩手県,北海道・東北,盛岡市,R08.10.03(土),2026-10-03,8/18～8/25,R08.10.22(木),2026-10-22,https://shinsei.shoubo-shiken.or.jp/shoubou_ia/iajs9001.do?shibu_cd=03&menjo_kbn=1,2026-06-16T08:56:33+09:00
13,東京都,関東,中央試験,R08.10.03(土),2026-10-03,8/10～8/21,R08.10.15(木),2026-10-15,https://shinsei.shoubo-shiken.or.jp/shoubou_ia/iajs9001.do?shibu_cd=13&menjo_kbn=1,2026-06-16T08:56:33+09:00
07,福島県,北海道・東北,会津若松会場,R08.10.03(土),2026-10-03,7/29～8/06,R08.10.27(火),2026-10-27,https://shinsei.shoubo-shiken.or.jp/shoubou_ia/iajs9001.do?shibu_cd=07&menjo_kbn=1,2026-06-16T08:56:33+09:00
07,福島県,北海道・東北,郡山市会場,R08.10.03(土),2026-10-03,7/29～8/06,R08.10.27(火),2026-10-27,https://shinsei.shoubo-shiken.or.jp/shoubou_ia/iajs9001.do?shibu_cd=07&menjo_kbn=1,2026-06-16T08:56:33+09:00
26,京都府,近畿,舞鶴市,R08.10.04(日),2026-10-04,7/28～8/04,R08.11.09(月),2026-11-09,https://shinsei.shoubo-shiken.or.jp/shoubou_ia/iajs9001.do?shibu_cd=26&menjo_kbn=1,2026-06-16T08:56:33+09:00
11,埼玉県,関東,埼玉大学,R08.10.04(日),2026-10-04,8/12～8/24,R08.10.30(金),2026-10-30,https://shinsei.shoubo-shiken.or.jp/shoubou_ia/iajs9001.do?shibu_cd=11&menjo_kbn=1,2026-06-16T08:56:33+09:00
27,大阪府,近畿,大阪大学,R08.10.04(日),2026-10-04,8/18～8/25,R08.10.29(木),2026-10-29,https://shinsei.shoubo-shiken.or.jp/shoubou_ia/iajs9001.do?shibu_cd=27&menjo_kbn=1,2026-06-16T08:56:33+09:00
05,秋田県,北海道・東北,横手市,R08.10.04(日),2026-10-04,8/14～8/28,R08.10.22(木),2026-10-22,https://shinsei.shoubo-shiken.or.jp/shoubou_ia/iajs9001.do?shibu_cd=05&menjo_kbn=1,2026-06-16T08:56:33+09:00
05,秋田県,北海道・東北,由利本荘市,R08.10.04(日),2026-10-04,8/14～8/28,R08.10.22(木),2026-10-22,https://shinsei.shoubo-shiken.or.jp/shoubou_ia/iajs9001.do?shibu_cd=05&menjo_kbn=1,2026-06-16T08:56:33+09:00
05,秋田県,北海道・東北,能代市,R08.10.04(日),2026-10-04,8/14～8/28,R08.10.22(木),2026-10-22,https://shinsei.shoubo-shiken.or.jp/shoubou_ia/iajs9001.do?shibu_cd=05&menjo_kbn=1,2026-06-16T08:56:33+09:00
20,長野県,甲信越・北陸,上田市,R08.10.04(日),2026-10-04,8/17～8/27,R08.10.22(木),2026-10-22,https://shinsei.shoubo-shiken.or.jp/shoubou_ia/iajs9001.do?shibu_cd=20&menjo_kbn=1,2026-06-16T08:56:33+09:00
25,滋賀県,近畿,大津市,R08.10.07(水),2026-10-07,8/19～8/26,R08.10.30(金),2026-10-30,https://shinsei.shoubo-shiken.or.jp/shoubou_ia/iajs9001.do?shibu_cd=25&menjo_kbn=1,2026-06-16T08:56:33+09:00
25,滋賀県,近畿,大津市,R08.10.08(木),2026-10-08,8/19～8/26,R08.10.30(金),2026-10-30,https://shinsei.shoubo-shiken.or.jp/shoubou_ia/iajs9001.do?shibu_cd=25&menjo_kbn=1,2026-06-16T08:56:33+09:00
25,滋賀県,近畿,大津市,R08.10.09(金),2026-10-09,8/19～8/26,R08.10.30(金),2026-10-30,https://shinsei.shoubo-shiken.or.jp/shoubou_ia/iajs9001.do?shibu_cd=25&menjo_kbn=1,2026-06-16T08:56:33+09:00
16,富山県,甲信越・北陸,高岡市,R08.10.10(土),2026-10-10,8/24～9/01,R08.10.29(木),2026-10-29,https://shinsei.shoubo-shiken.or.jp/shoubou_ia/iajs9001.do?shibu_cd=16&menjo_kbn=1,2026-06-16T08:56:33+09:00
06,山形県,北海道・東北,米沢市,R08.10.10(土),2026-10-10,8/21～9/03,R08.10.29(木),2026-10-29,https://shinsei.shoubo-shiken.or.jp/shoubou_ia/iajs9001.do?shibu_cd=06&menjo_kbn=1,2026-06-16T08:56:33+09:00
03,岩手県,北海道・東北,二戸市,R08.10.10(土),2026-10-10,8/18～8/25,R08.10.29(木),2026-10-29,https://shinsei.shoubo-shiken.or.jp/shoubou_ia/iajs9001.do?shibu_cd=03&menjo_kbn=1,2026-06-16T08:56:33+09:00
03,岩手県,北海道・東北,大船渡市,R08.10.10(土),2026-10-10,8/18～8/25,R08.10.29(木),2026-10-29,https://shinsei.shoubo-shiken.or.jp/shoubou_ia/iajs9001.do?shibu_cd=03&menjo_kbn=1,2026-06-16T08:56:33+09:00
03,岩手県,北海道・東北,盛岡市,R08.10.10(土),2026-10-10,8/18～8/25,R08.10.29(木),2026-10-29,https://shinsei.shoubo-shiken.or.jp/shoubou_ia/iajs9001.do?shibu_cd=03&menjo_kbn=1,2026-06-16T08:56:33+09:00
13,東京都,関東,中央試験,R08.10.10(土),2026-10-10,8/17～8/28,R08.10.22(木),2026-10-22,https://shinsei.shoubo-shiken.or.jp/shoubou_ia/iajs9001.do?shibu_cd=13&menjo_kbn=1,2026-06-16T08:56:33+09:00
25,滋賀県,近畿,大津市,R08.10.10(土),2026-10-10,8/19～8/26,R08.10.30(金),2026-10-30,https://shinsei.shoubo-shiken.or.jp/shoubou_ia/iajs9001.do?shibu_cd=25&menjo_kbn=1,2026-06-16T08:56:33+09:00
08,茨城県,関東,つくば市,R08.10.10(土),2026-10-10,7/10～7/22,R08.10.29(木),2026-10-29,https://shinsei.shoubo-shiken.or.jp/shoubou_ia/iajs9001.do?shibu_cd=08&menjo_kbn=1,2026-06-16T08:56:33+09:00
08,茨城県,関東,日立市,R08.10.10(土),2026-10-10,7/10～7/22,R08.10.29(木),2026-10-29,https://shinsei.shoubo-shiken.or.jp/shoubou_ia/iajs9001.do?shibu_cd=08&menjo_kbn=1,2026-06-16T08:56:33+09:00
08,茨城県,関東,水戸市,R08.10.10(土),2026-10-10,7/10～7/22,R08.10.29(木),2026-10-29,https://shinsei.shoubo-shiken.or.jp/shoubou_ia/iajs9001.do?shibu_cd=08&menjo_kbn=1,2026-06-16T08:56:33+09:00
28,兵庫県,近畿,丹波篠山,R08.10.11(日),2026-10-11,8/21～8/28,R08.10.30(金),2026-10-30,https://shinsei.shoubo-shiken.or.jp/shoubou_ia/iajs9001.do?shibu_cd=28&menjo_kbn=1,2026-06-16T08:56:33+09:00
28,兵庫県,近畿,姫路,R08.10.11(日),2026-10-11,8/21～8/28,R08.10.30(金),2026-10-30,https://shinsei.shoubo-shiken.or.jp/shoubou_ia/iajs9001.do?shibu_cd=28&menjo_kbn=1,2026-06-16T08:56:33+09:00
28,兵庫県,近畿,洲本,R08.10.11(日),2026-10-11,8/21～8/28,R08.10.30(金),2026-10-30,https://shinsei.shoubo-shiken.or.jp/shoubou_ia/iajs9001.do?shibu_cd=28&menjo_kbn=1,2026-06-16T08:56:33+09:00
28,兵庫県,近畿,神戸,R08.10.11(日),2026-10-11,8/21～8/28,R08.10.30(金),2026-10-30,https://shinsei.shoubo-shiken.or.jp/shoubou_ia/iajs9001.do?shibu_cd=28&menjo_kbn=1,2026-06-16T08:56:33+09:00
28,兵庫県,近畿,西宮,R08.10.11(日),2026-10-11,8/21～8/28,R08.10.30(金),2026-10-30,https://shinsei.shoubo-shiken.or.jp/shoubou_ia/iajs9001.do?shibu_cd=28&menjo_kbn=1,2026-06-16T08:56:33+09:00
28,兵庫県,近畿,豊岡,R08.10.11(日),2026-10-11,8/21～8/28,R08.10.30(金),2026-10-30,https://shinsei.shoubo-shiken.or.jp/shoubou_ia/iajs9001.do?shibu_cd=28&menjo_kbn=1,2026-06-16T08:56:33+09:00
30,和歌山県,近畿,和歌山市,R08.10.11(日),2026-10-11,8/24～8/31,R08.11.09(月),2026-11-09,https://shinsei.shoubo-shiken.or.jp/shoubou_ia/iajs9001.do?shibu_cd=30&menjo_kbn=1,2026-06-16T08:56:33+09:00
25,滋賀県,近畿,大津市,R08.10.11(日),2026-10-11,8/19～8/26,R08.10.30(金),2026-10-30,https://shinsei.shoubo-shiken.or.jp/shoubou_ia/iajs9001.do?shibu_cd=25&menjo_kbn=1,2026-06-16T08:56:33+09:00
05,秋田県,北海道・東北,大館市,R08.10.11(日),2026-10-11,8/21～9/04,R08.10.29(木),2026-10-29,https://shinsei.shoubo-shiken.or.jp/shoubou_ia/iajs9001.do?shibu_cd=05&menjo_kbn=1,2026-06-16T08:56:33+09:00
05,秋田県,北海道・東北,秋田市,R08.10.11(日),2026-10-11,8/21～9/04,R08.10.29(木),2026-10-29,https://shinsei.shoubo-shiken.or.jp/shoubou_ia/iajs9001.do?shibu_cd=05&menjo_kbn=1,2026-06-16T08:56:33+09:00
10,群馬県,関東,渋川市,R08.10.11(日),2026-10-11,8/21～9/02,R08.10.29(木),2026-10-29,https://shinsei.shoubo-shiken.or.jp/shoubou_ia/iajs9001.do?shibu_cd=10&menjo_kbn=1,2026-06-16T08:56:33+09:00
03,岩手県,北海道・東北,一関市,R08.10.17(土),2026-10-17,8/18～8/25,R08.11.05(木),2026-11-05,https://shinsei.shoubo-shiken.or.jp/shoubou_ia/iajs9001.do?shibu_cd=03&menjo_kbn=1,2026-06-16T08:56:33+09:00
03,岩手県,北海道・東北,久慈市,R08.10.17(土),2026-10-17,8/18～8/25,R08.11.05(木),2026-11-05,https://shinsei.shoubo-shiken.or.jp/shoubou_ia/iajs9001.do?shibu_cd=03&menjo_kbn=1,2026-06-16T08:56:33+09:00
03,岩手県,北海道・東北,花巻市,R08.10.17(土),2026-10-17,8/18～8/25,R08.11.05(木),2026-11-05,https://shinsei.shoubo-shiken.or.jp/shoubou_ia/iajs9001.do?shibu_cd=03&menjo_kbn=1,2026-06-16T08:56:33+09:00
03,岩手県,北海道・東北,釜石市,R08.10.17(土),2026-10-17,8/18～8/25,R08.11.05(木),2026-11-05,https://shinsei.shoubo-shiken.or.jp/shoubou_ia/iajs9001.do?shibu_cd=03&menjo_kbn=1,2026-06-16T08:56:33+09:00
13,東京都,関東,中央試験,R08.10.17(土),2026-10-17,8/24～9/04,R08.10.28(水),2026-10-28,https://shinsei.shoubo-shiken.or.jp/shoubou_ia/iajs9001.do?shibu_cd=13&menjo_kbn=1,2026-06-16T08:56:33+09:00
26,京都府,近畿,京都市,R08.10.18(日),2026-10-18,7/28～8/04,R08.11.09(月),2026-11-09,https://shinsei.shoubo-shiken.or.jp/shoubou_ia/iajs9001.do?shibu_cd=26&menjo_kbn=1,2026-06-16T08:56:33+09:00
01,北海道,北海道・東北,北見市,R08.10.18(日),2026-10-18,9/03～9/10,R08.11.05(木),2026-11-05,https://shinsei.shoubo-shiken.or.jp/shoubou_ia/iajs9001.do?shibu_cd=01&menjo_kbn=1,2026-06-16T08:56:33+09:00
01,北海道,北海道・東北,名寄市,R08.10.18(日),2026-10-18,9/03～9/10,R08.11.05(木),2026-11-05,https://shinsei.shoubo-shiken.or.jp/shoubou_ia/iajs9001.do?shibu_cd=01&menjo_kbn=1,2026-06-16T08:56:33+09:00
01,北海道,北海道・東北,室蘭市,R08.10.18(日),2026-10-18,9/03～9/10,R08.11.05(木),2026-11-05,https://shinsei.shoubo-shiken.or.jp/shoubou_ia/iajs9001.do?shibu_cd=01&menjo_kbn=1,2026-06-16T08:56:33+09:00
01,北海道,北海道・東北,小樽市,R08.10.18(日),2026-10-18,9/03～9/10,R08.11.05(木),2026-11-05,https://shinsei.shoubo-shiken.or.jp/shoubou_ia/iajs9001.do?shibu_cd=01&menjo_kbn=1,2026-06-16T08:56:33+09:00
01,北海道,北海道・東北,帯広市,R08.10.18(日),2026-10-18,9/03～9/10,R08.11.05(木),2026-11-05,https://shinsei.shoubo-shiken.or.jp/shoubou_ia/iajs9001.do?shibu_cd=01&menjo_kbn=1,2026-06-16T08:56:33+09:00
01,北海道,北海道・東北,旭川市,R08.10.18(日),2026-10-18,9/03～9/10,R08.11.05(木),2026-11-05,https://shinsei.shoubo-shiken.or.jp/shoubou_ia/iajs9001.do?shibu_cd=01&menjo_kbn=1,2026-06-16T08:56:33+09:00
01,北海道,北海道・東北,浦河町,R08.10.18(日),2026-10-18,9/03～9/10,R08.11.05(木),2026-11-05,https://shinsei.shoubo-shiken.or.jp/shoubou_ia/iajs9001.do?shibu_cd=01&menjo_kbn=1,2026-06-16T08:56:33+09:00
01,北海道,北海道・東北,稚内市,R08.10.18(日),2026-10-18,9/03～9/10,R08.11.05(木),2026-11-05,https://shinsei.shoubo-shiken.or.jp/shoubou_ia/iajs9001.do?shibu_cd=01&menjo_kbn=1,2026-06-16T08:56:33+09:00
01,北海道,北海道・東北,苫小牧市,R08.10.18(日),2026-10-18,9/03～9/10,R08.11.05(木),2026-11-05,https://shinsei.shoubo-shiken.or.jp/shoubou_ia/iajs9001.do?shibu_cd=01&menjo_kbn=1,2026-06-16T08:56:33+09:00
30,和歌山県,近畿,和歌山市,R08.10.18(日),2026-10-18,8/24～8/31,R08.11.09(月),2026-11-09,https://shinsei.shoubo-shiken.or.jp/shoubou_ia/iajs9001.do?shibu_cd=30&menjo_kbn=1,2026-06-16T08:56:33+09:00
30,和歌山県,近畿,橋本市,R08.10.18(日),2026-10-18,8/24～8/31,R08.11.09(月),2026-11-09,https://shinsei.shoubo-shiken.or.jp/shoubou_ia/iajs9001.do?shibu_cd=30&menjo_kbn=1,2026-06-16T08:56:33+09:00
30,和歌山県,近畿,田辺市,R08.10.18(日),2026-10-18,8/24～8/31,R08.11.09(月),2026-11-09,https://shinsei.shoubo-shiken.or.jp/shoubou_ia/iajs9001.do?shibu_cd=30&menjo_kbn=1,2026-06-16T08:56:33+09:00
16,富山県,甲信越・北陸,富山市,R08.10.18(日),2026-10-18,8/24～9/01,R08.11.05(木),2026-11-05,https://shinsei.shoubo-shiken.or.jp/shoubou_ia/iajs9001.do?shibu_cd=16&menjo_kbn=1,2026-06-16T08:56:33+09:00
19,山梨県,甲信越・北陸,甲府市,R08.10.18(日),2026-10-18,8/26～9/03,R08.11.05(木),2026-11-05,https://shinsei.shoubo-shiken.or.jp/shoubou_ia/iajs9001.do?shibu_cd=19&menjo_kbn=1,2026-06-16T08:56:33+09:00
38,愛媛県,四国,今工（高校生,R08.10.18(日),2026-10-18,8/28～9/07,R08.11.05(木),2026-11-05,https://shinsei.shoubo-shiken.or.jp/shoubou_ia/iajs9001.do?shibu_cd=38&menjo_kbn=1,2026-06-16T08:56:33+09:00
38,愛媛県,四国,吉田（高校生,R08.10.18(日),2026-10-18,8/28～9/07,R08.11.05(木),2026-11-05,https://shinsei.shoubo-shiken.or.jp/shoubou_ia/iajs9001.do?shibu_cd=38&menjo_kbn=1,2026-06-16T08:56:33+09:00
38,愛媛県,四国,松山大学,R08.10.18(日),2026-10-18,8/28～9/07,R08.11.05(木),2026-11-05,https://shinsei.shoubo-shiken.or.jp/shoubou_ia/iajs9001.do?shibu_cd=38&menjo_kbn=1,2026-06-16T08:56:33+09:00
38,愛媛県,四国,松工（高校生,R08.10.18(日),2026-10-18,8/28～9/07,R08.11.05(木),2026-11-05,https://shinsei.shoubo-shiken.or.jp/shoubou_ia/iajs9001.do?shibu_cd=38&menjo_kbn=1,2026-06-16T08:56:33+09:00
18,福井県,甲信越・北陸,小浜市,R08.10.18(日),2026-10-18,8/20～8/27,R08.11.05(木),2026-11-05,https://shinsei.shoubo-shiken.or.jp/shoubou_ia/iajs9001.do?shibu_cd=18&menjo_kbn=1,2026-06-16T08:56:33+09:00
18,福井県,甲信越・北陸,福井市,R08.10.18(日),2026-10-18,8/20～8/27,R08.11.05(木),2026-11-05,https://shinsei.shoubo-shiken.or.jp/shoubou_ia/iajs9001.do?shibu_cd=18&menjo_kbn=1,2026-06-16T08:56:33+09:00
10,群馬県,関東,高崎市,R08.10.18(日),2026-10-18,8/21～9/02,R08.11.05(木),2026-11-05,https://shinsei.shoubo-shiken.or.jp/shoubou_ia/iajs9001.do?shibu_cd=10&menjo_kbn=1,2026-06-16T08:56:33+09:00
08,茨城県,関東,ひたちなか市,R08.10.18(日),2026-10-18,7/10～7/22,R08.11.05(木),2026-11-05,https://shinsei.shoubo-shiken.or.jp/shoubou_ia/iajs9001.do?shibu_cd=08&menjo_kbn=1,2026-06-16T08:56:33+09:00
08,茨城県,関東,鹿嶋市,R08.10.18(日),2026-10-18,7/10～7/22,R08.11.05(木),2026-11-05,https://shinsei.shoubo-shiken.or.jp/shoubou_ia/iajs9001.do?shibu_cd=08&menjo_kbn=1,2026-06-16T08:56:33+09:00
20,長野県,甲信越・北陸,飯田市,R08.10.18(日),2026-10-18,8/17～8/27,R08.11.05(木),2026-11-05,https://shinsei.shoubo-shiken.or.jp/shoubou_ia/iajs9001.do?shibu_cd=20&menjo_kbn=1,2026-06-16T08:56:33+09:00
07,福島県,北海道・東北,広野町,R08.10.23(金),2026-10-23,8/26～9/03,R08.11.17(火),2026-11-17,https://shinsei.shoubo-shiken.or.jp/shoubou_ia/iajs9001.do?shibu_cd=07&menjo_kbn=1,2026-06-16T08:56:33+09:00
16,富山県,甲信越・北陸,魚津市,R08.10.24(土),2026-10-24,8/24～9/01,R08.11.12(木),2026-11-12,https://shinsei.shoubo-shiken.or.jp/shoubou_ia/iajs9001.do?shibu_cd=16&menjo_kbn=1,2026-06-16T08:56:33+09:00
06,山形県,北海道・東北,山形市,R08.10.24(土),2026-10-24,9/04～9/17,R08.11.12(木),2026-11-12,https://shinsei.shoubo-shiken.or.jp/shoubou_ia/iajs9001.do?shibu_cd=06&menjo_kbn=1,2026-06-16T08:56:33+09:00
19,山梨県,甲信越・北陸,都留市,R08.10.24(土),2026-10-24,8/26～9/03,R08.11.12(木),2026-11-12,https://shinsei.shoubo-shiken.or.jp/shoubou_ia/iajs9001.do?shibu_cd=19&menjo_kbn=1,2026-06-16T08:56:33+09:00
07,福島県,北海道・東北,いわき市会場,R08.10.24(土),2026-10-24,8/26～9/03,R08.11.17(火),2026-11-17,https://shinsei.shoubo-shiken.or.jp/shoubou_ia/iajs9001.do?shibu_cd=07&menjo_kbn=1,2026-06-16T08:56:33+09:00
07,福島県,北海道・東北,白河市会場,R08.10.24(土),2026-10-24,8/26～9/03,R08.11.17(火),2026-11-17,https://shinsei.shoubo-shiken.or.jp/shoubou_ia/iajs9001.do?shibu_cd=07&menjo_kbn=1,2026-06-16T08:56:33+09:00
07,福島県,北海道・東北,福島市会場,R08.10.24(土),2026-10-24,8/26～9/03,R08.11.17(火),2026-11-17,https://shinsei.shoubo-shiken.or.jp/shoubou_ia/iajs9001.do?shibu_cd=07&menjo_kbn=1,2026-06-16T08:56:33+09:00
21,岐阜県,東海,ソフトピア,R08.10.25(日),2026-10-25,8/27～9/04,R08.11.16(月),2026-11-16,https://shinsei.shoubo-shiken.or.jp/shoubou_ia/iajs9001.do?shibu_cd=21&menjo_kbn=1,2026-06-16T08:56:33+09:00
33,岡山県,中国,倉工（高校生,R08.10.25(日),2026-10-25,8/24～9/03,R08.11.13(金),2026-11-13,https://shinsei.shoubo-shiken.or.jp/shoubou_ia/iajs9001.do?shibu_cd=33&menjo_kbn=1,2026-06-16T08:56:33+09:00
33,岡山県,中国,岡山大学,R08.10.25(日),2026-10-25,8/24～9/03,R08.11.13(金),2026-11-13,https://shinsei.shoubo-shiken.or.jp/shoubou_ia/iajs9001.do?shibu_cd=33&menjo_kbn=1,2026-06-16T08:56:33+09:00
33,岡山県,中国,東工（高校生,R08.10.25(日),2026-10-25,8/24～9/03,R08.11.13(金),2026-11-13,https://shinsei.shoubo-shiken.or.jp/shoubou_ia/iajs9001.do?shibu_cd=33&menjo_kbn=1,2026-06-16T08:56:33+09:00
33,岡山県,中国,水工（高校生,R08.10.25(日),2026-10-25,8/24～9/03,R08.11.13(金),2026-11-13,https://shinsei.shoubo-shiken.or.jp/shoubou_ia/iajs9001.do?shibu_cd=33&menjo_kbn=1,2026-06-16T08:56:33+09:00
33,岡山県,中国,津山工業高校,R08.10.25(日),2026-10-25,8/24～9/03,R08.11.13(金),2026-11-13,https://shinsei.shoubo-shiken.or.jp/shoubou_ia/iajs9001.do?shibu_cd=33&menjo_kbn=1,2026-06-16T08:56:33+09:00
32,島根県,中国,大田市,R08.10.25(日),2026-10-25,8/21～9/04,R08.11.13(金),2026-11-13,https://shinsei.shoubo-shiken.or.jp/shoubou_ia/iajs9001.do?shibu_cd=32&menjo_kbn=1,2026-06-16T08:56:33+09:00
32,島根県,中国,松江市,R08.10.25(日),2026-10-25,8/21～9/04,R08.11.13(金),2026-11-13,https://shinsei.shoubo-shiken.or.jp/shoubou_ia/iajs9001.do?shibu_cd=32&menjo_kbn=1,2026-06-16T08:56:33+09:00
32,島根県,中国,益田市,R08.10.25(日),2026-10-25,8/21～9/04,R08.11.13(金),2026-11-13,https://shinsei.shoubo-shiken.or.jp/shoubou_ia/iajs9001.do?shibu_cd=32&menjo_kbn=1,2026-06-16T08:56:33+09:00
38,愛媛県,四国,新工（高校生,R08.10.25(日),2026-10-25,8/28～9/07,R08.11.12(木),2026-11-12,https://shinsei.shoubo-shiken.or.jp/shoubou_ia/iajs9001.do?shibu_cd=38&menjo_kbn=1,2026-06-16T08:56:33+09:00
13,東京都,関東,中央試験,R08.10.25(日),2026-10-25,8/31～9/11,R08.11.05(木),2026-11-05,https://shinsei.shoubo-shiken.or.jp/shoubou_ia/iajs9001.do?shibu_cd=13&menjo_kbn=1,2026-06-16T08:56:33+09:00
14,神奈川県,関東,慶應義塾大学,R08.10.25(日),2026-10-25,9/04～9/14,R08.11.12(木),2026-11-12,https://shinsei.shoubo-shiken.or.jp/shoubou_ia/iajs9001.do?shibu_cd=14&menjo_kbn=1,2026-06-16T08:56:33+09:00
18,福井県,甲信越・北陸,福井市,R08.10.25(日),2026-10-25,8/20～8/27,R08.11.12(木),2026-11-12,https://shinsei.shoubo-shiken.or.jp/shoubou_ia/iajs9001.do?shibu_cd=18&menjo_kbn=1,2026-06-16T08:56:33+09:00
20,長野県,甲信越・北陸,長野市,R08.10.25(日),2026-10-25,8/17～8/27,R08.11.12(木),2026-11-12,https://shinsei.shoubo-shiken.or.jp/shoubou_ia/iajs9001.do?shibu_cd=20&menjo_kbn=1,2026-06-16T08:56:33+09:00
39,高知県,四国,四万十市,R08.10.25(日),2026-10-25,9/07～9/18,R08.11.12(木),2026-11-12,https://shinsei.shoubo-shiken.or.jp/shoubou_ia/iajs9001.do?shibu_cd=39&menjo_kbn=1,2026-06-16T08:56:33+09:00
37,香川県,四国,高松市,R08.10.31(土),2026-10-31,9/15～9/25,R08.11.26(木),2026-11-26,https://shinsei.shoubo-shiken.or.jp/shoubou_ia/iajs9001.do?shibu_cd=37&menjo_kbn=1,2026-06-16T08:56:33+09:00
32,島根県,中国,出雲市,R08.11.01(日),2026-11-01,8/21～9/04,R08.11.19(木),2026-11-19,https://shinsei.shoubo-shiken.or.jp/shoubou_ia/iajs9001.do?shibu_cd=32&menjo_kbn=1,2026-06-16T08:56:33+09:00
32,島根県,中国,浜田市,R08.11.01(日),2026-11-01,8/21～9/04,R08.11.19(木),2026-11-19,https://shinsei.shoubo-shiken.or.jp/shoubou_ia/iajs9001.do?shibu_cd=32&menjo_kbn=1,2026-06-16T08:56:33+09:00
32,島根県,中国,隠岐の島町,R08.11.01(日),2026-11-01,8/21～9/04,R08.11.19(木),2026-11-19,https://shinsei.shoubo-shiken.or.jp/shoubou_ia/iajs9001.do?shibu_cd=32&menjo_kbn=1,2026-06-16T08:56:33+09:00
09,栃木県,関東,宇都宮市,R08.11.01(日),2026-11-01,9/07～9/18,R08.11.26(木),2026-11-26,https://shinsei.shoubo-shiken.or.jp/shoubou_ia/iajs9001.do?shibu_cd=09&menjo_kbn=1,2026-06-16T08:56:33+09:00
43,熊本県,九州・沖縄,八代市,R08.11.01(日),2026-11-01,9/08～9/15,R08.11.19(木),2026-11-19,https://shinsei.shoubo-shiken.or.jp/shoubou_ia/iajs9001.do?shibu_cd=43&menjo_kbn=1,2026-06-16T08:56:33+09:00
43,熊本県,九州・沖縄,天草市,R08.11.01(日),2026-11-01,9/08～9/15,R08.11.19(木),2026-11-19,https://shinsei.shoubo-shiken.or.jp/shoubou_ia/iajs9001.do?shibu_cd=43&menjo_kbn=1,2026-06-16T08:56:33+09:00
43,熊本県,九州・沖縄,熊本市,R08.11.01(日),2026-11-01,9/08～9/15,R08.11.19(木),2026-11-19,https://shinsei.shoubo-shiken.or.jp/shoubou_ia/iajs9001.do?shibu_cd=43&menjo_kbn=1,2026-06-16T08:56:33+09:00
43,熊本県,九州・沖縄,玉名市,R08.11.01(日),2026-11-01,9/08～9/15,R08.11.19(木),2026-11-19,https://shinsei.shoubo-shiken.or.jp/shoubou_ia/iajs9001.do?shibu_cd=43&menjo_kbn=1,2026-06-16T08:56:33+09:00
10,群馬県,関東,太田市,R08.11.01(日),2026-11-01,8/21～9/02,R08.11.19(木),2026-11-19,https://shinsei.shoubo-shiken.or.jp/shoubou_ia/iajs9001.do?shibu_cd=10&menjo_kbn=1,2026-06-16T08:56:33+09:00
20,長野県,甲信越・北陸,松本市,R08.11.01(日),2026-11-01,8/17～8/27,R08.11.19(木),2026-11-19,https://shinsei.shoubo-shiken.or.jp/shoubou_ia/iajs9001.do?shibu_cd=20&menjo_kbn=1,2026-06-16T08:56:33+09:00
22,静岡県,東海,沼津市,R08.11.01(日),2026-11-01,8/26～9/02,R08.11.19(木),2026-11-19,https://shinsei.shoubo-shiken.or.jp/shoubou_ia/iajs9001.do?shibu_cd=22&menjo_kbn=1,2026-06-16T08:56:33+09:00
22,静岡県,東海,浜松市,R08.11.01(日),2026-11-01,8/26～9/02,R08.11.19(木),2026-11-19,https://shinsei.shoubo-shiken.or.jp/shoubou_ia/iajs9001.do?shibu_cd=22&menjo_kbn=1,2026-06-16T08:56:33+09:00
22,静岡県,東海,静岡市,R08.11.01(日),2026-11-01,8/26～9/02,R08.11.19(木),2026-11-19,https://shinsei.shoubo-shiken.or.jp/shoubou_ia/iajs9001.do?shibu_cd=22&menjo_kbn=1,2026-06-16T08:56:33+09:00
39,高知県,四国,高知市,R08.11.01(日),2026-11-01,9/07～9/18,R08.11.19(木),2026-11-19,https://shinsei.shoubo-shiken.or.jp/shoubou_ia/iajs9001.do?shibu_cd=39&menjo_kbn=1,2026-06-16T08:56:33+09:00
13,東京都,関東,中央試験,R08.11.03(火),2026-11-03,9/07～9/18,R08.11.13(金),2026-11-13,https://shinsei.shoubo-shiken.or.jp/shoubou_ia/iajs9001.do?shibu_cd=13&menjo_kbn=1,2026-06-16T08:56:33+09:00
46,鹿児島県,九州・沖縄,出水市,R08.11.07(土),2026-11-07,9/18～9/30,R08.11.26(木),2026-11-26,https://shinsei.shoubo-shiken.or.jp/shoubou_ia/iajs9001.do?shibu_cd=46&menjo_kbn=1,2026-06-16T08:56:33+09:00
46,鹿児島県,九州・沖縄,天城町,R08.11.07(土),2026-11-07,9/18～9/30,R08.11.26(木),2026-11-26,https://shinsei.shoubo-shiken.or.jp/shoubou_ia/iajs9001.do?shibu_cd=46&menjo_kbn=1,2026-06-16T08:56:33+09:00
46,鹿児島県,九州・沖縄,奄美市,R08.11.07(土),2026-11-07,9/18～9/30,R08.11.26(木),2026-11-26,https://shinsei.shoubo-shiken.or.jp/shoubou_ia/iajs9001.do?shibu_cd=46&menjo_kbn=1,2026-06-16T08:56:33+09:00
46,鹿児島県,九州・沖縄,姶良市,R08.11.07(土),2026-11-07,9/18～9/30,R08.11.26(木),2026-11-26,https://shinsei.shoubo-shiken.or.jp/shoubou_ia/iajs9001.do?shibu_cd=46&menjo_kbn=1,2026-06-16T08:56:33+09:00
46,鹿児島県,九州・沖縄,薩摩川内市,R08.11.07(土),2026-11-07,9/18～9/30,R08.11.26(木),2026-11-26,https://shinsei.shoubo-shiken.or.jp/shoubou_ia/iajs9001.do?shibu_cd=46&menjo_kbn=1,2026-06-16T08:56:33+09:00
46,鹿児島県,九州・沖縄,西之表市,R08.11.07(土),2026-11-07,9/18～9/30,R08.11.26(木),2026-11-26,https://shinsei.shoubo-shiken.or.jp/shoubou_ia/iajs9001.do?shibu_cd=46&menjo_kbn=1,2026-06-16T08:56:33+09:00
46,鹿児島県,九州・沖縄,鹿児島市,R08.11.07(土),2026-11-07,9/18～9/30,R08.11.26(木),2026-11-26,https://shinsei.shoubo-shiken.or.jp/shoubou_ia/iajs9001.do?shibu_cd=46&menjo_kbn=1,2026-06-16T08:56:33+09:00
46,鹿児島県,九州・沖縄,鹿屋市,R08.11.07(土),2026-11-07,9/18～9/30,R08.11.26(木),2026-11-26,https://shinsei.shoubo-shiken.or.jp/shoubou_ia/iajs9001.do?shibu_cd=46&menjo_kbn=1,2026-06-16T08:56:33+09:00
21,岐阜県,東海,飛騨高山,R08.11.08(日),2026-11-08,9/14～9/25,R08.12.07(月),2026-12-07,https://shinsei.shoubo-shiken.or.jp/shoubou_ia/iajs9001.do?shibu_cd=21&menjo_kbn=1,2026-06-16T08:56:33+09:00
34,広島県,中国,広島市,R08.11.08(日),2026-11-08,9/15～9/25,R08.11.30(月),2026-11-30,https://shinsei.shoubo-shiken.or.jp/shoubou_ia/iajs9001.do?shibu_cd=34&menjo_kbn=1,2026-06-16T08:56:33+09:00
13,東京都,関東,三宅島,R08.11.08(日),2026-11-08,9/07～9/18,R08.11.18(水),2026-11-18,https://shinsei.shoubo-shiken.or.jp/shoubou_ia/iajs9001.do?shibu_cd=13&menjo_kbn=1,2026-06-16T08:56:33+09:00
09,栃木県,関東,小山市,R08.11.08(日),2026-11-08,9/07～9/18,R08.11.26(木),2026-11-26,https://shinsei.shoubo-shiken.or.jp/shoubou_ia/iajs9001.do?shibu_cd=09&menjo_kbn=1,2026-06-16T08:56:33+09:00
09,栃木県,関東,栃木市,R08.11.08(日),2026-11-08,9/07～9/18,R08.11.26(木),2026-11-26,https://shinsei.shoubo-shiken.or.jp/shoubou_ia/iajs9001.do?shibu_cd=09&menjo_kbn=1,2026-06-16T08:56:33+09:00
09,栃木県,関東,真岡市,R08.11.08(日),2026-11-08,9/07～9/18,R08.11.26(木),2026-11-26,https://shinsei.shoubo-shiken.or.jp/shoubou_ia/iajs9001.do?shibu_cd=09&menjo_kbn=1,2026-06-16T08:56:33+09:00
09,栃木県,関東,足利市,R08.11.08(日),2026-11-08,9/07～9/18,R08.11.26(木),2026-11-26,https://shinsei.shoubo-shiken.or.jp/shoubou_ia/iajs9001.do?shibu_cd=09&menjo_kbn=1,2026-06-16T08:56:33+09:00
09,栃木県,関東,那須塩原市,R08.11.08(日),2026-11-08,9/07～9/18,R08.11.26(木),2026-11-26,https://shinsei.shoubo-shiken.or.jp/shoubou_ia/iajs9001.do?shibu_cd=09&menjo_kbn=1,2026-06-16T08:56:33+09:00
22,静岡県,東海,下田市,R08.11.08(日),2026-11-08,8/26～9/02,R08.11.26(木),2026-11-26,https://shinsei.shoubo-shiken.or.jp/shoubou_ia/iajs9001.do?shibu_cd=22&menjo_kbn=1,2026-06-16T08:56:33+09:00
22,静岡県,東海,富士宮市,R08.11.08(日),2026-11-08,8/26～9/02,R08.11.26(木),2026-11-26,https://shinsei.shoubo-shiken.or.jp/shoubou_ia/iajs9001.do?shibu_cd=22&menjo_kbn=1,2026-06-16T08:56:33+09:00
22,静岡県,東海,島田市,R08.11.08(日),2026-11-08,8/26～9/02,R08.11.26(木),2026-11-26,https://shinsei.shoubo-shiken.or.jp/shoubou_ia/iajs9001.do?shibu_cd=22&menjo_kbn=1,2026-06-16T08:56:33+09:00
22,静岡県,東海,御殿場市,R08.11.08(日),2026-11-08,8/26～9/02,R08.11.26(木),2026-11-26,https://shinsei.shoubo-shiken.or.jp/shoubou_ia/iajs9001.do?shibu_cd=22&menjo_kbn=1,2026-06-16T08:56:33+09:00
22,静岡県,東海,掛川市,R08.11.08(日),2026-11-08,8/26～9/02,R08.11.26(木),2026-11-26,https://shinsei.shoubo-shiken.or.jp/shoubou_ia/iajs9001.do?shibu_cd=22&menjo_kbn=1,2026-06-16T08:56:33+09:00
22,静岡県,東海,磐田市,R08.11.08(日),2026-11-08,8/26～9/02,R08.11.26(木),2026-11-26,https://shinsei.shoubo-shiken.or.jp/shoubou_ia/iajs9001.do?shibu_cd=22&menjo_kbn=1,2026-06-16T08:56:33+09:00
35,山口県,中国,光市,R08.11.14(土),2026-11-14,8/28～9/10,R08.12.07(月),2026-12-07,https://shinsei.shoubo-shiken.or.jp/shoubou_ia/iajs9001.do?shibu_cd=35&menjo_kbn=1,2026-06-16T08:56:33+09:00
35,山口県,中国,周南市,R08.11.14(土),2026-11-14,8/28～9/10,R08.12.07(月),2026-12-07,https://shinsei.shoubo-shiken.or.jp/shoubou_ia/iajs9001.do?shibu_cd=35&menjo_kbn=1,2026-06-16T08:56:33+09:00
35,山口県,中国,山口市,R08.11.14(土),2026-11-14,8/28～9/10,R08.12.07(月),2026-12-07,https://shinsei.shoubo-shiken.or.jp/shoubou_ia/iajs9001.do?shibu_cd=35&menjo_kbn=1,2026-06-16T08:56:33+09:00
35,山口県,中国,山陽小野田市,R08.11.14(土),2026-11-14,8/28～9/10,R08.12.07(月),2026-12-07,https://shinsei.shoubo-shiken.or.jp/shoubou_ia/iajs9001.do?shibu_cd=35&menjo_kbn=1,2026-06-16T08:56:33+09:00
35,山口県,中国,岩国市,R08.11.14(土),2026-11-14,8/28～9/10,R08.12.07(月),2026-12-07,https://shinsei.shoubo-shiken.or.jp/shoubou_ia/iajs9001.do?shibu_cd=35&menjo_kbn=1,2026-06-16T08:56:33+09:00
35,山口県,中国,美祢市,R08.11.14(土),2026-11-14,8/28～9/10,R08.12.07(月),2026-12-07,https://shinsei.shoubo-shiken.or.jp/shoubou_ia/iajs9001.do?shibu_cd=35&menjo_kbn=1,2026-06-16T08:56:33+09:00
35,山口県,中国,萩市,R08.11.14(土),2026-11-14,8/28～9/10,R08.12.07(月),2026-12-07,https://shinsei.shoubo-shiken.or.jp/shoubou_ia/iajs9001.do?shibu_cd=35&menjo_kbn=1,2026-06-16T08:56:33+09:00
02,青森県,北海道・東北,むつ市,R08.11.14(土),2026-11-14,10/13～10/20,R08.12.03(木),2026-12-03,https://shinsei.shoubo-shiken.or.jp/shoubou_ia/iajs9001.do?shibu_cd=02&menjo_kbn=1,2026-06-16T08:56:33+09:00
02,青森県,北海道・東北,八戸市,R08.11.14(土),2026-11-14,10/13～10/20,R08.12.03(木),2026-12-03,https://shinsei.shoubo-shiken.or.jp/shoubou_ia/iajs9001.do?shibu_cd=02&menjo_kbn=1,2026-06-16T08:56:33+09:00
41,佐賀県,九州・沖縄,佐賀市,R08.11.15(日),2026-11-15,9/01～9/15,R08.12.03(木),2026-12-03,https://shinsei.shoubo-shiken.or.jp/shoubou_ia/iajs9001.do?shibu_cd=41&menjo_kbn=1,2026-06-16T08:56:33+09:00
01,北海道,北海道・東北,中標津町,R08.11.15(日),2026-11-15,9/28～10/05,R08.12.03(木),2026-12-03,https://shinsei.shoubo-shiken.or.jp/shoubou_ia/iajs9001.do?shibu_cd=01&menjo_kbn=1,2026-06-16T08:56:33+09:00
01,北海道,北海道・東北,函館市,R08.11.15(日),2026-11-15,9/28～10/05,R08.12.03(木),2026-12-03,https://shinsei.shoubo-shiken.or.jp/shoubou_ia/iajs9001.do?shibu_cd=01&menjo_kbn=1,2026-06-16T08:56:33+09:00
01,北海道,北海道・東北,札幌市,R08.11.15(日),2026-11-15,9/28～10/05,R08.12.03(木),2026-12-03,https://shinsei.shoubo-shiken.or.jp/shoubou_ia/iajs9001.do?shibu_cd=01&menjo_kbn=1,2026-06-16T08:56:33+09:00
01,北海道,北海道・東北,滝川市,R08.11.15(日),2026-11-15,9/28～10/05,R08.12.03(木),2026-12-03,https://shinsei.shoubo-shiken.or.jp/shoubou_ia/iajs9001.do?shibu_cd=01&menjo_kbn=1,2026-06-16T08:56:33+09:00
01,北海道,北海道・東北,留萌市,R08.11.15(日),2026-11-15,9/28～10/05,R08.12.03(木),2026-12-03,https://shinsei.shoubo-shiken.or.jp/shoubou_ia/iajs9001.do?shibu_cd=01&menjo_kbn=1,2026-06-16T08:56:33+09:00
01,北海道,北海道・東北,紋別市,R08.11.15(日),2026-11-15,9/28～10/05,R08.12.03(木),2026-12-03,https://shinsei.shoubo-shiken.or.jp/shoubou_ia/iajs9001.do?shibu_cd=01&menjo_kbn=1,2026-06-16T08:56:33+09:00
01,北海道,北海道・東北,網走市,R08.11.15(日),2026-11-15,9/28～10/05,R08.12.03(木),2026-12-03,https://shinsei.shoubo-shiken.or.jp/shoubou_ia/iajs9001.do?shibu_cd=01&menjo_kbn=1,2026-06-16T08:56:33+09:00
01,北海道,北海道・東北,釧路市,R08.11.15(日),2026-11-15,9/28～10/05,R08.12.03(木),2026-12-03,https://shinsei.shoubo-shiken.or.jp/shoubou_ia/iajs9001.do?shibu_cd=01&menjo_kbn=1,2026-06-16T08:56:33+09:00
12,千葉県,関東,勝浦市,R08.11.15(日),2026-11-15,9/14～10/05,R08.12.03(木),2026-12-03,https://shinsei.shoubo-shiken.or.jp/shoubou_ia/iajs9001.do?shibu_cd=12&menjo_kbn=1,2026-06-16T08:56:33+09:00
12,千葉県,関東,木更津市,R08.11.15(日),2026-11-15,9/14～10/05,R08.12.03(木),2026-12-03,https://shinsei.shoubo-shiken.or.jp/shoubou_ia/iajs9001.do?shibu_cd=12&menjo_kbn=1,2026-06-16T08:56:33+09:00
44,大分県,九州・沖縄,中津市,R08.11.15(日),2026-11-15,9/08～9/17,R08.12.10(木),2026-12-10,https://shinsei.shoubo-shiken.or.jp/shoubou_ia/iajs9001.do?shibu_cd=44&menjo_kbn=1,2026-06-16T08:56:33+09:00
44,大分県,九州・沖縄,佐伯市,R08.11.15(日),2026-11-15,9/08～9/17,R08.12.10(木),2026-12-10,https://shinsei.shoubo-shiken.or.jp/shoubou_ia/iajs9001.do?shibu_cd=44&menjo_kbn=1,2026-06-16T08:56:33+09:00
44,大分県,九州・沖縄,別府市,R08.11.15(日),2026-11-15,9/08～9/17,R08.12.10(木),2026-12-10,https://shinsei.shoubo-shiken.or.jp/shoubou_ia/iajs9001.do?shibu_cd=44&menjo_kbn=1,2026-06-16T08:56:33+09:00
44,大分県,九州・沖縄,国東市,R08.11.15(日),2026-11-15,9/08～9/17,R08.12.10(木),2026-12-10,https://shinsei.shoubo-shiken.or.jp/shoubou_ia/iajs9001.do?shibu_cd=44&menjo_kbn=1,2026-06-16T08:56:33+09:00
44,大分県,九州・沖縄,日田市,R08.11.15(日),2026-11-15,9/08～9/17,R08.12.10(木),2026-12-10,https://shinsei.shoubo-shiken.or.jp/shoubou_ia/iajs9001.do?shibu_cd=44&menjo_kbn=1,2026-06-16T08:56:33+09:00
44,大分県,九州・沖縄,豊後大野市,R08.11.15(日),2026-11-15,9/08～9/17,R08.12.10(木),2026-12-10,https://shinsei.shoubo-shiken.or.jp/shoubou_ia/iajs9001.do?shibu_cd=44&menjo_kbn=1,2026-06-16T08:56:33+09:00
29,奈良県,近畿,奈良県天理市,R08.11.15(日),2026-11-15,9/29～10/06,R08.12.03(木),2026-12-03,https://shinsei.shoubo-shiken.or.jp/shoubou_ia/iajs9001.do?shibu_cd=29&menjo_kbn=1,2026-06-16T08:56:33+09:00
04,宮城県,北海道・東北,仙台市,R08.11.15(日),2026-11-15,9/28～10/06,R08.12.03(木),2026-12-03,https://shinsei.shoubo-shiken.or.jp/shoubou_ia/iajs9001.do?shibu_cd=04&menjo_kbn=1,2026-06-16T08:56:33+09:00
45,宮崎県,九州・沖縄,宮崎市,R08.11.15(日),2026-11-15,8/28～9/10,R08.12.07(月),2026-12-07,https://shinsei.shoubo-shiken.or.jp/shoubou_ia/iajs9001.do?shibu_cd=45&menjo_kbn=1,2026-06-16T08:56:33+09:00
45,宮崎県,九州・沖縄,小林市,R08.11.15(日),2026-11-15,8/28～9/10,R08.12.07(月),2026-12-07,https://shinsei.shoubo-shiken.or.jp/shoubou_ia/iajs9001.do?shibu_cd=45&menjo_kbn=1,2026-06-16T08:56:33+09:00
45,宮崎県,九州・沖縄,延岡市,R08.11.15(日),2026-11-15,8/28～9/10,R08.12.07(月),2026-12-07,https://shinsei.shoubo-shiken.or.jp/shoubou_ia/iajs9001.do?shibu_cd=45&menjo_kbn=1,2026-06-16T08:56:33+09:00
45,宮崎県,九州・沖縄,日南市,R08.11.15(日),2026-11-15,8/28～9/10,R08.12.07(月),2026-12-07,https://shinsei.shoubo-shiken.or.jp/shoubou_ia/iajs9001.do?shibu_cd=45&menjo_kbn=1,2026-06-16T08:56:33+09:00
45,宮崎県,九州・沖縄,日向市,R08.11.15(日),2026-11-15,8/28～9/10,R08.12.07(月),2026-12-07,https://shinsei.shoubo-shiken.or.jp/shoubou_ia/iajs9001.do?shibu_cd=45&menjo_kbn=1,2026-06-16T08:56:33+09:00
45,宮崎県,九州・沖縄,都城市,R08.11.15(日),2026-11-15,8/28～9/10,R08.12.07(月),2026-12-07,https://shinsei.shoubo-shiken.or.jp/shoubou_ia/iajs9001.do?shibu_cd=45&menjo_kbn=1,2026-06-16T08:56:33+09:00
35,山口県,中国,下松市,R08.11.15(日),2026-11-15,8/28～9/10,R08.12.07(月),2026-12-07,https://shinsei.shoubo-shiken.or.jp/shoubou_ia/iajs9001.do?shibu_cd=35&menjo_kbn=1,2026-06-16T08:56:33+09:00
35,山口県,中国,下関市,R08.11.15(日),2026-11-15,8/28～9/10,R08.12.07(月),2026-12-07,https://shinsei.shoubo-shiken.or.jp/shoubou_ia/iajs9001.do?shibu_cd=35&menjo_kbn=1,2026-06-16T08:56:33+09:00
35,山口県,中国,宇部市,R08.11.15(日),2026-11-15,8/28～9/10,R08.12.07(月),2026-12-07,https://shinsei.shoubo-shiken.or.jp/shoubou_ia/iajs9001.do?shibu_cd=35&menjo_kbn=1,2026-06-16T08:56:33+09:00
35,山口県,中国,柳井市,R08.11.15(日),2026-11-15,8/28～9/10,R08.12.07(月),2026-12-07,https://shinsei.shoubo-shiken.or.jp/shoubou_ia/iajs9001.do?shibu_cd=35&menjo_kbn=1,2026-06-16T08:56:33+09:00
35,山口県,中国,長門市,R08.11.15(日),2026-11-15,8/28～9/10,R08.12.07(月),2026-12-07,https://shinsei.shoubo-shiken.or.jp/shoubou_ia/iajs9001.do?shibu_cd=35&menjo_kbn=1,2026-06-16T08:56:33+09:00
35,山口県,中国,防府市,R08.11.15(日),2026-11-15,8/28～9/10,R08.12.07(月),2026-12-07,https://shinsei.shoubo-shiken.or.jp/shoubou_ia/iajs9001.do?shibu_cd=35&menjo_kbn=1,2026-06-16T08:56:33+09:00
21,岐阜県,東海,多治見工,R08.11.15(日),2026-11-15,9/14～9/25,R08.12.07(月),2026-12-07,https://shinsei.shoubo-shiken.or.jp/shoubou_ia/iajs9001.do?shibu_cd=21&menjo_kbn=1,2026-06-16T08:56:33+09:00
34,広島県,中国,三次市,R08.11.15(日),2026-11-15,9/28～10/05,R08.12.07(月),2026-12-07,https://shinsei.shoubo-shiken.or.jp/shoubou_ia/iajs9001.do?shibu_cd=34&menjo_kbn=1,2026-06-16T08:56:33+09:00
34,広島県,中国,福山市,R08.11.15(日),2026-11-15,9/28～10/05,R08.12.07(月),2026-12-07,https://shinsei.shoubo-shiken.or.jp/shoubou_ia/iajs9001.do?shibu_cd=34&menjo_kbn=1,2026-06-16T08:56:33+09:00
02,青森県,北海道・東北,弘前市,R08.11.15(日),2026-11-15,10/13～10/20,R08.12.04(金),2026-12-04,https://shinsei.shoubo-shiken.or.jp/shoubou_ia/iajs9001.do?shibu_cd=02&menjo_kbn=1,2026-06-16T08:56:33+09:00
07,福島県,北海道・東北,南相馬市会場,R08.11.20(金),2026-11-20,9/09～9/17,R08.12.15(火),2026-12-15,https://shinsei.shoubo-shiken.or.jp/shoubou_ia/iajs9001.do?shibu_cd=07&menjo_kbn=1,2026-06-16T08:56:33+09:00
12,千葉県,関東,銚子市,R08.11.21(土),2026-11-21,9/14～10/13,R08.12.10(木),2026-12-10,https://shinsei.shoubo-shiken.or.jp/shoubou_ia/iajs9001.do?shibu_cd=12&menjo_kbn=1,2026-06-16T08:56:33+09:00
12,千葉県,関東,館山市,R08.11.21(土),2026-11-21,9/14～10/13,R08.12.10(木),2026-12-10,https://shinsei.shoubo-shiken.or.jp/shoubou_ia/iajs9001.do?shibu_cd=12&menjo_kbn=1,2026-06-16T08:56:33+09:00
06,山形県,北海道・東北,鶴岡市,R08.11.21(土),2026-11-21,10/02～10/15,R08.12.10(木),2026-12-10,https://shinsei.shoubo-shiken.or.jp/shoubou_ia/iajs9001.do?shibu_cd=06&menjo_kbn=1,2026-06-16T08:56:33+09:00
36,徳島県,四国,徳島,R08.11.21(土),2026-11-21,10/08～10/15,R08.12.10(木),2026-12-10,https://shinsei.shoubo-shiken.or.jp/shoubou_ia/iajs9001.do?shibu_cd=36&menjo_kbn=1,2026-06-16T08:56:33+09:00
07,福島県,北海道・東北,南相馬市会場,R08.11.21(土),2026-11-21,9/09～9/17,R08.12.15(火),2026-12-15,https://shinsei.shoubo-shiken.or.jp/shoubou_ia/iajs9001.do?shibu_cd=07&menjo_kbn=1,2026-06-16T08:56:33+09:00
42,長崎県,九州・沖縄,五島市,R08.11.21(土),2026-11-21,9/07～9/18,R08.12.10(木),2026-12-10,https://shinsei.shoubo-shiken.or.jp/shoubou_ia/iajs9001.do?shibu_cd=42&menjo_kbn=1,2026-06-16T08:56:33+09:00
42,長崎県,九州・沖縄,佐世保市,R08.11.21(土),2026-11-21,9/07～9/18,R08.12.10(木),2026-12-10,https://shinsei.shoubo-shiken.or.jp/shoubou_ia/iajs9001.do?shibu_cd=42&menjo_kbn=1,2026-06-16T08:56:33+09:00
42,長崎県,九州・沖縄,壱岐市,R08.11.21(土),2026-11-21,9/07～9/18,R08.12.10(木),2026-12-10,https://shinsei.shoubo-shiken.or.jp/shoubou_ia/iajs9001.do?shibu_cd=42&menjo_kbn=1,2026-06-16T08:56:33+09:00
42,長崎県,九州・沖縄,大村市,R08.11.21(土),2026-11-21,9/07～9/18,R08.12.10(木),2026-12-10,https://shinsei.shoubo-shiken.or.jp/shoubou_ia/iajs9001.do?shibu_cd=42&menjo_kbn=1,2026-06-16T08:56:33+09:00
42,長崎県,九州・沖縄,対馬市,R08.11.21(土),2026-11-21,9/07～9/18,R08.12.10(木),2026-12-10,https://shinsei.shoubo-shiken.or.jp/shoubou_ia/iajs9001.do?shibu_cd=42&menjo_kbn=1,2026-06-16T08:56:33+09:00
42,長崎県,九州・沖縄,島原市,R08.11.21(土),2026-11-21,9/07～9/18,R08.12.10(木),2026-12-10,https://shinsei.shoubo-shiken.or.jp/shoubou_ia/iajs9001.do?shibu_cd=42&menjo_kbn=1,2026-06-16T08:56:33+09:00
42,長崎県,九州・沖縄,新上五島町,R08.11.21(土),2026-11-21,9/07～9/18,R08.12.10(木),2026-12-10,https://shinsei.shoubo-shiken.or.jp/shoubou_ia/iajs9001.do?shibu_cd=42&menjo_kbn=1,2026-06-16T08:56:33+09:00
42,長崎県,九州・沖縄,諫早市,R08.11.21(土),2026-11-21,9/07～9/18,R08.12.10(木),2026-12-10,https://shinsei.shoubo-shiken.or.jp/shoubou_ia/iajs9001.do?shibu_cd=42&menjo_kbn=1,2026-06-16T08:56:33+09:00
42,長崎県,九州・沖縄,長崎市,R08.11.21(土),2026-11-21,9/07～9/18,R08.12.10(木),2026-12-10,https://shinsei.shoubo-shiken.or.jp/shoubou_ia/iajs9001.do?shibu_cd=42&menjo_kbn=1,2026-06-16T08:56:33+09:00
02,青森県,北海道・東北,八戸市,R08.11.21(土),2026-11-21,10/13～10/20,R08.12.10(木),2026-12-10,https://shinsei.shoubo-shiken.or.jp/shoubou_ia/iajs9001.do?shibu_cd=02&menjo_kbn=1,2026-06-16T08:56:33+09:00
02,青森県,北海道・東北,青森市,R08.11.21(土),2026-11-21,10/13～10/20,R08.12.10(木),2026-12-10,https://shinsei.shoubo-shiken.or.jp/shoubou_ia/iajs9001.do?shibu_cd=02&menjo_kbn=1,2026-06-16T08:56:33+09:00
21,岐阜県,東海,ソフトピア,R08.11.22(日),2026-11-22,10/01～10/09,R08.12.14(月),2026-12-14,https://shinsei.shoubo-shiken.or.jp/shoubou_ia/iajs9001.do?shibu_cd=21&menjo_kbn=1,2026-06-16T08:56:33+09:00
23,愛知県,東海,豊橋市,R08.11.22(日),2026-11-22,10/09～10/19,R08.12.16(水),2026-12-16,https://shinsei.shoubo-shiken.or.jp/shoubou_ia/iajs9001.do?shibu_cd=23&menjo_kbn=1,2026-06-16T08:56:33+09:00
15,新潟県,甲信越・北陸,上越市,R08.11.22(日),2026-11-22,10/05～10/19,R08.12.10(木),2026-12-10,https://shinsei.shoubo-shiken.or.jp/shoubou_ia/iajs9001.do?shibu_cd=15&menjo_kbn=1,2026-06-16T08:56:33+09:00
15,新潟県,甲信越・北陸,新潟市,R08.11.22(日),2026-11-22,10/05～10/19,R08.12.10(木),2026-12-10,https://shinsei.shoubo-shiken.or.jp/shoubou_ia/iajs9001.do?shibu_cd=15&menjo_kbn=1,2026-06-16T08:56:33+09:00
15,新潟県,甲信越・北陸,長岡市,R08.11.22(日),2026-11-22,10/05～10/19,R08.12.10(木),2026-12-10,https://shinsei.shoubo-shiken.or.jp/shoubou_ia/iajs9001.do?shibu_cd=15&menjo_kbn=1,2026-06-16T08:56:33+09:00
02,青森県,北海道・東北,青森市,R08.11.22(日),2026-11-22,10/13～10/20,R08.12.11(金),2026-12-11,https://shinsei.shoubo-shiken.or.jp/shoubou_ia/iajs9001.do?shibu_cd=02&menjo_kbn=1,2026-06-16T08:56:33+09:00
44,大分県,九州・沖縄,大分市,R08.11.23(月),2026-11-23,9/08～9/17,R08.12.10(木),2026-12-10,https://shinsei.shoubo-shiken.or.jp/shoubou_ia/iajs9001.do?shibu_cd=44&menjo_kbn=1,2026-06-16T08:56:33+09:00
13,東京都,関東,中央試験,R08.11.23(月),2026-11-23,9/28～10/09,R08.12.07(月),2026-12-07,https://shinsei.shoubo-shiken.or.jp/shoubou_ia/iajs9001.do?shibu_cd=13&menjo_kbn=1,2026-06-16T08:56:33+09:00
17,石川県,甲信越・北陸,金沢市,R08.11.23(月),2026-11-23,10/08～10/15,R08.12.10(木),2026-12-10,https://shinsei.shoubo-shiken.or.jp/shoubou_ia/iajs9001.do?shibu_cd=17&menjo_kbn=1,2026-06-16T08:56:33+09:00
27,大阪府,近畿,大阪大学,R08.11.28(土),2026-11-28,10/08～10/15,R08.12.23(水),2026-12-23,https://shinsei.shoubo-shiken.or.jp/shoubou_ia/iajs9001.do?shibu_cd=27&menjo_kbn=1,2026-06-16T08:56:33+09:00
17,石川県,甲信越・北陸,七尾市,R08.11.28(土),2026-11-28,10/08～10/15,R08.12.16(水),2026-12-16,https://shinsei.shoubo-shiken.or.jp/shoubou_ia/iajs9001.do?shibu_cd=17&menjo_kbn=1,2026-06-16T08:56:33+09:00
02,青森県,北海道・東北,十和田市,R08.11.28(土),2026-11-28,10/13～10/20,R08.12.17(木),2026-12-17,https://shinsei.shoubo-shiken.or.jp/shoubou_ia/iajs9001.do?shibu_cd=02&menjo_kbn=1,2026-06-16T08:56:33+09:00
02,青森県,北海道・東北,青森市,R08.11.28(土),2026-11-28,10/13～10/20,R08.12.17(木),2026-12-17,https://shinsei.shoubo-shiken.or.jp/shoubou_ia/iajs9001.do?shibu_cd=02&menjo_kbn=1,2026-06-16T08:56:33+09:00
23,愛知県,東海,名古屋市,R08.11.29(日),2026-11-29,10/09～10/19,R08.12.16(水),2026-12-16,https://shinsei.shoubo-shiken.or.jp/shoubou_ia/iajs9001.do?shibu_cd=23&menjo_kbn=1,2026-06-16T08:56:33+09:00
13,東京都,関東,中央試験,R08.11.29(日),2026-11-29,10/05～10/16,R08.12.10(木),2026-12-10,https://shinsei.shoubo-shiken.or.jp/shoubou_ia/iajs9001.do?shibu_cd=13&menjo_kbn=1,2026-06-16T08:56:33+09:00
05,秋田県,北海道・東北,秋田市,R08.11.29(日),2026-11-29,10/09～10/23,R08.12.16(水),2026-12-16,https://shinsei.shoubo-shiken.or.jp/shoubou_ia/iajs9001.do?shibu_cd=05&menjo_kbn=1,2026-06-16T08:56:33+09:00
10,群馬県,関東,前橋市,R08.11.29(日),2026-11-29,8/21～9/02,R08.12.16(水),2026-12-16,https://shinsei.shoubo-shiken.or.jp/shoubou_ia/iajs9001.do?shibu_cd=10&menjo_kbn=1,2026-06-16T08:56:33+09:00
31,鳥取県,中国,米子市,R08.11.29(日),2026-11-29,10/09～10/20,R08.12.17(木),2026-12-17,https://shinsei.shoubo-shiken.or.jp/shoubou_ia/iajs9001.do?shibu_cd=31&menjo_kbn=1,2026-06-16T08:56:33+09:00
31,鳥取県,中国,鳥取市,R08.11.29(日),2026-11-29,10/09～10/20,R08.12.17(木),2026-12-17,https://shinsei.shoubo-shiken.or.jp/shoubou_ia/iajs9001.do?shibu_cd=31&menjo_kbn=1,2026-06-16T08:56:33+09:00
12,千葉県,関東,千葉市,R08.12.05(土),2026-12-05,9/14～10/20,R08.12.23(水),2026-12-23,https://shinsei.shoubo-shiken.or.jp/shoubou_ia/iajs9001.do?shibu_cd=12&menjo_kbn=1,2026-06-16T08:56:33+09:00
11,埼玉県,関東,さいたま芝工,R08.12.06(日),2026-12-06,10/16～10/26,R09.01.06(水),2027-01-06,https://shinsei.shoubo-shiken.or.jp/shoubou_ia/iajs9001.do?shibu_cd=11&menjo_kbn=1,2026-06-16T08:56:33+09:00
21,岐阜県,東海,岐阜総合学園,R08.12.06(日),2026-12-06,10/15～10/23,R08.12.28(月),2026-12-28,https://shinsei.shoubo-shiken.or.jp/shoubou_ia/iajs9001.do?shibu_cd=21&menjo_kbn=1,2026-06-16T08:56:33+09:00
14,神奈川県,関東,慶應義塾大学,R08.12.06(日),2026-12-06,10/16～10/29,R08.12.23(水),2026-12-23,https://shinsei.shoubo-shiken.or.jp/shoubou_ia/iajs9001.do?shibu_cd=14&menjo_kbn=1,2026-06-16T08:56:33+09:00
13,東京都,関東,中央試験,R08.12.08(火),2026-12-08,10/13～10/23,R08.12.18(金),2026-12-18,https://shinsei.shoubo-shiken.or.jp/shoubou_ia/iajs9001.do?shibu_cd=13&menjo_kbn=1,2026-06-16T08:56:33+09:00
25,滋賀県,近畿,大津市,R08.12.12(土),2026-12-12,10/16～10/23,R09.01.15(金),2027-01-15,https://shinsei.shoubo-shiken.or.jp/shoubou_ia/iajs9001.do?shibu_cd=25&menjo_kbn=1,2026-06-16T08:56:33+09:00
28,兵庫県,近畿,丹波篠山,R08.12.13(日),2026-12-13,10/28～11/04,R09.01.07(木),2027-01-07,https://shinsei.shoubo-shiken.or.jp/shoubou_ia/iajs9001.do?shibu_cd=28&menjo_kbn=1,2026-06-16T08:56:33+09:00
28,兵庫県,近畿,洲本,R08.12.13(日),2026-12-13,10/28～11/04,R09.01.07(木),2027-01-07,https://shinsei.shoubo-shiken.or.jp/shoubou_ia/iajs9001.do?shibu_cd=28&menjo_kbn=1,2026-06-16T08:56:33+09:00
28,兵庫県,近畿,神戸,R08.12.13(日),2026-12-13,10/28～11/04,R09.01.07(木),2027-01-07,https://shinsei.shoubo-shiken.or.jp/shoubou_ia/iajs9001.do?shibu_cd=28&menjo_kbn=1,2026-06-16T08:56:33+09:00
28,兵庫県,近畿,豊岡,R08.12.13(日),2026-12-13,10/28～11/04,R09.01.07(木),2027-01-07,https://shinsei.shoubo-shiken.or.jp/shoubou_ia/iajs9001.do?shibu_cd=28&menjo_kbn=1,2026-06-16T08:56:33+09:00
11,埼玉県,関東,川越市東国大,R08.12.13(日),2026-12-13,10/16～10/26,R09.01.06(水),2027-01-06,https://shinsei.shoubo-shiken.or.jp/shoubou_ia/iajs9001.do?shibu_cd=11&menjo_kbn=1,2026-06-16T08:56:33+09:00
04,宮城県,北海道・東北,大崎市,R08.12.13(日),2026-12-13,10/23～11/02,R09.01.05(火),2027-01-05,https://shinsei.shoubo-shiken.or.jp/shoubou_ia/iajs9001.do?shibu_cd=04&menjo_kbn=1,2026-06-16T08:56:33+09:00
34,広島県,中国,三原市,R08.12.13(日),2026-12-13,10/13～10/20,R09.01.08(金),2027-01-08,https://shinsei.shoubo-shiken.or.jp/shoubou_ia/iajs9001.do?shibu_cd=34&menjo_kbn=1,2026-06-16T08:56:33+09:00
34,広島県,中国,呉市,R08.12.13(日),2026-12-13,10/13～10/20,R09.01.08(金),2027-01-08,https://shinsei.shoubo-shiken.or.jp/shoubou_ia/iajs9001.do?shibu_cd=34&menjo_kbn=1,2026-06-16T08:56:33+09:00
13,東京都,関東,中央試験,R08.12.13(日),2026-12-13,10/19～10/30,R08.12.23(水),2026-12-23,https://shinsei.shoubo-shiken.or.jp/shoubou_ia/iajs9001.do?shibu_cd=13&menjo_kbn=1,2026-06-16T08:56:33+09:00
47,沖縄県,九州・沖縄,宮古島市,R08.12.13(日),2026-12-13,11/05～11/12,R09.01.08(金),2027-01-08,https://shinsei.shoubo-shiken.or.jp/shoubou_ia/iajs9001.do?shibu_cd=47&menjo_kbn=1,2026-06-16T08:56:33+09:00
47,沖縄県,九州・沖縄,浦添市,R08.12.13(日),2026-12-13,11/05～11/12,R09.01.08(金),2027-01-08,https://shinsei.shoubo-shiken.or.jp/shoubou_ia/iajs9001.do?shibu_cd=47&menjo_kbn=1,2026-06-16T08:56:33+09:00
47,沖縄県,九州・沖縄,石垣市,R08.12.13(日),2026-12-13,11/05～11/12,R09.01.08(金),2027-01-08,https://shinsei.shoubo-shiken.or.jp/shoubou_ia/iajs9001.do?shibu_cd=47&menjo_kbn=1,2026-06-16T08:56:33+09:00
47,沖縄県,九州・沖縄,西原町,R08.12.13(日),2026-12-13,11/05～11/12,R09.01.08(金),2027-01-08,https://shinsei.shoubo-shiken.or.jp/shoubou_ia/iajs9001.do?shibu_cd=47&menjo_kbn=1,2026-06-16T08:56:33+09:00
25,滋賀県,近畿,大津市,R08.12.13(日),2026-12-13,10/16～10/23,R09.01.15(金),2027-01-15,https://shinsei.shoubo-shiken.or.jp/shoubou_ia/iajs9001.do?shibu_cd=25&menjo_kbn=1,2026-06-16T08:56:33+09:00
17,石川県,甲信越・北陸,金沢市,R08.12.13(日),2026-12-13,11/02～11/09,R09.01.05(火),2027-01-05,https://shinsei.shoubo-shiken.or.jp/shoubou_ia/iajs9001.do?shibu_cd=17&menjo_kbn=1,2026-06-16T08:56:33+09:00
25,滋賀県,近畿,大津市,R08.12.14(月),2026-12-14,10/16～10/23,R09.01.15(金),2027-01-15,https://shinsei.shoubo-shiken.or.jp/shoubou_ia/iajs9001.do?shibu_cd=25&menjo_kbn=1,2026-06-16T08:56:33+09:00
25,滋賀県,近畿,大津市,R08.12.15(火),2026-12-15,10/16～10/23,R09.01.15(金),2027-01-15,https://shinsei.shoubo-shiken.or.jp/shoubou_ia/iajs9001.do?shibu_cd=25&menjo_kbn=1,2026-06-16T08:56:33+09:00
25,滋賀県,近畿,大津市,R08.12.16(水),2026-12-16,10/16～10/23,R09.01.15(金),2027-01-15,https://shinsei.shoubo-shiken.or.jp/shoubou_ia/iajs9001.do?shibu_cd=25&menjo_kbn=1,2026-06-16T08:56:33+09:00
06,山形県,北海道・東北,山形市,R08.12.19(土),2026-12-19,10/30～11/13,R09.01.14(木),2027-01-14,https://shinsei.shoubo-shiken.or.jp/shoubou_ia/iajs9001.do?shibu_cd=06&menjo_kbn=1,2026-06-16T08:56:33+09:00
06,山形県,北海道・東北,酒田市,R08.12.19(土),2026-12-19,10/30～11/13,R09.01.14(木),2027-01-14,https://shinsei.shoubo-shiken.or.jp/shoubou_ia/iajs9001.do?shibu_cd=06&menjo_kbn=1,2026-06-16T08:56:33+09:00
28,兵庫県,近畿,姫路,R08.12.20(日),2026-12-20,10/28～11/04,R09.01.14(木),2027-01-14,https://shinsei.shoubo-shiken.or.jp/shoubou_ia/iajs9001.do?shibu_cd=28&menjo_kbn=1,2026-06-16T08:56:33+09:00
28,兵庫県,近畿,西宮,R08.12.20(日),2026-12-20,10/28～11/04,R09.01.14(木),2027-01-14,https://shinsei.shoubo-shiken.or.jp/shoubou_ia/iajs9001.do?shibu_cd=28&menjo_kbn=1,2026-06-16T08:56:33+09:00
01,北海道,北海道・東北,札幌市,R08.12.20(日),2026-12-20,11/04～11/11,R09.01.13(水),2027-01-13,https://shinsei.shoubo-shiken.or.jp/shoubou_ia/iajs9001.do?shibu_cd=01&menjo_kbn=1,2026-06-16T08:56:33+09:00
04,宮城県,北海道・東北,白石市,R08.12.20(日),2026-12-20,10/30～11/10,R09.01.13(水),2027-01-13,https://shinsei.shoubo-shiken.or.jp/shoubou_ia/iajs9001.do?shibu_cd=04&menjo_kbn=1,2026-06-16T08:56:33+09:00
23,愛知県,東海,名古屋市,R08.12.20(日),2026-12-20,11/06～11/16,R09.01.13(水),2027-01-13,https://shinsei.shoubo-shiken.or.jp/shoubou_ia/iajs9001.do?shibu_cd=23&menjo_kbn=1,2026-06-16T08:56:33+09:00
13,東京都,関東,中央試験,R08.12.20(日),2026-12-20,10/26～11/06,R09.01.05(火),2027-01-05,https://shinsei.shoubo-shiken.or.jp/shoubou_ia/iajs9001.do?shibu_cd=13&menjo_kbn=1,2026-06-16T08:56:33+09:00
47,沖縄県,九州・沖縄,久米島町,R08.12.20(日),2026-12-20,11/13～11/20,R09.01.13(水),2027-01-13,https://shinsei.shoubo-shiken.or.jp/shoubou_ia/iajs9001.do?shibu_cd=47&menjo_kbn=1,2026-06-16T08:56:33+09:00
47,沖縄県,九州・沖縄,名護市,R08.12.20(日),2026-12-20,11/13～11/20,R09.01.13(水),2027-01-13,https://shinsei.shoubo-shiken.or.jp/shoubou_ia/iajs9001.do?shibu_cd=47&menjo_kbn=1,2026-06-16T08:56:33+09:00
13,東京都,関東,中央試験,R09.01.09(土),2027-01-09,11/09～11/20,R09.01.21(木),2027-01-21,https://shinsei.shoubo-shiken.or.jp/shoubou_ia/iajs9001.do?shibu_cd=13&menjo_kbn=1,2026-06-16T08:56:33+09:00
06,山形県,北海道・東北,山形市,R09.01.16(土),2027-01-16,11/20～12/03,R09.02.03(水),2027-02-03,https://shinsei.shoubo-shiken.or.jp/shoubou_ia/iajs9001.do?shibu_cd=06&menjo_kbn=1,2026-06-16T08:56:33+09:00
03,岩手県,北海道・東北,一関市,R09.01.16(土),2027-01-16,11/24～12/01,R09.02.03(水),2027-02-03,https://shinsei.shoubo-shiken.or.jp/shoubou_ia/iajs9001.do?shibu_cd=03&menjo_kbn=1,2026-06-16T08:56:33+09:00
03,岩手県,北海道・東北,盛岡市,R09.01.16(土),2027-01-16,11/24～12/01,R09.02.03(水),2027-02-03,https://shinsei.shoubo-shiken.or.jp/shoubou_ia/iajs9001.do?shibu_cd=03&menjo_kbn=1,2026-06-16T08:56:33+09:00
03,岩手県,北海道・東北,釜石市,R09.01.16(土),2027-01-16,11/24～12/01,R09.02.03(水),2027-02-03,https://shinsei.shoubo-shiken.or.jp/shoubou_ia/iajs9001.do?shibu_cd=03&menjo_kbn=1,2026-06-16T08:56:33+09:00
04,宮城県,北海道・東北,石巻市,R09.01.17(日),2027-01-17,11/20～12/01,R09.02.03(水),2027-02-03,https://shinsei.shoubo-shiken.or.jp/shoubou_ia/iajs9001.do?shibu_cd=04&menjo_kbn=1,2026-06-16T08:56:33+09:00
23,愛知県,東海,名古屋市,R09.01.17(日),2027-01-17,12/04～12/14,R09.02.10(水),2027-02-10,https://shinsei.shoubo-shiken.or.jp/shoubou_ia/iajs9001.do?shibu_cd=23&menjo_kbn=1,2026-06-16T08:56:33+09:00
13,東京都,関東,中央試験,R09.01.17(日),2027-01-17,11/24～12/04,R09.01.27(水),2027-01-27,https://shinsei.shoubo-shiken.or.jp/shoubou_ia/iajs9001.do?shibu_cd=13&menjo_kbn=1,2026-06-16T08:56:33+09:00
03,岩手県,北海道・東北,久慈市,R09.01.23(土),2027-01-23,11/24～12/01,R09.02.10(水),2027-02-10,https://shinsei.shoubo-shiken.or.jp/shoubou_ia/iajs9001.do?shibu_cd=03&menjo_kbn=1,2026-06-16T08:56:33+09:00
03,岩手県,北海道・東北,大船渡市,R09.01.23(土),2027-01-23,11/24～12/01,R09.02.10(水),2027-02-10,https://shinsei.shoubo-shiken.or.jp/shoubou_ia/iajs9001.do?shibu_cd=03&menjo_kbn=1,2026-06-16T08:56:33+09:00
03,岩手県,北海道・東北,奥州市,R09.01.23(土),2027-01-23,11/24～12/01,R09.02.10(水),2027-02-10,https://shinsei.shoubo-shiken.or.jp/shoubou_ia/iajs9001.do?shibu_cd=03&menjo_kbn=1,2026-06-16T08:56:33+09:00
03,岩手県,北海道・東北,盛岡市,R09.01.23(土),2027-01-23,11/24～12/01,R09.02.10(水),2027-02-10,https://shinsei.shoubo-shiken.or.jp/shoubou_ia/iajs9001.do?shibu_cd=03&menjo_kbn=1,2026-06-16T08:56:33+09:00
09,栃木県,関東,宇都宮市,R09.01.23(土),2027-01-23,11/16～11/27,R09.02.12(金),2027-02-12,https://shinsei.shoubo-shiken.or.jp/shoubou_ia/iajs9001.do?shibu_cd=09&menjo_kbn=1,2026-06-16T08:56:33+09:00
17,石川県,甲信越・北陸,金沢市,R09.01.23(土),2027-01-23,12/07～12/14,R09.02.10(水),2027-02-10,https://shinsei.shoubo-shiken.or.jp/shoubou_ia/iajs9001.do?shibu_cd=17&menjo_kbn=1,2026-06-16T08:56:33+09:00
38,愛媛県,四国,八工（高校生,R09.01.24(日),2027-01-24,12/07～12/17,R09.02.10(水),2027-02-10,https://shinsei.shoubo-shiken.or.jp/shoubou_ia/iajs9001.do?shibu_cd=38&menjo_kbn=1,2026-06-16T08:56:33+09:00
38,愛媛県,四国,新工（高校生,R09.01.24(日),2027-01-24,12/07～12/17,R09.02.10(水),2027-02-10,https://shinsei.shoubo-shiken.or.jp/shoubou_ia/iajs9001.do?shibu_cd=38&menjo_kbn=1,2026-06-16T08:56:33+09:00
38,愛媛県,四国,松工（高校生,R09.01.24(日),2027-01-24,12/07～12/17,R09.02.10(水),2027-02-10,https://shinsei.shoubo-shiken.or.jp/shoubou_ia/iajs9001.do?shibu_cd=38&menjo_kbn=1,2026-06-16T08:56:33+09:00
23,愛知県,東海,名古屋市,R09.01.24(日),2027-01-24,12/04～12/14,R09.02.10(水),2027-02-10,https://shinsei.shoubo-shiken.or.jp/shoubou_ia/iajs9001.do?shibu_cd=23&menjo_kbn=1,2026-06-16T08:56:33+09:00
13,東京都,関東,中央試験,R09.01.24(日),2027-01-24,11/30～12/11,R09.02.03(水),2027-02-03,https://shinsei.shoubo-shiken.or.jp/shoubou_ia/iajs9001.do?shibu_cd=13&menjo_kbn=1,2026-06-16T08:56:33+09:00
05,秋田県,北海道・東北,湯沢市,R09.01.24(日),2027-01-24,12/04～12/18,R09.02.10(水),2027-02-10,https://shinsei.shoubo-shiken.or.jp/shoubou_ia/iajs9001.do?shibu_cd=05&menjo_kbn=1,2026-06-16T08:56:33+09:00
05,秋田県,北海道・東北,由利本荘市,R09.01.24(日),2027-01-24,12/04～12/18,R09.02.10(水),2027-02-10,https://shinsei.shoubo-shiken.or.jp/shoubou_ia/iajs9001.do?shibu_cd=05&menjo_kbn=1,2026-06-16T08:56:33+09:00
05,秋田県,北海道・東北,能代市,R09.01.24(日),2027-01-24,12/04～12/18,R09.02.10(水),2027-02-10,https://shinsei.shoubo-shiken.or.jp/shoubou_ia/iajs9001.do?shibu_cd=05&menjo_kbn=1,2026-06-16T08:56:33+09:00
03,岩手県,北海道・東北,二戸市,R09.01.30(土),2027-01-30,11/24～12/01,R09.02.18(木),2027-02-18,https://shinsei.shoubo-shiken.or.jp/shoubou_ia/iajs9001.do?shibu_cd=03&menjo_kbn=1,2026-06-16T08:56:33+09:00
03,岩手県,北海道・東北,宮古市,R09.01.30(土),2027-01-30,11/24～12/01,R09.02.18(木),2027-02-18,https://shinsei.shoubo-shiken.or.jp/shoubou_ia/iajs9001.do?shibu_cd=03&menjo_kbn=1,2026-06-16T08:56:33+09:00
03,岩手県,北海道・東北,花巻市,R09.01.30(土),2027-01-30,11/24～12/01,R09.02.18(木),2027-02-18,https://shinsei.shoubo-shiken.or.jp/shoubou_ia/iajs9001.do?shibu_cd=03&menjo_kbn=1,2026-06-16T08:56:33+09:00
13,東京都,関東,中央試験,R09.01.30(土),2027-01-30,12/07～12/18,R09.02.10(水),2027-02-10,https://shinsei.shoubo-shiken.or.jp/shoubou_ia/iajs9001.do?shibu_cd=13&menjo_kbn=1,2026-06-16T08:56:33+09:00
26,京都府,近畿,舞鶴市,R09.01.31(日),2027-01-31,12/04～12/11,R09.03.03(水),2027-03-03,https://shinsei.shoubo-shiken.or.jp/shoubou_ia/iajs9001.do?shibu_cd=26&menjo_kbn=1,2026-06-16T08:56:33+09:00
01,北海道,北海道・東北,苫小牧市,R09.01.31(日),2027-01-31,12/03～12/10,R09.02.18(木),2027-02-18,https://shinsei.shoubo-shiken.or.jp/shoubou_ia/iajs9001.do?shibu_cd=01&menjo_kbn=1,2026-06-16T08:56:33+09:00
21,岐阜県,東海,ソフトピア,R09.01.31(日),2027-01-31,12/03～12/11,R09.02.22(月),2027-02-22,https://shinsei.shoubo-shiken.or.jp/shoubou_ia/iajs9001.do?shibu_cd=21&menjo_kbn=1,2026-06-16T08:56:33+09:00
05,秋田県,北海道・東北,大仙市,R09.01.31(日),2027-01-31,12/09～12/23,R09.02.18(木),2027-02-18,https://shinsei.shoubo-shiken.or.jp/shoubou_ia/iajs9001.do?shibu_cd=05&menjo_kbn=1,2026-06-16T08:56:33+09:00
05,秋田県,北海道・東北,大館市,R09.01.31(日),2027-01-31,12/09～12/23,R09.02.18(木),2027-02-18,https://shinsei.shoubo-shiken.or.jp/shoubou_ia/iajs9001.do?shibu_cd=05&menjo_kbn=1,2026-06-16T08:56:33+09:00
05,秋田県,北海道・東北,横手市,R09.01.31(日),2027-01-31,12/09～12/23,R09.02.18(木),2027-02-18,https://shinsei.shoubo-shiken.or.jp/shoubou_ia/iajs9001.do?shibu_cd=05&menjo_kbn=1,2026-06-16T08:56:33+09:00
05,秋田県,北海道・東北,秋田市,R09.01.31(日),2027-01-31,12/09～12/23,R09.02.18(木),2027-02-18,https://shinsei.shoubo-shiken.or.jp/shoubou_ia/iajs9001.do?shibu_cd=05&menjo_kbn=1,2026-06-16T08:56:33+09:00
13,東京都,関東,中央試験,R09.02.04(木),2027-02-04,12/11～12/21,R09.02.17(水),2027-02-17,https://shinsei.shoubo-shiken.or.jp/shoubou_ia/iajs9001.do?shibu_cd=13&menjo_kbn=1,2026-06-16T08:56:33+09:00
38,愛媛県,四国,愛媛大学,R09.02.06(土),2027-02-06,12/07～12/17,R09.02.26(金),2027-02-26,https://shinsei.shoubo-shiken.or.jp/shoubou_ia/iajs9001.do?shibu_cd=38&menjo_kbn=1,2026-06-16T08:56:33+09:00
26,京都府,近畿,京都市,R09.02.07(日),2027-02-07,12/04～12/11,R09.03.03(水),2027-03-03,https://shinsei.shoubo-shiken.or.jp/shoubou_ia/iajs9001.do?shibu_cd=26&menjo_kbn=1,2026-06-16T08:56:33+09:00
01,北海道,北海道・東北,函館市,R09.02.07(日),2027-02-07,12/03～12/10,R09.02.26(金),2027-02-26,https://shinsei.shoubo-shiken.or.jp/shoubou_ia/iajs9001.do?shibu_cd=01&menjo_kbn=1,2026-06-16T08:56:33+09:00
01,北海道,北海道・東北,北見市,R09.02.07(日),2027-02-07,12/03～12/10,R09.02.26(金),2027-02-26,https://shinsei.shoubo-shiken.or.jp/shoubou_ia/iajs9001.do?shibu_cd=01&menjo_kbn=1,2026-06-16T08:56:33+09:00
01,北海道,北海道・東北,帯広市,R09.02.07(日),2027-02-07,12/03～12/10,R09.02.26(金),2027-02-26,https://shinsei.shoubo-shiken.or.jp/shoubou_ia/iajs9001.do?shibu_cd=01&menjo_kbn=1,2026-06-16T08:56:33+09:00
30,和歌山県,近畿,和歌山市,R09.02.07(日),2027-02-07,12/14～12/21,R09.03.05(金),2027-03-05,https://shinsei.shoubo-shiken.or.jp/shoubou_ia/iajs9001.do?shibu_cd=30&menjo_kbn=1,2026-06-16T08:56:33+09:00
16,富山県,甲信越・北陸,高岡市,R09.02.07(日),2027-02-07,12/08～12/16,R09.02.26(金),2027-02-26,https://shinsei.shoubo-shiken.or.jp/shoubou_ia/iajs9001.do?shibu_cd=16&menjo_kbn=1,2026-06-16T08:56:33+09:00
14,神奈川県,関東,横浜市立大学,R09.02.07(日),2027-02-07,12/08～12/22,R09.02.26(金),2027-02-26,https://shinsei.shoubo-shiken.or.jp/shoubou_ia/iajs9001.do?shibu_cd=14&menjo_kbn=1,2026-06-16T08:56:33+09:00
18,福井県,甲信越・北陸,福井市,R09.02.07(日),2027-02-07,12/10～12/17,R09.02.26(金),2027-02-26,https://shinsei.shoubo-shiken.or.jp/shoubou_ia/iajs9001.do?shibu_cd=18&menjo_kbn=1,2026-06-16T08:56:33+09:00
10,群馬県,関東,太田市,R09.02.07(日),2027-02-07,12/11～12/23,R09.02.26(金),2027-02-26,https://shinsei.shoubo-shiken.or.jp/shoubou_ia/iajs9001.do?shibu_cd=10&menjo_kbn=1,2026-06-16T08:56:33+09:00
07,福島県,北海道・東北,広野町,R09.02.12(金),2027-02-12,12/09～12/17,R09.03.09(火),2027-03-09,https://shinsei.shoubo-shiken.or.jp/shoubou_ia/iajs9001.do?shibu_cd=07&menjo_kbn=1,2026-06-16T08:56:33+09:00
36,徳島県,四国,徳島,R09.02.13(土),2027-02-13,1/06～1/13,R09.03.04(木),2027-03-04,https://shinsei.shoubo-shiken.or.jp/shoubou_ia/iajs9001.do?shibu_cd=36&menjo_kbn=1,2026-06-16T08:56:33+09:00
07,福島県,北海道・東北,いわき市会場,R09.02.13(土),2027-02-13,12/09～12/17,R09.03.09(火),2027-03-09,https://shinsei.shoubo-shiken.or.jp/shoubou_ia/iajs9001.do?shibu_cd=07&menjo_kbn=1,2026-06-16T08:56:33+09:00
07,福島県,北海道・東北,福島市会場,R09.02.13(土),2027-02-13,12/09～12/17,R09.03.09(火),2027-03-09,https://shinsei.shoubo-shiken.or.jp/shoubou_ia/iajs9001.do?shibu_cd=07&menjo_kbn=1,2026-06-16T08:56:33+09:00
10,群馬県,関東,高崎市,R09.02.13(土),2027-02-13,12/11～12/23,R09.03.04(木),2027-03-04,https://shinsei.shoubo-shiken.or.jp/shoubou_ia/iajs9001.do?shibu_cd=10&menjo_kbn=1,2026-06-16T08:56:33+09:00
02,青森県,北海道・東北,八戸市,R09.02.13(土),2027-02-13,1/12～1/19,R09.03.04(木),2027-03-04,https://shinsei.shoubo-shiken.or.jp/shoubou_ia/iajs9001.do?shibu_cd=02&menjo_kbn=1,2026-06-16T08:56:33+09:00
02,青森県,北海道・東北,青森市,R09.02.13(土),2027-02-13,1/12～1/19,R09.03.04(木),2027-03-04,https://shinsei.shoubo-shiken.or.jp/shoubou_ia/iajs9001.do?shibu_cd=02&menjo_kbn=1,2026-06-16T08:56:33+09:00
01,北海道,北海道・東北,旭川市,R09.02.14(日),2027-02-14,12/03～12/10,R09.03.04(木),2027-03-04,https://shinsei.shoubo-shiken.or.jp/shoubou_ia/iajs9001.do?shibu_cd=01&menjo_kbn=1,2026-06-16T08:56:33+09:00
01,北海道,北海道・東北,釧路市,R09.02.14(日),2027-02-14,12/03～12/10,R09.03.04(木),2027-03-04,https://shinsei.shoubo-shiken.or.jp/shoubou_ia/iajs9001.do?shibu_cd=01&menjo_kbn=1,2026-06-16T08:56:33+09:00
30,和歌山県,近畿,和歌山市,R09.02.14(日),2027-02-14,12/14～12/21,R09.03.05(金),2027-03-05,https://shinsei.shoubo-shiken.or.jp/shoubou_ia/iajs9001.do?shibu_cd=30&menjo_kbn=1,2026-06-16T08:56:33+09:00
30,和歌山県,近畿,新宮市,R09.02.14(日),2027-02-14,12/14～12/21,R09.03.05(金),2027-03-05,https://shinsei.shoubo-shiken.or.jp/shoubou_ia/iajs9001.do?shibu_cd=30&menjo_kbn=1,2026-06-16T08:56:33+09:00
30,和歌山県,近畿,田辺市,R09.02.14(日),2027-02-14,12/14～12/21,R09.03.05(金),2027-03-05,https://shinsei.shoubo-shiken.or.jp/shoubou_ia/iajs9001.do?shibu_cd=30&menjo_kbn=1,2026-06-16T08:56:33+09:00
27,大阪府,近畿,大阪大学,R09.02.14(日),2027-02-14,12/10～12/17,R09.03.11(木),2027-03-11,https://shinsei.shoubo-shiken.or.jp/shoubou_ia/iajs9001.do?shibu_cd=27&menjo_kbn=1,2026-06-16T08:56:33+09:00
04,宮城県,北海道・東北,仙台市,R09.02.14(日),2027-02-14,12/14～12/22,R09.03.04(木),2027-03-04,https://shinsei.shoubo-shiken.or.jp/shoubou_ia/iajs9001.do?shibu_cd=04&menjo_kbn=1,2026-06-16T08:56:33+09:00
45,宮崎県,九州・沖縄,宮崎市,R09.02.14(日),2027-02-14,12/16～1/12,R09.03.08(月),2027-03-08,https://shinsei.shoubo-shiken.or.jp/shoubou_ia/iajs9001.do?shibu_cd=45&menjo_kbn=1,2026-06-16T08:56:33+09:00
45,宮崎県,九州・沖縄,延岡市,R09.02.14(日),2027-02-14,12/16～1/12,R09.03.08(月),2027-03-08,https://shinsei.shoubo-shiken.or.jp/shoubou_ia/iajs9001.do?shibu_cd=45&menjo_kbn=1,2026-06-16T08:56:33+09:00
45,宮崎県,九州・沖縄,都城市,R09.02.14(日),2027-02-14,12/16～1/12,R09.03.08(月),2027-03-08,https://shinsei.shoubo-shiken.or.jp/shoubou_ia/iajs9001.do?shibu_cd=45&menjo_kbn=1,2026-06-16T08:56:33+09:00
16,富山県,甲信越・北陸,富山市,R09.02.14(日),2027-02-14,12/08～12/16,R09.03.04(木),2027-03-04,https://shinsei.shoubo-shiken.or.jp/shoubou_ia/iajs9001.do?shibu_cd=16&menjo_kbn=1,2026-06-16T08:56:33+09:00
32,島根県,中国,出雲市,R09.02.14(日),2027-02-14,12/04～12/18,R09.03.04(木),2027-03-04,https://shinsei.shoubo-shiken.or.jp/shoubou_ia/iajs9001.do?shibu_cd=32&menjo_kbn=1,2026-06-16T08:56:33+09:00
32,島根県,中国,松江市,R09.02.14(日),2027-02-14,12/04～12/18,R09.03.04(木),2027-03-04,https://shinsei.shoubo-shiken.or.jp/shoubou_ia/iajs9001.do?shibu_cd=32&menjo_kbn=1,2026-06-16T08:56:33+09:00
32,島根県,中国,益田市,R09.02.14(日),2027-02-14,12/04～12/18,R09.03.04(木),2027-03-04,https://shinsei.shoubo-shiken.or.jp/shoubou_ia/iajs9001.do?shibu_cd=32&menjo_kbn=1,2026-06-16T08:56:33+09:00
32,島根県,中国,隠岐の島町,R09.02.14(日),2027-02-14,12/04～12/18,R09.03.04(木),2027-03-04,https://shinsei.shoubo-shiken.or.jp/shoubou_ia/iajs9001.do?shibu_cd=32&menjo_kbn=1,2026-06-16T08:56:33+09:00
47,沖縄県,九州・沖縄,名護市,R09.02.14(日),2027-02-14,1/06～1/14,R09.03.08(月),2027-03-08,https://shinsei.shoubo-shiken.or.jp/shoubou_ia/iajs9001.do?shibu_cd=47&menjo_kbn=1,2026-06-16T08:56:33+09:00
47,沖縄県,九州・沖縄,宮古島市,R09.02.14(日),2027-02-14,1/06～1/14,R09.03.08(月),2027-03-08,https://shinsei.shoubo-shiken.or.jp/shoubou_ia/iajs9001.do?shibu_cd=47&menjo_kbn=1,2026-06-16T08:56:33+09:00
47,沖縄県,九州・沖縄,浦添市,R09.02.14(日),2027-02-14,1/06～1/14,R09.03.08(月),2027-03-08,https://shinsei.shoubo-shiken.or.jp/shoubou_ia/iajs9001.do?shibu_cd=47&menjo_kbn=1,2026-06-16T08:56:33+09:00
47,沖縄県,九州・沖縄,石垣市,R09.02.14(日),2027-02-14,1/06～1/14,R09.03.08(月),2027-03-08,https://shinsei.shoubo-shiken.or.jp/shoubou_ia/iajs9001.do?shibu_cd=47&menjo_kbn=1,2026-06-16T08:56:33+09:00
47,沖縄県,九州・沖縄,西原町,R09.02.14(日),2027-02-14,1/06～1/14,R09.03.08(月),2027-03-08,https://shinsei.shoubo-shiken.or.jp/shoubou_ia/iajs9001.do?shibu_cd=47&menjo_kbn=1,2026-06-16T08:56:33+09:00
43,熊本県,九州・沖縄,熊本市,R09.02.14(日),2027-02-14,12/09～12/16,R09.03.04(木),2027-03-04,https://shinsei.shoubo-shiken.or.jp/shoubou_ia/iajs9001.do?shibu_cd=43&menjo_kbn=1,2026-06-16T08:56:33+09:00
18,福井県,甲信越・北陸,福井市,R09.02.14(日),2027-02-14,12/10～12/17,R09.03.04(木),2027-03-04,https://shinsei.shoubo-shiken.or.jp/shoubou_ia/iajs9001.do?shibu_cd=18&menjo_kbn=1,2026-06-16T08:56:33+09:00
20,長野県,甲信越・北陸,松本市,R09.02.14(日),2027-02-14,12/04～12/14,R09.03.04(木),2027-03-04,https://shinsei.shoubo-shiken.or.jp/shoubou_ia/iajs9001.do?shibu_cd=20&menjo_kbn=1,2026-06-16T08:56:33+09:00
22,静岡県,東海,富士宮市,R09.02.14(日),2027-02-14,12/16～12/23,R09.03.04(木),2027-03-04,https://shinsei.shoubo-shiken.or.jp/shoubou_ia/iajs9001.do?shibu_cd=22&menjo_kbn=1,2026-06-16T08:56:33+09:00
22,静岡県,東海,島田市,R09.02.14(日),2027-02-14,12/16～12/23,R09.03.04(木),2027-03-04,https://shinsei.shoubo-shiken.or.jp/shoubou_ia/iajs9001.do?shibu_cd=22&menjo_kbn=1,2026-06-16T08:56:33+09:00
22,静岡県,東海,掛川市,R09.02.14(日),2027-02-14,12/16～12/23,R09.03.04(木),2027-03-04,https://shinsei.shoubo-shiken.or.jp/shoubou_ia/iajs9001.do?shibu_cd=22&menjo_kbn=1,2026-06-16T08:56:33+09:00
22,静岡県,東海,沼津市,R09.02.14(日),2027-02-14,12/16～12/23,R09.03.04(木),2027-03-04,https://shinsei.shoubo-shiken.or.jp/shoubou_ia/iajs9001.do?shibu_cd=22&menjo_kbn=1,2026-06-16T08:56:33+09:00
22,静岡県,東海,浜松市,R09.02.14(日),2027-02-14,12/16～12/23,R09.03.04(木),2027-03-04,https://shinsei.shoubo-shiken.or.jp/shoubou_ia/iajs9001.do?shibu_cd=22&menjo_kbn=1,2026-06-16T08:56:33+09:00
22,静岡県,東海,磐田市,R09.02.14(日),2027-02-14,12/16～12/23,R09.03.04(木),2027-03-04,https://shinsei.shoubo-shiken.or.jp/shoubou_ia/iajs9001.do?shibu_cd=22&menjo_kbn=1,2026-06-16T08:56:33+09:00
22,静岡県,東海,静岡市,R09.02.14(日),2027-02-14,12/16～12/23,R09.03.04(木),2027-03-04,https://shinsei.shoubo-shiken.or.jp/shoubou_ia/iajs9001.do?shibu_cd=22&menjo_kbn=1,2026-06-16T08:56:33+09:00
08,茨城県,関東,つくば市,R09.02.20(土),2027-02-20,11/27～12/09,R09.03.11(木),2027-03-11,https://shinsei.shoubo-shiken.or.jp/shoubou_ia/iajs9001.do?shibu_cd=08&menjo_kbn=1,2026-06-16T08:56:33+09:00
02,青森県,北海道・東北,八戸市,R09.02.20(土),2027-02-20,1/12～1/19,R09.03.11(木),2027-03-11,https://shinsei.shoubo-shiken.or.jp/shoubou_ia/iajs9001.do?shibu_cd=02&menjo_kbn=1,2026-06-16T08:56:33+09:00
41,佐賀県,九州・沖縄,佐賀市,R09.02.21(日),2027-02-21,12/16～12/25,R09.03.11(木),2027-03-11,https://shinsei.shoubo-shiken.or.jp/shoubou_ia/iajs9001.do?shibu_cd=41&menjo_kbn=1,2026-06-16T08:56:33+09:00
29,奈良県,近畿,奈良県天理市,R09.02.21(日),2027-02-21,1/12～1/19,R09.03.12(金),2027-03-12,https://shinsei.shoubo-shiken.or.jp/shoubou_ia/iajs9001.do?shibu_cd=29&menjo_kbn=1,2026-06-16T08:56:33+09:00
33,岡山県,中国,岡山大学,R09.02.21(日),2027-02-21,12/14～12/24,R09.03.12(金),2027-03-12,https://shinsei.shoubo-shiken.or.jp/shoubou_ia/iajs9001.do?shibu_cd=33&menjo_kbn=1,2026-06-16T08:56:33+09:00
32,島根県,中国,大田市,R09.02.21(日),2027-02-21,12/04～12/18,R09.03.11(木),2027-03-11,https://shinsei.shoubo-shiken.or.jp/shoubou_ia/iajs9001.do?shibu_cd=32&menjo_kbn=1,2026-06-16T08:56:33+09:00
32,島根県,中国,松江市,R09.02.21(日),2027-02-21,12/04～12/18,R09.03.11(木),2027-03-11,https://shinsei.shoubo-shiken.or.jp/shoubou_ia/iajs9001.do?shibu_cd=32&menjo_kbn=1,2026-06-16T08:56:33+09:00
32,島根県,中国,浜田市,R09.02.21(日),2027-02-21,12/04～12/18,R09.03.11(木),2027-03-11,https://shinsei.shoubo-shiken.or.jp/shoubou_ia/iajs9001.do?shibu_cd=32&menjo_kbn=1,2026-06-16T08:56:33+09:00
13,東京都,関東,中央試験,R09.02.21(日),2027-02-21,1/04～1/15,R09.03.04(木),2027-03-04,https://shinsei.shoubo-shiken.or.jp/shoubou_ia/iajs9001.do?shibu_cd=13&menjo_kbn=1,2026-06-16T08:56:33+09:00
17,石川県,甲信越・北陸,金沢市,R09.02.21(日),2027-02-21,1/07～1/14,R09.03.11(木),2027-03-11,https://shinsei.shoubo-shiken.or.jp/shoubou_ia/iajs9001.do?shibu_cd=17&menjo_kbn=1,2026-06-16T08:56:33+09:00
10,群馬県,関東,前橋市,R09.02.21(日),2027-02-21,12/11～12/23,R09.03.12(金),2027-03-12,https://shinsei.shoubo-shiken.or.jp/shoubou_ia/iajs9001.do?shibu_cd=10&menjo_kbn=1,2026-06-16T08:56:33+09:00
20,長野県,甲信越・北陸,長野市,R09.02.21(日),2027-02-21,12/04～12/14,R09.03.11(木),2027-03-11,https://shinsei.shoubo-shiken.or.jp/shoubou_ia/iajs9001.do?shibu_cd=20&menjo_kbn=1,2026-06-16T08:56:33+09:00
02,青森県,北海道・東北,弘前市,R09.02.21(日),2027-02-21,1/12～1/19,R09.03.12(金),2027-03-12,https://shinsei.shoubo-shiken.or.jp/shoubou_ia/iajs9001.do?shibu_cd=02&menjo_kbn=1,2026-06-16T08:56:33+09:00
25,滋賀県,近畿,大津市,R09.02.26(金),2027-02-26,1/07～1/14,R09.03.26(金),2027-03-26,https://shinsei.shoubo-shiken.or.jp/shoubou_ia/iajs9001.do?shibu_cd=25&menjo_kbn=1,2026-06-16T08:56:33+09:00
15,新潟県,甲信越・北陸,上越市,R09.02.27(土),2027-02-27,1/12～1/27,R09.03.17(水),2027-03-17,https://shinsei.shoubo-shiken.or.jp/shoubou_ia/iajs9001.do?shibu_cd=15&menjo_kbn=1,2026-06-16T08:56:33+09:00
15,新潟県,甲信越・北陸,新潟市,R09.02.27(土),2027-02-27,1/12～1/27,R09.03.17(水),2027-03-17,https://shinsei.shoubo-shiken.or.jp/shoubou_ia/iajs9001.do?shibu_cd=15&menjo_kbn=1,2026-06-16T08:56:33+09:00
15,新潟県,甲信越・北陸,長岡市,R09.02.27(土),2027-02-27,1/12～1/27,R09.03.17(水),2027-03-17,https://shinsei.shoubo-shiken.or.jp/shoubou_ia/iajs9001.do?shibu_cd=15&menjo_kbn=1,2026-06-16T08:56:33+09:00
25,滋賀県,近畿,大津市,R09.02.27(土),2027-02-27,1/07～1/14,R09.03.26(金),2027-03-26,https://shinsei.shoubo-shiken.or.jp/shoubou_ia/iajs9001.do?shibu_cd=25&menjo_kbn=1,2026-06-16T08:56:33+09:00
07,福島県,北海道・東北,会津若松会場,R09.02.27(土),2027-02-27,12/09～12/17,R09.03.23(火),2027-03-23,https://shinsei.shoubo-shiken.or.jp/shoubou_ia/iajs9001.do?shibu_cd=07&menjo_kbn=1,2026-06-16T08:56:33+09:00
07,福島県,北海道・東北,白河市会場,R09.02.27(土),2027-02-27,12/09～12/17,R09.03.23(火),2027-03-23,https://shinsei.shoubo-shiken.or.jp/shoubou_ia/iajs9001.do?shibu_cd=07&menjo_kbn=1,2026-06-16T08:56:33+09:00
07,福島県,北海道・東北,郡山市会場,R09.02.27(土),2027-02-27,12/09～12/17,R09.03.23(火),2027-03-23,https://shinsei.shoubo-shiken.or.jp/shoubou_ia/iajs9001.do?shibu_cd=07&menjo_kbn=1,2026-06-16T08:56:33+09:00
28,兵庫県,近畿,姫路,R09.02.28(日),2027-02-28,1/05～1/12,R09.03.19(金),2027-03-19,https://shinsei.shoubo-shiken.or.jp/shoubou_ia/iajs9001.do?shibu_cd=28&menjo_kbn=1,2026-06-16T08:56:33+09:00
28,兵庫県,近畿,神戸,R09.02.28(日),2027-02-28,1/05～1/12,R09.03.19(金),2027-03-19,https://shinsei.shoubo-shiken.or.jp/shoubou_ia/iajs9001.do?shibu_cd=28&menjo_kbn=1,2026-06-16T08:56:33+09:00
28,兵庫県,近畿,西宮,R09.02.28(日),2027-02-28,1/05～1/12,R09.03.19(金),2027-03-19,https://shinsei.shoubo-shiken.or.jp/shoubou_ia/iajs9001.do?shibu_cd=28&menjo_kbn=1,2026-06-16T08:56:33+09:00
44,大分県,九州・沖縄,中津市,R09.02.28(日),2027-02-28,12/24～1/12,R09.03.17(水),2027-03-17,https://shinsei.shoubo-shiken.or.jp/shoubou_ia/iajs9001.do?shibu_cd=44&menjo_kbn=1,2026-06-16T08:56:33+09:00
44,大分県,九州・沖縄,大分市,R09.02.28(日),2027-02-28,12/24～1/12,R09.03.17(水),2027-03-17,https://shinsei.shoubo-shiken.or.jp/shoubou_ia/iajs9001.do?shibu_cd=44&menjo_kbn=1,2026-06-16T08:56:33+09:00
44,大分県,九州・沖縄,日田市,R09.02.28(日),2027-02-28,12/24～1/12,R09.03.17(水),2027-03-17,https://shinsei.shoubo-shiken.or.jp/shoubou_ia/iajs9001.do?shibu_cd=44&menjo_kbn=1,2026-06-16T08:56:33+09:00
25,滋賀県,近畿,大津市,R09.02.28(日),2027-02-28,1/07～1/14,R09.03.26(金),2027-03-26,https://shinsei.shoubo-shiken.or.jp/shoubou_ia/iajs9001.do?shibu_cd=25&menjo_kbn=1,2026-06-16T08:56:33+09:00
25,滋賀県,近畿,大津市,R09.03.01(月),2027-03-01,1/07～1/14,R09.03.26(金),2027-03-26,https://shinsei.shoubo-shiken.or.jp/shoubou_ia/iajs9001.do?shibu_cd=25&menjo_kbn=1,2026-06-16T08:56:33+09:00
25,滋賀県,近畿,大津市,R09.03.02(火),2027-03-02,1/07～1/14,R09.03.26(金),2027-03-26,https://shinsei.shoubo-shiken.or.jp/shoubou_ia/iajs9001.do?shibu_cd=25&menjo_kbn=1,2026-06-16T08:56:33+09:00
12,千葉県,関東,千葉市,R09.03.06(土),2027-03-06,12/21～1/18,R09.03.25(木),2027-03-25,https://shinsei.shoubo-shiken.or.jp/shoubou_ia/iajs9001.do?shibu_cd=12&menjo_kbn=1,2026-06-16T08:56:33+09:00
12,千葉県,関東,銚子市,R09.03.06(土),2027-03-06,12/21～1/18,R09.03.25(木),2027-03-25,https://shinsei.shoubo-shiken.or.jp/shoubou_ia/iajs9001.do?shibu_cd=12&menjo_kbn=1,2026-06-16T08:56:33+09:00
13,東京都,関東,中央試験,R09.03.06(土),2027-03-06,1/12～1/22,R09.03.17(水),2027-03-17,https://shinsei.shoubo-shiken.or.jp/shoubou_ia/iajs9001.do?shibu_cd=13&menjo_kbn=1,2026-06-16T08:56:33+09:00
08,茨城県,関東,水戸市,R09.03.06(土),2027-03-06,11/27～12/09,R09.03.25(木),2027-03-25,https://shinsei.shoubo-shiken.or.jp/shoubou_ia/iajs9001.do?shibu_cd=08&menjo_kbn=1,2026-06-16T08:56:33+09:00
37,香川県,四国,高松市,R09.03.06(土),2027-03-06,1/13～1/22,R09.03.29(月),2027-03-29,https://shinsei.shoubo-shiken.or.jp/shoubou_ia/iajs9001.do?shibu_cd=37&menjo_kbn=1,2026-06-16T08:56:33+09:00
01,北海道,北海道・東北,札幌市,R09.03.07(日),2027-03-07,1/25～2/01,R09.03.25(木),2027-03-25,https://shinsei.shoubo-shiken.or.jp/shoubou_ia/iajs9001.do?shibu_cd=01&menjo_kbn=1,2026-06-16T08:56:33+09:00
11,埼玉県,関東,埼玉大学,R09.03.07(日),2027-03-07,1/13～1/25,R09.03.25(木),2027-03-25,https://shinsei.shoubo-shiken.or.jp/shoubou_ia/iajs9001.do?shibu_cd=11&menjo_kbn=1,2026-06-16T08:56:33+09:00
19,山梨県,甲信越・北陸,甲府市,R09.03.07(日),2027-03-07,1/14～1/22,R09.03.25(木),2027-03-25,https://shinsei.shoubo-shiken.or.jp/shoubou_ia/iajs9001.do?shibu_cd=19&menjo_kbn=1,2026-06-16T08:56:33+09:00
34,広島県,中国,福山市,R09.03.07(日),2027-03-07,1/08～1/18,R09.04.05(月),2027-04-05,https://shinsei.shoubo-shiken.or.jp/shoubou_ia/iajs9001.do?shibu_cd=34&menjo_kbn=1,2026-06-16T08:56:33+09:00
23,愛知県,東海,名古屋市,R09.03.07(日),2027-03-07,1/29～2/08,R09.03.25(木),2027-03-25,https://shinsei.shoubo-shiken.or.jp/shoubou_ia/iajs9001.do?shibu_cd=23&menjo_kbn=1,2026-06-16T08:56:33+09:00
09,栃木県,関東,宇都宮市,R09.03.07(日),2027-03-07,1/04～1/15,R09.03.26(金),2027-03-26,https://shinsei.shoubo-shiken.or.jp/shoubou_ia/iajs9001.do?shibu_cd=09&menjo_kbn=1,2026-06-16T08:56:33+09:00
39,高知県,四国,高知市,R09.03.07(日),2027-03-07,1/14～1/28,R09.03.25(木),2027-03-25,https://shinsei.shoubo-shiken.or.jp/shoubou_ia/iajs9001.do?shibu_cd=39&menjo_kbn=1,2026-06-16T08:56:33+09:00
31,鳥取県,中国,米子市,R09.03.07(日),2027-03-07,1/13～1/22,R09.03.26(金),2027-03-26,https://shinsei.shoubo-shiken.or.jp/shoubou_ia/iajs9001.do?shibu_cd=31&menjo_kbn=1,2026-06-16T08:56:33+09:00
31,鳥取県,中国,鳥取市,R09.03.07(日),2027-03-07,1/13～1/22,R09.03.26(金),2027-03-26,https://shinsei.shoubo-shiken.or.jp/shoubou_ia/iajs9001.do?shibu_cd=31&menjo_kbn=1,2026-06-16T08:56:33+09:00
04,宮城県,北海道・東北,仙台市,R09.03.14(日),2027-03-14,1/25～2/02,R09.04.01(木),2027-04-01,https://shinsei.shoubo-shiken.or.jp/shoubou_ia/iajs9001.do?shibu_cd=04&menjo_kbn=1,2026-06-16T08:56:33+09:00
34,広島県,中国,広島市,R09.03.14(日),2027-03-14,1/19～1/26,R09.04.12(月),2027-04-12,https://shinsei.shoubo-shiken.or.jp/shoubou_ia/iajs9001.do?shibu_cd=34&menjo_kbn=1,2026-06-16T08:56:33+09:00
13,東京都,関東,中央試験,R09.03.14(日),2027-03-14,1/18～1/29,R09.04.02(金),2027-04-02,https://shinsei.shoubo-shiken.or.jp/shoubou_ia/iajs9001.do?shibu_cd=13&menjo_kbn=1,2026-06-16T08:56:33+09:00
17,石川県,甲信越・北陸,金沢市,R09.03.14(日),2027-03-14,2/01～2/08,R09.04.01(木),2027-04-01,https://shinsei.shoubo-shiken.or.jp/shoubou_ia/iajs9001.do?shibu_cd=17&menjo_kbn=1,2026-06-16T08:56:33+09:00
42,長崎県,九州・沖縄,佐世保市,R09.03.14(日),2027-03-14,1/18～1/29,R09.04.01(木),2027-04-01,https://shinsei.shoubo-shiken.or.jp/shoubou_ia/iajs9001.do?shibu_cd=42&menjo_kbn=1,2026-06-16T08:56:33+09:00
42,長崎県,九州・沖縄,長崎市,R09.03.14(日),2027-03-14,1/18～1/29,R09.04.01(木),2027-04-01,https://shinsei.shoubo-shiken.or.jp/shoubou_ia/iajs9001.do?shibu_cd=42&menjo_kbn=1,2026-06-16T08:56:33+09:00
31,鳥取県,中国,倉吉市,R09.03.14(日),2027-03-14,1/13～1/22,R09.04.02(金),2027-04-02,https://shinsei.shoubo-shiken.or.jp/shoubou_ia/iajs9001.do?shibu_cd=31&menjo_kbn=1,2026-06-16T08:56:33+09:00
03,岩手県,北海道・東北,奥州市,R09.03.20(土),2027-03-20,2/15～2/22,R09.04.08(木),2027-04-08,https://shinsei.shoubo-shiken.or.jp/shoubou_ia/iajs9001.do?shibu_cd=03&menjo_kbn=1,2026-06-16T08:56:33+09:00
03,岩手県,北海道・東北,盛岡市,R09.03.20(土),2027-03-20,2/15～2/22,R09.04.08(木),2027-04-08,https://shinsei.shoubo-shiken.or.jp/shoubou_ia/iajs9001.do?shibu_cd=03&menjo_kbn=1,2026-06-16T08:56:33+09:00
13,東京都,関東,中央試験,R09.03.20(土),2027-03-20,1/25～2/05,R09.04.05(月),2027-04-05,https://shinsei.shoubo-shiken.or.jp/shoubou_ia/iajs9001.do?shibu_cd=13&menjo_kbn=1,2026-06-16T08:56:33+09:00
17,石川県,甲信越・北陸,加賀市,R09.03.22(月),2027-03-22,2/01～2/08,R09.04.08(木),2027-04-08,https://shinsei.shoubo-shiken.or.jp/shoubou_ia/iajs9001.do?shibu_cd=17&menjo_kbn=1,2026-06-16T08:56:33+09:00
27,大阪府,近畿,大阪大学,R09.04.18(日),2027-04-18,2/25～3/04,R09.05.20(木),2027-05-20,https://shinsei.shoubo-shiken.or.jp/shoubou_ia/iajs9001.do?shibu_cd=27&menjo_kbn=1,2026-06-16T08:56:33+09:00
