term,reading,category,tags,short_def,definition,related_terms,legal_basis,importance,explanation,article_title,article_lead,term_detail_body,exam_points,common_mistakes,memory_tip,example_question,example_answer,faq_1_question,faq_1_answer,faq_2_question,faq_2_answer,faq_3_question,faq_3_answer,faq_4_question,faq_4_answer
一問一答,いちもんいっとう,物性・化学,演習;学習法,"一問一答は、まず「一問一答」とは、短い問題文で正誤や選択を素早く確認する学習・演習形式を指す。

たとえば、引火点・沸点・密度など、数字と単位をセットで覚えると、選択肢の数値の当たり外れを見分けやすくなります。

試験では、短時間の確認点を押さえると得点源になります。",まず「一問一答」とは、短い問題文で正誤や選択を素早く確認する学習・演習形式を指す。,過去問;復習;用語解説,,B,一問一答は知識の抜けを見つけるのに便利です。過去問前の確認や直前期の復習に使えます。,一問一答とは？危険物取扱者試験（乙種第4類）の学習で押さえるポイント,一問一答の向き不向きと、過去問・用語解説との組み合わせを整理します。,"一問一答は、用語・数値・分類の「思い出し」を短時間で回すのに向いています。長文の読解や複合的な制度問題だけでは力がつきにくいため、過去問や実践演習と役割分担してください。

○×で間違えた項目は、その場で用語ページの定義・試験ポイントを開き、誤りの理由を一文で書き留めると定着率が上がります。",短時間の確認。;誤答は用語へ戻る。;過去問との併用。,一問一答だけで十分とする。;誤答を記録しない。;長文問題を避け続ける。,"「一問一答」は、物性・化学の頻出語です。

整理のコツ：関連する「過去問」「復習」「用語解説」と、「同じ点・違う点」を表に書き出し、一問一答だけの特徴を一行で言えるようにします。

覚え方：間違えたら「一問一答だけで十分とする」のパターンか確認し、同じ型の誤りが出た問題を2問だけ繰り返します。

復習のしかた：丸暗記より、選択肢の「誤り。」の理由を声に出して説明できるかを目標にします。",一問一答だけで十分である。,×。過去問や解説と組み合わせます。,一問一答とは何ですか？,一問一答は、まず「一問一答」とは、短い問題文で正誤や選択を素早く確認する学習・演習形式を指す。 たとえば、引火点・沸点・密度など、数字と単位をセットで覚えると、選択肢の数値の当たり外れを見分けやすくなります。 試験では、短時間の確認点を押さえると得点源になります。,一問一答は試験でどんなふうに問われますか？,短時間の確認。誤答は用語へ戻る。過去問との併用。,一問一答で間違えやすい点は？,一問一答だけで十分とする。誤答を記録しない。,一問一答と「過去問」「復習」の違いは？,「過去問」「復習」は意味や数値・適用場面が異なります。用語ページの比較表と演習で、一問一答だけのポイントを確認してください。
公式情報,こうしきじょうほう,法令・制度,基本;学習法,"公式情報は、まず「公式情報」とは、消防試験研究センターなど試験実施団体が直接公表する受験案内・試験要項・合格発表・出題範囲などの情報を指す。

たとえば、条文では「消防法で定める」「政令で定める」「施行令で定める」のように、どの法令に書かれているかを選ぶ問題がよく出ます。

試験では、試験実施団体サイトが一次情報点を押さえると得点源になります。",まず「公式情報」とは、消防試験研究センターなど試験実施団体が直接公表する受験案内・試験要項・合格発表・出題範囲などの情報を指す。,試験要項;受験資格;合格基準;出題範囲,,A,公式情報と教材・問題集の記載が食い違う場合は、必ず公式情報を優先し、不明点は試験実施団体の案内で確認します。,公式情報とは？危険物取扱者試験（乙種第4類）の学習で押さえるポイント,受験判断と学習計画の前提になる公式情報の確認ポイントを整理します。,"乙種第4類では、試験日程・申込方法・受験資格・合格基準・出題範囲は、必ず試験実施団体のサイトで確認します。非公式ブログや古い年度のまとめサイトは、手数料・日程・法改正の記載がずれていることがあります。

学習を始める前・申込前・直前期の3回、公式情報を見直す習慣をつけると、制度問題の取り違えを減らせます。公式情報で確認した内容は、学習記録に日付付きでメモしておくと、後から見直しやすくなります。",試験実施団体サイトが一次情報。;年度ごとの変更。;出題範囲と申込期限をセット確認。,古い年度の情報をそのまま使う。;口コミだけで判断する。;教材目次だけで範囲を決める。,"「公式情報」は、法令・制度の頻出語です。

整理のコツ：関連する「試験要項」「受験資格」「合格基準」と、「同じ点・違う点」を表に書き出し、公式情報だけの特徴を一行で言えるようにします。

覚え方：間違えたら「古い年度の情報をそのまま使う」のパターンか確認し、同じ型の誤りが出た問題を2問だけ繰り返します。

復習のしかた：丸暗記より、選択肢の「誤り。」の理由を声に出して説明できるかを目標にします。",試験日程や出題範囲は非公式サイトで確認すれば十分である。,×。必ず試験実施団体などの公式情報を確認します。,公式情報とは何ですか？,公式情報は、まず「公式情報」とは、消防試験研究センターなど試験実施団体が直接公表する受験案内・試験要項・合格発表・出題範囲などの情報を指す。 たとえば、条文では「消防法で定める」「政令で定める」「施行令で定める」のように、どの法令に書かれているかを選ぶ問題がよく出ます。 試験では、試験実施団体サイトが一次情報点を押さえると得点源になります。,公式情報は試験でどんなふうに問われますか？,試験実施団体サイトが一次情報。年度ごとの変更。出題範囲と申込期限をセット確認。,公式情報で間違えやすい点は？,古い年度の情報をそのまま使う。口コミだけで判断する。,公式情報と「試験要項」「受験資格」の違いは？,「試験要項」「受験資格」は意味や数値・適用場面が異なります。用語ページの比較表と演習で、公式情報だけのポイントを確認してください。
出題範囲,しゅつだいはんい,物性・化学,学習計画;学習法,"出題範囲は、まず「出題範囲」とは、試験で出題されうる分野・テーマ・法令の範囲を試験実施団体が示した情報を指す。

たとえば、引火点・沸点・密度など、数字と単位をセットで覚えると、選択肢の数値の当たり外れを見分けやすくなります。

試験では、公式の出題範囲表点を押さえると得点源になります。",まず「出題範囲」とは、試験で出題されうる分野・テーマ・法令の範囲を試験実施団体が示した情報を指す。,試験要項;過去問;公式情報,,A,出題範囲は学習計画の土台です。範囲を分けて進めると苦手分野を見つけやすくなります。,出題範囲とは？危険物取扱者試験（乙種第4類）の学習で押さえるポイント,出題範囲の読み方と、過去問・用語解説への落とし込み方を整理します。,"乙4の出題範囲は、危険物の法令・物性・火災・消火などに分かれます。教材の目次だけで範囲を判断すると、公式範囲とずれることがあるため、出題範囲表を公式サイトで確認してください。

範囲を大分類（法令・物性・火災）に分け、過去問を解いたあと「どの範囲で間違えたか」を記録すると、次に読む用語ページと演習の優先順位が明確になります。",公式の出題範囲表。;分野別の記録。;教材目次との照合。,教材だけで範囲判断。;範囲外を過学習。;分野別の記録をしない。,"「出題範囲」は、物性・化学の頻出語です。

整理のコツ：関連する「試験要項」「過去問」「公式情報」と、「同じ点・違う点」を表に書き出し、出題範囲だけの特徴を一行で言えるようにします。

覚え方：間違えたら「教材だけで範囲判断」のパターンか確認し、同じ型の誤りが出た問題を2問だけ繰り返します。

復習のしかた：丸暗記より、選択肢の「誤り。」の理由を声に出して説明できるかを目標にします。",出題範囲は教材の目次だけ見れば十分である。,×。公式情報の範囲も確認します。,出題範囲とは何ですか？,出題範囲は、まず「出題範囲」とは、試験で出題されうる分野・テーマ・法令の範囲を試験実施団体が示した情報を指す。 たとえば、引火点・沸点・密度など、数字と単位をセットで覚えると、選択肢の数値の当たり外れを見分けやすくなります。 試験では、公式の出題範囲表点を押さえると得点源になります。,出題範囲は試験でどんなふうに問われますか？,公式の出題範囲表。分野別の記録。教材目次との照合。,出題範囲で間違えやすい点は？,教材だけで範囲判断。範囲外を過学習。,出題範囲と「試験要項」「過去問」の違いは？,「試験要項」「過去問」は意味や数値・適用場面が異なります。用語ページの比較表と演習で、出題範囲だけのポイントを確認してください。
受験資格,じゅけんしかく,法令・制度,制度;学習法,"受験資格は、まず「受験資格」とは、当該試験を受けるために必要な条件（年齢・実務経験・学歴など）を指す。

たとえば、条文では「消防法で定める」「政令で定める」「施行令で定める」のように、どの法令に書かれているかを選ぶ問題がよく出ます。

試験では、試験要項で確認点を押さえると得点源になります。",まず「受験資格」とは、当該試験を受けるために必要な条件（年齢・実務経験・学歴など）を指す。,試験要項;公式情報;合格基準,,A,受験資格は申込前に必ず確認する項目です。条件を満たさないと受験できない場合があります。,受験資格とは？危険物取扱者試験（乙種第4類）の学習で押さえるポイント,乙種第4類の受験資格の確認手順と、申込時の注意点を整理します。,"危険物取扱者試験では、受験資格を満たさない状態で申し込むと、無効・不受理となる場合があります。乙4は受験資格の要件が比較的明確ですが、他類・他資格と混同しないよう、試験要項の該当条文を直接確認してください。

申込前チェックリストに「受験資格」「必要書類」「申込期限」を入れ、公式情報と照合する習慣が有効です。",試験要項で確認。;他資格の資格要件と混同しない。;申込前の再確認。,口コミだけで判断する。;丙種・甲種の要件と混同する。;申込後に不足に気づく。,"「受験資格」は、法令・制度の頻出語です。

整理のコツ：関連する「試験要項」「公式情報」「合格基準」と、「同じ点・違う点」を表に書き出し、受験資格だけの特徴を一行で言えるようにします。

覚え方：間違えたら「口コミだけで判断する」のパターンか確認し、同じ型の誤りが出た問題を2問だけ繰り返します。

復習のしかた：丸暗記より、選択肢の「誤り。」の理由を声に出して説明できるかを目標にします。",受験資格はどの資格でも同じである。,×。資格ごとに条件は異なります。,受験資格とは何ですか？,受験資格は、まず「受験資格」とは、当該試験を受けるために必要な条件（年齢・実務経験・学歴など）を指す。 たとえば、条文では「消防法で定める」「政令で定める」「施行令で定める」のように、どの法令に書かれているかを選ぶ問題がよく出ます。 試験では、試験要項で確認点を押さえると得点源になります。,受験資格は試験でどんなふうに問われますか？,試験要項で確認。他資格の資格要件と混同しない。申込前の再確認。,受験資格で間違えやすい点は？,口コミだけで判断する。丙種・甲種の要件と混同する。,受験資格と「試験要項」「公式情報」の違いは？,「試験要項」「公式情報」は意味や数値・適用場面が異なります。用語ページの比較表と演習で、受験資格だけのポイントを確認してください。
合格基準,ごうかくきじゅん,法令・制度,得点;学習法,"合格基準は、まず「合格基準」とは、試験に合格するために必要な得点や科目ごとの基準を指す。

たとえば、条文では「消防法で定める」「政令で定める」「施行令で定める」のように、どの法令に書かれているかを選ぶ問題がよく出ます。

試験では、要項の合格判定条文点を押さえると得点源になります。",まず「合格基準」とは、試験に合格するために必要な得点や科目ごとの基準を指す。,試験要項;過去問;模擬試験,,A,合格基準は学習配分を決めるために重要です。科目別の足切りがある場合は苦手分野の放置に注意します。,合格基準とは？危険物取扱者試験（乙種第4類）の学習で押さえるポイント,合格基準の読み方と、模擬試験・過去問での活かし方を整理します。,"合格基準は年度・試験種別ごとに定められます。総合得点だけでなく、科目別の扱いがある試験もあるため、要項の「合格の判定」に関する条文を読み飛ばさないことが重要です。

過去問演習では、合格ラインに対してどの分野が足りないかを記録し、苦手分野の用語・計算・法令を優先して復習する計画に反映してください。",要項の合格判定条文。;科目別基準の有無。;模擬得点との比較。,合格点を推測する。;旧年度の基準を使用する。;科目別要件を見落とす。,"「合格基準」は、法令・制度の頻出語です。

整理のコツ：関連する「試験要項」「過去問」「模擬試験」と、「同じ点・違う点」を表に書き出し、合格基準だけの特徴を一行で言えるようにします。

覚え方：間違えたら「合格点を推測する」のパターンか確認し、同じ型の誤りが出た問題を2問だけ繰り返します。

復習のしかた：丸暗記より、選択肢の「誤り。」の理由を声に出して説明できるかを目標にします。",合格基準は目安なので確認しなくてよい。,×。学習計画を立てるために確認します。,合格基準とは何ですか？,合格基準は、まず「合格基準」とは、試験に合格するために必要な得点や科目ごとの基準を指す。 たとえば、条文では「消防法で定める」「政令で定める」「施行令で定める」のように、どの法令に書かれているかを選ぶ問題がよく出ます。 試験では、要項の合格判定条文点を押さえると得点源になります。,合格基準は試験でどんなふうに問われますか？,要項の合格判定条文。科目別基準の有無。模擬得点との比較。,合格基準で間違えやすい点は？,合格点を推測する。旧年度の基準を使用する。,合格基準と「試験要項」「過去問」の違いは？,「試験要項」「過去問」は意味や数値・適用場面が異なります。用語ページの比較表と演習で、合格基準だけのポイントを確認してください。
学習記録,がくしゅうきろく,火災・消火・漏えい,学習法,"学習記録は、まず「学習記録」とは、いつ何を学び、どこで間違え、次に何をするかを残す学習メモを指す。

たとえば、危険物の性質（水溶性か、蒸気がたまりやすいか）に合った消火・漏えい対策かどうかが、正誤の判断ポイントになります。

試験では、日付・分野・誤答・次の一手点を押さえると得点源になります。",まず「学習記録」とは、いつ何を学び、どこで間違え、次に何をするかを残す学習メモを指す。,復習;過去問;出題範囲,,B,学習記録は次に何を学ぶかを決める材料です。完璧なノートより短い記録が続けやすいです。,学習記録とは？危険物取扱者試験（乙種第4類）の学習で押さえるポイント,最小限で続けられる学習記録の書き方を整理します。,"記録は完璧なノートである必要はありません。日付・分野（法令/物性/火災）・正答率または誤った用語名・次の一手（用語ページ/過去問番号）の4点が書ければ十分です。

記録の目的は、同じミスを繰り返さないことと、直前期に何を捨てるか判断することです。週1回、記録を見て復習リストを更新する習慣が効果的です。",日付・分野・誤答・次の一手。;週次で見直し。;直前の優先順位。,記録しない。;詳細すぎて続かない。;記録を見返さない。,"「学習記録」は、火災・消火・漏えいの頻出語です。

整理のコツ：関連する「復習」「過去問」「出題範囲」と、「同じ点・違う点」を表に書き出し、学習記録だけの特徴を一行で言えるようにします。

覚え方：間違えたら「記録しない」のパターンか確認し、同じ型の誤りが出た問題を2問だけ繰り返します。

復習のしかた：丸暗記より、選択肢の「誤り。」の理由を声に出して説明できるかを目標にします。",学習記録は詳しく書かないと意味がない。,×。短くても復習に使えれば十分です。,学習記録とは何ですか？,学習記録は、まず「学習記録」とは、いつ何を学び、どこで間違え、次に何をするかを残す学習メモを指す。 たとえば、危険物の性質（水溶性か、蒸気がたまりやすいか）に合った消火・漏えい対策かどうかが、正誤の判断ポイントになります。 試験では、日付・分野・誤答・次の一手点を押さえると得点源になります。,学習記録は試験でどんなふうに問われますか？,日付・分野・誤答・次の一手。週次で見直し。直前の優先順位。,学習記録で間違えやすい点は？,記録しない。詳細すぎて続かない。,学習記録と「復習」「過去問」の違いは？,「復習」「過去問」は意味や数値・適用場面が異なります。用語ページの比較表と演習で、学習記録だけのポイントを確認してください。
復習,ふくしゅう,物性・化学,学習法,"復習は、まず「復習」とは、学習済みの内容を計画的に見直し、忘却を防ぎ応用力を高めることを指す。

たとえば、引火点・沸点・密度など、数字と単位をセットで覚えると、選択肢の数値の当たり外れを見分けやすくなります。

試験では、間隔を空ける点を押さえると得点源になります。",まず「復習」とは、学習済みの内容を計画的に見直し、忘却を防ぎ応用力を高めることを指す。,過去問;一問一答;学習記録,,A,復習は、正答率を上げるための中心的な学習行動です。間違えた理由を短くメモすると効果的です。,復習とは？危険物取扱者試験（乙種第4類）の学習で押さえるポイント,復習の間隔と、過去問・用語・誤答ノートの使い分けを整理します。,"効果的な復習は「いつ・何を」見るかが明確なときに機能します。過去問で間違えた分野、一問一答で×になった用語、比較表で混同した組み合わせを、翌日・1週間後・試験直前の3回程度に分けて再訪する方法が扱いやすいです。

復習は量より、誤答の理由と正しい判別基準（数値・主体・品名）をセットで思い出すことが重要です。",間隔を空ける。;誤答理由とセット。;分野別に優先。,同じ問題を見ただけで満足。;定義を読むだけで解かない。;直前に初見の範囲を増やす。,"「復習」は、物性・化学の頻出語です。

整理のコツ：関連する「過去問」「一問一答」「学習記録」と、「同じ点・違う点」を表に書き出し、復習だけの特徴を一行で言えるようにします。

覚え方：間違えたら「同じ問題を見ただけで満足」のパターンか確認し、同じ型の誤りが出た問題を2問だけ繰り返します。

復習のしかた：丸暗記より、選択肢の「誤り。」の理由を声に出して説明できるかを目標にします。",一度間違えた問題は、解説を読めば二度と復習しなくてよい。,×。時間を置いた解き直しで定着を確認します。,復習とは何ですか？,復習は、まず「復習」とは、学習済みの内容を計画的に見直し、忘却を防ぎ応用力を高めることを指す。 たとえば、引火点・沸点・密度など、数字と単位をセットで覚えると、選択肢の数値の当たり外れを見分けやすくなります。 試験では、間隔を空ける点を押さえると得点源になります。,復習は試験でどんなふうに問われますか？,間隔を空ける。誤答理由とセット。分野別に優先。,復習で間違えやすい点は？,同じ問題を見ただけで満足。定義を読むだけで解かない。,復習と「過去問」「一問一答」の違いは？,「過去問」「一問一答」は意味や数値・適用場面が異なります。用語ページの比較表と演習で、復習だけのポイントを確認してください。
模擬試験,もぎしけん,火災・消火・漏えい,演習;学習法,"模擬試験は、まず「模擬試験」とは、本試験に近い問題数・時間・形式で実力を測る演習を指す。

たとえば、危険物の性質（水溶性か、蒸気がたまりやすいか）に合った消火・漏えい対策かどうかが、正誤の判断ポイントになります。

試験では、時間配分の確認点を押さえると得点源になります。",まず「模擬試験」とは、本試験に近い問題数・時間・形式で実力を測る演習を指す。,過去問;合格基準;復習,,B,模擬試験は本番前の総合確認に役立ちます。点数だけでなく時間配分も見直します。,模擬試験とは？危険物取扱者試験（乙種第4類）の学習で押さえるポイント,模擬試験の位置づけと、過去問・分野別演習との使い分けを整理します。,"模擬試験は、時間配分・持久力・得点のばらつきを把握するうえで有効です。ただし問題の質や範囲が本試験と完全一致するとは限らないため、結果は合格基準とあわせ、弱点分野の特定に使うのが目的です。

実施後は、間違えた分野を法令・物性・火災に分類し、用語解説と過去問の該当年度へ戻る流れを固定化してください。",時間配分の確認。;弱点分野の特定。;過去問での補強。,得点だけ見て復習しない。;模擬だけで範囲を判断。;直前に初めて実施。,"「模擬試験」は、火災・消火・漏えいの頻出語です。

整理のコツ：関連する「過去問」「合格基準」「復習」と、「同じ点・違う点」を表に書き出し、模擬試験だけの特徴を一行で言えるようにします。

覚え方：間違えたら「得点だけ見て復習しない」のパターンか確認し、同じ型の誤りが出た問題を2問だけ繰り返します。

復習のしかた：丸暗記より、選択肢の「誤り。」の理由を声に出して説明できるかを目標にします。",模擬試験は点数だけ確認すればよい。,×。時間配分と弱点も確認します。,模擬試験とは何ですか？,模擬試験は、まず「模擬試験」とは、本試験に近い問題数・時間・形式で実力を測る演習を指す。 たとえば、危険物の性質（水溶性か、蒸気がたまりやすいか）に合った消火・漏えい対策かどうかが、正誤の判断ポイントになります。 試験では、時間配分の確認点を押さえると得点源になります。,模擬試験は試験でどんなふうに問われますか？,時間配分の確認。弱点分野の特定。過去問での補強。,模擬試験で間違えやすい点は？,得点だけ見て復習しない。模擬だけで範囲を判断。,模擬試験と「過去問」「合格基準」の違いは？,「過去問」「合格基準」は意味や数値・適用場面が異なります。用語ページの比較表と演習で、模擬試験だけのポイントを確認してください。
比較表,ひかくひょう,火災・消火・漏えい,整理;学習法,"比較表は、まず「比較表」とは、似た概念の「同じ点・違う点」を表形式で整理した学習メモを指す。

たとえば、危険物の性質（水溶性か、蒸気がたまりやすいか）に合った消火・漏えい対策かどうかが、正誤の判断ポイントになります。

試験では、同じ点・違う点を明示点を押さえると得点源になります。",まず「比較表」とは、似た概念の「同じ点・違う点」を表形式で整理した学習メモを指す。,よくある混同論点;指定数量;ガソリン;灯油,,B,比較表は、数字や例外が多い分野で役立ちます。似た用語の違いをまとめて確認しましょう。,比較表とは？危険物取扱者試験（乙種第4類）の学習で押さえるポイント,乙4で効く比較表の作り方と、試験での使い方を整理します。,"試験では、ガソリンと灯油、移送と運搬、別表第一と別表第三など、「似ているが違う」組み合わせが繰り返し問われます。比較表は、品名・数値・主体・手続の列を固定すると作りやすくなります。

表は暗記用紙ではなく、選択肢を読むときのチェックリストとして使ってください。演習で間違えた行だけを追記していくと、自分専用の比較表になります。",同じ点・違う点を明示。;数値・主体の列。;演習で更新。,表を作るだけで解かない。;列が毎回バラバラ。;例外を一般化する。,"「比較表」は、火災・消火・漏えいの頻出語です。

整理のコツ：関連する「よくある混同論点」「指定数量」「ガソリン」と、「同じ点・違う点」を表に書き出し、比較表だけの特徴を一行で言えるようにします。

覚え方：間違えたら「表を作るだけで解かない」のパターンか確認し、同じ型の誤りが出た問題を2問だけ繰り返します。

復習のしかた：丸暗記より、選択肢の「誤り。」の理由を声に出して説明できるかを目標にします。",似た制度の期限や要件は、比較表にせず個別に暗記した方が常に効率的である。,×。混同しやすい項目は比較表で整理すると確認しやすくなります。,比較表とは何ですか？,比較表は、まず「比較表」とは、似た概念の「同じ点・違う点」を表形式で整理した学習メモを指す。 たとえば、危険物の性質（水溶性か、蒸気がたまりやすいか）に合った消火・漏えい対策かどうかが、正誤の判断ポイントになります。 試験では、同じ点・違う点を明示点を押さえると得点源になります。,比較表は試験でどんなふうに問われますか？,同じ点・違う点を明示。数値・主体の列。演習で更新。,比較表で間違えやすい点は？,表を作るだけで解かない。列が毎回バラバラ。,比較表と「よくある混同論点」「指定数量」の違いは？,「よくある混同論点」「指定数量」は意味や数値・適用場面が異なります。用語ページの比較表と演習で、比較表だけのポイントを確認してください。
用語解説,ようごかいせつ,火災・消火・漏えい,用語集;学習法,"用語解説は、まず「用語解説」とは、試験範囲の重要語句について、定義・試験での見方・関連用語を説明した記事を指す。

たとえば、危険物の性質（水溶性か、蒸気がたまりやすいか）に合った消火・漏えい対策かどうかが、正誤の判断ポイントになります。

試験では、つまずきから辿る点を押さえると得点源になります。",まず「用語解説」とは、試験範囲の重要語句について、定義・試験での見方・関連用語を説明した記事を指す。,過去問;復習;比較表,,B,用語解説は知識をつなげるために使います。問題で出た語句を確認すると理解が深まります。,用語解説とは？危険物取扱者試験（乙種第4類）の学習で押さえるポイント,本サイトの用語解説の使い方と、過去問・演習との往復学習を整理します。,"用語解説は、過去問や実践演習でつまずいた語句から辿ると効率がよいです。各ページでは定義に加え、試験ポイント・よくある誤解・関連用語・例題を確認できます。

読み終えたら同分野の演習に戻り、選択肢で使えるかどうかを確認してください。用語だけ暗記しても、五肢択一の言い換えには対応しにくいためです。",つまずきから辿る。;演習と往復。;誤解・関連用語を確認。,用語だけ読んで演習しない。;関連用語を見ない。;定義だけ暗記。,"「用語解説」は、火災・消火・漏えいの頻出語です。

整理のコツ：関連する「過去問」「復習」「比較表」と、「同じ点・違う点」を表に書き出し、用語解説だけの特徴を一行で言えるようにします。

覚え方：間違えたら「用語だけ読んで演習しない」のパターンか確認し、同じ型の誤りが出た問題を2問だけ繰り返します。

復習のしかた：丸暗記より、選択肢の「誤り。」の理由を声に出して説明できるかを目標にします。",用語解説は辞書のように読むだけでよい。,×。過去問と合わせて確認します。,用語解説とは何ですか？,用語解説は、まず「用語解説」とは、試験範囲の重要語句について、定義・試験での見方・関連用語を説明した記事を指す。 たとえば、危険物の性質（水溶性か、蒸気がたまりやすいか）に合った消火・漏えい対策かどうかが、正誤の判断ポイントになります。 試験では、つまずきから辿る点を押さえると得点源になります。,用語解説は試験でどんなふうに問われますか？,つまずきから辿る。演習と往復。誤解・関連用語を確認。,用語解説で間違えやすい点は？,用語だけ読んで演習しない。関連用語を見ない。,用語解説と「過去問」「復習」の違いは？,「過去問」「復習」は意味や数値・適用場面が異なります。用語ページの比較表と演習で、用語解説だけのポイントを確認してください。
試験要項,しけんようこう,法令・制度,公式情報;学習法,"試験要項は、まず「試験要項」とは、試験科目・出題形式・合格判定・受験手続などを定めた試験実施団体の公式文書を指す。

たとえば、条文では「消防法で定める」「政令で定める」「施行令で定める」のように、どの法令に書かれているかを選ぶ問題がよく出ます。

試験では、科目・形式・合格基準点を押さえると得点源になります。",まず「試験要項」とは、試験科目・出題形式・合格判定・受験手続などを定めた試験実施団体の公式文書を指す。,公式情報;受験資格;合格基準;出題範囲,,A,試験要項は受験判断の基準になる資料です。学習前と申込前に確認します。,試験要項とは？危険物取扱者試験（乙種第4類）の学習で押さえるポイント,試験要項で押さえる項目と、学習計画への落とし込み方を整理します。,"試験要項では、受験資格・試験科目・出題形式（五肢択一など）・合格基準・試験時間が書かれています。乙4は学科試験が中心で、法令・物性・火災の出題配分は公式の出題範囲表とあわせて読む必要があります。

要項の改訂年を確認し、旧版のPDFを使い回さないことが重要です。CBT化や実施回の変更は要項・受験案内の両方に記載されるため、セットで確認してください。",科目・形式・合格基準。;受験資格との整合。;改訂年度の確認。,旧年度の要項を使用する。;出題範囲表を読まない。;合格基準を推測する。,"「試験要項」は、法令・制度の頻出語です。

整理のコツ：関連する「公式情報」「受験資格」「合格基準」と、「同じ点・違う点」を表に書き出し、試験要項だけの特徴を一行で言えるようにします。

覚え方：間違えたら「旧年度の要項を使用する」のパターンか確認し、同じ型の誤りが出た問題を2問だけ繰り返します。

復習のしかた：丸暗記より、選択肢の「誤り。」の理由を声に出して説明できるかを目標にします。",試験要項は一度確認すれば毎年同じである。,×。年度ごとに変更される場合があります。,試験要項とは何ですか？,試験要項は、まず「試験要項」とは、試験科目・出題形式・合格判定・受験手続などを定めた試験実施団体の公式文書を指す。 たとえば、条文では「消防法で定める」「政令で定める」「施行令で定める」のように、どの法令に書かれているかを選ぶ問題がよく出ます。 試験では、科目・形式・合格基準点を押さえると得点源になります。,試験要項は試験でどんなふうに問われますか？,科目・形式・合格基準。受験資格との整合。改訂年度の確認。,試験要項で間違えやすい点は？,旧年度の要項を使用する。出題範囲表を読まない。,試験要項と「公式情報」「受験資格」の違いは？,「公式情報」「受験資格」は意味や数値・適用場面が異なります。用語ページの比較表と演習で、試験要項だけのポイントを確認してください。
過去問,かこもん,物性・化学,演習;学習法,"過去問は、まず「過去問」とは、過去の試験で実際に出題された問題（または公式に公表された問題形式）を指す。

たとえば、引火点・沸点・密度など、数字と単位をセットで覚えると、選択肢の数値の当たり外れを見分けやすくなります。

試験では、年度別に解く点を押さえると得点源になります。",まず「過去問」とは、過去の試験で実際に出題された問題（または公式に公表された問題形式）を指す。,出題範囲;復習;一問一答,,A,過去問は現在地を確認するための重要な材料です。解いた後の復習まで含めて活用します。,過去問とは？危険物取扱者試験（乙種第4類）の学習で押さえるポイント,過去問の効果的な使い方と、用語・復習との組み合わせを整理します。,"過去問は、出題形式・分野配分・ひっかけの型を把握するうえで最も信頼できる材料です。最初から全問完璧を目指すより、1年度分を時間を計って解き、読めなかった用語と迷った選択肢を記録する進め方が現実的です。

間違えた問題は、選択肢ごとの正誤理由をメモし、該当する用語解説ページへ戻って定義と数値を確認してください。同じ誤りを「なぜ誤ったか」まで書けると、次の年度演習で得点に直結しやすくなります。",年度別に解く。;誤答理由の記録。;用語・分野と紐づける。,解くだけで復習しない。;正答率だけ見る。;古い法令のまま暗記する。,"「過去問」は、物性・化学の頻出語です。

整理のコツ：関連する「出題範囲」「復習」「一問一答」と、「同じ点・違う点」を表に書き出し、過去問だけの特徴を一行で言えるようにします。

覚え方：間違えたら「解くだけで復習しない」のパターンか確認し、同じ型の誤りが出た問題を2問だけ繰り返します。

復習のしかた：丸暗記より、選択肢の「誤り。」の理由を声に出して説明できるかを目標にします。",過去問は答えを覚えれば十分である。,×。理由まで確認することが大切です。,過去問とは何ですか？,過去問は、まず「過去問」とは、過去の試験で実際に出題された問題（または公式に公表された問題形式）を指す。 たとえば、引火点・沸点・密度など、数字と単位をセットで覚えると、選択肢の数値の当たり外れを見分けやすくなります。 試験では、年度別に解く点を押さえると得点源になります。,過去問は試験でどんなふうに問われますか？,年度別に解く。誤答理由の記録。用語・分野と紐づける。,過去問で間違えやすい点は？,解くだけで復習しない。正答率だけ見る。,過去問と「出題範囲」「復習」の違いは？,「出題範囲」「復習」は意味や数値・適用場面が異なります。用語ページの比較表と演習で、過去問だけのポイントを確認してください。
pH,pH,物性・化学,物性・化学;乙4;頻出;詳細記事;実践演習連動;一問一答連動,"pHは、pH7付近は中性、7より大きいものはアルカリ性である。

たとえば、引火点・沸点・密度など、数字と単位をセットで覚えると、選択肢の数値の当たり外れを見分けやすくなります。

試験では、pH7付近が中性、7未満は酸性、7超はアルカリ性点を押さえると得点源になります。",まず「pH」は、pH7付近は中性、7より大きいものはアルカリ性である。 一般に、pHが7より小さい水溶液は酸性を示す。pH7付近は中性、7より大きいものはアルカリ性である。 物性・化学では「酸・アルカリ」の文脈で繰り返し問われます。,酸・アルカリ;アルカリ,,B,pH7付近が中性、7未満は酸性、7超はアルカリ性。 pHの大小と酸性・アルカリ性を逆に覚えない。 誤り。pHが7より小さいものは一般に酸性である。 誤り。pHは物質や条件によって異なる。,pHとは？危険物取扱者試験（乙種第4類）で押さえる意味・試験ポイント,このページでは、物性・化学分野の「pH」を、試験に出る形で整理します。ひとことで言うと、pH7付近は中性、7より大きいものはアルカリ性である。下の目次の順に読むと、定義から演習のポイントまでつながって理解できます。,"pHは、pH7付近は中性、7より大きいものはアルカリ性である。 酸性・中性・アルカリ性の程度を表す指標である。一般にpH7付近が中性、7より小さいと酸性、7より大きいとアルカリ性である。

試験では、pH7付近が中性、7未満は酸性、7超はアルカリ性点が問われます。

誤り。pHが7より小さいものは一般に酸性である。

誤り。pHは物質や条件によって異なる。

誤り。pH7付近は中性である。

誤り。燃えやすさだけを表す指標ではない。

pH7付近が中性、7未満は酸性、7超はアルカリ性。

pHの大小と酸性・アルカリ性を逆に覚えない。

よくある誤りは、pHの大小と酸性・アルカリ性を逆に覚えない。

物性・化学では「酸・アルカリ」「アルカリ」など近い用語とセットで出題されます。定義・数値・主体の違いを表で対比し、pHだけの特徴を一言で言えるようにしてください。

一般に、pHが7より小さい水溶液は酸性を示す。",pH7付近が中性、7未満は酸性、7超はアルカリ性。,pHの大小と酸性・アルカリ性を逆に覚えない。,"「pH」は、物性・化学の頻出語です。

整理のコツ：関連する「酸・アルカリ」「アルカリ」と、「同じ点・違う点」を表に書き出し、pHだけの特徴を一行で言えるようにします。

覚え方：間違えたら「pHの大小と酸性・アルカリ性を逆に覚えない」のパターンか確認し、同じ型の誤りが出た問題を2問だけ繰り返します。

復習のしかた：丸暗記より、選択肢の「誤り。」の理由を声に出して説明できるかを目標にします。",pHについて、「pHが7のものは、必ず強酸性である。」は正しい。,×。誤り。,pHとは何ですか？,pHは、pH7付近は中性、7より大きいものはアルカリ性である。 たとえば、引火点・沸点・密度など、数字と単位をセットで覚えると、選択肢の数値の当たり外れを見分けやすくなります。 試験では、pH7付近が中性、7未満は酸性、7超はアルカリ性点を押さえると得点源になります。,pHは試験でどんなふうに問われますか？,pH7付近が中性、7未満は酸性、7超はアルカリ性。,pHで間違えやすい点は？,pHの大小と酸性・アルカリ性を逆に覚えない。,pHと「酸・アルカリ」「アルカリ」の違いは？,「酸・アルカリ」「アルカリ」は意味や数値・適用場面が異なります。用語ページの比較表と演習で、pHだけのポイントを確認してください。
ひっかけ問題,ひっかけもんだい,法令・制度,法令・制度;乙4;頻出;詳細記事;実践演習連動;一問一答連動,"ひっかけ問題は、指定数量、製造所等、危険物取扱者制度はいずれも危険物の安全な取扱い、貯蔵、管理に関係する法令上の重要論点である。

たとえば、ガソリン（非水溶性）は200 L、アセトン（水溶性）は400 Lのように、品名ごとに数値が決まります。

試験では、法令分野は指定数量・施設・資格制度を関連づけて理解する点を押さえると得点源になります。",まず「ひっかけ問題」は、指定数量、製造所等、危険物取扱者制度はいずれも危険物の安全な取扱い、貯蔵、管理に関係する法令上の重要論点である。 製造所等は、製造所、貯蔵所、取扱所の総称である。給油取扱所は取扱所、屋外タンク貯蔵所は貯蔵所である。 法令・制度では「総合問題」の文脈で繰り返し問われます。,総合問題;法令分野の複合・ひっかけ問題;法令分野の複合,消防法,B,法令分野は指定数量・施設・資格制度を関連づけて理解する。 乙4免状で全類を扱えるわけではない。 貯蔵所と取扱所の代表例を混同しない。 誤り。標識や掲示板は設置が必要です場合がある。,ひっかけ問題とは？危険物取扱者試験（乙種第4類）で押さえる意味・試験ポイント,このページでは、法令・制度分野の「ひっかけ問題」を、試験に出る形で整理します。ひとことで言うと、指定数量、製造所等、危険物取扱者制度はいずれも危険物の安全な取扱い、貯蔵、管理に関係する法令上の重要論点である。下の目次の順に読むと、定義から演習のポイントまでつながって理解できます。,"ひっかけ問題は、指定数量、製造所等、危険物取扱者制度はいずれも危険物の安全な取扱い、貯蔵、管理に関係する法令上の重要論点である。 製造所等は、製造所、貯蔵所、取扱所の総称である。給油取扱所は取扱所、屋外タンク貯蔵所は貯蔵所である。

試験では、法令分野は指定数量・施設・資格制度を関連づけて理解する。施設許可・資格・指定数量を分けて理解する。また、施設の制度と人の資格制度を区別する点も押さえます。

誤り。標識や掲示板は設置が必要です場合がある。

誤り。製造所等は製造所・貯蔵所・取扱所を指します。

誤り。乙4は第4類危険物が対象である。

誤り。指定数量は危険物の危険性を判断する基準数量である。

法令分野は指定数量・施設・資格制度を関連づけて理解する。

乙4免状で全類を扱えるわけではない。

貯蔵所と取扱所の代表例を混同しない。

よくある誤りは、乙4免状で全類を扱えるわけではない。貯蔵所と取扱所の代表例を混同しない。『誤っているもの』を選ぶ問題では問い方を確認する。

法令・制度では「総合問題」「法令分野の複合・ひっかけ問題」など近い用語とセットで出題されます。定義・数値・主体の違いを表で対比し、ひっかけ問題だけの特徴を一言で言えるようにしてください。

乙種第4類免状で取り扱えるのは第4類危険物であり、すべての類の危険物を取り扱えるわけではない。

危険物法令では、施設の許可、取扱者の資格、指定数量などを別々の論点として整理する必要がある。

誤り。標識や掲示板は設置が必要です場合がある。

誤り。製造所等は製造所・貯蔵所・取扱所を指します。",法令分野は指定数量・施設・資格制度を関連づけて理解する。;施設許可・資格・指定数量を分けて理解する。;施設の制度と人の資格制度を区別する。,乙4免状で全類を扱えるわけではない。;貯蔵所と取扱所の代表例を混同しない。;『誤っているもの』を選ぶ問題では問い方を確認する。;免状があれば施設許可不要、という誤解に注意。;免状があれば施設許可が不要になる、とは考えない。,"「ひっかけ問題」は、法令・制度の頻出語です。

整理のコツ：関連する「総合問題」「法令分野の複合・ひっかけ問題」「法令分野の複合」と、「同じ点・違う点」を表に書き出し、ひっかけ問題だけの特徴を一行で言えるようにします。

覚え方：間違えたら「乙4免状で全類を扱えるわけではない」のパターンか確認し、同じ型の誤りが出た問題を2問だけ繰り返します。

復習のしかた：丸暗記より、選択肢の「誤り。」の理由を声に出して説明できるかを目標にします。",危険物に関する法令の説明として、最も適切なものについて、「指定数量、製造所等、危険物取扱者制度は、いずれも危険物の安全な取扱いに関係する。」は正しい。,○。正しい。,ひっかけ問題とは何ですか？,ひっかけ問題は、指定数量、製造所等、危険物取扱者制度はいずれも危険物の安全な取扱い、貯蔵、管理に関係する法令上の重要論点である。 たとえば、ガソリン（非水溶性）は200 L、アセトン（水溶性）は400 Lのように、品名ごとに数値が決まります。 試験では、法令分野は指定数量・施設・資格制度を関連づけて理解する点を押さえると得点源になります。,ひっかけ問題は試験でどんなふうに問われますか？,法令分野は指定数量・施設・資格制度を関連づけて理解する。施設許可・資格・指定数量を分けて理解する。施設の制度と人の資格制度を区別する。,ひっかけ問題で間違えやすい点は？,乙4免状で全類を扱えるわけではない。貯蔵所と取扱所の代表例を混同しない。,ひっかけ問題と「総合問題」「法令分野の複合・ひっかけ問題」の違いは？,「総合問題」「法令分野の複合・ひっかけ問題」は意味や数値・適用場面が異なります。用語ページの比較表と演習で、ひっかけ問題だけのポイントを確認してください。
ひっかけ対策,ひっかけたいさく,火災・消火・漏えい,火災・消火・漏えい;乙4;頻出;学習法,"ひっかけ対策は、まず「ひっかけ対策」とは、選択肢の言い換えや「誤っているものはどれか」といった問い方の癖を把握し、定義と条文を照らして判別する学習の仕方を指す。

たとえば、危険物の性質（水溶性か、蒸気がたまりやすいか）に合った消火・漏えい対策かどうかが、正誤の判断ポイントになります。

試験では、問い方（正しい／誤り）を先に確認点を押さえると得点源になります。",まず「ひっかけ対策」とは、選択肢の言い換えや「誤っているものはどれか」といった問い方の癖を把握し、定義と条文を照らして判別する学習の仕方を指す。,ガソリン;灯油;第4類危険物,,B,設問文の冒頭（正しい／誤っている）を線引きし、各選択肢を定義・数値と照合して判断します。,ひっかけ対策とは？危険物取扱者試験（乙種第4類）の学習で押さえる整理の仕方,試験特有の問い方と、数値・分類のひっかけに備える学習の視点を整理します。,"乙4では、正しい説明だけでなく「誤っているものはどれか」が頻出します。問い方を先に確認し、数字・主体・品名の取り違えを意識して解くことが重要です。

具体例として、ガソリン（第1石油類）・灯油（第2石油類）・重油（第3石油類）の分類や、水溶性と非水溶性の違いは、同じような語句で混同されやすいテーマです。

詳しい学習の進め方は試験ガイド「過去問の使い方」もあわせて確認してください。",問い方（正しい／誤り）を先に確認。;数値・主体・品名の取り違え。;類似分類の比較。,誤り選択肢を正しいと決めつける。;数量を単純合計する。;水溶性＝安全とみなす。,混同しやすいテーマは比較表にし、演習で間違えた論点だけを表に追記する。,第4類危険物の分類について、「ガソリン、灯油、重油はいずれも第1類危険物である。」は正しい。,×。誤り。,ひっかけ対策とは何ですか？,ひっかけ対策は、まず「ひっかけ対策」とは、選択肢の言い換えや「誤っているものはどれか」といった問い方の癖を把握し、定義と条文を照らして判別する学習の仕方を指す。 たとえば、危険物の性質（水溶性か、蒸気がたまりやすいか）に合った消火・漏えい対策かどうかが、正誤の判断ポイントになります。 試験では、問い方（正しい／誤り）を先に確認点を押さえると得点源になります。,ひっかけ対策は試験でどんなふうに問われますか？,問い方（正しい／誤り）を先に確認。数値・主体・品名の取り違え。類似分類の比較。,ひっかけ対策で間違えやすい点は？,誤り選択肢を正しいと決めつける。数量を単純合計する。,ひっかけ対策と「ガソリン」「灯油」の違いは？,「ガソリン」「灯油」は意味や数値・適用場面が異なります。用語ページの比較表と演習で、ひっかけ対策だけのポイントを確認してください。
よくある混同論点,よくあるこんどうろんてん,火災・消火・漏えい,火災・消火・漏えい;乙4;頻出;学習法,"よくある混同論点は、まず「よくある混同論点」とは、似た用語や数値の組み合わせを取り違えやすいテーマをまとめ、比較しながら覚えるための整理枠を指す。

たとえば、ガソリン（非水溶性）は200 L、アセトン（水溶性）は400 Lのように、品名ごとに数値が決まります。

試験では、類似語の対比点を押さえると得点源になります。",まず「よくある混同論点」とは、似た用語や数値の組み合わせを取り違えやすいテーマをまとめ、比較しながら覚えるための整理枠を指す。,指定数量;第4類危険物;泡消火,,B,比較表や一覧で「同じ点・違う点」だけを書き出し、選択肢ごとに当てはめて確認します。,よくある混同論点とは？危険物取扱者試験（乙種第4類）の学習で押さえる整理の仕方,混同しやすいテーマを対比表で整理する考え方を説明します。,"法令・物性・火災の各分野で、「似ているが違う」組み合わせが繰り返し問われます。例として、危険物の類と品名、指定数量と倍数、消火方法と危険物の性質などです。

1つの論点を押さえたら、関連する用語ページと実践演習でセット復習すると定着しやすくなります。",類似語の対比。;指定数量と倍数。;消火方法と危険物分類。,名称だけで分類を判断する。;単位や主体を読み飛ばす。;例外規定を一般化する。,混同しやすいテーマは比較表にし、演習で間違えた論点だけを表に追記する。,第4類危険物の分類について、「ガソリン、灯油、重油はいずれも第1類危険物である。」は正しい。,×。誤り。,よくある混同論点とは何ですか？,よくある混同論点は、まず「よくある混同論点」とは、似た用語や数値の組み合わせを取り違えやすいテーマをまとめ、比較しながら覚えるための整理枠を指す。 たとえば、ガソリン（非水溶性）は200 L、アセトン（水溶性）は400 Lのように、品名ごとに数値が決まります。 試験では、類似語の対比点を押さえると得点源になります。,よくある混同論点は試験でどんなふうに問われますか？,類似語の対比。指定数量と倍数。消火方法と危険物分類。,よくある混同論点で間違えやすい点は？,名称だけで分類を判断する。単位や主体を読み飛ばす。,よくある混同論点と「指定数量」「第4類危険物」の違いは？,「指定数量」「第4類危険物」は意味や数値・適用場面が異なります。用語ページの比較表と演習で、よくある混同論点だけのポイントを確認してください。
アセトアルデヒド,あせとあるでひど,火災・消火・漏えい,火災・消火・漏えい;乙4;頻出;詳細記事;実践演習連動;一問一答連動,"アセトアルデヒドは、第4類危険物の特殊引火物に当てはまる代表例である。

たとえば、危険物の性質（水溶性か、蒸気がたまりやすいか）に合った消火・漏えい対策かどうかが、正誤の判断ポイントになります。

試験では、定義を一文で説明できる点を押さえると得点源になります。",まず「アセトアルデヒド」は、第4類危険物の特殊引火物に当てはまる代表例である。引火危険が高い物質として押さえる。 特殊引火物に分類される代表例である。 火災・消火・漏えいでは「特殊引火物」の文脈で繰り返し問われます。,アセトン;アニリン;アルコール類,危険物の規制に関する政令,B,誤り。禁水性物質ではない。 誤り。重油ではない。 誤り。第6類危険物ではない。,アセトアルデヒドとは？危険物取扱者試験（乙種第4類）で押さえる意味・試験ポイント,このページでは、火災・消火・漏えい分野の「アセトアルデヒド」を、試験に出る形で整理します。ひとことで言うと、第4類危険物の特殊引火物に当てはまる代表例である。引火危険が高い物質として押さえる。下の目次の順に読むと、定義から演習のポイントまでつながって理解できます。,"アセトアルデヒドは、第4類危険物の特殊引火物に当てはまる代表例である。引火危険が高い物質として押さえる。

誤り。禁水性物質ではない。

誤り。重油ではない。

誤り。第6類危険物ではない。

誤り。引火危険がある。

火災・消火・漏えいでは「アセトン」「アニリン」など近い用語とセットで出題されます。定義・数値・主体の違いを表で対比し、アセトアルデヒドだけの特徴を一言で言えるようにしてください。",定義を一文で説明できる。;適用する場面（製造・貯蔵・取扱・消火）を挙げられる。;関連する法令名を意識できる。,類似語と混同する。;数字や条件を取り違える。;すべての危険物に当てはめる。,"「アセトアルデヒド」は、火災・消火・漏えいの頻出語です。

整理のコツ：関連する「アセトン」「アニリン」「アルコール類」と、「同じ点・違う点」を表に書き出し、アセトアルデヒドだけの特徴を一行で言えるようにします。

覚え方：間違えたら「類似語と混同する」のパターンか確認し、同じ型の誤りが出た問題を2問だけ繰り返します。

復習のしかた：丸暗記より、選択肢の「誤り。」の理由を声に出して説明できるかを目標にします。",アセトアルデヒドについて、「特殊引火物に該当する代表的な危険物である。」は正しい。,○。正しい。,アセトアルデヒドとは何ですか？,アセトアルデヒドは、第4類危険物の特殊引火物に当てはまる代表例である。 たとえば、危険物の性質（水溶性か、蒸気がたまりやすいか）に合った消火・漏えい対策かどうかが、正誤の判断ポイントになります。 試験では、定義を一文で説明できる点を押さえると得点源になります。,アセトアルデヒドは試験でどんなふうに問われますか？,定義を一文で説明できる。適用する場面（製造・貯蔵・取扱・消火）を挙げられる。関連する法令名を意識できる。,アセトアルデヒドで間違えやすい点は？,類似語と混同する。数字や条件を取り違える。,アセトアルデヒドと「アセトン」「アニリン」の違いは？,「アセトン」「アニリン」は意味や数値・適用場面が異なります。用語ページの比較表と演習で、アセトアルデヒドだけのポイントを確認してください。
アセトン,あせとん,火災・消火・漏えい,火災・消火・漏えい;乙4;頻出;詳細記事;実践演習連動;一問一答連動,"アセトンは水溶性でも引火危険がある。

たとえば、水溶性液体で指定数量は400 L。水に溶けても引火の危険がある点が試験の定番です。

試験では、アセトンは水溶性でも引火危険がある点を押さえると得点源になります。",まず「アセトン」は、アセトンは水溶性でも引火危険がある。 第4類危険物の第一石油類であり、水溶性液体として扱われる。 火災・消火・漏えいでは「第一石油類」の文脈で繰り返し問われます。,アセトアルデヒド;アニリン;アルコール類,危険物の規制に関する政令,B,水に溶けることと安全であることは同じではない。 アセトンは水溶性でも引火危険がある。 アセトンは第一石油類・水溶性・400 L。 誤り。アセトンは水に溶け、引火危険がある。,アセトンとは？危険物取扱者試験（乙種第4類）で押さえる意味・試験ポイント,このページでは、火災・消火・漏えい分野の「アセトン」を、試験に出る形で整理します。ひとことで言うと、アセトンは水溶性でも引火危険がある。下の目次の順に読むと、定義から演習のポイントまでつながって理解できます。,"アセトンは水溶性でも引火危険がある。 第4類危険物の第一石油類に分類される水溶性液体であり、引火の危険がある。

試験では、アセトンは水溶性でも引火危険がある。アセトンは第一石油類・水溶性・400 L。また、アセトンは水溶性、ガソリンは非水溶性点も押さえます。

誤り。アセトンは水に溶け、引火危険がある。

誤り。アセトンは常温で液体である。

誤り。アセトンは第4類危険物であり、酸化性固体ではない。

誤り。禁水性物質ではない。

水に溶けることと安全であることは同じではない。

アセトンは水溶性でも引火危険がある。

アセトンは第一石油類・水溶性・400 L。

よくある誤りは、水に溶けることと安全であることは同じではない。同じ第一石油類でも水溶性で指定数量が違う。

火災・消火・漏えいでは「アセトアルデヒド」「アニリン」など近い用語とセットで出題されます。定義・数値・主体の違いを表で対比し、アセトンだけの特徴を一言で言えるようにしてください。

第4類危険物の第一石油類であり、水溶性液体として扱われる。

第4類危険物の第一石油類に分類される水溶性液体であり、水に溶けるが引火危険がある。

第一石油類の水溶性液体であり、指定数量は400 Lである。

第一石油類の水溶性液体、ガソリンは第一石油類の非水溶性液体として整理される。",アセトンは水溶性でも引火危険がある。;アセトンは第一石油類・水溶性・400 L。;アセトンは水溶性、ガソリンは非水溶性。,水に溶けることと安全であることは同じではない。;同じ第一石油類でも水溶性で指定数量が違う。,"「アセトン」は、火災・消火・漏えいの頻出語です。

整理のコツ：関連する「アセトアルデヒド」「アニリン」「アルコール類」と、「同じ点・違う点」を表に書き出し、アセトンだけの特徴を一行で言えるようにします。

覚え方：間違えたら「水に溶けることと安全であることは同じではない」のパターンか確認し、同じ型の誤りが出た問題を2問だけ繰り返します。

復習のしかた：丸暗記より、選択肢の「誤り。」の理由を声に出して説明できるかを目標にします。",アセトンの性質について、「水に溶け、引火の危険がある液体である。」は正しい。,○。正しい。,アセトンとは何ですか？,アセトンは水溶性でも引火危険がある。 たとえば、水溶性液体で指定数量は400 L。水に溶けても引火の危険がある点が試験の定番です。 試験では、アセトンは水溶性でも引火危険がある点を押さえると得点源になります。,アセトンは試験でどんなふうに問われますか？,アセトンは水溶性でも引火危険がある。アセトンは第一石油類・水溶性・400 L。アセトンは水溶性、ガソリンは非水溶性。,アセトンで間違えやすい点は？,水に溶けることと安全であることは同じではない。同じ第一石油類でも水溶性で指定数量が違う。,アセトンと「アセトアルデヒド」「アニリン」の違いは？,「アセトアルデヒド」「アニリン」は意味や数値・適用場面が異なります。用語ページの比較表と演習で、アセトンだけのポイントを確認してください。
アニリン,あにりん,火災・消火・漏えい,火災・消火・漏えい;乙4;頻出;詳細記事;実践演習連動;一問一答連動,"アニリンは、エチレングリコールは第4類危険物の第三石油類に分類される代表的な物質である。

たとえば、危険物の性質（水溶性か、蒸気がたまりやすいか）に合った消火・漏えい対策かどうかが、正誤の判断ポイントになります。

試験では、エチレングリコール・グリセリンは第三石油類点を押さえると得点源になります。",まず「アニリン」は、エチレングリコールは第4類危険物の第三石油類に分類される代表的な物質である。 第4類危険物の第三石油類に分類される代表的な物質である。 火災・消火・漏えいでは「第三石油類」の文脈で繰り返し問われます。,第三石油類;クレオソート油・アニリン・エチレングリコール;クレオソート油,危険物の規制に関する政令,B,アルコール類と名前の印象だけで混同しない。 エチレングリコール・グリセリンは第三石油類。 名称からアルコール類と早合点しない。 誤り。動植物油類ではない。,アニリンとは？危険物取扱者試験（乙種第4類）で押さえる意味・試験ポイント,このページでは、火災・消火・漏えい分野の「アニリン」を、試験に出る形で整理します。ひとことで言うと、エチレングリコールは第4類危険物の第三石油類に分類される代表的な物質である。下の目次の順に読むと、定義から演習のポイントまでつながって理解できます。,"アニリンは、エチレングリコールは第4類危険物の第三石油類に分類される代表的な物質である。 クレオソート油は第三石油類に分類される代表例である。

試験では、エチレングリコール・グリセリンは第三石油類点が問われます。

誤り。動植物油類ではない。

誤り。第一石油類ではない。

誤り。特殊引火物ではない。

誤り。アルコール類ではない。

アルコール類と名前の印象だけで混同しない。

エチレングリコール・グリセリンは第三石油類。

名称からアルコール類と早合点しない。

よくある誤りは、アルコール類と名前の印象だけで混同しない。名称からアルコール類と早合点しない。

火災・消火・漏えいでは「第三石油類」「クレオソート油・アニリン・エチレングリコール」など近い用語とセットで出題されます。定義・数値・主体の違いを表で対比し、アニリンだけの特徴を一言で言えるようにしてください。

エチレングリコールとグリセリンはいずれも第三石油類として整理される。",エチレングリコール・グリセリンは第三石油類。,アルコール類と名前の印象だけで混同しない。;名称からアルコール類と早合点しない。,"「アニリン」は、火災・消火・漏えいの頻出語です。

整理のコツ：関連する「第三石油類」「クレオソート油・アニリン・エチレングリコール」「クレオソート油」と、「同じ点・違う点」を表に書き出し、アニリンだけの特徴を一行で言えるようにします。

覚え方：間違えたら「アルコール類と名前の印象だけで混同しない」のパターンか確認し、同じ型の誤りが出た問題を2問だけ繰り返します。

復習のしかた：丸暗記より、選択肢の「誤り。」の理由を声に出して説明できるかを目標にします。",エチレングリコールの分類について、「第三石油類」は正しい。,○。正しい。,アニリンとは何ですか？,アニリンは、エチレングリコールは第4類危険物の第三石油類に分類される代表的な物質である。 たとえば、危険物の性質（水溶性か、蒸気がたまりやすいか）に合った消火・漏えい対策かどうかが、正誤の判断ポイントになります。 試験では、エチレングリコール・グリセリンは第三石油類点を押さえると得点源になります。,アニリンは試験でどんなふうに問われますか？,エチレングリコール・グリセリンは第三石油類。,アニリンで間違えやすい点は？,アルコール類と名前の印象だけで混同しない。名称からアルコール類と早合点しない。,アニリンと「第三石油類」「クレオソート油・アニリン・エチレングリコール」の違いは？,「第三石油類」「クレオソート油・アニリン・エチレングリコール」は意味や数値・適用場面が異なります。用語ページの比較表と演習で、アニリンだけのポイントを確認してください。
アルカリの性質,あるかりのせいしつ,物性・化学,物性・化学;乙4;頻出;詳細記事;実践演習連動;一問一答連動,"アルカリの性質は、一般にpHが7より大きい水溶液はアルカリ性を示す。

たとえば、引火点・沸点・密度など、数字と単位をセットで覚えると、選択肢の数値の当たり外れを見分けやすくなります。

試験では、定義を一文で説明できる点を押さえると得点源になります。",まず「アルカリの性質」は、一般にpHが7より大きい水溶液はアルカリ性を示す。 誤り。必ず可燃性蒸気を発生するわけではない。 一般にpHが7より大きい水溶液はアルカリ性を示す。 物性・化学では「酸・アルカリ」の文脈で繰り返し問われます。,酸・アルカリ;アルカリ,,B,誤り。必ず可燃性蒸気を発生するわけではない。 誤り。pH0とは限らない。 誤り。必ず第4類危険物ではない。,アルカリの性質とは？危険物取扱者試験（乙種第4類）で押さえる意味・試験ポイント,このページでは、物性・化学分野の「アルカリの性質」を、試験に出る形で整理します。ひとことで言うと、一般にpHが7より大きい水溶液はアルカリ性を示す。下の目次の順に読むと、定義から演習のポイントまでつながって理解できます。,"アルカリの性質は、一般にpHが7より大きい水溶液はアルカリ性を示す。

誤り。必ず可燃性蒸気を発生するわけではない。

誤り。pH0とは限らない。

誤り。必ず第4類危険物ではない。

誤り。必ず酸素を放出するわけではない。

物性・化学では「酸・アルカリ」「アルカリ」など近い用語とセットで出題されます。定義・数値・主体の違いを表で対比し、アルカリの性質だけの特徴を一言で言えるようにしてください。",定義を一文で説明できる。;適用する場面（製造・貯蔵・取扱・消火）を挙げられる。;関連する法令名を意識できる。,類似語と混同する。;数字や条件を取り違える。;すべての危険物に当てはめる。,"「アルカリの性質」は、物性・化学の頻出語です。

整理のコツ：関連する「酸・アルカリ」「アルカリ」と、「同じ点・違う点」を表に書き出し、アルカリの性質だけの特徴を一行で言えるようにします。

覚え方：間違えたら「類似語と混同する」のパターンか確認し、同じ型の誤りが出た問題を2問だけ繰り返します。

復習のしかた：丸暗記より、選択肢の「誤り。」の理由を声に出して説明できるかを目標にします。",アルカリ性の水溶液について、一般に正しいものについて、「必ず可燃性蒸気を発生する。」は正しい。,×。誤り。,アルカリの性質とは何ですか？,アルカリの性質は、一般にpHが7より大きい水溶液はアルカリ性を示す。 たとえば、引火点・沸点・密度など、数字と単位をセットで覚えると、選択肢の数値の当たり外れを見分けやすくなります。 試験では、定義を一文で説明できる点を押さえると得点源になります。,アルカリの性質は試験でどんなふうに問われますか？,定義を一文で説明できる。適用する場面（製造・貯蔵・取扱・消火）を挙げられる。関連する法令名を意識できる。,アルカリの性質で間違えやすい点は？,類似語と混同する。数字や条件を取り違える。,アルカリの性質と「酸・アルカリ」「アルカリ」の違いは？,「酸・アルカリ」「アルカリ」は意味や数値・適用場面が異なります。用語ページの比較表と演習で、アルカリの性質だけのポイントを確認してください。
アルコール類,あるこーるるい,火災・消火・漏えい,火災・消火・漏えい;乙4;頻出;詳細記事;実践演習連動;一問一答連動,"アルコール類は、メタノールとエタノールはアルコール類の代表例である。

たとえば、危険物の性質（水溶性か、蒸気がたまりやすいか）に合った消火・漏えい対策かどうかが、正誤の判断ポイントになります。

試験では、メタノール・エタノールはアルコール類の代表例点を押さえると得点源になります。",まず「アルコール類」は、メタノールとエタノールはアルコール類の代表例である。 火災・消火・漏えいでは「アルコール類」の文脈で繰り返し問われます。,アルコール類の性質;メタノール;エタノール,危険物の規制に関する政令,B,メタノール・エタノールはアルコール類の代表例。 アルコール類と第一石油類・第二石油類を混同しない。 メタノール・エタノールはアルコール類。 誤り。ガソリンは第一石油類である。,アルコール類とは？危険物取扱者試験（乙種第4類）で押さえる意味・試験ポイント,このページでは、火災・消火・漏えい分野の「アルコール類」を、試験に出る形で整理します。ひとことで言うと、メタノールとエタノールはアルコール類の代表例である。下の目次の順に読むと、定義から演習のポイントまでつながって理解できます。,"アルコール類は、メタノールとエタノールはアルコール類の代表例である。 メタノールはアルコール類の代表例である。ガソリンは第一石油類、灯油は第二石油類、重油は第三石油類、二硫化炭素は特殊引火物に当てはまる。

試験では、メタノール・エタノールはアルコール類の代表例。メタノール・エタノールはアルコール類。メタノールは水溶性のアルコール類で引火危険がある。また、エタノールは水溶性でも引火危険がある点も押さえます。

誤り。ガソリンは第一石油類である。

誤り。重油は第三石油類である。

誤り。灯油は第二石油類である。

誤り。二硫化炭素は特殊引火物である。

メタノール・エタノールはアルコール類の代表例。

アルコール類と第一石油類・第二石油類を混同しない。

メタノール・エタノールはアルコール類。

よくある誤りは、アルコール類と第一石油類・第二石油類を混同しない。アルコール類は水に溶けやすいものが多いが、引火危険はある。アルコール類は水に溶けやすくても引火危険がある。

火災・消火・漏えいでは「アルコール類の性質」「メタノール」など近い用語とセットで出題されます。定義・数値・主体の違いを表で対比し、アルコール類だけの特徴を一言で言えるようにしてください。

メタノールはアルコール類に当てはまる第4類危険物であり、引火の危険がある。

エタノールは第4類危険物のアルコール類に該当し、引火の危険がある。",メタノール・エタノールはアルコール類の代表例。;メタノール・エタノールはアルコール類。;メタノールは水溶性のアルコール類で引火危険がある。;エタノールは水溶性でも引火危険がある。;メタノールは水溶性でも引火危険あり。;アルコール火災では耐アルコール泡を意識する。,アルコール類と第一石油類・第二石油類を混同しない。;アルコール類は水に溶けやすいものが多いが、引火危険はある。;アルコール類は水に溶けやすくても引火危険がある。;水溶性を理由に火気管理を軽視しない。,"「アルコール類」は、火災・消火・漏えいの頻出語です。

整理のコツ：関連する「アルコール類の性質」「メタノール」「エタノール」と、「同じ点・違う点」を表に書き出し、アルコール類だけの特徴を一行で言えるようにします。

覚え方：間違えたら「アルコール類と第一石油類・第二石油類を混同しない」のパターンか確認し、同じ型の誤りが出た問題を2問だけ繰り返します。

復習のしかた：丸暗記より、選択肢の「誤り。」の理由を声に出して説明できるかを目標にします。",アルコール類の代表例について、「灯油」は正しい。,×。誤り。,アルコール類とは何ですか？,アルコール類は、メタノールとエタノールはアルコール類の代表例である。 たとえば、危険物の性質（水溶性か、蒸気がたまりやすいか）に合った消火・漏えい対策かどうかが、正誤の判断ポイントになります。 試験では、メタノール・エタノールはアルコール類の代表例点を押さえると得点源になります。,アルコール類は試験でどんなふうに問われますか？,メタノール・エタノールはアルコール類の代表例。メタノール・エタノールはアルコール類。メタノールは水溶性のアルコール類で引火危険がある。,アルコール類で間違えやすい点は？,アルコール類と第一石油類・第二石油類を混同しない。アルコール類は水に溶けやすいものが多いが、引火危険はある。,アルコール類と「アルコール類の性質」「メタノール」の違いは？,「アルコール類の性質」「メタノール」は意味や数値・適用場面が異なります。用語ページの比較表と演習で、アルコール類だけのポイントを確認してください。
アルコール類の基礎,あるこーるるいのきそ,物性・化学,物性・化学;乙4;頻出;詳細記事;実践演習連動;一問一答連動,"アルコール類の基礎は、アルコール類は、分子内にヒドロキシ基をもつ有機化合物であり、メタノールやエタノールが代表例である。

たとえば、引火点・沸点・密度など、数字と単位をセットで覚えると、選択肢の数値の当たり外れを見分けやすくなります。

試験では、アルコール類はメタノール・エタノールを代表例として押さえる点を押さえると得点源になります。",まず「アルコール類の基礎」は、アルコール類は、分子内にヒドロキシ基をもつ有機化合物であり、メタノールやエタノールが代表例である。 誤り。引火危険があるものがある。 アルコール類は、分子内にヒドロキシ基をもつ有機化合物であり、メタノールやエタノールが代表例である。 物性・化学では「有機化合物」の文脈で繰り返し問われます。,pH;アルカリの性質;イオン,,B,アルコール類はメタノール・エタノールを代表例として押さえる。 誤り。引火危険があるものがある。 誤り。乙4ではアルコール類として第4類に分類される。 誤り。標識の種類ではない。,アルコール類の基礎とは？危険物取扱者試験（乙種第4類）で押さえる意味・試験ポイント,このページでは、物性・化学分野の「アルコール類の基礎」を、試験に出る形で整理します。ひとことで言うと、アルコール類は、分子内にヒドロキシ基をもつ有機化合物であり、メタノールやエタノールが代表例である。下の目次の順に読むと、定義から演習のポイントまでつながって理解できます。,"アルコール類の基礎は、アルコール類は、分子内にヒドロキシ基をもつ有機化合物であり、メタノールやエタノールが代表例である。

試験では、アルコール類はメタノール・エタノールを代表例として押さえる点が問われます。

誤り。引火危険があるものがある。

誤り。乙4ではアルコール類として第4類に分類される。

誤り。標識の種類ではない。

誤り。金属ナトリウムだけでできているわけではない。

アルコール類はメタノール・エタノールを代表例として押さえる。

物性・化学では「pH」「アルカリの性質」など近い用語とセットで出題されます。定義・数値・主体の違いを表で対比し、アルコール類の基礎だけの特徴を一言で言えるようにしてください。",アルコール類はメタノール・エタノールを代表例として押さえる。,類似語と混同する。;数字や条件を取り違える。;すべての危険物に当てはめる。,"「アルコール類の基礎」は、物性・化学の頻出語です。

整理のコツ：関連する「pH」「アルカリの性質」「イオン」と、「同じ点・違う点」を表に書き出し、アルコール類の基礎だけの特徴を一行で言えるようにします。

覚え方：間違えたら「類似語と混同する」のパターンか確認し、同じ型の誤りが出た問題を2問だけ繰り返します。

復習のしかた：丸暗記より、選択肢の「誤り。」の理由を声に出して説明できるかを目標にします。",アルコール類に共通する特徴について、「すべて不燃性である。」は正しい。,×。誤り。,アルコール類の基礎とは何ですか？,アルコール類の基礎は、アルコール類は、分子内にヒドロキシ基をもつ有機化合物であり、メタノールやエタノールが代表例である。 たとえば、引火点・沸点・密度など、数字と単位をセットで覚えると、選択肢の数値の当たり外れを見分けやすくなります。 試験では、アルコール類はメタノール・エタノールを代表例として押さえる点を押さえると得点源になります。,アルコール類の基礎は試験でどんなふうに問われますか？,アルコール類はメタノール・エタノールを代表例として押さえる。,アルコール類の基礎で間違えやすい点は？,類似語と混同する。数字や条件を取り違える。,アルコール類の基礎と「pH」「アルカリの性質」の違いは？,「pH」「アルカリの性質」は意味や数値・適用場面が異なります。用語ページの比較表と演習で、アルコール類の基礎だけのポイントを確認してください。
アルコール類の性質,あるこーるるいのせいしつ,火災・消火・漏えい,火災・消火・漏えい;乙4;頻出;詳細記事;実践演習連動;一問一答連動,"アルコール類の性質は、メタノールはアルコール類の代表例である。

たとえば、危険物の性質（水溶性か、蒸気がたまりやすいか）に合った消火・漏えい対策かどうかが、正誤の判断ポイントになります。

試験では、メタノール・エタノールはアルコール類の代表例点を押さえると得点源になります。",まず「アルコール類の性質」は、メタノールはアルコール類の代表例である。ガソリンは第一石油類、灯油は第二石油類、重油は第三石油類、二硫化炭素は特殊引火物に当てはまる。 メタノールとエタノールはアルコール類の代表例である。 火災・消火・漏えいでは「アルコール類」の文脈で繰り返し問われます。,アセトアルデヒド;アセトン;アニリン,危険物の規制に関する政令,B,メタノール・エタノールはアルコール類の代表例。 アルコール類と第一石油類・第二石油類を混同しない。 メタノール・エタノールはアルコール類。 誤り。ガソリンは第一石油類である。,アルコール類の性質とは？危険物取扱者試験（乙種第4類）で押さえる意味・試験ポイント,このページでは、火災・消火・漏えい分野の「アルコール類の性質」を、試験に出る形で整理します。ひとことで言うと、メタノールはアルコール類の代表例である。ガソリンは第一石油類、灯油は第二石油類、重油は第三石油類、二硫化炭素は特殊引火物に当てはまる。下の目次の順に読むと、定義から演習のポイントまでつながって理解できます。,"アルコール類の性質は、メタノールはアルコール類の代表例である。ガソリンは第一石油類、灯油は第二石油類、重油は第三石油類、二硫化炭素は特殊引火物に当てはまる。 メタノールとエタノールはアルコール類の代表例である。

試験では、メタノール・エタノールはアルコール類の代表例。また、メタノール・エタノールはアルコール類点も押さえます。

誤り。ガソリンは第一石油類である。

誤り。重油は第三石油類である。

誤り。灯油は第二石油類である。

誤り。二硫化炭素は特殊引火物である。

メタノール・エタノールはアルコール類の代表例。

アルコール類と第一石油類・第二石油類を混同しない。

メタノール・エタノールはアルコール類。

よくある誤りは、アルコール類と第一石油類・第二石油類を混同しない。

火災・消火・漏えいでは「アセトアルデヒド」「アセトン」など近い用語とセットで出題されます。定義・数値・主体の違いを表で対比し、アルコール類の性質だけの特徴を一言で言えるようにしてください。",メタノール・エタノールはアルコール類の代表例。;メタノール・エタノールはアルコール類。,アルコール類と第一石油類・第二石油類を混同しない。,"「アルコール類の性質」は、火災・消火・漏えいの頻出語です。

整理のコツ：関連する「アセトアルデヒド」「アセトン」「アニリン」と、「同じ点・違う点」を表に書き出し、アルコール類の性質だけの特徴を一行で言えるようにします。

覚え方：間違えたら「アルコール類と第一石油類・第二石油類を混同しない」のパターンか確認し、同じ型の誤りが出た問題を2問だけ繰り返します。

復習のしかた：丸暗記より、選択肢の「誤り。」の理由を声に出して説明できるかを目標にします。",アルコール類の代表例について、「灯油」は正しい。,×。誤り。,アルコール類の性質とは何ですか？,アルコール類の性質は、メタノールはアルコール類の代表例である。 たとえば、危険物の性質（水溶性か、蒸気がたまりやすいか）に合った消火・漏えい対策かどうかが、正誤の判断ポイントになります。 試験では、メタノール・エタノールはアルコール類の代表例点を押さえると得点源になります。,アルコール類の性質は試験でどんなふうに問われますか？,メタノール・エタノールはアルコール類の代表例。メタノール・エタノールはアルコール類。,アルコール類の性質で間違えやすい点は？,アルコール類と第一石油類・第二石油類を混同しない。,アルコール類の性質と「アセトアルデヒド」「アセトン」の違いは？,「アセトアルデヒド」「アセトン」は意味や数値・適用場面が異なります。用語ページの比較表と演習で、アルコール類の性質だけのポイントを確認してください。
イオン,いおん,物性・化学,物性・化学;乙4;頻出;詳細記事;実践演習連動;一問一答連動,"イオンは、電気を帯びた原子または原子団である。

たとえば、引火点・沸点・密度など、数字と単位をセットで覚えると、選択肢の数値の当たり外れを見分けやすくなります。

試験では、定義を一文で説明できる点を押さえると得点源になります。",まず「イオン」は、電気を帯びた原子または原子団である。酸・アルカリや電気的性質の理解に関係する。 電気を帯びた原子または原子団をイオンという。 物性・化学では「物質の構成」の文脈で繰り返し問われます。,pH;アルカリの性質;アルコール類の基礎,,B,pHや酸・アルカリの理解に関係する。 誤り。引火点や発火点ではない。 誤り。色を表す値ではない。 誤り。消火薬剤名ではない。,イオンとは？危険物取扱者試験（乙種第4類）で押さえる意味・試験ポイント,このページでは、物性・化学分野の「イオン」を、試験に出る形で整理します。ひとことで言うと、電気を帯びた原子または原子団である。酸・アルカリや電気的性質の理解に関係する。下の目次の順に読むと、定義から演習のポイントまでつながって理解できます。,"イオンは、電気を帯びた原子または原子団である。酸・アルカリや電気的性質の理解に関係する。 電気を帯びた原子または原子団をイオンという。

誤り。引火点や発火点ではない。

誤り。色を表す値ではない。

誤り。消火薬剤名ではない。

誤り。指定数量ではない。

pHや酸・アルカリの理解に関係する。

よくある誤りは、pHや酸・アルカリの理解に関係する。

物性・化学では「pH」「アルカリの性質」など近い用語とセットで出題されます。定義・数値・主体の違いを表で対比し、イオンだけの特徴を一言で言えるようにしてください。",定義を一文で説明できる。;適用する場面（製造・貯蔵・取扱・消火）を挙げられる。;関連する法令名を意識できる。,pHや酸・アルカリの理解に関係する。,"「イオン」は、物性・化学の頻出語です。

整理のコツ：関連する「pH」「アルカリの性質」「アルコール類の基礎」と、「同じ点・違う点」を表に書き出し、イオンだけの特徴を一行で言えるようにします。

覚え方：間違えたら「pHや酸・アルカリの理解に関係する」のパターンか確認し、同じ型の誤りが出た問題を2問だけ繰り返します。

復習のしかた：丸暗記より、選択肢の「誤り。」の理由を声に出して説明できるかを目標にします。",イオンについて、「電気を帯びた原子または原子団である。」は正しい。,○。正しい。,イオンとは何ですか？,イオンは、電気を帯びた原子または原子団である。 たとえば、引火点・沸点・密度など、数字と単位をセットで覚えると、選択肢の数値の当たり外れを見分けやすくなります。 試験では、定義を一文で説明できる点を押さえると得点源になります。,イオンは試験でどんなふうに問われますか？,定義を一文で説明できる。適用する場面（製造・貯蔵・取扱・消火）を挙げられる。関連する法令名を意識できる。,イオンで間違えやすい点は？,pHや酸・アルカリの理解に関係する。,イオンと「pH」「アルカリの性質」の違いは？,「pH」「アルカリの性質」は意味や数値・適用場面が異なります。用語ページの比較表と演習で、イオンだけのポイントを確認してください。
エタノール,えたのーる,火災・消火・漏えい,火災・消火・漏えい;乙4;頻出;詳細記事;実践演習連動;一問一答連動,"エタノールは、メタノール・エタノールはアルコール類。

たとえば、危険物の性質（水溶性か、蒸気がたまりやすいか）に合った消火・漏えい対策かどうかが、正誤の判断ポイントになります。

試験では、メタノール・エタノールはアルコール類点を押さえると得点源になります。",まず「エタノール」は、メタノール・エタノールはアルコール類。 水に溶けるアルコール類だが、引火危険がある。火気管理、密栓、換気が重要である。 火災・消火・漏えいでは「アルコール類」の文脈で繰り返し問われます。,アセトアルデヒド;アセトン;アニリン,危険物の規制に関する政令,B,メタノール・エタノールはアルコール類。 アルコール類は水に溶けやすくても引火危険がある。 エタノールは水溶性でも引火危険がある。 誤り。第1類危険物ではない。,エタノールとは？危険物取扱者試験（乙種第4類）で押さえる意味・試験ポイント,このページでは、火災・消火・漏えい分野の「エタノール」を、試験に出る形で整理します。ひとことで言うと、メタノール・エタノールはアルコール類。下の目次の順に読むと、定義から演習のポイントまでつながって理解できます。,"エタノールは、メタノール・エタノールはアルコール類。 第4類危険物のアルコール類に該当し、引火の危険がある。

試験では、メタノール・エタノールはアルコール類。エタノールは水溶性でも引火危険がある。また、アルコール火災では耐アルコール泡を意識する点も押さえます。

誤り。第1類危険物ではない。

誤り。アルコール類であり、第一石油類ではない。

誤り。禁水性物質ではない。

誤り。引火危険があるため注意が必要である。

メタノール・エタノールはアルコール類。

アルコール類は水に溶けやすくても引火危険がある。

エタノールは水溶性でも引火危険がある。

よくある誤りは、アルコール類は水に溶けやすくても引火危険がある。水溶性を理由に火気管理を軽視しない。

火災・消火・漏えいでは「アセトアルデヒド」「アセトン」など近い用語とセットで出題されます。定義・数値・主体の違いを表で対比し、エタノールだけの特徴を一言で言えるようにしてください。

水に溶けるアルコール類だが、引火危険がある。

水溶性液体であり、泡消火では耐アルコール泡などの適用を考慮する。",メタノール・エタノールはアルコール類。;エタノールは水溶性でも引火危険がある。;アルコール火災では耐アルコール泡を意識する。,アルコール類は水に溶けやすくても引火危険がある。;水溶性を理由に火気管理を軽視しない。,"「エタノール」は、火災・消火・漏えいの頻出語です。

整理のコツ：関連する「アセトアルデヒド」「アセトン」「アニリン」と、「同じ点・違う点」を表に書き出し、エタノールだけの特徴を一行で言えるようにします。

覚え方：間違えたら「アルコール類は水に溶けやすくても引火危険がある」のパターンか確認し、同じ型の誤りが出た問題を2問だけ繰り返します。

復習のしかた：丸暗記より、選択肢の「誤り。」の理由を声に出して説明できるかを目標にします。",エタノールについて、「水に触れると激しく発火する禁水性物質である。」は正しい。,×。誤り。,エタノールとは何ですか？,エタノールは、メタノール・エタノールはアルコール類。 たとえば、危険物の性質（水溶性か、蒸気がたまりやすいか）に合った消火・漏えい対策かどうかが、正誤の判断ポイントになります。 試験では、メタノール・エタノールはアルコール類点を押さえると得点源になります。,エタノールは試験でどんなふうに問われますか？,メタノール・エタノールはアルコール類。エタノールは水溶性でも引火危険がある。アルコール火災では耐アルコール泡を意識する。,エタノールで間違えやすい点は？,アルコール類は水に溶けやすくても引火危険がある。水溶性を理由に火気管理を軽視しない。,エタノールと「アセトアルデヒド」「アセトン」の違いは？,「アセトアルデヒド」「アセトン」は意味や数値・適用場面が異なります。用語ページの比較表と演習で、エタノールだけのポイントを確認してください。
エチレングリコール,えちれんぐりこーる,火災・消火・漏えい,火災・消火・漏えい;乙4;頻出;詳細記事;実践演習連動;一問一答連動,"エチレングリコールは、エチレングリコールとグリセリンはいずれも第三石油類として整理される。

たとえば、危険物の性質（水溶性か、蒸気がたまりやすいか）に合った消火・漏えい対策かどうかが、正誤の判断ポイントになります。

試験では、エチレングリコール・グリセリンは第三石油類点を押さえると得点源になります。",まず「エチレングリコール」は、エチレングリコールとグリセリンはいずれも第三石油類として整理される。 アニリンは第4類危険物の第三石油類に分類される代表的な物質である。 火災・消火・漏えいでは「第三石油類」の文脈で繰り返し問われます。,第三石油類;クレオソート油・アニリン・エチレングリコール;クレオソート油,危険物の規制に関する政令,B,アルコール類と名前の印象だけで混同しない。 エチレングリコール・グリセリンは第三石油類。 名称からアルコール類と早合点しない。 誤り。動植物油類ではない。,エチレングリコールとは？危険物取扱者試験（乙種第4類）で押さえる意味・試験ポイント,このページでは、火災・消火・漏えい分野の「エチレングリコール」を、試験に出る形で整理します。ひとことで言うと、エチレングリコールとグリセリンはいずれも第三石油類として整理される。下の目次の順に読むと、定義から演習のポイントまでつながって理解できます。,"エチレングリコールは、エチレングリコールとグリセリンはいずれも第三石油類として整理される。 第4類危険物の第三石油類に分類される代表的な物質である。

試験では、エチレングリコール・グリセリンは第三石油類点が問われます。

誤り。動植物油類ではない。

誤り。第一石油類ではない。

誤り。特殊引火物ではない。

誤り。アルコール類ではない。

アルコール類と名前の印象だけで混同しない。

エチレングリコール・グリセリンは第三石油類。

名称からアルコール類と早合点しない。

よくある誤りは、アルコール類と名前の印象だけで混同しない。名称からアルコール類と早合点しない。

火災・消火・漏えいでは「第三石油類」「クレオソート油・アニリン・エチレングリコール」など近い用語とセットで出題されます。定義・数値・主体の違いを表で対比し、エチレングリコールだけの特徴を一言で言えるようにしてください。

クレオソート油は第三石油類に分類される代表例である。",エチレングリコール・グリセリンは第三石油類。,アルコール類と名前の印象だけで混同しない。;名称からアルコール類と早合点しない。,"「エチレングリコール」は、火災・消火・漏えいの頻出語です。

整理のコツ：関連する「第三石油類」「クレオソート油・アニリン・エチレングリコール」「クレオソート油」と、「同じ点・違う点」を表に書き出し、エチレングリコールだけの特徴を一行で言えるようにします。

覚え方：間違えたら「アルコール類と名前の印象だけで混同しない」のパターンか確認し、同じ型の誤りが出た問題を2問だけ繰り返します。

復習のしかた：丸暗記より、選択肢の「誤り。」の理由を声に出して説明できるかを目標にします。",エチレングリコールの分類について、「第三石油類」は正しい。,○。正しい。,エチレングリコールとは何ですか？,エチレングリコールは、エチレングリコールとグリセリンはいずれも第三石油類として整理される。 たとえば、危険物の性質（水溶性か、蒸気がたまりやすいか）に合った消火・漏えい対策かどうかが、正誤の判断ポイントになります。 試験では、エチレングリコール・グリセリンは第三石油類点を押さえると得点源になります。,エチレングリコールは試験でどんなふうに問われますか？,エチレングリコール・グリセリンは第三石油類。,エチレングリコールで間違えやすい点は？,アルコール類と名前の印象だけで混同しない。名称からアルコール類と早合点しない。,エチレングリコールと「第三石油類」「クレオソート油・アニリン・エチレングリコール」の違いは？,「第三石油類」「クレオソート油・アニリン・エチレングリコール」は意味や数値・適用場面が異なります。用語ページの比較表と演習で、エチレングリコールだけのポイントを確認してください。
ガソリン,がそりん,火災・消火・漏えい,火災・消火・漏えい;乙4;頻出;詳細記事;実践演習連動;一問一答連動,"ガソリンは、別表第一の品名で、第1石油類の非水溶性液体に当てはまる危険物である。

たとえば、第1石油類の非水溶性として扱われ、指定数量は200 Lです。

試験では、第1石油類・非水溶性点を押さえると得点源になります。",まず「ガソリン」は、別表第一の品名で、第1石油類の非水溶性液体に当てはまる危険物である。,アセトアルデヒド;アセトン;アニリン,危険物の規制に関する政令,A,ガソリンは揮発しやすく、蒸気に引火しやすい。 液体そのものより、発生した蒸気の引火危険を意識する。 ガソリンは第一石油類で引火危険が高い。 誤り。ガソリンは一般に水より軽く、水に溶けにくい。,ガソリンとは？危険物取扱者試験（乙種第4類）で押さえる意味・試験ポイント,このページでは、火災・消火・漏えい分野の「ガソリン」を、試験に出る形で整理します。ひとことで言うと、別表第一の品名で、第1石油類の非水溶性液体に当てはまる危険物である。下の目次の順に読むと、定義から演習のポイントまでつながって理解できます。,"ガソリンの指定数量（非水溶性）は200 Lです。揮発性が高く可燃性蒸気が発生しやすいため、換気・火気厳禁・静電気対策が重要です。給油取扱所・タンク貯蔵所の問題でも頻出します。

灯油（第2石油類・1,000 L）との引火点・指定数量の違いは表で整理してください。選択肢では「ガソリンは水に溶ければ安全」「すべての可燃物が危険物」などの言い換えに注意します。

誤り。ガソリンは一般に水より軽く、水に溶けにくい。

誤り。ガソリンは引火性液体である。

誤り。ガソリンは引火危険が大きい。

誤り。ガソリンは水に完全に溶けるわけではなく、流出時も危険である。

ガソリンは揮発しやすく、蒸気に引火しやすい。

液体そのものより、発生した蒸気の引火危険を意識する。",第1石油類・非水溶性。;指定数量200 L。;揮発・蒸気・換気・火気。,第2石油類と混同する。;水溶性200 Lと誤る。;水に溶ければ安全と誤解する。,"「ガソリン」は、火災・消火・漏えいの頻出語です。

整理のコツ：関連する「アセトアルデヒド」「アセトン」「アニリン」と、「同じ点・違う点」を表に書き出し、ガソリンだけの特徴を一行で言えるようにします。

覚え方：間違えたら「第2石油類と混同する」のパターンか確認し、同じ型の誤りが出た問題を2問だけ繰り返します。

復習のしかた：丸暗記より、選択肢の「誤り。」の理由を声に出して説明できるかを目標にします。",ガソリンの性質について、「水に完全に溶けるため、流出しても危険はない。」は正しい。,×。誤り。,ガソリンとは何ですか？,ガソリンは、別表第一の品名で、第1石油類の非水溶性液体に当てはまる危険物である。 たとえば、第1石油類の非水溶性として扱われ、指定数量は200 Lです。 試験では、第1石油類・非水溶性点を押さえると得点源になります。,ガソリンは試験でどんなふうに問われますか？,第1石油類・非水溶性。指定数量200 L。揮発・蒸気・換気・火気。,ガソリンで間違えやすい点は？,第2石油類と混同する。水溶性200 Lと誤る。,ガソリンと「アセトアルデヒド」「アセトン」の違いは？,「アセトアルデヒド」「アセトン」は意味や数値・適用場面が異なります。用語ページの比較表と演習で、ガソリンだけのポイントを確認してください。
キシレン,きしれん,火災・消火・漏えい,火災・消火・漏えい;乙4;頻出;詳細記事;実践演習連動;一問一答連動,"キシレンは、第4類危険物の第二石油類に分類される代表的な物質である。

たとえば、危険物の性質（水溶性か、蒸気がたまりやすいか）に合った消火・漏えい対策かどうかが、正誤の判断ポイントになります。

試験では、酢酸は第二石油類、酢酸エチルは第一石油類点を押さえると得点源になります。",まず「キシレン」は、第4類危険物の第二石油類に分類される代表的な物質である。 酢酸は第4類危険物の第二石油類に分類される代表的な物質である。 火災・消火・漏えいでは「第二石油類」の文脈で繰り返し問われます。,第二石油類;キシレン・酢酸などの第二石油類;酢酸などの第二石油類,危険物の規制に関する政令,B,トルエンは第一石油類、キシレンは第二石油類として区別する。 酢酸エチルは第一石油類、酢酸は第二石油類として区別する。 酢酸は第二石油類、酢酸エチルは第一石油類。 誤り。第一石油類ではない。,キシレンとは？危険物取扱者試験（乙種第4類）で押さえる意味・試験ポイント,このページでは、火災・消火・漏えい分野の「キシレン」を、試験に出る形で整理します。ひとことで言うと、第4類危険物の第二石油類に分類される代表的な物質である。下の目次の順に読むと、定義から演習のポイントまでつながって理解できます。,"キシレンは、第4類危険物の第二石油類に分類される代表的な物質である。 酢酸は第二石油類、酢酸エチルは第一石油類である。名称が似ているため混同しやすい。

試験では、酢酸は第二石油類、酢酸エチルは第一石油類。また、酢酸は第二石油類・水溶性・2,000 L点も押さえます。

誤り。第一石油類ではない。

誤り。動植物油類ではない。

誤り。アルコール類ではない。

誤り。特殊引火物ではない。

トルエンは第一石油類、キシレンは第二石油類として区別する。

酢酸エチルは第一石油類、酢酸は第二石油類として区別する。

酢酸は第二石油類、酢酸エチルは第一石油類。

よくある誤りは、トルエンは第一石油類、キシレンは第二石油類として区別する。酢酸エチルは第一石油類、酢酸は第二石油類として区別する。似た芳香族化合物でも分類を混同しない。

火災・消火・漏えいでは「第二石油類」「キシレン・酢酸などの第二石油類」など近い用語とセットで出題されます。定義・数値・主体の違いを表で対比し、キシレンだけの特徴を一言で言えるようにしてください。

第二石油類、トルエンは第一石油類である。

酢酸は第二石油類の水溶性液体として扱われ、指定数量は2,000 Lである。","酢酸は第二石油類、酢酸エチルは第一石油類。;酢酸は第二石油類・水溶性・2,000 L。",トルエンは第一石油類、キシレンは第二石油類として区別する。;酢酸エチルは第一石油類、酢酸は第二石油類として区別する。;似た芳香族化合物でも分類を混同しない。,"「キシレン」は、火災・消火・漏えいの頻出語です。

整理のコツ：関連する「第二石油類」「キシレン・酢酸などの第二石油類」「酢酸などの第二石油類」と、「同じ点・違う点」を表に書き出し、キシレンだけの特徴を一行で言えるようにします。

覚え方：間違えたら「トルエンは第一石油類、キシレンは第二石油類として区別する」のパターンか確認し、同じ型の誤りが出た問題を2問だけ繰り返します。

復習のしかた：丸暗記より、選択肢の「誤り。」の理由を声に出して説明できるかを目標にします。",キシレンの分類について、「特殊引火物」は正しい。,×。誤り。,キシレンとは何ですか？,キシレンは、第4類危険物の第二石油類に分類される代表的な物質である。 たとえば、危険物の性質（水溶性か、蒸気がたまりやすいか）に合った消火・漏えい対策かどうかが、正誤の判断ポイントになります。 試験では、酢酸は第二石油類、酢酸エチルは第一石油類点を押さえると得点源になります。,キシレンは試験でどんなふうに問われますか？,"酢酸は第二石油類、酢酸エチルは第一石油類。酢酸は第二石油類・水溶性・2,000 L。",キシレンで間違えやすい点は？,トルエンは第一石油類、キシレンは第二石油類として区別する。酢酸エチルは第一石油類、酢酸は第二石油類として区別する。,キシレンと「第二石油類」「キシレン・酢酸などの第二石油類」の違いは？,「第二石油類」「キシレン・酢酸などの第二石油類」は意味や数値・適用場面が異なります。用語ページの比較表と演習で、キシレンだけのポイントを確認してください。
キシレン・酢酸などの第二石油類,きしれん・さくさんなどのだいにせきゆるい,火災・消火・漏えい,火災・消火・漏えい;乙4;頻出;詳細記事;実践演習連動;一問一答連動,"キシレン・酢酸などの第二石油類は、キシレンは第4類危険物の第二石油類に分類される代表的な物質である。

たとえば、キシレン・酢酸などの第二石油類は危険物の類別のひとつです。乙4では第4類（引火性液体）が中心ですが、誤り選択肢では他の類の例も出ます。

試験では、酢酸は第二石油類、酢酸エチルは第一石油類点を押さえると得点源になります。",まず「キシレン・酢酸などの第二石油類」は、キシレンは第4類危険物の第二石油類に分類される代表的な物質である。 酢酸は第4類危険物の第二石油類に分類される代表的な物質である。 火災・消火・漏えいでは「第二石油類」の文脈で繰り返し問われます。,アセトアルデヒド;アセトン;アニリン,危険物の規制に関する政令,B,トルエンは第一石油類、キシレンは第二石油類として区別する。 酢酸エチルは第一石油類、酢酸は第二石油類として区別する。 酢酸は第二石油類、酢酸エチルは第一石油類。 誤り。第一石油類ではない。,キシレン・酢酸などの第二石油類とは？危険物取扱者試験（乙種第4類）で押さえる意味・試験ポイント,このページでは、火災・消火・漏えい分野の「キシレン・酢酸などの第二石油類」を、試験に出る形で整理します。ひとことで言うと、キシレンは第4類危険物の第二石油類に分類される代表的な物質である。下の目次の順に読むと、定義から演習のポイントまでつながって理解できます。,"キシレン・酢酸などの第二石油類は、キシレンは第4類危険物の第二石油類に分類される代表的な物質である。 酢酸は第4類危険物の第二石油類に分類される代表的な物質である。

試験では、酢酸は第二石油類、酢酸エチルは第一石油類。また、酢酸は第二石油類・水溶性・2,000 L点も押さえます。

誤り。第一石油類ではない。

誤り。動植物油類ではない。

誤り。アルコール類ではない。

誤り。特殊引火物ではない。

トルエンは第一石油類、キシレンは第二石油類として区別する。

酢酸エチルは第一石油類、酢酸は第二石油類として区別する。

酢酸は第二石油類、酢酸エチルは第一石油類。

よくある誤りは、トルエンは第一石油類、キシレンは第二石油類として区別する。酢酸エチルは第一石油類、酢酸は第二石油類として区別する。似た芳香族化合物でも分類を混同しない。

火災・消火・漏えいでは「アセトアルデヒド」「アセトン」など近い用語とセットで出題されます。定義・数値・主体の違いを表で対比し、キシレン・酢酸などの第二石油類だけの特徴を一言で言えるようにしてください。

酢酸は第二石油類、酢酸エチルは第一石油類である。

キシレンは第二石油類、トルエンは第一石油類である。

酢酸は第二石油類の水溶性液体として扱われ、指定数量は2,000 Lである。","酢酸は第二石油類、酢酸エチルは第一石油類。;酢酸は第二石油類・水溶性・2,000 L。",トルエンは第一石油類、キシレンは第二石油類として区別する。;酢酸エチルは第一石油類、酢酸は第二石油類として区別する。;似た芳香族化合物でも分類を混同しない。,"「キシレン・酢酸などの第二石油類」は、火災・消火・漏えいの頻出語です。

整理のコツ：関連する「アセトアルデヒド」「アセトン」「アニリン」と、「同じ点・違う点」を表に書き出し、キシレン・酢酸などの第二石油類だけの特徴を一行で言えるようにします。

覚え方：間違えたら「トルエンは第一石油類、キシレンは第二石油類として区別する」のパターンか確認し、同じ型の誤りが出た問題を2問だけ繰り返します。

復習のしかた：丸暗記より、選択肢の「誤り。」の理由を声に出して説明できるかを目標にします。",キシレンの分類について、「特殊引火物」は正しい。,×。誤り。,キシレン・酢酸などの第二石油類とは何ですか？,キシレン・酢酸などの第二石油類は、キシレンは第4類危険物の第二石油類に分類される代表的な物質である。 たとえば、キシレン・酢酸などの第二石油類は危険物の類別のひとつです。乙4では第4類（引火性液体）が中心ですが、誤り選択肢では他の類の例も出ます。 試験では、酢酸は第二石油類、酢酸エチルは第一石油類点を押さえると得点源になります。,キシレン・酢酸などの第二石油類は試験でどんなふうに問われますか？,"酢酸は第二石油類、酢酸エチルは第一石油類。酢酸は第二石油類・水溶性・2,000 L。",キシレン・酢酸などの第二石油類で間違えやすい点は？,トルエンは第一石油類、キシレンは第二石油類として区別する。酢酸エチルは第一石油類、酢酸は第二石油類として区別する。,キシレン・酢酸などの第二石油類と「アセトアルデヒド」「アセトン」の違いは？,「アセトアルデヒド」「アセトン」は意味や数値・適用場面が異なります。用語ページの比較表と演習で、キシレン・酢酸などの第二石油類だけのポイントを確認してください。
クレオソート油,くれおそーとあぶら,火災・消火・漏えい,火災・消火・漏えい;乙4;頻出;詳細記事;実践演習連動;一問一答連動,"クレオソート油は、エチレングリコールは第4類危険物の第三石油類に分類される代表的な物質である。

たとえば、危険物の性質（水溶性か、蒸気がたまりやすいか）に合った消火・漏えい対策かどうかが、正誤の判断ポイントになります。

試験では、エチレングリコール・グリセリンは第三石油類点を押さえると得点源になります。",まず「クレオソート油」は、エチレングリコールは第4類危険物の第三石油類に分類される代表的な物質である。 アニリンは第4類危険物の第三石油類に分類される代表的な物質である。 火災・消火・漏えいでは「第三石油類」の文脈で繰り返し問われます。,第三石油類;クレオソート油・アニリン・エチレングリコール;アニリン,危険物の規制に関する政令,B,アルコール類と名前の印象だけで混同しない。 エチレングリコール・グリセリンは第三石油類。 名称からアルコール類と早合点しない。 誤り。動植物油類ではない。,クレオソート油とは？危険物取扱者試験（乙種第4類）で押さえる意味・試験ポイント,このページでは、火災・消火・漏えい分野の「クレオソート油」を、試験に出る形で整理します。ひとことで言うと、エチレングリコールは第4類危険物の第三石油類に分類される代表的な物質である。下の目次の順に読むと、定義から演習のポイントまでつながって理解できます。,"クレオソート油は、エチレングリコールは第4類危険物の第三石油類に分類される代表的な物質である。 アニリンは第4類危険物の第三石油類に分類される代表的な物質である。

試験では、エチレングリコール・グリセリンは第三石油類点が問われます。

誤り。動植物油類ではない。

誤り。第一石油類ではない。

誤り。特殊引火物ではない。

誤り。アルコール類ではない。

アルコール類と名前の印象だけで混同しない。

エチレングリコール・グリセリンは第三石油類。

名称からアルコール類と早合点しない。

よくある誤りは、アルコール類と名前の印象だけで混同しない。名称からアルコール類と早合点しない。

火災・消火・漏えいでは「第三石油類」「クレオソート油・アニリン・エチレングリコール」など近い用語とセットで出題されます。定義・数値・主体の違いを表で対比し、クレオソート油だけの特徴を一言で言えるようにしてください。

エチレングリコールとグリセリンはいずれも第三石油類として整理される。",エチレングリコール・グリセリンは第三石油類。,アルコール類と名前の印象だけで混同しない。;名称からアルコール類と早合点しない。,"「クレオソート油」は、火災・消火・漏えいの頻出語です。

整理のコツ：関連する「第三石油類」「クレオソート油・アニリン・エチレングリコール」「アニリン」と、「同じ点・違う点」を表に書き出し、クレオソート油だけの特徴を一行で言えるようにします。

覚え方：間違えたら「アルコール類と名前の印象だけで混同しない」のパターンか確認し、同じ型の誤りが出た問題を2問だけ繰り返します。

復習のしかた：丸暗記より、選択肢の「誤り。」の理由を声に出して説明できるかを目標にします。",エチレングリコールの分類について、「第三石油類」は正しい。,○。正しい。,クレオソート油とは何ですか？,クレオソート油は、エチレングリコールは第4類危険物の第三石油類に分類される代表的な物質である。 たとえば、危険物の性質（水溶性か、蒸気がたまりやすいか）に合った消火・漏えい対策かどうかが、正誤の判断ポイントになります。 試験では、エチレングリコール・グリセリンは第三石油類点を押さえると得点源になります。,クレオソート油は試験でどんなふうに問われますか？,エチレングリコール・グリセリンは第三石油類。,クレオソート油で間違えやすい点は？,アルコール類と名前の印象だけで混同しない。名称からアルコール類と早合点しない。,クレオソート油と「第三石油類」「クレオソート油・アニリン・エチレングリコール」の違いは？,「第三石油類」「クレオソート油・アニリン・エチレングリコール」は意味や数値・適用場面が異なります。用語ページの比較表と演習で、クレオソート油だけのポイントを確認してください。
クレオソート油・アニリン・エチレングリコール,くれおそーとあぶら・あにりん・えちれんぐりこーる,火災・消火・漏えい,火災・消火・漏えい;乙4;頻出;詳細記事;実践演習連動;一問一答連動,"クレオソート油・アニリン・エチレングリコールは、エチレングリコールは第4類危険物の第三石油類に分類される代表的な物質である。

たとえば、危険物の性質（水溶性か、蒸気がたまりやすいか）に合った消火・漏えい対策かどうかが、正誤の判断ポイントになります。

試験では、エチレングリコール・グリセリンは第三石油類点を押さえると得点源になります。",まず「クレオソート油・アニリン・エチレングリコール」は、エチレングリコールは第4類危険物の第三石油類に分類される代表的な物質である。 アニリンは第4類危険物の第三石油類に分類される代表的な物質である。 火災・消火・漏えいでは「第三石油類」の文脈で繰り返し問われます。,アセトアルデヒド;アセトン;アニリン,危険物の規制に関する政令,B,アルコール類と名前の印象だけで混同しない。 エチレングリコール・グリセリンは第三石油類。 名称からアルコール類と早合点しない。 誤り。動植物油類ではない。,クレオソート油・アニリン・エチレングリコールとは？危険物取扱者試験（乙種第4類）で押さえる意味・試験ポイント,このページでは、火災・消火・漏えい分野の「クレオソート油・アニリン・エチレングリコール」を、試験に出る形で整理します。ひとことで言うと、エチレングリコールは第4類危険物の第三石油類に分類される代表的な物質である。下の目次の順に読むと、定義から演習のポイントまでつながって理解できます。,"クレオソート油・アニリン・エチレングリコールは、エチレングリコールは第4類危険物の第三石油類に分類される代表的な物質である。 アニリンは第4類危険物の第三石油類に分類される代表的な物質である。

試験では、エチレングリコール・グリセリンは第三石油類点が問われます。

誤り。動植物油類ではない。

誤り。第一石油類ではない。

誤り。特殊引火物ではない。

誤り。アルコール類ではない。

アルコール類と名前の印象だけで混同しない。

エチレングリコール・グリセリンは第三石油類。

名称からアルコール類と早合点しない。

よくある誤りは、アルコール類と名前の印象だけで混同しない。名称からアルコール類と早合点しない。

火災・消火・漏えいでは「アセトアルデヒド」「アセトン」など近い用語とセットで出題されます。定義・数値・主体の違いを表で対比し、クレオソート油・アニリン・エチレングリコールだけの特徴を一言で言えるようにしてください。

クレオソート油は第三石油類に分類される代表例である。

エチレングリコールとグリセリンはいずれも第三石油類として整理される。",エチレングリコール・グリセリンは第三石油類。,アルコール類と名前の印象だけで混同しない。;名称からアルコール類と早合点しない。,"「クレオソート油・アニリン・エチレングリコール」は、火災・消火・漏えいの頻出語です。

整理のコツ：関連する「アセトアルデヒド」「アセトン」「アニリン」と、「同じ点・違う点」を表に書き出し、クレオソート油・アニリン・エチレングリコールだけの特徴を一行で言えるようにします。

覚え方：間違えたら「アルコール類と名前の印象だけで混同しない」のパターンか確認し、同じ型の誤りが出た問題を2問だけ繰り返します。

復習のしかた：丸暗記より、選択肢の「誤り。」の理由を声に出して説明できるかを目標にします。",エチレングリコールの分類について、「第三石油類」は正しい。,○。正しい。,クレオソート油・アニリン・エチレングリコールとは何ですか？,クレオソート油・アニリン・エチレングリコールは、エチレングリコールは第4類危険物の第三石油類に分類される代表的な物質である。 たとえば、危険物の性質（水溶性か、蒸気がたまりやすいか）に合った消火・漏えい対策かどうかが、正誤の判断ポイントになります。 試験では、エチレングリコール・グリセリンは第三石油類点を押さえると得点源になります。,クレオソート油・アニリン・エチレングリコールは試験でどんなふうに問われますか？,エチレングリコール・グリセリンは第三石油類。,クレオソート油・アニリン・エチレングリコールで間違えやすい点は？,アルコール類と名前の印象だけで混同しない。名称からアルコール類と早合点しない。,クレオソート油・アニリン・エチレングリコールと「アセトアルデヒド」「アセトン」の違いは？,「アセトアルデヒド」「アセトン」は意味や数値・適用場面が異なります。用語ページの比較表と演習で、クレオソート油・アニリン・エチレングリコールだけのポイントを確認してください。
グリセリン,ぐりせりん,火災・消火・漏えい,火災・消火・漏えい;乙4;頻出;詳細記事;実践演習連動;一問一答連動,"グリセリンは第三石油類（水溶性液体）、指定数量は4,000 L。

たとえば、ガソリン（非水溶性）は200 L、アセトン（水溶性）は400 Lのように、品名ごとに数値が決まります。

試験では、グリセリンは第三石油類（水溶性液体）、指定数量は4,000 L点を押さえると得点源になります。","まず「グリセリン」は、グリセリンは第三石油類（水溶性液体）、指定数量は4,000 L。 第4類危険物の第三石油類のうち、水溶性液体として扱われる。特殊引火物、第一石油類、動植物油類、第6類危険物ではない。 火災・消火・漏えいでは「第三石油類」の文脈で繰り返し問われます。",アセトアルデヒド;アセトン;アニリン,危険物の規制に関する政令,B,"グリセリンは第三石油類（水溶性液体）、指定数量は4,000 L。 第三石油類は非水溶性液体と水溶性液体で指定数量が異なる。 グリセリンは第三石油類・水溶性液体。 誤り。酸化性固体ではない。",グリセリンとは？危険物取扱者試験（乙種第4類）で押さえる意味・試験ポイント,"このページでは、火災・消火・漏えい分野の「グリセリン」を、試験に出る形で整理します。ひとことで言うと、グリセリンは第三石油類（水溶性液体）、指定数量は4,000 L。下の目次の順に読むと、定義から演習のポイントまでつながって理解できます。","グリセリンは第三石油類（水溶性液体）、指定数量は4,000 L。 第4類危険物の第三石油類のうち水溶性液体に該当し、指定数量は4,000 Lである。ガソリンや特殊引火物とは分類が異なる。

試験では、グリセリンは第三石油類（水溶性液体）、指定数量は4,000 L。また、グリセリンは第三石油類・水溶性液体点も押さえます。

誤り。酸化性固体ではない。

誤り。ガソリンは第一石油類であり、グリセリンとは分類が異なる。

誤り。特殊引火物ではない。

誤り。禁水性物質ではない。

グリセリンは第三石油類（水溶性液体）、指定数量は4,000 L。

第三石油類は非水溶性液体と水溶性液体で指定数量が異なる。

グリセリンは第三石油類・水溶性液体。

よくある誤りは、第三石油類は非水溶性液体と水溶性液体で指定数量が異なる。アルコール類や動植物油類と混同しない。

火災・消火・漏えいでは「アセトアルデヒド」「アセトン」など近い用語とセットで出題されます。定義・数値・主体の違いを表で対比し、グリセリンだけの特徴を一言で言えるようにしてください。

第4類危険物の第三石油類のうち、水溶性液体として扱われる。

特殊引火物、第一石油類、動植物油類、第6類危険物ではない。","グリセリンは第三石油類（水溶性液体）、指定数量は4,000 L。;グリセリンは第三石油類・水溶性液体。",第三石油類は非水溶性液体と水溶性液体で指定数量が異なる。;アルコール類や動植物油類と混同しない。,"「グリセリン」は、火災・消火・漏えいの頻出語です。

整理のコツ：関連する「アセトアルデヒド」「アセトン」「アニリン」と、「同じ点・違う点」を表に書き出し、グリセリンだけの特徴を一行で言えるようにします。

覚え方：間違えたら「第三石油類は非水溶性液体と水溶性液体で指定数量が異なる」のパターンか確認し、同じ型の誤りが出た問題を2問だけ繰り返します。

復習のしかた：丸暗記より、選択肢の「誤り。」の理由を声に出して説明できるかを目標にします。",グリセリンについて、「グリセリンは、第4類危険物の第三石油類（水溶性液体）に該当する。」は正しい。,○。正しい。,グリセリンとは何ですか？,"グリセリンは第三石油類（水溶性液体）、指定数量は4,000 L。 たとえば、ガソリン（非水溶性）は200 L、アセトン（水溶性）は400 Lのように、品名ごとに数値が決まります。 試験では、グリセリンは第三石油類（水溶性液体）、指定数量は4,000 L点を押さえると得点源になります。",グリセリンは試験でどんなふうに問われますか？,"グリセリンは第三石油類（水溶性液体）、指定数量は4,000 L。グリセリンは第三石油類・水溶性液体。",グリセリンで間違えやすい点は？,第三石油類は非水溶性液体と水溶性液体で指定数量が異なる。アルコール類や動植物油類と混同しない。,グリセリンと「アセトアルデヒド」「アセトン」の違いは？,「アセトアルデヒド」「アセトン」は意味や数値・適用場面が異なります。用語ページの比較表と演習で、グリセリンだけのポイントを確認してください。
ジエチルエーテル,じえちるえーてる,火災・消火・漏えい,火災・消火・漏えい;乙4;頻出;詳細記事;実践演習連動;一問一答連動,"ジエチルエーテルは、特殊引火物の代表例はジエチルエーテル、二硫化炭素、アセトアルデヒドなど。

たとえば、危険物の性質（水溶性か、蒸気がたまりやすいか）に合った消火・漏えい対策かどうかが、正誤の判断ポイントになります。

試験では、特殊引火物の代表例はジエチルエーテル、二硫化炭素、アセトアルデヒドなど点を押さえると得点源になります。",まず「ジエチルエーテル」は、特殊引火物の代表例はジエチルエーテル、二硫化炭素、アセトアルデヒドなど。 特殊引火物の代表例であり、引火危険が高い物質である。 火災・消火・漏えいでは「特殊引火物」の文脈で繰り返し問われます。,アセトアルデヒド;アセトン;アニリン,危険物の規制に関する政令,B,特殊引火物の代表例はジエチルエーテル、二硫化炭素、アセトアルデヒドなど。 名前の印象でアルコール類と判断しない。 誤り。灯油は第二石油類である。 誤り。軽油は第二石油類である。,ジエチルエーテルとは？危険物取扱者試験（乙種第4類）で押さえる意味・試験ポイント,このページでは、火災・消火・漏えい分野の「ジエチルエーテル」を、試験に出る形で整理します。ひとことで言うと、特殊引火物の代表例はジエチルエーテル、二硫化炭素、アセトアルデヒドなど。下の目次の順に読むと、定義から演習のポイントまでつながって理解できます。,"ジエチルエーテルは、特殊引火物の代表例はジエチルエーテル、二硫化炭素、アセトアルデヒドなど。 特殊引火物の代表例である。灯油・軽油は第二石油類、重油は第三石油類、動植物油は動植物油類である。

試験では、特殊引火物の代表例はジエチルエーテル、二硫化炭素、アセトアルデヒドなど点が問われます。

誤り。灯油は第二石油類である。

誤り。軽油は第二石油類である。

誤り。重油は第三石油類である。

誤り。動植物油は動植物油類である。

特殊引火物の代表例はジエチルエーテル、二硫化炭素、アセトアルデヒドなど。

名前の印象でアルコール類と判断しない。

よくある誤りは、名前の印象でアルコール類と判断しない。

火災・消火・漏えいでは「アセトアルデヒド」「アセトン」など近い用語とセットで出題されます。定義・数値・主体の違いを表で対比し、ジエチルエーテルだけの特徴を一言で言えるようにしてください。

特殊引火物の代表例であり、引火危険が高い物質である。

特殊引火物に分類され、引火危険が高い。",特殊引火物の代表例はジエチルエーテル、二硫化炭素、アセトアルデヒドなど。,名前の印象でアルコール類と判断しない。,"「ジエチルエーテル」は、火災・消火・漏えいの頻出語です。

整理のコツ：関連する「アセトアルデヒド」「アセトン」「アニリン」と、「同じ点・違う点」を表に書き出し、ジエチルエーテルだけの特徴を一行で言えるようにします。

覚え方：間違えたら「名前の印象でアルコール類と判断しない」のパターンか確認し、同じ型の誤りが出た問題を2問だけ繰り返します。

復習のしかた：丸暗記より、選択肢の「誤り。」の理由を声に出して説明できるかを目標にします。",特殊引火物に該当する代表的な危険物について、「動植物油」は正しい。,×。誤り。,ジエチルエーテルとは何ですか？,ジエチルエーテルは、特殊引火物の代表例はジエチルエーテル、二硫化炭素、アセトアルデヒドなど。 たとえば、危険物の性質（水溶性か、蒸気がたまりやすいか）に合った消火・漏えい対策かどうかが、正誤の判断ポイントになります。 試験では、特殊引火物の代表例はジエチルエーテル、二硫化炭素、アセトアルデヒドなど点を押さえると得点源になります。,ジエチルエーテルは試験でどんなふうに問われますか？,特殊引火物の代表例はジエチルエーテル、二硫化炭素、アセトアルデヒドなど。,ジエチルエーテルで間違えやすい点は？,名前の印象でアルコール類と判断しない。,ジエチルエーテルと「アセトアルデヒド」「アセトン」の違いは？,「アセトアルデヒド」「アセトン」は意味や数値・適用場面が異なります。用語ページの比較表と演習で、ジエチルエーテルだけのポイントを確認してください。
セルフ式給油取扱所の基準,せるふしききゅうゆとりあつかいところのきじゅん,法令・制度,法令・制度;乙4;頻出;詳細記事;実践演習連動;一問一答連動,"セルフ式給油取扱所の基準は、セルフ式給油取扱所では、顧客が自ら給油等を行うため、安全確保のための設備や監視体制などが重要となる。

たとえば、条文では「消防法で定める」「政令で定める」「施行令で定める」のように、どの法令に書かれているかを選ぶ問題がよく出ます。

試験では、セルフ式給油取扱所では監視・安全確保が重要点を押さえると得点源になります。",まず「セルフ式給油取扱所の基準」は、セルフ式給油取扱所では、顧客が自ら給油等を行うため、安全確保のための設備や監視体制などが重要となる。 セルフ式給油取扱所では、顧客が自ら給油するため、監視や安全確保が重要である。 法令・制度では「取扱所基準」の文脈で繰り返し問われます。,一般取扱所の基準;丙種の違い;丙種危険物取扱者,消防法,B,セルフ式給油取扱所では監視・安全確保が重要。 誤り。ガソリンなど第4類危険物を扱う。 誤り。給油時の火気使用は危険である。 誤り。危険物取扱者制度と関係する。,セルフ式給油取扱所の基準とは？危険物取扱者試験（乙種第4類）で押さえる意味・試験ポイント,このページでは、法令・制度分野の「セルフ式給油取扱所の基準」を、試験に出る形で整理します。ひとことで言うと、セルフ式給油取扱所では、顧客が自ら給油等を行うため、安全確保のための設備や監視体制などが重要となる。下の目次の順に読むと、定義から演習のポイントまでつながって理解できます。,"セルフ式給油取扱所の基準は、セルフ式給油取扱所では、顧客が自ら給油等を行うため、安全確保のための設備や監視体制などが重要となる。 セルフ式給油取扱所では、顧客が自ら給油するため、監視や安全確保が重要である。

試験では、セルフ式給油取扱所では監視・安全確保が重要点が問われます。

誤り。ガソリンなど第4類危険物を扱う。

誤り。給油時の火気使用は危険である。

誤り。危険物取扱者制度と関係する。

誤り。安全確認が不要になるわけではない。

セルフ式給油取扱所では監視・安全確保が重要。

法令・制度では「一般取扱所の基準」「丙種の違い」など近い用語とセットで出題されます。定義・数値・主体の違いを表で対比し、セルフ式給油取扱所の基準だけの特徴を一言で言えるようにしてください。",セルフ式給油取扱所では監視・安全確保が重要。,類似語と混同する。;数字や条件を取り違える。;すべての危険物に当てはめる。,"「セルフ式給油取扱所の基準」は、法令・制度の頻出語です。

整理のコツ：関連する「一般取扱所の基準」「丙種の違い」「丙種危険物取扱者」と、「同じ点・違う点」を表に書き出し、セルフ式給油取扱所の基準だけの特徴を一行で言えるようにします。

覚え方：間違えたら「類似語と混同する」のパターンか確認し、同じ型の誤りが出た問題を2問だけ繰り返します。

復習のしかた：丸暗記より、選択肢の「誤り。」の理由を声に出して説明できるかを目標にします。",顧客に自ら給油等をさせる給油取扱所について、「火気を使用しながら給油することが推奨される。」は正しい。,×。誤り。,セルフ式給油取扱所の基準とは何ですか？,セルフ式給油取扱所の基準は、セルフ式給油取扱所では、顧客が自ら給油等を行うため、安全確保のための設備や監視体制などが重要となる。 たとえば、条文では「消防法で定める」「政令で定める」「施行令で定める」のように、どの法令に書かれているかを選ぶ問題がよく出ます。 試験では、セルフ式給油取扱所では監視・安全確保が重要点を押さえると得点源になります。,セルフ式給油取扱所の基準は試験でどんなふうに問われますか？,セルフ式給油取扱所では監視・安全確保が重要。,セルフ式給油取扱所の基準で間違えやすい点は？,類似語と混同する。数字や条件を取り違える。,セルフ式給油取扱所の基準と「一般取扱所の基準」「丙種の違い」の違いは？,「一般取扱所の基準」「丙種の違い」は意味や数値・適用場面が異なります。用語ページの比較表と演習で、セルフ式給油取扱所の基準だけのポイントを確認してください。
トルエン,とるえん,火災・消火・漏えい,火災・消火・漏えい;乙4;頻出;詳細記事;実践演習連動;一問一答連動,"トルエンは、ベンゼンとトルエンはいずれも第一石油類として整理される。

たとえば、危険物の性質（水溶性か、蒸気がたまりやすいか）に合った消火・漏えい対策かどうかが、正誤の判断ポイントになります。

試験では、定義を一文で説明できる点を押さえると得点源になります。",まず「トルエン」は、ベンゼンとトルエンはいずれも第一石油類として整理される。 第4類危険物の第一石油類に分類される代表的な物質である。 火災・消火・漏えいでは「第一石油類」の文脈で繰り返し問われます。,第一石油類;ベンゼン・トルエン;ベンゼン,危険物の規制に関する政令,B,ベンゼン・トルエン・ガソリンは第一石油類として整理する。 キシレンは第二石油類、トルエンは第一石油類として区別する。 キシレンは第二石油類として区別する。 誤り。アルコール類ではない。,トルエンとは？危険物取扱者試験（乙種第4類）で押さえる意味・試験ポイント,このページでは、火災・消火・漏えい分野の「トルエン」を、試験に出る形で整理します。ひとことで言うと、ベンゼンとトルエンはいずれも第一石油類として整理される。下の目次の順に読むと、定義から演習のポイントまでつながって理解できます。,"トルエンは、ベンゼンとトルエンはいずれも第一石油類として整理される。 ベンゼンは第4類危険物の第一石油類に分類される代表的な物質である。

誤り。アルコール類ではない。

誤り。第三石油類ではない。

誤り。動植物油類ではない。

誤り。特殊引火物ではない。

ベンゼン・トルエン・ガソリンは第一石油類として整理する。

キシレンは第二石油類、トルエンは第一石油類として区別する。

キシレンは第二石油類として区別する。

よくある誤りは、ベンゼン・トルエン・ガソリンは第一石油類として整理する。キシレンは第二石油類、トルエンは第一石油類として区別する。キシレンは第二石油類として区別する。

火災・消火・漏えいでは「第一石油類」「ベンゼン・トルエン」など近い用語とセットで出題されます。定義・数値・主体の違いを表で対比し、トルエンだけの特徴を一言で言えるようにしてください。",定義を一文で説明できる。;適用する場面（製造・貯蔵・取扱・消火）を挙げられる。;関連する法令名を意識できる。,ベンゼン・トルエン・ガソリンは第一石油類として整理する。;キシレンは第二石油類、トルエンは第一石油類として区別する。;キシレンは第二石油類として区別する。,"「トルエン」は、火災・消火・漏えいの頻出語です。

整理のコツ：関連する「第一石油類」「ベンゼン・トルエン」「ベンゼン」と、「同じ点・違う点」を表に書き出し、トルエンだけの特徴を一行で言えるようにします。

覚え方：間違えたら「ベンゼン・トルエン・ガソリンは第一石油類として整理する」のパターンか確認し、同じ型の誤りが出た問題を2問だけ繰り返します。

復習のしかた：丸暗記より、選択肢の「誤り。」の理由を声に出して説明できるかを目標にします。",ベンゼンの分類について、「第一石油類」は正しい。,○。正しい。,トルエンとは何ですか？,トルエンは、ベンゼンとトルエンはいずれも第一石油類として整理される。 たとえば、危険物の性質（水溶性か、蒸気がたまりやすいか）に合った消火・漏えい対策かどうかが、正誤の判断ポイントになります。 試験では、定義を一文で説明できる点を押さえると得点源になります。,トルエンは試験でどんなふうに問われますか？,定義を一文で説明できる。適用する場面（製造・貯蔵・取扱・消火）を挙げられる。関連する法令名を意識できる。,トルエンで間違えやすい点は？,ベンゼン・トルエン・ガソリンは第一石油類として整理する。キシレンは第二石油類、トルエンは第一石油類として区別する。,トルエンと「第一石油類」「ベンゼン・トルエン」の違いは？,「第一石油類」「ベンゼン・トルエン」は意味や数値・適用場面が異なります。用語ページの比較表と演習で、トルエンだけのポイントを確認してください。
バックドラフト,ばっくどらふと,火災・消火・漏えい,火災・消火・漏えい;乙4;頻出;詳細記事;実践演習連動;一問一答連動,"バックドラフトは、密閉空間で発生した火災に大量の酸素が一気に供給されたとき、可燃性ガスが急激に燃焼・爆発的に燃え上がる現象を指します。

たとえば、密閉した室内火災で、開口部から酸素が一気に入ると可燃性ガスが急燃する現象です。

試験では、密閉空間＋酸素流入で急燃点を押さえると得点源になります。",まず「バックドラフト」は、密閉空間で発生した火災に大量の酸素が一気に供給されたとき、可燃性ガスが急激に燃焼・爆発的に燃え上がる現象を指します。,物質別の消火方法;消火方法,消防法,B,誤り。指定数量は変わらない。 誤り。火花を発生させない。 誤り。不燃性にするものではない。,バックドラフトとは？危険物取扱者試験（乙種第4類）で押さえる意味・試験ポイント,火災・消火・漏えい分野の「バックドラフト」は、密閉空間で発生した火災に大量の酸素が一気に供給されたとき、可燃性ガスが急激に燃焼・爆発的に燃え上がる現象を指します。試験では定義の言い換えと数値・主体の区別がセットで問われます。,"バックドラフトは室内火災の急激な延焼現象です。閉鎖空間では燃焼が不完全になり可燃性ガスが蓄積し、開口部から酸素が流入すると一気に燃焼が進みます。

正しい。「密閉空間火災で酸素が一気に供給され可燃性ガスが急燃する」はバックドラフトの説明です。誤り。「天井付近の高温ガス層が下方へ伝播して室内一斉着火する」はフラッシュオーバーの説明です。消火活動では開放前の内部確認と段階的換気が重要です。

誤り。指定数量は変わらない。

誤り。火花を発生させない。

誤り。不燃性にするものではない。

誤り。酸素を供給しない。",密閉空間＋酸素流入で急燃。;開放前の内部確認。;換気は段階的に行う。,通常の延焼と混同する。;開口部を一気に全開にする。;内部状況未確認で進入する。,"「バックドラフト」は、火災・消火・漏えいの頻出語です。

整理のコツ：関連する「物質別の消火方法」「消火方法」と、「同じ点・違う点」を表に書き出し、バックドラフトだけの特徴を一行で言えるようにします。

覚え方：間違えたら「通常の延焼と混同する」のパターンか確認し、同じ型の誤りが出た問題を2問だけ繰り返します。

復習のしかた：丸暗記より、選択肢の「誤り。」の理由を声に出して説明できるかを目標にします。",二酸化炭素消火剤を使用する際の注意として、適切なものについて、「酸素を大量に供給するため安全である。」は正しい。,×。誤り。,バックドラフトとは何ですか？,バックドラフトは、密閉空間で発生した火災に大量の酸素が一気に供給されたとき、可燃性ガスが急激に燃焼・爆発的に燃え上がる現象を指します。 たとえば、密閉した室内火災で、開口部から酸素が一気に入ると可燃性ガスが急燃する現象です。 試験では、密閉空間＋酸素流入で急燃点を押さえると得点源になります。,バックドラフトは試験でどんなふうに問われますか？,密閉空間＋酸素流入で急燃。開放前の内部確認。換気は段階的に行う。,バックドラフトで間違えやすい点は？,通常の延焼と混同する。開口部を一気に全開にする。,バックドラフトと「物質別の消火方法」「消火方法」の違いは？,「物質別の消火方法」「消火方法」は意味や数値・適用場面が異なります。用語ページの比較表と演習で、バックドラフトだけのポイントを確認してください。
フラッシュオーバー,ふらっしゅおーばー,火災・消火・漏えい,火災・消火・漏えい;乙4;頻出;詳細記事;実践演習連動;一問一答連動,"フラッシュオーバーは、閉鎖空間火災で天井付近の高温ガス層が一気に下方へ伝播し、室内全体が一瞬で燃焼に至る現象を指します。

たとえば、天井付近の高温ガスが下へ伝わり、室内が一斉に燃え広がる現象です。

試験では、天井付近の高温ガス層が下方へ伝播点を押さえると得点源になります。",まず「フラッシュオーバー」は、閉鎖空間火災で天井付近の高温ガス層が一気に下方へ伝播し、室内全体が一瞬で燃焼に至る現象を指します。,酸化・還元;酸化;燃焼と酸化,消防法,B,誤り。水に溶けることは酸化ではない。 誤り。体積変化だけで酸化は判断できない。 誤り。気体になることは状態変化であり、酸化とは限らない。,フラッシュオーバーとは？危険物取扱者試験（乙種第4類）で押さえる意味・試験ポイント,火災・消火・漏えい分野の「フラッシュオーバー」は、閉鎖空間火災で天井付近の高温ガス層が一気に下方へ伝播し、室内全体が一瞬で燃焼に至る現象を指します。試験では定義の言い換えと数値・主体の区別がセットで問われます。,"フラッシュオーバーは、火災の成長過程で発生しうる危険な現象です。輻射熱により可燃物表面が一斉に着火し、避難・消火活動の時間的余裕が大きく減ります。

試験ではバックドラフトとの違い（酸素流入型か、輻射熱による一斉着火か）が問われやすいです。

誤り。水に溶けることは酸化ではない。

誤り。体積変化だけで酸化は判断できない。

誤り。気体になることは状態変化であり、酸化とは限らない。

誤り。燃焼は酸化反応と関係が深い。",天井付近の高温ガス層が下方へ伝播。;室内一斉着火。;バックドラフトと区別する。,バックドラフトと同一視する。;単なる延焼とみなす。,"「フラッシュオーバー」は、火災・消火・漏えいの頻出語です。

整理のコツ：関連する「酸化・還元」「酸化」「燃焼と酸化」と、「同じ点・違う点」を表に書き出し、フラッシュオーバーだけの特徴を一行で言えるようにします。

覚え方：間違えたら「バックドラフトと同一視する」のパターンか確認し、同じ型の誤りが出た問題を2問だけ繰り返します。

復習のしかた：丸暗記より、選択肢の「誤り。」の理由を声に出して説明できるかを目標にします。",酸化の説明について、「酸化とは、燃焼とはまったく関係のない現象である。」は正しい。,×。誤り。,フラッシュオーバーとは何ですか？,フラッシュオーバーは、閉鎖空間火災で天井付近の高温ガス層が一気に下方へ伝播し、室内全体が一瞬で燃焼に至る現象を指します。 たとえば、天井付近の高温ガスが下へ伝わり、室内が一斉に燃え広がる現象です。 試験では、天井付近の高温ガス層が下方へ伝播点を押さえると得点源になります。,フラッシュオーバーは試験でどんなふうに問われますか？,天井付近の高温ガス層が下方へ伝播。室内一斉着火。バックドラフトと区別する。,フラッシュオーバーで間違えやすい点は？,バックドラフトと同一視する。単なる延焼とみなす。,フラッシュオーバーと「酸化・還元」「酸化」の違いは？,「酸化・還元」「酸化」は意味や数値・適用場面が異なります。用語ページの比較表と演習で、フラッシュオーバーだけのポイントを確認してください。
ベンゼン,べんぜん,火災・消火・漏えい,火災・消火・漏えい;乙4;頻出;詳細記事;実践演習連動;一問一答連動,"ベンゼンは、ベンゼンとトルエンはいずれも第一石油類として整理される。

たとえば、危険物の性質（水溶性か、蒸気がたまりやすいか）に合った消火・漏えい対策かどうかが、正誤の判断ポイントになります。

試験では、定義を一文で説明できる点を押さえると得点源になります。",まず「ベンゼン」は、ベンゼンとトルエンはいずれも第一石油類として整理される。 トルエンは第4類危険物の第一石油類に分類される代表的な物質である。 火災・消火・漏えいでは「第一石油類」の文脈で繰り返し問われます。,第一石油類;ベンゼン・トルエン;トルエン,危険物の規制に関する政令,B,ベンゼン・トルエン・ガソリンは第一石油類として整理する。 キシレンは第二石油類、トルエンは第一石油類として区別する。 キシレンは第二石油類として区別する。 誤り。アルコール類ではない。,ベンゼンとは？危険物取扱者試験（乙種第4類）で押さえる意味・試験ポイント,このページでは、火災・消火・漏えい分野の「ベンゼン」を、試験に出る形で整理します。ひとことで言うと、ベンゼンとトルエンはいずれも第一石油類として整理される。下の目次の順に読むと、定義から演習のポイントまでつながって理解できます。,"ベンゼンは、ベンゼンとトルエンはいずれも第一石油類として整理される。 第4類危険物の第一石油類に分類される代表的な物質である。

誤り。アルコール類ではない。

誤り。第三石油類ではない。

誤り。動植物油類ではない。

誤り。特殊引火物ではない。

ベンゼン・トルエン・ガソリンは第一石油類として整理する。

キシレンは第二石油類、トルエンは第一石油類として区別する。

キシレンは第二石油類として区別する。

よくある誤りは、ベンゼン・トルエン・ガソリンは第一石油類として整理する。キシレンは第二石油類、トルエンは第一石油類として区別する。キシレンは第二石油類として区別する。

火災・消火・漏えいでは「第一石油類」「ベンゼン・トルエン」など近い用語とセットで出題されます。定義・数値・主体の違いを表で対比し、ベンゼンだけの特徴を一言で言えるようにしてください。",定義を一文で説明できる。;適用する場面（製造・貯蔵・取扱・消火）を挙げられる。;関連する法令名を意識できる。,ベンゼン・トルエン・ガソリンは第一石油類として整理する。;キシレンは第二石油類、トルエンは第一石油類として区別する。;キシレンは第二石油類として区別する。,"「ベンゼン」は、火災・消火・漏えいの頻出語です。

整理のコツ：関連する「第一石油類」「ベンゼン・トルエン」「トルエン」と、「同じ点・違う点」を表に書き出し、ベンゼンだけの特徴を一行で言えるようにします。

覚え方：間違えたら「ベンゼン・トルエン・ガソリンは第一石油類として整理する」のパターンか確認し、同じ型の誤りが出た問題を2問だけ繰り返します。

復習のしかた：丸暗記より、選択肢の「誤り。」の理由を声に出して説明できるかを目標にします。",ベンゼンの分類について、「第一石油類」は正しい。,○。正しい。,ベンゼンとは何ですか？,ベンゼンは、ベンゼンとトルエンはいずれも第一石油類として整理される。 たとえば、危険物の性質（水溶性か、蒸気がたまりやすいか）に合った消火・漏えい対策かどうかが、正誤の判断ポイントになります。 試験では、定義を一文で説明できる点を押さえると得点源になります。,ベンゼンは試験でどんなふうに問われますか？,定義を一文で説明できる。適用する場面（製造・貯蔵・取扱・消火）を挙げられる。関連する法令名を意識できる。,ベンゼンで間違えやすい点は？,ベンゼン・トルエン・ガソリンは第一石油類として整理する。キシレンは第二石油類、トルエンは第一石油類として区別する。,ベンゼンと「第一石油類」「ベンゼン・トルエン」の違いは？,「第一石油類」「ベンゼン・トルエン」は意味や数値・適用場面が異なります。用語ページの比較表と演習で、ベンゼンだけのポイントを確認してください。
ベンゼン・トルエン,べんぜん・とるえん,火災・消火・漏えい,火災・消火・漏えい;乙4;頻出;詳細記事;実践演習連動;一問一答連動,"ベンゼン・トルエンは、ベンゼンは第4類危険物の第一石油類に分類される代表的な物質である。

たとえば、危険物の性質（水溶性か、蒸気がたまりやすいか）に合った消火・漏えい対策かどうかが、正誤の判断ポイントになります。

試験では、定義を一文で説明できる点を押さえると得点源になります。",まず「ベンゼン・トルエン」は、ベンゼンは第4類危険物の第一石油類に分類される代表的な物質である。 トルエンは第4類危険物の第一石油類に分類される代表的な物質である。 火災・消火・漏えいでは「第一石油類」の文脈で繰り返し問われます。,アセトアルデヒド;アセトン;アニリン,危険物の規制に関する政令,B,ベンゼン・トルエン・ガソリンは第一石油類として整理する。 キシレンは第二石油類、トルエンは第一石油類として区別する。 キシレンは第二石油類として区別する。 誤り。アルコール類ではない。,ベンゼン・トルエンとは？危険物取扱者試験（乙種第4類）で押さえる意味・試験ポイント,このページでは、火災・消火・漏えい分野の「ベンゼン・トルエン」を、試験に出る形で整理します。ひとことで言うと、ベンゼンは第4類危険物の第一石油類に分類される代表的な物質である。下の目次の順に読むと、定義から演習のポイントまでつながって理解できます。,"ベンゼン・トルエンは、ベンゼンは第4類危険物の第一石油類に分類される代表的な物質である。 トルエンは第4類危険物の第一石油類に分類される代表的な物質である。

誤り。アルコール類ではない。

誤り。第三石油類ではない。

誤り。動植物油類ではない。

誤り。特殊引火物ではない。

ベンゼン・トルエン・ガソリンは第一石油類として整理する。

キシレンは第二石油類、トルエンは第一石油類として区別する。

キシレンは第二石油類として区別する。

よくある誤りは、ベンゼン・トルエン・ガソリンは第一石油類として整理する。キシレンは第二石油類、トルエンは第一石油類として区別する。キシレンは第二石油類として区別する。

火災・消火・漏えいでは「アセトアルデヒド」「アセトン」など近い用語とセットで出題されます。定義・数値・主体の違いを表で対比し、ベンゼン・トルエンだけの特徴を一言で言えるようにしてください。

ベンゼンとトルエンはいずれも第一石油類として整理される。",定義を一文で説明できる。;適用する場面（製造・貯蔵・取扱・消火）を挙げられる。;関連する法令名を意識できる。,ベンゼン・トルエン・ガソリンは第一石油類として整理する。;キシレンは第二石油類、トルエンは第一石油類として区別する。;キシレンは第二石油類として区別する。,"「ベンゼン・トルエン」は、火災・消火・漏えいの頻出語です。

整理のコツ：関連する「アセトアルデヒド」「アセトン」「アニリン」と、「同じ点・違う点」を表に書き出し、ベンゼン・トルエンだけの特徴を一行で言えるようにします。

覚え方：間違えたら「ベンゼン・トルエン・ガソリンは第一石油類として整理する」のパターンか確認し、同じ型の誤りが出た問題を2問だけ繰り返します。

復習のしかた：丸暗記より、選択肢の「誤り。」の理由を声に出して説明できるかを目標にします。",ベンゼンの分類について、「第一石油類」は正しい。,○。正しい。,ベンゼン・トルエンとは何ですか？,ベンゼン・トルエンは、ベンゼンは第4類危険物の第一石油類に分類される代表的な物質である。 たとえば、危険物の性質（水溶性か、蒸気がたまりやすいか）に合った消火・漏えい対策かどうかが、正誤の判断ポイントになります。 試験では、定義を一文で説明できる点を押さえると得点源になります。,ベンゼン・トルエンは試験でどんなふうに問われますか？,定義を一文で説明できる。適用する場面（製造・貯蔵・取扱・消火）を挙げられる。関連する法令名を意識できる。,ベンゼン・トルエンで間違えやすい点は？,ベンゼン・トルエン・ガソリンは第一石油類として整理する。キシレンは第二石油類、トルエンは第一石油類として区別する。,ベンゼン・トルエンと「アセトアルデヒド」「アセトン」の違いは？,「アセトアルデヒド」「アセトン」は意味や数値・適用場面が異なります。用語ページの比較表と演習で、ベンゼン・トルエンだけのポイントを確認してください。
メタノール,めたのーる,火災・消火・漏えい,火災・消火・漏えい;乙4;頻出;詳細記事;実践演習連動;一問一答連動,"メタノールは水溶性のアルコール類で引火危険がある。

たとえば、危険物の性質（水溶性か、蒸気がたまりやすいか）に合った消火・漏えい対策かどうかが、正誤の判断ポイントになります。

試験では、メタノールは水溶性のアルコール類で引火危険がある点を押さえると得点源になります。",まず「メタノール」は、メタノールは水溶性のアルコール類で引火危険がある。 アルコール類で、水に溶けるが引火危険がある。水溶性であることは安全を意味しない。 火災・消火・漏えいでは「アルコール類」の文脈で繰り返し問われます。,アセトアルデヒド;アセトン;アニリン,危険物の規制に関する政令,B,アルコール類は水に溶けやすいものが多いが、引火危険はある。 メタノールは水溶性のアルコール類で引火危険がある。 メタノールは水溶性でも引火危険あり。 誤り。メタノールは第二石油類ではない。,メタノールとは？危険物取扱者試験（乙種第4類）で押さえる意味・試験ポイント,このページでは、火災・消火・漏えい分野の「メタノール」を、試験に出る形で整理します。ひとことで言うと、メタノールは水溶性のアルコール類で引火危険がある。下の目次の順に読むと、定義から演習のポイントまでつながって理解できます。,"メタノールは水溶性のアルコール類で引火危険がある。 アルコール類に当てはまる第4類危険物であり、引火の危険がある。

試験では、メタノールは水溶性のアルコール類で引火危険がある。また、メタノールは水溶性でも引火危険あり点も押さえます。

誤り。メタノールは第二石油類ではない。

誤り。引火危険があり、火災予防上の注意が必要である。

誤り。動植物油類ではない。

誤り。第1類危険物ではない。

アルコール類は水に溶けやすいものが多いが、引火危険はある。

メタノールは水溶性のアルコール類で引火危険がある。

メタノールは水溶性でも引火危険あり。

よくある誤りは、アルコール類は水に溶けやすいものが多いが、引火危険はある。

火災・消火・漏えいでは「アセトアルデヒド」「アセトン」など近い用語とセットで出題されます。定義・数値・主体の違いを表で対比し、メタノールだけの特徴を一言で言えるようにしてください。

アルコール類で、水に溶けるが引火危険がある。

水に溶けるアルコール類だが、引火危険がある。",メタノールは水溶性のアルコール類で引火危険がある。;メタノールは水溶性でも引火危険あり。,アルコール類は水に溶けやすいものが多いが、引火危険はある。,"「メタノール」は、火災・消火・漏えいの頻出語です。

整理のコツ：関連する「アセトアルデヒド」「アセトン」「アニリン」と、「同じ点・違う点」を表に書き出し、メタノールだけの特徴を一行で言えるようにします。

覚え方：間違えたら「アルコール類は水に溶けやすいものが多いが、引火危険はある」のパターンか確認し、同じ型の誤りが出た問題を2問だけ繰り返します。

復習のしかた：丸暗記より、選択肢の「誤り。」の理由を声に出して説明できるかを目標にします。",メタノールの性質について、「不燃性であり、火災予防上の注意は不要である。」は正しい。,×。誤り。,メタノールとは何ですか？,メタノールは水溶性のアルコール類で引火危険がある。 たとえば、危険物の性質（水溶性か、蒸気がたまりやすいか）に合った消火・漏えい対策かどうかが、正誤の判断ポイントになります。 試験では、メタノールは水溶性のアルコール類で引火危険がある点を押さえると得点源になります。,メタノールは試験でどんなふうに問われますか？,メタノールは水溶性のアルコール類で引火危険がある。メタノールは水溶性でも引火危険あり。,メタノールで間違えやすい点は？,アルコール類は水に溶けやすいものが多いが、引火危険はある。,メタノールと「アセトアルデヒド」「アセトン」の違いは？,「アセトアルデヒド」「アセトン」は意味や数値・適用場面が異なります。用語ページの比較表と演習で、メタノールだけのポイントを確認してください。
一般取扱所の基準,いっぱんとりあつかいところのきじゅん,法令・制度,法令・制度;乙4;頻出;詳細記事;実践演習連動;一問一答連動,"一般取扱所の基準は、一般取扱所は、給油取扱所、販売取扱所、移送取扱所以外で危険物を取り扱う取扱所の一種である。

たとえば、条文では「消防法で定める」「政令で定める」「施行令で定める」のように、どの法令に書かれているかを選ぶ問題がよく出ます。

試験では、定義を一文で説明できる点を押さえると得点源になります。",まず「一般取扱所の基準」は、一般取扱所は、給油取扱所、販売取扱所、移送取扱所以外で危険物を取り扱う取扱所の一種である。 一般取扱所は、給油取扱所、販売取扱所、移送取扱所以外で危険物を取り扱う取扱所である。 法令・制度では「取扱所基準」の文脈で繰り返し問われます。,セルフ式給油取扱所の基準;丙種の違い;丙種危険物取扱者,危険物の規制に関する政令,B,誤り。免状の別名ではない。 誤り。住宅の名称ではない。 誤り。屋外タンク貯蔵所ではない。,一般取扱所の基準とは？危険物取扱者試験（乙種第4類）で押さえる意味・試験ポイント,このページでは、法令・制度分野の「一般取扱所の基準」を、試験に出る形で整理します。ひとことで言うと、一般取扱所は、給油取扱所、販売取扱所、移送取扱所以外で危険物を取り扱う取扱所の一種である。下の目次の順に読むと、定義から演習のポイントまでつながって理解できます。,"一般取扱所の基準は、一般取扱所は、給油取扱所、販売取扱所、移送取扱所以外で危険物を取り扱う取扱所の一種である。 一般取扱所は、給油取扱所、販売取扱所、移送取扱所以外で危険物を取り扱う取扱所である。

誤り。免状の別名ではない。

誤り。住宅の名称ではない。

誤り。屋外タンク貯蔵所ではない。

誤り。計算式ではない。

法令・制度では「セルフ式給油取扱所の基準」「丙種の違い」など近い用語とセットで出題されます。定義・数値・主体の違いを表で対比し、一般取扱所の基準だけの特徴を一言で言えるようにしてください。",定義を一文で説明できる。;適用する場面（製造・貯蔵・取扱・消火）を挙げられる。;関連する法令名を意識できる。,類似語と混同する。;数字や条件を取り違える。;すべての危険物に当てはめる。,"「一般取扱所の基準」は、法令・制度の頻出語です。

整理のコツ：関連する「セルフ式給油取扱所の基準」「丙種の違い」「丙種危険物取扱者」と、「同じ点・違う点」を表に書き出し、一般取扱所の基準だけの特徴を一行で言えるようにします。

覚え方：間違えたら「類似語と混同する」のパターンか確認し、同じ型の誤りが出た問題を2問だけ繰り返します。

復習のしかた：丸暗記より、選択肢の「誤り。」の理由を声に出して説明できるかを目標にします。",一般取扱所について、「給油取扱所、販売取扱所、移送取扱所以外で、危険物を取り扱う取扱所の一種である。」は正しい。,○。正しい。,一般取扱所の基準とは何ですか？,一般取扱所の基準は、一般取扱所は、給油取扱所、販売取扱所、移送取扱所以外で危険物を取り扱う取扱所の一種である。 たとえば、条文では「消防法で定める」「政令で定める」「施行令で定める」のように、どの法令に書かれているかを選ぶ問題がよく出ます。 試験では、定義を一文で説明できる点を押さえると得点源になります。,一般取扱所の基準は試験でどんなふうに問われますか？,定義を一文で説明できる。適用する場面（製造・貯蔵・取扱・消火）を挙げられる。関連する法令名を意識できる。,一般取扱所の基準で間違えやすい点は？,類似語と混同する。数字や条件を取り違える。,一般取扱所の基準と「セルフ式給油取扱所の基準」「丙種の違い」の違いは？,「セルフ式給油取扱所の基準」「丙種の違い」は意味や数値・適用場面が異なります。用語ページの比較表と演習で、一般取扱所の基準だけのポイントを確認してください。
上限界,じょうげんかい,物性・化学,物性・化学;乙4;頻出;詳細記事;実践演習連動;一問一答連動,"上限界は、燃焼範囲の下限界は、可燃性蒸気やガスの濃度がこれより低いと燃焼しにくい限界濃度である。

たとえば、引火点・沸点・密度など、数字と単位をセットで覚えると、選択肢の数値の当たり外れを見分けやすくなります。

試験では、定義を一文で説明できる点を押さえると得点源になります。",まず「上限界」は、燃焼範囲の下限界は、可燃性蒸気やガスの濃度がこれより低いと燃焼しにくい限界濃度である。 可燃性蒸気の濃度が燃焼範囲より高い場合、酸素不足などにより一般に燃焼しにくい。 物性・化学では「燃焼」の文脈で繰り返し問われます。,下限界・上限界;燃焼;下限界,,B,誤り。溶解とは関係ない。 誤り。薄すぎると燃焼しにくい。 誤り。蒸気比重とは別の概念である。,上限界とは？危険物取扱者試験（乙種第4類）で押さえる意味・試験ポイント,このページでは、物性・化学分野の「上限界」を、試験に出る形で整理します。ひとことで言うと、燃焼範囲の下限界は、可燃性蒸気やガスの濃度がこれより低いと燃焼しにくい限界濃度である。下の目次の順に読むと、定義から演習のポイントまでつながって理解できます。,"上限界は、燃焼範囲の下限界は、可燃性蒸気やガスの濃度がこれより低いと燃焼しにくい限界濃度である。 可燃性蒸気の濃度が燃焼範囲より高い場合、酸素不足などにより一般に燃焼しにくい。

誤り。溶解とは関係ない。

誤り。薄すぎると燃焼しにくい。

誤り。蒸気比重とは別の概念である。

誤り。凝固点の説明である。

物性・化学では「下限界・上限界」「燃焼」など近い用語とセットで出題されます。定義・数値・主体の違いを表で対比し、上限界だけの特徴を一言で言えるようにしてください。

燃焼範囲の下限界を下回ると、可燃性蒸気が薄すぎて燃焼しにくい。",定義を一文で説明できる。;適用する場面（製造・貯蔵・取扱・消火）を挙げられる。;関連する法令名を意識できる。,類似語と混同する。;数字や条件を取り違える。;すべての危険物に当てはめる。,"「上限界」は、物性・化学の頻出語です。

整理のコツ：関連する「下限界・上限界」「燃焼」「下限界」と、「同じ点・違う点」を表に書き出し、上限界だけの特徴を一行で言えるようにします。

覚え方：間違えたら「類似語と混同する」のパターンか確認し、同じ型の誤りが出た問題を2問だけ繰り返します。

復習のしかた：丸暗記より、選択肢の「誤り。」の理由を声に出して説明できるかを目標にします。",燃焼範囲の下限界について、「可燃性蒸気の濃度がこれより低いと、一般に燃焼しにくい濃度をいう。」は正しい。,○。正しい。,上限界とは何ですか？,上限界は、燃焼範囲の下限界は、可燃性蒸気やガスの濃度がこれより低いと燃焼しにくい限界濃度である。 たとえば、引火点・沸点・密度など、数字と単位をセットで覚えると、選択肢の数値の当たり外れを見分けやすくなります。 試験では、定義を一文で説明できる点を押さえると得点源になります。,上限界は試験でどんなふうに問われますか？,定義を一文で説明できる。適用する場面（製造・貯蔵・取扱・消火）を挙げられる。関連する法令名を意識できる。,上限界で間違えやすい点は？,類似語と混同する。数字や条件を取り違える。,上限界と「下限界・上限界」「燃焼」の違いは？,「下限界・上限界」「燃焼」は意味や数値・適用場面が異なります。用語ページの比較表と演習で、上限界だけのポイントを確認してください。
下限界,かげんかい,物性・化学,物性・化学;乙4;頻出;詳細記事;実践演習連動;一問一答連動,"下限界は、燃焼範囲の下限界は、可燃性蒸気やガスの濃度がこれより低いと燃焼しにくい限界濃度である。

たとえば、引火点・沸点・密度など、数字と単位をセットで覚えると、選択肢の数値の当たり外れを見分けやすくなります。

試験では、定義を一文で説明できる点を押さえると得点源になります。",まず「下限界」は、燃焼範囲の下限界は、可燃性蒸気やガスの濃度がこれより低いと燃焼しにくい限界濃度である。 可燃性蒸気の濃度が燃焼範囲より高い場合、酸素不足などにより一般に燃焼しにくい。 物性・化学では「燃焼」の文脈で繰り返し問われます。,下限界・上限界;燃焼;上限界,,B,誤り。溶解とは関係ない。 誤り。薄すぎると燃焼しにくい。 誤り。蒸気比重とは別の概念である。,下限界とは？危険物取扱者試験（乙種第4類）で押さえる意味・試験ポイント,このページでは、物性・化学分野の「下限界」を、試験に出る形で整理します。ひとことで言うと、燃焼範囲の下限界は、可燃性蒸気やガスの濃度がこれより低いと燃焼しにくい限界濃度である。下の目次の順に読むと、定義から演習のポイントまでつながって理解できます。,"下限界は、燃焼範囲の下限界は、可燃性蒸気やガスの濃度がこれより低いと燃焼しにくい限界濃度である。 可燃性蒸気の濃度が燃焼範囲より高い場合、酸素不足などにより一般に燃焼しにくい。

誤り。溶解とは関係ない。

誤り。薄すぎると燃焼しにくい。

誤り。蒸気比重とは別の概念である。

誤り。凝固点の説明である。

物性・化学では「下限界・上限界」「燃焼」など近い用語とセットで出題されます。定義・数値・主体の違いを表で対比し、下限界だけの特徴を一言で言えるようにしてください。

燃焼範囲の下限界を下回ると、可燃性蒸気が薄すぎて燃焼しにくい。",定義を一文で説明できる。;適用する場面（製造・貯蔵・取扱・消火）を挙げられる。;関連する法令名を意識できる。,類似語と混同する。;数字や条件を取り違える。;すべての危険物に当てはめる。,"「下限界」は、物性・化学の頻出語です。

整理のコツ：関連する「下限界・上限界」「燃焼」「上限界」と、「同じ点・違う点」を表に書き出し、下限界だけの特徴を一行で言えるようにします。

覚え方：間違えたら「類似語と混同する」のパターンか確認し、同じ型の誤りが出た問題を2問だけ繰り返します。

復習のしかた：丸暗記より、選択肢の「誤り。」の理由を声に出して説明できるかを目標にします。",燃焼範囲の下限界について、「可燃性蒸気の濃度がこれより低いと、一般に燃焼しにくい濃度をいう。」は正しい。,○。正しい。,下限界とは何ですか？,下限界は、燃焼範囲の下限界は、可燃性蒸気やガスの濃度がこれより低いと燃焼しにくい限界濃度である。 たとえば、引火点・沸点・密度など、数字と単位をセットで覚えると、選択肢の数値の当たり外れを見分けやすくなります。 試験では、定義を一文で説明できる点を押さえると得点源になります。,下限界は試験でどんなふうに問われますか？,定義を一文で説明できる。適用する場面（製造・貯蔵・取扱・消火）を挙げられる。関連する法令名を意識できる。,下限界で間違えやすい点は？,類似語と混同する。数字や条件を取り違える。,下限界と「下限界・上限界」「燃焼」の違いは？,「下限界・上限界」「燃焼」は意味や数値・適用場面が異なります。用語ページの比較表と演習で、下限界だけのポイントを確認してください。
下限界・上限界,かげんかい・じょうげんかい,物性・化学,物性・化学;乙4;頻出;詳細記事;実践演習連動;一問一答連動,"下限界・上限界は、燃焼範囲の下限界は、可燃性蒸気やガスの濃度がこれより低いと燃焼しにくい限界濃度である。

たとえば、引火点・沸点・密度など、数字と単位をセットで覚えると、選択肢の数値の当たり外れを見分けやすくなります。

試験では、定義を一文で説明できる点を押さえると得点源になります。",まず「下限界・上限界」は、燃焼範囲の下限界は、可燃性蒸気やガスの濃度がこれより低いと燃焼しにくい限界濃度である。 可燃性蒸気の濃度が燃焼範囲より高い場合、酸素不足などにより一般に燃焼しにくい。 物性・化学では「燃焼」の文脈で繰り返し問われます。,pH;アルカリの性質;アルコール類の基礎,,B,誤り。溶解とは関係ない。 誤り。薄すぎると燃焼しにくい。 誤り。蒸気比重とは別の概念である。,下限界・上限界とは？危険物取扱者試験（乙種第4類）で押さえる意味・試験ポイント,このページでは、物性・化学分野の「下限界・上限界」を、試験に出る形で整理します。ひとことで言うと、燃焼範囲の下限界は、可燃性蒸気やガスの濃度がこれより低いと燃焼しにくい限界濃度である。下の目次の順に読むと、定義から演習のポイントまでつながって理解できます。,"下限界・上限界は、燃焼範囲の下限界は、可燃性蒸気やガスの濃度がこれより低いと燃焼しにくい限界濃度である。 可燃性蒸気の濃度が燃焼範囲より高い場合、酸素不足などにより一般に燃焼しにくい。

誤り。溶解とは関係ない。

誤り。薄すぎると燃焼しにくい。

誤り。蒸気比重とは別の概念である。

誤り。凝固点の説明である。

物性・化学では「pH」「アルカリの性質」など近い用語とセットで出題されます。定義・数値・主体の違いを表で対比し、下限界・上限界だけの特徴を一言で言えるようにしてください。

燃焼範囲の下限界を下回ると、可燃性蒸気が薄すぎて燃焼しにくい。",定義を一文で説明できる。;適用する場面（製造・貯蔵・取扱・消火）を挙げられる。;関連する法令名を意識できる。,類似語と混同する。;数字や条件を取り違える。;すべての危険物に当てはめる。,"「下限界・上限界」は、物性・化学の頻出語です。

整理のコツ：関連する「pH」「アルカリの性質」「アルコール類の基礎」と、「同じ点・違う点」を表に書き出し、下限界・上限界だけの特徴を一行で言えるようにします。

覚え方：間違えたら「類似語と混同する」のパターンか確認し、同じ型の誤りが出た問題を2問だけ繰り返します。

復習のしかた：丸暗記より、選択肢の「誤り。」の理由を声に出して説明できるかを目標にします。",燃焼範囲の下限界について、「可燃性蒸気の濃度がこれより低いと、一般に燃焼しにくい濃度をいう。」は正しい。,○。正しい。,下限界・上限界とは何ですか？,下限界・上限界は、燃焼範囲の下限界は、可燃性蒸気やガスの濃度がこれより低いと燃焼しにくい限界濃度である。 たとえば、引火点・沸点・密度など、数字と単位をセットで覚えると、選択肢の数値の当たり外れを見分けやすくなります。 試験では、定義を一文で説明できる点を押さえると得点源になります。,下限界・上限界は試験でどんなふうに問われますか？,定義を一文で説明できる。適用する場面（製造・貯蔵・取扱・消火）を挙げられる。関連する法令名を意識できる。,下限界・上限界で間違えやすい点は？,類似語と混同する。数字や条件を取り違える。,下限界・上限界と「pH」「アルカリの性質」の違いは？,「pH」「アルカリの性質」は意味や数値・適用場面が異なります。用語ページの比較表と演習で、下限界・上限界だけのポイントを確認してください。
不完全燃焼,ふかんぜんねんしょう,物性・化学,物性・化学;乙4;頻出;詳細記事;実践演習連動;一問一答連動,"不完全燃焼は、不完全燃焼では一酸化炭素が発生しやすく、有毒である。

たとえば、密閉空間では蒸気がたまりやすく、換気と火気厳禁が重要です。数値（引火点・爆発下限界など）は品名とセットで確認してください。

試験では、定義を一文で説明できる点を押さえると得点源になります。",まず「不完全燃焼」は、不完全燃焼では一酸化炭素が発生しやすく、有毒である。 完全燃焼では酸素が十分に供給され、二酸化炭素などを生じる。 物性・化学では「燃焼」の文脈で繰り返し問われます。,完全燃焼・不完全燃焼;燃焼;完全燃焼,,B,誤り。希ガスである。 誤り。代表的な有毒気体ではない。 誤り。空気中に多い気体である。,不完全燃焼とは？危険物取扱者試験（乙種第4類）で押さえる意味・試験ポイント,このページでは、物性・化学分野の「不完全燃焼」を、試験に出る形で整理します。ひとことで言うと、不完全燃焼では一酸化炭素が発生しやすく、有毒である。下の目次の順に読むと、定義から演習のポイントまでつながって理解できます。,"不完全燃焼は、不完全燃焼では一酸化炭素が発生しやすく、有毒である。 完全燃焼では酸素が十分に供給され、二酸化炭素などを生じる。

誤り。希ガスである。

誤り。代表的な有毒気体ではない。

誤り。空気中に多い気体である。

誤り。不完全燃焼に近い。

物性・化学では「完全燃焼・不完全燃焼」「燃焼」など近い用語とセットで出題されます。定義・数値・主体の違いを表で対比し、不完全燃焼だけの特徴を一言で言えるようにしてください。",定義を一文で説明できる。;適用する場面（製造・貯蔵・取扱・消火）を挙げられる。;関連する法令名を意識できる。,類似語と混同する。;数字や条件を取り違える。;すべての危険物に当てはめる。,"「不完全燃焼」は、物性・化学の頻出語です。

整理のコツ：関連する「完全燃焼・不完全燃焼」「燃焼」「完全燃焼」と、「同じ点・違う点」を表に書き出し、不完全燃焼だけの特徴を一行で言えるようにします。

覚え方：間違えたら「類似語と混同する」のパターンか確認し、同じ型の誤りが出た問題を2問だけ繰り返します。

復習のしかた：丸暗記より、選択肢の「誤り。」の理由を声に出して説明できるかを目標にします。",不完全燃焼で発生しやすい有毒な気体として代表的なものについて、「窒素」は正しい。,×。誤り。,不完全燃焼とは何ですか？,不完全燃焼は、不完全燃焼では一酸化炭素が発生しやすく、有毒である。 たとえば、密閉空間では蒸気がたまりやすく、換気と火気厳禁が重要です。数値（引火点・爆発下限界など）は品名とセットで確認してください。 試験では、定義を一文で説明できる点を押さえると得点源になります。,不完全燃焼は試験でどんなふうに問われますか？,定義を一文で説明できる。適用する場面（製造・貯蔵・取扱・消火）を挙げられる。関連する法令名を意識できる。,不完全燃焼で間違えやすい点は？,類似語と混同する。数字や条件を取り違える。,不完全燃焼と「完全燃焼・不完全燃焼」「燃焼」の違いは？,「完全燃焼・不完全燃焼」「燃焼」は意味や数値・適用場面が異なります。用語ページの比較表と演習で、不完全燃焼だけのポイントを確認してください。
不飽和炭化水素,ふほうわたんかすいそ,物性・化学,物性・化学;乙4;頻出;詳細記事;実践演習連動;一問一答連動,"不飽和炭化水素は、不飽和炭化水素には、炭素原子間に二重結合や三重結合をもつものがある。

たとえば、引火点・沸点・密度など、数字と単位をセットで覚えると、選択肢の数値の当たり外れを見分けやすくなります。

試験では、不飽和炭化水素は二重結合・三重結合をもつものがある点を押さえると得点源になります。",まず「不飽和炭化水素」は、不飽和炭化水素には、炭素原子間に二重結合や三重結合をもつものがある。 正しい。不飽和炭化水素の特徴である。 不飽和炭化水素には、炭素原子間に二重結合や三重結合をもつものがある。 物性・化学では「有機化合物」の文脈で繰り返し問われます。,有機化合物;飽和炭化水素・不飽和炭化水素;飽和炭化水素,,B,不飽和炭化水素は二重結合・三重結合をもつものがある。 誤り。水だけで構成されるわけではない。 誤り。金属元素だけではない。 誤り。酸素を放出する液体ではない。,不飽和炭化水素とは？危険物取扱者試験（乙種第4類）で押さえる意味・試験ポイント,このページでは、物性・化学分野の「不飽和炭化水素」を、試験に出る形で整理します。ひとことで言うと、不飽和炭化水素には、炭素原子間に二重結合や三重結合をもつものがある。下の目次の順に読むと、定義から演習のポイントまでつながって理解できます。,"不飽和炭化水素は、不飽和炭化水素には、炭素原子間に二重結合や三重結合をもつものがある。

試験では、不飽和炭化水素は二重結合・三重結合をもつものがある点が問われます。

誤り。水だけで構成されるわけではない。

誤り。金属元素だけではない。

誤り。酸素を放出する液体ではない。

誤り。指定数量の単位ではない。

不飽和炭化水素は二重結合・三重結合をもつものがある。

物性・化学では「有機化合物」「飽和炭化水素・不飽和炭化水素」など近い用語とセットで出題されます。定義・数値・主体の違いを表で対比し、不飽和炭化水素だけの特徴を一言で言えるようにしてください。",不飽和炭化水素は二重結合・三重結合をもつものがある。,類似語と混同する。;数字や条件を取り違える。;すべての危険物に当てはめる。,"「不飽和炭化水素」は、物性・化学の頻出語です。

整理のコツ：関連する「有機化合物」「飽和炭化水素・不飽和炭化水素」「飽和炭化水素」と、「同じ点・違う点」を表に書き出し、不飽和炭化水素だけの特徴を一行で言えるようにします。

覚え方：間違えたら「類似語と混同する」のパターンか確認し、同じ型の誤りが出た問題を2問だけ繰り返します。

復習のしかた：丸暗記より、選択肢の「誤り。」の理由を声に出して説明できるかを目標にします。",不飽和炭化水素について、「炭素原子間に二重結合や三重結合をもつものがある。」は正しい。,○。正しい。,不飽和炭化水素とは何ですか？,不飽和炭化水素は、不飽和炭化水素には、炭素原子間に二重結合や三重結合をもつものがある。 たとえば、引火点・沸点・密度など、数字と単位をセットで覚えると、選択肢の数値の当たり外れを見分けやすくなります。 試験では、不飽和炭化水素は二重結合・三重結合をもつものがある点を押さえると得点源になります。,不飽和炭化水素は試験でどんなふうに問われますか？,不飽和炭化水素は二重結合・三重結合をもつものがある。,不飽和炭化水素で間違えやすい点は？,類似語と混同する。数字や条件を取り違える。,不飽和炭化水素と「有機化合物」「飽和炭化水素・不飽和炭化水素」の違いは？,「有機化合物」「飽和炭化水素・不飽和炭化水素」は意味や数値・適用場面が異なります。用語ページの比較表と演習で、不飽和炭化水素だけのポイントを確認してください。
丙種の違い,へいしゅのちがい,法令・制度,法令・制度;乙4;頻出;詳細記事;実践演習連動;一問一答連動,"丙種の違いは、乙種危険物取扱者は、免状に指定された類の危険物について取扱いおよび立会いができる。

たとえば、条文では「消防法で定める」「政令で定める」「施行令で定める」のように、どの法令に書かれているかを選ぶ問題がよく出ます。

試験では、定義を一文で説明できる点を押さえると得点源になります。",まず「丙種の違い」は、乙種危険物取扱者は、免状に指定された類の危険物について取扱いおよび立会いができる。乙4であれば第4類危険物が対象である。 甲種はすべての種類の危険物を取り扱うことができる。乙種は免状に指定された類、乙種第4類は第4類危険物が対象である。 法令・制度では「危険物取扱者」の文脈で繰り返し問われます。,危険物取扱者;甲種・乙種・丙種の違い,消防法,B,甲種のように全類を扱えるわけではない。 誤り。免状に応じた危険物の取扱いができる。 誤り。丙種危険物取扱者の立会いを必要とする制度ではない。 誤り。運搬だけに限定された資格ではない。,丙種の違いとは？危険物取扱者試験（乙種第4類）で押さえる意味・試験ポイント,このページでは、法令・制度分野の「丙種の違い」を、試験に出る形で整理します。ひとことで言うと、乙種危険物取扱者は、免状に指定された類の危険物について取扱いおよび立会いができる。乙4であれば第4類危険物が対象である。下の目次の順に読むと、定義から演習のポイントまでつながって理解できます。,"丙種の違いは、乙種危険物取扱者は、免状に指定された類の危険物について取扱いおよび立会いができる。乙4であれば第4類危険物が対象である。 甲種はすべての種類の危険物を取り扱うことができる。乙種は免状に指定された類、乙種第4類は第4類危険物が対象である。

誤り。免状に応じた危険物の取扱いができる。

誤り。丙種危険物取扱者の立会いを必要とする制度ではない。

誤り。運搬だけに限定された資格ではない。

誤り。乙種は免状に指定された類に限られる。

甲種のように全類を扱えるわけではない。

よくある誤りは、甲種のように全類を扱えるわけではない。

法令・制度では「危険物取扱者」「甲種・乙種・丙種の違い」など近い用語とセットで出題されます。定義・数値・主体の違いを表で対比し、丙種の違いだけの特徴を一言で言えるようにしてください。

乙種危険物取扱者は、免状に指定された類の危険物を取り扱うことができる。",定義を一文で説明できる。;適用する場面（製造・貯蔵・取扱・消火）を挙げられる。;関連する法令名を意識できる。,甲種のように全類を扱えるわけではない。,"「丙種の違い」は、法令・制度の頻出語です。

整理のコツ：関連する「危険物取扱者」「甲種・乙種・丙種の違い」と、「同じ点・違う点」を表に書き出し、丙種の違いだけの特徴を一行で言えるようにします。

覚え方：間違えたら「甲種のように全類を扱えるわけではない」のパターンか確認し、同じ型の誤りが出た問題を2問だけ繰り返します。

復習のしかた：丸暗記より、選択肢の「誤り。」の理由を声に出して説明できるかを目標にします。",乙種危険物取扱者について、「免状に指定された類の危険物について、取扱いまたは立会いができる。」は正しい。,○。正しい。,丙種の違いとは何ですか？,丙種の違いは、乙種危険物取扱者は、免状に指定された類の危険物について取扱いおよび立会いができる。 たとえば、条文では「消防法で定める」「政令で定める」「施行令で定める」のように、どの法令に書かれているかを選ぶ問題がよく出ます。 試験では、定義を一文で説明できる点を押さえると得点源になります。,丙種の違いは試験でどんなふうに問われますか？,定義を一文で説明できる。適用する場面（製造・貯蔵・取扱・消火）を挙げられる。関連する法令名を意識できる。,丙種の違いで間違えやすい点は？,甲種のように全類を扱えるわけではない。,丙種の違いと「危険物取扱者」「甲種・乙種・丙種の違い」の違いは？,「危険物取扱者」「甲種・乙種・丙種の違い」は意味や数値・適用場面が異なります。用語ページの比較表と演習で、丙種の違いだけのポイントを確認してください。
丙種危険物取扱者,へいしゅきけんぶつとりあつかいしゃ,法令・制度,法令・制度;乙4;頻出;詳細記事;実践演習連動;一問一答連動,"丙種危険物取扱者は、丙種の危険物を取り扱う資格者で、乙種・甲種とは対象となる危険物の範囲と試験内容が異なる。

たとえば、条文では「消防法で定める」「政令で定める」「施行令で定める」のように、どの法令に書かれているかを選ぶ問題がよく出ます。

試験では、甲種・乙種・丙種の対象範囲点を押さえると得点源になります。",まず「丙種危険物取扱者」は、丙種の危険物を取り扱う資格者で、乙種・甲種とは対象となる危険物の範囲と試験内容が異なる。,危険物取扱者;甲種・乙種・丙種の違い;丙種の違い,消防法,B,甲種のように全類を扱えるわけではない。 誤り。免状に応じた危険物の取扱いができる。 誤り。丙種危険物取扱者の立会いを必要とする制度ではない。 誤り。運搬だけに限定された資格ではない。,丙種危険物取扱者とは？危険物取扱者試験（乙種第4類）で押さえる意味・試験ポイント,このページでは、法令・制度分野の「丙種危険物取扱者」を、試験に出る形で整理します。ひとことで言うと、丙種の危険物を取り扱う資格者で、乙種・甲種とは対象となる危険物の範囲と試験内容が異なる。下の目次の順に読むと、定義から演習のポイントまでつながって理解できます。,"危険物取扱者免状は甲種・乙種・丙種に区分され、取扱可能な危険物の範囲が異なります。乙種第4類は第4類を中心とした乙種試験であり、丙種とは出題範囲・難易度が別です。

試験では「丙種で扱える危険物」「乙種との違い」が正誤問題になりやすいです。受験資格・実務経験年数の要件も条文とあわせて整理してください。

誤り。免状に応じた危険物の取扱いができる。

誤り。丙種危険物取扱者の立会いを必要とする制度ではない。

誤り。運搬だけに限定された資格ではない。

誤り。乙種は免状に指定された類に限られる。

甲種のように全類を扱えるわけではない。",甲種・乙種・丙種の対象範囲。;乙種第4類との出題範囲の違い。;免状・受験資格。,乙種第4類と丙種の出題範囲を同一視する。;全類を扱えると誤解する。,"「丙種危険物取扱者」は、法令・制度の頻出語です。

整理のコツ：関連する「危険物取扱者」「甲種・乙種・丙種の違い」「丙種の違い」と、「同じ点・違う点」を表に書き出し、丙種危険物取扱者だけの特徴を一行で言えるようにします。

覚え方：間違えたら「乙種第4類と丙種の出題範囲を同一視する」のパターンか確認し、同じ型の誤りが出た問題を2問だけ繰り返します。

復習のしかた：丸暗記より、選択肢の「誤り。」の理由を声に出して説明できるかを目標にします。",乙種危険物取扱者について、「免状に指定された類の危険物について、取扱いまたは立会いができる。」は正しい。,○。正しい。,丙種危険物取扱者とは何ですか？,丙種危険物取扱者は、丙種の危険物を取り扱う資格者で、乙種・甲種とは対象となる危険物の範囲と試験内容が異なる。 たとえば、条文では「消防法で定める」「政令で定める」「施行令で定める」のように、どの法令に書かれているかを選ぶ問題がよく出ます。 試験では、甲種・乙種・丙種の対象範囲点を押さえると得点源になります。,丙種危険物取扱者は試験でどんなふうに問われますか？,甲種・乙種・丙種の対象範囲。乙種第4類との出題範囲の違い。免状・受験資格。,丙種危険物取扱者で間違えやすい点は？,乙種第4類と丙種の出題範囲を同一視する。全類を扱えると誤解する。,丙種危険物取扱者と「危険物取扱者」「甲種・乙種・丙種の違い」の違いは？,「危険物取扱者」「甲種・乙種・丙種の違い」は意味や数値・適用場面が異なります。用語ページの比較表と演習で、丙種危険物取扱者だけのポイントを確認してください。
中和反応,ちゅうわはんのう,物性・化学,物性・化学;乙4;頻出;詳細記事;実践演習連動;一問一答連動,"中和反応は、酸とアルカリが互いの性質を打ち消し合う反応である。

たとえば、引火点・沸点・密度など、数字と単位をセットで覚えると、選択肢の数値の当たり外れを見分けやすくなります。

試験では、定義を一文で説明できる点を押さえると得点源になります。",まず「中和反応」は、酸とアルカリが互いの性質を打ち消し合う反応である。 酸とアルカリが互いの性質を打ち消し合う反応を中和という。 物性・化学では「酸・アルカリ」の文脈で繰り返し問われます。,酸・アルカリ;アルカリ,,B,誤り。破砕ではない。 誤り。蒸発ではない。 誤り。指定数量計算ではない。,中和反応とは？危険物取扱者試験（乙種第4類）で押さえる意味・試験ポイント,このページでは、物性・化学分野の「中和反応」を、試験に出る形で整理します。ひとことで言うと、酸とアルカリが互いの性質を打ち消し合う反応である。下の目次の順に読むと、定義から演習のポイントまでつながって理解できます。,"中和反応は、酸とアルカリが互いの性質を打ち消し合う反応である。 酸とアルカリが互いの性質を打ち消し合う反応を中和という。

誤り。破砕ではない。

誤り。蒸発ではない。

誤り。指定数量計算ではない。

誤り。浮沈ではない。

物性・化学では「酸・アルカリ」「アルカリ」など近い用語とセットで出題されます。定義・数値・主体の違いを表で対比し、中和反応だけの特徴を一言で言えるようにしてください。",定義を一文で説明できる。;適用する場面（製造・貯蔵・取扱・消火）を挙げられる。;関連する法令名を意識できる。,類似語と混同する。;数字や条件を取り違える。;すべての危険物に当てはめる。,"「中和反応」は、物性・化学の頻出語です。

整理のコツ：関連する「酸・アルカリ」「アルカリ」と、「同じ点・違う点」を表に書き出し、中和反応だけの特徴を一行で言えるようにします。

覚え方：間違えたら「類似語と混同する」のパターンか確認し、同じ型の誤りが出た問題を2問だけ繰り返します。

復習のしかた：丸暗記より、選択肢の「誤り。」の理由を声に出して説明できるかを目標にします。",中和反応について、「危険物の指定数量を計算する方法である。」は正しい。,×。誤り。,中和反応とは何ですか？,中和反応は、酸とアルカリが互いの性質を打ち消し合う反応である。 たとえば、引火点・沸点・密度など、数字と単位をセットで覚えると、選択肢の数値の当たり外れを見分けやすくなります。 試験では、定義を一文で説明できる点を押さえると得点源になります。,中和反応は試験でどんなふうに問われますか？,定義を一文で説明できる。適用する場面（製造・貯蔵・取扱・消火）を挙げられる。関連する法令名を意識できる。,中和反応で間違えやすい点は？,類似語と混同する。数字や条件を取り違える。,中和反応と「酸・アルカリ」「アルカリ」の違いは？,「酸・アルカリ」「アルカリ」は意味や数値・適用場面が異なります。用語ページの比較表と演習で、中和反応だけのポイントを確認してください。
乙種危険物取扱者,おつしゅきけんぶつとりあつかいしゃ,法令・制度,法令・制度;乙4;頻出;詳細記事;実践演習連動;一問一答連動,"乙種危険物取扱者は、免状に指定された類の危険物について取扱いおよび立会いができる。

たとえば、条文では「消防法で定める」「政令で定める」「施行令で定める」のように、どの法令に書かれているかを選ぶ問題がよく出ます。

試験では、乙4は第4類危険物、すなわち引火性液体を扱う点を押さえると得点源になります。",まず「乙種危険物取扱者」は、免状に指定された類の危険物について取扱いおよび立会いができる。乙4であれば第4類危険物が対象である。 甲種はすべての種類の危険物を取り扱うことができる。乙種は免状に指定された類、乙種第4類は第4類危険物が対象である。 法令・制度では「危険物取扱者」の文脈で繰り返し問われます。,危険物取扱者;甲種・乙種・丙種の違い;丙種の違い,消防法,B,甲種のように全類を扱えるわけではない。 誤り。免状に応じた危険物の取扱いができる。 誤り。丙種危険物取扱者の立会いを必要とする制度ではない。 誤り。運搬だけに限定された資格ではない。,乙種危険物取扱者とは？危険物取扱者試験（乙種第4類）で押さえる意味・試験ポイント,このページでは、法令・制度分野の「乙種危険物取扱者」を、試験に出る形で整理します。ひとことで言うと、免状に指定された類の危険物について取扱いおよび立会いができる。乙4であれば第4類危険物が対象である。下の目次の順に読むと、定義から演習のポイントまでつながって理解できます。,"乙種危険物取扱者は、免状に指定された類の危険物について取扱いおよび立会いができる。乙4であれば第4類危険物が対象である。 甲種はすべての種類の危険物を取り扱うことができる。乙種は免状に指定された類、乙種第4類は第4類危険物が対象である。

誤り。免状に応じた危険物の取扱いができる。

誤り。丙種危険物取扱者の立会いを必要とする制度ではない。

誤り。運搬だけに限定された資格ではない。

誤り。乙種は免状に指定された類に限られる。

甲種のように全類を扱えるわけではない。

よくある誤りは、甲種のように全類を扱えるわけではない。

法令・制度では「危険物取扱者」「甲種・乙種・丙種の違い」など近い用語とセットで出題されます。定義・数値・主体の違いを表で対比し、乙種危険物取扱者だけの特徴を一言で言えるようにしてください。

免状に指定された類の危険物を取り扱うことができる。

乙4は第4類危険物、すなわち引火性液体を扱う。",乙4は第4類危険物、すなわち引火性液体を扱う。,甲種のように全類を扱えるわけではない。,"「乙種危険物取扱者」は、法令・制度の頻出語です。

整理のコツ：関連する「危険物取扱者」「甲種・乙種・丙種の違い」「丙種の違い」と、「同じ点・違う点」を表に書き出し、乙種危険物取扱者だけの特徴を一行で言えるようにします。

覚え方：間違えたら「甲種のように全類を扱えるわけではない」のパターンか確認し、同じ型の誤りが出た問題を2問だけ繰り返します。

復習のしかた：丸暗記より、選択肢の「誤り。」の理由を声に出して説明できるかを目標にします。",乙種危険物取扱者について、「免状に指定された類の危険物について、取扱いまたは立会いができる。」は正しい。,○。正しい。,乙種危険物取扱者とは何ですか？,乙種危険物取扱者は、免状に指定された類の危険物について取扱いおよび立会いができる。 たとえば、条文では「消防法で定める」「政令で定める」「施行令で定める」のように、どの法令に書かれているかを選ぶ問題がよく出ます。 試験では、乙4は第4類危険物、すなわち引火性液体を扱う点を押さえると得点源になります。,乙種危険物取扱者は試験でどんなふうに問われますか？,乙4は第4類危険物、すなわち引火性液体を扱う。,乙種危険物取扱者で間違えやすい点は？,甲種のように全類を扱えるわけではない。,乙種危険物取扱者と「危険物取扱者」「甲種・乙種・丙種の違い」の違いは？,「危険物取扱者」「甲種・乙種・丙種の違い」は意味や数値・適用場面が異なります。用語ページの比較表と演習で、乙種危険物取扱者だけのポイントを確認してください。
乙種第4類,おつしゅだい4るい,法令・制度,法令・制度;乙4;頻出;詳細記事;実践演習連動;一問一答連動,"乙種第4類は、第4類危険物を対象とし、第4類危険物は引火性液体である。

たとえば、ガソリン（非水溶性）は200 L、アセトン（水溶性）は400 Lのように、品名ごとに数値が決まります。

試験では、乙4は第4類危険物、すなわち引火性液体を扱う点を押さえると得点源になります。",まず「乙種第4類」は、第4類危険物を対象とし、第4類危険物は引火性液体である。 第4類危険物は引火性液体である。多くは可燃性蒸気を発生し、その蒸気に引火する危険がある。 法令・制度では「第4類共通性質」の文脈で繰り返し問われます。,第4類共通性質;第4類危険物の指定数量;指定数量,危険物の規制に関する政令,A,乙4は第4類危険物、すなわち引火性液体を扱う。 第1類から第6類の性質を混同しない。 酸化性液体や酸化性固体と混同しない。 誤り。可燃性固体は第2類危険物である。,乙種第4類とは？危険物取扱者試験（乙種第4類）で押さえる意味・試験ポイント,このページでは、法令・制度分野の「乙種第4類」を、試験に出る形で整理します。ひとことで言うと、第4類危険物を対象とし、第4類危険物は引火性液体である。下の目次の順に読むと、定義から演習のポイントまでつながって理解できます。,"乙種第4類は、第4類危険物を対象とし、第4類危険物は引火性液体である。 第4類危険物は引火性液体である。多くは可燃性蒸気を発生し、その蒸気に引火する危険がある。

試験では、乙4は第4類危険物、すなわち引火性液体を扱う。ガソリンは第1石油類の非水溶性液体、指定数量は200 L。液比重・蒸気比重・水溶性を区別する。また、第4類火災では、可燃性蒸気と酸素供給を抑える点も押さえます。

誤り。可燃性固体は第2類危険物である。

誤り。酸化性固体は第1類危険物である。

誤り。酸化性液体は第6類危険物である。

誤り。自然発火性物質及び禁水性物質は第3類危険物である。

乙4は第4類危険物、すなわち引火性液体を扱う。

第1類から第6類の性質を混同しない。

酸化性液体や酸化性固体と混同しない。

よくある誤りは、第1類から第6類の性質を混同しない。酸化性液体や酸化性固体と混同しない。第1石油類は水溶性か非水溶性かで指定数量が異なる。

法令・制度では「第4類共通性質」「第4類危険物の指定数量」など近い用語とセットで出題されます。定義・数値・主体の違いを表で対比し、乙種第4類だけの特徴を一言で言えるようにしてください。

第4類危険物は引火性液体であり、可燃性蒸気への引火が中心的な危険性である。

ガソリンは第1石油類の非水溶性液体に該当し、指定数量は200 Lである。

第4類危険物の可燃性蒸気は、空気より重いものが多く、低所に滞留しやすい。","乙4は第4類危険物、すなわち引火性液体を扱う。;ガソリンは第1石油類の非水溶性液体、指定数量は200 L。;液比重・蒸気比重・水溶性を区別する。;第4類火災では、可燃性蒸気と酸素供給を抑える。;灯油・軽油は第二石油類、指定数量1,000 L。;第4類は密栓・火気厳禁・漏えい防止。;可燃性蒸気は空気との混合濃度が重要。;特殊引火物50 L、動植物油類10,000 L。",第1類から第6類の性質を混同しない。;酸化性液体や酸化性固体と混同しない。;第1石油類は水溶性か非水溶性かで指定数量が異なる。;液体比重・蒸気比重・水溶性を混同しない。;燃え尽きさせる目的で火気を近づけない。,"「乙種第4類」は、法令・制度の頻出語です。

整理のコツ：関連する「第4類共通性質」「第4類危険物の指定数量」「指定数量」と、「同じ点・違う点」を表に書き出し、乙種第4類だけの特徴を一行で言えるようにします。

覚え方：間違えたら「第1類から第6類の性質を混同しない」のパターンか確認し、同じ型の誤りが出た問題を2問だけ繰り返します。

復習のしかた：丸暗記より、選択肢の「誤り。」の理由を声に出して説明できるかを目標にします。",乙種第4類で主に対象となる危険物について、「引火性液体」は正しい。,○。正しい。,乙種第4類とは何ですか？,乙種第4類は、第4類危険物を対象とし、第4類危険物は引火性液体である。 たとえば、ガソリン（非水溶性）は200 L、アセトン（水溶性）は400 Lのように、品名ごとに数値が決まります。 試験では、乙4は第4類危険物、すなわち引火性液体を扱う点を押さえると得点源になります。,乙種第4類は試験でどんなふうに問われますか？,乙4は第4類危険物、すなわち引火性液体を扱う。ガソリンは第1石油類の非水溶性液体、指定数量は200 L。液比重・蒸気比重・水溶性を区別する。,乙種第4類で間違えやすい点は？,第1類から第6類の性質を混同しない。酸化性液体や酸化性固体と混同しない。,乙種第4類と「第4類共通性質」「第4類危険物の指定数量」の違いは？,「第4類共通性質」「第4類危険物の指定数量」は意味や数値・適用場面が異なります。用語ページの比較表と演習で、乙種第4類だけのポイントを確認してください。
乾性油,かんせいあぶら,火災・消火・漏えい,火災・消火・漏えい;乙4;頻出;詳細記事;実践演習連動;一問一答連動,"乾性油は、乾性油を含んだ布は酸化熱が蓄積して自然発火するおそれがあるため、大量に積み重ねて放置しない。

たとえば、危険物の性質（水溶性か、蒸気がたまりやすいか）に合った消火・漏えい対策かどうかが、正誤の判断ポイントになります。

試験では、定義を一文で説明できる点を押さえると得点源になります。",まず「乾性油」は、乾性油を含んだ布は酸化熱が蓄積して自然発火するおそれがあるため、大量に積み重ねて放置しない。 乾性油を含んだ布などは、酸化熱が蓄積して自然発火する危険があるため、管理に注意が必要である。 火災・消火・漏えいでは「動植物油類」の文脈で繰り返し問われます。,動植物油類;乾性油・自然発火;自然発火,,B,動植物油類を安全な食用品とだけ考えない。 火気がなくても自然発火の危険がある。 誤り。動植物油類であり、特殊引火物ではない。 誤り。火災予防上の管理が必要である。,乾性油とは？危険物取扱者試験（乙種第4類）で押さえる意味・試験ポイント,このページでは、火災・消火・漏えい分野の「乾性油」を、試験に出る形で整理します。ひとことで言うと、乾性油を含んだ布は酸化熱が蓄積して自然発火するおそれがあるため、大量に積み重ねて放置しない。下の目次の順に読むと、定義から演習のポイントまでつながって理解できます。,"乾性油は、乾性油を含んだ布は酸化熱が蓄積して自然発火するおそれがあるため、大量に積み重ねて放置しない。 動植物油類では、油を含んだ布などが酸化により発熱し、蓄熱して自然発火する危険がある。

誤り。動植物油類であり、特殊引火物ではない。

誤り。火災予防上の管理が必要である。

誤り。酸素を放出する危険物ではない。

誤り。乾性油は自然発火の論点で重要である。

動植物油類を安全な食用品とだけ考えない。

火気がなくても自然発火の危険がある。

よくある誤りは、動植物油類を安全な食用品とだけ考えない。火気がなくても自然発火の危険がある。

火災・消火・漏えいでは「動植物油類」「乾性油・自然発火」など近い用語とセットで出題されます。定義・数値・主体の違いを表で対比し、乾性油だけの特徴を一言で言えるようにしてください。

乾性油を含んだ布などは、酸化熱が蓄積して自然発火する危険があるため、管理に注意が必要である。

乾性油を含んだ布などは、酸化による発熱が蓄積して自然発火することがある。

油を含んだ布は、酸化熱が蓄積して自然発火するおそれがあるため、放置や積み重ねに注意する。",定義を一文で説明できる。;適用する場面（製造・貯蔵・取扱・消火）を挙げられる。;関連する法令名を意識できる。,動植物油類を安全な食用品とだけ考えない。;火気がなくても自然発火の危険がある。,"「乾性油」は、火災・消火・漏えいの頻出語です。

整理のコツ：関連する「動植物油類」「乾性油・自然発火」「自然発火」と、「同じ点・違う点」を表に書き出し、乾性油だけの特徴を一行で言えるようにします。

覚え方：間違えたら「動植物油類を安全な食用品とだけ考えない」のパターンか確認し、同じ型の誤りが出た問題を2問だけ繰り返します。

復習のしかた：丸暗記より、選択肢の「誤り。」の理由を声に出して説明できるかを目標にします。",動植物油類の火災予防について、適切なものについて、「油を含んだ布は、必ず水と反応して酸素を放出する。」は正しい。,×。誤り。,乾性油とは何ですか？,乾性油は、乾性油を含んだ布は酸化熱が蓄積して自然発火するおそれがあるため、大量に積み重ねて放置しない。 たとえば、危険物の性質（水溶性か、蒸気がたまりやすいか）に合った消火・漏えい対策かどうかが、正誤の判断ポイントになります。 試験では、定義を一文で説明できる点を押さえると得点源になります。,乾性油は試験でどんなふうに問われますか？,定義を一文で説明できる。適用する場面（製造・貯蔵・取扱・消火）を挙げられる。関連する法令名を意識できる。,乾性油で間違えやすい点は？,動植物油類を安全な食用品とだけ考えない。火気がなくても自然発火の危険がある。,乾性油と「動植物油類」「乾性油・自然発火」の違いは？,「動植物油類」「乾性油・自然発火」は意味や数値・適用場面が異なります。用語ページの比較表と演習で、乾性油だけのポイントを確認してください。
乾性油・自然発火,かんせいあぶら・しぜんはっか,火災・消火・漏えい,火災・消火・漏えい;乙4;頻出;詳細記事;実践演習連動;一問一答連動,"乾性油・自然発火は、動植物油類では、油を含んだ布などが酸化により発熱し、蓄熱して自然発火する危険がある。

たとえば、危険物の性質（水溶性か、蒸気がたまりやすいか）に合った消火・漏えい対策かどうかが、正誤の判断ポイントになります。

試験では、定義を一文で説明できる点を押さえると得点源になります。",まず「乾性油・自然発火」は、動植物油類では、油を含んだ布などが酸化により発熱し、蓄熱して自然発火する危険がある。 乾性油を含んだ布などは、酸化熱が蓄積して自然発火する危険があるため、管理に注意が必要である。 火災・消火・漏えいでは「動植物油類」の文脈で繰り返し問われます。,アセトアルデヒド;アセトン;アニリン,,B,動植物油類を安全な食用品とだけ考えない。 火気がなくても自然発火の危険がある。 誤り。動植物油類であり、特殊引火物ではない。 誤り。火災予防上の管理が必要である。,乾性油・自然発火とは？危険物取扱者試験（乙種第4類）で押さえる意味・試験ポイント,このページでは、火災・消火・漏えい分野の「乾性油・自然発火」を、試験に出る形で整理します。ひとことで言うと、動植物油類では、油を含んだ布などが酸化により発熱し、蓄熱して自然発火する危険がある。下の目次の順に読むと、定義から演習のポイントまでつながって理解できます。,"乾性油・自然発火は、動植物油類では、油を含んだ布などが酸化により発熱し、蓄熱して自然発火する危険がある。 乾性油を含んだ布などは、酸化熱が蓄積して自然発火する危険があるため、管理に注意が必要である。

誤り。動植物油類であり、特殊引火物ではない。

誤り。火災予防上の管理が必要である。

誤り。酸素を放出する危険物ではない。

誤り。乾性油は自然発火の論点で重要である。

動植物油類を安全な食用品とだけ考えない。

火気がなくても自然発火の危険がある。

よくある誤りは、動植物油類を安全な食用品とだけ考えない。火気がなくても自然発火の危険がある。

火災・消火・漏えいでは「アセトアルデヒド」「アセトン」など近い用語とセットで出題されます。定義・数値・主体の違いを表で対比し、乾性油・自然発火だけの特徴を一言で言えるようにしてください。

乾性油を含んだ布などは、酸化による発熱が蓄積して自然発火することがある。

油を含んだ布は、酸化熱が蓄積して自然発火するおそれがあるため、放置や積み重ねに注意する。

乾性油を含んだ布は酸化熱が蓄積して自然発火するおそれがあるため、大量に積み重ねて放置しない。",定義を一文で説明できる。;適用する場面（製造・貯蔵・取扱・消火）を挙げられる。;関連する法令名を意識できる。,動植物油類を安全な食用品とだけ考えない。;火気がなくても自然発火の危険がある。,"「乾性油・自然発火」は、火災・消火・漏えいの頻出語です。

整理のコツ：関連する「アセトアルデヒド」「アセトン」「アニリン」と、「同じ点・違う点」を表に書き出し、乾性油・自然発火だけの特徴を一行で言えるようにします。

覚え方：間違えたら「動植物油類を安全な食用品とだけ考えない」のパターンか確認し、同じ型の誤りが出た問題を2問だけ繰り返します。

復習のしかた：丸暗記より、選択肢の「誤り。」の理由を声に出して説明できるかを目標にします。",動植物油類の火災予防について、適切なものについて、「油を含んだ布は、必ず水と反応して酸素を放出する。」は正しい。,×。誤り。,乾性油・自然発火とは何ですか？,乾性油・自然発火は、動植物油類では、油を含んだ布などが酸化により発熱し、蓄熱して自然発火する危険がある。 たとえば、危険物の性質（水溶性か、蒸気がたまりやすいか）に合った消火・漏えい対策かどうかが、正誤の判断ポイントになります。 試験では、定義を一文で説明できる点を押さえると得点源になります。,乾性油・自然発火は試験でどんなふうに問われますか？,定義を一文で説明できる。適用する場面（製造・貯蔵・取扱・消火）を挙げられる。関連する法令名を意識できる。,乾性油・自然発火で間違えやすい点は？,動植物油類を安全な食用品とだけ考えない。火気がなくても自然発火の危険がある。,乾性油・自然発火と「アセトアルデヒド」「アセトン」の違いは？,「アセトアルデヒド」「アセトン」は意味や数値・適用場面が異なります。用語ページの比較表と演習で、乾性油・自然発火だけのポイントを確認してください。
乾燥と帯電,かんそうとたいでん,物性・化学,物性・化学;乙4;頻出;詳細記事;実践演習連動;一問一答連動,"乾燥と帯電は、液体が高速で流動したり、摩擦が起こったり、乾燥していたりすると、静電気が発生しやすくなる。

たとえば、引火点・沸点・密度など、数字と単位をセットで覚えると、選択肢の数値の当たり外れを見分けやすくなります。

試験では、高速流動・摩擦・乾燥は静電気発生に関係する点を押さえると得点源になります。",まず「乾燥と帯電」は、液体が高速で流動したり、摩擦が起こったり、乾燥していたりすると、静電気が発生しやすくなる。 誤り。流動や摩擦を抑えることは帯電防止に役立つ。 液体が高速で流動したり、摩擦が起こったり、乾燥していたりすると、静電気が発生しやすくなる。 物性・化学では「静電気」の文脈で繰り返し問われます。,静電気;流速・摩擦・乾燥と帯電,,B,高速流動・摩擦・乾燥は静電気発生に関係する。 誤り。接地は静電気対策である。 誤り。適切な湿度管理は帯電防止に役立つ場合がある。 誤り。流動や摩擦を抑えることは帯電防止に役立つ。,乾燥と帯電とは？危険物取扱者試験（乙種第4類）で押さえる意味・試験ポイント,このページでは、物性・化学分野の「乾燥と帯電」を、試験に出る形で整理します。ひとことで言うと、液体が高速で流動したり、摩擦が起こったり、乾燥していたりすると、静電気が発生しやすくなる。下の目次の順に読むと、定義から演習のポイントまでつながって理解できます。,"乾燥と帯電は、液体が高速で流動したり、摩擦が起こったり、乾燥していたりすると、静電気が発生しやすくなる。

試験では、高速流動・摩擦・乾燥は静電気発生に関係する点が問われます。

誤り。接地は静電気対策である。

誤り。適切な湿度管理は帯電防止に役立つ場合がある。

誤り。流動や摩擦を抑えることは帯電防止に役立つ。

誤り。換気は可燃性蒸気対策である。

高速流動・摩擦・乾燥は静電気発生に関係する。

物性・化学では「静電気」「流速・摩擦・乾燥と帯電」など近い用語とセットで出題されます。定義・数値・主体の違いを表で対比し、乾燥と帯電だけの特徴を一言で言えるようにしてください。",高速流動・摩擦・乾燥は静電気発生に関係する。,類似語と混同する。;数字や条件を取り違える。;すべての危険物に当てはめる。,"「乾燥と帯電」は、物性・化学の頻出語です。

整理のコツ：関連する「静電気」「流速・摩擦・乾燥と帯電」と、「同じ点・違う点」を表に書き出し、乾燥と帯電だけの特徴を一行で言えるようにします。

覚え方：間違えたら「類似語と混同する」のパターンか確認し、同じ型の誤りが出た問題を2問だけ繰り返します。

復習のしかた：丸暗記より、選択肢の「誤り。」の理由を声に出して説明できるかを目標にします。",静電気が発生しやすい条件として、適切なものについて、「流動や摩擦をできるだけ抑える。」は正しい。,×。誤り。,乾燥と帯電とは何ですか？,乾燥と帯電は、液体が高速で流動したり、摩擦が起こったり、乾燥していたりすると、静電気が発生しやすくなる。 たとえば、引火点・沸点・密度など、数字と単位をセットで覚えると、選択肢の数値の当たり外れを見分けやすくなります。 試験では、高速流動・摩擦・乾燥は静電気発生に関係する点を押さえると得点源になります。,乾燥と帯電は試験でどんなふうに問われますか？,高速流動・摩擦・乾燥は静電気発生に関係する。,乾燥と帯電で間違えやすい点は？,類似語と混同する。数字や条件を取り違える。,乾燥と帯電と「静電気」「流速・摩擦・乾燥と帯電」の違いは？,「静電気」「流速・摩擦・乾燥と帯電」は意味や数値・適用場面が異なります。用語ページの比較表と演習で、乾燥と帯電だけのポイントを確認してください。
予防規程,よぼうきてい,法令・制度,法令・制度;乙4;頻出;詳細記事;実践演習連動;一問一答連動,"予防規程は火災予防・保安管理のルール。

たとえば、条文では「消防法で定める」「政令で定める」「施行令で定める」のように、どの法令に書かれているかを選ぶ問題がよく出ます。

試験では、予防規程は火災予防・保安管理のルール点を押さえると得点源になります。",まず「予防規程」は、予防規程は火災予防・保安管理のルール。 一定の製造所等における火災予防や保安管理に関する規程である。 法令・制度では「予防規程」の文脈で繰り返し問われます。,予防規程の作成・認可;予防規程の作成,消防法,B,予防規程を危険物分類表や免状と混同しない。 予防規程は火災予防・保安管理のルール。 誤り。運搬容器の刻印ではない。 誤り。危険物取扱者免状の別名ではない。,予防規程とは？危険物取扱者試験（乙種第4類）で押さえる意味・試験ポイント,このページでは、法令・制度分野の「予防規程」を、試験に出る形で整理します。ひとことで言うと、予防規程は火災予防・保安管理のルール。下の目次の順に読むと、定義から演習のポイントまでつながって理解できます。,"予防規程は火災予防・保安管理のルール。 一定の製造所等では火災予防や保安管理のために定める規程である。危険物の分類表や免状の別名ではない。

試験では、予防規程は火災予防・保安管理のルール点が問われます。

誤り。運搬容器の刻印ではない。

誤り。危険物取扱者免状の別名ではない。

誤り。第4類危険物であっても必要となる場合がある。

誤り。危険物分類表そのものではない。

予防規程を危険物分類表や免状と混同しない。

予防規程は火災予防・保安管理のルール。

よくある誤りは、予防規程を危険物分類表や免状と混同しない。

法令・制度では「予防規程の作成・認可」「予防規程の作成」など近い用語とセットで出題されます。定義・数値・主体の違いを表で対比し、予防規程だけの特徴を一言で言えるようにしてください。

一定の製造所等における火災予防や保安管理に関する規程である。

危険物施設における火災予防や保安管理を適切に行うために定められる。

火災予防や保安管理に関する事項を定める規程である。",予防規程は火災予防・保安管理のルール。,予防規程を危険物分類表や免状と混同しない。,"「予防規程」は、法令・制度の頻出語です。

整理のコツ：関連する「予防規程の作成・認可」「予防規程の作成」と、「同じ点・違う点」を表に書き出し、予防規程だけの特徴を一行で言えるようにします。

覚え方：間違えたら「予防規程を危険物分類表や免状と混同しない」のパターンか確認し、同じ型の誤りが出た問題を2問だけ繰り返します。

復習のしかた：丸暗記より、選択肢の「誤り。」の理由を声に出して説明できるかを目標にします。",予防規程について、「予防規程は、危険物取扱者免状の別名である。」は正しい。,×。誤り。,予防規程とは何ですか？,予防規程は火災予防・保安管理のルール。 たとえば、条文では「消防法で定める」「政令で定める」「施行令で定める」のように、どの法令に書かれているかを選ぶ問題がよく出ます。 試験では、予防規程は火災予防・保安管理のルール点を押さえると得点源になります。,予防規程は試験でどんなふうに問われますか？,予防規程は火災予防・保安管理のルール。,予防規程で間違えやすい点は？,予防規程を危険物分類表や免状と混同しない。,予防規程と「予防規程の作成・認可」「予防規程の作成」の違いは？,「予防規程の作成・認可」「予防規程の作成」は意味や数値・適用場面が異なります。用語ページの比較表と演習で、予防規程だけのポイントを確認してください。
予防規程の作成,よぼうきていのさくせい,法令・制度,法令・制度;乙4;頻出;詳細記事;実践演習連動;一問一答連動,"予防規程の作成は、予防規程は、一定の製造所等では火災予防や保安管理のために定める規程である。

たとえば、条文では「消防法で定める」「政令で定める」「施行令で定める」のように、どの法令に書かれているかを選ぶ問題がよく出ます。

試験では、予防規程は火災予防・保安管理のルール点を押さえると得点源になります。",まず「予防規程の作成」は、予防規程は、一定の製造所等では火災予防や保安管理のために定める規程である。危険物の分類表や免状の別名ではない。 予防規程は、一定の製造所等における火災予防や保安管理に関する規程である。 法令・制度では「予防規程」の文脈で繰り返し問われます。,予防規程;予防規程の作成・認可,消防法,B,予防規程を危険物分類表や免状と混同しない。 予防規程は火災予防・保安管理のルール。 誤り。運搬容器の刻印ではない。 誤り。危険物取扱者免状の別名ではない。,予防規程の作成とは？危険物取扱者試験（乙種第4類）で押さえる意味・試験ポイント,このページでは、法令・制度分野の「予防規程の作成」を、試験に出る形で整理します。ひとことで言うと、予防規程は、一定の製造所等では火災予防や保安管理のために定める規程である。危険物の分類表や免状の別名ではない。下の目次の順に読むと、定義から演習のポイントまでつながって理解できます。,"予防規程の作成は、予防規程は、一定の製造所等では火災予防や保安管理のために定める規程である。危険物の分類表や免状の別名ではない。 予防規程は、一定の製造所等における火災予防や保安管理に関する規程である。

試験では、予防規程は火災予防・保安管理のルール点が問われます。

誤り。運搬容器の刻印ではない。

誤り。危険物取扱者免状の別名ではない。

誤り。第4類危険物であっても必要となる場合がある。

誤り。危険物分類表そのものではない。

予防規程を危険物分類表や免状と混同しない。

予防規程は火災予防・保安管理のルール。

よくある誤りは、予防規程を危険物分類表や免状と混同しない。

法令・制度では「予防規程」「予防規程の作成・認可」など近い用語とセットで出題されます。定義・数値・主体の違いを表で対比し、予防規程の作成だけの特徴を一言で言えるようにしてください。

予防規程は、危険物施設における火災予防や保安管理を適切に行うために定められる。

予防規程は試験問題集の名称ではなく、一定の製造所等における火災予防や保安管理に関する規程である。

予防規程は、火災予防や保安管理に関する事項を定める規程である。",予防規程は火災予防・保安管理のルール。,予防規程を危険物分類表や免状と混同しない。,"「予防規程の作成」は、法令・制度の頻出語です。

整理のコツ：関連する「予防規程」「予防規程の作成・認可」と、「同じ点・違う点」を表に書き出し、予防規程の作成だけの特徴を一行で言えるようにします。

覚え方：間違えたら「予防規程を危険物分類表や免状と混同しない」のパターンか確認し、同じ型の誤りが出た問題を2問だけ繰り返します。

復習のしかた：丸暗記より、選択肢の「誤り。」の理由を声に出して説明できるかを目標にします。",予防規程について、「予防規程は、危険物取扱者免状の別名である。」は正しい。,×。誤り。,予防規程の作成とは何ですか？,予防規程の作成は、予防規程は、一定の製造所等では火災予防や保安管理のために定める規程である。 たとえば、条文では「消防法で定める」「政令で定める」「施行令で定める」のように、どの法令に書かれているかを選ぶ問題がよく出ます。 試験では、予防規程は火災予防・保安管理のルール点を押さえると得点源になります。,予防規程の作成は試験でどんなふうに問われますか？,予防規程は火災予防・保安管理のルール。,予防規程の作成で間違えやすい点は？,予防規程を危険物分類表や免状と混同しない。,予防規程の作成と「予防規程」「予防規程の作成・認可」の違いは？,「予防規程」「予防規程の作成・認可」は意味や数値・適用場面が異なります。用語ページの比較表と演習で、予防規程の作成だけのポイントを確認してください。
予防規程の作成・認可,よぼうきていのさくせい・にんか,法令・制度,法令・制度;乙4;頻出;詳細記事;実践演習連動;一問一答連動,"予防規程の作成・認可は、予防規程は、一定の製造所等では火災予防や保安管理のために定める規程である。

たとえば、条文では「消防法で定める」「政令で定める」「施行令で定める」のように、どの法令に書かれているかを選ぶ問題がよく出ます。

試験では、予防規程は火災予防・保安管理のルール点を押さえると得点源になります。",まず「予防規程の作成・認可」は、予防規程は、一定の製造所等では火災予防や保安管理のために定める規程である。危険物の分類表や免状の別名ではない。 予防規程は、一定の製造所等における火災予防や保安管理に関する規程である。 法令・制度では「予防規程」の文脈で繰り返し問われます。,セルフ式給油取扱所の基準;一般取扱所の基準;丙種の違い,消防法,B,予防規程を危険物分類表や免状と混同しない。 予防規程は火災予防・保安管理のルール。 誤り。運搬容器の刻印ではない。 誤り。危険物取扱者免状の別名ではない。,予防規程の作成・認可とは？危険物取扱者試験（乙種第4類）で押さえる意味・試験ポイント,このページでは、法令・制度分野の「予防規程の作成・認可」を、試験に出る形で整理します。ひとことで言うと、予防規程は、一定の製造所等では火災予防や保安管理のために定める規程である。危険物の分類表や免状の別名ではない。下の目次の順に読むと、定義から演習のポイントまでつながって理解できます。,"予防規程の作成・認可は、予防規程は、一定の製造所等では火災予防や保安管理のために定める規程である。危険物の分類表や免状の別名ではない。 予防規程は、一定の製造所等における火災予防や保安管理に関する規程である。

試験では、予防規程は火災予防・保安管理のルール点が問われます。

誤り。運搬容器の刻印ではない。

誤り。危険物取扱者免状の別名ではない。

誤り。第4類危険物であっても必要となる場合がある。

誤り。危険物分類表そのものではない。

予防規程を危険物分類表や免状と混同しない。

予防規程は火災予防・保安管理のルール。

よくある誤りは、予防規程を危険物分類表や免状と混同しない。

法令・制度では「セルフ式給油取扱所の基準」「一般取扱所の基準」など近い用語とセットで出題されます。定義・数値・主体の違いを表で対比し、予防規程の作成・認可だけの特徴を一言で言えるようにしてください。

予防規程は、危険物施設における火災予防や保安管理を適切に行うために定められる。

予防規程は試験問題集の名称ではなく、一定の製造所等における火災予防や保安管理に関する規程である。

予防規程は、火災予防や保安管理に関する事項を定める規程である。",予防規程は火災予防・保安管理のルール。,予防規程を危険物分類表や免状と混同しない。,"「予防規程の作成・認可」は、法令・制度の頻出語です。

整理のコツ：関連する「セルフ式給油取扱所の基準」「一般取扱所の基準」「丙種の違い」と、「同じ点・違う点」を表に書き出し、予防規程の作成・認可だけの特徴を一行で言えるようにします。

覚え方：間違えたら「予防規程を危険物分類表や免状と混同しない」のパターンか確認し、同じ型の誤りが出た問題を2問だけ繰り返します。

復習のしかた：丸暗記より、選択肢の「誤り。」の理由を声に出して説明できるかを目標にします。",予防規程について、「予防規程は、危険物取扱者免状の別名である。」は正しい。,×。誤り。,予防規程の作成・認可とは何ですか？,予防規程の作成・認可は、予防規程は、一定の製造所等では火災予防や保安管理のために定める規程である。 たとえば、条文では「消防法で定める」「政令で定める」「施行令で定める」のように、どの法令に書かれているかを選ぶ問題がよく出ます。 試験では、予防規程は火災予防・保安管理のルール点を押さえると得点源になります。,予防規程の作成・認可は試験でどんなふうに問われますか？,予防規程は火災予防・保安管理のルール。,予防規程の作成・認可で間違えやすい点は？,予防規程を危険物分類表や免状と混同しない。,予防規程の作成・認可と「セルフ式給油取扱所の基準」「一般取扱所の基準」の違いは？,「セルフ式給油取扱所の基準」「一般取扱所の基準」は意味や数値・適用場面が異なります。用語ページの比較表と演習で、予防規程の作成・認可だけのポイントを確認してください。
事故時対応,じこじたいおう,法令・制度,法令・制度;乙4;頻出;詳細記事;実践演習連動;一問一答連動,"事故時対応は、危険物の漏えいや火災が発生した場合は、被害拡大防止のための応急措置、通報、避難などが重要である。

たとえば、条文では「消防法で定める」「政令で定める」「施行令で定める」のように、どの法令に書かれているかを選ぶ問題がよく出ます。

試験では、事故時は応急措置・通報・避難が重要点を押さえると得点源になります。",まず「事故時対応」は、危険物の漏えいや火災が発生した場合は、被害拡大防止のための応急措置、通報、避難などが重要である。 危険物の流出時は、流出拡大防止、火気厳禁、通報、回収などの応急措置が重要である。 法令・制度では「事故時対応」の文脈で繰り返し問われます。,セルフ式給油取扱所の基準;一般取扱所の基準;丙種の違い,消防法,B,事故時は応急措置・通報・避難が重要。 誤り。可燃性蒸気をためるのは危険である。 誤り。放置せず、適切な対応が必要である。 誤り。下水へ流すと火災や環境汚染の危険がある。,事故時対応とは？危険物取扱者試験（乙種第4類）で押さえる意味・試験ポイント,このページでは、法令・制度分野の「事故時対応」を、試験に出る形で整理します。ひとことで言うと、危険物の漏えいや火災が発生した場合は、被害拡大防止のための応急措置、通報、避難などが重要である。下の目次の順に読むと、定義から演習のポイントまでつながって理解できます。,"事故時対応は、危険物の漏えいや火災が発生した場合は、被害拡大防止のための応急措置、通報、避難などが重要である。 危険物の流出時は、流出拡大防止、火気厳禁、通報、回収などの応急措置が重要である。

試験では、事故時は応急措置・通報・避難が重要点が問われます。

誤り。可燃性蒸気をためるのは危険である。

誤り。放置せず、適切な対応が必要である。

誤り。下水へ流すと火災や環境汚染の危険がある。

誤り。火気を近づけるのは危険である。

事故時は応急措置・通報・避難が重要。

法令・制度では「セルフ式給油取扱所の基準」「一般取扱所の基準」など近い用語とセットで出題されます。定義・数値・主体の違いを表で対比し、事故時対応だけの特徴を一言で言えるようにしてください。

危険物火災では、通報、避難、初期消火、周囲への注意喚起など、被害拡大を防ぐ対応が重要である。

危険物事故時は、被害拡大を防ぐため、必要な通報や応急措置を行う。

危険物の流出時は、拡大防止、通報、回収などの応急措置が重要である。",事故時は応急措置・通報・避難が重要。,類似語と混同する。;数字や条件を取り違える。;すべての危険物に当てはめる。,"「事故時対応」は、法令・制度の頻出語です。

整理のコツ：関連する「セルフ式給油取扱所の基準」「一般取扱所の基準」「丙種の違い」と、「同じ点・違う点」を表に書き出し、事故時対応だけの特徴を一行で言えるようにします。

覚え方：間違えたら「類似語と混同する」のパターンか確認し、同じ型の誤りが出た問題を2問だけ繰り返します。

復習のしかた：丸暗記より、選択肢の「誤り。」の理由を声に出して説明できるかを目標にします。",危険物の漏えいや火災が発生した場合の対応として、適切なものについて、「被害の拡大を防ぐため、応急措置や通報を行う。」は正しい。,○。正しい。,事故時対応とは何ですか？,事故時対応は、危険物の漏えいや火災が発生した場合は、被害拡大防止のための応急措置、通報、避難などが重要である。 たとえば、条文では「消防法で定める」「政令で定める」「施行令で定める」のように、どの法令に書かれているかを選ぶ問題がよく出ます。 試験では、事故時は応急措置・通報・避難が重要点を押さえると得点源になります。,事故時対応は試験でどんなふうに問われますか？,事故時は応急措置・通報・避難が重要。,事故時対応で間違えやすい点は？,類似語と混同する。数字や条件を取り違える。,事故時対応と「セルフ式給油取扱所の基準」「一般取扱所の基準」の違いは？,「セルフ式給油取扱所の基準」「一般取扱所の基準」は意味や数値・適用場面が異なります。用語ページの比較表と演習で、事故時対応だけのポイントを確認してください。
二硫化炭素,にりゅうかたんそ,火災・消火・漏えい,火災・消火・漏えい;乙4;頻出;詳細記事;実践演習連動;一問一答連動,"二硫化炭素は、第4類危険物の特殊引火物に当てはまる代表例であり、引火危険が高い物質である。

たとえば、危険物の性質（水溶性か、蒸気がたまりやすいか）に合った消火・漏えい対策かどうかが、正誤の判断ポイントになります。

試験では、定義を一文で説明できる点を押さえると得点源になります。",まず「二硫化炭素」は、第4類危険物の特殊引火物に当てはまる代表例であり、引火危険が高い物質である。 特殊引火物の代表例であり、引火危険が高い。 火災・消火・漏えいでは「特殊引火物」の文脈で繰り返し問われます。,アセトアルデヒド;アセトン;アニリン,危険物の規制に関する政令,B,灯油・軽油などの第二石油類と混同しない。 誤り。第1類危険物ではない。 誤り。引火危険がある。 誤り。第二石油類ではない。,二硫化炭素とは？危険物取扱者試験（乙種第4類）で押さえる意味・試験ポイント,このページでは、火災・消火・漏えい分野の「二硫化炭素」を、試験に出る形で整理します。ひとことで言うと、第4類危険物の特殊引火物に当てはまる代表例であり、引火危険が高い物質である。下の目次の順に読むと、定義から演習のポイントまでつながって理解できます。,"二硫化炭素は、第4類危険物の特殊引火物に当てはまる代表例であり、引火危険が高い物質である。 特殊引火物の代表例であり、引火危険が高い。

誤り。第1類危険物ではない。

誤り。引火危険がある。

誤り。第二石油類ではない。

誤り。動植物油類ではない。

灯油・軽油などの第二石油類と混同しない。

よくある誤りは、灯油・軽油などの第二石油類と混同しない。

火災・消火・漏えいでは「アセトアルデヒド」「アセトン」など近い用語とセットで出題されます。定義・数値・主体の違いを表で対比し、二硫化炭素だけの特徴を一言で言えるようにしてください。",定義を一文で説明できる。;適用する場面（製造・貯蔵・取扱・消火）を挙げられる。;関連する法令名を意識できる。,灯油・軽油などの第二石油類と混同しない。,"「二硫化炭素」は、火災・消火・漏えいの頻出語です。

整理のコツ：関連する「アセトアルデヒド」「アセトン」「アニリン」と、「同じ点・違う点」を表に書き出し、二硫化炭素だけの特徴を一行で言えるようにします。

覚え方：間違えたら「灯油・軽油などの第二石油類と混同しない」のパターンか確認し、同じ型の誤りが出た問題を2問だけ繰り返します。

復習のしかた：丸暗記より、選択肢の「誤り。」の理由を声に出して説明できるかを目標にします。",二硫化炭素について、「第二石油類の代表例である。」は正しい。,×。誤り。,二硫化炭素とは何ですか？,二硫化炭素は、第4類危険物の特殊引火物に当てはまる代表例であり、引火危険が高い物質である。 たとえば、危険物の性質（水溶性か、蒸気がたまりやすいか）に合った消火・漏えい対策かどうかが、正誤の判断ポイントになります。 試験では、定義を一文で説明できる点を押さえると得点源になります。,二硫化炭素は試験でどんなふうに問われますか？,定義を一文で説明できる。適用する場面（製造・貯蔵・取扱・消火）を挙げられる。関連する法令名を意識できる。,二硫化炭素で間違えやすい点は？,灯油・軽油などの第二石油類と混同しない。,二硫化炭素と「アセトアルデヒド」「アセトン」の違いは？,「アセトアルデヒド」「アセトン」は意味や数値・適用場面が異なります。用語ページの比較表と演習で、二硫化炭素だけのポイントを確認してください。
二酸化炭素,にさんかたんそ,火災・消火・漏えい,火災・消火・漏えい;乙4;頻出;詳細記事;実践演習連動;一問一答連動,"二酸化炭素は、二酸化炭素消火剤は、酸素濃度を下げる窒息効果により消火する。

たとえば、危険物の性質（水溶性か、蒸気がたまりやすいか）に合った消火・漏えい対策かどうかが、正誤の判断ポイントになります。

試験では、第4類火災では泡・二酸化炭素・粉末が重要点を押さえると得点源になります。",まず「二酸化炭素」は、二酸化炭素消火剤は、酸素濃度を下げる窒息効果により消火する。 火災・消火・漏えいでは「消火方法」の文脈で繰り返し問われます。,消火方法;泡・二酸化炭素・粉末消火剤の適用;粉末消火剤の適用,,B,第4類火災では泡・二酸化炭素・粉末が重要。 第4類火災では蒸気と空気接触を抑える。 誤り。酸素は燃焼を助ける。 誤り。ガソリンは燃料である。,二酸化炭素とは？危険物取扱者試験（乙種第4類）で押さえる意味・試験ポイント,このページでは、火災・消火・漏えい分野の「二酸化炭素」を、試験に出る形で整理します。ひとことで言うと、二酸化炭素消火剤は、酸素濃度を下げる窒息効果により消火する。下の目次の順に読むと、定義から演習のポイントまでつながって理解できます。,"二酸化炭素は、二酸化炭素消火剤は、酸素濃度を下げる窒息効果により消火する。 第4類危険物火災では、泡消火剤、二酸化炭素消火剤、粉末消火剤などが用いられる。酸素や火花、可燃性蒸気は危険を高める。

試験では、第4類火災では泡・二酸化炭素・粉末が重要点が問われます。

誤り。酸素は燃焼を助ける。

誤り。ガソリンは燃料である。

誤り。火花は着火源である。

誤り。可燃性蒸気は引火危険を高める。

第4類火災では泡・二酸化炭素・粉末が重要。

第4類火災では蒸気と空気接触を抑える。

よくある誤りは、第4類火災では蒸気と空気接触を抑える。

火災・消火・漏えいでは「消火方法」「泡・二酸化炭素・粉末消火剤の適用」など近い用語とセットで出題されます。定義・数値・主体の違いを表で対比し、二酸化炭素だけの特徴を一言で言えるようにしてください。

泡消火剤は液面を覆い、可燃性蒸気の発生や空気との接触を抑えることで消火に役立つ。

粉末消火剤は、燃焼反応の抑制などにより消火に用いられる。",第4類火災では泡・二酸化炭素・粉末が重要。,第4類火災では蒸気と空気接触を抑える。,"「二酸化炭素」は、火災・消火・漏えいの頻出語です。

整理のコツ：関連する「消火方法」「泡・二酸化炭素・粉末消火剤の適用」「粉末消火剤の適用」と、「同じ点・違う点」を表に書き出し、二酸化炭素だけの特徴を一行で言えるようにします。

覚え方：間違えたら「第4類火災では蒸気と空気接触を抑える」のパターンか確認し、同じ型の誤りが出た問題を2問だけ繰り返します。

復習のしかた：丸暗記より、選択肢の「誤り。」の理由を声に出して説明できるかを目標にします。",泡消火剤の主な作用について、「液面を覆い、可燃性蒸気の発生や空気との接触を抑える。」は正しい。,○。正しい。,二酸化炭素とは何ですか？,二酸化炭素は、二酸化炭素消火剤は、酸素濃度を下げる窒息効果により消火する。 たとえば、危険物の性質（水溶性か、蒸気がたまりやすいか）に合った消火・漏えい対策かどうかが、正誤の判断ポイントになります。 試験では、第4類火災では泡・二酸化炭素・粉末が重要点を押さえると得点源になります。,二酸化炭素は試験でどんなふうに問われますか？,第4類火災では泡・二酸化炭素・粉末が重要。,二酸化炭素で間違えやすい点は？,第4類火災では蒸気と空気接触を抑える。,二酸化炭素と「消火方法」「泡・二酸化炭素・粉末消火剤の適用」の違いは？,「消火方法」「泡・二酸化炭素・粉末消火剤の適用」は意味や数値・適用場面が異なります。用語ページの比較表と演習で、二酸化炭素だけのポイントを確認してください。
二酸化炭素消火,にさんかたんそしょうか,火災・消火・漏えい,火災・消火・漏えい;乙4;頻出;詳細記事;実践演習連動;一問一答連動,"二酸化炭素消火は、泡消火剤や二酸化炭素消火剤は窒息効果を利用する。

たとえば、危険物の性質（水溶性か、蒸気がたまりやすいか）に合った消火・漏えい対策かどうかが、正誤の判断ポイントになります。

試験では、第4類火災では泡・二酸化炭素・粉末が重要点を押さえると得点源になります。",まず「二酸化炭素消火」は、泡消火剤や二酸化炭素消火剤は窒息効果を利用する。 第4類危険物火災では、泡消火剤、二酸化炭素消火剤、粉末消火剤などが用いられる。酸素や火花、可燃性蒸気は危険を高める。 火災・消火・漏えいでは「消火」の文脈で繰り返し問われます。,窒息消火;消火方法;消火,,B,除去消火・冷却消火との違いを区別する。 第4類火災では泡・二酸化炭素・粉末が重要。 誤り。静電気は着火源となる危険がある。 誤り。温度を下げる方法は冷却消火である。,二酸化炭素消火とは？危険物取扱者試験（乙種第4類）で押さえる意味・試験ポイント,火災・消火・漏えい分野の「二酸化炭素消火」は、泡消火剤や二酸化炭素消火剤は窒息効果を利用する。試験では定義の言い換えと数値・主体の区別がセットで問われます。,"二酸化炭素消火は、泡消火剤や二酸化炭素消火剤は窒息効果を利用する。 窒息消火は、酸素の供給を断つことで燃焼を止める方法である。泡消火剤や二酸化炭素消火剤は窒息効果を利用する。

試験では、第4類火災では泡・二酸化炭素・粉末が重要点が問われます。

誤り。静電気は着火源となる危険がある。

誤り。温度を下げる方法は冷却消火である。

誤り。可燃物を取り除く方法は除去消火である。

誤り。可燃性蒸気を増やすことは危険を高める。

除去消火・冷却消火との違いを区別する。

第4類火災では泡・二酸化炭素・粉末が重要。

よくある誤りは、除去消火・冷却消火との違いを区別する。

火災・消火・漏えいでは「窒息消火」「消火方法」など近い用語とセットで出題されます。定義・数値・主体の違いを表で対比し、二酸化炭素消火だけの特徴を一言で言えるようにしてください。

第4類危険物火災では、泡消火剤、二酸化炭素消火剤、粉末消火剤などが用いられる。

酸素や火花、可燃性蒸気は危険を高める。",第4類火災では泡・二酸化炭素・粉末が重要。,除去消火・冷却消火との違いを区別する。,"「二酸化炭素消火」は、火災・消火・漏えいの頻出語です。

整理のコツ：関連する「窒息消火」「消火方法」「消火」と、「同じ点・違う点」を表に書き出し、二酸化炭素消火だけの特徴を一行で言えるようにします。

覚え方：間違えたら「除去消火・冷却消火との違いを区別する」のパターンか確認し、同じ型の誤りが出た問題を2問だけ繰り返します。

復習のしかた：丸暗記より、選択肢の「誤り。」の理由を声に出して説明できるかを目標にします。",窒息消火の説明について、「酸素の供給を断って燃焼を止める方法である。」は正しい。,○。正しい。,二酸化炭素消火とは何ですか？,二酸化炭素消火は、泡消火剤や二酸化炭素消火剤は窒息効果を利用する。 たとえば、危険物の性質（水溶性か、蒸気がたまりやすいか）に合った消火・漏えい対策かどうかが、正誤の判断ポイントになります。 試験では、第4類火災では泡・二酸化炭素・粉末が重要点を押さえると得点源になります。,二酸化炭素消火は試験でどんなふうに問われますか？,第4類火災では泡・二酸化炭素・粉末が重要。,二酸化炭素消火で間違えやすい点は？,除去消火・冷却消火との違いを区別する。,二酸化炭素消火と「窒息消火」「消火方法」の違いは？,「窒息消火」「消火方法」は意味や数値・適用場面が異なります。用語ページの比較表と演習で、二酸化炭素消火だけのポイントを確認してください。
仮使用,かりしよう,法令・制度,法令・制度;乙4;頻出;詳細記事;実践演習連動;一問一答連動,"仮使用は、仮使用と仮貯蔵・仮取扱いは、いずれも例外的な場面で問題となるが、制度上は区別される。

たとえば、条文では「消防法で定める」「政令で定める」「施行令で定める」のように、どの法令に書かれているかを選ぶ問題がよく出ます。

試験では、仮使用は施設変更中の使用承認に関係する点を押さえると得点源になります。",まず「仮使用」は、仮使用と仮貯蔵・仮取扱いは、いずれも例外的な場面で問題となるが、制度上は区別される。 法令・制度では「仮使用」の文脈で繰り返し問われます。,セルフ式給油取扱所の基準;一般取扱所の基準;丙種の違い,消防法,B,仮使用は施設変更中の使用承認に関係する。 仮使用と仮貯蔵・仮取扱いを区別する。 誤り。試験受験制度ではない。 誤り。工事中に常に自由使用できるわけではない。,仮使用とは？危険物取扱者試験（乙種第4類）で押さえる意味・試験ポイント,このページでは、法令・制度分野の「仮使用」を、試験に出る形で整理します。ひとことで言うと、仮使用と仮貯蔵・仮取扱いは、いずれも例外的な場面で問題となるが、制度上は区別される。下の目次の順に読むと、定義から演習のポイントまでつながって理解できます。,"仮使用は、仮使用と仮貯蔵・仮取扱いは、いずれも例外的な場面で問題となるが、制度上は区別される。 変更工事中などに一定の条件のもとで施設の一部を使用するための承認に関する論点である。

試験では、仮使用は施設変更中の使用承認に関係する。また、仮使用と仮貯蔵・仮取扱いを区別する点も押さえます。

誤り。試験受験制度ではない。

誤り。工事中に常に自由使用できるわけではない。

誤り。火災予防上の措置は重要である。

誤り。危険物を下水へ流すことではない。

仮使用は施設変更中の使用承認に関係する。

仮使用と仮貯蔵・仮取扱いを区別する。

法令・制度では「セルフ式給油取扱所の基準」「一般取扱所の基準」など近い用語とセットで出題されます。定義・数値・主体の違いを表で対比し、仮使用だけの特徴を一言で言えるようにしてください。

変更工事中の製造所等の一部を使用する場合、仮使用の承認が問題となる。",仮使用は施設変更中の使用承認に関係する。;仮使用と仮貯蔵・仮取扱いを区別する。,類似語と混同する。;数字や条件を取り違える。;すべての危険物に当てはめる。,"「仮使用」は、法令・制度の頻出語です。

整理のコツ：関連する「セルフ式給油取扱所の基準」「一般取扱所の基準」「丙種の違い」と、「同じ点・違う点」を表に書き出し、仮使用だけの特徴を一行で言えるようにします。

覚え方：間違えたら「類似語と混同する」のパターンか確認し、同じ型の誤りが出た問題を2問だけ繰り返します。

復習のしかた：丸暗記より、選択肢の「誤り。」の理由を声に出して説明できるかを目標にします。",仮使用について、「変更工事中などでも、一定の条件のもとで一部を使用するため承認が必要となる場合がある。」は正しい。,○。正しい。,仮使用とは何ですか？,仮使用は、仮使用と仮貯蔵・仮取扱いは、いずれも例外的な場面で問題となるが、制度上は区別される。 たとえば、条文では「消防法で定める」「政令で定める」「施行令で定める」のように、どの法令に書かれているかを選ぶ問題がよく出ます。 試験では、仮使用は施設変更中の使用承認に関係する点を押さえると得点源になります。,仮使用は試験でどんなふうに問われますか？,仮使用は施設変更中の使用承認に関係する。仮使用と仮貯蔵・仮取扱いを区別する。,仮使用で間違えやすい点は？,類似語と混同する。数字や条件を取り違える。,仮使用と「セルフ式給油取扱所の基準」「一般取扱所の基準」の違いは？,「セルフ式給油取扱所の基準」「一般取扱所の基準」は意味や数値・適用場面が異なります。用語ページの比較表と演習で、仮使用だけのポイントを確認してください。
仮使用の承認,かりしようのしょうにん,法令・制度,法令・制度;乙4;頻出;詳細記事;実践演習連動;一問一答連動,"仮使用の承認は、変更工事中の製造所等の一部を使用する場合、仮使用の承認が問題となる。

たとえば、条文では「消防法で定める」「政令で定める」「施行令で定める」のように、どの法令に書かれているかを選ぶ問題がよく出ます。

試験では、仮使用は施設変更中の使用承認に関係する点を押さえると得点源になります。",まず「仮使用の承認」は、変更工事中の製造所等の一部を使用する場合、仮使用の承認が問題となる。 仮使用と仮貯蔵・仮取扱いは、いずれも例外的な場面で問題となるが、制度上は区別される。 法令・制度では「仮使用」の文脈で繰り返し問われます。,セルフ式給油取扱所の基準;一般取扱所の基準;丙種の違い,消防法,B,仮使用は施設変更中の使用承認に関係する。 仮使用と仮貯蔵・仮取扱いを区別する。 誤り。試験受験制度ではない。 誤り。工事中に常に自由使用できるわけではない。,仮使用の承認とは？危険物取扱者試験（乙種第4類）で押さえる意味・試験ポイント,このページでは、法令・制度分野の「仮使用の承認」を、試験に出る形で整理します。ひとことで言うと、変更工事中の製造所等の一部を使用する場合、仮使用の承認が問題となる。下の目次の順に読むと、定義から演習のポイントまでつながって理解できます。,"仮使用の承認は、変更工事中の製造所等の一部を使用する場合、仮使用の承認が問題となる。 仮使用は、変更工事中などに一定の条件のもとで施設の一部を使用するための承認に関する論点である。

試験では、仮使用は施設変更中の使用承認に関係する。また、仮使用と仮貯蔵・仮取扱いを区別する点も押さえます。

誤り。試験受験制度ではない。

誤り。工事中に常に自由使用できるわけではない。

誤り。火災予防上の措置は重要である。

誤り。危険物を下水へ流すことではない。

仮使用は施設変更中の使用承認に関係する。

仮使用と仮貯蔵・仮取扱いを区別する。

法令・制度では「セルフ式給油取扱所の基準」「一般取扱所の基準」など近い用語とセットで出題されます。定義・数値・主体の違いを表で対比し、仮使用の承認だけの特徴を一言で言えるようにしてください。

仮使用と仮貯蔵・仮取扱いは、いずれも例外的な場面で問題となるが、制度上は区別される。",仮使用は施設変更中の使用承認に関係する。;仮使用と仮貯蔵・仮取扱いを区別する。,類似語と混同する。;数字や条件を取り違える。;すべての危険物に当てはめる。,"「仮使用の承認」は、法令・制度の頻出語です。

整理のコツ：関連する「セルフ式給油取扱所の基準」「一般取扱所の基準」「丙種の違い」と、「同じ点・違う点」を表に書き出し、仮使用の承認だけの特徴を一行で言えるようにします。

覚え方：間違えたら「類似語と混同する」のパターンか確認し、同じ型の誤りが出た問題を2問だけ繰り返します。

復習のしかた：丸暗記より、選択肢の「誤り。」の理由を声に出して説明できるかを目標にします。",仮使用について、「変更工事中などでも、一定の条件のもとで一部を使用するため承認が必要となる場合がある。」は正しい。,○。正しい。,仮使用の承認とは何ですか？,仮使用の承認は、変更工事中の製造所等の一部を使用する場合、仮使用の承認が問題となる。 たとえば、条文では「消防法で定める」「政令で定める」「施行令で定める」のように、どの法令に書かれているかを選ぶ問題がよく出ます。 試験では、仮使用は施設変更中の使用承認に関係する点を押さえると得点源になります。,仮使用の承認は試験でどんなふうに問われますか？,仮使用は施設変更中の使用承認に関係する。仮使用と仮貯蔵・仮取扱いを区別する。,仮使用の承認で間違えやすい点は？,類似語と混同する。数字や条件を取り違える。,仮使用の承認と「セルフ式給油取扱所の基準」「一般取扱所の基準」の違いは？,「セルフ式給油取扱所の基準」「一般取扱所の基準」は意味や数値・適用場面が異なります。用語ページの比較表と演習で、仮使用の承認だけのポイントを確認してください。
仮取扱い,かりとりあつかい,法令・制度,法令・制度;乙4;頻出;詳細記事;実践演習連動;一問一答連動,"仮取扱いは、指定数量以上の危険物を一時的に貯蔵または取り扱う場合、仮貯蔵・仮取扱いとして承認が必要になります場合がある。

たとえば、ガソリン（非水溶性）は200 L、アセトン（水溶性）は400 Lのように、品名ごとに数値が決まります。

試験では、一時的な貯蔵・取扱いでも、指定数量以上では手続きが問題になる点を押さえると得点源になります。",まず「仮取扱い」は、指定数量以上の危険物を一時的に貯蔵または取り扱う場合、仮貯蔵・仮取扱いとして承認が必要になります場合がある。 法令・制度では「仮貯蔵・仮取扱い」の文脈で繰り返し問われます。,仮貯蔵・仮取扱い;仮貯蔵,消防法,B,一時的な貯蔵・取扱いでも、指定数量以上では手続きが問題になる。 仮貯蔵・仮取扱いを『自由にできる例外』と誤解しない。 仮貯蔵・仮取扱いは一時的でも承認が問題になる。 誤り。第4類危険物も対象になり得る。,仮取扱いとは？危険物取扱者試験（乙種第4類）で押さえる意味・試験ポイント,このページでは、法令・制度分野の「仮取扱い」を、試験に出る形で整理します。ひとことで言うと、指定数量以上の危険物を一時的に貯蔵または取り扱う場合、仮貯蔵・仮取扱いとして承認が必要になります場合がある。下の目次の順に読むと、定義から演習のポイントまでつながって理解できます。,"仮取扱いは、指定数量以上の危険物を一時的に貯蔵または取り扱う場合、仮貯蔵・仮取扱いとして承認が必要になります場合がある。 指定数量以上の危険物を一時的に貯蔵または取り扱う場合、仮貯蔵・仮取扱いとして承認が必要になります場合がある。一時的であれば無制限に可能というわけではない。

試験では、一時的な貯蔵・取扱いでも、指定数量以上では手続きが問題になる。仮貯蔵・仮取扱いは一時的でも承認が問題になる。また、仮貯蔵・仮取扱いは一時的でも承認が論点点も押さえます。

誤り。第4類危険物も対象になり得る。

誤り。屋外であっても自由に貯蔵できるわけではない。

誤り。一時的であっても手続きが不要とは限らない。

誤り。取扱者がいるだけで場所や数量の制限がなくなるわけではない。

一時的な貯蔵・取扱いでも、指定数量以上では手続きが問題になる。

仮貯蔵・仮取扱いを『自由にできる例外』と誤解しない。

仮貯蔵・仮取扱いは一時的でも承認が問題になる。

よくある誤りは、仮貯蔵・仮取扱いを『自由にできる例外』と誤解しない。

法令・制度では「仮貯蔵・仮取扱い」「仮貯蔵」など近い用語とセットで出題されます。定義・数値・主体の違いを表で対比し、仮取扱いだけの特徴を一言で言えるようにしてください。

一時的であっても、指定数量以上の危険物を仮に貯蔵・取り扱う場合には承認が必要になります場合がある。",一時的な貯蔵・取扱いでも、指定数量以上では手続きが問題になる。;仮貯蔵・仮取扱いは一時的でも承認が問題になる。;仮貯蔵・仮取扱いは一時的でも承認が論点。,仮貯蔵・仮取扱いを『自由にできる例外』と誤解しない。,"「仮取扱い」は、法令・制度の頻出語です。

整理のコツ：関連する「仮貯蔵・仮取扱い」「仮貯蔵」と、「同じ点・違う点」を表に書き出し、仮取扱いだけの特徴を一行で言えるようにします。

覚え方：間違えたら「仮貯蔵・仮取扱いを『自由にできる例外』と誤解しない」のパターンか確認し、同じ型の誤りが出た問題を2問だけ繰り返します。

復習のしかた：丸暗記より、選択肢の「誤り。」の理由を声に出して説明できるかを目標にします。",指定数量以上の危険物を一時的に貯蔵し、または取り扱う場合について、「法令上、仮貯蔵または仮取扱いとして承認を受ける必要がある場合がある。」は正しい。,○。正しい。,仮取扱いとは何ですか？,仮取扱いは、指定数量以上の危険物を一時的に貯蔵または取り扱う場合、仮貯蔵・仮取扱いとして承認が必要になります場合がある。 たとえば、ガソリン（非水溶性）は200 L、アセトン（水溶性）は400 Lのように、品名ごとに数値が決まります。 試験では、一時的な貯蔵・取扱いでも、指定数量以上では手続きが問題になる点を押さえると得点源になります。,仮取扱いは試験でどんなふうに問われますか？,一時的な貯蔵・取扱いでも、指定数量以上では手続きが問題になる。仮貯蔵・仮取扱いは一時的でも承認が問題になる。仮貯蔵・仮取扱いは一時的でも承認が論点。,仮取扱いで間違えやすい点は？,仮貯蔵・仮取扱いを『自由にできる例外』と誤解しない。,仮取扱いと「仮貯蔵・仮取扱い」「仮貯蔵」の違いは？,「仮貯蔵・仮取扱い」「仮貯蔵」は意味や数値・適用場面が異なります。用語ページの比較表と演習で、仮取扱いだけのポイントを確認してください。
仮貯蔵,かりちょぞう,法令・制度,法令・制度;乙4;頻出;詳細記事;実践演習連動;一問一答連動,"仮貯蔵は、仮貯蔵・仮取扱いには承認が必要になります場合がある。

たとえば、ガソリン（非水溶性）は200 L、アセトン（水溶性）は400 Lのように、品名ごとに数値が決まります。

試験では、一時的な貯蔵・取扱いでも、指定数量以上では手続きが問題になる点を押さえると得点源になります。",まず「仮貯蔵」は、仮貯蔵・仮取扱いには承認が必要になります場合がある。 指定数量以上の危険物を一時的に貯蔵または取り扱う場合、仮貯蔵・仮取扱いとして承認が必要になります場合がある。 法令・制度では「仮貯蔵・仮取扱い」の文脈で繰り返し問われます。,仮貯蔵・仮取扱い;仮取扱い,消防法,B,一時的な貯蔵・取扱いでも、指定数量以上では手続きが問題になる。 仮貯蔵・仮取扱いを『自由にできる例外』と誤解しない。 仮貯蔵・仮取扱いは一時的でも承認が問題になる。 誤り。第4類危険物も対象になり得る。,仮貯蔵とは？危険物取扱者試験（乙種第4類）で押さえる意味・試験ポイント,このページでは、法令・制度分野の「仮貯蔵」を、試験に出る形で整理します。ひとことで言うと、仮貯蔵・仮取扱いには承認が必要になります場合がある。下の目次の順に読むと、定義から演習のポイントまでつながって理解できます。,"仮貯蔵は、仮貯蔵・仮取扱いには承認が必要になります場合がある。 指定数量以上の危険物を一時的に貯蔵または取り扱う場合、仮貯蔵・仮取扱いとして承認が必要になります場合がある。一時的であれば無制限に可能というわけではない。

試験では、一時的な貯蔵・取扱いでも、指定数量以上では手続きが問題になる。仮貯蔵・仮取扱いは一時的でも承認が問題になる。また、仮貯蔵・仮取扱いは一時的でも承認が論点点も押さえます。

誤り。第4類危険物も対象になり得る。

誤り。屋外であっても自由に貯蔵できるわけではない。

誤り。一時的であっても手続きが不要とは限らない。

誤り。取扱者がいるだけで場所や数量の制限がなくなるわけではない。

一時的な貯蔵・取扱いでも、指定数量以上では手続きが問題になる。

仮貯蔵・仮取扱いを『自由にできる例外』と誤解しない。

仮貯蔵・仮取扱いは一時的でも承認が問題になる。

よくある誤りは、仮貯蔵・仮取扱いを『自由にできる例外』と誤解しない。

法令・制度では「仮貯蔵・仮取扱い」「仮取扱い」など近い用語とセットで出題されます。定義・数値・主体の違いを表で対比し、仮貯蔵だけの特徴を一言で言えるようにしてください。

一時的であっても、指定数量以上の危険物を仮に貯蔵・取り扱う場合には承認が必要になります場合がある。",一時的な貯蔵・取扱いでも、指定数量以上では手続きが問題になる。;仮貯蔵・仮取扱いは一時的でも承認が問題になる。;仮貯蔵・仮取扱いは一時的でも承認が論点。,仮貯蔵・仮取扱いを『自由にできる例外』と誤解しない。,"「仮貯蔵」は、法令・制度の頻出語です。

整理のコツ：関連する「仮貯蔵・仮取扱い」「仮取扱い」と、「同じ点・違う点」を表に書き出し、仮貯蔵だけの特徴を一行で言えるようにします。

覚え方：間違えたら「仮貯蔵・仮取扱いを『自由にできる例外』と誤解しない」のパターンか確認し、同じ型の誤りが出た問題を2問だけ繰り返します。

復習のしかた：丸暗記より、選択肢の「誤り。」の理由を声に出して説明できるかを目標にします。",指定数量以上の危険物を一時的に貯蔵し、または取り扱う場合について、「法令上、仮貯蔵または仮取扱いとして承認を受ける必要がある場合がある。」は正しい。,○。正しい。,仮貯蔵とは何ですか？,仮貯蔵は、仮貯蔵・仮取扱いには承認が必要になります場合がある。 たとえば、ガソリン（非水溶性）は200 L、アセトン（水溶性）は400 Lのように、品名ごとに数値が決まります。 試験では、一時的な貯蔵・取扱いでも、指定数量以上では手続きが問題になる点を押さえると得点源になります。,仮貯蔵は試験でどんなふうに問われますか？,一時的な貯蔵・取扱いでも、指定数量以上では手続きが問題になる。仮貯蔵・仮取扱いは一時的でも承認が問題になる。仮貯蔵・仮取扱いは一時的でも承認が論点。,仮貯蔵で間違えやすい点は？,仮貯蔵・仮取扱いを『自由にできる例外』と誤解しない。,仮貯蔵と「仮貯蔵・仮取扱い」「仮取扱い」の違いは？,「仮貯蔵・仮取扱い」「仮取扱い」は意味や数値・適用場面が異なります。用語ページの比較表と演習で、仮貯蔵だけのポイントを確認してください。
仮貯蔵・仮取扱い,かりちょぞう・かりとりあつかい,法令・制度,法令・制度;乙4;頻出;詳細記事;実践演習連動;一問一答連動,"仮貯蔵・仮取扱いは、仮貯蔵・仮取扱いには承認が必要になります場合がある。

たとえば、ガソリン（非水溶性）は200 L、アセトン（水溶性）は400 Lのように、品名ごとに数値が決まります。

試験では、一時的な貯蔵・取扱いでも、指定数量以上では手続きが問題になる点を押さえると得点源になります。",まず「仮貯蔵・仮取扱い」は、仮貯蔵・仮取扱いには承認が必要になります場合がある。 指定数量以上の危険物を一時的に貯蔵または取り扱う場合、仮貯蔵・仮取扱いとして承認が必要になります場合がある。 法令・制度では「仮貯蔵・仮取扱い」の文脈で繰り返し問われます。,セルフ式給油取扱所の基準;一般取扱所の基準;丙種の違い,消防法,B,一時的な貯蔵・取扱いでも、指定数量以上では手続きが問題になる。 仮貯蔵・仮取扱いを『自由にできる例外』と誤解しない。 仮貯蔵・仮取扱いは一時的でも承認が問題になる。 誤り。第4類危険物も対象になり得る。,仮貯蔵・仮取扱いとは？危険物取扱者試験（乙種第4類）で押さえる意味・試験ポイント,このページでは、法令・制度分野の「仮貯蔵・仮取扱い」を、試験に出る形で整理します。ひとことで言うと、仮貯蔵・仮取扱いには承認が必要になります場合がある。下の目次の順に読むと、定義から演習のポイントまでつながって理解できます。,"仮貯蔵・仮取扱いは、仮貯蔵・仮取扱いには承認が必要になります場合がある。 指定数量以上の危険物を一時的に貯蔵または取り扱う場合、仮貯蔵・仮取扱いとして承認が必要になります場合がある。一時的であれば無制限に可能というわけではない。

試験では、一時的な貯蔵・取扱いでも、指定数量以上では手続きが問題になる。仮貯蔵・仮取扱いは一時的でも承認が問題になる。また、仮貯蔵・仮取扱いは一時的でも承認が論点点も押さえます。

誤り。第4類危険物も対象になり得る。

誤り。屋外であっても自由に貯蔵できるわけではない。

誤り。一時的であっても手続きが不要とは限らない。

誤り。取扱者がいるだけで場所や数量の制限がなくなるわけではない。

一時的な貯蔵・取扱いでも、指定数量以上では手続きが問題になる。

仮貯蔵・仮取扱いを『自由にできる例外』と誤解しない。

仮貯蔵・仮取扱いは一時的でも承認が問題になる。

よくある誤りは、仮貯蔵・仮取扱いを『自由にできる例外』と誤解しない。

法令・制度では「セルフ式給油取扱所の基準」「一般取扱所の基準」など近い用語とセットで出題されます。定義・数値・主体の違いを表で対比し、仮貯蔵・仮取扱いだけの特徴を一言で言えるようにしてください。

一時的であっても、指定数量以上の危険物を仮に貯蔵・取り扱う場合には承認が必要になります場合がある。",一時的な貯蔵・取扱いでも、指定数量以上では手続きが問題になる。;仮貯蔵・仮取扱いは一時的でも承認が問題になる。;仮貯蔵・仮取扱いは一時的でも承認が論点。,仮貯蔵・仮取扱いを『自由にできる例外』と誤解しない。,"「仮貯蔵・仮取扱い」は、法令・制度の頻出語です。

整理のコツ：関連する「セルフ式給油取扱所の基準」「一般取扱所の基準」「丙種の違い」と、「同じ点・違う点」を表に書き出し、仮貯蔵・仮取扱いだけの特徴を一行で言えるようにします。

覚え方：間違えたら「仮貯蔵・仮取扱いを『自由にできる例外』と誤解しない」のパターンか確認し、同じ型の誤りが出た問題を2問だけ繰り返します。

復習のしかた：丸暗記より、選択肢の「誤り。」の理由を声に出して説明できるかを目標にします。",指定数量以上の危険物を一時的に貯蔵し、または取り扱う場合について、「法令上、仮貯蔵または仮取扱いとして承認を受ける必要がある場合がある。」は正しい。,○。正しい。,仮貯蔵・仮取扱いとは何ですか？,仮貯蔵・仮取扱いは、仮貯蔵・仮取扱いには承認が必要になります場合がある。 たとえば、ガソリン（非水溶性）は200 L、アセトン（水溶性）は400 Lのように、品名ごとに数値が決まります。 試験では、一時的な貯蔵・取扱いでも、指定数量以上では手続きが問題になる点を押さえると得点源になります。,仮貯蔵・仮取扱いは試験でどんなふうに問われますか？,一時的な貯蔵・取扱いでも、指定数量以上では手続きが問題になる。仮貯蔵・仮取扱いは一時的でも承認が問題になる。仮貯蔵・仮取扱いは一時的でも承認が論点。,仮貯蔵・仮取扱いで間違えやすい点は？,仮貯蔵・仮取扱いを『自由にできる例外』と誤解しない。,仮貯蔵・仮取扱いと「セルフ式給油取扱所の基準」「一般取扱所の基準」の違いは？,「セルフ式給油取扱所の基準」「一般取扱所の基準」は意味や数値・適用場面が異なります。用語ページの比較表と演習で、仮貯蔵・仮取扱いだけのポイントを確認してください。
位置の基準,いちのきじゅん,法令・制度,法令・制度;乙4;頻出;詳細記事;実践演習連動;一問一答連動,"位置の基準は、保安距離は、火災や爆発などの事故が周囲に及ぼす影響を抑えるため、一定の対象物との距離を確保する考え方である。

たとえば、条文では「消防法で定める」「政令で定める」「施行令で定める」のように、どの法令に書かれているかを選ぶ問題がよく出ます。

試験では、保安距離は周囲施設への影響を抑えるための距離点を押さえると得点源になります。",まず「位置の基準」は、保安距離は、火災や爆発などの事故が周囲に及ぼす影響を抑えるため、一定の対象物との距離を確保する考え方である。 保有空地は、火災時の延焼防止や消火活動のため、危険物施設の周囲に確保する空地である。 法令・制度では「位置の基準」の文脈で繰り返し問われます。,保安距離;保有空地,危険物の規制に関する政令,B,保安距離は周囲施設への影響を抑えるための距離。 保安距離は周囲への影響を抑えるための距離。 どちらも距離・空間に関するため混同しやすい。 誤り。危険物の味を確認してはならない。,位置の基準とは？危険物取扱者試験（乙種第4類）で押さえる意味・試験ポイント,このページでは、法令・制度分野の「位置の基準」を、試験に出る形で整理します。ひとことで言うと、保安距離は、火災や爆発などの事故が周囲に及ぼす影響を抑えるため、一定の対象物との距離を確保する考え方である。下の目次の順に読むと、定義から演習のポイントまでつながって理解できます。,"位置の基準は、保安距離は、火災や爆発などの事故が周囲に及ぼす影響を抑えるため、一定の対象物との距離を確保する考え方である。 保有空地は、火災時の延焼防止や消火活動のため、危険物施設の周囲に確保する空地である。

試験では、保安距離は周囲施設への影響を抑えるための距離。保安距離は周囲への影響を抑えるための距離。また、保有空地は延焼防止・消火活動のため点も押さえます。

誤り。危険物の味を確認してはならない。

誤り。標識文字だけの問題ではない。

誤り。色を見やすくするためではない。

誤り。受験番号とは関係ない。

保安距離は周囲施設への影響を抑えるための距離。

保安距離は周囲への影響を抑えるための距離。

どちらも距離・空間に関するため混同しやすい。

よくある誤りは、どちらも距離・空間に関するため混同しやすい。

法令・制度では「保安距離」「保有空地」など近い用語とセットで出題されます。定義・数値・主体の違いを表で対比し、位置の基準だけの特徴を一言で言えるようにしてください。

保安距離は、危険物施設で火災や爆発が起きた場合に周囲への影響を小さくするための位置基準である。

保有空地は、危険物施設の周囲に確保する空地で、延焼防止や消火活動のために重要である。

保安距離は周囲の保安対象物との距離、保有空地は施設周囲に確保する空地であり、目的や位置づけが異なる。",保安距離は周囲施設への影響を抑えるための距離。;保安距離は周囲への影響を抑えるための距離。;保有空地は延焼防止・消火活動のため。,どちらも距離・空間に関するため混同しやすい。,"「位置の基準」は、法令・制度の頻出語です。

整理のコツ：関連する「保安距離」「保有空地」と、「同じ点・違う点」を表に書き出し、位置の基準だけの特徴を一行で言えるようにします。

覚え方：間違えたら「どちらも距離・空間に関するため混同しやすい」のパターンか確認し、同じ型の誤りが出た問題を2問だけ繰り返します。

復習のしかた：丸暗記より、選択肢の「誤り。」の理由を声に出して説明できるかを目標にします。",保安距離の目的として、最も適切なものについて、「火災や爆発時の影響を周囲の施設へ及ぼしにくくするためである。」は正しい。,○。正しい。,位置の基準とは何ですか？,位置の基準は、保安距離は、火災や爆発などの事故が周囲に及ぼす影響を抑えるため、一定の対象物との距離を確保する考え方である。 たとえば、条文では「消防法で定める」「政令で定める」「施行令で定める」のように、どの法令に書かれているかを選ぶ問題がよく出ます。 試験では、保安距離は周囲施設への影響を抑えるための距離点を押さえると得点源になります。,位置の基準は試験でどんなふうに問われますか？,保安距離は周囲施設への影響を抑えるための距離。保安距離は周囲への影響を抑えるための距離。保有空地は延焼防止・消火活動のため。,位置の基準で間違えやすい点は？,どちらも距離・空間に関するため混同しやすい。,位置の基準と「保安距離」「保有空地」の違いは？,「保安距離」「保有空地」は意味や数値・適用場面が異なります。用語ページの比較表と演習で、位置の基準だけのポイントを確認してください。
体積の計算,たいせきのけいさん,物性・化学,物性・化学;乙4;頻出;詳細記事;実践演習連動;一問一答連動,"体積の計算は、密度は質量を体積で割って求める。

たとえば、引火点・沸点・密度など、数字と単位をセットで覚えると、選択肢の数値の当たり外れを見分けやすくなります。

試験では、定義を一文で説明できる点を押さえると得点源になります。","まず「体積の計算」は、密度は質量を体積で割って求める。800 g÷1,000 cm³＝0.8 g/cm³である。 質量は密度×体積で求める。0.8 g/cm³×500 cm³＝400 gである。 物性・化学では「計算問題」の文脈で繰り返し問われます。",計算問題;密度・質量・体積の計算,,B,"誤り。質量と体積を足した値ではない。 誤り。体積で割っていない。 誤り。1,000÷800で計算した値である。",体積の計算とは？危険物取扱者試験（乙種第4類）で押さえる意味・試験ポイント,"このページでは、物性・化学分野の「体積の計算」を、試験に出る形で整理します。ひとことで言うと、密度は質量を体積で割って求める。800 g÷1,000 cm³＝0.8 g/cm³である。下の目次の順に読むと、定義から演習のポイントまでつながって理解できます。","体積の計算は、密度は質量を体積で割って求める。800 g÷1,000 cm³＝0.8 g/cm³である。 質量は密度×体積で求める。0.8 g/cm³×500 cm³＝400 gである。

誤り。質量と体積を足した値ではない。

誤り。体積で割っていない。

誤り。1,000÷800で計算した値である。

誤り。800÷1,000の結果ではない。

物性・化学では「計算問題」「密度・質量・体積の計算」など近い用語とセットで出題されます。定義・数値・主体の違いを表で対比し、体積の計算だけの特徴を一言で言えるようにしてください。

600÷750＝0.8 g/cm³である。",定義を一文で説明できる。;適用する場面（製造・貯蔵・取扱・消火）を挙げられる。;関連する法令名を意識できる。,類似語と混同する。;数字や条件を取り違える。;すべての危険物に当てはめる。,"「体積の計算」は、物性・化学の頻出語です。

整理のコツ：関連する「計算問題」「密度・質量・体積の計算」と、「同じ点・違う点」を表に書き出し、体積の計算だけの特徴を一行で言えるようにします。

覚え方：間違えたら「類似語と混同する」のパターンか確認し、同じ型の誤りが出た問題を2問だけ繰り返します。

復習のしかた：丸暗記より、選択肢の「誤り。」の理由を声に出して説明できるかを目標にします。","質量800 g、体積1,000 cm³の液体の密度について、「1.25 g/cm³」は正しい。",×。誤り。,体積の計算とは何ですか？,体積の計算は、密度は質量を体積で割って求める。 たとえば、引火点・沸点・密度など、数字と単位をセットで覚えると、選択肢の数値の当たり外れを見分けやすくなります。 試験では、定義を一文で説明できる点を押さえると得点源になります。,体積の計算は試験でどんなふうに問われますか？,定義を一文で説明できる。適用する場面（製造・貯蔵・取扱・消火）を挙げられる。関連する法令名を意識できる。,体積の計算で間違えやすい点は？,類似語と混同する。数字や条件を取り違える。,体積の計算と「計算問題」「密度・質量・体積の計算」の違いは？,「計算問題」「密度・質量・体積の計算」は意味や数値・適用場面が異なります。用語ページの比較表と演習で、体積の計算だけのポイントを確認してください。
使用停止,しようていし,法令・制度,法令・制度;乙4;頻出;詳細記事;実践演習連動;一問一答連動,"使用停止は、違反時には命令・使用停止などの行政措置が問題になる。

たとえば、条文では「消防法で定める」「政令で定める」「施行令で定める」のように、どの法令に書かれているかを選ぶ問題がよく出ます。

試験では、違反時には命令・使用停止などの行政措置が問題になる点を押さえると得点源になります。",まず「使用停止」は、違反時には命令・使用停止などの行政措置が問題になる。 製造所等が法令に適合しない場合などには、使用停止命令などの行政上の措置が行われる場合がある。 法令・制度では「行政措置」の文脈で繰り返し問われます。,行政措置;命令・許可取消し・使用停止;許可取消し,消防法,B,違反時には命令・使用停止などの行政措置が問題になる。 行政措置には命令・使用停止などがある。 誤り。行政措置が行われる場合がある。 誤り。施設名変更だけの問題ではない。,使用停止とは？危険物取扱者試験（乙種第4類）で押さえる意味・試験ポイント,このページでは、法令・制度分野の「使用停止」を、試験に出る形で整理します。ひとことで言うと、違反時には命令・使用停止などの行政措置が問題になる。下の目次の順に読むと、定義から演習のポイントまでつながって理解できます。,"使用停止は、違反時には命令・使用停止などの行政措置が問題になる。 危険物施設が法令に適合しない場合などには、使用停止命令などの行政上の措置が行われる場合がある。

試験では、違反時には命令・使用停止などの行政措置が問題になる。また、行政措置には命令・使用停止などがある点も押さえます。

誤り。行政措置が行われる場合がある。

誤り。施設名変更だけの問題ではない。

誤り。試験問題数とは関係ない。

誤り。賞金が交付される制度ではない。

違反時には命令・使用停止などの行政措置が問題になる。

行政措置には命令・使用停止などがある。

法令・制度では「行政措置」「命令・許可取消し・使用停止」など近い用語とセットで出題されます。定義・数値・主体の違いを表で対比し、使用停止だけの特徴を一言で言えるようにしてください。

製造所等が法令に適合しない場合などには、使用停止命令などの行政上の措置が行われる場合がある。",違反時には命令・使用停止などの行政措置が問題になる。;行政措置には命令・使用停止などがある。,類似語と混同する。;数字や条件を取り違える。;すべての危険物に当てはめる。,"「使用停止」は、法令・制度の頻出語です。

整理のコツ：関連する「行政措置」「命令・許可取消し・使用停止」「許可取消し」と、「同じ点・違う点」を表に書き出し、使用停止だけの特徴を一行で言えるようにします。

覚え方：間違えたら「類似語と混同する」のパターンか確認し、同じ型の誤りが出た問題を2問だけ繰り返します。

復習のしかた：丸暗記より、選択肢の「誤り。」の理由を声に出して説明できるかを目標にします。",危険物施設の法令違反等に対する行政上の措置として、あり得るものについて、「施設名を自由に変更できるだけである。」は正しい。,×。誤り。,使用停止とは何ですか？,使用停止は、違反時には命令・使用停止などの行政措置が問題になる。 たとえば、条文では「消防法で定める」「政令で定める」「施行令で定める」のように、どの法令に書かれているかを選ぶ問題がよく出ます。 試験では、違反時には命令・使用停止などの行政措置が問題になる点を押さえると得点源になります。,使用停止は試験でどんなふうに問われますか？,違反時には命令・使用停止などの行政措置が問題になる。行政措置には命令・使用停止などがある。,使用停止で間違えやすい点は？,類似語と混同する。数字や条件を取り違える。,使用停止と「行政措置」「命令・許可取消し・使用停止」の違いは？,「行政措置」「命令・許可取消し・使用停止」は意味や数値・適用場面が異なります。用語ページの比較表と演習で、使用停止だけのポイントを確認してください。
保安検査,ほあんけんさ,法令・制度,法令・制度;乙4;頻出;詳細記事;実践演習連動;一問一答連動,"保安検査は、保安検査と定期点検はいずれも危険物施設の安全確保に関係するが、制度上は区別される。

たとえば、条文では「消防法で定める」「政令で定める」「施行令で定める」のように、どの法令に書かれているかを選ぶ問題がよく出ます。

試験では、保安検査は施設の安全性確認に関係する点を押さえると得点源になります。",まず「保安検査」は、保安検査と定期点検はいずれも危険物施設の安全確保に関係するが、制度上は区別される。 法令・制度では「保安検査」の文脈で繰り返し問われます。,セルフ式給油取扱所の基準;一般取扱所の基準;丙種の違い,消防法,B,保安検査は施設の安全性確認に関係する。 誤り。危険物施設で行われる場合がある。 誤り。免状写真の確認だけではない。 誤り。危険物の味を確認することは危険であり、検査内容ではない。,保安検査とは？危険物取扱者試験（乙種第4類）で押さえる意味・試験ポイント,このページでは、法令・制度分野の「保安検査」を、試験に出る形で整理します。ひとことで言うと、保安検査と定期点検はいずれも危険物施設の安全確保に関係するが、制度上は区別される。下の目次の順に読むと、定義から演習のポイントまでつながって理解できます。,"保安検査は、保安検査と定期点検はいずれも危険物施設の安全確保に関係するが、制度上は区別される。 一定の危険物施設について安全性を確認するために行われる場合がある。免状写真や危険物の味を確認する手続きではない。

試験では、保安検査は施設の安全性確認に関係する点が問われます。

誤り。危険物施設で行われる場合がある。

誤り。免状写真の確認だけではない。

誤り。危険物の味を確認することは危険であり、検査内容ではない。

誤り。家庭用灯油缶だけを対象とするものではない。

保安検査は施設の安全性確認に関係する。

法令・制度では「セルフ式給油取扱所の基準」「一般取扱所の基準」など近い用語とセットで出題されます。定義・数値・主体の違いを表で対比し、保安検査だけの特徴を一言で言えるようにしてください。

施設の安全性確認、保安講習は危険物取扱者の保安教育に関係する制度である。",保安検査は施設の安全性確認に関係する。,類似語と混同する。;数字や条件を取り違える。;すべての危険物に当てはめる。,"「保安検査」は、法令・制度の頻出語です。

整理のコツ：関連する「セルフ式給油取扱所の基準」「一般取扱所の基準」「丙種の違い」と、「同じ点・違う点」を表に書き出し、保安検査だけの特徴を一行で言えるようにします。

覚え方：間違えたら「類似語と混同する」のパターンか確認し、同じ型の誤りが出た問題を2問だけ繰り返します。

復習のしかた：丸暗記より、選択肢の「誤り。」の理由を声に出して説明できるかを目標にします。",保安検査について、「一定の危険物施設では、保安検査を受ける必要がある場合がある。」は正しい。,○。正しい。,保安検査とは何ですか？,保安検査は、保安検査と定期点検はいずれも危険物施設の安全確保に関係するが、制度上は区別される。 たとえば、条文では「消防法で定める」「政令で定める」「施行令で定める」のように、どの法令に書かれているかを選ぶ問題がよく出ます。 試験では、保安検査は施設の安全性確認に関係する点を押さえると得点源になります。,保安検査は試験でどんなふうに問われますか？,保安検査は施設の安全性確認に関係する。,保安検査で間違えやすい点は？,類似語と混同する。数字や条件を取り違える。,保安検査と「セルフ式給油取扱所の基準」「一般取扱所の基準」の違いは？,「セルフ式給油取扱所の基準」「一般取扱所の基準」は意味や数値・適用場面が異なります。用語ページの比較表と演習で、保安検査だけのポイントを確認してください。
保安検査の対象,ほあんけんさのたいしょう,法令・制度,法令・制度;乙4;頻出;詳細記事;実践演習連動;一問一答連動,"保安検査の対象は、保安検査は、一定の危険物施設について安全性を確認するために行われる場合がある。

たとえば、条文では「消防法で定める」「政令で定める」「施行令で定める」のように、どの法令に書かれているかを選ぶ問題がよく出ます。

試験では、保安検査は施設の安全性確認に関係する点を押さえると得点源になります。",まず「保安検査の対象」は、保安検査は、一定の危険物施設について安全性を確認するために行われる場合がある。免状写真や危険物の味を確認する手続きではない。 保安検査と定期点検はいずれも危険物施設の安全確保に関係するが、制度上は区別される。 法令・制度では「保安検査」の文脈で繰り返し問われます。,セルフ式給油取扱所の基準;一般取扱所の基準;丙種の違い,消防法,B,保安検査は施設の安全性確認に関係する。 誤り。危険物施設で行われる場合がある。 誤り。免状写真の確認だけではない。 誤り。危険物の味を確認することは危険であり、検査内容ではない。,保安検査の対象とは？危険物取扱者試験（乙種第4類）で押さえる意味・試験ポイント,このページでは、法令・制度分野の「保安検査の対象」を、試験に出る形で整理します。ひとことで言うと、保安検査は、一定の危険物施設について安全性を確認するために行われる場合がある。免状写真や危険物の味を確認する手続きではない。下の目次の順に読むと、定義から演習のポイントまでつながって理解できます。,"保安検査の対象は、保安検査は、一定の危険物施設について安全性を確認するために行われる場合がある。免状写真や危険物の味を確認する手続きではない。 保安検査と定期点検はいずれも危険物施設の安全確保に関係するが、制度上は区別される。

試験では、保安検査は施設の安全性確認に関係する点が問われます。

誤り。危険物施設で行われる場合がある。

誤り。免状写真の確認だけではない。

誤り。危険物の味を確認することは危険であり、検査内容ではない。

誤り。家庭用灯油缶だけを対象とするものではない。

保安検査は施設の安全性確認に関係する。

法令・制度では「セルフ式給油取扱所の基準」「一般取扱所の基準」など近い用語とセットで出題されます。定義・数値・主体の違いを表で対比し、保安検査の対象だけの特徴を一言で言えるようにしてください。

保安検査は施設の安全性確認、保安講習は危険物取扱者の保安教育に関係する制度である。",保安検査は施設の安全性確認に関係する。,類似語と混同する。;数字や条件を取り違える。;すべての危険物に当てはめる。,"「保安検査の対象」は、法令・制度の頻出語です。

整理のコツ：関連する「セルフ式給油取扱所の基準」「一般取扱所の基準」「丙種の違い」と、「同じ点・違う点」を表に書き出し、保安検査の対象だけの特徴を一行で言えるようにします。

覚え方：間違えたら「類似語と混同する」のパターンか確認し、同じ型の誤りが出た問題を2問だけ繰り返します。

復習のしかた：丸暗記より、選択肢の「誤り。」の理由を声に出して説明できるかを目標にします。",保安検査について、「一定の危険物施設では、保安検査を受ける必要がある場合がある。」は正しい。,○。正しい。,保安検査の対象とは何ですか？,保安検査の対象は、保安検査は、一定の危険物施設について安全性を確認するために行われる場合がある。 たとえば、条文では「消防法で定める」「政令で定める」「施行令で定める」のように、どの法令に書かれているかを選ぶ問題がよく出ます。 試験では、保安検査は施設の安全性確認に関係する点を押さえると得点源になります。,保安検査の対象は試験でどんなふうに問われますか？,保安検査は施設の安全性確認に関係する。,保安検査の対象で間違えやすい点は？,類似語と混同する。数字や条件を取り違える。,保安検査の対象と「セルフ式給油取扱所の基準」「一般取扱所の基準」の違いは？,「セルフ式給油取扱所の基準」「一般取扱所の基準」は意味や数値・適用場面が異なります。用語ページの比較表と演習で、保安検査の対象だけのポイントを確認してください。
保安講習,ほあんこうしゅう,法令・制度,法令・制度;乙4;頻出;詳細記事;実践演習連動;一問一答連動,"保安講習は、危険物取扱者免状を取得した後も、危険物の取扱作業に従事する場合は保安講習が必要になります場合がある。

たとえば、条文では「消防法で定める」「政令で定める」「施行令で定める」のように、どの法令に書かれているかを選ぶ問題がよく出ます。

試験では、免状取得後も、取扱作業従事者には保安講習が関係する点を押さえると得点源になります。",まず「保安講習」は、危険物取扱者免状を取得した後も、危険物の取扱作業に従事する場合は保安講習が必要になります場合がある。 危険物の取扱作業に従事する危険物取扱者には、保安講習の受講が必要です場合がある。 法令・制度では「保安講習」の文脈で繰り返し問われます。,保安講習の対象・時期;保安講習の対象,消防法,B,免状取得後も、取扱作業従事者には保安講習が関係する。 免状取得＝以後の講習不要、ではない。 保安講習は免状取得後の保安教育に関係する。 誤り。免状取得後も保安講習の制度がある。,保安講習とは？危険物取扱者試験（乙種第4類）で押さえる意味・試験ポイント,このページでは、法令・制度分野の「保安講習」を、試験に出る形で整理します。ひとことで言うと、危険物取扱者免状を取得した後も、危険物の取扱作業に従事する場合は保安講習が必要になります場合がある。下の目次の順に読むと、定義から演習のポイントまでつながって理解できます。,"保安講習は、危険物取扱者免状を取得した後も、危険物の取扱作業に従事する場合は保安講習が必要になります場合がある。 危険物の取扱作業に従事する危険物取扱者には、法令上、保安講習の受講が必要になります場合がある。免状取得後も保安教育は重要である。

試験では、免状取得後も、取扱作業従事者には保安講習が関係する。また、保安講習は免状取得後の保安教育に関係する点も押さえます。

誤り。免状取得後も保安講習の制度がある。

誤り。一般の歩行者を対象とする制度ではない。

誤り。消火器購入者を対象とする制度ではない。

誤り。甲種であっても関係し得る。

免状取得後も、取扱作業従事者には保安講習が関係する。

免状取得＝以後の講習不要、ではない。

保安講習は免状取得後の保安教育に関係する。

よくある誤りは、免状取得＝以後の講習不要、ではない。免状を取れば以後は何も不要、と考えない。資格取得で保安教育が終わるわけではない。

法令・制度では「保安講習の対象・時期」「保安講習の対象」など近い用語とセットで出題されます。定義・数値・主体の違いを表で対比し、保安講習だけの特徴を一言で言えるようにしてください。

危険物の取扱作業に従事する危険物取扱者には、保安講習の受講が必要です場合がある。

危険物取扱作業に関する保安知識を維持・向上するための制度である。",免状取得後も、取扱作業従事者には保安講習が関係する。;保安講習は免状取得後の保安教育に関係する。,免状取得＝以後の講習不要、ではない。;免状を取れば以後は何も不要、と考えない。;資格取得で保安教育が終わるわけではない。;免状取得後も学習が必要な場合がある。,"「保安講習」は、法令・制度の頻出語です。

整理のコツ：関連する「保安講習の対象・時期」「保安講習の対象」と、「同じ点・違う点」を表に書き出し、保安講習だけの特徴を一行で言えるようにします。

覚え方：間違えたら「免状取得＝以後の講習不要、ではない」のパターンか確認し、同じ型の誤りが出た問題を2問だけ繰り返します。

復習のしかた：丸暗記より、選択肢の「誤り。」の理由を声に出して説明できるかを目標にします。",危険物取扱者の保安講習について、適切な説明について、「危険物の取扱作業に従事する者に対し、一定の時期に受講が求められる場合がある。」は正しい。,○。正しい。,保安講習とは何ですか？,保安講習は、危険物取扱者免状を取得した後も、危険物の取扱作業に従事する場合は保安講習が必要になります場合がある。 たとえば、条文では「消防法で定める」「政令で定める」「施行令で定める」のように、どの法令に書かれているかを選ぶ問題がよく出ます。 試験では、免状取得後も、取扱作業従事者には保安講習が関係する点を押さえると得点源になります。,保安講習は試験でどんなふうに問われますか？,免状取得後も、取扱作業従事者には保安講習が関係する。保安講習は免状取得後の保安教育に関係する。,保安講習で間違えやすい点は？,免状取得＝以後の講習不要、ではない。免状を取れば以後は何も不要、と考えない。,保安講習と「保安講習の対象・時期」「保安講習の対象」の違いは？,「保安講習の対象・時期」「保安講習の対象」は意味や数値・適用場面が異なります。用語ページの比較表と演習で、保安講習だけのポイントを確認してください。
保安講習の対象,ほあんこうしゅうのたいしょう,法令・制度,法令・制度;乙4;頻出;詳細記事;実践演習連動;一問一答連動,"保安講習の対象は、危険物の取扱作業に従事する危険物取扱者には、法令上、保安講習の受講が必要になります場合がある。

たとえば、条文では「消防法で定める」「政令で定める」「施行令で定める」のように、どの法令に書かれているかを選ぶ問題がよく出ます。

試験では、免状取得後も、取扱作業従事者には保安講習が関係する点を押さえると得点源になります。",まず「保安講習の対象」は、危険物の取扱作業に従事する危険物取扱者には、法令上、保安講習の受講が必要になります場合がある。免状取得後も保安教育は重要である。 危険物の取扱作業に従事する危険物取扱者には、保安講習の受講が必要です場合がある。 法令・制度では「保安講習」の文脈で繰り返し問われます。,保安講習;保安講習の対象・時期,消防法,B,免状取得後も、取扱作業従事者には保安講習が関係する。 免状取得＝以後の講習不要、ではない。 保安講習は免状取得後の保安教育に関係する。 誤り。免状取得後も保安講習の制度がある。,保安講習の対象とは？危険物取扱者試験（乙種第4類）で押さえる意味・試験ポイント,このページでは、法令・制度分野の「保安講習の対象」を、試験に出る形で整理します。ひとことで言うと、危険物の取扱作業に従事する危険物取扱者には、法令上、保安講習の受講が必要になります場合がある。免状取得後も保安教育は重要である。下の目次の順に読むと、定義から演習のポイントまでつながって理解できます。,"保安講習の対象は、危険物の取扱作業に従事する危険物取扱者には、法令上、保安講習の受講が必要になります場合がある。免状取得後も保安教育は重要である。 危険物の取扱作業に従事する危険物取扱者には、保安講習の受講が必要です場合がある。

試験では、免状取得後も、取扱作業従事者には保安講習が関係する。また、保安講習は免状取得後の保安教育に関係する点も押さえます。

誤り。免状取得後も保安講習の制度がある。

誤り。一般の歩行者を対象とする制度ではない。

誤り。消火器購入者を対象とする制度ではない。

誤り。甲種であっても関係し得る。

免状取得後も、取扱作業従事者には保安講習が関係する。

免状取得＝以後の講習不要、ではない。

保安講習は免状取得後の保安教育に関係する。

よくある誤りは、免状取得＝以後の講習不要、ではない。免状を取れば以後は何も不要、と考えない。資格取得で保安教育が終わるわけではない。

法令・制度では「保安講習」「保安講習の対象・時期」など近い用語とセットで出題されます。定義・数値・主体の違いを表で対比し、保安講習の対象だけの特徴を一言で言えるようにしてください。

危険物取扱者免状を取得した後も、危険物の取扱作業に従事する場合は保安講習が必要になります場合がある。

保安講習は、危険物取扱作業に関する保安知識を維持・向上するための制度である。",免状取得後も、取扱作業従事者には保安講習が関係する。;保安講習は免状取得後の保安教育に関係する。,免状取得＝以後の講習不要、ではない。;免状を取れば以後は何も不要、と考えない。;資格取得で保安教育が終わるわけではない。;免状取得後も学習が必要な場合がある。,"「保安講習の対象」は、法令・制度の頻出語です。

整理のコツ：関連する「保安講習」「保安講習の対象・時期」と、「同じ点・違う点」を表に書き出し、保安講習の対象だけの特徴を一行で言えるようにします。

覚え方：間違えたら「免状取得＝以後の講習不要、ではない」のパターンか確認し、同じ型の誤りが出た問題を2問だけ繰り返します。

復習のしかた：丸暗記より、選択肢の「誤り。」の理由を声に出して説明できるかを目標にします。",危険物取扱者の保安講習について、適切な説明について、「危険物の取扱作業に従事する者に対し、一定の時期に受講が求められる場合がある。」は正しい。,○。正しい。,保安講習の対象とは何ですか？,保安講習の対象は、危険物の取扱作業に従事する危険物取扱者には、法令上、保安講習の受講が必要になります場合がある。 たとえば、条文では「消防法で定める」「政令で定める」「施行令で定める」のように、どの法令に書かれているかを選ぶ問題がよく出ます。 試験では、免状取得後も、取扱作業従事者には保安講習が関係する点を押さえると得点源になります。,保安講習の対象は試験でどんなふうに問われますか？,免状取得後も、取扱作業従事者には保安講習が関係する。保安講習は免状取得後の保安教育に関係する。,保安講習の対象で間違えやすい点は？,免状取得＝以後の講習不要、ではない。免状を取れば以後は何も不要、と考えない。,保安講習の対象と「保安講習」「保安講習の対象・時期」の違いは？,「保安講習」「保安講習の対象・時期」は意味や数値・適用場面が異なります。用語ページの比較表と演習で、保安講習の対象だけのポイントを確認してください。
保安講習の対象・時期,ほあんこうしゅうのたいしょう・じき,法令・制度,法令・制度;乙4;頻出;詳細記事;実践演習連動;一問一答連動,"保安講習の対象・時期は、危険物の取扱作業に従事する危険物取扱者には、法令上、保安講習の受講が必要になります場合がある。

たとえば、条文では「消防法で定める」「政令で定める」「施行令で定める」のように、どの法令に書かれているかを選ぶ問題がよく出ます。

試験では、免状取得後も、取扱作業従事者には保安講習が関係する点を押さえると得点源になります。",まず「保安講習の対象・時期」は、危険物の取扱作業に従事する危険物取扱者には、法令上、保安講習の受講が必要になります場合がある。免状取得後も保安教育は重要である。 危険物の取扱作業に従事する危険物取扱者には、保安講習の受講が必要です場合がある。 法令・制度では「保安講習」の文脈で繰り返し問われます。,セルフ式給油取扱所の基準;一般取扱所の基準;丙種の違い,消防法,B,免状取得後も、取扱作業従事者には保安講習が関係する。 免状取得＝以後の講習不要、ではない。 保安講習は免状取得後の保安教育に関係する。 誤り。免状取得後も保安講習の制度がある。,保安講習の対象・時期とは？危険物取扱者試験（乙種第4類）で押さえる意味・試験ポイント,このページでは、法令・制度分野の「保安講習の対象・時期」を、試験に出る形で整理します。ひとことで言うと、危険物の取扱作業に従事する危険物取扱者には、法令上、保安講習の受講が必要になります場合がある。免状取得後も保安教育は重要である。下の目次の順に読むと、定義から演習のポイントまでつながって理解できます。,"保安講習の対象・時期は、危険物の取扱作業に従事する危険物取扱者には、法令上、保安講習の受講が必要になります場合がある。免状取得後も保安教育は重要である。 危険物の取扱作業に従事する危険物取扱者には、保安講習の受講が必要です場合がある。

試験では、免状取得後も、取扱作業従事者には保安講習が関係する。また、保安講習は免状取得後の保安教育に関係する点も押さえます。

誤り。免状取得後も保安講習の制度がある。

誤り。一般の歩行者を対象とする制度ではない。

誤り。消火器購入者を対象とする制度ではない。

誤り。甲種であっても関係し得る。

免状取得後も、取扱作業従事者には保安講習が関係する。

免状取得＝以後の講習不要、ではない。

保安講習は免状取得後の保安教育に関係する。

よくある誤りは、免状取得＝以後の講習不要、ではない。免状を取れば以後は何も不要、と考えない。資格取得で保安教育が終わるわけではない。

法令・制度では「セルフ式給油取扱所の基準」「一般取扱所の基準」など近い用語とセットで出題されます。定義・数値・主体の違いを表で対比し、保安講習の対象・時期だけの特徴を一言で言えるようにしてください。

危険物取扱者免状を取得した後も、危険物の取扱作業に従事する場合は保安講習が必要になります場合がある。

保安講習は、危険物取扱作業に関する保安知識を維持・向上するための制度である。",免状取得後も、取扱作業従事者には保安講習が関係する。;保安講習は免状取得後の保安教育に関係する。,免状取得＝以後の講習不要、ではない。;免状を取れば以後は何も不要、と考えない。;資格取得で保安教育が終わるわけではない。;免状取得後も学習が必要な場合がある。,"「保安講習の対象・時期」は、法令・制度の頻出語です。

整理のコツ：関連する「セルフ式給油取扱所の基準」「一般取扱所の基準」「丙種の違い」と、「同じ点・違う点」を表に書き出し、保安講習の対象・時期だけの特徴を一行で言えるようにします。

覚え方：間違えたら「免状取得＝以後の講習不要、ではない」のパターンか確認し、同じ型の誤りが出た問題を2問だけ繰り返します。

復習のしかた：丸暗記より、選択肢の「誤り。」の理由を声に出して説明できるかを目標にします。",危険物取扱者の保安講習について、適切な説明について、「危険物の取扱作業に従事する者に対し、一定の時期に受講が求められる場合がある。」は正しい。,○。正しい。,保安講習の対象・時期とは何ですか？,保安講習の対象・時期は、危険物の取扱作業に従事する危険物取扱者には、法令上、保安講習の受講が必要になります場合がある。 たとえば、条文では「消防法で定める」「政令で定める」「施行令で定める」のように、どの法令に書かれているかを選ぶ問題がよく出ます。 試験では、免状取得後も、取扱作業従事者には保安講習が関係する点を押さえると得点源になります。,保安講習の対象・時期は試験でどんなふうに問われますか？,免状取得後も、取扱作業従事者には保安講習が関係する。保安講習は免状取得後の保安教育に関係する。,保安講習の対象・時期で間違えやすい点は？,免状取得＝以後の講習不要、ではない。免状を取れば以後は何も不要、と考えない。,保安講習の対象・時期と「セルフ式給油取扱所の基準」「一般取扱所の基準」の違いは？,「セルフ式給油取扱所の基準」「一般取扱所の基準」は意味や数値・適用場面が異なります。用語ページの比較表と演習で、保安講習の対象・時期だけのポイントを確認してください。
保安距離,ほあんきょり,法令・制度,法令・制度;乙4;頻出;詳細記事;実践演習連動;一問一答連動,"保安距離は周囲施設への影響を抑えるための距離。

たとえば、条文では「消防法で定める」「政令で定める」「施行令で定める」のように、どの法令に書かれているかを選ぶ問題がよく出ます。

試験では、保安距離は周囲施設への影響を抑えるための距離点を押さえると得点源になります。",まず「保安距離」は、保安距離は周囲施設への影響を抑えるための距離。 危険物施設で火災や爆発が起きた場合に周囲への影響を小さくするための位置基準である。 法令・制度では「位置の基準」の文脈で繰り返し問われます。,セルフ式給油取扱所の基準;一般取扱所の基準;丙種の違い,危険物の規制に関する政令,B,保安距離は周囲施設への影響を抑えるための距離。 保安距離は周囲への影響を抑えるための距離。 どちらも距離・空間に関するため混同しやすい。 誤り。危険物の味を確認してはならない。,保安距離とは？危険物取扱者試験（乙種第4類）で押さえる意味・試験ポイント,このページでは、法令・制度分野の「保安距離」を、試験に出る形で整理します。ひとことで言うと、保安距離は周囲施設への影響を抑えるための距離。下の目次の順に読むと、定義から演習のポイントまでつながって理解できます。,"保安距離は周囲施設への影響を抑えるための距離。 火災や爆発などの事故が周囲に及ぼす影響を抑えるため、一定の対象物との距離を確保する考え方である。

試験では、保安距離は周囲施設への影響を抑えるための距離。また、保安距離は周囲への影響を抑えるための距離点も押さえます。

誤り。危険物の味を確認してはならない。

誤り。標識文字だけの問題ではない。

誤り。色を見やすくするためではない。

誤り。受験番号とは関係ない。

保安距離は周囲施設への影響を抑えるための距離。

保安距離は周囲への影響を抑えるための距離。

どちらも距離・空間に関するため混同しやすい。

よくある誤りは、どちらも距離・空間に関するため混同しやすい。

法令・制度では「セルフ式給油取扱所の基準」「一般取扱所の基準」など近い用語とセットで出題されます。定義・数値・主体の違いを表で対比し、保安距離だけの特徴を一言で言えるようにしてください。

危険物施設で火災や爆発が起きた場合に周囲への影響を小さくするための位置基準である。

周囲の保安対象物との距離、保有空地は施設周囲に確保する空地であり、目的や位置づけが異なる。

周囲の保安対象物との安全上必要な距離に関係する。

危険物施設で火災・爆発が起きた場合に周囲への影響を小さくするための基準である。",保安距離は周囲施設への影響を抑えるための距離。;保安距離は周囲への影響を抑えるための距離。,どちらも距離・空間に関するため混同しやすい。,"「保安距離」は、法令・制度の頻出語です。

整理のコツ：関連する「セルフ式給油取扱所の基準」「一般取扱所の基準」「丙種の違い」と、「同じ点・違う点」を表に書き出し、保安距離だけの特徴を一行で言えるようにします。

覚え方：間違えたら「どちらも距離・空間に関するため混同しやすい」のパターンか確認し、同じ型の誤りが出た問題を2問だけ繰り返します。

復習のしかた：丸暗記より、選択肢の「誤り。」の理由を声に出して説明できるかを目標にします。",保安距離の目的として、最も適切なものについて、「火災や爆発時の影響を周囲の施設へ及ぼしにくくするためである。」は正しい。,○。正しい。,保安距離とは何ですか？,保安距離は周囲施設への影響を抑えるための距離。 たとえば、条文では「消防法で定める」「政令で定める」「施行令で定める」のように、どの法令に書かれているかを選ぶ問題がよく出ます。 試験では、保安距離は周囲施設への影響を抑えるための距離点を押さえると得点源になります。,保安距離は試験でどんなふうに問われますか？,保安距離は周囲施設への影響を抑えるための距離。保安距離は周囲への影響を抑えるための距離。,保安距離で間違えやすい点は？,どちらも距離・空間に関するため混同しやすい。,保安距離と「セルフ式給油取扱所の基準」「一般取扱所の基準」の違いは？,「セルフ式給油取扱所の基準」「一般取扱所の基準」は意味や数値・適用場面が異なります。用語ページの比較表と演習で、保安距離だけのポイントを確認してください。
保有空地,ほゆうあきち,法令・制度,法令・制度;乙4;頻出;詳細記事;実践演習連動;一問一答連動,"保有空地は延焼防止・消火活動のため。

たとえば、条文では「消防法で定める」「政令で定める」「施行令で定める」のように、どの法令に書かれているかを選ぶ問題がよく出ます。

試験では、保有空地は延焼防止・消火活動のため点を押さえると得点源になります。",まず「保有空地」は、保有空地は延焼防止・消火活動のため。 危険物施設の周囲に確保する空地で、延焼防止や消火活動のために重要である。 法令・制度では「位置の基準」の文脈で繰り返し問われます。,セルフ式給油取扱所の基準;一般取扱所の基準;丙種の違い,危険物の規制に関する政令,B,保有空地は延焼防止・消火活動のため。 誤り。試験会場ではない。 誤り。危険物を投棄するためではない。 誤り。におい確認のためではない。,保有空地とは？危険物取扱者試験（乙種第4類）で押さえる意味・試験ポイント,このページでは、法令・制度分野の「保有空地」を、試験に出る形で整理します。ひとことで言うと、保有空地は延焼防止・消火活動のため。下の目次の順に読むと、定義から演習のポイントまでつながって理解できます。,"保有空地は延焼防止・消火活動のため。 火災時の延焼防止や消火活動のため、危険物施設の周囲に確保する空地である。

試験では、保有空地は延焼防止・消火活動のため点が問われます。

誤り。試験会場ではない。

誤り。危険物を投棄するためではない。

誤り。におい確認のためではない。

誤り。施設名称変更とは関係ない。

保有空地は延焼防止・消火活動のため。

法令・制度では「セルフ式給油取扱所の基準」「一般取扱所の基準」など近い用語とセットで出題されます。定義・数値・主体の違いを表で対比し、保有空地だけの特徴を一言で言えるようにしてください。

危険物施設の周囲に確保する空地で、延焼防止や消火活動のために重要である。

延焼防止や消火活動のために施設周囲に確保する空地である。

危険物施設の周囲に確保する空地で、延焼防止や消火活動に関係する。",保有空地は延焼防止・消火活動のため。,類似語と混同する。;数字や条件を取り違える。;すべての危険物に当てはめる。,"「保有空地」は、法令・制度の頻出語です。

整理のコツ：関連する「セルフ式給油取扱所の基準」「一般取扱所の基準」「丙種の違い」と、「同じ点・違う点」を表に書き出し、保有空地だけの特徴を一行で言えるようにします。

覚え方：間違えたら「類似語と混同する」のパターンか確認し、同じ型の誤りが出た問題を2問だけ繰り返します。

復習のしかた：丸暗記より、選択肢の「誤り。」の理由を声に出して説明できるかを目標にします。",保有空地の目的として、最も適切なものについて、「危険物を自由に投棄するためである。」は正しい。,×。誤り。,保有空地とは何ですか？,保有空地は延焼防止・消火活動のため。 たとえば、条文では「消防法で定める」「政令で定める」「施行令で定める」のように、どの法令に書かれているかを選ぶ問題がよく出ます。 試験では、保有空地は延焼防止・消火活動のため点を押さえると得点源になります。,保有空地は試験でどんなふうに問われますか？,保有空地は延焼防止・消火活動のため。,保有空地で間違えやすい点は？,類似語と混同する。数字や条件を取り違える。,保有空地と「セルフ式給油取扱所の基準」「一般取扱所の基準」の違いは？,「セルフ式給油取扱所の基準」「一般取扱所の基準」は意味や数値・適用場面が異なります。用語ページの比較表と演習で、保有空地だけのポイントを確認してください。
元素と化合物,げんそとかごうぶつ,物性・化学,物性・化学;乙4;頻出;詳細記事;実践演習連動;一問一答連動,"元素と化合物は、化合物は、2種類以上の元素が化学的に結びついた物質である。

たとえば、引火点・沸点・密度など、数字と単位をセットで覚えると、選択肢の数値の当たり外れを見分けやすくなります。

試験では、定義を一文で説明できる点を押さえると得点源になります。",まず「元素と化合物」は、化合物は、2種類以上の元素が化学的に結びついた物質である。1種類の元素だけからなるものは単体である。 元素は、物質を構成する基本的な成分である。 物性・化学では「物質の構成」の文脈で繰り返し問われます。,pH;アルカリの性質;アルコール類の基礎,,B,誤り。標識ではない。 誤り。単体の説明である。 誤り。避難設備ではない。,元素と化合物とは？危険物取扱者試験（乙種第4類）で押さえる意味・試験ポイント,このページでは、物性・化学分野の「元素と化合物」を、試験に出る形で整理します。ひとことで言うと、化合物は、2種類以上の元素が化学的に結びついた物質である。1種類の元素だけからなるものは単体である。下の目次の順に読むと、定義から演習のポイントまでつながって理解できます。,"元素と化合物は、化合物は、2種類以上の元素が化学的に結びついた物質である。1種類の元素だけからなるものは単体である。 元素は、物質を構成する基本的な成分である。

誤り。標識ではない。

誤り。単体の説明である。

誤り。避難設備ではない。

誤り。比重の単位ではない。

物性・化学では「pH」「アルカリの性質」など近い用語とセットで出題されます。定義・数値・主体の違いを表で対比し、元素と化合物だけの特徴を一言で言えるようにしてください。",定義を一文で説明できる。;適用する場面（製造・貯蔵・取扱・消火）を挙げられる。;関連する法令名を意識できる。,類似語と混同する。;数字や条件を取り違える。;すべての危険物に当てはめる。,"「元素と化合物」は、物性・化学の頻出語です。

整理のコツ：関連する「pH」「アルカリの性質」「アルコール類の基礎」と、「同じ点・違う点」を表に書き出し、元素と化合物だけの特徴を一行で言えるようにします。

覚え方：間違えたら「類似語と混同する」のパターンか確認し、同じ型の誤りが出た問題を2問だけ繰り返します。

復習のしかた：丸暗記より、選択肢の「誤り。」の理由を声に出して説明できるかを目標にします。",化合物について、「危険物施設の標識の一種である。」は正しい。,×。誤り。,元素と化合物とは何ですか？,元素と化合物は、化合物は、2種類以上の元素が化学的に結びついた物質である。 たとえば、引火点・沸点・密度など、数字と単位をセットで覚えると、選択肢の数値の当たり外れを見分けやすくなります。 試験では、定義を一文で説明できる点を押さえると得点源になります。,元素と化合物は試験でどんなふうに問われますか？,定義を一文で説明できる。適用する場面（製造・貯蔵・取扱・消火）を挙げられる。関連する法令名を意識できる。,元素と化合物で間違えやすい点は？,類似語と混同する。数字や条件を取り違える。,元素と化合物と「pH」「アルカリの性質」の違いは？,「pH」「アルカリの性質」は意味や数値・適用場面が異なります。用語ページの比較表と演習で、元素と化合物だけのポイントを確認してください。
免状,めんじょう,法令・制度,法令・制度;乙4;頻出;詳細記事;実践演習連動;一問一答連動,"免状は、免状を亡失または損傷した場合、再交付が問題となる。

たとえば、条文では「消防法で定める」「政令で定める」「施行令で定める」のように、どの法令に書かれているかを選ぶ問題がよく出ます。

試験では、免状には交付・書換え・再交付がある点を押さえると得点源になります。",まず「免状」は、免状を亡失または損傷した場合、再交付が問題となる。 危険物取扱者免状を亡失した場合には、再交付の手続きが問題となる。施設の許可とは別の手続きである。 法令・制度では「免状」の文脈で繰り返し問われます。,免状の交付・書換え・再交付;免状の交付;書換え,消防法,B,免状には交付・書換え・再交付がある。 免状は交付・書換え・再交付を押さえる。 施設手続きと免状手続きを混同しない。 誤り。記載事項変更時に手続きが必要になります場合がある。,免状とは？危険物取扱者試験（乙種第4類）で押さえる意味・試験ポイント,このページでは、法令・制度分野の「免状」を、試験に出る形で整理します。ひとことで言うと、免状を亡失または損傷した場合、再交付が問題となる。下の目次の順に読むと、定義から演習のポイントまでつながって理解できます。,"免状は、免状を亡失または損傷した場合、再交付が問題となる。 危険物取扱者免状は、記載事項に変更があった場合の書換えや、紛失等の場合の再交付が問題となる。施設の設置許可証とは別である。

試験では、免状には交付・書換え・再交付がある。また、免状は交付・書換え・再交付を押さえる点も押さえます。

誤り。記載事項変更時に手続きが必要になります場合がある。

誤り。免状と施設許可証は別である。

誤り。再交付の制度がある。

誤り。乙4は第4類危険物が対象である。

免状には交付・書換え・再交付がある。

免状は交付・書換え・再交付を押さえる。

施設手続きと免状手続きを混同しない。

よくある誤りは、施設手続きと免状手続きを混同しない。

法令・制度では「免状の交付・書換え・再交付」「免状の交付」など近い用語とセットで出題されます。定義・数値・主体の違いを表で対比し、免状だけの特徴を一言で言えるようにしてください。

危険物取扱者免状を亡失した場合には、再交付の手続きが問題となる。

危険物取扱者免状の記載事項に変更があった場合、書換えの手続きが問題となる。

誤り。記載事項変更時に手続きが必要になります場合がある。",免状には交付・書換え・再交付がある。;免状は交付・書換え・再交付を押さえる。,施設手続きと免状手続きを混同しない。,"「免状」は、法令・制度の頻出語です。

整理のコツ：関連する「免状の交付・書換え・再交付」「免状の交付」「書換え」と、「同じ点・違う点」を表に書き出し、免状だけの特徴を一行で言えるようにします。

覚え方：間違えたら「施設手続きと免状手続きを混同しない」のパターンか確認し、同じ型の誤りが出た問題を2問だけ繰り返します。

復習のしかた：丸暗記より、選択肢の「誤り。」の理由を声に出して説明できるかを目標にします。",危険物取扱者免状を亡失した場合の対応について、「免状をなくしても、すべての危険物を自由に扱える。」は正しい。,×。誤り。,免状とは何ですか？,免状は、免状を亡失または損傷した場合、再交付が問題となる。 たとえば、条文では「消防法で定める」「政令で定める」「施行令で定める」のように、どの法令に書かれているかを選ぶ問題がよく出ます。 試験では、免状には交付・書換え・再交付がある点を押さえると得点源になります。,免状は試験でどんなふうに問われますか？,免状には交付・書換え・再交付がある。免状は交付・書換え・再交付を押さえる。,免状で間違えやすい点は？,施設手続きと免状手続きを混同しない。,免状と「免状の交付・書換え・再交付」「免状の交付」の違いは？,「免状の交付・書換え・再交付」「免状の交付」は意味や数値・適用場面が異なります。用語ページの比較表と演習で、免状だけのポイントを確認してください。
免状の交付,めんじょうのこうふ,法令・制度,法令・制度;乙4;頻出;詳細記事;実践演習連動;一問一答連動,"免状の交付は、危険物取扱者免状は、記載事項に変更があった場合の書換えや、紛失等の場合の再交付が問題となる。

たとえば、条文では「消防法で定める」「政令で定める」「施行令で定める」のように、どの法令に書かれているかを選ぶ問題がよく出ます。

試験では、免状には交付・書換え・再交付がある点を押さえると得点源になります。",まず「免状の交付」は、危険物取扱者免状は、記載事項に変更があった場合の書換えや、紛失等の場合の再交付が問題となる。施設の設置許可証とは別である。 危険物取扱者免状を亡失した場合には、再交付の手続きが問題となる。施設の許可とは別の手続きである。 法令・制度では「免状」の文脈で繰り返し問われます。,免状の交付・書換え・再交付;免状;書換え,消防法,B,免状には交付・書換え・再交付がある。 免状は交付・書換え・再交付を押さえる。 施設手続きと免状手続きを混同しない。 誤り。記載事項変更時に手続きが必要になります場合がある。,免状の交付とは？危険物取扱者試験（乙種第4類）で押さえる意味・試験ポイント,このページでは、法令・制度分野の「免状の交付」を、試験に出る形で整理します。ひとことで言うと、危険物取扱者免状は、記載事項に変更があった場合の書換えや、紛失等の場合の再交付が問題となる。施設の設置許可証とは別である。下の目次の順に読むと、定義から演習のポイントまでつながって理解できます。,"免状の交付は、危険物取扱者免状は、記載事項に変更があった場合の書換えや、紛失等の場合の再交付が問題となる。施設の設置許可証とは別である。 危険物取扱者免状を亡失した場合には、再交付の手続きが問題となる。施設の許可とは別の手続きである。

試験では、免状には交付・書換え・再交付がある。また、免状は交付・書換え・再交付を押さえる点も押さえます。

誤り。記載事項変更時に手続きが必要になります場合がある。

誤り。免状と施設許可証は別である。

誤り。再交付の制度がある。

誤り。乙4は第4類危険物が対象である。

免状には交付・書換え・再交付がある。

免状は交付・書換え・再交付を押さえる。

施設手続きと免状手続きを混同しない。

よくある誤りは、施設手続きと免状手続きを混同しない。

法令・制度では「免状の交付・書換え・再交付」「免状」など近い用語とセットで出題されます。定義・数値・主体の違いを表で対比し、免状の交付だけの特徴を一言で言えるようにしてください。

危険物取扱者免状の記載事項に変更があった場合、書換えの手続きが問題となる。

免状を亡失または損傷した場合、再交付が問題となる。

誤り。記載事項変更時に手続きが必要になります場合がある。",免状には交付・書換え・再交付がある。;免状は交付・書換え・再交付を押さえる。,施設手続きと免状手続きを混同しない。,"「免状の交付」は、法令・制度の頻出語です。

整理のコツ：関連する「免状の交付・書換え・再交付」「免状」「書換え」と、「同じ点・違う点」を表に書き出し、免状の交付だけの特徴を一行で言えるようにします。

覚え方：間違えたら「施設手続きと免状手続きを混同しない」のパターンか確認し、同じ型の誤りが出た問題を2問だけ繰り返します。

復習のしかた：丸暗記より、選択肢の「誤り。」の理由を声に出して説明できるかを目標にします。",危険物取扱者免状を亡失した場合の対応について、「免状をなくしても、すべての危険物を自由に扱える。」は正しい。,×。誤り。,免状の交付とは何ですか？,免状の交付は、危険物取扱者免状は、記載事項に変更があった場合の書換えや、紛失等の場合の再交付が問題となる。 たとえば、条文では「消防法で定める」「政令で定める」「施行令で定める」のように、どの法令に書かれているかを選ぶ問題がよく出ます。 試験では、免状には交付・書換え・再交付がある点を押さえると得点源になります。,免状の交付は試験でどんなふうに問われますか？,免状には交付・書換え・再交付がある。免状は交付・書換え・再交付を押さえる。,免状の交付で間違えやすい点は？,施設手続きと免状手続きを混同しない。,免状の交付と「免状の交付・書換え・再交付」「免状」の違いは？,「免状の交付・書換え・再交付」「免状」は意味や数値・適用場面が異なります。用語ページの比較表と演習で、免状の交付だけのポイントを確認してください。
免状の交付・書換え・再交付,めんじょうのこうふ・かきかえ・さいこうふ,法令・制度,法令・制度;乙4;頻出;詳細記事;実践演習連動;一問一答連動,"免状の交付・書換え・再交付は、危険物取扱者免状は、記載事項に変更があった場合の書換えや、紛失等の場合の再交付が問題となる。

たとえば、条文では「消防法で定める」「政令で定める」「施行令で定める」のように、どの法令に書かれているかを選ぶ問題がよく出ます。

試験では、免状には交付・書換え・再交付がある点を押さえると得点源になります。",まず「免状の交付・書換え・再交付」は、危険物取扱者免状は、記載事項に変更があった場合の書換えや、紛失等の場合の再交付が問題となる。施設の設置許可証とは別である。 危険物取扱者免状を亡失した場合には、再交付の手続きが問題となる。施設の許可とは別の手続きである。 法令・制度では「免状」の文脈で繰り返し問われます。,セルフ式給油取扱所の基準;一般取扱所の基準;丙種の違い,消防法,B,免状には交付・書換え・再交付がある。 免状は交付・書換え・再交付を押さえる。 施設手続きと免状手続きを混同しない。 誤り。記載事項変更時に手続きが必要になります場合がある。,免状の交付・書換え・再交付とは？危険物取扱者試験（乙種第4類）で押さえる意味・試験ポイント,このページでは、法令・制度分野の「免状の交付・書換え・再交付」を、試験に出る形で整理します。ひとことで言うと、危険物取扱者免状は、記載事項に変更があった場合の書換えや、紛失等の場合の再交付が問題となる。施設の設置許可証とは別である。下の目次の順に読むと、定義から演習のポイントまでつながって理解できます。,"免状の交付・書換え・再交付は、危険物取扱者免状は、記載事項に変更があった場合の書換えや、紛失等の場合の再交付が問題となる。施設の設置許可証とは別である。 危険物取扱者免状を亡失した場合には、再交付の手続きが問題となる。施設の許可とは別の手続きである。

試験では、免状には交付・書換え・再交付がある。また、免状は交付・書換え・再交付を押さえる点も押さえます。

誤り。記載事項変更時に手続きが必要になります場合がある。

誤り。免状と施設許可証は別である。

誤り。再交付の制度がある。

誤り。乙4は第4類危険物が対象である。

免状には交付・書換え・再交付がある。

免状は交付・書換え・再交付を押さえる。

施設手続きと免状手続きを混同しない。

よくある誤りは、施設手続きと免状手続きを混同しない。

法令・制度では「セルフ式給油取扱所の基準」「一般取扱所の基準」など近い用語とセットで出題されます。定義・数値・主体の違いを表で対比し、免状の交付・書換え・再交付だけの特徴を一言で言えるようにしてください。

危険物取扱者免状の記載事項に変更があった場合、書換えの手続きが問題となる。

免状を亡失または損傷した場合、再交付が問題となる。

誤り。記載事項変更時に手続きが必要になります場合がある。",免状には交付・書換え・再交付がある。;免状は交付・書換え・再交付を押さえる。,施設手続きと免状手続きを混同しない。,"「免状の交付・書換え・再交付」は、法令・制度の頻出語です。

整理のコツ：関連する「セルフ式給油取扱所の基準」「一般取扱所の基準」「丙種の違い」と、「同じ点・違う点」を表に書き出し、免状の交付・書換え・再交付だけの特徴を一行で言えるようにします。

覚え方：間違えたら「施設手続きと免状手続きを混同しない」のパターンか確認し、同じ型の誤りが出た問題を2問だけ繰り返します。

復習のしかた：丸暗記より、選択肢の「誤り。」の理由を声に出して説明できるかを目標にします。",危険物取扱者免状を亡失した場合の対応について、「免状をなくしても、すべての危険物を自由に扱える。」は正しい。,×。誤り。,免状の交付・書換え・再交付とは何ですか？,免状の交付・書換え・再交付は、危険物取扱者免状は、記載事項に変更があった場合の書換えや、紛失等の場合の再交付が問題となる。 たとえば、条文では「消防法で定める」「政令で定める」「施行令で定める」のように、どの法令に書かれているかを選ぶ問題がよく出ます。 試験では、免状には交付・書換え・再交付がある点を押さえると得点源になります。,免状の交付・書換え・再交付は試験でどんなふうに問われますか？,免状には交付・書換え・再交付がある。免状は交付・書換え・再交付を押さえる。,免状の交付・書換え・再交付で間違えやすい点は？,施設手続きと免状手続きを混同しない。,免状の交付・書換え・再交付と「セルフ式給油取扱所の基準」「一般取扱所の基準」の違いは？,「セルフ式給油取扱所の基準」「一般取扱所の基準」は意味や数値・適用場面が異なります。用語ページの比較表と演習で、免状の交付・書換え・再交付だけのポイントを確認してください。
再交付,さいこうふ,法令・制度,法令・制度;乙4;頻出;詳細記事;実践演習連動;一問一答連動,"再交付は、免状を亡失または損傷した場合、再交付が問題となる。

たとえば、条文では「消防法で定める」「政令で定める」「施行令で定める」のように、どの法令に書かれているかを選ぶ問題がよく出ます。

試験では、免状には交付・書換え・再交付がある点を押さえると得点源になります。",まず「再交付」は、免状を亡失または損傷した場合、再交付が問題となる。 危険物取扱者免状を亡失した場合には、再交付の手続きが問題となる。施設の許可とは別の手続きである。 法令・制度では「免状」の文脈で繰り返し問われます。,免状の交付・書換え・再交付;免状;免状の交付,消防法,B,免状には交付・書換え・再交付がある。 免状は交付・書換え・再交付を押さえる。 施設手続きと免状手続きを混同しない。 誤り。記載事項変更時に手続きが必要になります場合がある。,再交付とは？危険物取扱者試験（乙種第4類）で押さえる意味・試験ポイント,このページでは、法令・制度分野の「再交付」を、試験に出る形で整理します。ひとことで言うと、免状を亡失または損傷した場合、再交付が問題となる。下の目次の順に読むと、定義から演習のポイントまでつながって理解できます。,"再交付は、免状を亡失または損傷した場合、再交付が問題となる。 危険物取扱者免状は、記載事項に変更があった場合の書換えや、紛失等の場合の再交付が問題となる。施設の設置許可証とは別である。

試験では、免状には交付・書換え・再交付がある。また、免状は交付・書換え・再交付を押さえる点も押さえます。

誤り。記載事項変更時に手続きが必要になります場合がある。

誤り。免状と施設許可証は別である。

誤り。再交付の制度がある。

誤り。乙4は第4類危険物が対象である。

免状には交付・書換え・再交付がある。

免状は交付・書換え・再交付を押さえる。

施設手続きと免状手続きを混同しない。

よくある誤りは、施設手続きと免状手続きを混同しない。

法令・制度では「免状の交付・書換え・再交付」「免状」など近い用語とセットで出題されます。定義・数値・主体の違いを表で対比し、再交付だけの特徴を一言で言えるようにしてください。

危険物取扱者免状を亡失した場合には、再交付の手続きが問題となる。

危険物取扱者免状の記載事項に変更があった場合、書換えの手続きが問題となる。

誤り。記載事項変更時に手続きが必要になります場合がある。",免状には交付・書換え・再交付がある。;免状は交付・書換え・再交付を押さえる。,施設手続きと免状手続きを混同しない。,"「再交付」は、法令・制度の頻出語です。

整理のコツ：関連する「免状の交付・書換え・再交付」「免状」「免状の交付」と、「同じ点・違う点」を表に書き出し、再交付だけの特徴を一行で言えるようにします。

覚え方：間違えたら「施設手続きと免状手続きを混同しない」のパターンか確認し、同じ型の誤りが出た問題を2問だけ繰り返します。

復習のしかた：丸暗記より、選択肢の「誤り。」の理由を声に出して説明できるかを目標にします。",危険物取扱者免状を亡失した場合の対応について、「免状をなくしても、すべての危険物を自由に扱える。」は正しい。,×。誤り。,再交付とは何ですか？,再交付は、免状を亡失または損傷した場合、再交付が問題となる。 たとえば、条文では「消防法で定める」「政令で定める」「施行令で定める」のように、どの法令に書かれているかを選ぶ問題がよく出ます。 試験では、免状には交付・書換え・再交付がある点を押さえると得点源になります。,再交付は試験でどんなふうに問われますか？,免状には交付・書換え・再交付がある。免状は交付・書換え・再交付を押さえる。,再交付で間違えやすい点は？,施設手続きと免状手続きを混同しない。,再交付と「免状の交付・書換え・再交付」「免状」の違いは？,「免状の交付・書換え・再交付」「免状」は意味や数値・適用場面が異なります。用語ページの比較表と演習で、再交付だけのポイントを確認してください。
冷却消火,れいきゃくしょうか,火災・消火・漏えい,火災・消火・漏えい;乙4;頻出;詳細記事;実践演習連動;一問一答連動,"冷却消火は、燃焼物の温度を下げることで燃焼を止める方法は冷却消火である。

たとえば、危険物の性質（水溶性か、蒸気がたまりやすいか）に合った消火・漏えい対策かどうかが、正誤の判断ポイントになります。

試験では、定義を一文で説明できる点を押さえると得点源になります。",まず「冷却消火」は、燃焼物の温度を下げることで燃焼を止める方法は冷却消火である。 水で燃焼物の温度を下げることは、冷却消火の代表的な考え方である。 火災・消火・漏えいでは「消火」の文脈で繰り返し問われます。,アセトアルデヒド;アセトン;アニリン,,B,水による消火は冷却効果を利用することが多い。 水が常に第4類火災に適切とは限らない。 誤り。可燃物を増やすと燃焼が拡大する。 誤り。静電気は着火源となり得る。,冷却消火とは？危険物取扱者試験（乙種第4類）で押さえる意味・試験ポイント,このページでは、火災・消火・漏えい分野の「冷却消火」を、試験に出る形で整理します。ひとことで言うと、燃焼物の温度を下げることで燃焼を止める方法は冷却消火である。下の目次の順に読むと、定義から演習のポイントまでつながって理解できます。,"冷却消火は、燃焼物の温度を下げることで燃焼を止める方法は冷却消火である。 燃焼している物質の温度を下げ、燃焼を継続できない状態にする消火方法である。

誤り。可燃物を増やすと燃焼が拡大する。

誤り。静電気は着火源となり得る。

誤り。可燃性蒸気をためるのは危険である。

誤り。酸素濃度を高くすると燃焼しやすくなる場合がある。

水による消火は冷却効果を利用することが多い。

水が常に第4類火災に適切とは限らない。

よくある誤りは、水による消火は冷却効果を利用することが多い。水が常に第4類火災に適切とは限らない。

火災・消火・漏えいでは「アセトアルデヒド」「アセトン」など近い用語とセットで出題されます。定義・数値・主体の違いを表で対比し、冷却消火だけの特徴を一言で言えるようにしてください。

水で燃焼物の温度を下げることは、冷却消火の代表的な考え方である。",定義を一文で説明できる。;適用する場面（製造・貯蔵・取扱・消火）を挙げられる。;関連する法令名を意識できる。,水による消火は冷却効果を利用することが多い。;水が常に第4類火災に適切とは限らない。,"「冷却消火」は、火災・消火・漏えいの頻出語です。

整理のコツ：関連する「アセトアルデヒド」「アセトン」「アニリン」と、「同じ点・違う点」を表に書き出し、冷却消火だけの特徴を一行で言えるようにします。

覚え方：間違えたら「水による消火は冷却効果を利用することが多い」のパターンか確認し、同じ型の誤りが出た問題を2問だけ繰り返します。

復習のしかた：丸暗記より、選択肢の「誤り。」の理由を声に出して説明できるかを目標にします。",冷却消火の説明について、「静電気を発生させて燃焼を止める方法である。」は正しい。,×。誤り。,冷却消火とは何ですか？,冷却消火は、燃焼物の温度を下げることで燃焼を止める方法は冷却消火である。 たとえば、危険物の性質（水溶性か、蒸気がたまりやすいか）に合った消火・漏えい対策かどうかが、正誤の判断ポイントになります。 試験では、定義を一文で説明できる点を押さえると得点源になります。,冷却消火は試験でどんなふうに問われますか？,定義を一文で説明できる。適用する場面（製造・貯蔵・取扱・消火）を挙げられる。関連する法令名を意識できる。,冷却消火で間違えやすい点は？,水による消火は冷却効果を利用することが多い。水が常に第4類火災に適切とは限らない。,冷却消火と「アセトアルデヒド」「アセトン」の違いは？,「アセトアルデヒド」「アセトン」は意味や数値・適用場面が異なります。用語ページの比較表と演習で、冷却消火だけのポイントを確認してください。
分類と代表物質の対応,ぶんるいとだいひょうぶっしつのたいおう,火災・消火・漏えい,火災・消火・漏えい;乙4;頻出;詳細記事;実践演習連動;一問一答連動,"分類と代表物質の対応は、ガソリンは第一石油類の代表例である。

たとえば、危険物の性質（水溶性か、蒸気がたまりやすいか）に合った消火・漏えい対策かどうかが、正誤の判断ポイントになります。

試験では、定義を一文で説明できる点を押さえると得点源になります。",まず「分類と代表物質の対応」は、ガソリンは第一石油類の代表例である。灯油は第二石油類、重油は第三石油類、メタノールはアルコール類、ジエチルエーテルは特殊引火物である。 誤り。メタノールはアルコール類である。 ガソリンは第一石油類の代表例である。灯油は第二石油類、重油は第三石油類、メタノールはアルコール類、ジエチルエーテルは特殊引火物である。 火災・消火・漏えいでは「分類比較」の文脈で繰り返し問われます。,アセトアルデヒド;アセトン;アニリン,危険物の規制に関する政令,B,ガソリン・灯油・重油・メタノール・ジエチルエーテルを混同しない。 誤り。重油は第三石油類である。 誤り。灯油は第二石油類である。 誤り。ジエチルエーテルは特殊引火物である。,分類と代表物質の対応とは？危険物取扱者試験（乙種第4類）で押さえる意味・試験ポイント,このページでは、火災・消火・漏えい分野の「分類と代表物質の対応」を、試験に出る形で整理します。ひとことで言うと、ガソリンは第一石油類の代表例である。灯油は第二石油類、重油は第三石油類、メタノールはアルコール類、ジエチルエーテルは特殊引火物である。下の目次の順に読むと、定義から演習のポイントまでつながって理解できます。,"分類と代表物質の対応は、ガソリンは第一石油類の代表例である。灯油は第二石油類、重油は第三石油類、メタノールはアルコール類、ジエチルエーテルは特殊引火物である。

誤り。重油は第三石油類である。

誤り。灯油は第二石油類である。

誤り。ジエチルエーテルは特殊引火物である。

誤り。メタノールはアルコール類である。

ガソリン・灯油・重油・メタノール・ジエチルエーテルを混同しない。

よくある誤りは、ガソリン・灯油・重油・メタノール・ジエチルエーテルを混同しない。

火災・消火・漏えいでは「アセトアルデヒド」「アセトン」など近い用語とセットで出題されます。定義・数値・主体の違いを表で対比し、分類と代表物質の対応だけの特徴を一言で言えるようにしてください。",定義を一文で説明できる。;適用する場面（製造・貯蔵・取扱・消火）を挙げられる。;関連する法令名を意識できる。,ガソリン・灯油・重油・メタノール・ジエチルエーテルを混同しない。,"「分類と代表物質の対応」は、火災・消火・漏えいの頻出語です。

整理のコツ：関連する「アセトアルデヒド」「アセトン」「アニリン」と、「同じ点・違う点」を表に書き出し、分類と代表物質の対応だけの特徴を一行で言えるようにします。

覚え方：間違えたら「ガソリン・灯油・重油・メタノール・ジエチルエーテルを混同しない」のパターンか確認し、同じ型の誤りが出た問題を2問だけ繰り返します。

復習のしかた：丸暗記より、選択肢の「誤り。」の理由を声に出して説明できるかを目標にします。",第4類危険物の分類と代表物質の組合せについて、「第二石油類 — メタノール」は正しい。,×。誤り。,分類と代表物質の対応とは何ですか？,分類と代表物質の対応は、ガソリンは第一石油類の代表例である。 たとえば、危険物の性質（水溶性か、蒸気がたまりやすいか）に合った消火・漏えい対策かどうかが、正誤の判断ポイントになります。 試験では、定義を一文で説明できる点を押さえると得点源になります。,分類と代表物質の対応は試験でどんなふうに問われますか？,定義を一文で説明できる。適用する場面（製造・貯蔵・取扱・消火）を挙げられる。関連する法令名を意識できる。,分類と代表物質の対応で間違えやすい点は？,ガソリン・灯油・重油・メタノール・ジエチルエーテルを混同しない。,分類と代表物質の対応と「アセトアルデヒド」「アセトン」の違いは？,「アセトアルデヒド」「アセトン」は意味や数値・適用場面が異なります。用語ページの比較表と演習で、分類と代表物質の対応だけのポイントを確認してください。
分類比較,ぶんるいひかく,火災・消火・漏えい,火災・消火・漏えい;乙4;頻出;詳細記事;実践演習連動;一問一答連動,"分類比較は、ガソリンは第一石油類の代表例である。

たとえば、危険物の性質（水溶性か、蒸気がたまりやすいか）に合った消火・漏えい対策かどうかが、正誤の判断ポイントになります。

試験では、ガソリンは非水溶性、アセトンは水溶性点を押さえると得点源になります。",まず「分類比較」は、ガソリンは第一石油類の代表例である。灯油は第二石油類、重油は第三石油類、メタノールはアルコール類、ジエチルエーテルは特殊引火物である。 第4類危険物は引火性液体である。第1類は酸化性固体、第2類は可燃性固体、第5類は自己反応性物質、第6類は酸化性液体である。 火災・消火・漏えいでは「分類比較」の文脈で繰り返し問われます。,水溶性・非水溶性の代表例;分類と代表物質の対応;危険物各類の共通性状と第4類の位置づけ,危険物の規制に関する政令,B,ガソリン・灯油・重油・メタノール・ジエチルエーテルを混同しない。 ガソリンは非水溶性、アセトンは水溶性。 水溶性・非水溶性の代表例を整理する。 誤り。重油は第三石油類である。,分類比較とは？危険物取扱者試験（乙種第4類）で押さえる意味・試験ポイント,このページでは、火災・消火・漏えい分野の「分類比較」を、試験に出る形で整理します。ひとことで言うと、ガソリンは第一石油類の代表例である。灯油は第二石油類、重油は第三石油類、メタノールはアルコール類、ジエチルエーテルは特殊引火物である。下の目次の順に読むと、定義から演習のポイントまでつながって理解できます。,"分類比較は、ガソリンは第一石油類の代表例である。灯油は第二石油類、重油は第三石油類、メタノールはアルコール類、ジエチルエーテルは特殊引火物である。 第4類危険物は引火性液体である。第1類は酸化性固体、第2類は可燃性固体、第5類は自己反応性物質、第6類は酸化性液体である。

試験では、ガソリンは非水溶性、アセトンは水溶性。また、アセトン・メタノール・エタノールは水溶性点も押さえます。

誤り。重油は第三石油類である。

誤り。灯油は第二石油類である。

誤り。ジエチルエーテルは特殊引火物である。

誤り。メタノールはアルコール類である。

ガソリン・灯油・重油・メタノール・ジエチルエーテルを混同しない。

ガソリンは非水溶性、アセトンは水溶性。

水溶性・非水溶性の代表例を整理する。

よくある誤りは、ガソリン・灯油・重油・メタノール・ジエチルエーテルを混同しない。水溶性・非水溶性の代表例を整理する。

火災・消火・漏えいでは「水溶性・非水溶性の代表例」「分類と代表物質の対応」など近い用語とセットで出題されます。定義・数値・主体の違いを表で対比し、分類比較だけの特徴を一言で言えるようにしてください。

引火点は、第4類危険物の分類や危険性を理解するうえで重要な性質である。

発火点は、火源がなくても物質が発火する最低温度である。

火源を近づけて引火する最低温度は引火点である。",ガソリンは非水溶性、アセトンは水溶性。;アセトン・メタノール・エタノールは水溶性。,ガソリン・灯油・重油・メタノール・ジエチルエーテルを混同しない。;水溶性・非水溶性の代表例を整理する。,"「分類比較」は、火災・消火・漏えいの頻出語です。

整理のコツ：関連する「水溶性・非水溶性の代表例」「分類と代表物質の対応」「危険物各類の共通性状と第4類の位置づけ」と、「同じ点・違う点」を表に書き出し、分類比較だけの特徴を一行で言えるようにします。

覚え方：間違えたら「ガソリン・灯油・重油・メタノール・ジエチルエーテルを混同しない」のパターンか確認し、同じ型の誤りが出た問題を2問だけ繰り返します。

復習のしかた：丸暗記より、選択肢の「誤り。」の理由を声に出して説明できるかを目標にします。",危険物の類別と性状の組合せについて、「第4類 — 引火性液体」は正しい。,○。正しい。,分類比較とは何ですか？,分類比較は、ガソリンは第一石油類の代表例である。 たとえば、危険物の性質（水溶性か、蒸気がたまりやすいか）に合った消火・漏えい対策かどうかが、正誤の判断ポイントになります。 試験では、ガソリンは非水溶性、アセトンは水溶性点を押さえると得点源になります。,分類比較は試験でどんなふうに問われますか？,ガソリンは非水溶性、アセトンは水溶性。アセトン・メタノール・エタノールは水溶性。,分類比較で間違えやすい点は？,ガソリン・灯油・重油・メタノール・ジエチルエーテルを混同しない。水溶性・非水溶性の代表例を整理する。,分類比較と「水溶性・非水溶性の代表例」「分類と代表物質の対応」の違いは？,「水溶性・非水溶性の代表例」「分類と代表物質の対応」は意味や数値・適用場面が異なります。用語ページの比較表と演習で、分類比較だけのポイントを確認してください。
動植物油類,どうしょくぶつゆるい,火災・消火・漏えい,火災・消火・漏えい;乙4;頻出;詳細記事;実践演習連動;一問一答連動,"動植物油類は、動植物油類では、油を含んだ布などが酸化熱を蓄積し、自然発火するおそれがある。

たとえば、危険物の性質（水溶性か、蒸気がたまりやすいか）に合った消火・漏えい対策かどうかが、正誤の判断ポイントになります。

試験では、動植物油類は10,000 L。油を含んだ布の蓄熱にも注意点を押さえると得点源になります。",まず「動植物油類」は、動植物油類では、油を含んだ布などが酸化熱を蓄積し、自然発火するおそれがある。 菜種油などの植物油は動植物油類に当てはまる。 火災・消火・漏えいでは「動植物油類」の文脈で繰り返し問われます。,動植物油類の性質;乾性油・自然発火;乾性油,危険物の規制に関する政令,B,"食用油でも危険物として扱われる場合がある。 動植物油類は10,000 L。油を含んだ布の蓄熱にも注意。 指定数量だけでなく、自然発火の論点も問われる。 誤り。アセトンは第一石油類である。",動植物油類とは？危険物取扱者試験（乙種第4類）で押さえる意味・試験ポイント,このページでは、火災・消火・漏えい分野の「動植物油類」を、試験に出る形で整理します。ひとことで言うと、動植物油類では、油を含んだ布などが酸化熱を蓄積し、自然発火するおそれがある。下の目次の順に読むと、定義から演習のポイントまでつながって理解できます。,"動植物油類は、動植物油類では、油を含んだ布などが酸化熱を蓄積し、自然発火するおそれがある。 大豆油などの動植物油は、動植物油類として扱われる。ガソリン、ジエチルエーテル、メタノール、アセトンとは分類が異なる。

試験では、動植物油類は10,000 L。油を含んだ布の蓄熱にも注意点が問われます。

誤り。アセトンは第一石油類である。

誤り。ガソリンは第一石油類である。

誤り。メタノールはアルコール類である。

誤り。ジエチルエーテルは特殊引火物である。

食用油でも危険物として扱われる場合がある。

動植物油類は10,000 L。油を含んだ布の蓄熱にも注意。

指定数量だけでなく、自然発火の論点も問われる。

よくある誤りは、食用油でも危険物として扱われる場合がある。指定数量だけでなく、自然発火の論点も問われる。食用油でも危険物分類の対象になり得る。

火災・消火・漏えいでは「動植物油類の性質」「乾性油・自然発火」など近い用語とセットで出題されます。定義・数値・主体の違いを表で対比し、動植物油類だけの特徴を一言で言えるようにしてください。

菜種油などの植物油は動植物油類に当てはまる。

動植物油類の指定数量は10,000 Lである。

また、油を含んだ布などは酸化熱の蓄積により自然発火するおそれがあるため注意が必要である。","動植物油類は10,000 L。油を含んだ布の蓄熱にも注意。",食用油でも危険物として扱われる場合がある。;指定数量だけでなく、自然発火の論点も問われる。;食用油でも危険物分類の対象になり得る。;食用油でも危険物分類に入る場合がある。;動植物油類を安全な食用品とだけ考えない。,"「動植物油類」は、火災・消火・漏えいの頻出語です。

整理のコツ：関連する「動植物油類の性質」「乾性油・自然発火」「乾性油」と、「同じ点・違う点」を表に書き出し、動植物油類だけの特徴を一行で言えるようにします。

覚え方：間違えたら「食用油でも危険物として扱われる場合がある」のパターンか確認し、同じ型の誤りが出た問題を2問だけ繰り返します。

復習のしかた：丸暗記より、選択肢の「誤り。」の理由を声に出して説明できるかを目標にします。",動植物油類に該当するものとして、適切なものについて、「大豆油」は正しい。,○。正しい。,動植物油類とは何ですか？,"動植物油類は、動植物油類では、油を含んだ布などが酸化熱を蓄積し、自然発火するおそれがある。 たとえば、危険物の性質（水溶性か、蒸気がたまりやすいか）に合った消火・漏えい対策かどうかが、正誤の判断ポイントになります。 試験では、動植物油類は10,000 L。油を含んだ布の蓄熱にも注意点を押さえると得点源になります。",動植物油類は試験でどんなふうに問われますか？,"動植物油類は10,000 L。油を含んだ布の蓄熱にも注意。",動植物油類で間違えやすい点は？,食用油でも危険物として扱われる場合がある。指定数量だけでなく、自然発火の論点も問われる。,動植物油類と「動植物油類の性質」「乾性油・自然発火」の違いは？,「動植物油類の性質」「乾性油・自然発火」は意味や数値・適用場面が異なります。用語ページの比較表と演習で、動植物油類だけのポイントを確認してください。
動植物油類の性質,どうしょくぶつゆるいのせいしつ,火災・消火・漏えい,火災・消火・漏えい;乙4;頻出;詳細記事;実践演習連動;一問一答連動,"動植物油類の性質は、大豆油などの動植物油は、動植物油類として扱われる。

たとえば、危険物の性質（水溶性か、蒸気がたまりやすいか）に合った消火・漏えい対策かどうかが、正誤の判断ポイントになります。

試験では、動植物油類は10,000 L。油を含んだ布の蓄熱にも注意点を押さえると得点源になります。",まず「動植物油類の性質」は、大豆油などの動植物油は、動植物油類として扱われる。ガソリン、ジエチルエーテル、メタノール、アセトンとは分類が異なる。 菜種油などの植物油は動植物油類に当てはまる。 火災・消火・漏えいでは「動植物油類」の文脈で繰り返し問われます。,アセトアルデヒド;アセトン;アニリン,危険物の規制に関する政令,B,"食用油でも危険物として扱われる場合がある。 動植物油類は10,000 L。油を含んだ布の蓄熱にも注意。 指定数量だけでなく、自然発火の論点も問われる。 誤り。アセトンは第一石油類である。",動植物油類の性質とは？危険物取扱者試験（乙種第4類）で押さえる意味・試験ポイント,このページでは、火災・消火・漏えい分野の「動植物油類の性質」を、試験に出る形で整理します。ひとことで言うと、大豆油などの動植物油は、動植物油類として扱われる。ガソリン、ジエチルエーテル、メタノール、アセトンとは分類が異なる。下の目次の順に読むと、定義から演習のポイントまでつながって理解できます。,"動植物油類の性質は、大豆油などの動植物油は、動植物油類として扱われる。ガソリン、ジエチルエーテル、メタノール、アセトンとは分類が異なる。 菜種油などの植物油は動植物油類に当てはまる。

試験では、動植物油類は10,000 L。油を含んだ布の蓄熱にも注意点が問われます。

誤り。アセトンは第一石油類である。

誤り。ガソリンは第一石油類である。

誤り。メタノールはアルコール類である。

誤り。ジエチルエーテルは特殊引火物である。

食用油でも危険物として扱われる場合がある。

動植物油類は10,000 L。油を含んだ布の蓄熱にも注意。

指定数量だけでなく、自然発火の論点も問われる。

よくある誤りは、食用油でも危険物として扱われる場合がある。指定数量だけでなく、自然発火の論点も問われる。食用油でも危険物分類の対象になり得る。

火災・消火・漏えいでは「アセトアルデヒド」「アセトン」など近い用語とセットで出題されます。定義・数値・主体の違いを表で対比し、動植物油類の性質だけの特徴を一言で言えるようにしてください。

動植物油類の指定数量は10,000 Lである。

また、油を含んだ布などは酸化熱の蓄積により自然発火するおそれがあるため注意が必要である。","動植物油類は10,000 L。油を含んだ布の蓄熱にも注意。",食用油でも危険物として扱われる場合がある。;指定数量だけでなく、自然発火の論点も問われる。;食用油でも危険物分類の対象になり得る。;食用油でも危険物分類に入る場合がある。,"「動植物油類の性質」は、火災・消火・漏えいの頻出語です。

整理のコツ：関連する「アセトアルデヒド」「アセトン」「アニリン」と、「同じ点・違う点」を表に書き出し、動植物油類の性質だけの特徴を一行で言えるようにします。

覚え方：間違えたら「食用油でも危険物として扱われる場合がある」のパターンか確認し、同じ型の誤りが出た問題を2問だけ繰り返します。

復習のしかた：丸暗記より、選択肢の「誤り。」の理由を声に出して説明できるかを目標にします。",動植物油類に該当するものとして、適切なものについて、「大豆油」は正しい。,○。正しい。,動植物油類の性質とは何ですか？,"動植物油類の性質は、大豆油などの動植物油は、動植物油類として扱われる。 たとえば、危険物の性質（水溶性か、蒸気がたまりやすいか）に合った消火・漏えい対策かどうかが、正誤の判断ポイントになります。 試験では、動植物油類は10,000 L。油を含んだ布の蓄熱にも注意点を押さえると得点源になります。",動植物油類の性質は試験でどんなふうに問われますか？,"動植物油類は10,000 L。油を含んだ布の蓄熱にも注意。",動植物油類の性質で間違えやすい点は？,食用油でも危険物として扱われる場合がある。指定数量だけでなく、自然発火の論点も問われる。,動植物油類の性質と「アセトアルデヒド」「アセトン」の違いは？,「アセトアルデヒド」「アセトン」は意味や数値・適用場面が異なります。用語ページの比較表と演習で、動植物油類の性質だけのポイントを確認してください。
化合物,かごうぶつ,物性・化学,物性・化学;乙4;頻出;詳細記事;実践演習連動;一問一答連動,"化合物は、混合物は、複数の物質が混じり合ったものである。

たとえば、引火点・沸点・密度など、数字と単位をセットで覚えると、選択肢の数値の当たり外れを見分けやすくなります。

試験では、定義を一文で説明できる点を押さえると得点源になります。",まず「化合物」は、混合物は、複数の物質が混じり合ったものである。化合物とは異なる。 単体は、1種類の元素からできている物質である。 物性・化学では「物質の構成」の文脈で繰り返し問われます。,物質の構成;単体・化合物・混合物;混合物,,B,誤り。免状分類ではない。 誤り。温度単位ではない。 誤り。単体の説明である。,化合物とは？危険物取扱者試験（乙種第4類）で押さえる意味・試験ポイント,このページでは、物性・化学分野の「化合物」を、試験に出る形で整理します。ひとことで言うと、混合物は、複数の物質が混じり合ったものである。化合物とは異なる。下の目次の順に読むと、定義から演習のポイントまでつながって理解できます。,"化合物は、混合物は、複数の物質が混じり合ったものである。化合物とは異なる。 単体は、1種類の元素からできている物質である。

誤り。免状分類ではない。

誤り。温度単位ではない。

誤り。単体の説明である。

誤り。混じっただけでは必ず化学反応が起きるわけではない。

物性・化学では「物質の構成」「単体・化合物・混合物」など近い用語とセットで出題されます。定義・数値・主体の違いを表で対比し、化合物だけの特徴を一言で言えるようにしてください。",定義を一文で説明できる。;適用する場面（製造・貯蔵・取扱・消火）を挙げられる。;関連する法令名を意識できる。,類似語と混同する。;数字や条件を取り違える。;すべての危険物に当てはめる。,"「化合物」は、物性・化学の頻出語です。

整理のコツ：関連する「物質の構成」「単体・化合物・混合物」「混合物」と、「同じ点・違う点」を表に書き出し、化合物だけの特徴を一行で言えるようにします。

覚え方：間違えたら「類似語と混同する」のパターンか確認し、同じ型の誤りが出た問題を2問だけ繰り返します。

復習のしかた：丸暗記より、選択肢の「誤り。」の理由を声に出して説明できるかを目標にします。",混合物について、「必ず化学反応で新しい物質になる。」は正しい。,×。誤り。,化合物とは何ですか？,化合物は、混合物は、複数の物質が混じり合ったものである。 たとえば、引火点・沸点・密度など、数字と単位をセットで覚えると、選択肢の数値の当たり外れを見分けやすくなります。 試験では、定義を一文で説明できる点を押さえると得点源になります。,化合物は試験でどんなふうに問われますか？,定義を一文で説明できる。適用する場面（製造・貯蔵・取扱・消火）を挙げられる。関連する法令名を意識できる。,化合物で間違えやすい点は？,類似語と混同する。数字や条件を取り違える。,化合物と「物質の構成」「単体・化合物・混合物」の違いは？,「物質の構成」「単体・化合物・混合物」は意味や数値・適用場面が異なります。用語ページの比較表と演習で、化合物だけのポイントを確認してください。
化学反応,かがくはんのう,物性・化学,物性・化学;乙4;頻出;詳細記事;実践演習連動;一問一答連動,"化学反応は、化学反応式は、化学反応を化学式を用いて表したものである。

たとえば、引火点・沸点・密度など、数字と単位をセットで覚えると、選択肢の数値の当たり外れを見分けやすくなります。

試験では、定義を一文で説明できる点を押さえると得点源になります。",まず「化学反応」は、化学反応式は、化学反応を化学式を用いて表したものである。 化学変化は、物質が反応して別の物質になる変化である。燃焼は化学変化の例である。氷が溶ける、水が蒸発するなどは物理変化である。 物性・化学では「化学反応」の文脈で繰り返し問われます。,化学変化と物理変化;化学反応式;質量保存の法則,,B,燃焼で物質が見えなくなっても質量の考え方は残る。 誤り。避難経路図ではない。 誤り。色だけを記録する表ではない。 誤り。器具ではない。,化学反応とは？危険物取扱者試験（乙種第4類）で押さえる意味・試験ポイント,このページでは、物性・化学分野の「化学反応」を、試験に出る形で整理します。ひとことで言うと、化学反応式は、化学反応を化学式を用いて表したものである。下の目次の順に読むと、定義から演習のポイントまでつながって理解できます。,"化学反応は、化学反応式は、化学反応を化学式を用いて表したものである。 化学反応式は、化学反応を化学式を用いて表したものである。反応前後の物質の関係を示す。

誤り。避難経路図ではない。

誤り。色だけを記録する表ではない。

誤り。器具ではない。

誤り。施設住所一覧ではない。

燃焼で物質が見えなくなっても質量の考え方は残る。

よくある誤りは、燃焼で物質が見えなくなっても質量の考え方は残る。

物性・化学では「化学変化と物理変化」「化学反応式」など近い用語とセットで出題されます。定義・数値・主体の違いを表で対比し、化学反応だけの特徴を一言で言えるようにしてください。

化学変化は、物質が反応して別の物質になる変化である。

氷が溶ける、水が蒸発するなどは物理変化である。

質量保存の法則は、化学反応の前後で反応に関わる物質全体の質量が保存されるという法則である。

発熱反応は、反応に伴って熱を放出する反応である。",定義を一文で説明できる。;適用する場面（製造・貯蔵・取扱・消火）を挙げられる。;関連する法令名を意識できる。,燃焼で物質が見えなくなっても質量の考え方は残る。,"「化学反応」は、物性・化学の頻出語です。

整理のコツ：関連する「化学変化と物理変化」「化学反応式」「質量保存の法則」と、「同じ点・違う点」を表に書き出し、化学反応だけの特徴を一行で言えるようにします。

覚え方：間違えたら「燃焼で物質が見えなくなっても質量の考え方は残る」のパターンか確認し、同じ型の誤りが出た問題を2問だけ繰り返します。

復習のしかた：丸暗記より、選択肢の「誤り。」の理由を声に出して説明できるかを目標にします。",化学反応式について、「物質の色だけを記録する表である。」は正しい。,×。誤り。,化学反応とは何ですか？,化学反応は、化学反応式は、化学反応を化学式を用いて表したものである。 たとえば、引火点・沸点・密度など、数字と単位をセットで覚えると、選択肢の数値の当たり外れを見分けやすくなります。 試験では、定義を一文で説明できる点を押さえると得点源になります。,化学反応は試験でどんなふうに問われますか？,定義を一文で説明できる。適用する場面（製造・貯蔵・取扱・消火）を挙げられる。関連する法令名を意識できる。,化学反応で間違えやすい点は？,燃焼で物質が見えなくなっても質量の考え方は残る。,化学反応と「化学変化と物理変化」「化学反応式」の違いは？,「化学変化と物理変化」「化学反応式」は意味や数値・適用場面が異なります。用語ページの比較表と演習で、化学反応だけのポイントを確認してください。
化学反応式,かがくはんのうしき,物性・化学,物性・化学;乙4;頻出;詳細記事;実践演習連動;一問一答連動,"化学反応式は、化学反応を化学式を用いて表したものである。

たとえば、引火点・沸点・密度など、数字と単位をセットで覚えると、選択肢の数値の当たり外れを見分けやすくなります。

試験では、定義を一文で説明できる点を押さえると得点源になります。",まず「化学反応式」は、化学反応を化学式を用いて表したものである。反応前後の物質の関係を示す。 誤り。色だけを記録する表ではない。 化学反応式は、化学反応を化学式を用いて表したものである。反応前後の物質の関係を示す。 物性・化学では「化学反応」の文脈で繰り返し問われます。,pH;アルカリの性質;アルコール類の基礎,,B,誤り。避難経路図ではない。 誤り。色だけを記録する表ではない。 誤り。器具ではない。,化学反応式とは？危険物取扱者試験（乙種第4類）で押さえる意味・試験ポイント,このページでは、物性・化学分野の「化学反応式」を、試験に出る形で整理します。ひとことで言うと、化学反応を化学式を用いて表したものである。反応前後の物質の関係を示す。下の目次の順に読むと、定義から演習のポイントまでつながって理解できます。,"化学反応式は、化学反応を化学式を用いて表したものである。反応前後の物質の関係を示す。

誤り。避難経路図ではない。

誤り。色だけを記録する表ではない。

誤り。器具ではない。

誤り。施設住所一覧ではない。

物性・化学では「pH」「アルカリの性質」など近い用語とセットで出題されます。定義・数値・主体の違いを表で対比し、化学反応式だけの特徴を一言で言えるようにしてください。",定義を一文で説明できる。;適用する場面（製造・貯蔵・取扱・消火）を挙げられる。;関連する法令名を意識できる。,類似語と混同する。;数字や条件を取り違える。;すべての危険物に当てはめる。,"「化学反応式」は、物性・化学の頻出語です。

整理のコツ：関連する「pH」「アルカリの性質」「アルコール類の基礎」と、「同じ点・違う点」を表に書き出し、化学反応式だけの特徴を一行で言えるようにします。

覚え方：間違えたら「類似語と混同する」のパターンか確認し、同じ型の誤りが出た問題を2問だけ繰り返します。

復習のしかた：丸暗記より、選択肢の「誤り。」の理由を声に出して説明できるかを目標にします。",化学反応式について、「物質の色だけを記録する表である。」は正しい。,×。誤り。,化学反応式とは何ですか？,化学反応式は、化学反応を化学式を用いて表したものである。 たとえば、引火点・沸点・密度など、数字と単位をセットで覚えると、選択肢の数値の当たり外れを見分けやすくなります。 試験では、定義を一文で説明できる点を押さえると得点源になります。,化学反応式は試験でどんなふうに問われますか？,定義を一文で説明できる。適用する場面（製造・貯蔵・取扱・消火）を挙げられる。関連する法令名を意識できる。,化学反応式で間違えやすい点は？,類似語と混同する。数字や条件を取り違える。,化学反応式と「pH」「アルカリの性質」の違いは？,「pH」「アルカリの性質」は意味や数値・適用場面が異なります。用語ページの比較表と演習で、化学反応式だけのポイントを確認してください。
化学変化と物理変化,かがくへんかとぶつりへんか,物性・化学,物性・化学;乙4;頻出;詳細記事;実践演習連動;一問一答連動,"化学変化と物理変化は、化学変化は、物質が反応して別の物質になる変化である。

たとえば、引火点・沸点・密度など、数字と単位をセットで覚えると、選択肢の数値の当たり外れを見分けやすくなります。

試験では、定義を一文で説明できる点を押さえると得点源になります。",まず「化学変化と物理変化」は、化学変化は、物質が反応して別の物質になる変化である。燃焼は化学変化の例である。氷が溶ける、水が蒸発するなどは物理変化である。 氷が溶けて水になるのは状態変化であり、物理変化である。燃焼やさびは化学変化である。 物性・化学では「化学反応」の文脈で繰り返し問われます。,pH;アルカリの性質;アルコール類の基礎,,B,誤り。形が変わるだけで物理変化である。 誤り。状態変化であり、物理変化である。 誤り。溶解は通常、物理変化として扱う。,化学変化と物理変化とは？危険物取扱者試験（乙種第4類）で押さえる意味・試験ポイント,このページでは、物性・化学分野の「化学変化と物理変化」を、試験に出る形で整理します。ひとことで言うと、化学変化は、物質が反応して別の物質になる変化である。燃焼は化学変化の例である。氷が溶ける、水が蒸発するなどは物理変化である。下の目次の順に読むと、定義から演習のポイントまでつながって理解できます。,"化学変化と物理変化は、化学変化は、物質が反応して別の物質になる変化である。燃焼は化学変化の例である。氷が溶ける、水が蒸発するなどは物理変化である。 氷が溶けて水になるのは状態変化であり、物理変化である。燃焼やさびは化学変化である。

誤り。形が変わるだけで物理変化である。

誤り。状態変化であり、物理変化である。

誤り。溶解は通常、物理変化として扱う。

誤り。燃焼は化学変化である。

物性・化学では「pH」「アルカリの性質」など近い用語とセットで出題されます。定義・数値・主体の違いを表で対比し、化学変化と物理変化だけの特徴を一言で言えるようにしてください。

紙が燃えると別の物質を生じるため、化学変化である。

化学変化は、反応によって別の物質が生じる変化である。",定義を一文で説明できる。;適用する場面（製造・貯蔵・取扱・消火）を挙げられる。;関連する法令名を意識できる。,類似語と混同する。;数字や条件を取り違える。;すべての危険物に当てはめる。,"「化学変化と物理変化」は、物性・化学の頻出語です。

整理のコツ：関連する「pH」「アルカリの性質」「アルコール類の基礎」と、「同じ点・違う点」を表に書き出し、化学変化と物理変化だけの特徴を一行で言えるようにします。

覚え方：間違えたら「類似語と混同する」のパターンか確認し、同じ型の誤りが出た問題を2問だけ繰り返します。

復習のしかた：丸暗記より、選択肢の「誤り。」の理由を声に出して説明できるかを目標にします。",化学変化に該当するものについて、「物質が燃焼して別の物質を生じる。」は正しい。,○。正しい。,化学変化と物理変化とは何ですか？,化学変化と物理変化は、化学変化は、物質が反応して別の物質になる変化である。 たとえば、引火点・沸点・密度など、数字と単位をセットで覚えると、選択肢の数値の当たり外れを見分けやすくなります。 試験では、定義を一文で説明できる点を押さえると得点源になります。,化学変化と物理変化は試験でどんなふうに問われますか？,定義を一文で説明できる。適用する場面（製造・貯蔵・取扱・消火）を挙げられる。関連する法令名を意識できる。,化学変化と物理変化で間違えやすい点は？,類似語と混同する。数字や条件を取り違える。,化学変化と物理変化と「pH」「アルカリの性質」の違いは？,「pH」「アルカリの性質」は意味や数値・適用場面が異なります。用語ページの比較表と演習で、化学変化と物理変化だけのポイントを確認してください。
単体・化合物・混合物,たんたい・かごうぶつ・こんごうぶつ,物性・化学,物性・化学;乙4;頻出;詳細記事;実践演習連動;一問一答連動,"単体・化合物・混合物は、混合物は、複数の物質が混じり合ったものである。

たとえば、引火点・沸点・密度など、数字と単位をセットで覚えると、選択肢の数値の当たり外れを見分けやすくなります。

試験では、定義を一文で説明できる点を押さえると得点源になります。",まず「単体・化合物・混合物」は、混合物は、複数の物質が混じり合ったものである。化合物とは異なる。 単体は、1種類の元素からできている物質である。 物性・化学では「物質の構成」の文脈で繰り返し問われます。,pH;アルカリの性質;アルコール類の基礎,,B,誤り。免状分類ではない。 誤り。温度単位ではない。 誤り。単体の説明である。,単体・化合物・混合物とは？危険物取扱者試験（乙種第4類）で押さえる意味・試験ポイント,このページでは、物性・化学分野の「単体・化合物・混合物」を、試験に出る形で整理します。ひとことで言うと、混合物は、複数の物質が混じり合ったものである。化合物とは異なる。下の目次の順に読むと、定義から演習のポイントまでつながって理解できます。,"単体・化合物・混合物は、混合物は、複数の物質が混じり合ったものである。化合物とは異なる。 単体は、1種類の元素からできている物質である。

誤り。免状分類ではない。

誤り。温度単位ではない。

誤り。単体の説明である。

誤り。混じっただけでは必ず化学反応が起きるわけではない。

物性・化学では「pH」「アルカリの性質」など近い用語とセットで出題されます。定義・数値・主体の違いを表で対比し、単体・化合物・混合物だけの特徴を一言で言えるようにしてください。",定義を一文で説明できる。;適用する場面（製造・貯蔵・取扱・消火）を挙げられる。;関連する法令名を意識できる。,類似語と混同する。;数字や条件を取り違える。;すべての危険物に当てはめる。,"「単体・化合物・混合物」は、物性・化学の頻出語です。

整理のコツ：関連する「pH」「アルカリの性質」「アルコール類の基礎」と、「同じ点・違う点」を表に書き出し、単体・化合物・混合物だけの特徴を一行で言えるようにします。

覚え方：間違えたら「類似語と混同する」のパターンか確認し、同じ型の誤りが出た問題を2問だけ繰り返します。

復習のしかた：丸暗記より、選択肢の「誤り。」の理由を声に出して説明できるかを目標にします。",混合物について、「必ず化学反応で新しい物質になる。」は正しい。,×。誤り。,単体・化合物・混合物とは何ですか？,単体・化合物・混合物は、混合物は、複数の物質が混じり合ったものである。 たとえば、引火点・沸点・密度など、数字と単位をセットで覚えると、選択肢の数値の当たり外れを見分けやすくなります。 試験では、定義を一文で説明できる点を押さえると得点源になります。,単体・化合物・混合物は試験でどんなふうに問われますか？,定義を一文で説明できる。適用する場面（製造・貯蔵・取扱・消火）を挙げられる。関連する法令名を意識できる。,単体・化合物・混合物で間違えやすい点は？,類似語と混同する。数字や条件を取り違える。,単体・化合物・混合物と「pH」「アルカリの性質」の違いは？,「pH」「アルカリの性質」は意味や数値・適用場面が異なります。用語ページの比較表と演習で、単体・化合物・混合物だけのポイントを確認してください。
危険物,きけんぶつ,法令・制度,法令・制度;乙4;頻出;詳細記事;実践演習連動;一問一答連動,"危険物は、消防法上の危険物は、消防法別表第一の品名欄に掲げる物品で、同表の区分に応じた性状を有するものを指します。

たとえば、ガソリン（非水溶性）は200 L、アセトン（水溶性）は400 Lのように、品名ごとに数値が決まります。

試験では、危険物は消防法別表第一を基準に判断する点を押さえると得点源になります。",まず「危険物」は、消防法上の危険物は、消防法別表第一の品名欄に掲げる物品で、同表の区分に応じた性状を有するものを指します。 乙種第4類は第4類危険物を対象とし、第4類危険物は引火性液体である。 法令・制度では「指定数量」の文脈で繰り返し問われます。,指定数量;第4類危険物の指定数量;危険物保安監督者,消防法;危険物の規制に関する政令,B,危険物は消防法別表第一を基準に判断する。 乙4は第4類危険物、すなわち引火性液体を扱う。 第1類から第6類の性質を混同しない。 誤り。毒性の有無だけで消防法上の危険物になるわけではない。,危険物とは？危険物取扱者試験（乙種第4類）で押さえる意味・試験ポイント,このページでは、法令・制度分野の「危険物」を、試験に出る形で整理します。ひとことで言うと、消防法上の危険物は、消防法別表第一の品名欄に掲げる物品で、同表の区分に応じた性状を有するものを指します。下の目次の順に読むと、定義から演習のポイントまでつながって理解できます。,"危険物は、消防法上の危険物は、消防法別表第一の品名欄に掲げる物品で、同表の区分に応じた性状を有するものを指します。 消防法上の危険物は、消防法別表第一の品名欄に掲げる物品で、同表の区分に応じた性状を有するものを指します。すべての可燃物や液体可燃物が危険物になるわけではない。

試験では、危険物は消防法別表第一を基準に判断する。乙4は第4類危険物、すなわち引火性液体を扱う。保安監督者は取扱作業の保安監督に関係する。また、第4類は引火性液体。第3類は自然発火性物質及び禁水性物質点も押さえます。

誤り。毒性の有無だけで消防法上の危険物になるわけではない。

誤り。危険物は第1類から第6類まであり、液体の可燃物だけではない。

誤り。煙を出すかどうかは消防法上の危険物の定義ではない。

誤り。すべての可燃物が消防法上の危険物に当てはまるわけではない。

危険物は消防法別表第一を基準に判断する。

乙4は第4類危険物、すなわち引火性液体を扱う。

第1類から第6類の性質を混同しない。

よくある誤りは、第1類から第6類の性質を混同しない。名称から何でも管理する責任者と広げすぎない。名称だけで施設全体の統括者と混同しない。

法令・制度では「指定数量」「第4類危険物の指定数量」など近い用語とセットで出題されます。定義・数値・主体の違いを表で対比し、危険物だけの特徴を一言で言えるようにしてください。

乙種第4類は第4類危険物を対象とし、第4類危険物は引火性液体である。

危険物保安監督者は、危険物の取扱作業に関する保安の監督に関係する。

試験問題作成や価格決定を行う者ではない。

誤り。すべての可燃物が消防法上の危険物に当てはまるわけではない。",危険物は消防法別表第一を基準に判断する。;乙4は第4類危険物、すなわち引火性液体を扱う。;保安監督者は取扱作業の保安監督に関係する。;第4類は引火性液体。第3類は自然発火性物質及び禁水性物質。;ガソリンは第1石油類の非水溶性液体、指定数量は200 L。;危険物保安監督者は施設の保安管理上重要。;貯蔵・取扱いでは、火気・漏えい・混触・温度に注意する。;保安統括管理者は事業所全体の保安管理に関係する。,第1類から第6類の性質を混同しない。;名称から何でも管理する責任者と広げすぎない。;名称だけで施設全体の統括者と混同しない。;甲種のように全類を扱えるわけではない。;酸化性液体や酸化性固体と混同しない。,"「危険物」は、法令・制度の頻出語です。

整理のコツ：関連する「指定数量」「第4類危険物の指定数量」「危険物保安監督者」と、「同じ点・違う点」を表に書き出し、危険物だけの特徴を一行で言えるようにします。

覚え方：間違えたら「第1類から第6類の性質を混同しない」のパターンか確認し、同じ型の誤りが出た問題を2問だけ繰り返します。

復習のしかた：丸暗記より、選択肢の「誤り。」の理由を声に出して説明できるかを目標にします。",消防法上の危険物について、「消防法上の危険物とは、火災時に煙を出す物質をいう。」は正しい。,×。誤り。,危険物とは何ですか？,危険物は、消防法上の危険物は、消防法別表第一の品名欄に掲げる物品で、同表の区分に応じた性状を有するものを指します。 たとえば、ガソリン（非水溶性）は200 L、アセトン（水溶性）は400 Lのように、品名ごとに数値が決まります。 試験では、危険物は消防法別表第一を基準に判断する点を押さえると得点源になります。,危険物は試験でどんなふうに問われますか？,危険物は消防法別表第一を基準に判断する。乙4は第4類危険物、すなわち引火性液体を扱う。保安監督者は取扱作業の保安監督に関係する。,危険物で間違えやすい点は？,第1類から第6類の性質を混同しない。名称から何でも管理する責任者と広げすぎない。,危険物と「指定数量」「第4類危険物の指定数量」の違いは？,「指定数量」「第4類危険物の指定数量」は意味や数値・適用場面が異なります。用語ページの比較表と演習で、危険物だけのポイントを確認してください。
危険物の分類,きけんぶつのぶんるい,法令・制度,法令・制度;乙4;頻出;詳細記事;実践演習連動;一問一答連動,"危険物の分類は、消防法上の危険物は第1類から第6類に分かれる。

たとえば、条文では「消防法で定める」「政令で定める」「施行令で定める」のように、どの法令に書かれているかを選ぶ問題がよく出ます。

試験では、第4類は引火性液体。第3類は自然発火性物質及び禁水性物質点を押さえると得点源になります。",まず「危険物の分類」は、消防法上の危険物は第1類から第6類に分かれる。第3類は自然発火性物質及び禁水性物質、第4類は引火性液体である。 正しい。第3類は自然発火性物質及び禁水性物質である。 消防法上の危険物は第1類から第6類に分かれる。第3類は自然発火性物質及び禁水性物質、第4類は引火性液体である。 法令・制度では「危険物の分類」の文脈で繰り返し問われます。,セルフ式給油取扱所の基準;一般取扱所の基準;丙種の違い,消防法;危険物の規制に関する政令,B,第4類は引火性液体。第3類は自然発火性物質及び禁水性物質。 第4類と第5類、第2類と第6類を混同しない。 誤り。第1類は酸化性固体である。 誤り。第2類は可燃性固体である。,危険物の分類とは？危険物取扱者試験（乙種第4類）で押さえる意味・試験ポイント,このページでは、法令・制度分野の「危険物の分類」を、試験に出る形で整理します。ひとことで言うと、消防法上の危険物は第1類から第6類に分かれる。第3類は自然発火性物質及び禁水性物質、第4類は引火性液体である。下の目次の順に読むと、定義から演習のポイントまでつながって理解できます。,"危険物の分類は、消防法上の危険物は第1類から第6類に分かれる。第3類は自然発火性物質及び禁水性物質、第4類は引火性液体である。

試験では、第4類は引火性液体。第3類は自然発火性物質及び禁水性物質点が問われます。

誤り。第1類は酸化性固体である。

誤り。第2類は可燃性固体である。

誤り。第4類は引火性液体である。自己反応性物質は第5類である。

誤り。第6類は酸化性液体である。

第4類は引火性液体。第3類は自然発火性物質及び禁水性物質。

第4類と第5類、第2類と第6類を混同しない。

よくある誤りは、第4類と第5類、第2類と第6類を混同しない。

法令・制度では「セルフ式給油取扱所の基準」「一般取扱所の基準」など近い用語とセットで出題されます。定義・数値・主体の違いを表で対比し、危険物の分類だけの特徴を一言で言えるようにしてください。",第4類は引火性液体。第3類は自然発火性物質及び禁水性物質。,第4類と第5類、第2類と第6類を混同しない。,"「危険物の分類」は、法令・制度の頻出語です。

整理のコツ：関連する「セルフ式給油取扱所の基準」「一般取扱所の基準」「丙種の違い」と、「同じ点・違う点」を表に書き出し、危険物の分類だけの特徴を一行で言えるようにします。

覚え方：間違えたら「第4類と第5類、第2類と第6類を混同しない」のパターンか確認し、同じ型の誤りが出た問題を2問だけ繰り返します。

復習のしかた：丸暗記より、選択肢の「誤り。」の理由を声に出して説明できるかを目標にします。",消防法上の危険物の類別と性質の組合せについて、「第3類 — 自然発火性物質及び禁水性物質」は正しい。,○。正しい。,危険物の分類とは何ですか？,危険物の分類は、消防法上の危険物は第1類から第6類に分かれる。 たとえば、条文では「消防法で定める」「政令で定める」「施行令で定める」のように、どの法令に書かれているかを選ぶ問題がよく出ます。 試験では、第4類は引火性液体。第3類は自然発火性物質及び禁水性物質点を押さえると得点源になります。,危険物の分類は試験でどんなふうに問われますか？,第4類は引火性液体。第3類は自然発火性物質及び禁水性物質。,危険物の分類で間違えやすい点は？,第4類と第5類、第2類と第6類を混同しない。,危険物の分類と「セルフ式給油取扱所の基準」「一般取扱所の基準」の違いは？,「セルフ式給油取扱所の基準」「一般取扱所の基準」は意味や数値・適用場面が異なります。用語ページの比較表と演習で、危険物の分類だけのポイントを確認してください。
危険物の定義,きけんぶつのていぎ,法令・制度,法令・制度;乙4;頻出;詳細記事;実践演習連動;一問一答連動,"危険物の定義は、煙を出すかどうかは消防法上の危険物の定義ではない。

たとえば、条文では「消防法で定める」「政令で定める」「施行令で定める」のように、どの法令に書かれているかを選ぶ問題がよく出ます。

試験では、危険物は消防法別表第一を基準に判断する点を押さえると得点源になります。",まず「危険物の定義」は、煙を出すかどうかは消防法上の危険物の定義ではない。 誤り。煙を出すかどうかは消防法上の危険物の定義ではない。 消防法上の危険物は、消防法別表第一の品名欄に掲げる物品で、同表の区分に応じた性状を有するものを指します。すべての可燃物や液体可燃物が危険物になるわけではない。 法令・制度では「危険物の定義」の文脈で繰り返し問われます。,セルフ式給油取扱所の基準;一般取扱所の基準;丙種の違い,消防法,B,危険物は消防法別表第一を基準に判断する。 誤り。毒性の有無だけで消防法上の危険物になるわけではない。 誤り。危険物は第1類から第6類まであり、液体の可燃物だけではない。 誤り。煙を出すかどうかは消防法上の危険物の定義ではない。,危険物の定義とは？危険物取扱者試験（乙種第4類）で押さえる意味・試験ポイント,このページでは、法令・制度分野の「危険物の定義」を、試験に出る形で整理します。ひとことで言うと、煙を出すかどうかは消防法上の危険物の定義ではない。下の目次の順に読むと、定義から演習のポイントまでつながって理解できます。,"危険物の定義は、煙を出すかどうかは消防法上の危険物の定義ではない。 消防法上の危険物は、消防法別表第一の品名欄に掲げる物品で、同表の区分に応じた性状を有するものを指します。すべての可燃物や液体可燃物が危険物になるわけではない。

試験では、危険物は消防法別表第一を基準に判断する点が問われます。

誤り。毒性の有無だけで消防法上の危険物になるわけではない。

誤り。危険物は第1類から第6類まであり、液体の可燃物だけではない。

誤り。煙を出すかどうかは消防法上の危険物の定義ではない。

誤り。すべての可燃物が消防法上の危険物に当てはまるわけではない。

危険物は消防法別表第一を基準に判断する。

法令・制度では「セルフ式給油取扱所の基準」「一般取扱所の基準」など近い用語とセットで出題されます。定義・数値・主体の違いを表で対比し、危険物の定義だけの特徴を一言で言えるようにしてください。

誤り。すべての可燃物が消防法上の危険物に当てはまるわけではない。",危険物は消防法別表第一を基準に判断する。,類似語と混同する。;数字や条件を取り違える。;すべての危険物に当てはめる。,"「危険物の定義」は、法令・制度の頻出語です。

整理のコツ：関連する「セルフ式給油取扱所の基準」「一般取扱所の基準」「丙種の違い」と、「同じ点・違う点」を表に書き出し、危険物の定義だけの特徴を一行で言えるようにします。

覚え方：間違えたら「類似語と混同する」のパターンか確認し、同じ型の誤りが出た問題を2問だけ繰り返します。

復習のしかた：丸暗記より、選択肢の「誤り。」の理由を声に出して説明できるかを目標にします。",消防法上の危険物について、「消防法上の危険物とは、火災時に煙を出す物質をいう。」は正しい。,×。誤り。,危険物の定義とは何ですか？,危険物の定義は、煙を出すかどうかは消防法上の危険物の定義ではない。 たとえば、条文では「消防法で定める」「政令で定める」「施行令で定める」のように、どの法令に書かれているかを選ぶ問題がよく出ます。 試験では、危険物は消防法別表第一を基準に判断する点を押さえると得点源になります。,危険物の定義は試験でどんなふうに問われますか？,危険物は消防法別表第一を基準に判断する。,危険物の定義で間違えやすい点は？,類似語と混同する。数字や条件を取り違える。,危険物の定義と「セルフ式給油取扱所の基準」「一般取扱所の基準」の違いは？,「セルフ式給油取扱所の基準」「一般取扱所の基準」は意味や数値・適用場面が異なります。用語ページの比較表と演習で、危険物の定義だけのポイントを確認してください。
危険物の規制に関する政令,きけんぶつのきせいにかんするせいれい,法令・制度,法令・制度;乙4;頻出;詳細記事;実践演習連動,"危険物の規制に関する政令は、指定数量は、危険物の危険性に応じて政令で定められる基準数量である。

たとえば、指定数量や品名一覧（別表第三）は、この政令で具体化されています。

試験では、運搬では容器・収納・積載・表示が重要点を押さえると得点源になります。",まず「危険物の規制に関する政令」は、指定数量は、危険物の危険性に応じて政令で定められる基準数量である。すべての危険物に同じ数量が定められているわけではない。 危険物の運搬では、容器、収納、積載方法などに基準がある。表示があれば任意の容器で運搬できるわけではない。 法令・制度では「指定数量」の文脈で繰り返し問われます。,指定数量の意味;指定数量;運搬容器・収納・積載方法,危険物の規制に関する政令,B,指定数量を『安全に保管できる最大量』と混同しない。 運搬では容器・収納・積載・表示が重要。 表示があれば容器基準を満たさなくてもよい、という理解は誤り。 誤り。任意に決める数量ではない。,危険物の規制に関する政令とは？危険物取扱者試験（乙種第4類）で押さえる意味・試験ポイント,法令・制度分野の「危険物の規制に関する政令」は、指定数量は、危険物の危険性に応じて政令で定められる基準数量である。すべての危険物に同じ数量が定められているわけではない。試験では定義の言い換えと数値・主体の区別がセットで問われます。,"危険物の規制に関する政令は、指定数量は、危険物の危険性に応じて政令で定められる基準数量である。すべての危険物に同じ数量が定められているわけではない。 危険物の運搬では、容器、収納、積載方法などに基準がある。表示があれば任意の容器で運搬できるわけではない。

試験では、運搬では容器・収納・積載・表示が重要点が問われます。

誤り。任意に決める数量ではない。

誤り。危険物の種類や性質によって指定数量は異なる。

誤り。市町村が自由に定めるものではない。

誤り。1日に取り扱える最大数量ではない。

指定数量を『安全に保管できる最大量』と混同しない。

運搬では容器・収納・積載・表示が重要。

表示があれば容器基準を満たさなくてもよい、という理解は誤り。

よくある誤りは、指定数量を『安全に保管できる最大量』と混同しない。表示があれば容器基準を満たさなくてもよい、という理解は誤り。

法令・制度では「指定数量の意味」「指定数量」など近い用語とセットで出題されます。定義・数値・主体の違いを表で対比し、危険物の規制に関する政令だけの特徴を一言で言えるようにしてください。",運搬では容器・収納・積載・表示が重要。,指定数量を『安全に保管できる最大量』と混同しない。;表示があれば容器基準を満たさなくてもよい、という理解は誤り。,"「危険物の規制に関する政令」は、法令・制度の頻出語です。

整理のコツ：関連する「指定数量の意味」「指定数量」「運搬容器・収納・積載方法」と、「同じ点・違う点」を表に書き出し、危険物の規制に関する政令だけの特徴を一行で言えるようにします。

覚え方：間違えたら「指定数量を『安全に保管できる最大量』と混同しない」のパターンか確認し、同じ型の誤りが出た問題を2問だけ繰り返します。

復習のしかた：丸暗記より、選択肢の「誤り。」の理由を声に出して説明できるかを目標にします。",指定数量の説明として、正しいものはどれか。,正解は選択肢ウ。指定数量は、危険物の危険性に応じて政令で定められる基準数量である。,危険物の規制に関する政令とは何ですか？,危険物の規制に関する政令は、指定数量は、危険物の危険性に応じて政令で定められる基準数量である。 たとえば、指定数量や品名一覧（別表第三）は、この政令で具体化されています。 試験では、運搬では容器・収納・積載・表示が重要点を押さえると得点源になります。,危険物の規制に関する政令は試験でどんなふうに問われますか？,運搬では容器・収納・積載・表示が重要。,危険物の規制に関する政令で間違えやすい点は？,指定数量を『安全に保管できる最大量』と混同しない。表示があれば容器基準を満たさなくてもよい、という理解は誤り。,危険物の規制に関する政令と「指定数量の意味」「指定数量」の違いは？,「指定数量の意味」「指定数量」は意味や数値・適用場面が異なります。用語ページの比較表と演習で、危険物の規制に関する政令だけのポイントを確認してください。
危険物の貯蔵,きけんぶつのちょぞう,法令・制度,法令・制度;乙4;頻出;詳細記事;実践演習連動;一問一答連動,"危険物の貯蔵は、危険物はその性質に応じて、火気、漏えい、混触、温度管理などに注意して貯蔵・取扱いを行う必要がある。

たとえば、条文では「消防法で定める」「政令で定める」「施行令で定める」のように、どの法令に書かれているかを選ぶ問題がよく出ます。

試験では、貯蔵・取扱いでは、火気・漏えい・混触・温度に注意する点を押さえると得点源になります。",まず「危険物の貯蔵」は、危険物はその性質に応じて、火気、漏えい、混触、温度管理などに注意して貯蔵・取扱いを行う必要がある。 危険物はその性質に応じて、火気、温度、漏えい、混触などに注意して貯蔵・取扱いを行う必要がある。 法令・制度では「貯蔵・取扱基準」の文脈で繰り返し問われます。,危険物の貯蔵・取扱いの共通基準;貯蔵・取扱基準;取扱いの共通基準,危険物の規制に関する政令,B,貯蔵・取扱いでは、火気・漏えい・混触・温度に注意する。 危険物は種類が違っても同じ扱いでよい、という理解は誤り。 すべて同じ保管方法でよい、とは考えない。 誤り。直射日光や加熱は危険を高める場合がある。,危険物の貯蔵とは？危険物取扱者試験（乙種第4類）で押さえる意味・試験ポイント,このページでは、法令・制度分野の「危険物の貯蔵」を、試験に出る形で整理します。ひとことで言うと、危険物はその性質に応じて、火気、漏えい、混触、温度管理などに注意して貯蔵・取扱いを行う必要がある。下の目次の順に読むと、定義から演習のポイントまでつながって理解できます。,"危険物の貯蔵は、危険物はその性質に応じて、火気、漏えい、混触、温度管理などに注意して貯蔵・取扱いを行う必要がある。 危険物はその性質に応じて、火気、温度、漏えい、混触などに注意して貯蔵・取扱いを行う必要がある。

試験では、貯蔵・取扱いでは、火気・漏えい・混触・温度に注意する点が問われます。

誤り。直射日光や加熱は危険を高める場合がある。

誤り。危険物の種類や性質に応じた貯蔵方法が必要である。

誤り。下水へ流すことは火災や環境汚染の危険がある。

誤り。可燃性蒸気がある場所で火気を近づけるのは危険である。

貯蔵・取扱いでは、火気・漏えい・混触・温度に注意する。

危険物は種類が違っても同じ扱いでよい、という理解は誤り。

すべて同じ保管方法でよい、とは考えない。

よくある誤りは、危険物は種類が違っても同じ扱いでよい、という理解は誤り。すべて同じ保管方法でよい、とは考えない。適切な管理策と危険行為を取り違えない。

法令・制度では「危険物の貯蔵・取扱いの共通基準」「貯蔵・取扱基準」など近い用語とセットで出題されます。定義・数値・主体の違いを表で対比し、危険物の貯蔵だけの特徴を一言で言えるようにしてください。

危険物の性質を無視して混触させると、火災や反応の危険がある。

火気管理、漏えい防止、換気、温度管理は重要な対策である。

危険物は性質に応じ、温度、火気、漏えい、換気などに注意して貯蔵する。",貯蔵・取扱いでは、火気・漏えい・混触・温度に注意する。,危険物は種類が違っても同じ扱いでよい、という理解は誤り。;すべて同じ保管方法でよい、とは考えない。;適切な管理策と危険行為を取り違えない。,"「危険物の貯蔵」は、法令・制度の頻出語です。

整理のコツ：関連する「危険物の貯蔵・取扱いの共通基準」「貯蔵・取扱基準」「取扱いの共通基準」と、「同じ点・違う点」を表に書き出し、危険物の貯蔵だけの特徴を一行で言えるようにします。

覚え方：間違えたら「危険物は種類が違っても同じ扱いでよい、という理解は誤り」のパターンか確認し、同じ型の誤りが出た問題を2問だけ繰り返します。

復習のしかた：丸暗記より、選択肢の「誤り。」の理由を声に出して説明できるかを目標にします。",危険物の貯蔵または取扱いについて、適切なものについて、「危険物の性質に応じて、火気、漏えい、混触などに注意して取り扱う。」は正しい。,○。正しい。,危険物の貯蔵とは何ですか？,危険物の貯蔵は、危険物はその性質に応じて、火気、漏えい、混触、温度管理などに注意して貯蔵・取扱いを行う必要がある。 たとえば、条文では「消防法で定める」「政令で定める」「施行令で定める」のように、どの法令に書かれているかを選ぶ問題がよく出ます。 試験では、貯蔵・取扱いでは、火気・漏えい・混触・温度に注意する点を押さえると得点源になります。,危険物の貯蔵は試験でどんなふうに問われますか？,貯蔵・取扱いでは、火気・漏えい・混触・温度に注意する。,危険物の貯蔵で間違えやすい点は？,危険物は種類が違っても同じ扱いでよい、という理解は誤り。すべて同じ保管方法でよい、とは考えない。,危険物の貯蔵と「危険物の貯蔵・取扱いの共通基準」「貯蔵・取扱基準」の違いは？,「危険物の貯蔵・取扱いの共通基準」「貯蔵・取扱基準」は意味や数値・適用場面が異なります。用語ページの比較表と演習で、危険物の貯蔵だけのポイントを確認してください。
危険物の貯蔵・取扱いの共通基準,きけんぶつのちょぞう・とりあつかいのきょうつうきじゅん,法令・制度,法令・制度;乙4;頻出;詳細記事;実践演習連動;一問一答連動,"危険物の貯蔵・取扱いの共通基準は、危険物はその性質に応じて、火気、漏えい、混触、温度管理などに注意して貯蔵・取扱いを行う必要がある。

たとえば、条文では「消防法で定める」「政令で定める」「施行令で定める」のように、どの法令に書かれているかを選ぶ問題がよく出ます。

試験では、貯蔵・取扱いでは、火気・漏えい・混触・温度に注意する点を押さえると得点源になります。",まず「危険物の貯蔵・取扱いの共通基準」は、危険物はその性質に応じて、火気、漏えい、混触、温度管理などに注意して貯蔵・取扱いを行う必要がある。 危険物はその性質に応じて、火気、温度、漏えい、混触などに注意して貯蔵・取扱いを行う必要がある。 法令・制度では「貯蔵・取扱基準」の文脈で繰り返し問われます。,貯蔵・取扱基準;取扱基準,危険物の規制に関する政令,B,貯蔵・取扱いでは、火気・漏えい・混触・温度に注意する。 危険物は種類が違っても同じ扱いでよい、という理解は誤り。 すべて同じ保管方法でよい、とは考えない。 誤り。直射日光や加熱は危険を高める場合がある。,危険物の貯蔵・取扱いの共通基準とは？危険物取扱者試験（乙種第4類）で押さえる意味・試験ポイント,このページでは、法令・制度分野の「危険物の貯蔵・取扱いの共通基準」を、試験に出る形で整理します。ひとことで言うと、危険物はその性質に応じて、火気、漏えい、混触、温度管理などに注意して貯蔵・取扱いを行う必要がある。下の目次の順に読むと、定義から演習のポイントまでつながって理解できます。,"危険物の貯蔵・取扱いの共通基準は、危険物はその性質に応じて、火気、漏えい、混触、温度管理などに注意して貯蔵・取扱いを行う必要がある。 危険物はその性質に応じて、火気、温度、漏えい、混触などに注意して貯蔵・取扱いを行う必要がある。

試験では、貯蔵・取扱いでは、火気・漏えい・混触・温度に注意する点が問われます。

誤り。直射日光や加熱は危険を高める場合がある。

誤り。危険物の種類や性質に応じた貯蔵方法が必要である。

誤り。下水へ流すことは火災や環境汚染の危険がある。

誤り。可燃性蒸気がある場所で火気を近づけるのは危険である。

貯蔵・取扱いでは、火気・漏えい・混触・温度に注意する。

危険物は種類が違っても同じ扱いでよい、という理解は誤り。

すべて同じ保管方法でよい、とは考えない。

よくある誤りは、危険物は種類が違っても同じ扱いでよい、という理解は誤り。すべて同じ保管方法でよい、とは考えない。適切な管理策と危険行為を取り違えない。

法令・制度では「貯蔵・取扱基準」「取扱基準」など近い用語とセットで出題されます。定義・数値・主体の違いを表で対比し、危険物の貯蔵・取扱いの共通基準だけの特徴を一言で言えるようにしてください。

危険物の性質を無視して混触させると、火災や反応の危険がある。

火気管理、漏えい防止、換気、温度管理は重要な対策である。

危険物は性質に応じ、温度、火気、漏えい、換気などに注意して貯蔵する。",貯蔵・取扱いでは、火気・漏えい・混触・温度に注意する。,危険物は種類が違っても同じ扱いでよい、という理解は誤り。;すべて同じ保管方法でよい、とは考えない。;適切な管理策と危険行為を取り違えない。,"「危険物の貯蔵・取扱いの共通基準」は、法令・制度の頻出語です。

整理のコツ：関連する「貯蔵・取扱基準」「取扱基準」と、「同じ点・違う点」を表に書き出し、危険物の貯蔵・取扱いの共通基準だけの特徴を一行で言えるようにします。

覚え方：間違えたら「危険物は種類が違っても同じ扱いでよい、という理解は誤り」のパターンか確認し、同じ型の誤りが出た問題を2問だけ繰り返します。

復習のしかた：丸暗記より、選択肢の「誤り。」の理由を声に出して説明できるかを目標にします。",危険物の貯蔵または取扱いについて、適切なものについて、「危険物の性質に応じて、火気、漏えい、混触などに注意して取り扱う。」は正しい。,○。正しい。,危険物の貯蔵・取扱いの共通基準とは何ですか？,危険物の貯蔵・取扱いの共通基準は、危険物はその性質に応じて、火気、漏えい、混触、温度管理などに注意して貯蔵・取扱いを行う必要がある。 たとえば、条文では「消防法で定める」「政令で定める」「施行令で定める」のように、どの法令に書かれているかを選ぶ問題がよく出ます。 試験では、貯蔵・取扱いでは、火気・漏えい・混触・温度に注意する点を押さえると得点源になります。,危険物の貯蔵・取扱いの共通基準は試験でどんなふうに問われますか？,貯蔵・取扱いでは、火気・漏えい・混触・温度に注意する。,危険物の貯蔵・取扱いの共通基準で間違えやすい点は？,危険物は種類が違っても同じ扱いでよい、という理解は誤り。すべて同じ保管方法でよい、とは考えない。,危険物の貯蔵・取扱いの共通基準と「貯蔵・取扱基準」「取扱基準」の違いは？,「貯蔵・取扱基準」「取扱基準」は意味や数値・適用場面が異なります。用語ページの比較表と演習で、危険物の貯蔵・取扱いの共通基準だけのポイントを確認してください。
危険物保安監督者,きけんぶつほあんかんとくしゃ,法令・制度,法令・制度;乙4;頻出;詳細記事;実践演習連動;一問一答連動,"危険物保安監督者は施設の保安管理上重要。

たとえば、条文では「消防法で定める」「政令で定める」「施行令で定める」のように、どの法令に書かれているかを選ぶ問題がよく出ます。

試験では、保安監督者は取扱作業の保安監督に関係する点を押さえると得点源になります。",まず「危険物保安監督者」は、危険物保安監督者は施設の保安管理上重要。 危険物の取扱作業に関する保安監督に関係する。 法令・制度では「危険物保安監督者」の文脈で繰り返し問われます。,選任が必要な施設・資格要件;危険物保安監督者の業務;選任が必要な施設,消防法,B,保安監督者は取扱作業の保安監督に関係する。 名称から何でも管理する責任者と広げすぎない。 名称だけで施設全体の統括者と混同しない。 誤り。危険物を味見してはならない。,危険物保安監督者とは？危険物取扱者試験（乙種第4類）で押さえる意味・試験ポイント,このページでは、法令・制度分野の「危険物保安監督者」を、試験に出る形で整理します。ひとことで言うと、危険物保安監督者は施設の保安管理上重要。下の目次の順に読むと、定義から演習のポイントまでつながって理解できます。,"危険物保安監督者は施設の保安管理上重要。 危険物の取扱作業に関する保安の監督に関係する。試験問題作成や価格決定を行う者ではない。

試験では、保安監督者は取扱作業の保安監督に関係する。危険物保安監督者は施設の保安管理上重要。また、危険物保安監督者は保安管理の中心論点点も押さえます。

誤り。危険物を味見してはならない。

誤り。価格決定者ではない。

誤り。広告制作とは関係ない。

誤り。試験問題作成者ではない。

保安監督者は取扱作業の保安監督に関係する。

名称から何でも管理する責任者と広げすぎない。

名称だけで施設全体の統括者と混同しない。

よくある誤りは、名称から何でも管理する責任者と広げすぎない。名称だけで施設全体の統括者と混同しない。危険物取扱者と危険物保安監督者の役割を混同しない。

法令・制度では「選任が必要な施設・資格要件」「危険物保安監督者の業務」など近い用語とセットで出題されます。定義・数値・主体の違いを表で対比し、危険物保安監督者だけの特徴を一言で言えるようにしてください。

危険物の取扱作業に関する保安監督に関係する。

一定の製造所等では、危険物の保安管理のため危険物保安監督者の選任が必要になります場合がある。

一定の製造所等で危険物の保安管理のために選任が必要になります場合がある。",保安監督者は取扱作業の保安監督に関係する。;危険物保安監督者は施設の保安管理上重要。;危険物保安監督者は保安管理の中心論点。,名称から何でも管理する責任者と広げすぎない。;名称だけで施設全体の統括者と混同しない。;危険物取扱者と危険物保安監督者の役割を混同しない。;保安監督者と保安統括管理者を混同しない。,"「危険物保安監督者」は、法令・制度の頻出語です。

整理のコツ：関連する「選任が必要な施設・資格要件」「危険物保安監督者の業務」「選任が必要な施設」と、「同じ点・違う点」を表に書き出し、危険物保安監督者だけの特徴を一行で言えるようにします。

覚え方：間違えたら「名称から何でも管理する責任者と広げすぎない」のパターンか確認し、同じ型の誤りが出た問題を2問だけ繰り返します。

復習のしかた：丸暗記より、選択肢の「誤り。」の理由を声に出して説明できるかを目標にします。",危険物保安監督者の業務として、最も関係が深いものについて、「危険物の取扱作業に関する保安の監督」は正しい。,○。正しい。,危険物保安監督者とは何ですか？,危険物保安監督者は施設の保安管理上重要。 たとえば、条文では「消防法で定める」「政令で定める」「施行令で定める」のように、どの法令に書かれているかを選ぶ問題がよく出ます。 試験では、保安監督者は取扱作業の保安監督に関係する点を押さえると得点源になります。,危険物保安監督者は試験でどんなふうに問われますか？,保安監督者は取扱作業の保安監督に関係する。危険物保安監督者は施設の保安管理上重要。危険物保安監督者は保安管理の中心論点。,危険物保安監督者で間違えやすい点は？,名称から何でも管理する責任者と広げすぎない。名称だけで施設全体の統括者と混同しない。,危険物保安監督者と「選任が必要な施設・資格要件」「危険物保安監督者の業務」の違いは？,「選任が必要な施設・資格要件」「危険物保安監督者の業務」は意味や数値・適用場面が異なります。用語ページの比較表と演習で、危険物保安監督者だけのポイントを確認してください。
危険物保安監督者の業務,きけんぶつほあんかんとくしゃのぎょうむ,法令・制度,法令・制度;乙4;頻出;詳細記事;実践演習連動;一問一答連動,"危険物保安監督者の業務は、危険物保安監督者は、危険物の取扱作業に関する保安の監督に関係する。

たとえば、条文では「消防法で定める」「政令で定める」「施行令で定める」のように、どの法令に書かれているかを選ぶ問題がよく出ます。

試験では、保安監督者は取扱作業の保安監督に関係する点を押さえると得点源になります。",まず「危険物保安監督者の業務」は、危険物保安監督者は、危険物の取扱作業に関する保安の監督に関係する。試験問題作成や価格決定を行う者ではない。 危険物保安監督者は、危険物の取扱作業に関する保安監督に関係する。 法令・制度では「危険物保安監督者」の文脈で繰り返し問われます。,セルフ式給油取扱所の基準;一般取扱所の基準;丙種の違い,消防法,B,保安監督者は取扱作業の保安監督に関係する。 名称から何でも管理する責任者と広げすぎない。 名称だけで施設全体の統括者と混同しない。 誤り。危険物を味見してはならない。,危険物保安監督者の業務とは？危険物取扱者試験（乙種第4類）で押さえる意味・試験ポイント,このページでは、法令・制度分野の「危険物保安監督者の業務」を、試験に出る形で整理します。ひとことで言うと、危険物保安監督者は、危険物の取扱作業に関する保安の監督に関係する。試験問題作成や価格決定を行う者ではない。下の目次の順に読むと、定義から演習のポイントまでつながって理解できます。,"危険物保安監督者の業務は、危険物保安監督者は、危険物の取扱作業に関する保安の監督に関係する。試験問題作成や価格決定を行う者ではない。 危険物保安監督者は、危険物の取扱作業に関する保安監督に関係する。

試験では、保安監督者は取扱作業の保安監督に関係する点が問われます。

誤り。危険物を味見してはならない。

誤り。価格決定者ではない。

誤り。広告制作とは関係ない。

誤り。試験問題作成者ではない。

保安監督者は取扱作業の保安監督に関係する。

名称から何でも管理する責任者と広げすぎない。

名称だけで施設全体の統括者と混同しない。

よくある誤りは、名称から何でも管理する責任者と広げすぎない。名称だけで施設全体の統括者と混同しない。

法令・制度では「セルフ式給油取扱所の基準」「一般取扱所の基準」など近い用語とセットで出題されます。定義・数値・主体の違いを表で対比し、危険物保安監督者の業務だけの特徴を一言で言えるようにしてください。",保安監督者は取扱作業の保安監督に関係する。,名称から何でも管理する責任者と広げすぎない。;名称だけで施設全体の統括者と混同しない。,"「危険物保安監督者の業務」は、法令・制度の頻出語です。

整理のコツ：関連する「セルフ式給油取扱所の基準」「一般取扱所の基準」「丙種の違い」と、「同じ点・違う点」を表に書き出し、危険物保安監督者の業務だけの特徴を一行で言えるようにします。

覚え方：間違えたら「名称から何でも管理する責任者と広げすぎない」のパターンか確認し、同じ型の誤りが出た問題を2問だけ繰り返します。

復習のしかた：丸暗記より、選択肢の「誤り。」の理由を声に出して説明できるかを目標にします。",危険物保安監督者の業務として、最も関係が深いものについて、「危険物の取扱作業に関する保安の監督」は正しい。,○。正しい。,危険物保安監督者の業務とは何ですか？,危険物保安監督者の業務は、危険物保安監督者は、危険物の取扱作業に関する保安の監督に関係する。 たとえば、条文では「消防法で定める」「政令で定める」「施行令で定める」のように、どの法令に書かれているかを選ぶ問題がよく出ます。 試験では、保安監督者は取扱作業の保安監督に関係する点を押さえると得点源になります。,危険物保安監督者の業務は試験でどんなふうに問われますか？,保安監督者は取扱作業の保安監督に関係する。,危険物保安監督者の業務で間違えやすい点は？,名称から何でも管理する責任者と広げすぎない。名称だけで施設全体の統括者と混同しない。,危険物保安監督者の業務と「セルフ式給油取扱所の基準」「一般取扱所の基準」の違いは？,「セルフ式給油取扱所の基準」「一般取扱所の基準」は意味や数値・適用場面が異なります。用語ページの比較表と演習で、危険物保安監督者の業務だけのポイントを確認してください。
危険物保安監督者選任,きけんぶつほあんかんとくしゃせんにん,法令・制度,法令・制度;乙4;頻出;詳細記事;実践演習連動;一問一答連動,"危険物保安監督者選任は、危険物保安監督者を選任または解任した場合、法令上、届出が必要になります場合がある。

たとえば、条文では「消防法で定める」「政令で定める」「施行令で定める」のように、どの法令に書かれているかを選ぶ問題がよく出ます。

試験では、保安監督者は選任だけでなく届出も押さえる点を押さえると得点源になります。",まず「危険物保安監督者選任」は、危険物保安監督者を選任または解任した場合、法令上、届出が必要になります場合がある。 危険物保安監督者を選任した場合、法令上、届出が必要になります場合がある。 法令・制度では「届出」の文脈で繰り返し問われます。,危険物保安監督者選任・解任届出;届出;解任届出,消防法,B,保安監督者は選任だけでなく届出も押さえる。 保安監督者は選任と届出をセットで押さえる。 誤り。分類名ではない。 誤り。乙4でも関係し得る。,危険物保安監督者選任とは？危険物取扱者試験（乙種第4類）で押さえる意味・試験ポイント,このページでは、法令・制度分野の「危険物保安監督者選任」を、試験に出る形で整理します。ひとことで言うと、危険物保安監督者を選任または解任した場合、法令上、届出が必要になります場合がある。下の目次の順に読むと、定義から演習のポイントまでつながって理解できます。,"危険物保安監督者選任は、危険物保安監督者を選任または解任した場合、法令上、届出が必要になります場合がある。 危険物保安監督者を選任した場合、法令上、届出が必要になります場合がある。

試験では、保安監督者は選任だけでなく届出も押さえる。また、保安監督者は選任と届出をセットで押さえる点も押さえます。

誤り。分類名ではない。

誤り。乙4でも関係し得る。

誤り。届出が必要になります場合がある。

誤り。計算式ではない。

保安監督者は選任だけでなく届出も押さえる。

保安監督者は選任と届出をセットで押さえる。

法令・制度では「危険物保安監督者選任・解任届出」「届出」など近い用語とセットで出題されます。定義・数値・主体の違いを表で対比し、危険物保安監督者選任だけの特徴を一言で言えるようにしてください。

誤り。届出が必要になります場合がある。",保安監督者は選任だけでなく届出も押さえる。;保安監督者は選任と届出をセットで押さえる。,類似語と混同する。;数字や条件を取り違える。;すべての危険物に当てはめる。,"「危険物保安監督者選任」は、法令・制度の頻出語です。

整理のコツ：関連する「危険物保安監督者選任・解任届出」「届出」「解任届出」と、「同じ点・違う点」を表に書き出し、危険物保安監督者選任だけの特徴を一行で言えるようにします。

覚え方：間違えたら「類似語と混同する」のパターンか確認し、同じ型の誤りが出た問題を2問だけ繰り返します。

復習のしかた：丸暗記より、選択肢の「誤り。」の理由を声に出して説明できるかを目標にします。",危険物保安監督者を選任または解任した場合について、「選任や解任をしても、届出制度は一切ない。」は正しい。,×。誤り。,危険物保安監督者選任とは何ですか？,危険物保安監督者選任は、危険物保安監督者を選任または解任した場合、法令上、届出が必要になります場合がある。 たとえば、条文では「消防法で定める」「政令で定める」「施行令で定める」のように、どの法令に書かれているかを選ぶ問題がよく出ます。 試験では、保安監督者は選任だけでなく届出も押さえる点を押さえると得点源になります。,危険物保安監督者選任は試験でどんなふうに問われますか？,保安監督者は選任だけでなく届出も押さえる。保安監督者は選任と届出をセットで押さえる。,危険物保安監督者選任で間違えやすい点は？,類似語と混同する。数字や条件を取り違える。,危険物保安監督者選任と「危険物保安監督者選任・解任届出」「届出」の違いは？,「危険物保安監督者選任・解任届出」「届出」は意味や数値・適用場面が異なります。用語ページの比較表と演習で、危険物保安監督者選任だけのポイントを確認してください。
危険物保安監督者選任・解任届出,きけんぶつほあんかんとくしゃせんにん・かいにんとどけで,法令・制度,法令・制度;乙4;頻出;詳細記事;実践演習連動;一問一答連動,"危険物保安監督者選任・解任届出は、危険物保安監督者を選任または解任した場合、法令上、届出が必要になります場合がある。

たとえば、条文では「消防法で定める」「政令で定める」「施行令で定める」のように、どの法令に書かれているかを選ぶ問題がよく出ます。

試験では、保安監督者は選任だけでなく届出も押さえる点を押さえると得点源になります。",まず「危険物保安監督者選任・解任届出」は、危険物保安監督者を選任または解任した場合、法令上、届出が必要になります場合がある。 危険物保安監督者を選任した場合、法令上、届出が必要になります場合がある。 法令・制度では「届出」の文脈で繰り返し問われます。,セルフ式給油取扱所の基準;一般取扱所の基準;丙種の違い,消防法,B,保安監督者は選任だけでなく届出も押さえる。 保安監督者は選任と届出をセットで押さえる。 誤り。分類名ではない。 誤り。乙4でも関係し得る。,危険物保安監督者選任・解任届出とは？危険物取扱者試験（乙種第4類）で押さえる意味・試験ポイント,このページでは、法令・制度分野の「危険物保安監督者選任・解任届出」を、試験に出る形で整理します。ひとことで言うと、危険物保安監督者を選任または解任した場合、法令上、届出が必要になります場合がある。下の目次の順に読むと、定義から演習のポイントまでつながって理解できます。,"危険物保安監督者選任・解任届出は、危険物保安監督者を選任または解任した場合、法令上、届出が必要になります場合がある。 危険物保安監督者を選任した場合、法令上、届出が必要になります場合がある。

試験では、保安監督者は選任だけでなく届出も押さえる。また、保安監督者は選任と届出をセットで押さえる点も押さえます。

誤り。分類名ではない。

誤り。乙4でも関係し得る。

誤り。届出が必要になります場合がある。

誤り。計算式ではない。

保安監督者は選任だけでなく届出も押さえる。

保安監督者は選任と届出をセットで押さえる。

法令・制度では「セルフ式給油取扱所の基準」「一般取扱所の基準」など近い用語とセットで出題されます。定義・数値・主体の違いを表で対比し、危険物保安監督者選任・解任届出だけの特徴を一言で言えるようにしてください。

誤り。届出が必要になります場合がある。",保安監督者は選任だけでなく届出も押さえる。;保安監督者は選任と届出をセットで押さえる。,類似語と混同する。;数字や条件を取り違える。;すべての危険物に当てはめる。,"「危険物保安監督者選任・解任届出」は、法令・制度の頻出語です。

整理のコツ：関連する「セルフ式給油取扱所の基準」「一般取扱所の基準」「丙種の違い」と、「同じ点・違う点」を表に書き出し、危険物保安監督者選任・解任届出だけの特徴を一行で言えるようにします。

覚え方：間違えたら「類似語と混同する」のパターンか確認し、同じ型の誤りが出た問題を2問だけ繰り返します。

復習のしかた：丸暗記より、選択肢の「誤り。」の理由を声に出して説明できるかを目標にします。",危険物保安監督者を選任または解任した場合について、「選任や解任をしても、届出制度は一切ない。」は正しい。,×。誤り。,危険物保安監督者選任・解任届出とは何ですか？,危険物保安監督者選任・解任届出は、危険物保安監督者を選任または解任した場合、法令上、届出が必要になります場合がある。 たとえば、条文では「消防法で定める」「政令で定める」「施行令で定める」のように、どの法令に書かれているかを選ぶ問題がよく出ます。 試験では、保安監督者は選任だけでなく届出も押さえる点を押さえると得点源になります。,危険物保安監督者選任・解任届出は試験でどんなふうに問われますか？,保安監督者は選任だけでなく届出も押さえる。保安監督者は選任と届出をセットで押さえる。,危険物保安監督者選任・解任届出で間違えやすい点は？,類似語と混同する。数字や条件を取り違える。,危険物保安監督者選任・解任届出と「セルフ式給油取扱所の基準」「一般取扱所の基準」の違いは？,「セルフ式給油取扱所の基準」「一般取扱所の基準」は意味や数値・適用場面が異なります。用語ページの比較表と演習で、危険物保安監督者選任・解任届出だけのポイントを確認してください。
危険物保安統括管理者,きけんぶつほあんとうかつかんりしゃ,法令・制度,法令・制度;乙4;頻出;詳細記事;実践演習連動;一問一答連動,"危険物保安統括管理者は、危険物保安統括管理者と危険物保安監督者は名称が似ているが、制度上の役割は区別される。

たとえば、条文では「消防法で定める」「政令で定める」「施行令で定める」のように、どの法令に書かれているかを選ぶ問題がよく出ます。

試験では、保安統括管理者は事業所全体の保安管理に関係する点を押さえると得点源になります。",まず「危険物保安統括管理者」は、危険物保安統括管理者と危険物保安監督者は名称が似ているが、制度上の役割は区別される。 一定の事業所における危険物保安に関する業務を統括管理する役割である。 法令・制度では「危険物保安統括管理者」の文脈で繰り返し問われます。,選任要件・役割;選任要件,消防法,B,保安統括管理者は事業所全体の保安管理に関係する。 危険物保安監督者と役割を混同しない。 保安統括管理者は事業所全体の保安管理。 誤り。試験監督員ではない。,危険物保安統括管理者とは？危険物取扱者試験（乙種第4類）で押さえる意味・試験ポイント,このページでは、法令・制度分野の「危険物保安統括管理者」を、試験に出る形で整理します。ひとことで言うと、危険物保安統括管理者と危険物保安監督者は名称が似ているが、制度上の役割は区別される。下の目次の順に読むと、定義から演習のポイントまでつながって理解できます。,"危険物保安統括管理者は、危険物保安統括管理者と危険物保安監督者は名称が似ているが、制度上の役割は区別される。 一定の事業所等で危険物保安に関する業務を統括管理する者として選任が必要になります場合がある。

試験では、保安統括管理者は事業所全体の保安管理に関係する。保安統括管理者は事業所全体の保安管理。また、保安統括管理者と保安監督者を区別する点も押さえます。

誤り。試験監督員ではない。

誤り。第4類危険物を扱う事業所でも関係し得る。

誤り。容器の色だけを決める者ではない。

誤り。すべての家庭で必要な制度ではない。

保安統括管理者は事業所全体の保安管理に関係する。

危険物保安監督者と役割を混同しない。

保安統括管理者は事業所全体の保安管理。

よくある誤りは、危険物保安監督者と役割を混同しない。

法令・制度では「選任要件・役割」「選任要件」など近い用語とセットで出題されます。定義・数値・主体の違いを表で対比し、危険物保安統括管理者だけの特徴を一言で言えるようにしてください。

一定の事業所における危険物保安に関する業務を統括管理する役割である。

一定の事業所における危険物保安業務を統括する役割である。",保安統括管理者は事業所全体の保安管理に関係する。;保安統括管理者は事業所全体の保安管理。;保安統括管理者と保安監督者を区別する。,危険物保安監督者と役割を混同しない。,"「危険物保安統括管理者」は、法令・制度の頻出語です。

整理のコツ：関連する「選任要件・役割」「選任要件」と、「同じ点・違う点」を表に書き出し、危険物保安統括管理者だけの特徴を一行で言えるようにします。

覚え方：間違えたら「危険物保安監督者と役割を混同しない」のパターンか確認し、同じ型の誤りが出た問題を2問だけ繰り返します。

復習のしかた：丸暗記より、選択肢の「誤り。」の理由を声に出して説明できるかを目標にします。",危険物保安統括管理者の役割として、最も適切なものについて、「指定数量を自由に変更する。」は正しい。,×。誤り。,危険物保安統括管理者とは何ですか？,危険物保安統括管理者は、危険物保安統括管理者と危険物保安監督者は名称が似ているが、制度上の役割は区別される。 たとえば、条文では「消防法で定める」「政令で定める」「施行令で定める」のように、どの法令に書かれているかを選ぶ問題がよく出ます。 試験では、保安統括管理者は事業所全体の保安管理に関係する点を押さえると得点源になります。,危険物保安統括管理者は試験でどんなふうに問われますか？,保安統括管理者は事業所全体の保安管理に関係する。保安統括管理者は事業所全体の保安管理。保安統括管理者と保安監督者を区別する。,危険物保安統括管理者で間違えやすい点は？,危険物保安監督者と役割を混同しない。,危険物保安統括管理者と「選任要件・役割」「選任要件」の違いは？,「選任要件・役割」「選任要件」は意味や数値・適用場面が異なります。用語ページの比較表と演習で、危険物保安統括管理者だけのポイントを確認してください。
危険物取扱者,きけんぶつとりあつかいしゃ,法令・制度,法令・制度;乙4;頻出;詳細記事;実践演習連動;一問一答連動,"危険物取扱者は、乙種危険物取扱者は、免状に指定された類の危険物について取扱いおよび立会いができる。

たとえば、条文では「消防法で定める」「政令で定める」「施行令で定める」のように、どの法令に書かれているかを選ぶ問題がよく出ます。

試験では、定義を一文で説明できる点を押さえると得点源になります。",まず「危険物取扱者」は、乙種危険物取扱者は、免状に指定された類の危険物について取扱いおよび立会いができる。 甲種はすべての種類の危険物を取り扱うことができる。乙種は免状に指定された類、乙種第4類は第4類危険物が対象である。 法令・制度では「危険物取扱者」の文脈で繰り返し問われます。,甲種・乙種・丙種の違い;丙種の違い,消防法,A,甲種のように全類を扱えるわけではない。 誤り。免状に応じた危険物の取扱いができる。 誤り。丙種危険物取扱者の立会いを必要とする制度ではない。 誤り。運搬だけに限定された資格ではない。,危険物取扱者とは？危険物取扱者試験（乙種第4類）で押さえる意味・試験ポイント,このページでは、法令・制度分野の「危険物取扱者」を、試験に出る形で整理します。ひとことで言うと、乙種危険物取扱者は、免状に指定された類の危険物について取扱いおよび立会いができる。下の目次の順に読むと、定義から演習のポイントまでつながって理解できます。,"危険物取扱者は、乙種危険物取扱者は、免状に指定された類の危険物について取扱いおよび立会いができる。 乙種危険物取扱者は、免状に指定された類の危険物について取扱いおよび立会いができる。乙4であれば第4類危険物が対象である。

誤り。免状に応じた危険物の取扱いができる。

誤り。丙種危険物取扱者の立会いを必要とする制度ではない。

誤り。運搬だけに限定された資格ではない。

誤り。乙種は免状に指定された類に限られる。

甲種のように全類を扱えるわけではない。

よくある誤りは、甲種のように全類を扱えるわけではない。

法令・制度では「甲種・乙種・丙種の違い」「丙種の違い」など近い用語とセットで出題されます。定義・数値・主体の違いを表で対比し、危険物取扱者だけの特徴を一言で言えるようにしてください。

甲種はすべての種類の危険物を取り扱うことができる。

乙種は免状に指定された類、乙種第4類は第4類危険物が対象である。

乙種危険物取扱者は、免状に指定された類の危険物を取り扱うことができる。",定義を一文で説明できる。;適用する場面（製造・貯蔵・取扱・消火）を挙げられる。;関連する法令名を意識できる。,甲種のように全類を扱えるわけではない。,"「危険物取扱者」は、法令・制度の頻出語です。

整理のコツ：関連する「甲種・乙種・丙種の違い」「丙種の違い」と、「同じ点・違う点」を表に書き出し、危険物取扱者だけの特徴を一行で言えるようにします。

覚え方：間違えたら「甲種のように全類を扱えるわけではない」のパターンか確認し、同じ型の誤りが出た問題を2問だけ繰り返します。

復習のしかた：丸暗記より、選択肢の「誤り。」の理由を声に出して説明できるかを目標にします。",乙種危険物取扱者について、「免状に指定された類の危険物について、取扱いまたは立会いができる。」は正しい。,○。正しい。,危険物取扱者とは何ですか？,危険物取扱者は、乙種危険物取扱者は、免状に指定された類の危険物について取扱いおよび立会いができる。 たとえば、条文では「消防法で定める」「政令で定める」「施行令で定める」のように、どの法令に書かれているかを選ぶ問題がよく出ます。 試験では、定義を一文で説明できる点を押さえると得点源になります。,危険物取扱者は試験でどんなふうに問われますか？,定義を一文で説明できる。適用する場面（製造・貯蔵・取扱・消火）を挙げられる。関連する法令名を意識できる。,危険物取扱者で間違えやすい点は？,甲種のように全類を扱えるわけではない。,危険物取扱者と「甲種・乙種・丙種の違い」「丙種の違い」の違いは？,「甲種・乙種・丙種の違い」「丙種の違い」は意味や数値・適用場面が異なります。用語ページの比較表と演習で、危険物取扱者だけのポイントを確認してください。
危険物各類の共通性状と第4類の位置づけ,きけんぶつかくるいのきょうつうせいじょうとだい4るいのいちづけ,火災・消火・漏えい,火災・消火・漏えい;乙4;頻出;詳細記事;実践演習連動;一問一答連動,"危険物各類の共通性状と第4類の位置づけは、第4類危険物は引火性液体である。

たとえば、危険物各類の共通性状と第4類の位置づけは危険物の類別のひとつです。乙4では第4類（引火性液体）が中心ですが、誤り選択肢では他の類の例も出ます。

試験では、定義を一文で説明できる点を押さえると得点源になります。",まず「危険物各類の共通性状と第4類の位置づけ」は、第4類危険物は引火性液体である。第1類は酸化性固体、第2類は可燃性固体、第5類は自己反応性物質、第6類は酸化性液体である。 正しい。第4類は引火性液体である。 第4類危険物は引火性液体である。第1類は酸化性固体、第2類は可燃性固体、第5類は自己反応性物質、第6類は酸化性液体である。 火災・消火・漏えいでは「分類比較」の文脈で繰り返し問われます。,アセトアルデヒド;アセトン;アニリン,,B,誤り。第1類は酸化性固体である。 誤り。第5類は自己反応性物質である。 誤り。第6類は酸化性液体である。,危険物各類の共通性状と第4類の位置づけとは？危険物取扱者試験（乙種第4類）で押さえる意味・試験ポイント,このページでは、火災・消火・漏えい分野の「危険物各類の共通性状と第4類の位置づけ」を、試験に出る形で整理します。ひとことで言うと、第4類危険物は引火性液体である。第1類は酸化性固体、第2類は可燃性固体、第5類は自己反応性物質、第6類は酸化性液体である。下の目次の順に読むと、定義から演習のポイントまでつながって理解できます。,"危険物各類の共通性状と第4類の位置づけは、第4類危険物は引火性液体である。第1類は酸化性固体、第2類は可燃性固体、第5類は自己反応性物質、第6類は酸化性液体である。

誤り。第1類は酸化性固体である。

誤り。第5類は自己反応性物質である。

誤り。第6類は酸化性液体である。

誤り。第2類は可燃性固体である。

火災・消火・漏えいでは「アセトアルデヒド」「アセトン」など近い用語とセットで出題されます。定義・数値・主体の違いを表で対比し、危険物各類の共通性状と第4類の位置づけだけの特徴を一言で言えるようにしてください。",定義を一文で説明できる。;適用する場面（製造・貯蔵・取扱・消火）を挙げられる。;関連する法令名を意識できる。,類似語と混同する。;数字や条件を取り違える。;すべての危険物に当てはめる。,"「危険物各類の共通性状と第4類の位置づけ」は、火災・消火・漏えいの頻出語です。

整理のコツ：関連する「アセトアルデヒド」「アセトン」「アニリン」と、「同じ点・違う点」を表に書き出し、危険物各類の共通性状と第4類の位置づけだけの特徴を一行で言えるようにします。

覚え方：間違えたら「類似語と混同する」のパターンか確認し、同じ型の誤りが出た問題を2問だけ繰り返します。

復習のしかた：丸暗記より、選択肢の「誤り。」の理由を声に出して説明できるかを目標にします。",危険物の類別と性状の組合せについて、「第4類 — 引火性液体」は正しい。,○。正しい。,危険物各類の共通性状と第4類の位置づけとは何ですか？,危険物各類の共通性状と第4類の位置づけは、第4類危険物は引火性液体である。 たとえば、危険物各類の共通性状と第4類の位置づけは危険物の類別のひとつです。乙4では第4類（引火性液体）が中心ですが、誤り選択肢では他の類の例も出ます。 試験では、定義を一文で説明できる点を押さえると得点源になります。,危険物各類の共通性状と第4類の位置づけは試験でどんなふうに問われますか？,定義を一文で説明できる。適用する場面（製造・貯蔵・取扱・消火）を挙げられる。関連する法令名を意識できる。,危険物各類の共通性状と第4類の位置づけで間違えやすい点は？,類似語と混同する。数字や条件を取り違える。,危険物各類の共通性状と第4類の位置づけと「アセトアルデヒド」「アセトン」の違いは？,「アセトアルデヒド」「アセトン」は意味や数値・適用場面が異なります。用語ページの比較表と演習で、危険物各類の共通性状と第4類の位置づけだけのポイントを確認してください。
危険物施設保安員,きけんぶつしせつほあんいん,法令・制度,法令・制度;乙4;頻出;詳細記事;実践演習連動;一問一答連動,"危険物施設保安員は施設保安に関する役割。

たとえば、条文では「消防法で定める」「政令で定める」「施行令で定める」のように、どの法令に書かれているかを選ぶ問題がよく出ます。

試験では、危険物施設保安員は施設保安に関する役割点を押さえると得点源になります。",まず「危険物施設保安員」は、危険物施設保安員は施設保安に関する役割。 一定の危険物施設で施設の保安に関する業務に関与する者である。 法令・制度では「危険物施設保安員」の文脈で繰り返し問われます。,選任要件・役割;選任要件,消防法,B,危険物施設保安員は施設保安に関する役割。 危険物取扱者、保安監督者、施設保安員を区別する。 保安監督者や保安統括管理者との違いに注意する。 誤り。消火器の販売員ではない。,危険物施設保安員とは？危険物取扱者試験（乙種第4類）で押さえる意味・試験ポイント,このページでは、法令・制度分野の「危険物施設保安員」を、試験に出る形で整理します。ひとことで言うと、危険物施設保安員は施設保安に関する役割。下の目次の順に読むと、定義から演習のポイントまでつながって理解できます。,"危険物施設保安員は施設保安に関する役割。 一定の危険物施設では施設の保安に関する業務に関与する者として選任が必要になります場合がある。

試験では、危険物施設保安員は施設保安に関する役割。危険物施設保安員は施設設備の保安に関係する。また、施設保安員は施設・設備の保安に関係する点も押さえます。

誤り。消火器の販売員ではない。

誤り。第4類危険物施設でも関係し得る。

誤り。危険物の分類名ではない。

誤り。免状所有者が自動的になるものではない。

危険物施設保安員は施設保安に関する役割。

危険物取扱者、保安監督者、施設保安員を区別する。

保安監督者や保安統括管理者との違いに注意する。

よくある誤りは、危険物取扱者、保安監督者、施設保安員を区別する。保安監督者や保安統括管理者との違いに注意する。保安監督者・施設保安員の違いに注意。

法令・制度では「選任要件・役割」「選任要件」など近い用語とセットで出題されます。定義・数値・主体の違いを表で対比し、危険物施設保安員だけの特徴を一言で言えるようにしてください。

一定の危険物施設で施設の保安に関する業務に関与する者である。

一定の危険物施設の構造や設備に関する保安業務に関係する。

危険物施設の構造や設備の保安に関する業務に関係する。",危険物施設保安員は施設保安に関する役割。;危険物施設保安員は施設設備の保安に関係する。;施設保安員は施設・設備の保安に関係する。,危険物取扱者、保安監督者、施設保安員を区別する。;保安監督者や保安統括管理者との違いに注意する。;保安監督者・施設保安員の違いに注意。,"「危険物施設保安員」は、法令・制度の頻出語です。

整理のコツ：関連する「選任要件・役割」「選任要件」と、「同じ点・違う点」を表に書き出し、危険物施設保安員だけの特徴を一行で言えるようにします。

覚え方：間違えたら「危険物取扱者、保安監督者、施設保安員を区別する」のパターンか確認し、同じ型の誤りが出た問題を2問だけ繰り返します。

復習のしかた：丸暗記より、選択肢の「誤り。」の理由を声に出して説明できるかを目標にします。",危険物施設保安員について、「一定の危険物施設で、施設の構造や設備に関する保安業務に関与する者として選任が必要となる場合がある。」は正しい。,○。正しい。,危険物施設保安員とは何ですか？,危険物施設保安員は施設保安に関する役割。 たとえば、条文では「消防法で定める」「政令で定める」「施行令で定める」のように、どの法令に書かれているかを選ぶ問題がよく出ます。 試験では、危険物施設保安員は施設保安に関する役割点を押さえると得点源になります。,危険物施設保安員は試験でどんなふうに問われますか？,危険物施設保安員は施設保安に関する役割。危険物施設保安員は施設設備の保安に関係する。施設保安員は施設・設備の保安に関係する。,危険物施設保安員で間違えやすい点は？,危険物取扱者、保安監督者、施設保安員を区別する。保安監督者や保安統括管理者との違いに注意する。,危険物施設保安員と「選任要件・役割」「選任要件」の違いは？,「選任要件・役割」「選任要件」は意味や数値・適用場面が異なります。用語ページの比較表と演習で、危険物施設保安員だけのポイントを確認してください。
原子・分子,げんし・ぶんし,物性・化学,物性・化学;乙4;頻出;詳細記事;実践演習連動;一問一答連動,"原子・分子は、分子は、いくつかの原子が結びついてできた粒子である。

たとえば、引火点・沸点・密度など、数字と単位をセットで覚えると、選択肢の数値の当たり外れを見分けやすくなります。

試験では、定義を一文で説明できる点を押さえると得点源になります。",まず「原子・分子」は、分子は、いくつかの原子が結びついてできた粒子である。水分子や酸素分子などが例である。 正しい。分子の説明である。 分子は、いくつかの原子が結びついてできた粒子である。水分子や酸素分子などが例である。 物性・化学では「物質の構成」の文脈で繰り返し問われます。,pH;アルカリの性質;アルコール類の基礎,,B,誤り。免状の別名ではない。 誤り。比重の単位ではない。 誤り。光ではない。,原子・分子とは？危険物取扱者試験（乙種第4類）で押さえる意味・試験ポイント,このページでは、物性・化学分野の「原子・分子」を、試験に出る形で整理します。ひとことで言うと、分子は、いくつかの原子が結びついてできた粒子である。水分子や酸素分子などが例である。下の目次の順に読むと、定義から演習のポイントまでつながって理解できます。,"原子・分子は、分子は、いくつかの原子が結びついてできた粒子である。水分子や酸素分子などが例である。

誤り。免状の別名ではない。

誤り。比重の単位ではない。

誤り。光ではない。

誤り。音ではない。

物性・化学では「pH」「アルカリの性質」など近い用語とセットで出題されます。定義・数値・主体の違いを表で対比し、原子・分子だけの特徴を一言で言えるようにしてください。",定義を一文で説明できる。;適用する場面（製造・貯蔵・取扱・消火）を挙げられる。;関連する法令名を意識できる。,類似語と混同する。;数字や条件を取り違える。;すべての危険物に当てはめる。,"「原子・分子」は、物性・化学の頻出語です。

整理のコツ：関連する「pH」「アルカリの性質」「アルコール類の基礎」と、「同じ点・違う点」を表に書き出し、原子・分子だけの特徴を一行で言えるようにします。

覚え方：間違えたら「類似語と混同する」のパターンか確認し、同じ型の誤りが出た問題を2問だけ繰り返します。

復習のしかた：丸暗記より、選択肢の「誤り。」の理由を声に出して説明できるかを目標にします。",分子について、「いくつかの原子が結びついてできた粒子である。」は正しい。,○。正しい。,原子・分子とは何ですか？,原子・分子は、分子は、いくつかの原子が結びついてできた粒子である。 たとえば、引火点・沸点・密度など、数字と単位をセットで覚えると、選択肢の数値の当たり外れを見分けやすくなります。 試験では、定義を一文で説明できる点を押さえると得点源になります。,原子・分子は試験でどんなふうに問われますか？,定義を一文で説明できる。適用する場面（製造・貯蔵・取扱・消火）を挙げられる。関連する法令名を意識できる。,原子・分子で間違えやすい点は？,類似語と混同する。数字や条件を取り違える。,原子・分子と「pH」「アルカリの性質」の違いは？,「pH」「アルカリの性質」は意味や数値・適用場面が異なります。用語ページの比較表と演習で、原子・分子だけのポイントを確認してください。
取扱いの共通基準,とりあつかいのきょうつうきじゅん,法令・制度,法令・制度;乙4;頻出;詳細記事;実践演習連動;一問一答連動,"取扱いの共通基準は、危険物はその性質に応じて、火気、漏えい、混触、温度管理などに注意して貯蔵・取扱いを行う必要がある。

たとえば、条文では「消防法で定める」「政令で定める」「施行令で定める」のように、どの法令に書かれているかを選ぶ問題がよく出ます。

試験では、貯蔵・取扱いでは、火気・漏えい・混触・温度に注意する点を押さえると得点源になります。",まず「取扱いの共通基準」は、危険物はその性質に応じて、火気、漏えい、混触、温度管理などに注意して貯蔵・取扱いを行う必要がある。 危険物はその性質に応じて、火気、温度、漏えい、混触などに注意して貯蔵・取扱いを行う必要がある。 法令・制度では「貯蔵・取扱基準」の文脈で繰り返し問われます。,危険物の貯蔵・取扱いの共通基準;貯蔵・取扱基準;危険物の貯蔵,危険物の規制に関する政令,B,貯蔵・取扱いでは、火気・漏えい・混触・温度に注意する。 危険物は種類が違っても同じ扱いでよい、という理解は誤り。 すべて同じ保管方法でよい、とは考えない。 誤り。直射日光や加熱は危険を高める場合がある。,取扱いの共通基準とは？危険物取扱者試験（乙種第4類）で押さえる意味・試験ポイント,このページでは、法令・制度分野の「取扱いの共通基準」を、試験に出る形で整理します。ひとことで言うと、危険物はその性質に応じて、火気、漏えい、混触、温度管理などに注意して貯蔵・取扱いを行う必要がある。下の目次の順に読むと、定義から演習のポイントまでつながって理解できます。,"取扱いの共通基準は、危険物はその性質に応じて、火気、漏えい、混触、温度管理などに注意して貯蔵・取扱いを行う必要がある。 危険物はその性質に応じて、火気、温度、漏えい、混触などに注意して貯蔵・取扱いを行う必要がある。

試験では、貯蔵・取扱いでは、火気・漏えい・混触・温度に注意する点が問われます。

誤り。直射日光や加熱は危険を高める場合がある。

誤り。危険物の種類や性質に応じた貯蔵方法が必要である。

誤り。下水へ流すことは火災や環境汚染の危険がある。

誤り。可燃性蒸気がある場所で火気を近づけるのは危険である。

貯蔵・取扱いでは、火気・漏えい・混触・温度に注意する。

危険物は種類が違っても同じ扱いでよい、という理解は誤り。

すべて同じ保管方法でよい、とは考えない。

よくある誤りは、危険物は種類が違っても同じ扱いでよい、という理解は誤り。すべて同じ保管方法でよい、とは考えない。適切な管理策と危険行為を取り違えない。

法令・制度では「危険物の貯蔵・取扱いの共通基準」「貯蔵・取扱基準」など近い用語とセットで出題されます。定義・数値・主体の違いを表で対比し、取扱いの共通基準だけの特徴を一言で言えるようにしてください。

危険物の性質を無視して混触させると、火災や反応の危険がある。

火気管理、漏えい防止、換気、温度管理は重要な対策である。

危険物は性質に応じ、温度、火気、漏えい、換気などに注意して貯蔵する。",貯蔵・取扱いでは、火気・漏えい・混触・温度に注意する。,危険物は種類が違っても同じ扱いでよい、という理解は誤り。;すべて同じ保管方法でよい、とは考えない。;適切な管理策と危険行為を取り違えない。,"「取扱いの共通基準」は、法令・制度の頻出語です。

整理のコツ：関連する「危険物の貯蔵・取扱いの共通基準」「貯蔵・取扱基準」「危険物の貯蔵」と、「同じ点・違う点」を表に書き出し、取扱いの共通基準だけの特徴を一行で言えるようにします。

覚え方：間違えたら「危険物は種類が違っても同じ扱いでよい、という理解は誤り」のパターンか確認し、同じ型の誤りが出た問題を2問だけ繰り返します。

復習のしかた：丸暗記より、選択肢の「誤り。」の理由を声に出して説明できるかを目標にします。",危険物の貯蔵または取扱いについて、適切なものについて、「危険物の性質に応じて、火気、漏えい、混触などに注意して取り扱う。」は正しい。,○。正しい。,取扱いの共通基準とは何ですか？,取扱いの共通基準は、危険物はその性質に応じて、火気、漏えい、混触、温度管理などに注意して貯蔵・取扱いを行う必要がある。 たとえば、条文では「消防法で定める」「政令で定める」「施行令で定める」のように、どの法令に書かれているかを選ぶ問題がよく出ます。 試験では、貯蔵・取扱いでは、火気・漏えい・混触・温度に注意する点を押さえると得点源になります。,取扱いの共通基準は試験でどんなふうに問われますか？,貯蔵・取扱いでは、火気・漏えい・混触・温度に注意する。,取扱いの共通基準で間違えやすい点は？,危険物は種類が違っても同じ扱いでよい、という理解は誤り。すべて同じ保管方法でよい、とは考えない。,取扱いの共通基準と「危険物の貯蔵・取扱いの共通基準」「貯蔵・取扱基準」の違いは？,「危険物の貯蔵・取扱いの共通基準」「貯蔵・取扱基準」は意味や数値・適用場面が異なります。用語ページの比較表と演習で、取扱いの共通基準だけのポイントを確認してください。
取扱い注意点,とりあつかいちゅういてん,火災・消火・漏えい,火災・消火・漏えい;乙4;頻出;詳細記事;実践演習連動;一問一答連動,"取扱い注意点は、第4類危険物では、蒸気の発生、火気、静電気、漏えいに注意し、密栓や換気など適切な管理を行う必要がある。

たとえば、危険物の性質（水溶性か、蒸気がたまりやすいか）に合った消火・漏えい対策かどうかが、正誤の判断ポイントになります。

試験では、第4類は密栓・火気厳禁・漏えい防止点を押さえると得点源になります。",まず「取扱い注意点」は、第4類危険物では、蒸気の発生、火気、静電気、漏えいに注意し、密栓や換気など適切な管理を行う必要がある。 誤り。火気の近くでの移し替えは危険である。 第4類危険物では、蒸気の発生、火気、静電気、漏えいに注意し、密栓や換気など適切な管理を行う必要がある。 火災・消火・漏えいでは「貯蔵・取扱い」の文脈で繰り返し問われます。,第4類危険物の貯蔵・取扱い注意点;貯蔵・取扱い;第4類危険物の貯蔵,,B,第4類は密栓・火気厳禁・漏えい防止。 誤り。漏えいは適切に処理する必要がある。 誤り。容器開放は蒸気発生の危険を高める。 誤り。水溶性でも引火危険がある。,取扱い注意点とは？危険物取扱者試験（乙種第4類）で押さえる意味・試験ポイント,このページでは、火災・消火・漏えい分野の「取扱い注意点」を、試験に出る形で整理します。ひとことで言うと、第4類危険物では、蒸気の発生、火気、静電気、漏えいに注意し、密栓や換気など適切な管理を行う必要がある。下の目次の順に読むと、定義から演習のポイントまでつながって理解できます。,"取扱い注意点は、第4類危険物では、蒸気の発生、火気、静電気、漏えいに注意し、密栓や換気など適切な管理を行う必要がある。

試験では、第4類は密栓・火気厳禁・漏えい防止点が問われます。

誤り。漏えいは適切に処理する必要がある。

誤り。容器開放は蒸気発生の危険を高める。

誤り。水溶性でも引火危険がある。

誤り。火気の近くでの移し替えは危険である。

第4類は密栓・火気厳禁・漏えい防止。

火災・消火・漏えいでは「第4類危険物の貯蔵・取扱い注意点」「貯蔵・取扱い」など近い用語とセットで出題されます。定義・数値・主体の違いを表で対比し、取扱い注意点だけの特徴を一言で言えるようにしてください。",第4類は密栓・火気厳禁・漏えい防止。,類似語と混同する。;数字や条件を取り違える。;すべての危険物に当てはめる。,"「取扱い注意点」は、火災・消火・漏えいの頻出語です。

整理のコツ：関連する「第4類危険物の貯蔵・取扱い注意点」「貯蔵・取扱い」「第4類危険物の貯蔵」と、「同じ点・違う点」を表に書き出し、取扱い注意点だけの特徴を一行で言えるようにします。

覚え方：間違えたら「類似語と混同する」のパターンか確認し、同じ型の誤りが出た問題を2問だけ繰り返します。

復習のしかた：丸暗記より、選択肢の「誤り。」の理由を声に出して説明できるかを目標にします。",第4類危険物の貯蔵・取扱いについて、適切なものについて、「火気の近くで移し替える。」は正しい。,×。誤り。,取扱い注意点とは何ですか？,取扱い注意点は、第4類危険物では、蒸気の発生、火気、静電気、漏えいに注意し、密栓や換気など適切な管理を行う必要がある。 たとえば、危険物の性質（水溶性か、蒸気がたまりやすいか）に合った消火・漏えい対策かどうかが、正誤の判断ポイントになります。 試験では、第4類は密栓・火気厳禁・漏えい防止点を押さえると得点源になります。,取扱い注意点は試験でどんなふうに問われますか？,第4類は密栓・火気厳禁・漏えい防止。,取扱い注意点で間違えやすい点は？,類似語と混同する。数字や条件を取り違える。,取扱い注意点と「第4類危険物の貯蔵・取扱い注意点」「貯蔵・取扱い」の違いは？,「第4類危険物の貯蔵・取扱い注意点」「貯蔵・取扱い」は意味や数値・適用場面が異なります。用語ページの比較表と演習で、取扱い注意点だけのポイントを確認してください。
取扱所,とりあつかいところ,法令・制度,法令・制度;乙4;頻出;詳細記事;実践演習連動;一問一答連動,"取扱所は、危険物の販売・給油・移送等の取扱いを行う施設を指し、種類により基準が異なる。

たとえば、条文では「消防法で定める」「政令で定める」「施行令で定める」のように、どの法令に書かれているかを選ぶ問題がよく出ます。

試験では、一般・販売・給油・移送の区分点を押さえると得点源になります。",まず「取扱所」は、危険物の販売・給油・移送等の取扱いを行う施設を指し、種類により基準が異なる。,セルフ式給油取扱所の基準;一般取扱所の基準;丙種の違い,危険物の規制に関する政令,B,給油取扱所は取扱所、移動タンク貯蔵所は貯蔵所。 名称に『貯蔵所』が付くものと取扱所を混同しない。 移送取扱所と移動タンク貯蔵所を区別する。 誤り。屋内貯蔵所は貯蔵所である。,取扱所とは？危険物取扱者試験（乙種第4類）で押さえる意味・試験ポイント,このページでは、法令・制度分野の「取扱所」を、試験に出る形で整理します。ひとことで言うと、危険物の販売・給油・移送等の取扱いを行う施設を指し、種類により基準が異なる。下の目次の順に読むと、定義から演習のポイントまでつながって理解できます。,"一般取扱所・販売取扱所・給油取扱所・移送取扱所は、設備・防火・表示・火気管理の基準がそれぞれ定められています。製造所・貯蔵所との役割の違いも整理してください。

セルフ式給油、静電気対策、表示板の設置など、給油取扱所を中心に実務的な設問が出ます。

誤り。屋内貯蔵所は貯蔵所である。

誤り。屋外タンク貯蔵所は貯蔵所である。

誤り。移動タンク貯蔵所は貯蔵所である。

誤り。地下タンク貯蔵所は貯蔵所である。

給油取扱所は取扱所、移動タンク貯蔵所は貯蔵所。

名称に『貯蔵所』が付くものと取扱所を混同しない。",一般・販売・給油・移送の区分。;製造所・貯蔵所との違い。;表示・火気・静電気。,すべての取扱所を同一基準とみなす。;給油取扱所と一般取扱所を混同する。,"「取扱所」は、法令・制度の頻出語です。

整理のコツ：関連する「セルフ式給油取扱所の基準」「一般取扱所の基準」「丙種の違い」と、「同じ点・違う点」を表に書き出し、取扱所だけの特徴を一行で言えるようにします。

覚え方：間違えたら「すべての取扱所を同一基準とみなす」のパターンか確認し、同じ型の誤りが出た問題を2問だけ繰り返します。

復習のしかた：丸暗記より、選択肢の「誤り。」の理由を声に出して説明できるかを目標にします。",危険物の取扱所の種類について、「地下タンク貯蔵所」は正しい。,×。誤り。,取扱所とは何ですか？,取扱所は、危険物の販売・給油・移送等の取扱いを行う施設を指し、種類により基準が異なる。 たとえば、条文では「消防法で定める」「政令で定める」「施行令で定める」のように、どの法令に書かれているかを選ぶ問題がよく出ます。 試験では、一般・販売・給油・移送の区分点を押さえると得点源になります。,取扱所は試験でどんなふうに問われますか？,一般・販売・給油・移送の区分。製造所・貯蔵所との違い。表示・火気・静電気。,取扱所で間違えやすい点は？,すべての取扱所を同一基準とみなす。給油取扱所と一般取扱所を混同する。,取扱所と「セルフ式給油取扱所の基準」「一般取扱所の基準」の違いは？,「セルフ式給油取扱所の基準」「一般取扱所の基準」は意味や数値・適用場面が異なります。用語ページの比較表と演習で、取扱所だけのポイントを確認してください。
取扱所の種類全体,とりあつかいところのしゅるいぜんたい,法令・制度,法令・制度;乙4;頻出;詳細記事;実践演習連動;一問一答連動,"取扱所の種類全体は、給油取扱所は危険物を取り扱う取扱所の一種である。

たとえば、条文では「消防法で定める」「政令で定める」「施行令で定める」のように、どの法令に書かれているかを選ぶ問題がよく出ます。

試験では、給油取扱所は取扱所、移動タンク貯蔵所は貯蔵所点を押さえると得点源になります。",まず「取扱所の種類全体」は、給油取扱所は危険物を取り扱う取扱所の一種である。他の選択肢はいずれも貯蔵所に分類される。 一般取扱所は取扱所の一種である。他の選択肢は貯蔵所に分類される。 法令・制度では「取扱所」の文脈で繰り返し問われます。,セルフ式給油取扱所の基準;一般取扱所の基準;丙種の違い,危険物の規制に関する政令,B,給油取扱所は取扱所、移動タンク貯蔵所は貯蔵所。 名称に『貯蔵所』が付くものと取扱所を混同しない。 移送取扱所と移動タンク貯蔵所を区別する。 誤り。屋内貯蔵所は貯蔵所である。,取扱所の種類全体とは？危険物取扱者試験（乙種第4類）で押さえる意味・試験ポイント,このページでは、法令・制度分野の「取扱所の種類全体」を、試験に出る形で整理します。ひとことで言うと、給油取扱所は危険物を取り扱う取扱所の一種である。他の選択肢はいずれも貯蔵所に分類される。下の目次の順に読むと、定義から演習のポイントまでつながって理解できます。,"取扱所の種類全体は、給油取扱所は危険物を取り扱う取扱所の一種である。他の選択肢はいずれも貯蔵所に分類される。 一般取扱所は取扱所の一種である。他の選択肢は貯蔵所に分類される。

試験では、給油取扱所は取扱所、移動タンク貯蔵所は貯蔵所点が問われます。

誤り。屋内貯蔵所は貯蔵所である。

誤り。屋外タンク貯蔵所は貯蔵所である。

誤り。移動タンク貯蔵所は貯蔵所である。

誤り。地下タンク貯蔵所は貯蔵所である。

給油取扱所は取扱所、移動タンク貯蔵所は貯蔵所。

名称に『貯蔵所』が付くものと取扱所を混同しない。

移送取扱所と移動タンク貯蔵所を区別する。

よくある誤りは、名称に『貯蔵所』が付くものと取扱所を混同しない。移送取扱所と移動タンク貯蔵所を区別する。

法令・制度では「セルフ式給油取扱所の基準」「一般取扱所の基準」など近い用語とセットで出題されます。定義・数値・主体の違いを表で対比し、取扱所の種類全体だけの特徴を一言で言えるようにしてください。",給油取扱所は取扱所、移動タンク貯蔵所は貯蔵所。,名称に『貯蔵所』が付くものと取扱所を混同しない。;移送取扱所と移動タンク貯蔵所を区別する。,"「取扱所の種類全体」は、法令・制度の頻出語です。

整理のコツ：関連する「セルフ式給油取扱所の基準」「一般取扱所の基準」「丙種の違い」と、「同じ点・違う点」を表に書き出し、取扱所の種類全体だけの特徴を一行で言えるようにします。

覚え方：間違えたら「名称に『貯蔵所』が付くものと取扱所を混同しない」のパターンか確認し、同じ型の誤りが出た問題を2問だけ繰り返します。

復習のしかた：丸暗記より、選択肢の「誤り。」の理由を声に出して説明できるかを目標にします。",危険物の取扱所の種類について、「地下タンク貯蔵所」は正しい。,×。誤り。,取扱所の種類全体とは何ですか？,取扱所の種類全体は、給油取扱所は危険物を取り扱う取扱所の一種である。 たとえば、条文では「消防法で定める」「政令で定める」「施行令で定める」のように、どの法令に書かれているかを選ぶ問題がよく出ます。 試験では、給油取扱所は取扱所、移動タンク貯蔵所は貯蔵所点を押さえると得点源になります。,取扱所の種類全体は試験でどんなふうに問われますか？,給油取扱所は取扱所、移動タンク貯蔵所は貯蔵所。,取扱所の種類全体で間違えやすい点は？,名称に『貯蔵所』が付くものと取扱所を混同しない。移送取扱所と移動タンク貯蔵所を区別する。,取扱所の種類全体と「セルフ式給油取扱所の基準」「一般取扱所の基準」の違いは？,「セルフ式給油取扱所の基準」「一般取扱所の基準」は意味や数値・適用場面が異なります。用語ページの比較表と演習で、取扱所の種類全体だけのポイントを確認してください。
取扱所基準,とりあつかいところきじゅん,法令・制度,法令・制度;乙4;頻出;詳細記事;実践演習連動;一問一答連動,"取扱所基準は、給油取扱所は、自動車等へ給油するための取扱所であり、貯蔵所や免状交付機関ではない。

たとえば、条文では「消防法で定める」「政令で定める」「施行令で定める」のように、どの法令に書かれているかを選ぶ問題がよく出ます。

試験では、セルフ式給油取扱所では監視・安全確保が重要点を押さえると得点源になります。",まず「取扱所基準」は、給油取扱所は、自動車等へ給油するための取扱所であり、貯蔵所や免状交付機関ではない。 セルフ式給油取扱所では、顧客が自ら給油等を行うため、安全確保のための設備や監視体制などが重要となる。 法令・制度では「取扱所基準」の文脈で繰り返し問われます。,給油取扱所の基準;移送取扱所の基準;セルフ式給油取扱所の基準,危険物の規制に関する政令,B,給油取扱所と移動タンク貯蔵所を混同しない。 セルフ式給油取扱所では監視・安全確保が重要。 移送取扱所は配管等による移送を扱う取扱所。 誤り。免状交付機関ではない。,取扱所基準とは？危険物取扱者試験（乙種第4類）で押さえる意味・試験ポイント,このページでは、法令・制度分野の「取扱所基準」を、試験に出る形で整理します。ひとことで言うと、給油取扱所は、自動車等へ給油するための取扱所であり、貯蔵所や免状交付機関ではない。下の目次の順に読むと、定義から演習のポイントまでつながって理解できます。,"取扱所基準は、給油取扱所は、自動車等へ給油するための取扱所であり、貯蔵所や免状交付機関ではない。 セルフ式給油取扱所では、顧客が自ら給油等を行うため、安全確保のための設備や監視体制などが重要となる。

試験では、セルフ式給油取扱所では監視・安全確保が重要。移送取扱所は配管等による移送を扱う取扱所。給油取扱所では火気・漏えい・静電気に注意。また、移送取扱所と移動タンク貯蔵所を区別する点も押さえます。

誤り。免状交付機関ではない。

誤り。屋内貯蔵所の説明である。

誤り。移動タンク貯蔵所の説明である。

誤り。移送取扱所の説明に近いが、貯蔵所ではない。

給油取扱所と移動タンク貯蔵所を混同しない。

セルフ式給油取扱所では監視・安全確保が重要。

移送取扱所は配管等による移送を扱う取扱所。

よくある誤りは、給油取扱所と移動タンク貯蔵所を混同しない。移送取扱所と移動タンク貯蔵所を混同しない。『移送』と『移動』の語感だけで判断しない。

法令・制度では「給油取扱所の基準」「移送取扱所の基準」など近い用語とセットで出題されます。定義・数値・主体の違いを表で対比し、取扱所基準だけの特徴を一言で言えるようにしてください。

販売取扱所は、容器入りの危険物を販売する取扱所である。

移動タンク貯蔵所や屋外タンク貯蔵所とは異なる。

移送取扱所は、配管などにより危険物を移送する取扱所である。",セルフ式給油取扱所では監視・安全確保が重要。;移送取扱所は配管等による移送を扱う取扱所。;給油取扱所では火気・漏えい・静電気に注意。;移送取扱所と移動タンク貯蔵所を区別する。;給油取扱所はガソリンスタンドのイメージ。,給油取扱所と移動タンク貯蔵所を混同しない。;移送取扱所と移動タンク貯蔵所を混同しない。;『移送』と『移動』の語感だけで判断しない。,"「取扱所基準」は、法令・制度の頻出語です。

整理のコツ：関連する「給油取扱所の基準」「移送取扱所の基準」「セルフ式給油取扱所の基準」と、「同じ点・違う点」を表に書き出し、取扱所基準だけの特徴を一行で言えるようにします。

覚え方：間違えたら「給油取扱所と移動タンク貯蔵所を混同しない」のパターンか確認し、同じ型の誤りが出た問題を2問だけ繰り返します。

復習のしかた：丸暗記より、選択肢の「誤り。」の理由を声に出して説明できるかを目標にします。",給油取扱所について、「危険物取扱者免状を交付する行政機関である。」は正しい。,×。誤り。,取扱所基準とは何ですか？,取扱所基準は、給油取扱所は、自動車等へ給油するための取扱所であり、貯蔵所や免状交付機関ではない。 たとえば、条文では「消防法で定める」「政令で定める」「施行令で定める」のように、どの法令に書かれているかを選ぶ問題がよく出ます。 試験では、セルフ式給油取扱所では監視・安全確保が重要点を押さえると得点源になります。,取扱所基準は試験でどんなふうに問われますか？,セルフ式給油取扱所では監視・安全確保が重要。移送取扱所は配管等による移送を扱う取扱所。給油取扱所では火気・漏えい・静電気に注意。,取扱所基準で間違えやすい点は？,給油取扱所と移動タンク貯蔵所を混同しない。移送取扱所と移動タンク貯蔵所を混同しない。,取扱所基準と「給油取扱所の基準」「移送取扱所の基準」の違いは？,「給油取扱所の基準」「移送取扱所の基準」は意味や数値・適用場面が異なります。用語ページの比較表と演習で、取扱所基準だけのポイントを確認してください。
可燃性固体,かねんせいこたい,物性・化学,物性・化学;乙4;頻出;詳細記事;実践演習連動;一問一答連動,"可燃性固体は、第1類は酸化性固体、第2類は可燃性固体、第5類は自己反応性物質、第6類は酸化性液体である。

たとえば、引火点・沸点・密度など、数字と単位をセットで覚えると、選択肢の数値の当たり外れを見分けやすくなります。

試験では、定義を一文で説明できる点を押さえると得点源になります。",まず「可燃性固体」は、第1類は酸化性固体、第2類は可燃性固体、第5類は自己反応性物質、第6類は酸化性液体である。 誤り。可燃性固体は第2類である。 第4類危険物は引火性液体である。 物性・化学では「分類比較」の文脈で繰り返し問われます。,危険物各類の共通性状と第4類の位置づけ;分類比較;第4類危険物の共通性質,,B,誤り。第1類は酸化性固体である。 誤り。第5類は自己反応性物質である。 誤り。第6類は酸化性液体である。,可燃性固体とは？危険物取扱者試験（乙種第4類）で押さえる意味・試験ポイント,物性・化学分野の「可燃性固体」は、第1類は酸化性固体、第2類は可燃性固体、第5類は自己反応性物質、第6類は酸化性液体である。試験では定義の言い換えと数値・主体の区別がセットで問われます。,"可燃性固体は、第1類は酸化性固体、第2類は可燃性固体、第5類は自己反応性物質、第6類は酸化性液体である。 第4類危険物は引火性液体である。第1類は酸化性固体、第2類は可燃性固体、第5類は自己反応性物質、第6類は酸化性液体である。

誤り。第1類は酸化性固体である。

誤り。第5類は自己反応性物質である。

誤り。第6類は酸化性液体である。

誤り。第2類は可燃性固体である。

物性・化学では「危険物各類の共通性状と第4類の位置づけ」「分類比較」など近い用語とセットで出題されます。定義・数値・主体の違いを表で対比し、可燃性固体だけの特徴を一言で言えるようにしてください。",定義を一文で説明できる。;適用する場面（製造・貯蔵・取扱・消火）を挙げられる。;関連する法令名を意識できる。,類似語と混同する。;数字や条件を取り違える。;すべての危険物に当てはめる。,"「可燃性固体」は、物性・化学の頻出語です。

整理のコツ：関連する「危険物各類の共通性状と第4類の位置づけ」「分類比較」「第4類危険物の共通性質」と、「同じ点・違う点」を表に書き出し、可燃性固体だけの特徴を一行で言えるようにします。

覚え方：間違えたら「類似語と混同する」のパターンか確認し、同じ型の誤りが出た問題を2問だけ繰り返します。

復習のしかた：丸暗記より、選択肢の「誤り。」の理由を声に出して説明できるかを目標にします。",第4類危険物に共通する基本的な性質について、「可燃性固体である。」は正しい。,×。誤り。,可燃性固体とは何ですか？,可燃性固体は、第1類は酸化性固体、第2類は可燃性固体、第5類は自己反応性物質、第6類は酸化性液体である。 たとえば、引火点・沸点・密度など、数字と単位をセットで覚えると、選択肢の数値の当たり外れを見分けやすくなります。 試験では、定義を一文で説明できる点を押さえると得点源になります。,可燃性固体は試験でどんなふうに問われますか？,定義を一文で説明できる。適用する場面（製造・貯蔵・取扱・消火）を挙げられる。関連する法令名を意識できる。,可燃性固体で間違えやすい点は？,類似語と混同する。数字や条件を取り違える。,可燃性固体と「危険物各類の共通性状と第4類の位置づけ」「分類比較」の違いは？,「危険物各類の共通性状と第4類の位置づけ」「分類比較」は意味や数値・適用場面が異なります。用語ページの比較表と演習で、可燃性固体だけのポイントを確認してください。
可燃性蒸気,かねんせいじょうき,物性・化学,物性・化学;乙4;頻出;詳細記事;実践演習連動;一問一答連動,"可燃性蒸気は、危険物から発生した蒸気が空気と混合し、燃焼範囲内にあると引火・爆発の危険がある状態を指します。

たとえば、密閉空間では蒸気がたまりやすく、換気と火気厳禁が重要です。数値（引火点・爆発下限界など）は品名とセットで確認してください。

試験では、液体より蒸気濃度が重要点を押さえると得点源になります。",まず「可燃性蒸気」は、危険物から発生した蒸気が空気と混合し、燃焼範囲内にあると引火・爆発の危険がある状態を指します。,可燃性蒸気と空気の混合;燃焼;可燃性蒸気と空気の混合危険,危険物の規制に関する政令,B,可燃性蒸気は空気との混合濃度が重要。 空気で薄まれば常に安全、とは限らない。 誤り。水溶性と発火は別である。 誤り。指定数量はゼロにならない。,可燃性蒸気とは？危険物取扱者試験（乙種第4類）で押さえる意味・試験ポイント,このページでは、物性・化学分野の「可燃性蒸気」を、試験に出る形で整理します。ひとことで言うと、危険物から発生した蒸気が空気と混合し、燃焼範囲内にあると引火・爆発の危険がある状態を指します。下の目次の順に読むと、定義から演習のポイントまでつながって理解できます。,"引火性液体では、液体そのものより蒸気の濃度が重要です。爆発下限界・上限界の間で燃焼しやすく、換気不足や低所への滞留（蒸気比重が大きい場合）がリスクを高めます。

第4類の取扱いでは、密閉・換気・火気管理・漏えい防止がセットで問われます。ガソリンなど揮発性の高い品名ほど注意が必要です。

誤り。水溶性と発火は別である。

誤り。指定数量はゼロにならない。

誤り。燃焼範囲内では燃焼し得る。

誤り。不燃性になるとは限らない。

可燃性蒸気は空気との混合濃度が重要。

空気で薄まれば常に安全、とは限らない。",液体より蒸気濃度が重要。;爆発下限界・上限界。;換気・低所滞留・火気管理。,空気で薄めれば常に安全と誤解する。;液体のみ注意して蒸気を軽視する。,"「可燃性蒸気」は、物性・化学の頻出語です。

整理のコツ：関連する「可燃性蒸気と空気の混合」「燃焼」「可燃性蒸気と空気の混合危険」と、「同じ点・違う点」を表に書き出し、可燃性蒸気だけの特徴を一行で言えるようにします。

覚え方：間違えたら「空気で薄めれば常に安全と誤解する」のパターンか確認し、同じ型の誤りが出た問題を2問だけ繰り返します。

復習のしかた：丸暗記より、選択肢の「誤り。」の理由を声に出して説明できるかを目標にします。",可燃性蒸気と空気の混合について、「一定の濃度範囲にあると引火・燃焼の危険がある。」は正しい。,○。正しい。,可燃性蒸気とは何ですか？,可燃性蒸気は、危険物から発生した蒸気が空気と混合し、燃焼範囲内にあると引火・爆発の危険がある状態を指します。 たとえば、密閉空間では蒸気がたまりやすく、換気と火気厳禁が重要です。数値（引火点・爆発下限界など）は品名とセットで確認してください。 試験では、液体より蒸気濃度が重要点を押さえると得点源になります。,可燃性蒸気は試験でどんなふうに問われますか？,液体より蒸気濃度が重要。爆発下限界・上限界。換気・低所滞留・火気管理。,可燃性蒸気で間違えやすい点は？,空気で薄めれば常に安全と誤解する。液体のみ注意して蒸気を軽視する。,可燃性蒸気と「可燃性蒸気と空気の混合」「燃焼」の違いは？,「可燃性蒸気と空気の混合」「燃焼」は意味や数値・適用場面が異なります。用語ページの比較表と演習で、可燃性蒸気だけのポイントを確認してください。
可燃性蒸気と空気の混合,かねんせいじょうきとくうきのこんごう,物性・化学,物性・化学;乙4;頻出;詳細記事;実践演習連動;一問一答連動,"可燃性蒸気と空気の混合は、可燃性蒸気と空気の混合気は、燃焼範囲内にあると引火・燃焼の危険がある。

たとえば、密閉空間では蒸気がたまりやすく、換気と火気厳禁が重要です。数値（引火点・爆発下限界など）は品名とセットで確認してください。

試験では、可燃性蒸気は空気との混合濃度が重要点を押さえると得点源になります。",まず「可燃性蒸気と空気の混合」は、可燃性蒸気と空気の混合気は、燃焼範囲内にあると引火・燃焼の危険がある。 可燃性蒸気と空気の混合気が燃焼範囲内にある場合、点火源があれば燃焼・爆発のおそれがある。 物性・化学では「燃焼」の文脈で繰り返し問われます。,pH;アルカリの性質;アルコール類の基礎,,B,可燃性蒸気は空気との混合濃度が重要。 誤り。水溶性と発火は別である。 誤り。指定数量はゼロにならない。 誤り。燃焼範囲内では燃焼し得る。,可燃性蒸気と空気の混合とは？危険物取扱者試験（乙種第4類）で押さえる意味・試験ポイント,このページでは、物性・化学分野の「可燃性蒸気と空気の混合」を、試験に出る形で整理します。ひとことで言うと、可燃性蒸気と空気の混合気は、燃焼範囲内にあると引火・燃焼の危険がある。下の目次の順に読むと、定義から演習のポイントまでつながって理解できます。,"可燃性蒸気と空気の混合は、可燃性蒸気と空気の混合気は、燃焼範囲内にあると引火・燃焼の危険がある。 可燃性蒸気と空気の混合気が燃焼範囲内にある場合、点火源があれば燃焼・爆発のおそれがある。

試験では、可燃性蒸気は空気との混合濃度が重要点が問われます。

誤り。水溶性と発火は別である。

誤り。指定数量はゼロにならない。

誤り。燃焼範囲内では燃焼し得る。

誤り。不燃性になるとは限らない。

可燃性蒸気は空気との混合濃度が重要。

物性・化学では「pH」「アルカリの性質」など近い用語とセットで出題されます。定義・数値・主体の違いを表で対比し、可燃性蒸気と空気の混合だけの特徴を一言で言えるようにしてください。",可燃性蒸気は空気との混合濃度が重要。,類似語と混同する。;数字や条件を取り違える。;すべての危険物に当てはめる。,"「可燃性蒸気と空気の混合」は、物性・化学の頻出語です。

整理のコツ：関連する「pH」「アルカリの性質」「アルコール類の基礎」と、「同じ点・違う点」を表に書き出し、可燃性蒸気と空気の混合だけの特徴を一行で言えるようにします。

覚え方：間違えたら「類似語と混同する」のパターンか確認し、同じ型の誤りが出た問題を2問だけ繰り返します。

復習のしかた：丸暗記より、選択肢の「誤り。」の理由を声に出して説明できるかを目標にします。",可燃性蒸気と空気の混合について、「一定の濃度範囲にあると引火・燃焼の危険がある。」は正しい。,○。正しい。,可燃性蒸気と空気の混合とは何ですか？,可燃性蒸気と空気の混合は、可燃性蒸気と空気の混合気は、燃焼範囲内にあると引火・燃焼の危険がある。 たとえば、密閉空間では蒸気がたまりやすく、換気と火気厳禁が重要です。数値（引火点・爆発下限界など）は品名とセットで確認してください。 試験では、可燃性蒸気は空気との混合濃度が重要点を押さえると得点源になります。,可燃性蒸気と空気の混合は試験でどんなふうに問われますか？,可燃性蒸気は空気との混合濃度が重要。,可燃性蒸気と空気の混合で間違えやすい点は？,類似語と混同する。数字や条件を取り違える。,可燃性蒸気と空気の混合と「pH」「アルカリの性質」の違いは？,「pH」「アルカリの性質」は意味や数値・適用場面が異なります。用語ページの比較表と演習で、可燃性蒸気と空気の混合だけのポイントを確認してください。
可燃性蒸気と空気の混合危険,かねんせいじょうきとくうきのこんごうきけん,火災・消火・漏えい,火災・消火・漏えい;乙4;頻出;詳細記事;実践演習連動;一問一答連動,"可燃性蒸気と空気の混合危険は、可燃性蒸気と空気の混合気が燃焼範囲内にあると、引火・爆発の危険がある。

たとえば、密閉空間では蒸気がたまりやすく、換気と火気厳禁が重要です。数値（引火点・爆発下限界など）は品名とセットで確認してください。

試験では、可燃性蒸気は空気との混合濃度が重要点を押さえると得点源になります。",まず「可燃性蒸気と空気の混合危険」は、可燃性蒸気と空気の混合気が燃焼範囲内にあると、引火・爆発の危険がある。 正しい。燃焼範囲内では危険がある。 可燃性蒸気と空気の混合気が燃焼範囲内にあると、引火・爆発の危険がある。 火災・消火・漏えいでは「第4類共通性質」の文脈で繰り返し問われます。,アセトアルデヒド;アセトン;アニリン,,B,可燃性蒸気は空気との混合濃度が重要。 空気で薄まれば常に安全、とは限らない。 誤り。指定数量をなくさない。 誤り。空気との混合で危険になる場合がある。,可燃性蒸気と空気の混合危険とは？危険物取扱者試験（乙種第4類）で押さえる意味・試験ポイント,このページでは、火災・消火・漏えい分野の「可燃性蒸気と空気の混合危険」を、試験に出る形で整理します。ひとことで言うと、可燃性蒸気と空気の混合気が燃焼範囲内にあると、引火・爆発の危険がある。下の目次の順に読むと、定義から演習のポイントまでつながって理解できます。,"可燃性蒸気と空気の混合危険は、可燃性蒸気と空気の混合気が燃焼範囲内にあると、引火・爆発の危険がある。

試験では、可燃性蒸気は空気との混合濃度が重要点が問われます。

誤り。指定数量をなくさない。

誤り。空気との混合で危険になる場合がある。

誤り。分類が変わるわけではない。

誤り。燃焼範囲内では燃焼し得る。

可燃性蒸気は空気との混合濃度が重要。

空気で薄まれば常に安全、とは限らない。

よくある誤りは、空気で薄まれば常に安全、とは限らない。

火災・消火・漏えいでは「アセトアルデヒド」「アセトン」など近い用語とセットで出題されます。定義・数値・主体の違いを表で対比し、可燃性蒸気と空気の混合危険だけの特徴を一言で言えるようにしてください。",可燃性蒸気は空気との混合濃度が重要。,空気で薄まれば常に安全、とは限らない。,"「可燃性蒸気と空気の混合危険」は、火災・消火・漏えいの頻出語です。

整理のコツ：関連する「アセトアルデヒド」「アセトン」「アニリン」と、「同じ点・違う点」を表に書き出し、可燃性蒸気と空気の混合危険だけの特徴を一行で言えるようにします。

覚え方：間違えたら「空気で薄まれば常に安全、とは限らない」のパターンか確認し、同じ型の誤りが出た問題を2問だけ繰り返します。

復習のしかた：丸暗記より、選択肢の「誤り。」の理由を声に出して説明できるかを目標にします。",可燃性蒸気と空気の混合気について、「燃焼範囲内にあると引火・爆発の危険がある。」は正しい。,○。正しい。,可燃性蒸気と空気の混合危険とは何ですか？,可燃性蒸気と空気の混合危険は、可燃性蒸気と空気の混合気が燃焼範囲内にあると、引火・爆発の危険がある。 たとえば、密閉空間では蒸気がたまりやすく、換気と火気厳禁が重要です。数値（引火点・爆発下限界など）は品名とセットで確認してください。 試験では、可燃性蒸気は空気との混合濃度が重要点を押さえると得点源になります。,可燃性蒸気と空気の混合危険は試験でどんなふうに問われますか？,可燃性蒸気は空気との混合濃度が重要。,可燃性蒸気と空気の混合危険で間違えやすい点は？,空気で薄まれば常に安全、とは限らない。,可燃性蒸気と空気の混合危険と「アセトアルデヒド」「アセトン」の違いは？,「アセトアルデヒド」「アセトン」は意味や数値・適用場面が異なります。用語ページの比較表と演習で、可燃性蒸気と空気の混合危険だけのポイントを確認してください。
可燃物,かねんぶつ,物性・化学,物性・化学;乙4;頻出;詳細記事;実践演習連動;一問一答連動,"可燃物は、可燃物を取り除くことで燃焼を止める方法は除去消火である。

たとえば、引火点・沸点・密度など、数字と単位をセットで覚えると、選択肢の数値の当たり外れを見分けやすくなります。

試験では、定義を一文で説明できる点を押さえると得点源になります。",まず「可燃物」は、可燃物を取り除くことで燃焼を止める方法は除去消火である。 物性・化学では「燃焼」の文脈で繰り返し問われます。,可燃物・酸素供給源・点火源;燃焼;酸素供給源,,B,誤り。水は通常点火源ではない。 誤り。氷は点火源ではない。 誤り。窒素は通常点火源ではない。,可燃物とは？危険物取扱者試験（乙種第4類）で押さえる意味・試験ポイント,このページでは、物性・化学分野の「可燃物」を、試験に出る形で整理します。ひとことで言うと、可燃物を取り除くことで燃焼を止める方法は除去消火である。下の目次の順に読むと、定義から演習のポイントまでつながって理解できます。,"可燃物は、可燃物を取り除くことで燃焼を止める方法は除去消火である。 火花は点火源となり得る。第4類危険物では、火花や静電気などの着火源に注意が必要である。

誤り。水は通常点火源ではない。

誤り。氷は点火源ではない。

誤り。窒素は通常点火源ではない。

誤り。二酸化炭素は消火に使われることがある。

物性・化学では「可燃物・酸素供給源・点火源」「燃焼」など近い用語とセットで出題されます。定義・数値・主体の違いを表で対比し、可燃物だけの特徴を一言で言えるようにしてください。",定義を一文で説明できる。;適用する場面（製造・貯蔵・取扱・消火）を挙げられる。;関連する法令名を意識できる。,類似語と混同する。;数字や条件を取り違える。;すべての危険物に当てはめる。,"「可燃物」は、物性・化学の頻出語です。

整理のコツ：関連する「可燃物・酸素供給源・点火源」「燃焼」「酸素供給源」と、「同じ点・違う点」を表に書き出し、可燃物だけの特徴を一行で言えるようにします。

覚え方：間違えたら「類似語と混同する」のパターンか確認し、同じ型の誤りが出た問題を2問だけ繰り返します。

復習のしかた：丸暗記より、選択肢の「誤り。」の理由を声に出して説明できるかを目標にします。",点火源として適切なものについて、「水」は正しい。,×。誤り。,可燃物とは何ですか？,可燃物は、可燃物を取り除くことで燃焼を止める方法は除去消火である。 たとえば、引火点・沸点・密度など、数字と単位をセットで覚えると、選択肢の数値の当たり外れを見分けやすくなります。 試験では、定義を一文で説明できる点を押さえると得点源になります。,可燃物は試験でどんなふうに問われますか？,定義を一文で説明できる。適用する場面（製造・貯蔵・取扱・消火）を挙げられる。関連する法令名を意識できる。,可燃物で間違えやすい点は？,類似語と混同する。数字や条件を取り違える。,可燃物と「可燃物・酸素供給源・点火源」「燃焼」の違いは？,「可燃物・酸素供給源・点火源」「燃焼」は意味や数値・適用場面が異なります。用語ページの比較表と演習で、可燃物だけのポイントを確認してください。
可燃物・酸素供給源・点火源,かねんぶつ・さんそきょうきゅうげん・てんかげん,物性・化学,物性・化学;乙4;頻出;詳細記事;実践演習連動;一問一答連動,"可燃物・酸素供給源・点火源は、火花は点火源となり得る。

たとえば、引火点・沸点・密度など、数字と単位をセットで覚えると、選択肢の数値の当たり外れを見分けやすくなります。

試験では、定義を一文で説明できる点を押さえると得点源になります。",まず「可燃物・酸素供給源・点火源」は、火花は点火源となり得る。第4類危険物では、火花や静電気などの着火源に注意が必要である。 可燃物を取り除くことで燃焼を止める方法は除去消火である。 物性・化学では「燃焼」の文脈で繰り返し問われます。,pH;アルカリの性質;アルコール類の基礎,,B,誤り。水は通常点火源ではない。 誤り。氷は点火源ではない。 誤り。窒素は通常点火源ではない。,可燃物・酸素供給源・点火源とは？危険物取扱者試験（乙種第4類）で押さえる意味・試験ポイント,このページでは、物性・化学分野の「可燃物・酸素供給源・点火源」を、試験に出る形で整理します。ひとことで言うと、火花は点火源となり得る。第4類危険物では、火花や静電気などの着火源に注意が必要である。下の目次の順に読むと、定義から演習のポイントまでつながって理解できます。,"可燃物・酸素供給源・点火源は、火花は点火源となり得る。第4類危険物では、火花や静電気などの着火源に注意が必要である。 可燃物を取り除くことで燃焼を止める方法は除去消火である。

誤り。水は通常点火源ではない。

誤り。氷は点火源ではない。

誤り。窒素は通常点火源ではない。

誤り。二酸化炭素は消火に使われることがある。

物性・化学では「pH」「アルカリの性質」など近い用語とセットで出題されます。定義・数値・主体の違いを表で対比し、可燃物・酸素供給源・点火源だけの特徴を一言で言えるようにしてください。",定義を一文で説明できる。;適用する場面（製造・貯蔵・取扱・消火）を挙げられる。;関連する法令名を意識できる。,類似語と混同する。;数字や条件を取り違える。;すべての危険物に当てはめる。,"「可燃物・酸素供給源・点火源」は、物性・化学の頻出語です。

整理のコツ：関連する「pH」「アルカリの性質」「アルコール類の基礎」と、「同じ点・違う点」を表に書き出し、可燃物・酸素供給源・点火源だけの特徴を一行で言えるようにします。

覚え方：間違えたら「類似語と混同する」のパターンか確認し、同じ型の誤りが出た問題を2問だけ繰り返します。

復習のしかた：丸暗記より、選択肢の「誤り。」の理由を声に出して説明できるかを目標にします。",点火源として適切なものについて、「水」は正しい。,×。誤り。,可燃物・酸素供給源・点火源とは何ですか？,可燃物・酸素供給源・点火源は、火花は点火源となり得る。 たとえば、引火点・沸点・密度など、数字と単位をセットで覚えると、選択肢の数値の当たり外れを見分けやすくなります。 試験では、定義を一文で説明できる点を押さえると得点源になります。,可燃物・酸素供給源・点火源は試験でどんなふうに問われますか？,定義を一文で説明できる。適用する場面（製造・貯蔵・取扱・消火）を挙げられる。関連する法令名を意識できる。,可燃物・酸素供給源・点火源で間違えやすい点は？,類似語と混同する。数字や条件を取り違える。,可燃物・酸素供給源・点火源と「pH」「アルカリの性質」の違いは？,「pH」「アルカリの性質」は意味や数値・適用場面が異なります。用語ページの比較表と演習で、可燃物・酸素供給源・点火源だけのポイントを確認してください。
吸熱反応,きゅうねつはんのう,物性・化学,物性・化学;乙4;頻出;詳細記事;実践演習連動;一問一答連動,"吸熱反応は、発熱反応は、反応に伴って熱を放出する反応である。

たとえば、引火点・沸点・密度など、数字と単位をセットで覚えると、選択肢の数値の当たり外れを見分けやすくなります。

試験では、定義を一文で説明できる点を押さえると得点源になります。",まず「吸熱反応」は、発熱反応は、反応に伴って熱を放出する反応である。燃焼は代表的な発熱反応である。 正しい。発熱反応の説明である。 発熱反応は、反応に伴って熱を放出する反応である。燃焼は代表的な発熱反応である。 物性・化学では「化学反応」の文脈で繰り返し問われます。,化学反応;発熱反応・吸熱反応;発熱反応,,B,誤り。凝固点の説明である。 誤り。熱を放出する反応である。 誤り。溶解だけを指しますものではない。,吸熱反応とは？危険物取扱者試験（乙種第4類）で押さえる意味・試験ポイント,このページでは、物性・化学分野の「吸熱反応」を、試験に出る形で整理します。ひとことで言うと、発熱反応は、反応に伴って熱を放出する反応である。燃焼は代表的な発熱反応である。下の目次の順に読むと、定義から演習のポイントまでつながって理解できます。,"吸熱反応は、発熱反応は、反応に伴って熱を放出する反応である。燃焼は代表的な発熱反応である。

誤り。凝固点の説明である。

誤り。熱を放出する反応である。

誤り。溶解だけを指しますものではない。

誤り。水だけを発生する反応ではない。

物性・化学では「化学反応」「発熱反応・吸熱反応」など近い用語とセットで出題されます。定義・数値・主体の違いを表で対比し、吸熱反応だけの特徴を一言で言えるようにしてください。

誤り。溶解だけを指しますものではない。",定義を一文で説明できる。;適用する場面（製造・貯蔵・取扱・消火）を挙げられる。;関連する法令名を意識できる。,類似語と混同する。;数字や条件を取り違える。;すべての危険物に当てはめる。,"「吸熱反応」は、物性・化学の頻出語です。

整理のコツ：関連する「化学反応」「発熱反応・吸熱反応」「発熱反応」と、「同じ点・違う点」を表に書き出し、吸熱反応だけの特徴を一行で言えるようにします。

覚え方：間違えたら「類似語と混同する」のパターンか確認し、同じ型の誤りが出た問題を2問だけ繰り返します。

復習のしかた：丸暗記より、選択肢の「誤り。」の理由を声に出して説明できるかを目標にします。",発熱反応について、「反応に伴って熱を放出する反応である。」は正しい。,○。正しい。,吸熱反応とは何ですか？,吸熱反応は、発熱反応は、反応に伴って熱を放出する反応である。 たとえば、引火点・沸点・密度など、数字と単位をセットで覚えると、選択肢の数値の当たり外れを見分けやすくなります。 試験では、定義を一文で説明できる点を押さえると得点源になります。,吸熱反応は試験でどんなふうに問われますか？,定義を一文で説明できる。適用する場面（製造・貯蔵・取扱・消火）を挙げられる。関連する法令名を意識できる。,吸熱反応で間違えやすい点は？,類似語と混同する。数字や条件を取り違える。,吸熱反応と「化学反応」「発熱反応・吸熱反応」の違いは？,「化学反応」「発熱反応・吸熱反応」は意味や数値・適用場面が異なります。用語ページの比較表と演習で、吸熱反応だけのポイントを確認してください。
命令・許可取消し・使用停止,めいれい・きょかとりけし・しようていし,法令・制度,法令・制度;乙4;頻出;詳細記事;実践演習連動;一問一答連動,"命令・許可取消し・使用停止は、危険物施設が法令に適合しない場合などには、使用停止命令などの行政上の措置が行われる場合がある。

たとえば、条文では「消防法で定める」「政令で定める」「施行令で定める」のように、どの法令に書かれているかを選ぶ問題がよく出ます。

試験では、違反時には命令・使用停止などの行政措置が問題になる点を押さえると得点源になります。",まず「命令・許可取消し・使用停止」は、危険物施設が法令に適合しない場合などには、使用停止命令などの行政上の措置が行われる場合がある。 製造所等が法令に適合しない場合などには、使用停止命令などの行政上の措置が行われる場合がある。 法令・制度では「行政措置」の文脈で繰り返し問われます。,セルフ式給油取扱所の基準;一般取扱所の基準;丙種の違い,消防法,B,違反時には命令・使用停止などの行政措置が問題になる。 行政措置には命令・使用停止などがある。 誤り。行政措置が行われる場合がある。 誤り。施設名変更だけの問題ではない。,命令・許可取消し・使用停止とは？危険物取扱者試験（乙種第4類）で押さえる意味・試験ポイント,このページでは、法令・制度分野の「命令・許可取消し・使用停止」を、試験に出る形で整理します。ひとことで言うと、危険物施設が法令に適合しない場合などには、使用停止命令などの行政上の措置が行われる場合がある。下の目次の順に読むと、定義から演習のポイントまでつながって理解できます。,"命令・許可取消し・使用停止は、危険物施設が法令に適合しない場合などには、使用停止命令などの行政上の措置が行われる場合がある。 製造所等が法令に適合しない場合などには、使用停止命令などの行政上の措置が行われる場合がある。

試験では、違反時には命令・使用停止などの行政措置が問題になる。また、行政措置には命令・使用停止などがある点も押さえます。

誤り。行政措置が行われる場合がある。

誤り。施設名変更だけの問題ではない。

誤り。試験問題数とは関係ない。

誤り。賞金が交付される制度ではない。

違反時には命令・使用停止などの行政措置が問題になる。

行政措置には命令・使用停止などがある。

法令・制度では「セルフ式給油取扱所の基準」「一般取扱所の基準」など近い用語とセットで出題されます。定義・数値・主体の違いを表で対比し、命令・許可取消し・使用停止だけの特徴を一言で言えるようにしてください。",違反時には命令・使用停止などの行政措置が問題になる。;行政措置には命令・使用停止などがある。,類似語と混同する。;数字や条件を取り違える。;すべての危険物に当てはめる。,"「命令・許可取消し・使用停止」は、法令・制度の頻出語です。

整理のコツ：関連する「セルフ式給油取扱所の基準」「一般取扱所の基準」「丙種の違い」と、「同じ点・違う点」を表に書き出し、命令・許可取消し・使用停止だけの特徴を一行で言えるようにします。

覚え方：間違えたら「類似語と混同する」のパターンか確認し、同じ型の誤りが出た問題を2問だけ繰り返します。

復習のしかた：丸暗記より、選択肢の「誤り。」の理由を声に出して説明できるかを目標にします。",危険物施設の法令違反等に対する行政上の措置として、あり得るものについて、「施設名を自由に変更できるだけである。」は正しい。,×。誤り。,命令・許可取消し・使用停止とは何ですか？,命令・許可取消し・使用停止は、危険物施設が法令に適合しない場合などには、使用停止命令などの行政上の措置が行われる場合がある。 たとえば、条文では「消防法で定める」「政令で定める」「施行令で定める」のように、どの法令に書かれているかを選ぶ問題がよく出ます。 試験では、違反時には命令・使用停止などの行政措置が問題になる点を押さえると得点源になります。,命令・許可取消し・使用停止は試験でどんなふうに問われますか？,違反時には命令・使用停止などの行政措置が問題になる。行政措置には命令・使用停止などがある。,命令・許可取消し・使用停止で間違えやすい点は？,類似語と混同する。数字や条件を取り違える。,命令・許可取消し・使用停止と「セルフ式給油取扱所の基準」「一般取扱所の基準」の違いは？,「セルフ式給油取扱所の基準」「一般取扱所の基準」は意味や数値・適用場面が異なります。用語ページの比較表と演習で、命令・許可取消し・使用停止だけのポイントを確認してください。
品名・数量・指定数量倍数の変更届出,ひんめい・すうりょう・していすうりょうばいすうのへんこうとどけしゅつ,法令・制度,法令・制度;乙4;頻出;詳細記事;実践演習連動;一問一答連動,"品名・数量・指定数量倍数の変更届出は、品名・数量・指定数量倍数の変更届出を押さえる。

たとえば、ガソリン（非水溶性）は200 L、アセトン（水溶性）は400 Lのように、品名ごとに数値が決まります。

試験では、品名・数量・指定数量倍数の変更届出を押さえる点を押さえると得点源になります。",まず「品名・数量・指定数量倍数の変更届出」は、品名・数量・指定数量倍数の変更届出を押さえる。 製造所等で貯蔵し、又は取り扱う危険物の品名を変更する場合、届出が必要になります場合がある。 法令・制度では「届出」の文脈で繰り返し問われます。,セルフ式給油取扱所の基準;一般取扱所の基準;丙種の違い,消防法,B,品名・数量・指定数量倍数の変更届出を押さえる。 品名・数量・指定数量倍数の変更届を押さえる。 誤り。届出が必要になります場合がある。 誤り。第4類危険物でも関係する。,品名・数量・指定数量倍数の変更届出とは？危険物取扱者試験（乙種第4類）で押さえる意味・試験ポイント,このページでは、法令・制度分野の「品名・数量・指定数量倍数の変更届出」を、試験に出る形で整理します。ひとことで言うと、品名・数量・指定数量倍数の変更届出を押さえる。下の目次の順に読むと、定義から演習のポイントまでつながって理解できます。,"品名・数量・指定数量倍数の変更届出は、品名・数量・指定数量倍数の変更届出を押さえる。 製造所等で貯蔵または取り扱う危険物の品名、数量、指定数量の倍数を変更する場合、届出が必要になります場合がある。

試験では、品名・数量・指定数量倍数の変更届出を押さえる。また、品名・数量・指定数量倍数の変更届を押さえる点も押さえます。

誤り。届出が必要になります場合がある。

誤り。第4類危険物でも関係する。

誤り。掲示板があれば常に届出不要とはならない。

誤り。免状写真の変更ではない。

品名・数量・指定数量倍数の変更届出を押さえる。

品名・数量・指定数量倍数の変更届を押さえる。

法令・制度では「セルフ式給油取扱所の基準」「一般取扱所の基準」など近い用語とセットで出題されます。定義・数値・主体の違いを表で対比し、品名・数量・指定数量倍数の変更届出だけの特徴を一言で言えるようにしてください。

製造所等で貯蔵し、又は取り扱う危険物の品名を変更する場合、届出が必要になります場合がある。

製造所等で貯蔵し、又は取り扱う危険物の数量を変更する場合、法令上、届出が必要になります場合がある。

製造所等で扱う危険物の品名、数量、指定数量倍数を変更する場合、届出が必要になります場合がある。

誤り。届出が必要になります場合がある。",品名・数量・指定数量倍数の変更届出を押さえる。;品名・数量・指定数量倍数の変更届を押さえる。,類似語と混同する。;数字や条件を取り違える。;すべての危険物に当てはめる。,"「品名・数量・指定数量倍数の変更届出」は、法令・制度の頻出語です。

整理のコツ：関連する「セルフ式給油取扱所の基準」「一般取扱所の基準」「丙種の違い」と、「同じ点・違う点」を表に書き出し、品名・数量・指定数量倍数の変更届出だけの特徴を一行で言えるようにします。

覚え方：間違えたら「類似語と混同する」のパターンか確認し、同じ型の誤りが出た問題を2問だけ繰り返します。

復習のしかた：丸暗記より、選択肢の「誤り。」の理由を声に出して説明できるかを目標にします。",製造所等で貯蔵し、又は取り扱う危険物の品名、数量または指定数量の倍数を変更する場合について、「危険物取扱者免状の写真を変えるだけで足りる。」は正しい。,×。誤り。,品名・数量・指定数量倍数の変更届出とは何ですか？,品名・数量・指定数量倍数の変更届出は、品名・数量・指定数量倍数の変更届出を押さえる。 たとえば、ガソリン（非水溶性）は200 L、アセトン（水溶性）は400 Lのように、品名ごとに数値が決まります。 試験では、品名・数量・指定数量倍数の変更届出を押さえる点を押さえると得点源になります。,品名・数量・指定数量倍数の変更届出は試験でどんなふうに問われますか？,品名・数量・指定数量倍数の変更届出を押さえる。品名・数量・指定数量倍数の変更届を押さえる。,品名・数量・指定数量倍数の変更届出で間違えやすい点は？,類似語と混同する。数字や条件を取り違える。,品名・数量・指定数量倍数の変更届出と「セルフ式給油取扱所の基準」「一般取扱所の基準」の違いは？,「セルフ式給油取扱所の基準」「一般取扱所の基準」は意味や数値・適用場面が異なります。用語ページの比較表と演習で、品名・数量・指定数量倍数の変更届出だけのポイントを確認してください。
固体・液体・気体,こたい・えきたい・きたい,物性・化学,物性・化学;乙4;頻出;詳細記事;実践演習連動;一問一答連動,"固体・液体・気体は、物質の三態は、固体、液体、気体である。

たとえば、引火点・沸点・密度など、数字と単位をセットで覚えると、選択肢の数値の当たり外れを見分けやすくなります。

試験では、定義を一文で説明できる点を押さえると得点源になります。",まず「固体・液体・気体」は、物質の三態は、固体、液体、気体である。酸性・中性・アルカリ性はpHに関する分類である。 気体は、一定の形や体積を保ちにくく、容器全体に広がる性質がある。 物性・化学では「物質の状態」の文脈で繰り返し問われます。,pH;アルカリの性質;アルコール類の基礎,,B,誤り。pHに関する分類である。 誤り。危険物取扱者の区分である。 誤り。危険物施設の区分である。,固体・液体・気体とは？危険物取扱者試験（乙種第4類）で押さえる意味・試験ポイント,このページでは、物性・化学分野の「固体・液体・気体」を、試験に出る形で整理します。ひとことで言うと、物質の三態は、固体、液体、気体である。酸性・中性・アルカリ性はpHに関する分類である。下の目次の順に読むと、定義から演習のポイントまでつながって理解できます。,"固体・液体・気体は、物質の三態は、固体、液体、気体である。酸性・中性・アルカリ性はpHに関する分類である。 気体は、一定の形や体積を保ちにくく、容器全体に広がる性質がある。

誤り。pHに関する分類である。

誤り。危険物取扱者の区分である。

誤り。危険物施設の区分である。

誤り。燃焼や消火に関係する語である。

物性・化学では「pH」「アルカリの性質」など近い用語とセットで出題されます。定義・数値・主体の違いを表で対比し、固体・液体・気体だけの特徴を一言で言えるようにしてください。

液体は、体積はほぼ一定だが、形は容器に応じて変わる。",定義を一文で説明できる。;適用する場面（製造・貯蔵・取扱・消火）を挙げられる。;関連する法令名を意識できる。,類似語と混同する。;数字や条件を取り違える。;すべての危険物に当てはめる。,"「固体・液体・気体」は、物性・化学の頻出語です。

整理のコツ：関連する「pH」「アルカリの性質」「アルコール類の基礎」と、「同じ点・違う点」を表に書き出し、固体・液体・気体だけの特徴を一行で言えるようにします。

覚え方：間違えたら「類似語と混同する」のパターンか確認し、同じ型の誤りが出た問題を2問だけ繰り返します。

復習のしかた：丸暗記より、選択肢の「誤り。」の理由を声に出して説明できるかを目標にします。",物質の三態として、正しい組合せについて、「固体・液体・気体」は正しい。,○。正しい。,固体・液体・気体とは何ですか？,固体・液体・気体は、物質の三態は、固体、液体、気体である。 たとえば、引火点・沸点・密度など、数字と単位をセットで覚えると、選択肢の数値の当たり外れを見分けやすくなります。 試験では、定義を一文で説明できる点を押さえると得点源になります。,固体・液体・気体は試験でどんなふうに問われますか？,定義を一文で説明できる。適用する場面（製造・貯蔵・取扱・消火）を挙げられる。関連する法令名を意識できる。,固体・液体・気体で間違えやすい点は？,類似語と混同する。数字や条件を取り違える。,固体・液体・気体と「pH」「アルカリの性質」の違いは？,「pH」「アルカリの性質」は意味や数値・適用場面が異なります。用語ページの比較表と演習で、固体・液体・気体だけのポイントを確認してください。
地下タンク貯蔵所の基準,ちかたんくちょぞうところのきじゅん,法令・制度,法令・制度;乙4;頻出;詳細記事;実践演習連動;一問一答連動,"地下タンク貯蔵所の基準は、地下タンク貯蔵所は、地盤面下に設置されたタンクで危険物を貯蔵する貯蔵所である。

たとえば、条文では「消防法で定める」「政令で定める」「施行令で定める」のように、どの法令に書かれているかを選ぶ問題がよく出ます。

試験では、地下タンク貯蔵所は地下のタンクで貯蔵する施設点を押さえると得点源になります。",まず「地下タンク貯蔵所の基準」は、地下タンク貯蔵所は、地盤面下に設置されたタンクで危険物を貯蔵する貯蔵所である。 地下タンク貯蔵所では、地下に設置されたタンクからの漏えい発見や防止が重要である。 法令・制度では「貯蔵所基準」の文脈で繰り返し問われます。,セルフ式給油取扱所の基準;一般取扱所の基準;丙種の違い,危険物の規制に関する政令,B,地下タンク貯蔵所は地下のタンクで貯蔵する施設。 地下タンク貯蔵所と移動タンク貯蔵所を混同しない。 見えにくい場所の漏えいリスクを意識する。 誤り。移送取扱所ではない。,地下タンク貯蔵所の基準とは？危険物取扱者試験（乙種第4類）で押さえる意味・試験ポイント,このページでは、法令・制度分野の「地下タンク貯蔵所の基準」を、試験に出る形で整理します。ひとことで言うと、地下タンク貯蔵所は、地盤面下に設置されたタンクで危険物を貯蔵する貯蔵所である。下の目次の順に読むと、定義から演習のポイントまでつながって理解できます。,"地下タンク貯蔵所の基準は、地下タンク貯蔵所は、地盤面下に設置されたタンクで危険物を貯蔵する貯蔵所である。 地下タンク貯蔵所では、地下に設置されたタンクからの漏えい発見や防止が重要である。

試験では、地下タンク貯蔵所は地下のタンクで貯蔵する施設点が問われます。

誤り。移送取扱所ではない。

誤り。消火薬剤名ではない。

誤り。販売取扱所ではない。

誤り。合格通知ではない。

地下タンク貯蔵所は地下のタンクで貯蔵する施設。

地下タンク貯蔵所と移動タンク貯蔵所を混同しない。

見えにくい場所の漏えいリスクを意識する。

よくある誤りは、地下タンク貯蔵所と移動タンク貯蔵所を混同しない。見えにくい場所の漏えいリスクを意識する。

法令・制度では「セルフ式給油取扱所の基準」「一般取扱所の基準」など近い用語とセットで出題されます。定義・数値・主体の違いを表で対比し、地下タンク貯蔵所の基準だけの特徴を一言で言えるようにしてください。",地下タンク貯蔵所は地下のタンクで貯蔵する施設。,地下タンク貯蔵所と移動タンク貯蔵所を混同しない。;見えにくい場所の漏えいリスクを意識する。,"「地下タンク貯蔵所の基準」は、法令・制度の頻出語です。

整理のコツ：関連する「セルフ式給油取扱所の基準」「一般取扱所の基準」「丙種の違い」と、「同じ点・違う点」を表に書き出し、地下タンク貯蔵所の基準だけの特徴を一行で言えるようにします。

覚え方：間違えたら「地下タンク貯蔵所と移動タンク貯蔵所を混同しない」のパターンか確認し、同じ型の誤りが出た問題を2問だけ繰り返します。

復習のしかた：丸暗記より、選択肢の「誤り。」の理由を声に出して説明できるかを目標にします。",地下タンク貯蔵所について、「移送取扱所の別名である。」は正しい。,×。誤り。,地下タンク貯蔵所の基準とは何ですか？,地下タンク貯蔵所の基準は、地下タンク貯蔵所は、地盤面下に設置されたタンクで危険物を貯蔵する貯蔵所である。 たとえば、条文では「消防法で定める」「政令で定める」「施行令で定める」のように、どの法令に書かれているかを選ぶ問題がよく出ます。 試験では、地下タンク貯蔵所は地下のタンクで貯蔵する施設点を押さえると得点源になります。,地下タンク貯蔵所の基準は試験でどんなふうに問われますか？,地下タンク貯蔵所は地下のタンクで貯蔵する施設。,地下タンク貯蔵所の基準で間違えやすい点は？,地下タンク貯蔵所と移動タンク貯蔵所を混同しない。見えにくい場所の漏えいリスクを意識する。,地下タンク貯蔵所の基準と「セルフ式給油取扱所の基準」「一般取扱所の基準」の違いは？,「セルフ式給油取扱所の基準」「一般取扱所の基準」は意味や数値・適用場面が異なります。用語ページの比較表と演習で、地下タンク貯蔵所の基準だけのポイントを確認してください。
完全燃焼,かんぜんねんしょう,物性・化学,物性・化学;乙4;頻出;詳細記事;実践演習連動;一問一答連動,"完全燃焼は、完全燃焼では酸素が十分に供給され、二酸化炭素などを生じる。

たとえば、密閉空間では蒸気がたまりやすく、換気と火気厳禁が重要です。数値（引火点・爆発下限界など）は品名とセットで確認してください。

試験では、定義を一文で説明できる点を押さえると得点源になります。",まず「完全燃焼」は、完全燃焼では酸素が十分に供給され、二酸化炭素などを生じる。 物性・化学では「燃焼」の文脈で繰り返し問われます。,完全燃焼・不完全燃焼;燃焼;不完全燃焼,,B,誤り。希ガスである。 誤り。代表的な有毒気体ではない。 誤り。空気中に多い気体である。,完全燃焼とは？危険物取扱者試験（乙種第4類）で押さえる意味・試験ポイント,このページでは、物性・化学分野の「完全燃焼」を、試験に出る形で整理します。ひとことで言うと、完全燃焼では酸素が十分に供給され、二酸化炭素などを生じる。下の目次の順に読むと、定義から演習のポイントまでつながって理解できます。,"完全燃焼は、完全燃焼では酸素が十分に供給され、二酸化炭素などを生じる。 不完全燃焼では一酸化炭素が発生しやすく、有毒である。

誤り。希ガスである。

誤り。代表的な有毒気体ではない。

誤り。空気中に多い気体である。

誤り。不完全燃焼に近い。

物性・化学では「完全燃焼・不完全燃焼」「燃焼」など近い用語とセットで出題されます。定義・数値・主体の違いを表で対比し、完全燃焼だけの特徴を一言で言えるようにしてください。",定義を一文で説明できる。;適用する場面（製造・貯蔵・取扱・消火）を挙げられる。;関連する法令名を意識できる。,類似語と混同する。;数字や条件を取り違える。;すべての危険物に当てはめる。,"「完全燃焼」は、物性・化学の頻出語です。

整理のコツ：関連する「完全燃焼・不完全燃焼」「燃焼」「不完全燃焼」と、「同じ点・違う点」を表に書き出し、完全燃焼だけの特徴を一行で言えるようにします。

覚え方：間違えたら「類似語と混同する」のパターンか確認し、同じ型の誤りが出た問題を2問だけ繰り返します。

復習のしかた：丸暗記より、選択肢の「誤り。」の理由を声に出して説明できるかを目標にします。",不完全燃焼で発生しやすい有毒な気体として代表的なものについて、「窒素」は正しい。,×。誤り。,完全燃焼とは何ですか？,完全燃焼は、完全燃焼では酸素が十分に供給され、二酸化炭素などを生じる。 たとえば、密閉空間では蒸気がたまりやすく、換気と火気厳禁が重要です。数値（引火点・爆発下限界など）は品名とセットで確認してください。 試験では、定義を一文で説明できる点を押さえると得点源になります。,完全燃焼は試験でどんなふうに問われますか？,定義を一文で説明できる。適用する場面（製造・貯蔵・取扱・消火）を挙げられる。関連する法令名を意識できる。,完全燃焼で間違えやすい点は？,類似語と混同する。数字や条件を取り違える。,完全燃焼と「完全燃焼・不完全燃焼」「燃焼」の違いは？,「完全燃焼・不完全燃焼」「燃焼」は意味や数値・適用場面が異なります。用語ページの比較表と演習で、完全燃焼だけのポイントを確認してください。
完全燃焼と不完全燃焼,かんぜんねんしょうとふかんぜんねんしょう,物性・化学,物性・化学;乙4;頻出;詳細記事;実践演習連動;一問一答連動,"完全燃焼と不完全燃焼は、不完全燃焼は酸素不足の状態で起こりやすく、一酸化炭素やすすを生じることがある。

たとえば、密閉空間では蒸気がたまりやすく、換気と火気厳禁が重要です。数値（引火点・爆発下限界など）は品名とセットで確認してください。

試験では、酸素不足では不完全燃焼が起こりやすい点を押さえると得点源になります。",まず「完全燃焼と不完全燃焼」は、不完全燃焼は酸素不足の状態で起こりやすく、一酸化炭素やすすを生じることがある。一酸化炭素は有毒である。 正しい。不完全燃焼の説明として妥当である。 不完全燃焼は酸素不足の状態で起こりやすく、一酸化炭素やすすを生じることがある。一酸化炭素は有毒である。 物性・化学では「燃焼」の文脈で繰り返し問われます。,pH;アルカリの性質;アルコール類の基礎,,B,酸素不足では不完全燃焼が起こりやすい。 二酸化炭素だけを生じるとは限らない。 誤り。燃焼には可燃物が必要である。 誤り。固体だけでなく、燃焼条件によって起こり得る。,完全燃焼と不完全燃焼とは？危険物取扱者試験（乙種第4類）で押さえる意味・試験ポイント,このページでは、物性・化学分野の「完全燃焼と不完全燃焼」を、試験に出る形で整理します。ひとことで言うと、不完全燃焼は酸素不足の状態で起こりやすく、一酸化炭素やすすを生じることがある。一酸化炭素は有毒である。下の目次の順に読むと、定義から演習のポイントまでつながって理解できます。,"完全燃焼と不完全燃焼は、不完全燃焼は酸素不足の状態で起こりやすく、一酸化炭素やすすを生じることがある。一酸化炭素は有毒である。

試験では、酸素不足では不完全燃焼が起こりやすい点が問われます。

誤り。燃焼には可燃物が必要である。

誤り。固体だけでなく、燃焼条件によって起こり得る。

誤り。酸素が十分な場合は完全燃焼しやすい。

誤り。不完全燃焼では一酸化炭素やすすを生じることがある。

酸素不足では不完全燃焼が起こりやすい。

二酸化炭素だけを生じるとは限らない。

よくある誤りは、二酸化炭素だけを生じるとは限らない。

物性・化学では「pH」「アルカリの性質」など近い用語とセットで出題されます。定義・数値・主体の違いを表で対比し、完全燃焼と不完全燃焼だけの特徴を一言で言えるようにしてください。",酸素不足では不完全燃焼が起こりやすい。,二酸化炭素だけを生じるとは限らない。,"「完全燃焼と不完全燃焼」は、物性・化学の頻出語です。

整理のコツ：関連する「pH」「アルカリの性質」「アルコール類の基礎」と、「同じ点・違う点」を表に書き出し、完全燃焼と不完全燃焼だけの特徴を一行で言えるようにします。

覚え方：間違えたら「二酸化炭素だけを生じるとは限らない」のパターンか確認し、同じ型の誤りが出た問題を2問だけ繰り返します。

復習のしかた：丸暗記より、選択肢の「誤り。」の理由を声に出して説明できるかを目標にします。",不完全燃焼について、「酸素が不足しているときに起こりやすく、一酸化炭素などを発生することがある。」は正しい。,○。正しい。,完全燃焼と不完全燃焼とは何ですか？,完全燃焼と不完全燃焼は、不完全燃焼は酸素不足の状態で起こりやすく、一酸化炭素やすすを生じることがある。 たとえば、密閉空間では蒸気がたまりやすく、換気と火気厳禁が重要です。数値（引火点・爆発下限界など）は品名とセットで確認してください。 試験では、酸素不足では不完全燃焼が起こりやすい点を押さえると得点源になります。,完全燃焼と不完全燃焼は試験でどんなふうに問われますか？,酸素不足では不完全燃焼が起こりやすい。,完全燃焼と不完全燃焼で間違えやすい点は？,二酸化炭素だけを生じるとは限らない。,完全燃焼と不完全燃焼と「pH」「アルカリの性質」の違いは？,「pH」「アルカリの性質」は意味や数値・適用場面が異なります。用語ページの比較表と演習で、完全燃焼と不完全燃焼だけのポイントを確認してください。
完全燃焼・不完全燃焼,かんぜんねんしょう・ふかんぜんねんしょう,物性・化学,物性・化学;乙4;頻出;詳細記事;実践演習連動;一問一答連動,"完全燃焼・不完全燃焼は、不完全燃焼では一酸化炭素が発生しやすく、有毒である。

たとえば、密閉空間では蒸気がたまりやすく、換気と火気厳禁が重要です。数値（引火点・爆発下限界など）は品名とセットで確認してください。

試験では、定義を一文で説明できる点を押さえると得点源になります。",まず「完全燃焼・不完全燃焼」は、不完全燃焼では一酸化炭素が発生しやすく、有毒である。 完全燃焼では酸素が十分に供給され、二酸化炭素などを生じる。 物性・化学では「燃焼」の文脈で繰り返し問われます。,pH;アルカリの性質;アルコール類の基礎,,B,誤り。希ガスである。 誤り。代表的な有毒気体ではない。 誤り。空気中に多い気体である。,完全燃焼・不完全燃焼とは？危険物取扱者試験（乙種第4類）で押さえる意味・試験ポイント,このページでは、物性・化学分野の「完全燃焼・不完全燃焼」を、試験に出る形で整理します。ひとことで言うと、不完全燃焼では一酸化炭素が発生しやすく、有毒である。下の目次の順に読むと、定義から演習のポイントまでつながって理解できます。,"完全燃焼・不完全燃焼は、不完全燃焼では一酸化炭素が発生しやすく、有毒である。 完全燃焼では酸素が十分に供給され、二酸化炭素などを生じる。

誤り。希ガスである。

誤り。代表的な有毒気体ではない。

誤り。空気中に多い気体である。

誤り。不完全燃焼に近い。

物性・化学では「pH」「アルカリの性質」など近い用語とセットで出題されます。定義・数値・主体の違いを表で対比し、完全燃焼・不完全燃焼だけの特徴を一言で言えるようにしてください。",定義を一文で説明できる。;適用する場面（製造・貯蔵・取扱・消火）を挙げられる。;関連する法令名を意識できる。,類似語と混同する。;数字や条件を取り違える。;すべての危険物に当てはめる。,"「完全燃焼・不完全燃焼」は、物性・化学の頻出語です。

整理のコツ：関連する「pH」「アルカリの性質」「アルコール類の基礎」と、「同じ点・違う点」を表に書き出し、完全燃焼・不完全燃焼だけの特徴を一行で言えるようにします。

覚え方：間違えたら「類似語と混同する」のパターンか確認し、同じ型の誤りが出た問題を2問だけ繰り返します。

復習のしかた：丸暗記より、選択肢の「誤り。」の理由を声に出して説明できるかを目標にします。",不完全燃焼で発生しやすい有毒な気体として代表的なものについて、「窒素」は正しい。,×。誤り。,完全燃焼・不完全燃焼とは何ですか？,完全燃焼・不完全燃焼は、不完全燃焼では一酸化炭素が発生しやすく、有毒である。 たとえば、密閉空間では蒸気がたまりやすく、換気と火気厳禁が重要です。数値（引火点・爆発下限界など）は品名とセットで確認してください。 試験では、定義を一文で説明できる点を押さえると得点源になります。,完全燃焼・不完全燃焼は試験でどんなふうに問われますか？,定義を一文で説明できる。適用する場面（製造・貯蔵・取扱・消火）を挙げられる。関連する法令名を意識できる。,完全燃焼・不完全燃焼で間違えやすい点は？,類似語と混同する。数字や条件を取り違える。,完全燃焼・不完全燃焼と「pH」「アルカリの性質」の違いは？,「pH」「アルカリの性質」は意味や数値・適用場面が異なります。用語ページの比較表と演習で、完全燃焼・不完全燃焼だけのポイントを確認してください。
完成検査,かんせいけんさ,法令・制度,法令・制度;乙4;頻出;詳細記事;実践演習連動;一問一答連動,"完成検査は、設置・変更後の施設について完成検査が必要になります場合がある。

たとえば、条文では「消防法で定める」「政令で定める」「施行令で定める」のように、どの法令に書かれているかを選ぶ問題がよく出ます。

試験では、完成検査は施設を使用する前の重要な法令手続き点を押さえると得点源になります。",まず「完成検査」は、設置・変更後の施設について完成検査が必要になります場合がある。 製造所等の設置または変更工事後、施設が法令基準に適合するかを確認する検査である。 法令・制度では「検査」の文脈で繰り返し問われます。,セルフ式給油取扱所の基準;一般取扱所の基準;丙種の違い,消防法,B,完成検査は施設を使用する前の重要な法令手続き。 完成検査を自主点検や定期点検と混同しない。 誤り。危険物取扱者の自主検査だけで必ず足りるわけではない。 誤り。掲示板だけを確認する検査ではない。,完成検査とは？危険物取扱者試験（乙種第4類）で押さえる意味・試験ポイント,このページでは、法令・制度分野の「完成検査」を、試験に出る形で整理します。ひとことで言うと、設置・変更後の施設について完成検査が必要になります場合がある。下の目次の順に読むと、定義から演習のポイントまでつながって理解できます。,"完成検査は、設置・変更後の施設について完成検査が必要になります場合がある。 製造所等の設置または変更工事後には、法令上の完成検査が必要になります場合がある。自主確認や掲示板確認だけで済むものではない。

試験では、完成検査は施設を使用する前の重要な法令手続き点が問われます。

誤り。危険物取扱者の自主検査だけで必ず足りるわけではない。

誤り。掲示板だけを確認する検査ではない。

誤り。運搬中の車両だけを対象とする検査ではない。

誤り。完成検査が必要になります場合がある。

完成検査は施設を使用する前の重要な法令手続き。

完成検査を自主点検や定期点検と混同しない。

よくある誤りは、完成検査を自主点検や定期点検と混同しない。

法令・制度では「セルフ式給油取扱所の基準」「一般取扱所の基準」など近い用語とセットで出題されます。定義・数値・主体の違いを表で対比し、完成検査だけの特徴を一言で言えるようにしてください。

製造所等の設置または変更工事後、施設が法令基準に適合するかを確認する検査である。

製造所等の設置または変更工事後に、施設が法令基準に適合しているか確認するための検査である。

製造所等は、完成検査により基準適合を確認した後に使用するのが原則である。

誤り。完成検査が必要になります場合がある。",完成検査は施設を使用する前の重要な法令手続き。,完成検査を自主点検や定期点検と混同しない。,"「完成検査」は、法令・制度の頻出語です。

整理のコツ：関連する「セルフ式給油取扱所の基準」「一般取扱所の基準」「丙種の違い」と、「同じ点・違う点」を表に書き出し、完成検査だけの特徴を一行で言えるようにします。

覚え方：間違えたら「完成検査を自主点検や定期点検と混同しない」のパターンか確認し、同じ型の誤りが出た問題を2問だけ繰り返します。

復習のしかた：丸暗記より、選択肢の「誤り。」の理由を声に出して説明できるかを目標にします。",製造所等の完成検査について、「設置または変更の工事後、法令上の完成検査を受ける必要がある場合がある。」は正しい。,○。正しい。,完成検査とは何ですか？,完成検査は、設置・変更後の施設について完成検査が必要になります場合がある。 たとえば、条文では「消防法で定める」「政令で定める」「施行令で定める」のように、どの法令に書かれているかを選ぶ問題がよく出ます。 試験では、完成検査は施設を使用する前の重要な法令手続き点を押さえると得点源になります。,完成検査は試験でどんなふうに問われますか？,完成検査は施設を使用する前の重要な法令手続き。,完成検査で間違えやすい点は？,完成検査を自主点検や定期点検と混同しない。,完成検査と「セルフ式給油取扱所の基準」「一般取扱所の基準」の違いは？,「セルフ式給油取扱所の基準」「一般取扱所の基準」は意味や数値・適用場面が異なります。用語ページの比較表と演習で、完成検査だけのポイントを確認してください。
完成検査前検査,かんせいけんさまえけんさ,法令・制度,法令・制度;乙4;頻出;詳細記事;実践演習連動;一問一答連動,"完成検査前検査は、完成検査と完成検査前検査を区別する。

たとえば、条文では「消防法で定める」「政令で定める」「施行令で定める」のように、どの法令に書かれているかを選ぶ問題がよく出ます。

試験では、完成検査と完成検査前検査を区別する点を押さえると得点源になります。",まず「完成検査前検査」は、完成検査と完成検査前検査を区別する。 一定の液体危険物タンクなどについて問題となる検査である。 法令・制度では「検査」の文脈で繰り返し問われます。,セルフ式給油取扱所の基準;一般取扱所の基準;丙種の違い,消防法,B,完成検査と完成検査前検査を区別する。 完成検査前検査は一定のタンクで問題になる。 完成検査前検査は一定設備で完成検査前に問題になる。 誤り。掲示板の色だけを確認するものではない。,完成検査前検査とは？危険物取扱者試験（乙種第4類）で押さえる意味・試験ポイント,このページでは、法令・制度分野の「完成検査前検査」を、試験に出る形で整理します。ひとことで言うと、完成検査と完成検査前検査を区別する。下の目次の順に読むと、定義から演習のポイントまでつながって理解できます。,"完成検査前検査は、完成検査と完成検査前検査を区別する。 一定のタンクなどについて完成検査の前に行われる検査である。試験採点や危険物の味の確認ではない。

試験では、完成検査と完成検査前検査を区別する。完成検査前検査は一定のタンクで問題になる。また、完成検査前検査は一定設備で完成検査前に問題になる点も押さえます。

誤り。掲示板の色だけを確認するものではない。

誤り。試験採点前の検査ではない。

誤り。すべての容器購入時の検査ではない。

誤り。危険物の味を確認してはならない。

完成検査と完成検査前検査を区別する。

完成検査前検査は一定のタンクで問題になる。

完成検査前検査は一定設備で完成検査前に問題になる。

法令・制度では「セルフ式給油取扱所の基準」「一般取扱所の基準」など近い用語とセットで出題されます。定義・数値・主体の違いを表で対比し、完成検査前検査だけの特徴を一言で言えるようにしてください。

一定の液体危険物タンクなどについて問題となる検査である。

一定の液体危険物タンクなどでは、完成検査の前に完成検査前検査が問題となる場合がある。",完成検査と完成検査前検査を区別する。;完成検査前検査は一定のタンクで問題になる。;完成検査前検査は一定設備で完成検査前に問題になる。,類似語と混同する。;数字や条件を取り違える。;すべての危険物に当てはめる。,"「完成検査前検査」は、法令・制度の頻出語です。

整理のコツ：関連する「セルフ式給油取扱所の基準」「一般取扱所の基準」「丙種の違い」と、「同じ点・違う点」を表に書き出し、完成検査前検査だけの特徴を一行で言えるようにします。

覚え方：間違えたら「類似語と混同する」のパターンか確認し、同じ型の誤りが出た問題を2問だけ繰り返します。

復習のしかた：丸暗記より、選択肢の「誤り。」の理由を声に出して説明できるかを目標にします。",完成検査前検査について、「施設の掲示板の色だけを確認する検査である。」は正しい。,×。誤り。,完成検査前検査とは何ですか？,完成検査前検査は、完成検査と完成検査前検査を区別する。 たとえば、条文では「消防法で定める」「政令で定める」「施行令で定める」のように、どの法令に書かれているかを選ぶ問題がよく出ます。 試験では、完成検査と完成検査前検査を区別する点を押さえると得点源になります。,完成検査前検査は試験でどんなふうに問われますか？,完成検査と完成検査前検査を区別する。完成検査前検査は一定のタンクで問題になる。完成検査前検査は一定設備で完成検査前に問題になる。,完成検査前検査で間違えやすい点は？,類似語と混同する。数字や条件を取り違える。,完成検査前検査と「セルフ式給油取扱所の基準」「一般取扱所の基準」の違いは？,「セルフ式給油取扱所の基準」「一般取扱所の基準」は意味や数値・適用場面が異なります。用語ページの比較表と演習で、完成検査前検査だけのポイントを確認してください。
定期点検,ていきてんけん,法令・制度,法令・制度;乙4;頻出;詳細記事;実践演習連動;一問一答連動,"定期点検は、完成検査は設置・変更工事後の確認、定期点検は使用中の施設の維持管理状態の確認に関係する。

たとえば、条文では「消防法で定める」「政令で定める」「施行令で定める」のように、どの法令に書かれているかを選ぶ問題がよく出ます。

試験では、定期点検は危険物施設の安全管理に関係する点を押さえると得点源になります。",まず「定期点検」は、完成検査は設置・変更工事後の確認、定期点検は使用中の施設の維持管理状態の確認に関係する。 危険物施設の維持管理状態を確認し、事故を予防するために行われる。 法令・制度では「定期点検」の文脈で繰り返し問われます。,定期点検が必要な施設;点検記録の保存,消防法,B,定期点検は危険物施設の安全管理に関係する。 定期点検は記録保存まで含めて押さえる。 点検の実施だけでなく、記録保存も問われる。 誤り。運搬中の危険物だけを対象とする制度ではない。,定期点検とは？危険物取扱者試験（乙種第4類）で押さえる意味・試験ポイント,このページでは、法令・制度分野の「定期点検」を、試験に出る形で整理します。ひとことで言うと、完成検査は設置・変更工事後の確認、定期点検は使用中の施設の維持管理状態の確認に関係する。下の目次の順に読むと、定義から演習のポイントまでつながって理解できます。,"定期点検は、完成検査は設置・変更工事後の確認、定期点検は使用中の施設の維持管理状態の確認に関係する。 一定の製造所等では、施設の安全確保のため定期点検が必要になります場合がある。消火設備の有無だけで常に不要になるわけではない。

試験では、定期点検は危険物施設の安全管理に関係する。また、定期点検は記録保存まで含めて押さえる点も押さえます。

誤り。運搬中の危険物だけを対象とする制度ではない。

誤り。点検が不要とはいえない。

誤り。消火設備があっても点検が必要になります場合がある。

誤り。試験の採点作業ではない。

定期点検は危険物施設の安全管理に関係する。

定期点検は記録保存まで含めて押さえる。

点検の実施だけでなく、記録保存も問われる。

よくある誤りは、点検の実施だけでなく、記録保存も問われる。

法令・制度では「定期点検が必要な施設」「点検記録の保存」など近い用語とセットで出題されます。定義・数値・主体の違いを表で対比し、定期点検だけの特徴を一言で言えるようにしてください。

危険物施設の維持管理状態を確認し、事故を予防するために行われる。

危険物施設の維持管理状態を確認するために行う。

誤り。消火設備があっても点検が必要になります場合がある。",定期点検は危険物施設の安全管理に関係する。;定期点検は記録保存まで含めて押さえる。,点検の実施だけでなく、記録保存も問われる。,"「定期点検」は、法令・制度の頻出語です。

整理のコツ：関連する「定期点検が必要な施設」「点検記録の保存」と、「同じ点・違う点」を表に書き出し、定期点検だけの特徴を一行で言えるようにします。

覚え方：間違えたら「点検の実施だけでなく、記録保存も問われる」のパターンか確認し、同じ型の誤りが出た問題を2問だけ繰り返します。

復習のしかた：丸暗記より、選択肢の「誤り。」の理由を声に出して説明できるかを目標にします。",危険物施設の定期点検について、「一定の製造所等では、定期に点検を行う必要がある場合がある。」は正しい。,○。正しい。,定期点検とは何ですか？,定期点検は、完成検査は設置・変更工事後の確認、定期点検は使用中の施設の維持管理状態の確認に関係する。 たとえば、条文では「消防法で定める」「政令で定める」「施行令で定める」のように、どの法令に書かれているかを選ぶ問題がよく出ます。 試験では、定期点検は危険物施設の安全管理に関係する点を押さえると得点源になります。,定期点検は試験でどんなふうに問われますか？,定期点検は危険物施設の安全管理に関係する。定期点検は記録保存まで含めて押さえる。,定期点検で間違えやすい点は？,点検の実施だけでなく、記録保存も問われる。,定期点検と「定期点検が必要な施設」「点検記録の保存」の違いは？,「定期点検が必要な施設」「点検記録の保存」は意味や数値・適用場面が異なります。用語ページの比較表と演習で、定期点検だけのポイントを確認してください。
定期点検が必要な施設,ていきてんけんがひつようなしせつ,法令・制度,法令・制度;乙4;頻出;詳細記事;実践演習連動;一問一答連動,"定期点検が必要な施設は、一定の製造所等では、施設の安全確保のため定期点検が必要になります場合がある。

たとえば、条文では「消防法で定める」「政令で定める」「施行令で定める」のように、どの法令に書かれているかを選ぶ問題がよく出ます。

試験では、定期点検は危険物施設の安全管理に関係する点を押さえると得点源になります。",まず「定期点検が必要な施設」は、一定の製造所等では、施設の安全確保のため定期点検が必要になります場合がある。消火設備の有無だけで常に不要になるわけではない。 定期点検は、危険物施設の維持管理状態を確認し、事故を予防するために行われる。 法令・制度では「定期点検」の文脈で繰り返し問われます。,セルフ式給油取扱所の基準;一般取扱所の基準;丙種の違い,消防法,B,定期点検は危険物施設の安全管理に関係する。 誤り。運搬中の危険物だけを対象とする制度ではない。 誤り。点検が不要とはいえない。 誤り。消火設備があっても点検が必要になります場合がある。,定期点検が必要な施設とは？危険物取扱者試験（乙種第4類）で押さえる意味・試験ポイント,このページでは、法令・制度分野の「定期点検が必要な施設」を、試験に出る形で整理します。ひとことで言うと、一定の製造所等では、施設の安全確保のため定期点検が必要になります場合がある。消火設備の有無だけで常に不要になるわけではない。下の目次の順に読むと、定義から演習のポイントまでつながって理解できます。,"定期点検が必要な施設は、一定の製造所等では、施設の安全確保のため定期点検が必要になります場合がある。消火設備の有無だけで常に不要になるわけではない。 定期点検は、危険物施設の維持管理状態を確認し、事故を予防するために行われる。

試験では、定期点検は危険物施設の安全管理に関係する点が問われます。

誤り。運搬中の危険物だけを対象とする制度ではない。

誤り。点検が不要とはいえない。

誤り。消火設備があっても点検が必要になります場合がある。

誤り。試験の採点作業ではない。

定期点検は危険物施設の安全管理に関係する。

法令・制度では「セルフ式給油取扱所の基準」「一般取扱所の基準」など近い用語とセットで出題されます。定義・数値・主体の違いを表で対比し、定期点検が必要な施設だけの特徴を一言で言えるようにしてください。

完成検査は設置・変更工事後の確認、定期点検は使用中の施設の維持管理状態の確認に関係する。

定期点検は、危険物施設の維持管理状態を確認するために行う。

誤り。消火設備があっても点検が必要になります場合がある。",定期点検は危険物施設の安全管理に関係する。,類似語と混同する。;数字や条件を取り違える。;すべての危険物に当てはめる。,"「定期点検が必要な施設」は、法令・制度の頻出語です。

整理のコツ：関連する「セルフ式給油取扱所の基準」「一般取扱所の基準」「丙種の違い」と、「同じ点・違う点」を表に書き出し、定期点検が必要な施設だけの特徴を一行で言えるようにします。

覚え方：間違えたら「類似語と混同する」のパターンか確認し、同じ型の誤りが出た問題を2問だけ繰り返します。

復習のしかた：丸暗記より、選択肢の「誤り。」の理由を声に出して説明できるかを目標にします。",危険物施設の定期点検について、「一定の製造所等では、定期に点検を行う必要がある場合がある。」は正しい。,○。正しい。,定期点検が必要な施設とは何ですか？,定期点検が必要な施設は、一定の製造所等では、施設の安全確保のため定期点検が必要になります場合がある。 たとえば、条文では「消防法で定める」「政令で定める」「施行令で定める」のように、どの法令に書かれているかを選ぶ問題がよく出ます。 試験では、定期点検は危険物施設の安全管理に関係する点を押さえると得点源になります。,定期点検が必要な施設は試験でどんなふうに問われますか？,定期点検は危険物施設の安全管理に関係する。,定期点検が必要な施設で間違えやすい点は？,類似語と混同する。数字や条件を取り違える。,定期点検が必要な施設と「セルフ式給油取扱所の基準」「一般取扱所の基準」の違いは？,「セルフ式給油取扱所の基準」「一般取扱所の基準」は意味や数値・適用場面が異なります。用語ページの比較表と演習で、定期点検が必要な施設だけのポイントを確認してください。
密度,みつど,物性・化学,物性・化学;乙4;頻出;詳細記事;実践演習連動;一問一答連動,"密度は、同じ体積で質量が大きいほど、密度は大きくなる。

たとえば、引火点・沸点・密度など、数字と単位をセットで覚えると、選択肢の数値の当たり外れを見分けやすくなります。

試験では、定義を一文で説明できる点を押さえると得点源になります。",まず「密度」は、同じ体積で質量が大きいほど、密度は大きくなる。 質量を体積で割った値である。同じ体積で質量が大きいほど、密度は大きくなる。 物性・化学では「密度・比重」の文脈で繰り返し問われます。,pH;アルカリの性質;アルコール類の基礎,,B,誤り。色を表す値ではない。 誤り。密度は固体・液体・気体に用いられる。 誤り。体積÷質量ではない。,密度とは？危険物取扱者試験（乙種第4類）で押さえる意味・試験ポイント,このページでは、物性・化学分野の「密度」を、試験に出る形で整理します。ひとことで言うと、同じ体積で質量が大きいほど、密度は大きくなる。下の目次の順に読むと、定義から演習のポイントまでつながって理解できます。,"密度は、同じ体積で質量が大きいほど、密度は大きくなる。 単位体積あたりの質量を表す値であり、質量÷体積で求める。

誤り。色を表す値ではない。

誤り。密度は固体・液体・気体に用いられる。

誤り。体積÷質量ではない。

誤り。密度は物質や温度によって異なる。

物性・化学では「pH」「アルカリの性質」など近い用語とセットで出題されます。定義・数値・主体の違いを表で対比し、密度だけの特徴を一言で言えるようにしてください。",定義を一文で説明できる。;適用する場面（製造・貯蔵・取扱・消火）を挙げられる。;関連する法令名を意識できる。,類似語と混同する。;数字や条件を取り違える。;すべての危険物に当てはめる。,"「密度」は、物性・化学の頻出語です。

整理のコツ：関連する「pH」「アルカリの性質」「アルコール類の基礎」と、「同じ点・違う点」を表に書き出し、密度だけの特徴を一行で言えるようにします。

覚え方：間違えたら「類似語と混同する」のパターンか確認し、同じ型の誤りが出た問題を2問だけ繰り返します。

復習のしかた：丸暗記より、選択肢の「誤り。」の理由を声に出して説明できるかを目標にします。",密度の説明について、「密度は、温度に関係なくすべての物質で同じである。」は正しい。,×。誤り。,密度とは何ですか？,密度は、同じ体積で質量が大きいほど、密度は大きくなる。 たとえば、引火点・沸点・密度など、数字と単位をセットで覚えると、選択肢の数値の当たり外れを見分けやすくなります。 試験では、定義を一文で説明できる点を押さえると得点源になります。,密度は試験でどんなふうに問われますか？,定義を一文で説明できる。適用する場面（製造・貯蔵・取扱・消火）を挙げられる。関連する法令名を意識できる。,密度で間違えやすい点は？,類似語と混同する。数字や条件を取り違える。,密度と「pH」「アルカリの性質」の違いは？,「pH」「アルカリの性質」は意味や数値・適用場面が異なります。用語ページの比較表と演習で、密度だけのポイントを確認してください。
密度・比重,みつど・ひじゅう,物性・化学,物性・化学;乙4;頻出;詳細記事;実践演習連動;一問一答連動,"密度・比重は、密度は、単位体積あたりの質量を表す値であり、質量÷体積で求める。

たとえば、引火点・沸点・密度など、数字と単位をセットで覚えると、選択肢の数値の当たり外れを見分けやすくなります。

試験では、蒸気比重が大きい蒸気は低所に滞留しやすい点を押さえると得点源になります。",まず「密度・比重」は、密度は、単位体積あたりの質量を表す値であり、質量÷体積で求める。 蒸気比重が空気より大きい可燃性蒸気は、低所に滞留しやすく、火気や静電気による引火に注意が必要である。 物性・化学では「密度・比重」の文脈で繰り返し問われます。,蒸気比重;比重;密度,,B,蒸気比重が大きい蒸気は低所に滞留しやすい。 蒸気比重と液比重、水溶性を混同しない。 水に浮くことと水に溶けることを混同しない。 誤り。色を表す値ではない。,密度・比重とは？危険物取扱者試験（乙種第4類）で押さえる意味・試験ポイント,このページでは、物性・化学分野の「密度・比重」を、試験に出る形で整理します。ひとことで言うと、密度は、単位体積あたりの質量を表す値であり、質量÷体積で求める。下の目次の順に読むと、定義から演習のポイントまでつながって理解できます。,"密度・比重は、密度は、単位体積あたりの質量を表す値であり、質量÷体積で求める。 蒸気比重が空気より大きい可燃性蒸気は、低所に滞留しやすく、火気や静電気による引火に注意が必要である。

試験では、蒸気比重が大きい蒸気は低所に滞留しやすい点が問われます。

誤り。色を表す値ではない。

誤り。密度は固体・液体・気体に用いられる。

誤り。体積÷質量ではない。

誤り。密度は物質や温度によって異なる。

蒸気比重が大きい蒸気は低所に滞留しやすい。

蒸気比重と液比重、水溶性を混同しない。

水に浮くことと水に溶けることを混同しない。

よくある誤りは、蒸気比重と液比重、水溶性を混同しない。水に浮くことと水に溶けることを混同しない。

物性・化学では「蒸気比重」「比重」など近い用語とセットで出題されます。定義・数値・主体の違いを表で対比し、密度・比重だけの特徴を一言で言えるようにしてください。

液体の比重は、通常、水を基準として物質の重さを比較する値である。

比重が1より小さい液体は水に浮きやすい。

液体の比重が水より小さい場合、その液体は水に浮きやすい。",蒸気比重が大きい蒸気は低所に滞留しやすい。,蒸気比重と液比重、水溶性を混同しない。;水に浮くことと水に溶けることを混同しない。,"「密度・比重」は、物性・化学の頻出語です。

整理のコツ：関連する「蒸気比重」「比重」「密度」と、「同じ点・違う点」を表に書き出し、密度・比重だけの特徴を一行で言えるようにします。

覚え方：間違えたら「蒸気比重と液比重、水溶性を混同しない」のパターンか確認し、同じ型の誤りが出た問題を2問だけ繰り返します。

復習のしかた：丸暗記より、選択肢の「誤り。」の理由を声に出して説明できるかを目標にします。",密度の説明について、「密度は、温度に関係なくすべての物質で同じである。」は正しい。,×。誤り。,密度・比重とは何ですか？,密度・比重は、密度は、単位体積あたりの質量を表す値であり、質量÷体積で求める。 たとえば、引火点・沸点・密度など、数字と単位をセットで覚えると、選択肢の数値の当たり外れを見分けやすくなります。 試験では、蒸気比重が大きい蒸気は低所に滞留しやすい点を押さえると得点源になります。,密度・比重は試験でどんなふうに問われますか？,蒸気比重が大きい蒸気は低所に滞留しやすい。,密度・比重で間違えやすい点は？,蒸気比重と液比重、水溶性を混同しない。水に浮くことと水に溶けることを混同しない。,密度・比重と「蒸気比重」「比重」の違いは？,「蒸気比重」「比重」は意味や数値・適用場面が異なります。用語ページの比較表と演習で、密度・比重だけのポイントを確認してください。
密度・質量・体積の計算,みつど・しつりょう・たいせきのけいさん,物性・化学,物性・化学;乙4;頻出;詳細記事;実践演習連動;一問一答連動,"密度・質量・体積の計算は、密度は質量を体積で割って求める。

たとえば、引火点・沸点・密度など、数字と単位をセットで覚えると、選択肢の数値の当たり外れを見分けやすくなります。

試験では、定義を一文で説明できる点を押さえると得点源になります。","まず「密度・質量・体積の計算」は、密度は質量を体積で割って求める。800 g÷1,000 cm³＝0.8 g/cm³である。 質量は密度×体積で求める。0.8 g/cm³×500 cm³＝400 gである。 物性・化学では「計算問題」の文脈で繰り返し問われます。",pH;アルカリの性質;アルコール類の基礎,,B,"誤り。質量と体積を足した値ではない。 誤り。体積で割っていない。 誤り。1,000÷800で計算した値である。",密度・質量・体積の計算とは？危険物取扱者試験（乙種第4類）で押さえる意味・試験ポイント,"このページでは、物性・化学分野の「密度・質量・体積の計算」を、試験に出る形で整理します。ひとことで言うと、密度は質量を体積で割って求める。800 g÷1,000 cm³＝0.8 g/cm³である。下の目次の順に読むと、定義から演習のポイントまでつながって理解できます。","密度・質量・体積の計算は、密度は質量を体積で割って求める。800 g÷1,000 cm³＝0.8 g/cm³である。 質量は密度×体積で求める。0.8 g/cm³×500 cm³＝400 gである。

誤り。質量と体積を足した値ではない。

誤り。体積で割っていない。

誤り。1,000÷800で計算した値である。

誤り。800÷1,000の結果ではない。

物性・化学では「pH」「アルカリの性質」など近い用語とセットで出題されます。定義・数値・主体の違いを表で対比し、密度・質量・体積の計算だけの特徴を一言で言えるようにしてください。

600÷750＝0.8 g/cm³である。",定義を一文で説明できる。;適用する場面（製造・貯蔵・取扱・消火）を挙げられる。;関連する法令名を意識できる。,類似語と混同する。;数字や条件を取り違える。;すべての危険物に当てはめる。,"「密度・質量・体積の計算」は、物性・化学の頻出語です。

整理のコツ：関連する「pH」「アルカリの性質」「アルコール類の基礎」と、「同じ点・違う点」を表に書き出し、密度・質量・体積の計算だけの特徴を一行で言えるようにします。

覚え方：間違えたら「類似語と混同する」のパターンか確認し、同じ型の誤りが出た問題を2問だけ繰り返します。

復習のしかた：丸暗記より、選択肢の「誤り。」の理由を声に出して説明できるかを目標にします。","質量800 g、体積1,000 cm³の液体の密度について、「1.25 g/cm³」は正しい。",×。誤り。,密度・質量・体積の計算とは何ですか？,密度・質量・体積の計算は、密度は質量を体積で割って求める。 たとえば、引火点・沸点・密度など、数字と単位をセットで覚えると、選択肢の数値の当たり外れを見分けやすくなります。 試験では、定義を一文で説明できる点を押さえると得点源になります。,密度・質量・体積の計算は試験でどんなふうに問われますか？,定義を一文で説明できる。適用する場面（製造・貯蔵・取扱・消火）を挙げられる。関連する法令名を意識できる。,密度・質量・体積の計算で間違えやすい点は？,類似語と混同する。数字や条件を取り違える。,密度・質量・体積の計算と「pH」「アルカリの性質」の違いは？,「pH」「アルカリの性質」は意味や数値・適用場面が異なります。用語ページの比較表と演習で、密度・質量・体積の計算だけのポイントを確認してください。
届出,とどけで,法令・制度,法令・制度;乙4;頻出;詳細記事;実践演習連動;一問一答連動,"届出は、製造所等の譲渡または引渡しがあった場合、法令上、届出が必要になります場合がある。

たとえば、ガソリン（非水溶性）は200 L、アセトン（水溶性）は400 Lのように、品名ごとに数値が決まります。

試験では、品名・数量・指定数量倍数の変更届出を押さえる点を押さえると得点源になります。",まず「届出」は、製造所等の譲渡または引渡しがあった場合、法令上、届出が必要になります場合がある。 製造所等を廃止した場合、法令上、廃止の届出が必要になります場合がある。危険物の残存や安全措置にも注意が必要である。 法令・制度では「届出」の文脈で繰り返し問われます。,廃止届出;品名・数量・指定数量倍数の変更届出;譲渡・引渡しの届出,消防法,B,免状手続きと施設の届出を混同しない。 施設を使わなくなれば手続き不要、とは限らない。 品名・数量・指定数量倍数の変更届出を押さえる。 誤り。危険物を廃棄すれば常に不要というものではない。,届出とは？危険物取扱者試験（乙種第4類）で押さえる意味・試験ポイント,このページでは、法令・制度分野の「届出」を、試験に出る形で整理します。ひとことで言うと、製造所等の譲渡または引渡しがあった場合、法令上、届出が必要になります場合がある。下の目次の順に読むと、定義から演習のポイントまでつながって理解できます。,"届出は、製造所等の譲渡または引渡しがあった場合、法令上、届出が必要になります場合がある。 製造所等の譲渡または引渡しがあった場合、法令上、届出が必要になります場合がある。施設の権利移転と免状更新は別の手続きである。

試験では、品名・数量・指定数量倍数の変更届出を押さえる。保安監督者は選任だけでなく届出も押さえる。保安監督者は選任と届出をセットで押さえる。また、品名・数量・指定数量倍数の変更届を押さえる点も押さえます。

誤り。危険物を廃棄すれば常に不要というものではない。

誤り。第4類危険物の施設でも関係し得る。

誤り。免状更新手続きではない。

誤り。一切不要とはいえない。

免状手続きと施設の届出を混同しない。

施設を使わなくなれば手続き不要、とは限らない。

品名・数量・指定数量倍数の変更届出を押さえる。

よくある誤りは、免状手続きと施設の届出を混同しない。施設を使わなくなれば手続き不要、とは限らない。使わなくなれば何もしなくてよい、ではない。

法令・制度では「廃止届出」「品名・数量・指定数量倍数の変更届出」など近い用語とセットで出題されます。定義・数値・主体の違いを表で対比し、届出だけの特徴を一言で言えるようにしてください。

製造所等を廃止した場合、法令上、廃止の届出が必要になります場合がある。

危険物の残存や安全措置にも注意が必要である。

製造所等で貯蔵または取り扱う危険物の品名、数量、指定数量の倍数を変更する場合、届出が必要になります場合がある。",品名・数量・指定数量倍数の変更届出を押さえる。;保安監督者は選任だけでなく届出も押さえる。;保安監督者は選任と届出をセットで押さえる。;品名・数量・指定数量倍数の変更届を押さえる。;廃止時も届出と残存危険物管理が重要。,免状手続きと施設の届出を混同しない。;施設を使わなくなれば手続き不要、とは限らない。;使わなくなれば何もしなくてよい、ではない。,"「届出」は、法令・制度の頻出語です。

整理のコツ：関連する「廃止届出」「品名・数量・指定数量倍数の変更届出」「譲渡・引渡しの届出」と、「同じ点・違う点」を表に書き出し、届出だけの特徴を一行で言えるようにします。

覚え方：間違えたら「免状手続きと施設の届出を混同しない」のパターンか確認し、同じ型の誤りが出た問題を2問だけ繰り返します。

復習のしかた：丸暗記より、選択肢の「誤り。」の理由を声に出して説明できるかを目標にします。",危険物保安監督者を選任または解任した場合について、「選任や解任をしても、届出制度は一切ない。」は正しい。,×。誤り。,届出とは何ですか？,届出は、製造所等の譲渡または引渡しがあった場合、法令上、届出が必要になります場合がある。 たとえば、ガソリン（非水溶性）は200 L、アセトン（水溶性）は400 Lのように、品名ごとに数値が決まります。 試験では、品名・数量・指定数量倍数の変更届出を押さえる点を押さえると得点源になります。,届出は試験でどんなふうに問われますか？,品名・数量・指定数量倍数の変更届出を押さえる。保安監督者は選任だけでなく届出も押さえる。保安監督者は選任と届出をセットで押さえる。,届出で間違えやすい点は？,免状手続きと施設の届出を混同しない。施設を使わなくなれば手続き不要、とは限らない。,届出と「廃止届出」「品名・数量・指定数量倍数の変更届出」の違いは？,「廃止届出」「品名・数量・指定数量倍数の変更届出」は意味や数値・適用場面が異なります。用語ページの比較表と演習で、届出だけのポイントを確認してください。
屋内タンク貯蔵所の基準,おくないたんくちょぞうところのきじゅん,法令・制度,法令・制度;乙4;頻出;詳細記事;実践演習連動;一問一答連動,"屋内タンク貯蔵所の基準は、屋内タンク貯蔵所は、屋内に設置されたタンクで危険物を貯蔵する貯蔵所である。

たとえば、条文では「消防法で定める」「政令で定める」「施行令で定める」のように、どの法令に書かれているかを選ぶ問題がよく出ます。

試験では、定義を一文で説明できる点を押さえると得点源になります。",まず「屋内タンク貯蔵所の基準」は、屋内タンク貯蔵所は、屋内に設置されたタンクで危険物を貯蔵する貯蔵所である。 正しい。屋内タンク貯蔵所の説明である。 屋内タンク貯蔵所は、屋内に設置されたタンクで危険物を貯蔵する貯蔵所である。 法令・制度では「貯蔵所基準」の文脈で繰り返し問われます。,セルフ式給油取扱所の基準;一般取扱所の基準;丙種の違い,危険物の規制に関する政令,B,屋内貯蔵所と屋内タンク貯蔵所を区別する。 誤り。移送取扱所の説明である。 誤り。給油取扱所の説明である。 誤り。販売取扱所の説明に近い。,屋内タンク貯蔵所の基準とは？危険物取扱者試験（乙種第4類）で押さえる意味・試験ポイント,このページでは、法令・制度分野の「屋内タンク貯蔵所の基準」を、試験に出る形で整理します。ひとことで言うと、屋内タンク貯蔵所は、屋内に設置されたタンクで危険物を貯蔵する貯蔵所である。下の目次の順に読むと、定義から演習のポイントまでつながって理解できます。,"屋内タンク貯蔵所の基準は、屋内タンク貯蔵所は、屋内に設置されたタンクで危険物を貯蔵する貯蔵所である。

誤り。移送取扱所の説明である。

誤り。給油取扱所の説明である。

誤り。販売取扱所の説明に近い。

誤り。試験科目名ではない。

屋内貯蔵所と屋内タンク貯蔵所を区別する。

よくある誤りは、屋内貯蔵所と屋内タンク貯蔵所を区別する。

法令・制度では「セルフ式給油取扱所の基準」「一般取扱所の基準」など近い用語とセットで出題されます。定義・数値・主体の違いを表で対比し、屋内タンク貯蔵所の基準だけの特徴を一言で言えるようにしてください。",定義を一文で説明できる。;適用する場面（製造・貯蔵・取扱・消火）を挙げられる。;関連する法令名を意識できる。,屋内貯蔵所と屋内タンク貯蔵所を区別する。,"「屋内タンク貯蔵所の基準」は、法令・制度の頻出語です。

整理のコツ：関連する「セルフ式給油取扱所の基準」「一般取扱所の基準」「丙種の違い」と、「同じ点・違う点」を表に書き出し、屋内タンク貯蔵所の基準だけの特徴を一行で言えるようにします。

覚え方：間違えたら「屋内貯蔵所と屋内タンク貯蔵所を区別する」のパターンか確認し、同じ型の誤りが出た問題を2問だけ繰り返します。

復習のしかた：丸暗記より、選択肢の「誤り。」の理由を声に出して説明できるかを目標にします。",屋内タンク貯蔵所について、「屋内に設置したタンクで危険物を貯蔵する貯蔵所である。」は正しい。,○。正しい。,屋内タンク貯蔵所の基準とは何ですか？,屋内タンク貯蔵所の基準は、屋内タンク貯蔵所は、屋内に設置されたタンクで危険物を貯蔵する貯蔵所である。 たとえば、条文では「消防法で定める」「政令で定める」「施行令で定める」のように、どの法令に書かれているかを選ぶ問題がよく出ます。 試験では、定義を一文で説明できる点を押さえると得点源になります。,屋内タンク貯蔵所の基準は試験でどんなふうに問われますか？,定義を一文で説明できる。適用する場面（製造・貯蔵・取扱・消火）を挙げられる。関連する法令名を意識できる。,屋内タンク貯蔵所の基準で間違えやすい点は？,屋内貯蔵所と屋内タンク貯蔵所を区別する。,屋内タンク貯蔵所の基準と「セルフ式給油取扱所の基準」「一般取扱所の基準」の違いは？,「セルフ式給油取扱所の基準」「一般取扱所の基準」は意味や数値・適用場面が異なります。用語ページの比較表と演習で、屋内タンク貯蔵所の基準だけのポイントを確認してください。
屋内貯蔵所の基準,おくないちょぞうところのきじゅん,法令・制度,法令・制度;乙4;頻出;詳細記事;実践演習連動;一問一答連動,"屋内貯蔵所の基準は、屋内貯蔵所は、危険物を建築物内で貯蔵する貯蔵所の一種である。

たとえば、条文では「消防法で定める」「政令で定める」「施行令で定める」のように、どの法令に書かれているかを選ぶ問題がよく出ます。

試験では、屋内貯蔵所は建築物内で貯蔵する施設点を押さえると得点源になります。",まず「屋内貯蔵所の基準」は、屋内貯蔵所は、危険物を建築物内で貯蔵する貯蔵所の一種である。移動タンク貯蔵所や給油取扱所とは異なる。 屋内貯蔵所と屋内タンク貯蔵所は名称が似ているが、施設の形態が異なる。 法令・制度では「貯蔵所基準」の文脈で繰り返し問われます。,セルフ式給油取扱所の基準;一般取扱所の基準;丙種の違い,危険物の規制に関する政令,B,屋内貯蔵所は建築物内で貯蔵する施設。 屋内貯蔵所と給油取扱所を混同しない。 屋内貯蔵所と屋内タンク貯蔵所を区別する。 誤り。給油取扱所の説明である。,屋内貯蔵所の基準とは？危険物取扱者試験（乙種第4類）で押さえる意味・試験ポイント,このページでは、法令・制度分野の「屋内貯蔵所の基準」を、試験に出る形で整理します。ひとことで言うと、屋内貯蔵所は、危険物を建築物内で貯蔵する貯蔵所の一種である。移動タンク貯蔵所や給油取扱所とは異なる。下の目次の順に読むと、定義から演習のポイントまでつながって理解できます。,"屋内貯蔵所の基準は、屋内貯蔵所は、危険物を建築物内で貯蔵する貯蔵所の一種である。移動タンク貯蔵所や給油取扱所とは異なる。 屋内貯蔵所と屋内タンク貯蔵所は名称が似ているが、施設の形態が異なる。

試験では、屋内貯蔵所は建築物内で貯蔵する施設。また、屋内貯蔵所と屋内タンク貯蔵所を区別する点も押さえます。

誤り。給油取扱所の説明である。

誤り。販売取扱所の説明としても不十分である。

誤り。移動タンク貯蔵所の説明である。

誤り。移送取扱所の説明である。

屋内貯蔵所は建築物内で貯蔵する施設。

屋内貯蔵所と給油取扱所を混同しない。

屋内貯蔵所と屋内タンク貯蔵所を区別する。

よくある誤りは、屋内貯蔵所と給油取扱所を混同しない。

法令・制度では「セルフ式給油取扱所の基準」「一般取扱所の基準」など近い用語とセットで出題されます。定義・数値・主体の違いを表で対比し、屋内貯蔵所の基準だけの特徴を一言で言えるようにしてください。

屋内貯蔵所は、建築物内で危険物を貯蔵する貯蔵所である。",屋内貯蔵所は建築物内で貯蔵する施設。;屋内貯蔵所と屋内タンク貯蔵所を区別する。,屋内貯蔵所と給油取扱所を混同しない。,"「屋内貯蔵所の基準」は、法令・制度の頻出語です。

整理のコツ：関連する「セルフ式給油取扱所の基準」「一般取扱所の基準」「丙種の違い」と、「同じ点・違う点」を表に書き出し、屋内貯蔵所の基準だけの特徴を一行で言えるようにします。

覚え方：間違えたら「屋内貯蔵所と給油取扱所を混同しない」のパターンか確認し、同じ型の誤りが出た問題を2問だけ繰り返します。

復習のしかた：丸暗記より、選択肢の「誤り。」の理由を声に出して説明できるかを目標にします。",屋内貯蔵所について、「危険物を建築物内で貯蔵する貯蔵所の一種である。」は正しい。,○。正しい。,屋内貯蔵所の基準とは何ですか？,屋内貯蔵所の基準は、屋内貯蔵所は、危険物を建築物内で貯蔵する貯蔵所の一種である。 たとえば、条文では「消防法で定める」「政令で定める」「施行令で定める」のように、どの法令に書かれているかを選ぶ問題がよく出ます。 試験では、屋内貯蔵所は建築物内で貯蔵する施設点を押さえると得点源になります。,屋内貯蔵所の基準は試験でどんなふうに問われますか？,屋内貯蔵所は建築物内で貯蔵する施設。屋内貯蔵所と屋内タンク貯蔵所を区別する。,屋内貯蔵所の基準で間違えやすい点は？,屋内貯蔵所と給油取扱所を混同しない。,屋内貯蔵所の基準と「セルフ式給油取扱所の基準」「一般取扱所の基準」の違いは？,「セルフ式給油取扱所の基準」「一般取扱所の基準」は意味や数値・適用場面が異なります。用語ページの比較表と演習で、屋内貯蔵所の基準だけのポイントを確認してください。
屋外タンク貯蔵所の基準,おくがいたんくちょぞうところのきじゅん,法令・制度,法令・制度;乙4;頻出;詳細記事;実践演習連動;一問一答連動,"屋外タンク貯蔵所の基準は、屋外タンク貯蔵所は、屋外に設置されたタンクで危険物を貯蔵する貯蔵所である。

たとえば、条文では「消防法で定める」「政令で定める」「施行令で定める」のように、どの法令に書かれているかを選ぶ問題がよく出ます。

試験では、屋外タンク貯蔵所は屋外タンクで貯蔵する施設点を押さえると得点源になります。",まず「屋外タンク貯蔵所の基準」は、屋外タンク貯蔵所は、屋外に設置されたタンクで危険物を貯蔵する貯蔵所である。 誤り。燃焼範囲の単位ではない。 屋外タンク貯蔵所は、屋外に設置されたタンクで危険物を貯蔵する貯蔵所である。 法令・制度では「貯蔵所基準」の文脈で繰り返し問われます。,セルフ式給油取扱所の基準;一般取扱所の基準;丙種の違い,危険物の規制に関する政令,B,屋外タンク貯蔵所は屋外タンクで貯蔵する施設。 屋外貯蔵所と屋外タンク貯蔵所を混同しない。 誤り。燃焼範囲の単位ではない。 誤り。販売取扱所の説明に近い。,屋外タンク貯蔵所の基準とは？危険物取扱者試験（乙種第4類）で押さえる意味・試験ポイント,このページでは、法令・制度分野の「屋外タンク貯蔵所の基準」を、試験に出る形で整理します。ひとことで言うと、屋外タンク貯蔵所は、屋外に設置されたタンクで危険物を貯蔵する貯蔵所である。下の目次の順に読むと、定義から演習のポイントまでつながって理解できます。,"屋外タンク貯蔵所の基準は、屋外タンク貯蔵所は、屋外に設置されたタンクで危険物を貯蔵する貯蔵所である。

試験では、屋外タンク貯蔵所は屋外タンクで貯蔵する施設点が問われます。

誤り。燃焼範囲の単位ではない。

誤り。販売取扱所の説明に近い。

誤り。給油取扱所の説明である。

誤り。免状交付窓口ではない。

屋外タンク貯蔵所は屋外タンクで貯蔵する施設。

屋外貯蔵所と屋外タンク貯蔵所を混同しない。

よくある誤りは、屋外貯蔵所と屋外タンク貯蔵所を混同しない。

法令・制度では「セルフ式給油取扱所の基準」「一般取扱所の基準」など近い用語とセットで出題されます。定義・数値・主体の違いを表で対比し、屋外タンク貯蔵所の基準だけの特徴を一言で言えるようにしてください。",屋外タンク貯蔵所は屋外タンクで貯蔵する施設。,屋外貯蔵所と屋外タンク貯蔵所を混同しない。,"「屋外タンク貯蔵所の基準」は、法令・制度の頻出語です。

整理のコツ：関連する「セルフ式給油取扱所の基準」「一般取扱所の基準」「丙種の違い」と、「同じ点・違う点」を表に書き出し、屋外タンク貯蔵所の基準だけの特徴を一行で言えるようにします。

覚え方：間違えたら「屋外貯蔵所と屋外タンク貯蔵所を混同しない」のパターンか確認し、同じ型の誤りが出た問題を2問だけ繰り返します。

復習のしかた：丸暗記より、選択肢の「誤り。」の理由を声に出して説明できるかを目標にします。",屋外タンク貯蔵所について、「危険物の燃焼範囲を表す単位である。」は正しい。,×。誤り。,屋外タンク貯蔵所の基準とは何ですか？,屋外タンク貯蔵所の基準は、屋外タンク貯蔵所は、屋外に設置されたタンクで危険物を貯蔵する貯蔵所である。 たとえば、条文では「消防法で定める」「政令で定める」「施行令で定める」のように、どの法令に書かれているかを選ぶ問題がよく出ます。 試験では、屋外タンク貯蔵所は屋外タンクで貯蔵する施設点を押さえると得点源になります。,屋外タンク貯蔵所の基準は試験でどんなふうに問われますか？,屋外タンク貯蔵所は屋外タンクで貯蔵する施設。,屋外タンク貯蔵所の基準で間違えやすい点は？,屋外貯蔵所と屋外タンク貯蔵所を混同しない。,屋外タンク貯蔵所の基準と「セルフ式給油取扱所の基準」「一般取扱所の基準」の違いは？,「セルフ式給油取扱所の基準」「一般取扱所の基準」は意味や数値・適用場面が異なります。用語ページの比較表と演習で、屋外タンク貯蔵所の基準だけのポイントを確認してください。
屋外貯蔵所の基準,おくがいちょぞうところのきじゅん,法令・制度,法令・制度;乙4;頻出;詳細記事;実践演習連動;一問一答連動,"屋外貯蔵所の基準は、屋外貯蔵所は、屋外で危険物を貯蔵する貯蔵所の一種である。

たとえば、条文では「消防法で定める」「政令で定める」「施行令で定める」のように、どの法令に書かれているかを選ぶ問題がよく出ます。

試験では、屋外貯蔵所と屋外タンク貯蔵所を区別する点を押さえると得点源になります。",まず「屋外貯蔵所の基準」は、屋外貯蔵所は、屋外で危険物を貯蔵する貯蔵所の一種である。給油取扱所や移送取扱所とは異なる。 屋外貯蔵所と屋外タンク貯蔵所は、いずれも貯蔵所だが、施設形態が異なる。 法令・制度では「貯蔵所基準」の文脈で繰り返し問われます。,セルフ式給油取扱所の基準;一般取扱所の基準;丙種の違い,危険物の規制に関する政令,B,屋外貯蔵所と屋外タンク貯蔵所を区別する。 誤り。免状ではない。 誤り。移送取扱所の説明である。 誤り。給油取扱所の説明である。,屋外貯蔵所の基準とは？危険物取扱者試験（乙種第4類）で押さえる意味・試験ポイント,このページでは、法令・制度分野の「屋外貯蔵所の基準」を、試験に出る形で整理します。ひとことで言うと、屋外貯蔵所は、屋外で危険物を貯蔵する貯蔵所の一種である。給油取扱所や移送取扱所とは異なる。下の目次の順に読むと、定義から演習のポイントまでつながって理解できます。,"屋外貯蔵所の基準は、屋外貯蔵所は、屋外で危険物を貯蔵する貯蔵所の一種である。給油取扱所や移送取扱所とは異なる。 屋外貯蔵所と屋外タンク貯蔵所は、いずれも貯蔵所だが、施設形態が異なる。

試験では、屋外貯蔵所と屋外タンク貯蔵所を区別する点が問われます。

誤り。免状ではない。

誤り。移送取扱所の説明である。

誤り。給油取扱所の説明である。

誤り。受験会場ではない。

屋外貯蔵所と屋外タンク貯蔵所を区別する。

よくある誤りは、屋外貯蔵所と屋外タンク貯蔵所を区別する。

法令・制度では「セルフ式給油取扱所の基準」「一般取扱所の基準」など近い用語とセットで出題されます。定義・数値・主体の違いを表で対比し、屋外貯蔵所の基準だけの特徴を一言で言えるようにしてください。",屋外貯蔵所と屋外タンク貯蔵所を区別する。,屋外貯蔵所と屋外タンク貯蔵所を区別する。,"「屋外貯蔵所の基準」は、法令・制度の頻出語です。

整理のコツ：関連する「セルフ式給油取扱所の基準」「一般取扱所の基準」「丙種の違い」と、「同じ点・違う点」を表に書き出し、屋外貯蔵所の基準だけの特徴を一行で言えるようにします。

覚え方：間違えたら「屋外貯蔵所と屋外タンク貯蔵所を区別する」のパターンか確認し、同じ型の誤りが出た問題を2問だけ繰り返します。

復習のしかた：丸暗記より、選択肢の「誤り。」の理由を声に出して説明できるかを目標にします。",屋外貯蔵所について、「屋外で一定の危険物を貯蔵する貯蔵所の一種である。」は正しい。,○。正しい。,屋外貯蔵所の基準とは何ですか？,屋外貯蔵所の基準は、屋外貯蔵所は、屋外で危険物を貯蔵する貯蔵所の一種である。 たとえば、条文では「消防法で定める」「政令で定める」「施行令で定める」のように、どの法令に書かれているかを選ぶ問題がよく出ます。 試験では、屋外貯蔵所と屋外タンク貯蔵所を区別する点を押さえると得点源になります。,屋外貯蔵所の基準は試験でどんなふうに問われますか？,屋外貯蔵所と屋外タンク貯蔵所を区別する。,屋外貯蔵所の基準で間違えやすい点は？,屋外貯蔵所と屋外タンク貯蔵所を区別する。,屋外貯蔵所の基準と「セルフ式給油取扱所の基準」「一般取扱所の基準」の違いは？,「セルフ式給油取扱所の基準」「一般取扱所の基準」は意味や数値・適用場面が異なります。用語ページの比較表と演習で、屋外貯蔵所の基準だけのポイントを確認してください。
廃止届出,はいしとどけで,法令・制度,法令・制度;乙4;頻出;詳細記事;実践演習連動;一問一答連動,"廃止届出は、製造所等の用途を廃止したときに、所轄消防長等へ提出する届出を指します。

たとえば、条文では「消防法で定める」「政令で定める」「施行令で定める」のように、どの法令に書かれているかを選ぶ問題がよく出ます。

試験では、用途廃止時の届出点を押さえると得点源になります。",まず「廃止届出」は、製造所等の用途を廃止したときに、所轄消防長等へ提出する届出を指します。,セルフ式給油取扱所の基準;一般取扱所の基準;丙種の違い,消防法,B,施設を使わなくなれば手続き不要、とは限らない。 使わなくなれば何もしなくてよい、ではない。 廃止時も届出と残存危険物管理が重要。 誤り。試験申込ではない。,廃止届出とは？危険物取扱者試験（乙種第4類）で押さえる意味・試験ポイント,このページでは、法令・制度分野の「廃止届出」を、試験に出る形で整理します。ひとことで言うと、製造所等の用途を廃止したときに、所轄消防長等へ提出する届出を指します。下の目次の順に読むと、定義から演習のポイントまでつながって理解できます。,"施設を使わなくなったからといって手続きが不要になるわけではありません。廃止届出とあわせ、残存する危険物の引き渡し・廃棄・安全措置が問われます。

変更届出・移転届出など他の手続きと目的が異なるため、届出の種類ごとに「いつ・誰が・何を」を整理して覚えてください。

誤り。試験申込ではない。

誤り。第4類危険物の施設でも対象となり得る。

誤り。新施設の設置義務ではない。

誤り。廃止後も安全上の注意は必要である。

施設を使わなくなれば手続き不要、とは限らない。

使わなくなれば何もしなくてよい、ではない。",用途廃止時の届出。;残存危険物の処理。;変更・移転届出との区別。,使わなくなれば届出不要と誤解する。;変更届出と混同する。,"「廃止届出」は、法令・制度の頻出語です。

整理のコツ：関連する「セルフ式給油取扱所の基準」「一般取扱所の基準」「丙種の違い」と、「同じ点・違う点」を表に書き出し、廃止届出だけの特徴を一行で言えるようにします。

覚え方：間違えたら「使わなくなれば届出不要と誤解する」のパターンか確認し、同じ型の誤りが出た問題を2問だけ繰り返します。

復習のしかた：丸暗記より、選択肢の「誤り。」の理由を声に出して説明できるかを目標にします。",製造所等の用途を廃止した場合の手続きについて、「法令上、廃止の届出が必要となる場合がある。」は正しい。,○。正しい。,廃止届出とは何ですか？,廃止届出は、製造所等の用途を廃止したときに、所轄消防長等へ提出する届出を指します。 たとえば、条文では「消防法で定める」「政令で定める」「施行令で定める」のように、どの法令に書かれているかを選ぶ問題がよく出ます。 試験では、用途廃止時の届出点を押さえると得点源になります。,廃止届出は試験でどんなふうに問われますか？,用途廃止時の届出。残存危険物の処理。変更・移転届出との区別。,廃止届出で間違えやすい点は？,使わなくなれば届出不要と誤解する。変更届出と混同する。,廃止届出と「セルフ式給油取扱所の基準」「一般取扱所の基準」の違いは？,「セルフ式給油取扱所の基準」「一般取扱所の基準」は意味や数値・適用場面が異なります。用語ページの比較表と演習で、廃止届出だけのポイントを確認してください。
引渡しの届出,ひきわたしのとどけで,法令・制度,法令・制度;乙4;頻出;詳細記事;実践演習連動;一問一答連動,"引渡しの届出は、製造所等の譲渡または引渡しがあった場合、法令上、届出が必要になります場合がある。

たとえば、条文では「消防法で定める」「政令で定める」「施行令で定める」のように、どの法令に書かれているかを選ぶ問題がよく出ます。

試験では、定義を一文で説明できる点を押さえると得点源になります。",まず「引渡しの届出」は、製造所等の譲渡または引渡しがあった場合、法令上、届出が必要になります場合がある。施設の権利移転と免状更新は別の手続きである。 製造所等の譲渡または引渡しがあった場合、法令上、届出が必要になります場合がある。 法令・制度では「届出」の文脈で繰り返し問われます。,譲渡・引渡しの届出;届出,消防法,B,免状手続きと施設の届出を混同しない。 誤り。危険物を廃棄すれば常に不要というものではない。 誤り。第4類危険物の施設でも関係し得る。 誤り。免状更新手続きではない。,引渡しの届出とは？危険物取扱者試験（乙種第4類）で押さえる意味・試験ポイント,このページでは、法令・制度分野の「引渡しの届出」を、試験に出る形で整理します。ひとことで言うと、製造所等の譲渡または引渡しがあった場合、法令上、届出が必要になります場合がある。施設の権利移転と免状更新は別の手続きである。下の目次の順に読むと、定義から演習のポイントまでつながって理解できます。,"引渡しの届出は、製造所等の譲渡または引渡しがあった場合、法令上、届出が必要になります場合がある。施設の権利移転と免状更新は別の手続きである。 製造所等の譲渡または引渡しがあった場合、届出が必要になります場合がある。

誤り。危険物を廃棄すれば常に不要というものではない。

誤り。第4類危険物の施設でも関係し得る。

誤り。免状更新手続きではない。

誤り。一切不要とはいえない。

免状手続きと施設の届出を混同しない。

よくある誤りは、免状手続きと施設の届出を混同しない。

法令・制度では「譲渡・引渡しの届出」「届出」など近い用語とセットで出題されます。定義・数値・主体の違いを表で対比し、引渡しの届出だけの特徴を一言で言えるようにしてください。",定義を一文で説明できる。;適用する場面（製造・貯蔵・取扱・消火）を挙げられる。;関連する法令名を意識できる。,免状手続きと施設の届出を混同しない。,"「引渡しの届出」は、法令・制度の頻出語です。

整理のコツ：関連する「譲渡・引渡しの届出」「届出」と、「同じ点・違う点」を表に書き出し、引渡しの届出だけの特徴を一行で言えるようにします。

覚え方：間違えたら「免状手続きと施設の届出を混同しない」のパターンか確認し、同じ型の誤りが出た問題を2問だけ繰り返します。

復習のしかた：丸暗記より、選択肢の「誤り。」の理由を声に出して説明できるかを目標にします。",製造所等を譲り受けた場合などの手続きについて、「譲渡の届出は、危険物取扱者免状の更新手続きだけをいう。」は正しい。,×。誤り。,引渡しの届出とは何ですか？,引渡しの届出は、製造所等の譲渡または引渡しがあった場合、法令上、届出が必要になります場合がある。 たとえば、条文では「消防法で定める」「政令で定める」「施行令で定める」のように、どの法令に書かれているかを選ぶ問題がよく出ます。 試験では、定義を一文で説明できる点を押さえると得点源になります。,引渡しの届出は試験でどんなふうに問われますか？,定義を一文で説明できる。適用する場面（製造・貯蔵・取扱・消火）を挙げられる。関連する法令名を意識できる。,引渡しの届出で間違えやすい点は？,免状手続きと施設の届出を混同しない。,引渡しの届出と「譲渡・引渡しの届出」「届出」の違いは？,「譲渡・引渡しの届出」「届出」は意味や数値・適用場面が異なります。用語ページの比較表と演習で、引渡しの届出だけのポイントを確認してください。
引火・発火・自然発火の違い,いんか・はっか・しぜんはっかのちがい,物性・化学,物性・化学;乙4;頻出;詳細記事;実践演習連動;一問一答連動,"引火・発火・自然発火の違いは、引火点は、液体が可燃性蒸気を発生し、火源により引火する最低温度である。

たとえば、密閉空間では蒸気がたまりやすく、換気と火気厳禁が重要です。数値（引火点・爆発下限界など）は品名とセットで確認してください。

試験では、引火点は火源があるときに引火する最低温度点を押さえると得点源になります。",まず「引火・発火・自然発火の違い」は、引火点は、液体が可燃性蒸気を発生し、火源により引火する最低温度である。乙4では引火性液体の危険性を考えるうえで重要である。 引火は火源により可燃性蒸気などが燃え始めること、発火は火源がなくても燃え始めることを指します。 物性・化学では「燃焼」の文脈で繰り返し問われます。,pH;アルカリの性質;アルコール類の基礎,,B,引火点は火源があるときに引火する最低温度。 自然発火は火源なしで起こることがある。 引火点は火源あり、発火点は火源なし。 誤り。凝固点の説明である。,引火・発火・自然発火の違いとは？危険物取扱者試験（乙種第4類）で押さえる意味・試験ポイント,このページでは、物性・化学分野の「引火・発火・自然発火の違い」を、試験に出る形で整理します。ひとことで言うと、引火点は、液体が可燃性蒸気を発生し、火源により引火する最低温度である。乙4では引火性液体の危険性を考えるうえで重要である。下の目次の順に読むと、定義から演習のポイントまでつながって理解できます。,"引火・発火・自然発火の違いは、引火点は、液体が可燃性蒸気を発生し、火源により引火する最低温度である。乙4では引火性液体の危険性を考えるうえで重要である。 引火は火源により可燃性蒸気などが燃え始めること、発火は火源がなくても燃え始めることを指します。

試験では、引火点は火源があるときに引火する最低温度。自然発火は火源なしで起こることがある。また、引火点は火源あり、発火点は火源なし点も押さえます。

誤り。凝固点の説明である。

誤り。火源なしで発火する温度は発火点の説明に近い。

誤り。密度がゼロになる温度ではない。

誤り。溶解温度ではない。

引火点は火源があるときに引火する最低温度。

自然発火は火源なしで起こることがある。

引火点は火源あり、発火点は火源なし。

物性・化学では「pH」「アルカリの性質」など近い用語とセットで出題されます。定義・数値・主体の違いを表で対比し、引火・発火・自然発火の違いだけの特徴を一言で言えるようにしてください。

火源を近づけたときに可燃性蒸気が燃え始める現象は引火である。

火源なしで物質が燃え始める最低温度は発火点である。",引火点は火源があるときに引火する最低温度。;自然発火は火源なしで起こることがある。;引火点は火源あり、発火点は火源なし。,類似語と混同する。;数字や条件を取り違える。;すべての危険物に当てはめる。,"「引火・発火・自然発火の違い」は、物性・化学の頻出語です。

整理のコツ：関連する「pH」「アルカリの性質」「アルコール類の基礎」と、「同じ点・違う点」を表に書き出し、引火・発火・自然発火の違いだけの特徴を一行で言えるようにします。

覚え方：間違えたら「類似語と混同する」のパターンか確認し、同じ型の誤りが出た問題を2問だけ繰り返します。

復習のしかた：丸暗記より、選択肢の「誤り。」の理由を声に出して説明できるかを目標にします。",引火点の説明について、「物質の密度がゼロになる温度をいう。」は正しい。,×。誤り。,引火・発火・自然発火の違いとは何ですか？,引火・発火・自然発火の違いは、引火点は、液体が可燃性蒸気を発生し、火源により引火する最低温度である。 たとえば、密閉空間では蒸気がたまりやすく、換気と火気厳禁が重要です。数値（引火点・爆発下限界など）は品名とセットで確認してください。 試験では、引火点は火源があるときに引火する最低温度点を押さえると得点源になります。,引火・発火・自然発火の違いは試験でどんなふうに問われますか？,引火点は火源があるときに引火する最低温度。自然発火は火源なしで起こることがある。引火点は火源あり、発火点は火源なし。,引火・発火・自然発火の違いで間違えやすい点は？,類似語と混同する。数字や条件を取り違える。,引火・発火・自然発火の違いと「pH」「アルカリの性質」の違いは？,「pH」「アルカリの性質」は意味や数値・適用場面が異なります。用語ページの比較表と演習で、引火・発火・自然発火の違いだけのポイントを確認してください。
引火性液体,いんかせいえきたい,法令・制度,法令・制度;乙4;頻出;詳細記事;実践演習連動;一問一答連動,"引火性液体は、引火性液体では、液体から発生する可燃性蒸気に引火する危険がある。

たとえば、ガソリン（非水溶性）は200 L、アセトン（水溶性）は400 Lのように、品名ごとに数値が決まります。

試験では、乙4は第4類危険物、すなわち引火性液体を扱う点を押さえると得点源になります。",まず「引火性液体」は、引火性液体では、液体から発生する可燃性蒸気に引火する危険がある。 法令・制度では「指定数量」の文脈で繰り返し問われます。,第4類危険物の指定数量;指定数量;第4類共通性質,危険物の規制に関する政令,A,乙4は第4類危険物、すなわち引火性液体を扱う。 第1類から第6類の性質を混同しない。 液体そのものだけでなく蒸気に注目する。 誤り。可燃性固体は第2類危険物である。,引火性液体とは？危険物取扱者試験（乙種第4類）で押さえる意味・試験ポイント,このページでは、法令・制度分野の「引火性液体」を、試験に出る形で整理します。ひとことで言うと、引火性液体では、液体から発生する可燃性蒸気に引火する危険がある。下の目次の順に読むと、定義から演習のポイントまでつながって理解できます。,"引火性液体は、引火性液体では、液体から発生する可燃性蒸気に引火する危険がある。 乙種第4類は第4類危険物を対象とし、第4類危険物は引火性液体である。

試験では、乙4は第4類危険物、すなわち引火性液体を扱う。ガソリンは第1石油類の非水溶性液体、指定数量は200 L。灯油・軽油は第二石油類、指定数量1,000 L。また、第4類は密栓・火気厳禁・漏えい防止点も押さえます。

誤り。可燃性固体は第2類危険物である。

誤り。酸化性固体は第1類危険物である。

誤り。酸化性液体は第6類危険物である。

誤り。自然発火性物質及び禁水性物質は第3類危険物である。

乙4は第4類危険物、すなわち引火性液体を扱う。

第1類から第6類の性質を混同しない。

液体そのものだけでなく蒸気に注目する。

よくある誤りは、第1類から第6類の性質を混同しない。液体そのものだけでなく蒸気に注目する。酸化性液体や酸化性固体と混同しない。

法令・制度では「第4類危険物の指定数量」「指定数量」など近い用語とセットで出題されます。定義・数値・主体の違いを表で対比し、引火性液体だけの特徴を一言で言えるようにしてください。

第4類危険物は、液体から発生する可燃性蒸気に引火する危険がある。

多くは可燃性蒸気を発生し、その蒸気に引火する危険がある。

ガソリンは第1石油類の非水溶性液体に該当し、指定数量は200 Lである。","乙4は第4類危険物、すなわち引火性液体を扱う。;ガソリンは第1石油類の非水溶性液体、指定数量は200 L。;灯油・軽油は第二石油類、指定数量1,000 L。;第4類は密栓・火気厳禁・漏えい防止。;特殊引火物50 L、動植物油類10,000 L。;ガソリン200 L、灯油1,000 L。;アルコール類400 L、第4石油類6,000 L。;第2石油類は非水溶性1,000 L、水溶性2,000 L。",第1類から第6類の性質を混同しない。;液体そのものだけでなく蒸気に注目する。;酸化性液体や酸化性固体と混同しない。;第1石油類は水溶性か非水溶性かで指定数量が異なる。;第1石油類やアルコール類の指定数量と混同しない。,"「引火性液体」は、法令・制度の頻出語です。

整理のコツ：関連する「第4類危険物の指定数量」「指定数量」「第4類共通性質」と、「同じ点・違う点」を表に書き出し、引火性液体だけの特徴を一行で言えるようにします。

覚え方：間違えたら「第1類から第6類の性質を混同しない」のパターンか確認し、同じ型の誤りが出た問題を2問だけ繰り返します。

復習のしかた：丸暗記より、選択肢の「誤り。」の理由を声に出して説明できるかを目標にします。",乙種第4類で主に対象となる危険物について、「引火性液体」は正しい。,○。正しい。,引火性液体とは何ですか？,引火性液体は、引火性液体では、液体から発生する可燃性蒸気に引火する危険がある。 たとえば、ガソリン（非水溶性）は200 L、アセトン（水溶性）は400 Lのように、品名ごとに数値が決まります。 試験では、乙4は第4類危険物、すなわち引火性液体を扱う点を押さえると得点源になります。,引火性液体は試験でどんなふうに問われますか？,"乙4は第4類危険物、すなわち引火性液体を扱う。ガソリンは第1石油類の非水溶性液体、指定数量は200 L。灯油・軽油は第二石油類、指定数量1,000 L。",引火性液体で間違えやすい点は？,第1類から第6類の性質を混同しない。液体そのものだけでなく蒸気に注目する。,引火性液体と「第4類危険物の指定数量」「指定数量」の違いは？,「第4類危険物の指定数量」「指定数量」は意味や数値・適用場面が異なります。用語ページの比較表と演習で、引火性液体だけのポイントを確認してください。
引火性液体としての基本性質,いんかせいえきたいとしてのきほんせいしつ,火災・消火・漏えい,火災・消火・漏えい;乙4;頻出;詳細記事;実践演習連動;一問一答連動,"引火性液体としての基本性質は、引火性液体では、液体から発生する可燃性蒸気に引火する危険がある。

たとえば、密閉空間では蒸気がたまりやすく、換気と火気厳禁が重要です。数値（引火点・爆発下限界など）は品名とセットで確認してください。

試験では、定義を一文で説明できる点を押さえると得点源になります。",まず「引火性液体としての基本性質」は、引火性液体では、液体から発生する可燃性蒸気に引火する危険がある。 第4類危険物は、液体から発生する可燃性蒸気に引火する危険がある。 火災・消火・漏えいでは「第4類共通性質」の文脈で繰り返し問われます。,アセトアルデヒド;アセトン;アニリン,,B,液体そのものだけでなく蒸気に注目する。 誤り。不燃性ではない。 誤り。禁水性物質の説明ではない。 誤り。酸素放出性ではない。,引火性液体としての基本性質とは？危険物取扱者試験（乙種第4類）で押さえる意味・試験ポイント,このページでは、火災・消火・漏えい分野の「引火性液体としての基本性質」を、試験に出る形で整理します。ひとことで言うと、引火性液体では、液体から発生する可燃性蒸気に引火する危険がある。下の目次の順に読むと、定義から演習のポイントまでつながって理解できます。,"引火性液体としての基本性質は、引火性液体では、液体から発生する可燃性蒸気に引火する危険がある。 第4類危険物は、液体から発生する可燃性蒸気に引火する危険がある。

誤り。不燃性ではない。

誤り。禁水性物質の説明ではない。

誤り。酸素放出性ではない。

誤り。液体である。

液体そのものだけでなく蒸気に注目する。

よくある誤りは、液体そのものだけでなく蒸気に注目する。

火災・消火・漏えいでは「アセトアルデヒド」「アセトン」など近い用語とセットで出題されます。定義・数値・主体の違いを表で対比し、引火性液体としての基本性質だけの特徴を一言で言えるようにしてください。",定義を一文で説明できる。;適用する場面（製造・貯蔵・取扱・消火）を挙げられる。;関連する法令名を意識できる。,液体そのものだけでなく蒸気に注目する。,"「引火性液体としての基本性質」は、火災・消火・漏えいの頻出語です。

整理のコツ：関連する「アセトアルデヒド」「アセトン」「アニリン」と、「同じ点・違う点」を表に書き出し、引火性液体としての基本性質だけの特徴を一行で言えるようにします。

覚え方：間違えたら「液体そのものだけでなく蒸気に注目する」のパターンか確認し、同じ型の誤りが出た問題を2問だけ繰り返します。

復習のしかた：丸暗記より、選択肢の「誤り。」の理由を声に出して説明できるかを目標にします。",引火性液体の危険性について、「すべて不燃性である。」は正しい。,×。誤り。,引火性液体としての基本性質とは何ですか？,引火性液体としての基本性質は、引火性液体では、液体から発生する可燃性蒸気に引火する危険がある。 たとえば、密閉空間では蒸気がたまりやすく、換気と火気厳禁が重要です。数値（引火点・爆発下限界など）は品名とセットで確認してください。 試験では、定義を一文で説明できる点を押さえると得点源になります。,引火性液体としての基本性質は試験でどんなふうに問われますか？,定義を一文で説明できる。適用する場面（製造・貯蔵・取扱・消火）を挙げられる。関連する法令名を意識できる。,引火性液体としての基本性質で間違えやすい点は？,液体そのものだけでなく蒸気に注目する。,引火性液体としての基本性質と「アセトアルデヒド」「アセトン」の違いは？,「アセトアルデヒド」「アセトン」は意味や数値・適用場面が異なります。用語ページの比較表と演習で、引火性液体としての基本性質だけのポイントを確認してください。
引火性蒸気,いんかせいじょうき,物性・化学,物性・化学;乙4;頻出;詳細記事;実践演習連動;一問一答連動,"引火性蒸気は、蒸気圧が高い液体は、一般に蒸発しやすく、可燃性蒸気を発生しやすい。

たとえば、密閉空間では蒸気がたまりやすく、換気と火気厳禁が重要です。数値（引火点・爆発下限界など）は品名とセットで確認してください。

試験では、蒸気比重が大きい蒸気は低所に滞留しやすい点を押さえると得点源になります。",まず「引火性蒸気」は、蒸気圧が高い液体は、一般に蒸発しやすく、可燃性蒸気を発生しやすい。引火性液体の危険性を理解するうえで重要である。 蒸気比重が空気より大きい可燃性蒸気は、低所に滞留しやすく、火気や静電気による引火に注意が必要である。 物性・化学では「第4類共通性質」の文脈で繰り返し問われます。,第4類共通性質;物質の状態;蒸気比重,,B,蒸気比重が大きい蒸気は低所に滞留しやすい。 蒸気比重と液比重、水溶性を混同しない。 液体比重・蒸気比重・水溶性を混同しない。 誤り。蒸気圧は物質や温度によって異なる。,引火性蒸気とは？危険物取扱者試験（乙種第4類）で押さえる意味・試験ポイント,このページでは、物性・化学分野の「引火性蒸気」を、試験に出る形で整理します。ひとことで言うと、蒸気圧が高い液体は、一般に蒸発しやすく、可燃性蒸気を発生しやすい。引火性液体の危険性を理解するうえで重要である。下の目次の順に読むと、定義から演習のポイントまでつながって理解できます。,"引火性蒸気は、蒸気圧が高い液体は、一般に蒸発しやすく、可燃性蒸気を発生しやすい。引火性液体の危険性を理解するうえで重要である。 蒸気比重が空気より大きい可燃性蒸気は、低所に滞留しやすく、火気や静電気による引火に注意が必要である。

試験では、蒸気比重が大きい蒸気は低所に滞留しやすい。液比重・蒸気比重・水溶性を区別する。飽和蒸気圧は蒸発しやすさと関係する。また、可燃性蒸気は空気との混合濃度が重要点も押さえます。

誤り。蒸気圧は物質や温度によって異なる。

誤り。蒸気圧は液体の色だけで決まるものではない。

誤り。蒸気圧が高い液体は可燃性蒸気を発生しやすい場合がある。

誤り。蒸気圧が高い液体は蒸発しやすい。

蒸気比重が大きい蒸気は低所に滞留しやすい。

蒸気比重と液比重、水溶性を混同しない。

液体比重・蒸気比重・水溶性を混同しない。

よくある誤りは、蒸気比重と液比重、水溶性を混同しない。液体比重・蒸気比重・水溶性を混同しない。空気で薄まれば常に安全、とは限らない。

物性・化学では「第4類共通性質」「物質の状態」など近い用語とセットで出題されます。定義・数値・主体の違いを表で対比し、引火性蒸気だけの特徴を一言で言えるようにしてください。

第4類危険物の可燃性蒸気は、空気より重いものが多く、低所に滞留しやすい。",蒸気比重が大きい蒸気は低所に滞留しやすい。;液比重・蒸気比重・水溶性を区別する。;飽和蒸気圧は蒸発しやすさと関係する。;可燃性蒸気は空気との混合濃度が重要。;蒸気比重が大きいと低所にたまりやすい。,蒸気比重と液比重、水溶性を混同しない。;液体比重・蒸気比重・水溶性を混同しない。;空気で薄まれば常に安全、とは限らない。,"「引火性蒸気」は、物性・化学の頻出語です。

整理のコツ：関連する「第4類共通性質」「物質の状態」「蒸気比重」と、「同じ点・違う点」を表に書き出し、引火性蒸気だけの特徴を一行で言えるようにします。

覚え方：間違えたら「蒸気比重と液比重、水溶性を混同しない」のパターンか確認し、同じ型の誤りが出た問題を2問だけ繰り返します。

復習のしかた：丸暗記より、選択肢の「誤り。」の理由を声に出して説明できるかを目標にします。",可燃性蒸気と空気の混合について、「一定の濃度範囲にあると引火・燃焼の危険がある。」は正しい。,○。正しい。,引火性蒸気とは何ですか？,引火性蒸気は、蒸気圧が高い液体は、一般に蒸発しやすく、可燃性蒸気を発生しやすい。 たとえば、密閉空間では蒸気がたまりやすく、換気と火気厳禁が重要です。数値（引火点・爆発下限界など）は品名とセットで確認してください。 試験では、蒸気比重が大きい蒸気は低所に滞留しやすい点を押さえると得点源になります。,引火性蒸気は試験でどんなふうに問われますか？,蒸気比重が大きい蒸気は低所に滞留しやすい。液比重・蒸気比重・水溶性を区別する。飽和蒸気圧は蒸発しやすさと関係する。,引火性蒸気で間違えやすい点は？,蒸気比重と液比重、水溶性を混同しない。液体比重・蒸気比重・水溶性を混同しない。,引火性蒸気と「第4類共通性質」「物質の状態」の違いは？,「第4類共通性質」「物質の状態」は意味や数値・適用場面が異なります。用語ページの比較表と演習で、引火性蒸気だけのポイントを確認してください。
引火点,いんかてん,物性・化学,物性・化学;乙4;頻出;詳細記事;実践演習連動;一問一答連動,"引火点は、液体が可燃性蒸気を発生し、火源を近づけたときに引火する最低温度を指します。

たとえば、ガソリンの引火点は−20 ℃前後、灯油は30 ℃以上など、品名とセットで覚えます。

試験では、火源による最低温度点を押さえると得点源になります。",まず「引火点」は、液体が可燃性蒸気を発生し、火源を近づけたときに引火する最低温度を指します。,分類比較;引火点による分類・比較;引火点による分類,,A,誤り。免状番号ではない。 誤り。第4類危険物では重要な性質である。 誤り。水への浮沈ではない。,引火点とは？危険物取扱者試験（乙種第4類）で押さえる意味・試験ポイント,このページでは、物性・化学分野の「引火点」を、試験に出る形で整理します。ひとことで言うと、液体が可燃性蒸気を発生し、火源を近づけたときに引火する最低温度を指します。下の目次の順に読むと、定義から演習のポイントまでつながって理解できます。,"第1石油類（21℃未満）、第2石油類（21℃以上70℃未満）、第3石油類（70℃以上200℃未満）の区分に直結します。発火点・自然発火点とは測定条件・意味が異なります。

試験では数値の暗記だけでなく、品名・石油類・指定数量の連鎖で問われます。

誤り。免状番号ではない。

誤り。第4類危険物では重要な性質である。

誤り。水への浮沈ではない。

誤り。蒸気比重ではない。",火源による最低温度。;石油類の類別。;発火点・自然発火点との区別。,沸点と混同する。;発火点・自然発火点と同一視する。,"「引火点」は、物性・化学の頻出語です。

整理のコツ：関連する「分類比較」「引火点による分類・比較」「引火点による分類」と、「同じ点・違う点」を表に書き出し、引火点だけの特徴を一行で言えるようにします。

覚え方：間違えたら「沸点と混同する」のパターンか確認し、同じ型の誤りが出た問題を2問だけ繰り返します。

復習のしかた：丸暗記より、選択肢の「誤り。」の理由を声に出して説明できるかを目標にします。",引火点について、「第4類危険物の分類や危険性を考えるうえで重要な性質である。」は正しい。,○。正しい。,引火点とは何ですか？,引火点は、液体が可燃性蒸気を発生し、火源を近づけたときに引火する最低温度を指します。 たとえば、ガソリンの引火点は−20 ℃前後、灯油は30 ℃以上など、品名とセットで覚えます。 試験では、火源による最低温度点を押さえると得点源になります。,引火点は試験でどんなふうに問われますか？,火源による最低温度。石油類の類別。発火点・自然発火点との区別。,引火点で間違えやすい点は？,沸点と混同する。発火点・自然発火点と同一視する。,引火点と「分類比較」「引火点による分類・比較」の違いは？,「分類比較」「引火点による分類・比較」は意味や数値・適用場面が異なります。用語ページの比較表と演習で、引火点だけのポイントを確認してください。
引火点による分類,いんかてんによるぶんるい,火災・消火・漏えい,火災・消火・漏えい;乙4;頻出;詳細記事;実践演習連動;一問一答連動,"引火点による分類は、引火点は、第4類危険物の分類や危険性を理解するうえで重要な性質である。

たとえば、密閉空間では蒸気がたまりやすく、換気と火気厳禁が重要です。数値（引火点・爆発下限界など）は品名とセットで確認してください。

試験では、定義を一文で説明できる点を押さえると得点源になります。",まず「引火点による分類」は、引火点は、第4類危険物の分類や危険性を理解するうえで重要な性質である。 正しい。引火点は第4類危険物で重要である。 引火点は、第4類危険物の分類や危険性を理解するうえで重要な性質である。 火災・消火・漏えいでは「分類比較」の文脈で繰り返し問われます。,分類比較;引火点による分類・比較,,B,誤り。免状番号ではない。 誤り。第4類危険物では重要な性質である。 誤り。水への浮沈ではない。,引火点による分類とは？危険物取扱者試験（乙種第4類）で押さえる意味・試験ポイント,このページでは、火災・消火・漏えい分野の「引火点による分類」を、試験に出る形で整理します。ひとことで言うと、引火点は、第4類危険物の分類や危険性を理解するうえで重要な性質である。下の目次の順に読むと、定義から演習のポイントまでつながって理解できます。,"引火点による分類は、引火点は、第4類危険物の分類や危険性を理解するうえで重要な性質である。

誤り。免状番号ではない。

誤り。第4類危険物では重要な性質である。

誤り。水への浮沈ではない。

誤り。蒸気比重ではない。

火災・消火・漏えいでは「分類比較」「引火点による分類・比較」など近い用語とセットで出題されます。定義・数値・主体の違いを表で対比し、引火点による分類だけの特徴を一言で言えるようにしてください。",定義を一文で説明できる。;適用する場面（製造・貯蔵・取扱・消火）を挙げられる。;関連する法令名を意識できる。,類似語と混同する。;数字や条件を取り違える。;すべての危険物に当てはめる。,"「引火点による分類」は、火災・消火・漏えいの頻出語です。

整理のコツ：関連する「分類比較」「引火点による分類・比較」と、「同じ点・違う点」を表に書き出し、引火点による分類だけの特徴を一行で言えるようにします。

覚え方：間違えたら「類似語と混同する」のパターンか確認し、同じ型の誤りが出た問題を2問だけ繰り返します。

復習のしかた：丸暗記より、選択肢の「誤り。」の理由を声に出して説明できるかを目標にします。",引火点について、「第4類危険物の分類や危険性を考えるうえで重要な性質である。」は正しい。,○。正しい。,引火点による分類とは何ですか？,引火点による分類は、引火点は、第4類危険物の分類や危険性を理解するうえで重要な性質である。 たとえば、密閉空間では蒸気がたまりやすく、換気と火気厳禁が重要です。数値（引火点・爆発下限界など）は品名とセットで確認してください。 試験では、定義を一文で説明できる点を押さえると得点源になります。,引火点による分類は試験でどんなふうに問われますか？,定義を一文で説明できる。適用する場面（製造・貯蔵・取扱・消火）を挙げられる。関連する法令名を意識できる。,引火点による分類で間違えやすい点は？,類似語と混同する。数字や条件を取り違える。,引火点による分類と「分類比較」「引火点による分類・比較」の違いは？,「分類比較」「引火点による分類・比較」は意味や数値・適用場面が異なります。用語ページの比較表と演習で、引火点による分類だけのポイントを確認してください。
引火点による分類・比較,いんかてんによるぶんるい・ひかく,火災・消火・漏えい,火災・消火・漏えい;乙4;頻出;詳細記事;実践演習連動;一問一答連動,"引火点による分類・比較は、引火点は、第4類危険物の分類や危険性を理解するうえで重要な性質である。

たとえば、密閉空間では蒸気がたまりやすく、換気と火気厳禁が重要です。数値（引火点・爆発下限界など）は品名とセットで確認してください。

試験では、定義を一文で説明できる点を押さえると得点源になります。",まず「引火点による分類・比較」は、引火点は、第4類危険物の分類や危険性を理解するうえで重要な性質である。 正しい。引火点は第4類危険物で重要である。 引火点は、第4類危険物の分類や危険性を理解するうえで重要な性質である。 火災・消火・漏えいでは「分類比較」の文脈で繰り返し問われます。,アセトアルデヒド;アセトン;アニリン,,B,誤り。免状番号ではない。 誤り。第4類危険物では重要な性質である。 誤り。水への浮沈ではない。,引火点による分類・比較とは？危険物取扱者試験（乙種第4類）で押さえる意味・試験ポイント,このページでは、火災・消火・漏えい分野の「引火点による分類・比較」を、試験に出る形で整理します。ひとことで言うと、引火点は、第4類危険物の分類や危険性を理解するうえで重要な性質である。下の目次の順に読むと、定義から演習のポイントまでつながって理解できます。,"引火点による分類・比較は、引火点は、第4類危険物の分類や危険性を理解するうえで重要な性質である。

誤り。免状番号ではない。

誤り。第4類危険物では重要な性質である。

誤り。水への浮沈ではない。

誤り。蒸気比重ではない。

火災・消火・漏えいでは「アセトアルデヒド」「アセトン」など近い用語とセットで出題されます。定義・数値・主体の違いを表で対比し、引火点による分類・比較だけの特徴を一言で言えるようにしてください。",定義を一文で説明できる。;適用する場面（製造・貯蔵・取扱・消火）を挙げられる。;関連する法令名を意識できる。,類似語と混同する。;数字や条件を取り違える。;すべての危険物に当てはめる。,"「引火点による分類・比較」は、火災・消火・漏えいの頻出語です。

整理のコツ：関連する「アセトアルデヒド」「アセトン」「アニリン」と、「同じ点・違う点」を表に書き出し、引火点による分類・比較だけの特徴を一行で言えるようにします。

覚え方：間違えたら「類似語と混同する」のパターンか確認し、同じ型の誤りが出た問題を2問だけ繰り返します。

復習のしかた：丸暗記より、選択肢の「誤り。」の理由を声に出して説明できるかを目標にします。",引火点について、「第4類危険物の分類や危険性を考えるうえで重要な性質である。」は正しい。,○。正しい。,引火点による分類・比較とは何ですか？,引火点による分類・比較は、引火点は、第4類危険物の分類や危険性を理解するうえで重要な性質である。 たとえば、密閉空間では蒸気がたまりやすく、換気と火気厳禁が重要です。数値（引火点・爆発下限界など）は品名とセットで確認してください。 試験では、定義を一文で説明できる点を押さえると得点源になります。,引火点による分類・比較は試験でどんなふうに問われますか？,定義を一文で説明できる。適用する場面（製造・貯蔵・取扱・消火）を挙げられる。関連する法令名を意識できる。,引火点による分類・比較で間違えやすい点は？,類似語と混同する。数字や条件を取り違える。,引火点による分類・比較と「アセトアルデヒド」「アセトン」の違いは？,「アセトアルデヒド」「アセトン」は意味や数値・適用場面が異なります。用語ページの比較表と演習で、引火点による分類・比較だけのポイントを確認してください。
性消分野の複合問題,せいしょうぶんやのふくごうもんだい,火災・消火・漏えい,火災・消火・漏えい;乙4;頻出;詳細記事;実践演習連動;一問一答連動,"性消分野の複合問題は、第4類危険物は引火性液体であり、可燃性蒸気の発生、火気、静電気、換気などに注意が必要である。

たとえば、ガソリン（非水溶性）は200 L、アセトン（水溶性）は400 Lのように、品名ごとに数値が決まります。

試験では、第4類は蒸気・火気・静電気・消火方法を一体で理解する点を押さえると得点源になります。",まず「性消分野の複合問題」は、第4類危険物は引火性液体であり、可燃性蒸気の発生、火気、静電気、換気などに注意が必要である。 第4類危険物では、可燃性蒸気、火気、静電気、漏えい、消火剤の適用を総合的に考える必要がある。 火災・消火・漏えいでは「総合問題」の文脈で繰り返し問われます。,アセトアルデヒド;アセトン;アニリン,,B,第4類は蒸気・火気・静電気・消火方法を一体で理解する。 液比重は水基準、蒸気比重は空気基準。 水に浮くことと蒸気が低所にたまることを混同しない。 誤り。可燃性固体は第2類である。,性消分野の複合問題とは？危険物取扱者試験（乙種第4類）で押さえる意味・試験ポイント,このページでは、火災・消火・漏えい分野の「性消分野の複合問題」を、試験に出る形で整理します。ひとことで言うと、第4類危険物は引火性液体であり、可燃性蒸気の発生、火気、静電気、換気などに注意が必要である。下の目次の順に読むと、定義から演習のポイントまでつながって理解できます。,"性消分野の複合問題は、第4類危険物は引火性液体であり、可燃性蒸気の発生、火気、静電気、換気などに注意が必要である。 第4類危険物では、可燃性蒸気、火気、静電気、漏えい、消火剤の適用を総合的に考える必要がある。

試験では、第4類は蒸気・火気・静電気・消火方法を一体で理解する。液比重は水基準、蒸気比重は空気基準。分類・代表物質・指定数量・水溶性をセットで覚える。また、性消は分類・性質・消火方法を関連づける点も押さえます。

誤り。可燃性固体は第2類である。

誤り。酸化性液体は第6類である。

誤り。酸化性固体は第1類である。

誤り。第3類の説明である。

第4類は蒸気・火気・静電気・消火方法を一体で理解する。

液比重は水基準、蒸気比重は空気基準。

水に浮くことと蒸気が低所にたまることを混同しない。

よくある誤りは、水に浮くことと蒸気が低所にたまることを混同しない。誤っているものを選ぶ問題では問い方に注意。

火災・消火・漏えいでは「アセトアルデヒド」「アセトン」など近い用語とセットで出題されます。定義・数値・主体の違いを表で対比し、性消分野の複合問題だけの特徴を一言で言えるようにしてください。

第4類危険物では、水溶性と非水溶性、液比重と蒸気比重、引火点と発火点などを区別することが重要である。

第4類危険物では、液比重と蒸気比重の混同がよくある。

液比重は水、蒸気比重は空気を基準に考える。",第4類は蒸気・火気・静電気・消火方法を一体で理解する。;液比重は水基準、蒸気比重は空気基準。;分類・代表物質・指定数量・水溶性をセットで覚える。;性消は分類・性質・消火方法を関連づける。,水に浮くことと蒸気が低所にたまることを混同しない。;誤っているものを選ぶ問題では問い方に注意。,"「性消分野の複合問題」は、火災・消火・漏えいの頻出語です。

整理のコツ：関連する「アセトアルデヒド」「アセトン」「アニリン」と、「同じ点・違う点」を表に書き出し、性消分野の複合問題だけの特徴を一行で言えるようにします。

覚え方：間違えたら「水に浮くことと蒸気が低所にたまることを混同しない」のパターンか確認し、同じ型の誤りが出た問題を2問だけ繰り返します。

復習のしかた：丸暗記より、選択肢の「誤り。」の理由を声に出して説明できるかを目標にします。",第4類危険物の説明として、最も適切なものについて、「可燃性固体であり、液体は含まれない。」は正しい。,×。誤り。,性消分野の複合問題とは何ですか？,性消分野の複合問題は、第4類危険物は引火性液体であり、可燃性蒸気の発生、火気、静電気、換気などに注意が必要である。 たとえば、ガソリン（非水溶性）は200 L、アセトン（水溶性）は400 Lのように、品名ごとに数値が決まります。 試験では、第4類は蒸気・火気・静電気・消火方法を一体で理解する点を押さえると得点源になります。,性消分野の複合問題は試験でどんなふうに問われますか？,第4類は蒸気・火気・静電気・消火方法を一体で理解する。液比重は水基準、蒸気比重は空気基準。分類・代表物質・指定数量・水溶性をセットで覚える。,性消分野の複合問題で間違えやすい点は？,水に浮くことと蒸気が低所にたまることを混同しない。誤っているものを選ぶ問題では問い方に注意。,性消分野の複合問題と「アセトアルデヒド」「アセトン」の違いは？,「アセトアルデヒド」「アセトン」は意味や数値・適用場面が異なります。用語ページの比較表と演習で、性消分野の複合問題だけのポイントを確認してください。
抑制消火,よくせいしょうか,物性・化学,物性・化学;乙4;頻出;詳細記事;実践演習連動;一問一答連動,"抑制消火は、燃焼の連鎖反応を抑えることで消火する方法であり、負触媒効果とも関連する。

たとえば、危険物の性質（水溶性か、蒸気がたまりやすいか）に合った消火・漏えい対策かどうかが、正誤の判断ポイントになります。

試験では、定義を一文で説明できる点を押さえると得点源になります。",まず「抑制消火」は、燃焼の連鎖反応を抑えることで消火する方法であり、負触媒効果とも関連する。 燃焼の連鎖反応を抑えることで消火する方法である。 物性・化学では「消火」の文脈で繰り返し問われます。,抑制消火・負触媒効果;消火;負触媒効果,,B,除去・窒息・冷却だけでなく抑制も押さえる。 誤り。密度測定ではない。 誤り。燃焼範囲を広げる方法ではない。 誤り。可燃物を増やすのは危険である。,抑制消火とは？危険物取扱者試験（乙種第4類）で押さえる意味・試験ポイント,このページでは、物性・化学分野の「抑制消火」を、試験に出る形で整理します。ひとことで言うと、燃焼の連鎖反応を抑えることで消火する方法であり、負触媒効果とも関連する。下の目次の順に読むと、定義から演習のポイントまでつながって理解できます。,"抑制消火は、燃焼の連鎖反応を抑えることで消火する方法であり、負触媒効果とも関連する。 燃焼の連鎖反応を抑えることで消火する方法である。

誤り。密度測定ではない。

誤り。燃焼範囲を広げる方法ではない。

誤り。可燃物を増やすのは危険である。

誤り。温度計の操作ではない。

除去・窒息・冷却だけでなく抑制も押さえる。

よくある誤りは、除去・窒息・冷却だけでなく抑制も押さえる。

物性・化学では「抑制消火・負触媒効果」「消火」など近い用語とセットで出題されます。定義・数値・主体の違いを表で対比し、抑制消火だけの特徴を一言で言えるようにしてください。

粉末消火剤は、燃焼の連鎖反応を抑える効果などにより消火する。",定義を一文で説明できる。;適用する場面（製造・貯蔵・取扱・消火）を挙げられる。;関連する法令名を意識できる。,除去・窒息・冷却だけでなく抑制も押さえる。,"「抑制消火」は、物性・化学の頻出語です。

整理のコツ：関連する「抑制消火・負触媒効果」「消火」「負触媒効果」と、「同じ点・違う点」を表に書き出し、抑制消火だけの特徴を一行で言えるようにします。

覚え方：間違えたら「除去・窒息・冷却だけでなく抑制も押さえる」のパターンか確認し、同じ型の誤りが出た問題を2問だけ繰り返します。

復習のしかた：丸暗記より、選択肢の「誤り。」の理由を声に出して説明できるかを目標にします。",抑制消火について、「水に溶かして密度を測る方法である。」は正しい。,×。誤り。,抑制消火とは何ですか？,抑制消火は、燃焼の連鎖反応を抑えることで消火する方法であり、負触媒効果とも関連する。 たとえば、危険物の性質（水溶性か、蒸気がたまりやすいか）に合った消火・漏えい対策かどうかが、正誤の判断ポイントになります。 試験では、定義を一文で説明できる点を押さえると得点源になります。,抑制消火は試験でどんなふうに問われますか？,定義を一文で説明できる。適用する場面（製造・貯蔵・取扱・消火）を挙げられる。関連する法令名を意識できる。,抑制消火で間違えやすい点は？,除去・窒息・冷却だけでなく抑制も押さえる。,抑制消火と「抑制消火・負触媒効果」「消火」の違いは？,「抑制消火・負触媒効果」「消火」は意味や数値・適用場面が異なります。用語ページの比較表と演習で、抑制消火だけのポイントを確認してください。
抑制消火・負触媒効果,よくせいしょうか・ふしょくばいこうか,物性・化学,物性・化学;乙4;頻出;詳細記事;実践演習連動;一問一答連動,"抑制消火・負触媒効果は、抑制消火は、燃焼の連鎖反応を抑えることで消火する方法であり、負触媒効果とも関連する。

たとえば、危険物の性質（水溶性か、蒸気がたまりやすいか）に合った消火・漏えい対策かどうかが、正誤の判断ポイントになります。

試験では、定義を一文で説明できる点を押さえると得点源になります。",まず「抑制消火・負触媒効果」は、抑制消火は、燃焼の連鎖反応を抑えることで消火する方法であり、負触媒効果とも関連する。 抑制消火は、燃焼の連鎖反応を抑えることで消火する方法である。 物性・化学では「消火」の文脈で繰り返し問われます。,pH;アルカリの性質;アルコール類の基礎,,B,除去・窒息・冷却だけでなく抑制も押さえる。 誤り。密度測定ではない。 誤り。燃焼範囲を広げる方法ではない。 誤り。可燃物を増やすのは危険である。,抑制消火・負触媒効果とは？危険物取扱者試験（乙種第4類）で押さえる意味・試験ポイント,このページでは、物性・化学分野の「抑制消火・負触媒効果」を、試験に出る形で整理します。ひとことで言うと、抑制消火は、燃焼の連鎖反応を抑えることで消火する方法であり、負触媒効果とも関連する。下の目次の順に読むと、定義から演習のポイントまでつながって理解できます。,"抑制消火・負触媒効果は、抑制消火は、燃焼の連鎖反応を抑えることで消火する方法であり、負触媒効果とも関連する。 抑制消火は、燃焼の連鎖反応を抑えることで消火する方法である。

誤り。密度測定ではない。

誤り。燃焼範囲を広げる方法ではない。

誤り。可燃物を増やすのは危険である。

誤り。温度計の操作ではない。

除去・窒息・冷却だけでなく抑制も押さえる。

よくある誤りは、除去・窒息・冷却だけでなく抑制も押さえる。

物性・化学では「pH」「アルカリの性質」など近い用語とセットで出題されます。定義・数値・主体の違いを表で対比し、抑制消火・負触媒効果だけの特徴を一言で言えるようにしてください。

粉末消火剤は、燃焼の連鎖反応を抑える効果などにより消火する。",定義を一文で説明できる。;適用する場面（製造・貯蔵・取扱・消火）を挙げられる。;関連する法令名を意識できる。,除去・窒息・冷却だけでなく抑制も押さえる。,"「抑制消火・負触媒効果」は、物性・化学の頻出語です。

整理のコツ：関連する「pH」「アルカリの性質」「アルコール類の基礎」と、「同じ点・違う点」を表に書き出し、抑制消火・負触媒効果だけの特徴を一行で言えるようにします。

覚え方：間違えたら「除去・窒息・冷却だけでなく抑制も押さえる」のパターンか確認し、同じ型の誤りが出た問題を2問だけ繰り返します。

復習のしかた：丸暗記より、選択肢の「誤り。」の理由を声に出して説明できるかを目標にします。",抑制消火について、「水に溶かして密度を測る方法である。」は正しい。,×。誤り。,抑制消火・負触媒効果とは何ですか？,抑制消火・負触媒効果は、抑制消火は、燃焼の連鎖反応を抑えることで消火する方法であり、負触媒効果とも関連する。 たとえば、危険物の性質（水溶性か、蒸気がたまりやすいか）に合った消火・漏えい対策かどうかが、正誤の判断ポイントになります。 試験では、定義を一文で説明できる点を押さえると得点源になります。,抑制消火・負触媒効果は試験でどんなふうに問われますか？,定義を一文で説明できる。適用する場面（製造・貯蔵・取扱・消火）を挙げられる。関連する法令名を意識できる。,抑制消火・負触媒効果で間違えやすい点は？,除去・窒息・冷却だけでなく抑制も押さえる。,抑制消火・負触媒効果と「pH」「アルカリの性質」の違いは？,「pH」「アルカリの性質」は意味や数値・適用場面が異なります。用語ページの比較表と演習で、抑制消火・負触媒効果だけのポイントを確認してください。
指定数量,していすうりょう,法令・制度,法令・制度;乙4;頻出;詳細記事;実践演習連動;一問一答連動,"指定数量は、危険物の危険性に応じて政令で定められる基準数量であり、品名・性状ごとに異なる。

たとえば、ガソリン（非水溶性）は200 L、アセトン（水溶性）は400 Lのように、品名ごとに数値が決まります。

試験では、品名・性状ごとに数量が異なる点を押さえると得点源になります。",まず「指定数量」は、危険物の危険性に応じて政令で定められる基準数量であり、品名・性状ごとに異なる。,第4類危険物の指定数量;指定数量の倍数計算;指定数量の意味,危険物の規制に関する政令,A,指定数量を『安全に保管できる最大量』と混同しない。 ガソリンは第1石油類の非水溶性液体、指定数量は200 L。 第1石油類は水溶性か非水溶性かで指定数量が異なる。 誤り。任意に決める数量ではない。,指定数量とは？危険物取扱者試験（乙種第4類）で押さえる意味・試験ポイント,このページでは、法令・制度分野の「指定数量」を、試験に出る形で整理します。ひとことで言うと、危険物の危険性に応じて政令で定められる基準数量であり、品名・性状ごとに異なる。下の目次の順に読むと、定義から演習のポイントまでつながって理解できます。,"指定数量は、製造・貯蔵・取扱いの規制区分を決めるための基準値です。ガソリン（第1石油類・非水溶性200 L）やアセトン（水溶性400 L）のように、同じ類でも性状で数量が変わります。

指定数量の倍数は、貯蔵量÷指定数量を品名ごとに求めて合算します。単純にリットル数を足し合わせるのではなく、倍数計算が試験の定番です。

誤り。任意に決める数量ではない。

誤り。危険物の種類や性質によって指定数量は異なる。

誤り。市町村が自由に定めるものではない。

誤り。1日に取り扱える最大数量ではない。

指定数量を『安全に保管できる最大量』と混同しない。

ガソリンは第1石油類の非水溶性液体、指定数量は200 L。",品名・性状ごとに数量が異なる。;倍数は貯蔵量÷指定数量の合算。;第1石油類は水溶性・非水溶性で数量が違う。,数量を単純合計する。;指定数量と倍数の計算を混同する。;水溶性・非水溶性の区分を誤る。,"「指定数量」は、法令・制度の頻出語です。

整理のコツ：関連する「第4類危険物の指定数量」「指定数量の倍数計算」「指定数量の意味」と、「同じ点・違う点」を表に書き出し、指定数量だけの特徴を一行で言えるようにします。

覚え方：間違えたら「数量を単純合計する」のパターンか確認し、同じ型の誤りが出た問題を2問だけ繰り返します。

復習のしかた：丸暗記より、選択肢の「誤り。」の理由を声に出して説明できるかを目標にします。",指定数量の説明について、「危険物の危険性を判断する基準として、政令で定められる数量である。」は正しい。,○。正しい。,指定数量とは何ですか？,指定数量は、危険物の危険性に応じて政令で定められる基準数量であり、品名・性状ごとに異なる。 たとえば、ガソリン（非水溶性）は200 L、アセトン（水溶性）は400 Lのように、品名ごとに数値が決まります。 試験では、品名・性状ごとに数量が異なる点を押さえると得点源になります。,指定数量は試験でどんなふうに問われますか？,品名・性状ごとに数量が異なる。倍数は貯蔵量÷指定数量の合算。第1石油類は水溶性・非水溶性で数量が違う。,指定数量で間違えやすい点は？,数量を単純合計する。指定数量と倍数の計算を混同する。,指定数量と「第4類危険物の指定数量」「指定数量の倍数計算」の違いは？,「第4類危険物の指定数量」「指定数量の倍数計算」は意味や数値・適用場面が異なります。用語ページの比較表と演習で、指定数量だけのポイントを確認してください。
指定数量の倍数,していすうりょうのばいすう,法令・制度,法令・制度;乙4;頻出;詳細記事;実践演習連動;一問一答連動,"指定数量の倍数は、貯蔵数量を指定数量で割って求める。

たとえば、貯蔵量を指定数量で割った値（倍数）を品名ごとに足し合わせ、施設の区分を決めます。

試験では、複数危険物では、それぞれの指定数量倍数を求めて合算する点を押さえると得点源になります。","まず「指定数量の倍数」は、貯蔵数量を指定数量で割って求める。ガソリンは100÷200＝0.5、灯油は500÷1,000＝0.5、合計1.0倍である。 貯蔵数量を指定数量で割って求める。50÷200＝0.25倍である。 法令・制度では「指定数量」の文脈で繰り返し問われます。",指定数量;第4類危険物の指定数量;指定数量の倍数計算,危険物の規制に関する政令,B,複数危険物では、それぞれの指定数量倍数を求めて合算する。 数量を単純合計するのではなく、各指定数量で割ってから合算する。 指定数量が小さい特殊引火物の計算に注意。 誤り。指定数量そのものを足して計算するのではない。,指定数量の倍数とは？危険物取扱者試験（乙種第4類）で押さえる意味・試験ポイント,"このページでは、法令・制度分野の「指定数量の倍数」を、試験に出る形で整理します。ひとことで言うと、貯蔵数量を指定数量で割って求める。ガソリンは100÷200＝0.5、灯油は500÷1,000＝0.5、合計1.0倍である。下の目次の順に読むと、定義から演習のポイントまでつながって理解できます。","指定数量の倍数は、貯蔵数量を指定数量で割って求める。ガソリンは100÷200＝0.5、灯油は500÷1,000＝0.5、合計1.0倍である。 貯蔵数量を指定数量で割って求める。50÷200＝0.25倍である。

試験では、複数危険物では、それぞれの指定数量倍数を求めて合算する。動植物油類の指定数量は10,000 L。ガソリンは第1石油類の非水溶性液体、指定数量は200 L。また、灯油・軽油は第二石油類、指定数量1,000 L点も押さえます。

誤り。指定数量そのものを足して計算するのではない。

誤り。計算結果は1.0倍である。

誤り。ガソリンと灯油の倍数を合算する必要がある。

誤り。ガソリン分だけでも0.5倍である。

複数危険物では、それぞれの指定数量倍数を求めて合算する。

数量を単純合計するのではなく、各指定数量で割ってから合算する。

指定数量が小さい特殊引火物の計算に注意。

よくある誤りは、数量を単純合計するのではなく、各指定数量で割ってから合算する。指定数量が小さい特殊引火物の計算に注意。指定数量を『安全に保管できる最大量』と混同しない。

法令・制度では「指定数量」「第4類危険物の指定数量」など近い用語とセットで出題されます。定義・数値・主体の違いを表で対比し、指定数量の倍数だけの特徴を一言で言えるようにしてください。

5,000÷10,000＝0.5倍である。","複数危険物では、それぞれの指定数量倍数を求めて合算する。;動植物油類の指定数量は10,000 L。;ガソリンは第1石油類の非水溶性液体、指定数量は200 L。;灯油・軽油は第二石油類、指定数量1,000 L。;第1石油類は非水溶性200 L、水溶性400 L。;アセトンは第1石油類・水溶性液体・400 L。;第2石油類は非水溶性1,000 L、水溶性2,000 L。;第3石油類は非水溶性2,000 L、水溶性4,000 L。",数量を単純合計するのではなく、各指定数量で割ってから合算する。;指定数量が小さい特殊引火物の計算に注意。;指定数量を『安全に保管できる最大量』と混同しない。;第1石油類は水溶性か非水溶性かで指定数量が異なる。;第1石油類やアルコール類の指定数量と混同しない。,"「指定数量の倍数」は、法令・制度の頻出語です。

整理のコツ：関連する「指定数量」「第4類危険物の指定数量」「指定数量の倍数計算」と、「同じ点・違う点」を表に書き出し、指定数量の倍数だけの特徴を一行で言えるようにします。

覚え方：間違えたら「数量を単純合計するのではなく、各指定数量で割ってから合算する」のパターンか確認し、同じ型の誤りが出た問題を2問だけ繰り返します。

復習のしかた：丸暗記より、選択肢の「誤り。」の理由を声に出して説明できるかを目標にします。","ガソリン100 Lと灯油500 Lを同一場所で貯蔵する場合、指定数量の倍数として正しいものはどれか。ただし、ガソリンの指定数量は200 L、灯油の指定数量は1,000 Lとするについて、「1.0倍」は正しい。",○。正しい。,指定数量の倍数とは何ですか？,指定数量の倍数は、貯蔵数量を指定数量で割って求める。 たとえば、貯蔵量を指定数量で割った値（倍数）を品名ごとに足し合わせ、施設の区分を決めます。 試験では、複数危険物では、それぞれの指定数量倍数を求めて合算する点を押さえると得点源になります。,指定数量の倍数は試験でどんなふうに問われますか？,"複数危険物では、それぞれの指定数量倍数を求めて合算する。動植物油類の指定数量は10,000 L。ガソリンは第1石油類の非水溶性液体、指定数量は200 L。",指定数量の倍数で間違えやすい点は？,数量を単純合計するのではなく、各指定数量で割ってから合算する。指定数量が小さい特殊引火物の計算に注意。,指定数量の倍数と「指定数量」「第4類危険物の指定数量」の違いは？,「指定数量」「第4類危険物の指定数量」は意味や数値・適用場面が異なります。用語ページの比較表と演習で、指定数量の倍数だけのポイントを確認してください。
指定数量の倍数計算,していすうりょうのばいすうけいさん,法令・制度,法令・制度;乙4;頻出;詳細記事;実践演習連動;一問一答連動,"指定数量の倍数計算は、指定数量の倍数は、貯蔵数量を指定数量で割って求める。

たとえば、ガソリン（非水溶性）は200 L、アセトン（水溶性）は400 Lのように、品名ごとに数値が決まります。

試験では、複数危険物では、それぞれの指定数量倍数を求めて合算する点を押さえると得点源になります。","まず「指定数量の倍数計算」は、指定数量の倍数は、貯蔵数量を指定数量で割って求める。ガソリンは100÷200＝0.5、灯油は500÷1,000＝0.5、合計1.0倍である。 指定数量の倍数は、貯蔵数量を指定数量で割って求める。50÷200＝0.25倍である。 法令・制度では「指定数量」の文脈で繰り返し問われます。",セルフ式給油取扱所の基準;一般取扱所の基準;丙種の違い,危険物の規制に関する政令,B,複数危険物では、それぞれの指定数量倍数を求めて合算する。 数量を単純合計するのではなく、各指定数量で割ってから合算する。 指定数量が小さい特殊引火物の計算に注意。 誤り。指定数量そのものを足して計算するのではない。,指定数量の倍数計算とは？危険物取扱者試験（乙種第4類）で押さえる意味・試験ポイント,"このページでは、法令・制度分野の「指定数量の倍数計算」を、試験に出る形で整理します。ひとことで言うと、指定数量の倍数は、貯蔵数量を指定数量で割って求める。ガソリンは100÷200＝0.5、灯油は500÷1,000＝0.5、合計1.0倍である。下の目次の順に読むと、定義から演習のポイントまでつながって理解できます。","指定数量の倍数計算は、指定数量の倍数は、貯蔵数量を指定数量で割って求める。ガソリンは100÷200＝0.5、灯油は500÷1,000＝0.5、合計1.0倍である。 指定数量の倍数は、貯蔵数量を指定数量で割って求める。50÷200＝0.25倍である。

試験では、複数危険物では、それぞれの指定数量倍数を求めて合算する。また、動植物油類の指定数量は10,000 L点も押さえます。

誤り。指定数量そのものを足して計算するのではない。

誤り。計算結果は1.0倍である。

誤り。ガソリンと灯油の倍数を合算する必要がある。

誤り。ガソリン分だけでも0.5倍である。

複数危険物では、それぞれの指定数量倍数を求めて合算する。

数量を単純合計するのではなく、各指定数量で割ってから合算する。

指定数量が小さい特殊引火物の計算に注意。

よくある誤りは、数量を単純合計するのではなく、各指定数量で割ってから合算する。指定数量が小さい特殊引火物の計算に注意。

法令・制度では「セルフ式給油取扱所の基準」「一般取扱所の基準」など近い用語とセットで出題されます。定義・数値・主体の違いを表で対比し、指定数量の倍数計算だけの特徴を一言で言えるようにしてください。

指定数量の倍数は数量を指定数量で割る。

指定数量の倍数は数量÷指定数量で求める。

5,000÷10,000＝0.5倍である。","複数危険物では、それぞれの指定数量倍数を求めて合算する。;動植物油類の指定数量は10,000 L。",数量を単純合計するのではなく、各指定数量で割ってから合算する。;指定数量が小さい特殊引火物の計算に注意。,"「指定数量の倍数計算」は、法令・制度の頻出語です。

整理のコツ：関連する「セルフ式給油取扱所の基準」「一般取扱所の基準」「丙種の違い」と、「同じ点・違う点」を表に書き出し、指定数量の倍数計算だけの特徴を一行で言えるようにします。

覚え方：間違えたら「数量を単純合計するのではなく、各指定数量で割ってから合算する」のパターンか確認し、同じ型の誤りが出た問題を2問だけ繰り返します。

復習のしかた：丸暗記より、選択肢の「誤り。」の理由を声に出して説明できるかを目標にします。","ガソリン100 Lと灯油500 Lを同一場所で貯蔵する場合、指定数量の倍数として正しいものはどれか。ただし、ガソリンの指定数量は200 L、灯油の指定数量は1,000 Lとするについて、「1.0倍」は正しい。",○。正しい。,指定数量の倍数計算とは何ですか？,指定数量の倍数計算は、指定数量の倍数は、貯蔵数量を指定数量で割って求める。 たとえば、ガソリン（非水溶性）は200 L、アセトン（水溶性）は400 Lのように、品名ごとに数値が決まります。 試験では、複数危険物では、それぞれの指定数量倍数を求めて合算する点を押さえると得点源になります。,指定数量の倍数計算は試験でどんなふうに問われますか？,"複数危険物では、それぞれの指定数量倍数を求めて合算する。動植物油類の指定数量は10,000 L。",指定数量の倍数計算で間違えやすい点は？,数量を単純合計するのではなく、各指定数量で割ってから合算する。指定数量が小さい特殊引火物の計算に注意。,指定数量の倍数計算と「セルフ式給油取扱所の基準」「一般取扱所の基準」の違いは？,「セルフ式給油取扱所の基準」「一般取扱所の基準」は意味や数値・適用場面が異なります。用語ページの比較表と演習で、指定数量の倍数計算だけのポイントを確認してください。
指定数量の意味,していすうりょうのいみ,法令・制度,法令・制度;乙4;頻出;詳細記事;実践演習連動;一問一答連動,"指定数量の意味は、指定数量は、危険物の危険性に応じて政令で定められる基準数量である。

たとえば、条文では「消防法で定める」「政令で定める」「施行令で定める」のように、どの法令に書かれているかを選ぶ問題がよく出ます。

試験では、定義を一文で説明できる点を押さえると得点源になります。",まず「指定数量の意味」は、指定数量は、危険物の危険性に応じて政令で定められる基準数量である。すべての危険物に同じ数量が定められているわけではない。 指定数量は、危険物取扱者が1日に取り扱える上限量ではない。危険物の危険性に応じて政令で定められる数量である。 法令・制度では「指定数量」の文脈で繰り返し問われます。,セルフ式給油取扱所の基準;一般取扱所の基準;丙種の違い,危険物の規制に関する政令,B,指定数量を『安全に保管できる最大量』と混同しない。 『最大取扱量』という言い換えに注意。 誤り。任意に決める数量ではない。 誤り。危険物の種類や性質によって指定数量は異なる。,指定数量の意味とは？危険物取扱者試験（乙種第4類）で押さえる意味・試験ポイント,このページでは、法令・制度分野の「指定数量の意味」を、試験に出る形で整理します。ひとことで言うと、指定数量は、危険物の危険性に応じて政令で定められる基準数量である。すべての危険物に同じ数量が定められているわけではない。下の目次の順に読むと、定義から演習のポイントまでつながって理解できます。,"指定数量の意味は、指定数量は、危険物の危険性に応じて政令で定められる基準数量である。すべての危険物に同じ数量が定められているわけではない。 指定数量は、危険物取扱者が1日に取り扱える上限量ではない。危険物の危険性に応じて政令で定められる数量である。

誤り。任意に決める数量ではない。

誤り。危険物の種類や性質によって指定数量は異なる。

誤り。市町村が自由に定めるものではない。

誤り。1日に取り扱える最大数量ではない。

指定数量を『安全に保管できる最大量』と混同しない。

『最大取扱量』という言い換えに注意。

よくある誤りは、指定数量を『安全に保管できる最大量』と混同しない。『最大取扱量』という言い換えに注意。

法令・制度では「セルフ式給油取扱所の基準」「一般取扱所の基準」など近い用語とセットで出題されます。定義・数値・主体の違いを表で対比し、指定数量の意味だけの特徴を一言で言えるようにしてください。

指定数量は、危険物の危険性に応じて定められる基準数量である。",定義を一文で説明できる。;適用する場面（製造・貯蔵・取扱・消火）を挙げられる。;関連する法令名を意識できる。,指定数量を『安全に保管できる最大量』と混同しない。;『最大取扱量』という言い換えに注意。,"「指定数量の意味」は、法令・制度の頻出語です。

整理のコツ：関連する「セルフ式給油取扱所の基準」「一般取扱所の基準」「丙種の違い」と、「同じ点・違う点」を表に書き出し、指定数量の意味だけの特徴を一行で言えるようにします。

覚え方：間違えたら「指定数量を『安全に保管できる最大量』と混同しない」のパターンか確認し、同じ型の誤りが出た問題を2問だけ繰り返します。

復習のしかた：丸暗記より、選択肢の「誤り。」の理由を声に出して説明できるかを目標にします。",指定数量の説明について、「危険物の危険性を判断する基準として、政令で定められる数量である。」は正しい。,○。正しい。,指定数量の意味とは何ですか？,指定数量の意味は、指定数量は、危険物の危険性に応じて政令で定められる基準数量である。 たとえば、条文では「消防法で定める」「政令で定める」「施行令で定める」のように、どの法令に書かれているかを選ぶ問題がよく出ます。 試験では、定義を一文で説明できる点を押さえると得点源になります。,指定数量の意味は試験でどんなふうに問われますか？,定義を一文で説明できる。適用する場面（製造・貯蔵・取扱・消火）を挙げられる。関連する法令名を意識できる。,指定数量の意味で間違えやすい点は？,指定数量を『安全に保管できる最大量』と混同しない。『最大取扱量』という言い換えに注意。,指定数量の意味と「セルフ式給油取扱所の基準」「一般取扱所の基準」の違いは？,「セルフ式給油取扱所の基準」「一般取扱所の基準」は意味や数値・適用場面が異なります。用語ページの比較表と演習で、指定数量の意味だけのポイントを確認してください。
指定数量倍数の変更届出,していすうりょうばいすうのへんこうとどけしゅつ,法令・制度,法令・制度;乙4;頻出;詳細記事;実践演習連動;一問一答連動,"指定数量倍数の変更届出は、品名・数量・指定数量倍数の変更届出を押さえる。

たとえば、ガソリン（非水溶性）は200 L、アセトン（水溶性）は400 Lのように、品名ごとに数値が決まります。

試験では、品名・数量・指定数量倍数の変更届出を押さえる点を押さえると得点源になります。",まず「指定数量倍数の変更届出」は、品名・数量・指定数量倍数の変更届出を押さえる。 製造所等で貯蔵し、又は取り扱う危険物の品名を変更する場合、届出が必要になります場合がある。 法令・制度では「届出」の文脈で繰り返し問われます。,品名・数量・指定数量倍数の変更届出;届出,消防法,B,品名・数量・指定数量倍数の変更届出を押さえる。 品名・数量・指定数量倍数の変更届を押さえる。 誤り。届出が必要になります場合がある。 誤り。第4類危険物でも関係する。,指定数量倍数の変更届出とは？危険物取扱者試験（乙種第4類）で押さえる意味・試験ポイント,このページでは、法令・制度分野の「指定数量倍数の変更届出」を、試験に出る形で整理します。ひとことで言うと、品名・数量・指定数量倍数の変更届出を押さえる。下の目次の順に読むと、定義から演習のポイントまでつながって理解できます。,"指定数量倍数の変更届出は、品名・数量・指定数量倍数の変更届出を押さえる。 製造所等で貯蔵または取り扱う危険物の品名、数量、指定数量の倍数を変更する場合、届出が必要になります場合がある。

試験では、品名・数量・指定数量倍数の変更届出を押さえる。また、品名・数量・指定数量倍数の変更届を押さえる点も押さえます。

誤り。届出が必要になります場合がある。

誤り。第4類危険物でも関係する。

誤り。掲示板があれば常に届出不要とはならない。

誤り。免状写真の変更ではない。

品名・数量・指定数量倍数の変更届出を押さえる。

品名・数量・指定数量倍数の変更届を押さえる。

法令・制度では「品名・数量・指定数量倍数の変更届出」「届出」など近い用語とセットで出題されます。定義・数値・主体の違いを表で対比し、指定数量倍数の変更届出だけの特徴を一言で言えるようにしてください。

製造所等で貯蔵し、又は取り扱う危険物の品名を変更する場合、届出が必要になります場合がある。

製造所等で貯蔵し、又は取り扱う危険物の数量を変更する場合、法令上、届出が必要になります場合がある。

製造所等で扱う危険物の品名、数量、指定数量倍数を変更する場合、届出が必要になります場合がある。

誤り。届出が必要になります場合がある。",品名・数量・指定数量倍数の変更届出を押さえる。;品名・数量・指定数量倍数の変更届を押さえる。,類似語と混同する。;数字や条件を取り違える。;すべての危険物に当てはめる。,"「指定数量倍数の変更届出」は、法令・制度の頻出語です。

整理のコツ：関連する「品名・数量・指定数量倍数の変更届出」「届出」と、「同じ点・違う点」を表に書き出し、指定数量倍数の変更届出だけの特徴を一行で言えるようにします。

覚え方：間違えたら「類似語と混同する」のパターンか確認し、同じ型の誤りが出た問題を2問だけ繰り返します。

復習のしかた：丸暗記より、選択肢の「誤り。」の理由を声に出して説明できるかを目標にします。",製造所等で貯蔵し、又は取り扱う危険物の品名、数量または指定数量の倍数を変更する場合について、「危険物取扱者免状の写真を変えるだけで足りる。」は正しい。,×。誤り。,指定数量倍数の変更届出とは何ですか？,指定数量倍数の変更届出は、品名・数量・指定数量倍数の変更届出を押さえる。 たとえば、ガソリン（非水溶性）は200 L、アセトン（水溶性）は400 Lのように、品名ごとに数値が決まります。 試験では、品名・数量・指定数量倍数の変更届出を押さえる点を押さえると得点源になります。,指定数量倍数の変更届出は試験でどんなふうに問われますか？,品名・数量・指定数量倍数の変更届出を押さえる。品名・数量・指定数量倍数の変更届を押さえる。,指定数量倍数の変更届出で間違えやすい点は？,類似語と混同する。数字や条件を取り違える。,指定数量倍数の変更届出と「品名・数量・指定数量倍数の変更届出」「届出」の違いは？,「品名・数量・指定数量倍数の変更届出」「届出」は意味や数値・適用場面が異なります。用語ページの比較表と演習で、指定数量倍数の変更届出だけのポイントを確認してください。
指定数量未満,していすうりょうみまん,法令・制度,法令・制度;乙4;頻出;詳細記事;実践演習連動;一問一答連動,"指定数量未満は、指定数量未満であっても危険性がなくなるわけではなく、市町村条例等による規制や火災予防上の注意が必要になります場合がある。

たとえば、条文では「消防法で定める」「政令で定める」「施行令で定める」のように、どの法令に書かれているかを選ぶ問題がよく出ます。

試験では、定義を一文で説明できる点を押さえると得点源になります。",まず「指定数量未満」は、指定数量未満であっても危険性がなくなるわけではなく、市町村条例等による規制や火災予防上の注意が必要になります場合がある。 指定数量未満でも危険性がなくなるわけではなく、条例等や火災予防上の注意が必要である。 法令・制度では「指定数量未満」の文脈で繰り返し問われます。,セルフ式給油取扱所の基準;一般取扱所の基準;丙種の違い,消防法,B,指定数量未満＝無規制・安全、ではない。 誤り。火気管理は必要である。 誤り。常に安全ではない。 誤り。危険物でなくなるわけではない。,指定数量未満とは？危険物取扱者試験（乙種第4類）で押さえる意味・試験ポイント,このページでは、法令・制度分野の「指定数量未満」を、試験に出る形で整理します。ひとことで言うと、指定数量未満であっても危険性がなくなるわけではなく、市町村条例等による規制や火災予防上の注意が必要になります場合がある。下の目次の順に読むと、定義から演習のポイントまでつながって理解できます。,"指定数量未満は、指定数量未満であっても危険性がなくなるわけではなく、市町村条例等による規制や火災予防上の注意が必要になります場合がある。 指定数量未満でも危険性がなくなるわけではなく、条例等や火災予防上の注意が必要である。

誤り。火気管理は必要である。

誤り。常に安全ではない。

誤り。危険物でなくなるわけではない。

誤り。漏えいは適切に処理する必要がある。

指定数量未満＝無規制・安全、ではない。

よくある誤りは、指定数量未満＝無規制・安全、ではない。

法令・制度では「セルフ式給油取扱所の基準」「一般取扱所の基準」など近い用語とセットで出題されます。定義・数値・主体の違いを表で対比し、指定数量未満だけの特徴を一言で言えるようにしてください。",定義を一文で説明できる。;適用する場面（製造・貯蔵・取扱・消火）を挙げられる。;関連する法令名を意識できる。,指定数量未満＝無規制・安全、ではない。,"「指定数量未満」は、法令・制度の頻出語です。

整理のコツ：関連する「セルフ式給油取扱所の基準」「一般取扱所の基準」「丙種の違い」と、「同じ点・違う点」を表に書き出し、指定数量未満だけの特徴を一行で言えるようにします。

覚え方：間違えたら「指定数量未満＝無規制・安全、ではない」のパターンか確認し、同じ型の誤りが出た問題を2問だけ繰り返します。

復習のしかた：丸暗記より、選択肢の「誤り。」の理由を声に出して説明できるかを目標にします。",指定数量未満の危険物について、「消防法上の製造所等の規制とは別に、市町村条例等で規制される場合がある。」は正しい。,○。正しい。,指定数量未満とは何ですか？,指定数量未満は、指定数量未満であっても危険性がなくなるわけではなく、市町村条例等による規制や火災予防上の注意が必要になります場合がある。 たとえば、条文では「消防法で定める」「政令で定める」「施行令で定める」のように、どの法令に書かれているかを選ぶ問題がよく出ます。 試験では、定義を一文で説明できる点を押さえると得点源になります。,指定数量未満は試験でどんなふうに問われますか？,定義を一文で説明できる。適用する場面（製造・貯蔵・取扱・消火）を挙げられる。関連する法令名を意識できる。,指定数量未満で間違えやすい点は？,指定数量未満＝無規制・安全、ではない。,指定数量未満と「セルフ式給油取扱所の基準」「一般取扱所の基準」の違いは？,「セルフ式給油取扱所の基準」「一般取扱所の基準」は意味や数値・適用場面が異なります。用語ページの比較表と演習で、指定数量未満だけのポイントを確認してください。
指定数量未満の危険物の扱い,していすうりょうみまんのきけんぶつのあつかい,法令・制度,法令・制度;乙4;頻出;詳細記事;実践演習連動;一問一答連動,"指定数量未満の危険物の扱いは、指定数量未満であっても危険性がなくなるわけではなく、市町村条例等による規制や火災予防上の注意が必要になります場合がある。

たとえば、条文では「消防法で定める」「政令で定める」「施行令で定める」のように、どの法令に書かれているかを選ぶ問題がよく出ます。

試験では、定義を一文で説明できる点を押さえると得点源になります。",まず「指定数量未満の危険物の扱い」は、指定数量未満であっても危険性がなくなるわけではなく、市町村条例等による規制や火災予防上の注意が必要になります場合がある。 指定数量未満でも危険性がなくなるわけではなく、条例等や火災予防上の注意が必要である。 法令・制度では「指定数量未満」の文脈で繰り返し問われます。,セルフ式給油取扱所の基準;一般取扱所の基準;丙種の違い,消防法,B,指定数量未満＝無規制・安全、ではない。 誤り。火気管理は必要である。 誤り。常に安全ではない。 誤り。危険物でなくなるわけではない。,指定数量未満の危険物の扱いとは？危険物取扱者試験（乙種第4類）で押さえる意味・試験ポイント,このページでは、法令・制度分野の「指定数量未満の危険物の扱い」を、試験に出る形で整理します。ひとことで言うと、指定数量未満であっても危険性がなくなるわけではなく、市町村条例等による規制や火災予防上の注意が必要になります場合がある。下の目次の順に読むと、定義から演習のポイントまでつながって理解できます。,"指定数量未満の危険物の扱いは、指定数量未満であっても危険性がなくなるわけではなく、市町村条例等による規制や火災予防上の注意が必要になります場合がある。 指定数量未満でも危険性がなくなるわけではなく、条例等や火災予防上の注意が必要である。

誤り。火気管理は必要である。

誤り。常に安全ではない。

誤り。危険物でなくなるわけではない。

誤り。漏えいは適切に処理する必要がある。

指定数量未満＝無規制・安全、ではない。

よくある誤りは、指定数量未満＝無規制・安全、ではない。

法令・制度では「セルフ式給油取扱所の基準」「一般取扱所の基準」など近い用語とセットで出題されます。定義・数値・主体の違いを表で対比し、指定数量未満の危険物の扱いだけの特徴を一言で言えるようにしてください。",定義を一文で説明できる。;適用する場面（製造・貯蔵・取扱・消火）を挙げられる。;関連する法令名を意識できる。,指定数量未満＝無規制・安全、ではない。,"「指定数量未満の危険物の扱い」は、法令・制度の頻出語です。

整理のコツ：関連する「セルフ式給油取扱所の基準」「一般取扱所の基準」「丙種の違い」と、「同じ点・違う点」を表に書き出し、指定数量未満の危険物の扱いだけの特徴を一行で言えるようにします。

覚え方：間違えたら「指定数量未満＝無規制・安全、ではない」のパターンか確認し、同じ型の誤りが出た問題を2問だけ繰り返します。

復習のしかた：丸暗記より、選択肢の「誤り。」の理由を声に出して説明できるかを目標にします。",指定数量未満の危険物について、「消防法上の製造所等の規制とは別に、市町村条例等で規制される場合がある。」は正しい。,○。正しい。,指定数量未満の危険物の扱いとは何ですか？,指定数量未満の危険物の扱いは、指定数量未満であっても危険性がなくなるわけではなく、市町村条例等による規制や火災予防上の注意が必要になります場合がある。 たとえば、条文では「消防法で定める」「政令で定める」「施行令で定める」のように、どの法令に書かれているかを選ぶ問題がよく出ます。 試験では、定義を一文で説明できる点を押さえると得点源になります。,指定数量未満の危険物の扱いは試験でどんなふうに問われますか？,定義を一文で説明できる。適用する場面（製造・貯蔵・取扱・消火）を挙げられる。関連する法令名を意識できる。,指定数量未満の危険物の扱いで間違えやすい点は？,指定数量未満＝無規制・安全、ではない。,指定数量未満の危険物の扱いと「セルフ式給油取扱所の基準」「一般取扱所の基準」の違いは？,「セルフ式給油取扱所の基準」「一般取扱所の基準」は意味や数値・適用場面が異なります。用語ページの比較表と演習で、指定数量未満の危険物の扱いだけのポイントを確認してください。
接地,せっち,物性・化学,物性・化学;乙4;頻出;詳細記事;実践演習連動;一問一答連動,"接地は、接地により電荷を逃がすことは、静電気対策として重要である。

たとえば、引火点・沸点・密度など、数字と単位をセットで覚えると、選択肢の数値の当たり外れを見分けやすくなります。

試験では、摩擦・流動・乾燥は静電気発生に関係する点を押さえると得点源になります。",まず「接地」は、接地により電荷を逃がすことは、静電気対策として重要である。 静電気は、摩擦や流動、乾燥などにより発生しやすい。第4類危険物では着火源として注意が必要である。 物性・化学では「静電気」の文脈で繰り返し問われます。,静電気;静電気の発生;静電気による引火危険,,B,乾燥・高速流動・摩擦は帯電を助長する。 摩擦・流動・乾燥は静電気発生に関係する。 高速流動・摩擦・乾燥は静電気発生に関係する。 誤り。絶縁したままでは電荷を逃がしにくい。,接地とは？危険物取扱者試験（乙種第4類）で押さえる意味・試験ポイント,このページでは、物性・化学分野の「接地」を、試験に出る形で整理します。ひとことで言うと、接地により電荷を逃がすことは、静電気対策として重要である。下の目次の順に読むと、定義から演習のポイントまでつながって理解できます。,"接地は、接地により電荷を逃がすことは、静電気対策として重要である。 静電気は可燃性蒸気への着火源になる。接地により電荷を逃がすことは、静電気対策として重要である。

試験では、摩擦・流動・乾燥は静電気発生に関係する。高速流動・摩擦・乾燥は静電気発生に関係する。また、第4類では火気・静電気・漏えい防止が重要点も押さえます。

誤り。絶縁したままでは電荷を逃がしにくい。

誤り。激しいかくはんは静電気発生の危険を高めることがある。

誤り。乾燥や高速流動は帯電しやすい条件である。

誤り。可燃性蒸気をためることは引火危険を高める。

乾燥・高速流動・摩擦は帯電を助長する。

摩擦・流動・乾燥は静電気発生に関係する。

高速流動・摩擦・乾燥は静電気発生に関係する。

よくある誤りは、乾燥・高速流動・摩擦は帯電を助長する。適切な対策と危険行為を取り違えない。

物性・化学では「静電気」「静電気の発生」など近い用語とセットで出題されます。定義・数値・主体の違いを表で対比し、接地だけの特徴を一言で言えるようにしてください。

静電気は、摩擦や流動、乾燥などにより発生しやすい。

第4類危険物では着火源として注意が必要である。

静電気による火花は、可燃性蒸気への着火源となることがある。

第4類危険物では重要な火災予防論点である。",摩擦・流動・乾燥は静電気発生に関係する。;高速流動・摩擦・乾燥は静電気発生に関係する。;第4類では火気・静電気・漏えい防止が重要。,乾燥・高速流動・摩擦は帯電を助長する。;適切な対策と危険行為を取り違えない。,"「接地」は、物性・化学の頻出語です。

整理のコツ：関連する「静電気」「静電気の発生」「静電気による引火危険」と、「同じ点・違う点」を表に書き出し、接地だけの特徴を一行で言えるようにします。

覚え方：間違えたら「乾燥・高速流動・摩擦は帯電を助長する」のパターンか確認し、同じ型の誤りが出た問題を2問だけ繰り返します。

復習のしかた：丸暗記より、選択肢の「誤り。」の理由を声に出して説明できるかを目標にします。",静電気による災害を防ぐ方法として、最も適切なものについて、「容器や配管を接地する。」は正しい。,○。正しい。,接地とは何ですか？,接地は、接地により電荷を逃がすことは、静電気対策として重要である。 たとえば、引火点・沸点・密度など、数字と単位をセットで覚えると、選択肢の数値の当たり外れを見分けやすくなります。 試験では、摩擦・流動・乾燥は静電気発生に関係する点を押さえると得点源になります。,接地は試験でどんなふうに問われますか？,摩擦・流動・乾燥は静電気発生に関係する。高速流動・摩擦・乾燥は静電気発生に関係する。第4類では火気・静電気・漏えい防止が重要。,接地で間違えやすい点は？,乾燥・高速流動・摩擦は帯電を助長する。適切な対策と危険行為を取り違えない。,接地と「静電気」「静電気の発生」の違いは？,「静電気」「静電気の発生」は意味や数値・適用場面が異なります。用語ページの比較表と演習で、接地だけのポイントを確認してください。
掲示内容,けいじないよう,法令・制度,法令・制度;乙4;頻出;詳細記事;実践演習連動;一問一答連動,"掲示内容は、危険物施設では、取り扱う危険物の性質に応じて、火気厳禁などの注意事項を掲示することがある。

たとえば、条文では「消防法で定める」「政令で定める」「施行令で定める」のように、どの法令に書かれているかを選ぶ問題がよく出ます。

試験では、定義を一文で説明できる点を押さえると得点源になります。",まず「掲示内容」は、危険物施設では、取り扱う危険物の性質に応じて、火気厳禁などの注意事項を掲示することがある。 第4類危険物は引火性液体であり、火気を避けることが重要であるため、火気厳禁などの注意事項が関係する。 法令・制度では「標識・掲示板」の文脈で繰り返し問われます。,掲示内容・注意事項;標識・掲示板;注意事項,消防法,B,掲示内容は危険物の性質と結びつけて覚える。 水中保管など他類のイメージと混同しない。 誤り。喫煙は火気となり危険である。 誤り。危険物を投棄してよいわけではない。,掲示内容とは？危険物取扱者試験（乙種第4類）で押さえる意味・試験ポイント,このページでは、法令・制度分野の「掲示内容」を、試験に出る形で整理します。ひとことで言うと、危険物施設では、取り扱う危険物の性質に応じて、火気厳禁などの注意事項を掲示することがある。下の目次の順に読むと、定義から演習のポイントまでつながって理解できます。,"掲示内容は、危険物施設では、取り扱う危険物の性質に応じて、火気厳禁などの注意事項を掲示することがある。 第4類危険物は引火性液体であり、火気を避けることが重要であるため、火気厳禁などの注意事項が関係する。

誤り。喫煙は火気となり危険である。

誤り。危険物を投棄してよいわけではない。

誤り。飲食自由は危険物施設の注意事項として不適切である。

誤り。可燃性蒸気の滞留防止には換気が重要である。

掲示内容は危険物の性質と結びつけて覚える。

水中保管など他類のイメージと混同しない。

よくある誤りは、掲示内容は危険物の性質と結びつけて覚える。水中保管など他類のイメージと混同しない。

法令・制度では「掲示内容・注意事項」「標識・掲示板」など近い用語とセットで出題されます。定義・数値・主体の違いを表で対比し、掲示内容だけの特徴を一言で言えるようにしてください。

第4類危険物は引火性液体であり、火気厳禁が重要である。",定義を一文で説明できる。;適用する場面（製造・貯蔵・取扱・消火）を挙げられる。;関連する法令名を意識できる。,掲示内容は危険物の性質と結びつけて覚える。;水中保管など他類のイメージと混同しない。,"「掲示内容」は、法令・制度の頻出語です。

整理のコツ：関連する「掲示内容・注意事項」「標識・掲示板」「注意事項」と、「同じ点・違う点」を表に書き出し、掲示内容だけの特徴を一行で言えるようにします。

覚え方：間違えたら「掲示内容は危険物の性質と結びつけて覚える」のパターンか確認し、同じ型の誤りが出た問題を2問だけ繰り返します。

復習のしかた：丸暗記より、選択肢の「誤り。」の理由を声に出して説明できるかを目標にします。",危険物施設の掲示板に表示される注意事項として、適切なものについて、「火気厳禁」は正しい。,○。正しい。,掲示内容とは何ですか？,掲示内容は、危険物施設では、取り扱う危険物の性質に応じて、火気厳禁などの注意事項を掲示することがある。 たとえば、条文では「消防法で定める」「政令で定める」「施行令で定める」のように、どの法令に書かれているかを選ぶ問題がよく出ます。 試験では、定義を一文で説明できる点を押さえると得点源になります。,掲示内容は試験でどんなふうに問われますか？,定義を一文で説明できる。適用する場面（製造・貯蔵・取扱・消火）を挙げられる。関連する法令名を意識できる。,掲示内容で間違えやすい点は？,掲示内容は危険物の性質と結びつけて覚える。水中保管など他類のイメージと混同しない。,掲示内容と「掲示内容・注意事項」「標識・掲示板」の違いは？,「掲示内容・注意事項」「標識・掲示板」は意味や数値・適用場面が異なります。用語ページの比較表と演習で、掲示内容だけのポイントを確認してください。
掲示内容・注意事項,けいじないよう・ちゅういじこう,法令・制度,法令・制度;乙4;頻出;詳細記事;実践演習連動;一問一答連動,"掲示内容・注意事項は、危険物施設では、取り扱う危険物の性質に応じて、火気厳禁などの注意事項を掲示することがある。

たとえば、条文では「消防法で定める」「政令で定める」「施行令で定める」のように、どの法令に書かれているかを選ぶ問題がよく出ます。

試験では、定義を一文で説明できる点を押さえると得点源になります。",まず「掲示内容・注意事項」は、危険物施設では、取り扱う危険物の性質に応じて、火気厳禁などの注意事項を掲示することがある。 第4類危険物は引火性液体であり、火気を避けることが重要であるため、火気厳禁などの注意事項が関係する。 法令・制度では「標識・掲示板」の文脈で繰り返し問われます。,標識・掲示板;掲示板,消防法,B,掲示内容は危険物の性質と結びつけて覚える。 水中保管など他類のイメージと混同しない。 誤り。喫煙は火気となり危険である。 誤り。危険物を投棄してよいわけではない。,掲示内容・注意事項とは？危険物取扱者試験（乙種第4類）で押さえる意味・試験ポイント,このページでは、法令・制度分野の「掲示内容・注意事項」を、試験に出る形で整理します。ひとことで言うと、危険物施設では、取り扱う危険物の性質に応じて、火気厳禁などの注意事項を掲示することがある。下の目次の順に読むと、定義から演習のポイントまでつながって理解できます。,"掲示内容・注意事項は、危険物施設では、取り扱う危険物の性質に応じて、火気厳禁などの注意事項を掲示することがある。 第4類危険物は引火性液体であり、火気を避けることが重要であるため、火気厳禁などの注意事項が関係する。

誤り。喫煙は火気となり危険である。

誤り。危険物を投棄してよいわけではない。

誤り。飲食自由は危険物施設の注意事項として不適切である。

誤り。可燃性蒸気の滞留防止には換気が重要である。

掲示内容は危険物の性質と結びつけて覚える。

水中保管など他類のイメージと混同しない。

よくある誤りは、掲示内容は危険物の性質と結びつけて覚える。水中保管など他類のイメージと混同しない。

法令・制度では「標識・掲示板」「掲示板」など近い用語とセットで出題されます。定義・数値・主体の違いを表で対比し、掲示内容・注意事項だけの特徴を一言で言えるようにしてください。

第4類危険物は引火性液体であり、火気厳禁が重要である。",定義を一文で説明できる。;適用する場面（製造・貯蔵・取扱・消火）を挙げられる。;関連する法令名を意識できる。,掲示内容は危険物の性質と結びつけて覚える。;水中保管など他類のイメージと混同しない。,"「掲示内容・注意事項」は、法令・制度の頻出語です。

整理のコツ：関連する「標識・掲示板」「掲示板」と、「同じ点・違う点」を表に書き出し、掲示内容・注意事項だけの特徴を一行で言えるようにします。

覚え方：間違えたら「掲示内容は危険物の性質と結びつけて覚える」のパターンか確認し、同じ型の誤りが出た問題を2問だけ繰り返します。

復習のしかた：丸暗記より、選択肢の「誤り。」の理由を声に出して説明できるかを目標にします。",危険物施設の掲示板に表示される注意事項として、適切なものについて、「火気厳禁」は正しい。,○。正しい。,掲示内容・注意事項とは何ですか？,掲示内容・注意事項は、危険物施設では、取り扱う危険物の性質に応じて、火気厳禁などの注意事項を掲示することがある。 たとえば、条文では「消防法で定める」「政令で定める」「施行令で定める」のように、どの法令に書かれているかを選ぶ問題がよく出ます。 試験では、定義を一文で説明できる点を押さえると得点源になります。,掲示内容・注意事項は試験でどんなふうに問われますか？,定義を一文で説明できる。適用する場面（製造・貯蔵・取扱・消火）を挙げられる。関連する法令名を意識できる。,掲示内容・注意事項で間違えやすい点は？,掲示内容は危険物の性質と結びつけて覚える。水中保管など他類のイメージと混同しない。,掲示内容・注意事項と「標識・掲示板」「掲示板」の違いは？,「標識・掲示板」「掲示板」は意味や数値・適用場面が異なります。用語ページの比較表と演習で、掲示内容・注意事項だけのポイントを確認してください。
掲示板の設置,けいじばんのせっち,法令・制度,法令・制度;乙4;頻出;詳細記事;実践演習連動;一問一答連動,"掲示板の設置は、製造所等では、危険物施設であることや注意事項を示すため、標識や掲示板の設置が必要です場合がある。

たとえば、条文では「消防法で定める」「政令で定める」「施行令で定める」のように、どの法令に書かれているかを選ぶ問題がよく出ます。

試験では、標識・掲示板は危険物施設の識別と注意喚起のために重要点を押さえると得点源になります。",まず「掲示板の設置」は、製造所等では、危険物施設であることや注意事項を示すため、標識や掲示板の設置が必要です場合がある。 標識や掲示板は、施設の種類、危険物の性質、注意事項などを明示し、安全管理に役立てるために設けられる。 法令・制度では「標識・掲示板」の文脈で繰り返し問われます。,標識・掲示板の設置;標識・掲示板;掲示板,危険物の規制に関する政令,B,標識・掲示板は危険物施設の識別と注意喚起のために重要。 掲示板設置と許可・保安管理を混同しない。 標識・掲示板は危険の明示と注意喚起。 誤り。施設や危険物に応じた表示内容が問題となる。,掲示板の設置とは？危険物取扱者試験（乙種第4類）で押さえる意味・試験ポイント,このページでは、法令・制度分野の「掲示板の設置」を、試験に出る形で整理します。ひとことで言うと、製造所等では、危険物施設であることや注意事項を示すため、標識や掲示板の設置が必要です場合がある。下の目次の順に読むと、定義から演習のポイントまでつながって理解できます。,"掲示板の設置は、製造所等では、危険物施設であることや注意事項を示すため、標識や掲示板の設置が必要です場合がある。 標識や掲示板は、施設の種類、危険物の性質、注意事項などを明示し、安全管理に役立てるために設けられる。

試験では、標識・掲示板は危険物施設の識別と注意喚起のために重要。標識・掲示板は危険の明示と注意喚起。また、標識・掲示板は注意喚起と識別のため点も押さえます。

誤り。施設や危険物に応じた表示内容が問題となる。

誤り。標識設置だけで許可や保安管理が不要になるわけではない。

誤り。設置してはならないものではない。

誤り。装飾目的だけではない。

標識・掲示板は危険物施設の識別と注意喚起のために重要。

掲示板設置と許可・保安管理を混同しない。

標識・掲示板は危険の明示と注意喚起。

よくある誤りは、掲示板設置と許可・保安管理を混同しない。掲示があれば他の義務が不要になるわけではない。

法令・制度では「標識・掲示板の設置」「標識・掲示板」など近い用語とセットで出題されます。定義・数値・主体の違いを表で対比し、掲示板の設置だけの特徴を一言で言えるようにしてください。

標識・掲示板は、危険物施設であることや危険物の性質、注意事項を示す役割がある。",標識・掲示板は危険物施設の識別と注意喚起のために重要。;標識・掲示板は危険の明示と注意喚起。;標識・掲示板は注意喚起と識別のため。,掲示板設置と許可・保安管理を混同しない。;掲示があれば他の義務が不要になるわけではない。,"「掲示板の設置」は、法令・制度の頻出語です。

整理のコツ：関連する「標識・掲示板の設置」「標識・掲示板」「掲示板」と、「同じ点・違う点」を表に書き出し、掲示板の設置だけの特徴を一行で言えるようにします。

覚え方：間違えたら「掲示板設置と許可・保安管理を混同しない」のパターンか確認し、同じ型の誤りが出た問題を2問だけ繰り返します。

復習のしかた：丸暗記より、選択肢の「誤り。」の理由を声に出して説明できるかを目標にします。",製造所等の標識・掲示板について、「法令に基づき、製造所等には標識や掲示板の設置が求められる場合がある。」は正しい。,○。正しい。,掲示板の設置とは何ですか？,掲示板の設置は、製造所等では、危険物施設であることや注意事項を示すため、標識や掲示板の設置が必要です場合がある。 たとえば、条文では「消防法で定める」「政令で定める」「施行令で定める」のように、どの法令に書かれているかを選ぶ問題がよく出ます。 試験では、標識・掲示板は危険物施設の識別と注意喚起のために重要点を押さえると得点源になります。,掲示板の設置は試験でどんなふうに問われますか？,標識・掲示板は危険物施設の識別と注意喚起のために重要。標識・掲示板は危険の明示と注意喚起。標識・掲示板は注意喚起と識別のため。,掲示板の設置で間違えやすい点は？,掲示板設置と許可・保安管理を混同しない。掲示があれば他の義務が不要になるわけではない。,掲示板の設置と「標識・掲示板の設置」「標識・掲示板」の違いは？,「標識・掲示板の設置」「標識・掲示板」は意味や数値・適用場面が異なります。用語ページの比較表と演習で、掲示板の設置だけのポイントを確認してください。
換気・火気管理,かんき・かきかんり,火災・消火・漏えい,火災・消火・漏えい;乙4;頻出;詳細記事;実践演習連動;一問一答連動,"換気・火気管理は、第4類では換気・火気管理・漏えい防止が重要。

たとえば、危険物の性質（水溶性か、蒸気がたまりやすいか）に合った消火・漏えい対策かどうかが、正誤の判断ポイントになります。

試験では、第4類では換気・火気管理・漏えい防止が重要点を押さえると得点源になります。",まず「換気・火気管理」は、第4類では換気・火気管理・漏えい防止が重要。 第4類危険物では可燃性蒸気が発生することがあるため、換気により滞留を防ぐことが重要である。 火災・消火・漏えいでは「火災予防」の文脈で繰り返し問われます。,アセトアルデヒド;アセトン;アニリン,,B,第4類では換気・火気管理・漏えい防止が重要。 誤り。静電気は着火源となる危険がある。 誤り。裸火の使用は引火の危険がある。 誤り。排水溝へ流すことは危険である。,換気・火気管理とは？危険物取扱者試験（乙種第4類）で押さえる意味・試験ポイント,このページでは、火災・消火・漏えい分野の「換気・火気管理」を、試験に出る形で整理します。ひとことで言うと、第4類では換気・火気管理・漏えい防止が重要。下の目次の順に読むと、定義から演習のポイントまでつながって理解できます。,"換気・火気管理は、第4類では換気・火気管理・漏えい防止が重要。 第4類危険物では、可燃性蒸気の滞留を防ぐ換気と、火気管理が重要である。加熱、流出放置、火気使用は危険である。

試験では、第4類では換気・火気管理・漏えい防止が重要点が問われます。

誤り。静電気は着火源となる危険がある。

誤り。裸火の使用は引火の危険がある。

誤り。排水溝へ流すことは危険である。

誤り。加熱や開放は可燃性蒸気を増やす危険がある。

第4類では換気・火気管理・漏えい防止が重要。

火災・消火・漏えいでは「アセトアルデヒド」「アセトン」など近い用語とセットで出題されます。定義・数値・主体の違いを表で対比し、換気・火気管理だけの特徴を一言で言えるようにしてください。

第4類危険物では可燃性蒸気が発生することがあるため、換気により滞留を防ぐことが重要である。

換気が不十分だと可燃性蒸気が滞留し、引火危険が高まる。",第4類では換気・火気管理・漏えい防止が重要。,類似語と混同する。;数字や条件を取り違える。;すべての危険物に当てはめる。,"「換気・火気管理」は、火災・消火・漏えいの頻出語です。

整理のコツ：関連する「アセトアルデヒド」「アセトン」「アニリン」と、「同じ点・違う点」を表に書き出し、換気・火気管理だけの特徴を一行で言えるようにします。

覚え方：間違えたら「類似語と混同する」のパターンか確認し、同じ型の誤りが出た問題を2問だけ繰り返します。

復習のしかた：丸暗記より、選択肢の「誤り。」の理由を声に出して説明できるかを目標にします。",第4類危険物の火災予防上、適切なものについて、「可燃性蒸気が滞留しないように換気し、火気を近づけない。」は正しい。,○。正しい。,換気・火気管理とは何ですか？,換気・火気管理は、第4類では換気・火気管理・漏えい防止が重要。 たとえば、危険物の性質（水溶性か、蒸気がたまりやすいか）に合った消火・漏えい対策かどうかが、正誤の判断ポイントになります。 試験では、第4類では換気・火気管理・漏えい防止が重要点を押さえると得点源になります。,換気・火気管理は試験でどんなふうに問われますか？,第4類では換気・火気管理・漏えい防止が重要。,換気・火気管理で間違えやすい点は？,類似語と混同する。数字や条件を取り違える。,換気・火気管理と「アセトアルデヒド」「アセトン」の違いは？,「アセトアルデヒド」「アセトン」は意味や数値・適用場面が異なります。用語ページの比較表と演習で、換気・火気管理だけのポイントを確認してください。
書換え,かきかえ,法令・制度,法令・制度;乙4;頻出;詳細記事;実践演習連動;一問一答連動,"書換えは、危険物取扱者免状の記載事項に変更があった場合、書換えの手続きが問題となる。

たとえば、条文では「消防法で定める」「政令で定める」「施行令で定める」のように、どの法令に書かれているかを選ぶ問題がよく出ます。

試験では、免状には交付・書換え・再交付がある点を押さえると得点源になります。",まず「書換え」は、危険物取扱者免状の記載事項に変更があった場合、書換えの手続きが問題となる。 危険物取扱者免状を亡失した場合には、再交付の手続きが問題となる。施設の許可とは別の手続きである。 法令・制度では「免状」の文脈で繰り返し問われます。,免状の交付・書換え・再交付;免状;免状の交付,消防法,B,免状には交付・書換え・再交付がある。 免状は交付・書換え・再交付を押さえる。 施設手続きと免状手続きを混同しない。 誤り。記載事項変更時に手続きが必要になります場合がある。,書換えとは？危険物取扱者試験（乙種第4類）で押さえる意味・試験ポイント,このページでは、法令・制度分野の「書換え」を、試験に出る形で整理します。ひとことで言うと、危険物取扱者免状の記載事項に変更があった場合、書換えの手続きが問題となる。下の目次の順に読むと、定義から演習のポイントまでつながって理解できます。,"書換えは、危険物取扱者免状の記載事項に変更があった場合、書換えの手続きが問題となる。 危険物取扱者免状は、記載事項に変更があった場合の書換えや、紛失等の場合の再交付が問題となる。施設の設置許可証とは別である。

試験では、免状には交付・書換え・再交付がある。また、免状は交付・書換え・再交付を押さえる点も押さえます。

誤り。記載事項変更時に手続きが必要になります場合がある。

誤り。免状と施設許可証は別である。

誤り。再交付の制度がある。

誤り。乙4は第4類危険物が対象である。

免状には交付・書換え・再交付がある。

免状は交付・書換え・再交付を押さえる。

施設手続きと免状手続きを混同しない。

よくある誤りは、施設手続きと免状手続きを混同しない。

法令・制度では「免状の交付・書換え・再交付」「免状」など近い用語とセットで出題されます。定義・数値・主体の違いを表で対比し、書換えだけの特徴を一言で言えるようにしてください。

危険物取扱者免状を亡失した場合には、再交付の手続きが問題となる。

免状を亡失または損傷した場合、再交付が問題となる。

誤り。記載事項変更時に手続きが必要になります場合がある。",免状には交付・書換え・再交付がある。;免状は交付・書換え・再交付を押さえる。,施設手続きと免状手続きを混同しない。,"「書換え」は、法令・制度の頻出語です。

整理のコツ：関連する「免状の交付・書換え・再交付」「免状」「免状の交付」と、「同じ点・違う点」を表に書き出し、書換えだけの特徴を一行で言えるようにします。

覚え方：間違えたら「施設手続きと免状手続きを混同しない」のパターンか確認し、同じ型の誤りが出た問題を2問だけ繰り返します。

復習のしかた：丸暗記より、選択肢の「誤り。」の理由を声に出して説明できるかを目標にします。",危険物取扱者免状を亡失した場合の対応について、「免状をなくしても、すべての危険物を自由に扱える。」は正しい。,×。誤り。,書換えとは何ですか？,書換えは、危険物取扱者免状の記載事項に変更があった場合、書換えの手続きが問題となる。 たとえば、条文では「消防法で定める」「政令で定める」「施行令で定める」のように、どの法令に書かれているかを選ぶ問題がよく出ます。 試験では、免状には交付・書換え・再交付がある点を押さえると得点源になります。,書換えは試験でどんなふうに問われますか？,免状には交付・書換え・再交付がある。免状は交付・書換え・再交付を押さえる。,書換えで間違えやすい点は？,施設手続きと免状手続きを混同しない。,書換えと「免状の交付・書換え・再交付」「免状」の違いは？,「免状の交付・書換え・再交付」「免状」は意味や数値・適用場面が異なります。用語ページの比較表と演習で、書換えだけのポイントを確認してください。
有機化合物,ゆうきかごうぶつ,物性・化学,物性・化学;乙4;頻出;詳細記事;実践演習連動;一問一答連動,"有機化合物は、一般に炭素を含む化合物であり、第4類危険物には有機化合物が多い。

たとえば、引火点・沸点・密度など、数字と単位をセットで覚えると、選択肢の数値の当たり外れを見分けやすくなります。

試験では、不飽和炭化水素は二重結合・三重結合をもつものがある点を押さえると得点源になります。",まず「有機化合物」は、一般に炭素を含む化合物であり、第4類危険物には有機化合物が多い。 炭化水素は炭素と水素からなる化合物であり、ガソリンなどの理解に関係する基礎知識である。 物性・化学では「有機化合物」の文脈で繰り返し問われます。,炭化水素;有機化合物の特徴;アルコール類の基礎,,B,不飽和炭化水素は二重結合・三重結合をもつものがある。 アルコール類はメタノール・エタノールを代表例として押さえる。 誤り。免状の別名ではない。 誤り。酸素を放出する性質とは限らない。,有機化合物とは？危険物取扱者試験（乙種第4類）で押さえる意味・試験ポイント,このページでは、物性・化学分野の「有機化合物」を、試験に出る形で整理します。ひとことで言うと、一般に炭素を含む化合物であり、第4類危険物には有機化合物が多い。下の目次の順に読むと、定義から演習のポイントまでつながって理解できます。,"有機化合物は、一般に炭素を含む化合物であり、第4類危険物には有機化合物が多い。 炭化水素は炭素と水素からなる化合物であり、ガソリンなどの理解に関係する基礎知識である。

試験では、不飽和炭化水素は二重結合・三重結合をもつものがある。また、アルコール類はメタノール・エタノールを代表例として押さえる点も押さえます。

誤り。免状の別名ではない。

誤り。酸素を放出する性質とは限らない。

誤り。金属だけでできているわけではない。

誤り。すべてが禁水性ではない。

不飽和炭化水素は二重結合・三重結合をもつものがある。

アルコール類はメタノール・エタノールを代表例として押さえる。

物性・化学では「炭化水素」「有機化合物の特徴」など近い用語とセットで出題されます。定義・数値・主体の違いを表で対比し、有機化合物だけの特徴を一言で言えるようにしてください。

不飽和炭化水素には、炭素原子間に二重結合や三重結合をもつものがある。

アルコール類は、分子内にヒドロキシ基をもつ有機化合物であり、メタノールやエタノールが代表例である。

ただし、水に溶けることと燃えないことは同じではない。",不飽和炭化水素は二重結合・三重結合をもつものがある。;アルコール類はメタノール・エタノールを代表例として押さえる。,類似語と混同する。;数字や条件を取り違える。;すべての危険物に当てはめる。,"「有機化合物」は、物性・化学の頻出語です。

整理のコツ：関連する「炭化水素」「有機化合物の特徴」「アルコール類の基礎」と、「同じ点・違う点」を表に書き出し、有機化合物だけの特徴を一行で言えるようにします。

覚え方：間違えたら「類似語と混同する」のパターンか確認し、同じ型の誤りが出た問題を2問だけ繰り返します。

復習のしかた：丸暗記より、選択肢の「誤り。」の理由を声に出して説明できるかを目標にします。",有機化合物について、「一般に炭素を含む化合物が多い。」は正しい。,○。正しい。,有機化合物とは何ですか？,有機化合物は、一般に炭素を含む化合物であり、第4類危険物には有機化合物が多い。 たとえば、引火点・沸点・密度など、数字と単位をセットで覚えると、選択肢の数値の当たり外れを見分けやすくなります。 試験では、不飽和炭化水素は二重結合・三重結合をもつものがある点を押さえると得点源になります。,有機化合物は試験でどんなふうに問われますか？,不飽和炭化水素は二重結合・三重結合をもつものがある。アルコール類はメタノール・エタノールを代表例として押さえる。,有機化合物で間違えやすい点は？,類似語と混同する。数字や条件を取り違える。,有機化合物と「炭化水素」「有機化合物の特徴」の違いは？,「炭化水素」「有機化合物の特徴」は意味や数値・適用場面が異なります。用語ページの比較表と演習で、有機化合物だけのポイントを確認してください。
有機化合物の特徴,ゆうきかごうぶつのとくちょう,物性・化学,物性・化学;乙4;頻出;詳細記事;実践演習連動;一問一答連動,"有機化合物の特徴は、有機化合物は一般に炭素を含む化合物であり、第4類危険物には有機化合物が多い。

たとえば、引火点・沸点・密度など、数字と単位をセットで覚えると、選択肢の数値の当たり外れを見分けやすくなります。

試験では、定義を一文で説明できる点を押さえると得点源になります。",まず「有機化合物の特徴」は、有機化合物は一般に炭素を含む化合物であり、第4類危険物には有機化合物が多い。 正しい。有機化合物は一般に炭素を含む。 有機化合物は一般に炭素を含む化合物であり、第4類危険物には有機化合物が多い。 物性・化学では「有機化合物」の文脈で繰り返し問われます。,pH;アルカリの性質;アルコール類の基礎,,B,誤り。免状の別名ではない。 誤り。酸素を放出する性質とは限らない。 誤り。金属だけでできているわけではない。,有機化合物の特徴とは？危険物取扱者試験（乙種第4類）で押さえる意味・試験ポイント,このページでは、物性・化学分野の「有機化合物の特徴」を、試験に出る形で整理します。ひとことで言うと、有機化合物は一般に炭素を含む化合物であり、第4類危険物には有機化合物が多い。下の目次の順に読むと、定義から演習のポイントまでつながって理解できます。,"有機化合物の特徴は、有機化合物は一般に炭素を含む化合物であり、第4類危険物には有機化合物が多い。

誤り。免状の別名ではない。

誤り。酸素を放出する性質とは限らない。

誤り。金属だけでできているわけではない。

誤り。すべてが禁水性ではない。

物性・化学では「pH」「アルカリの性質」など近い用語とセットで出題されます。定義・数値・主体の違いを表で対比し、有機化合物の特徴だけの特徴を一言で言えるようにしてください。",定義を一文で説明できる。;適用する場面（製造・貯蔵・取扱・消火）を挙げられる。;関連する法令名を意識できる。,類似語と混同する。;数字や条件を取り違える。;すべての危険物に当てはめる。,"「有機化合物の特徴」は、物性・化学の頻出語です。

整理のコツ：関連する「pH」「アルカリの性質」「アルコール類の基礎」と、「同じ点・違う点」を表に書き出し、有機化合物の特徴だけの特徴を一行で言えるようにします。

覚え方：間違えたら「類似語と混同する」のパターンか確認し、同じ型の誤りが出た問題を2問だけ繰り返します。

復習のしかた：丸暗記より、選択肢の「誤り。」の理由を声に出して説明できるかを目標にします。",有機化合物について、「一般に炭素を含む化合物が多い。」は正しい。,○。正しい。,有機化合物の特徴とは何ですか？,有機化合物の特徴は、有機化合物は一般に炭素を含む化合物であり、第4類危険物には有機化合物が多い。 たとえば、引火点・沸点・密度など、数字と単位をセットで覚えると、選択肢の数値の当たり外れを見分けやすくなります。 試験では、定義を一文で説明できる点を押さえると得点源になります。,有機化合物の特徴は試験でどんなふうに問われますか？,定義を一文で説明できる。適用する場面（製造・貯蔵・取扱・消火）を挙げられる。関連する法令名を意識できる。,有機化合物の特徴で間違えやすい点は？,類似語と混同する。数字や条件を取り違える。,有機化合物の特徴と「pH」「アルカリの性質」の違いは？,「pH」「アルカリの性質」は意味や数値・適用場面が異なります。用語ページの比較表と演習で、有機化合物の特徴だけのポイントを確認してください。
検査,けんさ,法令・制度,法令・制度;乙4;頻出;詳細記事;実践演習連動;一問一答連動,"検査は、完成検査前検査は、一定のタンクなどについて完成検査の前に行われる検査である。

たとえば、条文では「消防法で定める」「政令で定める」「施行令で定める」のように、どの法令に書かれているかを選ぶ問題がよく出ます。

試験では、完成検査は施設を使用する前の重要な法令手続き点を押さえると得点源になります。",まず「検査」は、完成検査前検査は、一定のタンクなどについて完成検査の前に行われる検査である。 完成検査前検査は、一定のタンクなどについて完成検査の前に行われる検査である。試験採点や危険物の味の確認ではない。 法令・制度では「検査」の文脈で繰り返し問われます。,完成検査;完成検査前検査,消防法,B,完成検査は施設を使用する前の重要な法令手続き。 完成検査を自主点検や定期点検と混同しない。 完成検査と完成検査前検査を区別する。 誤り。危険物取扱者の自主検査だけで必ず足りるわけではない。,検査とは？危険物取扱者試験（乙種第4類）で押さえる意味・試験ポイント,このページでは、法令・制度分野の「検査」を、試験に出る形で整理します。ひとことで言うと、完成検査前検査は、一定のタンクなどについて完成検査の前に行われる検査である。下の目次の順に読むと、定義から演習のポイントまでつながって理解できます。,"検査は、完成検査前検査は、一定のタンクなどについて完成検査の前に行われる検査である。 製造所等の設置または変更工事後には、法令上の完成検査が必要になります場合がある。自主確認や掲示板確認だけで済むものではない。

試験では、完成検査は施設を使用する前の重要な法令手続き。完成検査と完成検査前検査を区別する。完成検査前検査は一定のタンクで問題になる。また、完成検査前検査は一定設備で完成検査前に問題になる点も押さえます。

誤り。危険物取扱者の自主検査だけで必ず足りるわけではない。

誤り。掲示板だけを確認する検査ではない。

誤り。運搬中の車両だけを対象とする検査ではない。

誤り。完成検査が必要になります場合がある。

完成検査は施設を使用する前の重要な法令手続き。

完成検査を自主点検や定期点検と混同しない。

完成検査と完成検査前検査を区別する。

よくある誤りは、完成検査を自主点検や定期点検と混同しない。

法令・制度では「完成検査」「完成検査前検査」など近い用語とセットで出題されます。定義・数値・主体の違いを表で対比し、検査だけの特徴を一言で言えるようにしてください。

完成検査は、製造所等の設置または変更工事後、施設が法令基準に適合するかを確認する検査である。

完成検査は、製造所等の設置または変更工事後に、施設が法令基準に適合しているか確認するための検査である。

誤り。完成検査が必要になります場合がある。",完成検査は施設を使用する前の重要な法令手続き。;完成検査と完成検査前検査を区別する。;完成検査前検査は一定のタンクで問題になる。;完成検査前検査は一定設備で完成検査前に問題になる。,完成検査を自主点検や定期点検と混同しない。,"「検査」は、法令・制度の頻出語です。

整理のコツ：関連する「完成検査」「完成検査前検査」と、「同じ点・違う点」を表に書き出し、検査だけの特徴を一行で言えるようにします。

覚え方：間違えたら「完成検査を自主点検や定期点検と混同しない」のパターンか確認し、同じ型の誤りが出た問題を2問だけ繰り返します。

復習のしかた：丸暗記より、選択肢の「誤り。」の理由を声に出して説明できるかを目標にします。",製造所等の完成検査について、「設置または変更の工事後、法令上の完成検査を受ける必要がある場合がある。」は正しい。,○。正しい。,検査とは何ですか？,検査は、完成検査前検査は、一定のタンクなどについて完成検査の前に行われる検査である。 たとえば、条文では「消防法で定める」「政令で定める」「施行令で定める」のように、どの法令に書かれているかを選ぶ問題がよく出ます。 試験では、完成検査は施設を使用する前の重要な法令手続き点を押さえると得点源になります。,検査は試験でどんなふうに問われますか？,完成検査は施設を使用する前の重要な法令手続き。完成検査と完成検査前検査を区別する。完成検査前検査は一定のタンクで問題になる。,検査で間違えやすい点は？,完成検査を自主点検や定期点検と混同しない。,検査と「完成検査」「完成検査前検査」の違いは？,「完成検査」「完成検査前検査」は意味や数値・適用場面が異なります。用語ページの比較表と演習で、検査だけのポイントを確認してください。
標識,ひょうしき,法令・制度,法令・制度;乙4;頻出;詳細記事;実践演習連動;一問一答連動,"標識は、標識や掲示板は、施設の種類、危険物の性質、注意事項などを明示し、安全管理に役立てるために設けられる。

たとえば、条文では「消防法で定める」「政令で定める」「施行令で定める」のように、どの法令に書かれているかを選ぶ問題がよく出ます。

試験では、標識・掲示板は危険物施設の識別と注意喚起のために重要点を押さえると得点源になります。",まず「標識」は、標識や掲示板は、施設の種類、危険物の性質、注意事項などを明示し、安全管理に役立てるために設けられる。 法令・制度では「標識・掲示板」の文脈で繰り返し問われます。,標識・掲示板;標識・掲示板の設置;掲示内容・注意事項,危険物の規制に関する政令,B,標識・掲示板は危険物施設の識別と注意喚起のために重要。 掲示板設置と許可・保安管理を混同しない。 標識・掲示板は危険の明示と注意喚起。 誤り。施設や危険物に応じた表示内容が問題となる。,標識とは？危険物取扱者試験（乙種第4類）で押さえる意味・試験ポイント,このページでは、法令・制度分野の「標識」を、試験に出る形で整理します。ひとことで言うと、標識や掲示板は、施設の種類、危険物の性質、注意事項などを明示し、安全管理に役立てるために設けられる。下の目次の順に読むと、定義から演習のポイントまでつながって理解できます。,"標識は、標識や掲示板は、施設の種類、危険物の性質、注意事項などを明示し、安全管理に役立てるために設けられる。 製造所等では、危険物施設であることや注意事項を示すため、標識や掲示板の設置が必要です場合がある。

試験では、標識・掲示板は危険物施設の識別と注意喚起のために重要。標識・掲示板は危険の明示と注意喚起。また、標識・掲示板は注意喚起と識別のため点も押さえます。

誤り。施設や危険物に応じた表示内容が問題となる。

誤り。標識設置だけで許可や保安管理が不要になるわけではない。

誤り。設置してはならないものではない。

誤り。装飾目的だけではない。

標識・掲示板は危険物施設の識別と注意喚起のために重要。

掲示板設置と許可・保安管理を混同しない。

標識・掲示板は危険の明示と注意喚起。

よくある誤りは、掲示板設置と許可・保安管理を混同しない。掲示があれば他の義務が不要になるわけではない。掲示内容は危険物の性質と結びつけて覚える。

法令・制度では「標識・掲示板」「標識・掲示板の設置」など近い用語とセットで出題されます。定義・数値・主体の違いを表で対比し、標識だけの特徴を一言で言えるようにしてください。

標識・掲示板は、危険物施設であることや危険物の性質、注意事項を示す役割がある。

危険物施設では、取り扱う危険物の性質に応じて、火気厳禁などの注意事項を掲示することがある。

第4類危険物は引火性液体であり、火気を避けることが重要であるため、火気厳禁などの注意事項が関係する。",標識・掲示板は危険物施設の識別と注意喚起のために重要。;標識・掲示板は危険の明示と注意喚起。;標識・掲示板は注意喚起と識別のため。,掲示板設置と許可・保安管理を混同しない。;掲示があれば他の義務が不要になるわけではない。;掲示内容は危険物の性質と結びつけて覚える。;水中保管など他類のイメージと混同しない。,"「標識」は、法令・制度の頻出語です。

整理のコツ：関連する「標識・掲示板」「標識・掲示板の設置」「掲示内容・注意事項」と、「同じ点・違う点」を表に書き出し、標識だけの特徴を一行で言えるようにします。

覚え方：間違えたら「掲示板設置と許可・保安管理を混同しない」のパターンか確認し、同じ型の誤りが出た問題を2問だけ繰り返します。

復習のしかた：丸暗記より、選択肢の「誤り。」の理由を声に出して説明できるかを目標にします。",製造所等の標識・掲示板について、「法令に基づき、製造所等には標識や掲示板の設置が求められる場合がある。」は正しい。,○。正しい。,標識とは何ですか？,標識は、標識や掲示板は、施設の種類、危険物の性質、注意事項などを明示し、安全管理に役立てるために設けられる。 たとえば、条文では「消防法で定める」「政令で定める」「施行令で定める」のように、どの法令に書かれているかを選ぶ問題がよく出ます。 試験では、標識・掲示板は危険物施設の識別と注意喚起のために重要点を押さえると得点源になります。,標識は試験でどんなふうに問われますか？,標識・掲示板は危険物施設の識別と注意喚起のために重要。標識・掲示板は危険の明示と注意喚起。標識・掲示板は注意喚起と識別のため。,標識で間違えやすい点は？,掲示板設置と許可・保安管理を混同しない。掲示があれば他の義務が不要になるわけではない。,標識と「標識・掲示板」「標識・掲示板の設置」の違いは？,「標識・掲示板」「標識・掲示板の設置」は意味や数値・適用場面が異なります。用語ページの比較表と演習で、標識だけのポイントを確認してください。
標識・掲示板,ひょうしき・けいじばん,法令・制度,法令・制度;乙4;頻出;詳細記事;実践演習連動;一問一答連動,"標識・掲示板は危険物施設の識別と注意喚起のために重要。

たとえば、条文では「消防法で定める」「政令で定める」「施行令で定める」のように、どの法令に書かれているかを選ぶ問題がよく出ます。

試験では、標識・掲示板は危険物施設の識別と注意喚起のために重要点を押さえると得点源になります。",まず「標識・掲示板」は、標識・掲示板は危険物施設の識別と注意喚起のために重要。 標識や掲示板は、施設の種類、危険物の性質、注意事項などを明示し、安全管理に役立てるために設けられる。 法令・制度では「標識・掲示板」の文脈で繰り返し問われます。,標識・掲示板の設置;掲示内容・注意事項;掲示板の設置,危険物の規制に関する政令,B,標識・掲示板は危険物施設の識別と注意喚起のために重要。 掲示板設置と許可・保安管理を混同しない。 標識・掲示板は危険の明示と注意喚起。 誤り。施設や危険物に応じた表示内容が問題となる。,標識・掲示板とは？危険物取扱者試験（乙種第4類）で押さえる意味・試験ポイント,このページでは、法令・制度分野の「標識・掲示板」を、試験に出る形で整理します。ひとことで言うと、標識・掲示板は危険物施設の識別と注意喚起のために重要。下の目次の順に読むと、定義から演習のポイントまでつながって理解できます。,"標識・掲示板は危険物施設の識別と注意喚起のために重要。 製造所等では、危険物施設であることや注意事項を示すため、標識や掲示板の設置が必要です場合がある。

試験では、標識・掲示板は危険物施設の識別と注意喚起のために重要。標識・掲示板は危険の明示と注意喚起。また、標識・掲示板は注意喚起と識別のため点も押さえます。

誤り。施設や危険物に応じた表示内容が問題となる。

誤り。標識設置だけで許可や保安管理が不要になるわけではない。

誤り。設置してはならないものではない。

誤り。装飾目的だけではない。

標識・掲示板は危険物施設の識別と注意喚起のために重要。

掲示板設置と許可・保安管理を混同しない。

標識・掲示板は危険の明示と注意喚起。

よくある誤りは、掲示板設置と許可・保安管理を混同しない。掲示があれば他の義務が不要になるわけではない。掲示内容は危険物の性質と結びつけて覚える。

法令・制度では「標識・掲示板の設置」「掲示内容・注意事項」など近い用語とセットで出題されます。定義・数値・主体の違いを表で対比し、標識・掲示板だけの特徴を一言で言えるようにしてください。

標識や掲示板は、施設の種類、危険物の性質、注意事項などを明示し、安全管理に役立てるために設けられる。

危険物施設であることや危険物の性質、注意事項を示す役割がある。

危険物施設では、取り扱う危険物の性質に応じて、火気厳禁などの注意事項を掲示することがある。

第4類危険物は引火性液体であり、火気を避けることが重要であるため、火気厳禁などの注意事項が関係する。",標識・掲示板は危険物施設の識別と注意喚起のために重要。;標識・掲示板は危険の明示と注意喚起。;標識・掲示板は注意喚起と識別のため。,掲示板設置と許可・保安管理を混同しない。;掲示があれば他の義務が不要になるわけではない。;掲示内容は危険物の性質と結びつけて覚える。;水中保管など他類のイメージと混同しない。,"「標識・掲示板」は、法令・制度の頻出語です。

整理のコツ：関連する「標識・掲示板の設置」「掲示内容・注意事項」「掲示板の設置」と、「同じ点・違う点」を表に書き出し、標識・掲示板だけの特徴を一行で言えるようにします。

覚え方：間違えたら「掲示板設置と許可・保安管理を混同しない」のパターンか確認し、同じ型の誤りが出た問題を2問だけ繰り返します。

復習のしかた：丸暗記より、選択肢の「誤り。」の理由を声に出して説明できるかを目標にします。",製造所等の標識・掲示板について、「法令に基づき、製造所等には標識や掲示板の設置が求められる場合がある。」は正しい。,○。正しい。,標識・掲示板とは何ですか？,標識・掲示板は危険物施設の識別と注意喚起のために重要。 たとえば、条文では「消防法で定める」「政令で定める」「施行令で定める」のように、どの法令に書かれているかを選ぶ問題がよく出ます。 試験では、標識・掲示板は危険物施設の識別と注意喚起のために重要点を押さえると得点源になります。,標識・掲示板は試験でどんなふうに問われますか？,標識・掲示板は危険物施設の識別と注意喚起のために重要。標識・掲示板は危険の明示と注意喚起。標識・掲示板は注意喚起と識別のため。,標識・掲示板で間違えやすい点は？,掲示板設置と許可・保安管理を混同しない。掲示があれば他の義務が不要になるわけではない。,標識・掲示板と「標識・掲示板の設置」「掲示内容・注意事項」の違いは？,「標識・掲示板の設置」「掲示内容・注意事項」は意味や数値・適用場面が異なります。用語ページの比較表と演習で、標識・掲示板だけのポイントを確認してください。
標識・掲示板の設置,ひょうしき・けいじばんのせっち,法令・制度,法令・制度;乙4;頻出;詳細記事;実践演習連動;一問一答連動,"標識・掲示板の設置は、製造所等では、危険物施設であることや注意事項を示すため、標識や掲示板の設置が必要です場合がある。

たとえば、条文では「消防法で定める」「政令で定める」「施行令で定める」のように、どの法令に書かれているかを選ぶ問題がよく出ます。

試験では、標識・掲示板は危険物施設の識別と注意喚起のために重要点を押さえると得点源になります。",まず「標識・掲示板の設置」は、製造所等では、危険物施設であることや注意事項を示すため、標識や掲示板の設置が必要です場合がある。 標識や掲示板は、施設の種類、危険物の性質、注意事項などを明示し、安全管理に役立てるために設けられる。 法令・制度では「標識・掲示板」の文脈で繰り返し問われます。,標識・掲示板;掲示板,危険物の規制に関する政令,B,標識・掲示板は危険物施設の識別と注意喚起のために重要。 掲示板設置と許可・保安管理を混同しない。 標識・掲示板は危険の明示と注意喚起。 誤り。施設や危険物に応じた表示内容が問題となる。,標識・掲示板の設置とは？危険物取扱者試験（乙種第4類）で押さえる意味・試験ポイント,このページでは、法令・制度分野の「標識・掲示板の設置」を、試験に出る形で整理します。ひとことで言うと、製造所等では、危険物施設であることや注意事項を示すため、標識や掲示板の設置が必要です場合がある。下の目次の順に読むと、定義から演習のポイントまでつながって理解できます。,"標識・掲示板の設置は、製造所等では、危険物施設であることや注意事項を示すため、標識や掲示板の設置が必要です場合がある。 標識や掲示板は、施設の種類、危険物の性質、注意事項などを明示し、安全管理に役立てるために設けられる。

試験では、標識・掲示板は危険物施設の識別と注意喚起のために重要。標識・掲示板は危険の明示と注意喚起。また、標識・掲示板は注意喚起と識別のため点も押さえます。

誤り。施設や危険物に応じた表示内容が問題となる。

誤り。標識設置だけで許可や保安管理が不要になるわけではない。

誤り。設置してはならないものではない。

誤り。装飾目的だけではない。

標識・掲示板は危険物施設の識別と注意喚起のために重要。

掲示板設置と許可・保安管理を混同しない。

標識・掲示板は危険の明示と注意喚起。

よくある誤りは、掲示板設置と許可・保安管理を混同しない。掲示があれば他の義務が不要になるわけではない。

法令・制度では「標識・掲示板」「掲示板」など近い用語とセットで出題されます。定義・数値・主体の違いを表で対比し、標識・掲示板の設置だけの特徴を一言で言えるようにしてください。

標識・掲示板は、危険物施設であることや危険物の性質、注意事項を示す役割がある。",標識・掲示板は危険物施設の識別と注意喚起のために重要。;標識・掲示板は危険の明示と注意喚起。;標識・掲示板は注意喚起と識別のため。,掲示板設置と許可・保安管理を混同しない。;掲示があれば他の義務が不要になるわけではない。,"「標識・掲示板の設置」は、法令・制度の頻出語です。

整理のコツ：関連する「標識・掲示板」「掲示板」と、「同じ点・違う点」を表に書き出し、標識・掲示板の設置だけの特徴を一行で言えるようにします。

覚え方：間違えたら「掲示板設置と許可・保安管理を混同しない」のパターンか確認し、同じ型の誤りが出た問題を2問だけ繰り返します。

復習のしかた：丸暗記より、選択肢の「誤り。」の理由を声に出して説明できるかを目標にします。",製造所等の標識・掲示板について、「法令に基づき、製造所等には標識や掲示板の設置が求められる場合がある。」は正しい。,○。正しい。,標識・掲示板の設置とは何ですか？,標識・掲示板の設置は、製造所等では、危険物施設であることや注意事項を示すため、標識や掲示板の設置が必要です場合がある。 たとえば、条文では「消防法で定める」「政令で定める」「施行令で定める」のように、どの法令に書かれているかを選ぶ問題がよく出ます。 試験では、標識・掲示板は危険物施設の識別と注意喚起のために重要点を押さえると得点源になります。,標識・掲示板の設置は試験でどんなふうに問われますか？,標識・掲示板は危険物施設の識別と注意喚起のために重要。標識・掲示板は危険の明示と注意喚起。標識・掲示板は注意喚起と識別のため。,標識・掲示板の設置で間違えやすい点は？,掲示板設置と許可・保安管理を混同しない。掲示があれば他の義務が不要になるわけではない。,標識・掲示板の設置と「標識・掲示板」「掲示板」の違いは？,「標識・掲示板」「掲示板」は意味や数値・適用場面が異なります。用語ページの比較表と演習で、標識・掲示板の設置だけのポイントを確認してください。
比熱,ひねつ,物性・化学,物性・化学;乙4;頻出;詳細記事;実践演習連動;一問一答連動,"比熱は、比熱が大きいほど温度上昇に多くの熱が必要である。

たとえば、引火点・沸点・密度など、数字と単位をセットで覚えると、選択肢の数値の当たり外れを見分けやすくなります。

試験では、比熱は温度を上げるのに必要な熱量に関係する点を押さえると得点源になります。",まず「比熱」は、比熱が大きいほど温度上昇に多くの熱が必要である。 比熱が大きい物質は、同じ質量で同じ温度だけ上げるのに多くの熱量が必要である。 物性・化学では「熱」の文脈で繰り返し問われます。,pH;アルカリの性質;アルコール類の基礎,,B,比熱は温度を上げるのに必要な熱量に関係する。 比熱が大きいほど温度が上がりにくい。 誤り。溶解度の説明ではない。 誤り。色の濃さを表すものではない。,比熱とは？危険物取扱者試験（乙種第4類）で押さえる意味・試験ポイント,このページでは、物性・化学分野の「比熱」を、試験に出る形で整理します。ひとことで言うと、比熱が大きいほど温度上昇に多くの熱が必要である。下の目次の順に読むと、定義から演習のポイントまでつながって理解できます。,"比熱は、比熱が大きいほど温度上昇に多くの熱が必要である。 物質1 gの温度を1 ℃上げるのに必要な熱量を表す値である。

試験では、比熱は温度を上げるのに必要な熱量に関係する。また、比熱が大きいほど温度が上がりにくい点も押さえます。

誤り。溶解度の説明ではない。

誤り。色の濃さを表すものではない。

誤り。燃え始める温度ではない。

誤り。蒸気比重の説明ではない。

比熱は温度を上げるのに必要な熱量に関係する。

比熱が大きいほど温度が上がりにくい。

物性・化学では「pH」「アルカリの性質」など近い用語とセットで出題されます。定義・数値・主体の違いを表で対比し、比熱だけの特徴を一言で言えるようにしてください。

比熱が大きい物質は、同じ質量で同じ温度だけ上げるのに多くの熱量が必要である。

比熱が小さい物質は、同じ質量で同じ温度だけ上げるのに必要な熱量が少ない。",比熱は温度を上げるのに必要な熱量に関係する。;比熱が大きいほど温度が上がりにくい。,類似語と混同する。;数字や条件を取り違える。;すべての危険物に当てはめる。,"「比熱」は、物性・化学の頻出語です。

整理のコツ：関連する「pH」「アルカリの性質」「アルコール類の基礎」と、「同じ点・違う点」を表に書き出し、比熱だけの特徴を一行で言えるようにします。

覚え方：間違えたら「類似語と混同する」のパターンか確認し、同じ型の誤りが出た問題を2問だけ繰り返します。

復習のしかた：丸暗記より、選択肢の「誤り。」の理由を声に出して説明できるかを目標にします。",比熱について、「物質の色の濃さを表す。」は正しい。,×。誤り。,比熱とは何ですか？,比熱は、比熱が大きいほど温度上昇に多くの熱が必要である。 たとえば、引火点・沸点・密度など、数字と単位をセットで覚えると、選択肢の数値の当たり外れを見分けやすくなります。 試験では、比熱は温度を上げるのに必要な熱量に関係する点を押さえると得点源になります。,比熱は試験でどんなふうに問われますか？,比熱は温度を上げるのに必要な熱量に関係する。比熱が大きいほど温度が上がりにくい。,比熱で間違えやすい点は？,類似語と混同する。数字や条件を取り違える。,比熱と「pH」「アルカリの性質」の違いは？,「pH」「アルカリの性質」は意味や数値・適用場面が異なります。用語ページの比較表と演習で、比熱だけのポイントを確認してください。
比重,ひじゅう,物性・化学,物性・化学;乙4;頻出;詳細記事;実践演習連動;一問一答連動,"比重は、液体の比重は、通常、水を基準として物質の重さを比較する値である。

たとえば、引火点・沸点・密度など、数字と単位をセットで覚えると、選択肢の数値の当たり外れを見分けやすくなります。

試験では、定義を一文で説明できる点を押さえると得点源になります。",まず「比重」は、液体の比重は、通常、水を基準として物質の重さを比較する値である。 液体の比重が1より小さい場合、一般に水に浮きやすい。 物性・化学では「密度・比重」の文脈で繰り返し問われます。,pH;アルカリの性質;アルコール類の基礎,,B,水に浮くことと水に溶けることを混同しない。 誤り。反応速度ではない。 誤り。酸素濃度を表すものではない。 誤り。溶ける速さだけを表すものではない。,比重とは？危険物取扱者試験（乙種第4類）で押さえる意味・試験ポイント,このページでは、物性・化学分野の「比重」を、試験に出る形で整理します。ひとことで言うと、液体の比重は、通常、水を基準として物質の重さを比較する値である。下の目次の順に読むと、定義から演習のポイントまでつながって理解できます。,"比重は、液体の比重は、通常、水を基準として物質の重さを比較する値である。 液体の比重は、通常、水を基準として物質の重さを比較する値である。比重が1より小さい液体は水に浮きやすい。

誤り。反応速度ではない。

誤り。酸素濃度を表すものではない。

誤り。溶ける速さだけを表すものではない。

誤り。燃え始める温度ではない。

水に浮くことと水に溶けることを混同しない。

よくある誤りは、水に浮くことと水に溶けることを混同しない。

物性・化学では「pH」「アルカリの性質」など近い用語とセットで出題されます。定義・数値・主体の違いを表で対比し、比重だけの特徴を一言で言えるようにしてください。

液体の比重が1より小さい場合、一般に水に浮きやすい。

液比重は、水を基準にして液体の重さを比較する値である。

液比重が1より大きい液体は、水より重く沈みやすい。",定義を一文で説明できる。;適用する場面（製造・貯蔵・取扱・消火）を挙げられる。;関連する法令名を意識できる。,水に浮くことと水に溶けることを混同しない。,"「比重」は、物性・化学の頻出語です。

整理のコツ：関連する「pH」「アルカリの性質」「アルコール類の基礎」と、「同じ点・違う点」を表に書き出し、比重だけの特徴を一行で言えるようにします。

覚え方：間違えたら「水に浮くことと水に溶けることを混同しない」のパターンか確認し、同じ型の誤りが出た問題を2問だけ繰り返します。

復習のしかた：丸暗記より、選択肢の「誤り。」の理由を声に出して説明できるかを目標にします。",液体の比重について、「物質が水に溶ける速さだけを表す値である。」は正しい。,×。誤り。,比重とは何ですか？,比重は、液体の比重は、通常、水を基準として物質の重さを比較する値である。 たとえば、引火点・沸点・密度など、数字と単位をセットで覚えると、選択肢の数値の当たり外れを見分けやすくなります。 試験では、定義を一文で説明できる点を押さえると得点源になります。,比重は試験でどんなふうに問われますか？,定義を一文で説明できる。適用する場面（製造・貯蔵・取扱・消火）を挙げられる。関連する法令名を意識できる。,比重で間違えやすい点は？,水に浮くことと水に溶けることを混同しない。,比重と「pH」「アルカリの性質」の違いは？,「pH」「アルカリの性質」は意味や数値・適用場面が異なります。用語ページの比較表と演習で、比重だけのポイントを確認してください。
比重の計算,ひじゅうのけいさん,物性・化学,物性・化学;乙4;頻出;詳細記事;実践演習連動;一問一答連動,"比重の計算は、密度は質量÷体積で求める。

たとえば、引火点・沸点・密度など、数字と単位をセットで覚えると、選択肢の数値の当たり外れを見分けやすくなります。

試験では、定義を一文で説明できる点を押さえると得点源になります。",まず「比重の計算」は、密度は質量÷体積で求める。400 g÷500 cm³＝0.8 g/cm³である。 誤り。質量で割っていない。 密度は質量÷体積で求める。400 g÷500 cm³＝0.8 g/cm³である。 物性・化学では「計算問題」の文脈で繰り返し問われます。,pH;アルカリの性質;アルコール類の基礎,,B,誤り。500÷400で計算した値である。 誤り。質量で割っていない。 誤り。体積で割っていない。 実践演習の設問例: 「ある液体500 cm³の質量が400 gであるとき、この液体の密度として正しいものはどれか。…」,比重の計算とは？危険物取扱者試験（乙種第4類）で押さえる意味・試験ポイント,このページでは、物性・化学分野の「比重の計算」を、試験に出る形で整理します。ひとことで言うと、密度は質量÷体積で求める。400 g÷500 cm³＝0.8 g/cm³である。下の目次の順に読むと、定義から演習のポイントまでつながって理解できます。,"比重の計算は、密度は質量÷体積で求める。400 g÷500 cm³＝0.8 g/cm³である。

誤り。500÷400で計算した値である。

誤り。質量で割っていない。

誤り。体積で割っていない。

誤り。計算結果ではない。

物性・化学では「pH」「アルカリの性質」など近い用語とセットで出題されます。定義・数値・主体の違いを表で対比し、比重の計算だけの特徴を一言で言えるようにしてください。",定義を一文で説明できる。;適用する場面（製造・貯蔵・取扱・消火）を挙げられる。;関連する法令名を意識できる。,類似語と混同する。;数字や条件を取り違える。;すべての危険物に当てはめる。,"「比重の計算」は、物性・化学の頻出語です。

整理のコツ：関連する「pH」「アルカリの性質」「アルコール類の基礎」と、「同じ点・違う点」を表に書き出し、比重の計算だけの特徴を一行で言えるようにします。

覚え方：間違えたら「類似語と混同する」のパターンか確認し、同じ型の誤りが出た問題を2問だけ繰り返します。

復習のしかた：丸暗記より、選択肢の「誤り。」の理由を声に出して説明できるかを目標にします。",ある液体500 cm³の質量が400 gであるとき、この液体の密度について、「500 g/cm³」は正しい。,×。誤り。,比重の計算とは何ですか？,比重の計算は、密度は質量÷体積で求める。 たとえば、引火点・沸点・密度など、数字と単位をセットで覚えると、選択肢の数値の当たり外れを見分けやすくなります。 試験では、定義を一文で説明できる点を押さえると得点源になります。,比重の計算は試験でどんなふうに問われますか？,定義を一文で説明できる。適用する場面（製造・貯蔵・取扱・消火）を挙げられる。関連する法令名を意識できる。,比重の計算で間違えやすい点は？,類似語と混同する。数字や条件を取り違える。,比重の計算と「pH」「アルカリの性質」の違いは？,「pH」「アルカリの性質」は意味や数値・適用場面が異なります。用語ページの比較表と演習で、比重の計算だけのポイントを確認してください。
水による消火が不適切な場合,みずによるしょうかがふてきせつなばあい,火災・消火・漏えい,火災・消火・漏えい;乙4;頻出;詳細記事;実践演習連動;一問一答連動,"水による消火が不適切な場合は、非水溶性で水より軽い第4類危険物に棒状注水すると、液体を広げて火災を拡大するおそれがある。

たとえば、危険物の性質（水溶性か、蒸気がたまりやすいか）に合った消火・漏えい対策かどうかが、正誤の判断ポイントになります。

試験では、非水溶性液体火災では注水方法に注意点を押さえると得点源になります。",まず「水による消火が不適切な場合」は、非水溶性で水より軽い第4類危険物に棒状注水すると、液体を広げて火災を拡大するおそれがある。 水より軽い非水溶性液体に棒状注水すると、燃えている液体を広げ、火災を拡大するおそれがある。 火災・消火・漏えいでは「消火方法」の文脈で繰り返し問われます。,アセトアルデヒド;アセトン;アニリン,,B,非水溶性液体火災では注水方法に注意。 誤り。指定数量は変わらない。 誤り。必ず燃焼を止めるとは限らない。 誤り。必ず固体になるわけではない。,水による消火が不適切な場合とは？危険物取扱者試験（乙種第4類）で押さえる意味・試験ポイント,このページでは、火災・消火・漏えい分野の「水による消火が不適切な場合」を、試験に出る形で整理します。ひとことで言うと、非水溶性で水より軽い第4類危険物に棒状注水すると、液体を広げて火災を拡大するおそれがある。下の目次の順に読むと、定義から演習のポイントまでつながって理解できます。,"水による消火が不適切な場合は、非水溶性で水より軽い第4類危険物に棒状注水すると、液体を広げて火災を拡大するおそれがある。 水より軽い非水溶性液体に棒状注水すると、燃えている液体を広げ、火災を拡大するおそれがある。

試験では、非水溶性液体火災では注水方法に注意点が問われます。

誤り。指定数量は変わらない。

誤り。必ず燃焼を止めるとは限らない。

誤り。必ず固体になるわけではない。

誤り。不燃性になるわけではない。

非水溶性液体火災では注水方法に注意。

火災・消火・漏えいでは「アセトアルデヒド」「アセトン」など近い用語とセットで出題されます。定義・数値・主体の違いを表で対比し、水による消火が不適切な場合だけの特徴を一言で言えるようにしてください。",非水溶性液体火災では注水方法に注意。,類似語と混同する。;数字や条件を取り違える。;すべての危険物に当てはめる。,"「水による消火が不適切な場合」は、火災・消火・漏えいの頻出語です。

整理のコツ：関連する「アセトアルデヒド」「アセトン」「アニリン」と、「同じ点・違う点」を表に書き出し、水による消火が不適切な場合だけの特徴を一行で言えるようにします。

覚え方：間違えたら「類似語と混同する」のパターンか確認し、同じ型の誤りが出た問題を2問だけ繰り返します。

復習のしかた：丸暗記より、選択肢の「誤り。」の理由を声に出して説明できるかを目標にします。",非水溶性で水より軽い第4類危険物の火災で、水を棒状に放射することが不適切となる理由として、適切なものについて、「水が必ず酸素を吸収し、燃焼を止めるため。」は正しい。,×。誤り。,水による消火が不適切な場合とは何ですか？,水による消火が不適切な場合は、非水溶性で水より軽い第4類危険物に棒状注水すると、液体を広げて火災を拡大するおそれがある。 たとえば、危険物の性質（水溶性か、蒸気がたまりやすいか）に合った消火・漏えい対策かどうかが、正誤の判断ポイントになります。 試験では、非水溶性液体火災では注水方法に注意点を押さえると得点源になります。,水による消火が不適切な場合は試験でどんなふうに問われますか？,非水溶性液体火災では注水方法に注意。,水による消火が不適切な場合で間違えやすい点は？,類似語と混同する。数字や条件を取り違える。,水による消火が不適切な場合と「アセトアルデヒド」「アセトン」の違いは？,「アセトアルデヒド」「アセトン」は意味や数値・適用場面が異なります。用語ページの比較表と演習で、水による消火が不適切な場合だけのポイントを確認してください。
水による消火の特徴,みずによるしょうかのとくちょう,物性・化学,物性・化学;乙4;頻出;詳細記事;実践演習連動;一問一答連動,"水による消火の特徴は、水による消火では、燃焼物の温度を下げる冷却効果が重要である。

たとえば、危険物の性質（水溶性か、蒸気がたまりやすいか）に合った消火・漏えい対策かどうかが、正誤の判断ポイントになります。

試験では、定義を一文で説明できる点を押さえると得点源になります。",まず「水による消火の特徴」は、水による消火では、燃焼物の温度を下げる冷却効果が重要である。ただし、第4類危険物では水による消火が適さない場合がある。 水は燃焼物の温度を下げる冷却効果をもつ。 物性・化学では「消火」の文脈で繰り返し問われます。,pH;アルカリの性質;アルコール類の基礎,,B,第4類火災では水が常に適切とは限らない。 第4類火災で常に適するとは限らない。 誤り。引火しやすくするためではない。 誤り。可燃性蒸気を増やすことが目的ではない。,水による消火の特徴とは？危険物取扱者試験（乙種第4類）で押さえる意味・試験ポイント,このページでは、物性・化学分野の「水による消火の特徴」を、試験に出る形で整理します。ひとことで言うと、水による消火では、燃焼物の温度を下げる冷却効果が重要である。ただし、第4類危険物では水による消火が適さない場合がある。下の目次の順に読むと、定義から演習のポイントまでつながって理解できます。,"水による消火の特徴は、水による消火では、燃焼物の温度を下げる冷却効果が重要である。ただし、第4類危険物では水による消火が適さない場合がある。 水は燃焼物の温度を下げる冷却効果をもつ。

誤り。引火しやすくするためではない。

誤り。可燃性蒸気を増やすことが目的ではない。

誤り。酸素を必ず発生させるわけではない。

誤り。指定数量を変えるものではない。

第4類火災では水が常に適切とは限らない。

第4類火災で常に適するとは限らない。

よくある誤りは、第4類火災では水が常に適切とは限らない。第4類火災で常に適するとは限らない。

物性・化学では「pH」「アルカリの性質」など近い用語とセットで出題されます。定義・数値・主体の違いを表で対比し、水による消火の特徴だけの特徴を一言で言えるようにしてください。",定義を一文で説明できる。;適用する場面（製造・貯蔵・取扱・消火）を挙げられる。;関連する法令名を意識できる。,第4類火災では水が常に適切とは限らない。;第4類火災で常に適するとは限らない。,"「水による消火の特徴」は、物性・化学の頻出語です。

整理のコツ：関連する「pH」「アルカリの性質」「アルコール類の基礎」と、「同じ点・違う点」を表に書き出し、水による消火の特徴だけの特徴を一行で言えるようにします。

覚え方：間違えたら「第4類火災では水が常に適切とは限らない」のパターンか確認し、同じ型の誤りが出た問題を2問だけ繰り返します。

復習のしかた：丸暗記より、選択肢の「誤り。」の理由を声に出して説明できるかを目標にします。",水による消火の主な効果について、「冷却効果」は正しい。,○。正しい。,水による消火の特徴とは何ですか？,水による消火の特徴は、水による消火では、燃焼物の温度を下げる冷却効果が重要である。 たとえば、危険物の性質（水溶性か、蒸気がたまりやすいか）に合った消火・漏えい対策かどうかが、正誤の判断ポイントになります。 試験では、定義を一文で説明できる点を押さえると得点源になります。,水による消火の特徴は試験でどんなふうに問われますか？,定義を一文で説明できる。適用する場面（製造・貯蔵・取扱・消火）を挙げられる。関連する法令名を意識できる。,水による消火の特徴で間違えやすい点は？,第4類火災では水が常に適切とは限らない。第4類火災で常に適するとは限らない。,水による消火の特徴と「pH」「アルカリの性質」の違いは？,「pH」「アルカリの性質」は意味や数値・適用場面が異なります。用語ページの比較表と演習で、水による消火の特徴だけのポイントを確認してください。
水溶性,すいようせい,火災・消火・漏えい,火災・消火・漏えい;乙4;頻出;詳細記事;実践演習連動;一問一答連動,"水溶性は、危険物が水に溶けやすいかどうかの区分で、指定数量や消火方法の選択に影響する。

たとえば、ガソリン（非水溶性）は200 L、アセトン（水溶性）は400 Lのように、品名ごとに数値が決まります。

試験では、指定数量の区分点を押さえると得点源になります。",まず「水溶性」は、危険物が水に溶けやすいかどうかの区分で、指定数量や消火方法の選択に影響する。,指定数量;第4類共通性質;分類比較,危険物の規制に関する政令,B,"第1石油類は非水溶性200 L、水溶性400 L。 アセトンは第1石油類・水溶性液体・400 L。 第2石油類は非水溶性1,000 L、水溶性2,000 L。 誤り。水溶性でも引火危険はある。",水溶性とは？危険物取扱者試験（乙種第4類）で押さえる意味・試験ポイント,このページでは、火災・消火・漏えい分野の「水溶性」を、試験に出る形で整理します。ひとことで言うと、危険物が水に溶けやすいかどうかの区分で、指定数量や消火方法の選択に影響する。下の目次の順に読むと、定義から演習のポイントまでつながって理解できます。,"第1石油類などは水溶性・非水溶性で指定数量が異なります。水溶性液体は水による希釈・洗浄が可能な場合がある一方、環境・拡散への影響にも注意が必要です。

「水溶性液体」「非水溶性」と対で覚え、倍数計算・泡消火・注水の適否を品名ごとに確認してください。

誤り。水溶性でも引火危険はある。

誤り。水に浮くものもある。

誤り。すべてが水に溶けるわけではない。

誤り。酸素を放出する性質ではない。

第1石油類は非水溶性200 L、水溶性400 L。

アセトンは第1石油類・水溶性液体・400 L。",指定数量の区分。;非水溶性との対比。;消火・漏えい時の水の扱い。,非水溶性と数量・消火法を混同する。;水で希釈すれば常に安全と決めつける。,"「水溶性」は、火災・消火・漏えいの頻出語です。

整理のコツ：関連する「指定数量」「第4類共通性質」「分類比較」と、「同じ点・違う点」を表に書き出し、水溶性だけの特徴を一行で言えるようにします。

覚え方：間違えたら「非水溶性と数量・消火法を混同する」のパターンか確認し、同じ型の誤りが出た問題を2問だけ繰り返します。

復習のしかた：丸暗記より、選択肢の「誤り。」の理由を声に出して説明できるかを目標にします。",第1石油類の指定数量について、「非水溶性液体と水溶性液体で指定数量が異なる。」は正しい。,○。正しい。,水溶性とは何ですか？,水溶性は、危険物が水に溶けやすいかどうかの区分で、指定数量や消火方法の選択に影響する。 たとえば、ガソリン（非水溶性）は200 L、アセトン（水溶性）は400 Lのように、品名ごとに数値が決まります。 試験では、指定数量の区分点を押さえると得点源になります。,水溶性は試験でどんなふうに問われますか？,指定数量の区分。非水溶性との対比。消火・漏えい時の水の扱い。,水溶性で間違えやすい点は？,非水溶性と数量・消火法を混同する。水で希釈すれば常に安全と決めつける。,水溶性と「指定数量」「第4類共通性質」の違いは？,「指定数量」「第4類共通性質」は意味や数値・適用場面が異なります。用語ページの比較表と演習で、水溶性だけのポイントを確認してください。
水溶性・非水溶性による指定数量差,すいようせい・ひすいようせいによるしていすうりょうさ,法令・制度,法令・制度;乙4;頻出;詳細記事;実践演習連動;一問一答連動,"水溶性・非水溶性による指定数量差は、第1石油類では、非水溶性液体と水溶性液体で指定数量が異なる。

たとえば、条文では「消防法で定める」「政令で定める」「施行令で定める」のように、どの法令に書かれているかを選ぶ問題がよく出ます。

試験では、第1石油類は非水溶性200 L、水溶性400 L点を押さえると得点源になります。",まず「水溶性・非水溶性による指定数量差」は、第1石油類では、非水溶性液体と水溶性液体で指定数量が異なる。ガソリンは非水溶性液体として200 L、アセトンは水溶性液体として400 Lで整理する。 アセトンは第1石油類の水溶性液体として扱われ、指定数量は400 Lである。 法令・制度では「指定数量」の文脈で繰り返し問われます。,セルフ式給油取扱所の基準;一般取扱所の基準;丙種の違い,危険物の規制に関する政令,B,"第1石油類は非水溶性200 L、水溶性400 L。 アセトンは第1石油類・水溶性液体・400 L。 第2石油類は非水溶性1,000 L、水溶性2,000 L。 誤り。10,000 Lは動植物油類である。",水溶性・非水溶性による指定数量差とは？危険物取扱者試験（乙種第4類）で押さえる意味・試験ポイント,このページでは、法令・制度分野の「水溶性・非水溶性による指定数量差」を、試験に出る形で整理します。ひとことで言うと、第1石油類では、非水溶性液体と水溶性液体で指定数量が異なる。ガソリンは非水溶性液体として200 L、アセトンは水溶性液体として400 Lで整理する。下の目次の順に読むと、定義から演習のポイントまでつながって理解できます。,"水溶性・非水溶性による指定数量差は、第1石油類では、非水溶性液体と水溶性液体で指定数量が異なる。ガソリンは非水溶性液体として200 L、アセトンは水溶性液体として400 Lで整理する。 アセトンは第1石油類の水溶性液体として扱われ、指定数量は400 Lである。

試験では、第1石油類は非水溶性200 L、水溶性400 L。アセトンは第1石油類・水溶性液体・400 L。第2石油類は非水溶性1,000 L、水溶性2,000 L。また、第3石油類は非水溶性2,000 L、水溶性4,000 L点も押さえます。

誤り。10,000 Lは動植物油類である。

誤り。50 Lは特殊引火物である。

誤り。指定数量に関係する。

誤り。指定数量は定められている。

第1石油類は非水溶性200 L、水溶性400 L。

アセトンは第1石油類・水溶性液体・400 L。

第2石油類は非水溶性1,000 L、水溶性2,000 L。

よくある誤りは、水溶性と非水溶性の指定数量差に注意。グリセリン4,000 Lと重油2,000 Lを区別する。

法令・制度では「セルフ式給油取扱所の基準」「一般取扱所の基準」など近い用語とセットで出題されます。定義・数値・主体の違いを表で対比し、水溶性・非水溶性による指定数量差だけの特徴を一言で言えるようにしてください。

第2石油類の水溶性液体の指定数量は2,000 Lである。

第3石油類の非水溶性液体の指定数量は2,000 Lである。","第1石油類は非水溶性200 L、水溶性400 L。;アセトンは第1石油類・水溶性液体・400 L。;第2石油類は非水溶性1,000 L、水溶性2,000 L。;第3石油類は非水溶性2,000 L、水溶性4,000 L。","水溶性と非水溶性の指定数量差に注意。;グリセリン4,000 Lと重油2,000 Lを区別する。","「水溶性・非水溶性による指定数量差」は、法令・制度の頻出語です。

整理のコツ：関連する「セルフ式給油取扱所の基準」「一般取扱所の基準」「丙種の違い」と、「同じ点・違う点」を表に書き出し、水溶性・非水溶性による指定数量差だけの特徴を一行で言えるようにします。

覚え方：間違えたら「水溶性と非水溶性の指定数量差に注意」のパターンか確認し、同じ型の誤りが出た問題を2問だけ繰り返します。

復習のしかた：丸暗記より、選択肢の「誤り。」の理由を声に出して説明できるかを目標にします。",第1石油類の指定数量について、「非水溶性液体と水溶性液体で指定数量が異なる。」は正しい。,○。正しい。,水溶性・非水溶性による指定数量差とは何ですか？,水溶性・非水溶性による指定数量差は、第1石油類では、非水溶性液体と水溶性液体で指定数量が異なる。 たとえば、条文では「消防法で定める」「政令で定める」「施行令で定める」のように、どの法令に書かれているかを選ぶ問題がよく出ます。 試験では、第1石油類は非水溶性200 L、水溶性400 L点を押さえると得点源になります。,水溶性・非水溶性による指定数量差は試験でどんなふうに問われますか？,"第1石油類は非水溶性200 L、水溶性400 L。アセトンは第1石油類・水溶性液体・400 L。第2石油類は非水溶性1,000 L、水溶性2,000 L。",水溶性・非水溶性による指定数量差で間違えやすい点は？,"水溶性と非水溶性の指定数量差に注意。グリセリン4,000 Lと重油2,000 Lを区別する。",水溶性・非水溶性による指定数量差と「セルフ式給油取扱所の基準」「一般取扱所の基準」の違いは？,「セルフ式給油取扱所の基準」「一般取扱所の基準」は意味や数値・適用場面が異なります。用語ページの比較表と演習で、水溶性・非水溶性による指定数量差だけのポイントを確認してください。
水溶性・非水溶性の代表例,すいようせい・ひすいようせいのだいひょうれい,火災・消火・漏えい,火災・消火・漏えい;乙4;頻出;詳細記事;実践演習連動;一問一答連動,"水溶性・非水溶性の代表例は、アセトンは第1石油類の水溶性液体として扱われる。

たとえば、危険物の性質（水溶性か、蒸気がたまりやすいか）に合った消火・漏えい対策かどうかが、正誤の判断ポイントになります。

試験では、ガソリンは非水溶性、アセトンは水溶性点を押さえると得点源になります。",まず「水溶性・非水溶性の代表例」は、アセトンは第1石油類の水溶性液体として扱われる。ガソリン、灯油、軽油、潤滑油は一般に非水溶性として整理される。 ガソリンは第1石油類の非水溶性液体として扱われる。アセトン、メタノール、エタノール、グリセリンは水溶性として整理される。 火災・消火・漏えいでは「分類比較」の文脈で繰り返し問われます。,アセトアルデヒド;アセトン;アニリン,危険物の規制に関する政令,B,ガソリンは非水溶性、アセトンは水溶性。 水溶性・非水溶性の代表例を整理する。 アセトン・メタノール・エタノールは水溶性。 誤り。軽油は一般に非水溶性である。,水溶性・非水溶性の代表例とは？危険物取扱者試験（乙種第4類）で押さえる意味・試験ポイント,このページでは、火災・消火・漏えい分野の「水溶性・非水溶性の代表例」を、試験に出る形で整理します。ひとことで言うと、アセトンは第1石油類の水溶性液体として扱われる。ガソリン、灯油、軽油、潤滑油は一般に非水溶性として整理される。下の目次の順に読むと、定義から演習のポイントまでつながって理解できます。,"水溶性・非水溶性の代表例は、アセトンは第1石油類の水溶性液体として扱われる。ガソリン、灯油、軽油、潤滑油は一般に非水溶性として整理される。 ガソリンは第1石油類の非水溶性液体として扱われる。アセトン、メタノール、エタノール、グリセリンは水溶性として整理される。

試験では、ガソリンは非水溶性、アセトンは水溶性。また、アセトン・メタノール・エタノールは水溶性点も押さえます。

誤り。軽油は一般に非水溶性である。

誤り。ガソリンは一般に非水溶性である。

誤り。潤滑油は一般に非水溶性である。

誤り。灯油は一般に非水溶性である。

ガソリンは非水溶性、アセトンは水溶性。

水溶性・非水溶性の代表例を整理する。

アセトン・メタノール・エタノールは水溶性。

よくある誤りは、水溶性・非水溶性の代表例を整理する。

火災・消火・漏えいでは「アセトアルデヒド」「アセトン」など近い用語とセットで出題されます。定義・数値・主体の違いを表で対比し、水溶性・非水溶性の代表例だけの特徴を一言で言えるようにしてください。

アセトン、メタノール、エタノールは水溶性液体として整理される代表例である。",ガソリンは非水溶性、アセトンは水溶性。;アセトン・メタノール・エタノールは水溶性。,水溶性・非水溶性の代表例を整理する。,"「水溶性・非水溶性の代表例」は、火災・消火・漏えいの頻出語です。

整理のコツ：関連する「アセトアルデヒド」「アセトン」「アニリン」と、「同じ点・違う点」を表に書き出し、水溶性・非水溶性の代表例だけの特徴を一行で言えるようにします。

覚え方：間違えたら「水溶性・非水溶性の代表例を整理する」のパターンか確認し、同じ型の誤りが出た問題を2問だけ繰り返します。

復習のしかた：丸暗記より、選択肢の「誤り。」の理由を声に出して説明できるかを目標にします。",水溶性の第4類危険物として、適切なものについて、「アセトン」は正しい。,○。正しい。,水溶性・非水溶性の代表例とは何ですか？,水溶性・非水溶性の代表例は、アセトンは第1石油類の水溶性液体として扱われる。 たとえば、危険物の性質（水溶性か、蒸気がたまりやすいか）に合った消火・漏えい対策かどうかが、正誤の判断ポイントになります。 試験では、ガソリンは非水溶性、アセトンは水溶性点を押さえると得点源になります。,水溶性・非水溶性の代表例は試験でどんなふうに問われますか？,ガソリンは非水溶性、アセトンは水溶性。アセトン・メタノール・エタノールは水溶性。,水溶性・非水溶性の代表例で間違えやすい点は？,水溶性・非水溶性の代表例を整理する。,水溶性・非水溶性の代表例と「アセトアルデヒド」「アセトン」の違いは？,「アセトアルデヒド」「アセトン」は意味や数値・適用場面が異なります。用語ページの比較表と演習で、水溶性・非水溶性の代表例だけのポイントを確認してください。
水溶性・非水溶性の基礎,すいようせい・ひすいようせいのきそ,物性・化学,物性・化学;乙4;頻出;詳細記事;実践演習連動;一問一答連動,"水溶性・非水溶性の基礎は、水溶性とは、水に溶ける性質を指します。

たとえば、引火点・沸点・密度など、数字と単位をセットで覚えると、選択肢の数値の当たり外れを見分けやすくなります。

試験では、定義を一文で説明できる点を押さえると得点源になります。",まず「水溶性・非水溶性の基礎」は、水溶性とは、水に溶ける性質を指します。ただし、水に溶けることと燃えないことは同じではない。 誤り。水溶性でも引火危険があるものがある。 水溶性とは、水に溶ける性質を指します。ただし、水に溶けることと燃えないことは同じではない。 物性・化学では「有機化合物」の文脈で繰り返し問われます。,pH;アルカリの性質;アルコール類の基礎,,B,誤り。酸素放出の性質ではない。 誤り。水より重いことは比重の問題である。 誤り。水溶性でも引火危険があるものがある。,水溶性・非水溶性の基礎とは？危険物取扱者試験（乙種第4類）で押さえる意味・試験ポイント,このページでは、物性・化学分野の「水溶性・非水溶性の基礎」を、試験に出る形で整理します。ひとことで言うと、水溶性とは、水に溶ける性質を指します。ただし、水に溶けることと燃えないことは同じではない。下の目次の順に読むと、定義から演習のポイントまでつながって理解できます。,"水溶性・非水溶性の基礎は、水溶性とは、水に溶ける性質を指します。ただし、水に溶けることと燃えないことは同じではない。

誤り。酸素放出の性質ではない。

誤り。水より重いことは比重の問題である。

誤り。水溶性でも引火危険があるものがある。

誤り。蒸気比重の問題である。

物性・化学では「pH」「アルカリの性質」など近い用語とセットで出題されます。定義・数値・主体の違いを表で対比し、水溶性・非水溶性の基礎だけの特徴を一言で言えるようにしてください。",定義を一文で説明できる。;適用する場面（製造・貯蔵・取扱・消火）を挙げられる。;関連する法令名を意識できる。,類似語と混同する。;数字や条件を取り違える。;すべての危険物に当てはめる。,"「水溶性・非水溶性の基礎」は、物性・化学の頻出語です。

整理のコツ：関連する「pH」「アルカリの性質」「アルコール類の基礎」と、「同じ点・違う点」を表に書き出し、水溶性・非水溶性の基礎だけの特徴を一行で言えるようにします。

覚え方：間違えたら「類似語と混同する」のパターンか確認し、同じ型の誤りが出た問題を2問だけ繰り返します。

復習のしかた：丸暗記より、選択肢の「誤り。」の理由を声に出して説明できるかを目標にします。",水溶性について、「必ず燃えない性質をいう。」は正しい。,×。誤り。,水溶性・非水溶性の基礎とは何ですか？,水溶性・非水溶性の基礎は、水溶性とは、水に溶ける性質を指します。 たとえば、引火点・沸点・密度など、数字と単位をセットで覚えると、選択肢の数値の当たり外れを見分けやすくなります。 試験では、定義を一文で説明できる点を押さえると得点源になります。,水溶性・非水溶性の基礎は試験でどんなふうに問われますか？,定義を一文で説明できる。適用する場面（製造・貯蔵・取扱・消火）を挙げられる。関連する法令名を意識できる。,水溶性・非水溶性の基礎で間違えやすい点は？,類似語と混同する。数字や条件を取り違える。,水溶性・非水溶性の基礎と「pH」「アルカリの性質」の違いは？,「pH」「アルカリの性質」は意味や数値・適用場面が異なります。用語ページの比較表と演習で、水溶性・非水溶性の基礎だけのポイントを確認してください。
水溶性・非水溶性の違い,すいようせい・ひすいようせいのちがい,火災・消火・漏えい,火災・消火・漏えい;乙4;頻出;詳細記事;実践演習連動;一問一答連動,"水溶性・非水溶性の違いは、第4類危険物には、水溶性のものと非水溶性のものがある。

たとえば、危険物の性質（水溶性か、蒸気がたまりやすいか）に合った消火・漏えい対策かどうかが、正誤の判断ポイントになります。

試験では、非水溶性液体火災では注水方法に注意点を押さえると得点源になります。",まず「水溶性・非水溶性の違い」は、第4類危険物には、水溶性のものと非水溶性のものがある。水に溶けることと引火危険がないことは同じではない。 水溶性の第4類危険物でも、引火危険があるものがある。水に溶けることは不燃性を意味しない。 火災・消火・漏えいでは「第4類共通性質」の文脈で繰り返し問われます。,アセトアルデヒド;アセトン;アニリン,,B,水に溶けるかと燃えるかを混同しない。 非水溶性液体火災では注水方法に注意。 誤り。水溶性でも引火危険はある。 誤り。水に浮くものもある。,水溶性・非水溶性の違いとは？危険物取扱者試験（乙種第4類）で押さえる意味・試験ポイント,このページでは、火災・消火・漏えい分野の「水溶性・非水溶性の違い」を、試験に出る形で整理します。ひとことで言うと、第4類危険物には、水溶性のものと非水溶性のものがある。水に溶けることと引火危険がないことは同じではない。下の目次の順に読むと、定義から演習のポイントまでつながって理解できます。,"水溶性・非水溶性の違いは、第4類危険物には、水溶性のものと非水溶性のものがある。水に溶けることと引火危険がないことは同じではない。 水溶性の第4類危険物でも、引火危険があるものがある。水に溶けることは不燃性を意味しない。

試験では、非水溶性液体火災では注水方法に注意点が問われます。

誤り。水溶性でも引火危険はある。

誤り。水に浮くものもある。

誤り。すべてが水に溶けるわけではない。

誤り。酸素を放出する性質ではない。

水に溶けるかと燃えるかを混同しない。

非水溶性液体火災では注水方法に注意。

よくある誤りは、水に溶けるかと燃えるかを混同しない。

火災・消火・漏えいでは「アセトアルデヒド」「アセトン」など近い用語とセットで出題されます。定義・数値・主体の違いを表で対比し、水溶性・非水溶性の違いだけの特徴を一言で言えるようにしてください。

水溶性液体でも引火危険があるものがある。

非水溶性で水より軽い液体では、棒状注水により燃焼液面を広げるおそれがある。",非水溶性液体火災では注水方法に注意。,水に溶けるかと燃えるかを混同しない。,"「水溶性・非水溶性の違い」は、火災・消火・漏えいの頻出語です。

整理のコツ：関連する「アセトアルデヒド」「アセトン」「アニリン」と、「同じ点・違う点」を表に書き出し、水溶性・非水溶性の違いだけの特徴を一行で言えるようにします。

覚え方：間違えたら「水に溶けるかと燃えるかを混同しない」のパターンか確認し、同じ型の誤りが出た問題を2問だけ繰り返します。

復習のしかた：丸暗記より、選択肢の「誤り。」の理由を声に出して説明できるかを目標にします。",第4類危険物の水溶性・非水溶性について、「水に溶けるものと水に溶けにくいものがある。」は正しい。,○。正しい。,水溶性・非水溶性の違いとは何ですか？,水溶性・非水溶性の違いは、第4類危険物には、水溶性のものと非水溶性のものがある。 たとえば、危険物の性質（水溶性か、蒸気がたまりやすいか）に合った消火・漏えい対策かどうかが、正誤の判断ポイントになります。 試験では、非水溶性液体火災では注水方法に注意点を押さえると得点源になります。,水溶性・非水溶性の違いは試験でどんなふうに問われますか？,非水溶性液体火災では注水方法に注意。,水溶性・非水溶性の違いで間違えやすい点は？,水に溶けるかと燃えるかを混同しない。,水溶性・非水溶性の違いと「アセトアルデヒド」「アセトン」の違いは？,「アセトアルデヒド」「アセトン」は意味や数値・適用場面が異なります。用語ページの比較表と演習で、水溶性・非水溶性の違いだけのポイントを確認してください。
沸点と圧力の関係,ふってんとあつりょくのかんけい,物性・化学,物性・化学;乙4;頻出;詳細記事;実践演習連動;一問一答連動,"沸点と圧力の関係は、一般に、外圧が低くなると液体の沸点は下がる傾向がある。

たとえば、引火点・沸点・密度など、数字と単位をセットで覚えると、選択肢の数値の当たり外れを見分けやすくなります。

試験では、定義を一文で説明できる点を押さえると得点源になります。",まず「沸点と圧力の関係」は、一般に、外圧が低くなると液体の沸点は下がる傾向がある。沸騰は蒸気圧と外圧の関係で起こる。 標高が高くなると外圧が低くなり、一般に水の沸点は下がる。 物性・化学では「物質の状態」の文脈で繰り返し問われます。,pH;アルカリの性質;アルコール類の基礎,,B,誤り。圧力と沸点は関係する。 誤り。必ず固体になるわけではない。 誤り。必ず0 ℃になるわけではない。,沸点と圧力の関係とは？危険物取扱者試験（乙種第4類）で押さえる意味・試験ポイント,このページでは、物性・化学分野の「沸点と圧力の関係」を、試験に出る形で整理します。ひとことで言うと、一般に、外圧が低くなると液体の沸点は下がる傾向がある。沸騰は蒸気圧と外圧の関係で起こる。下の目次の順に読むと、定義から演習のポイントまでつながって理解できます。,"沸点と圧力の関係は、一般に、外圧が低くなると液体の沸点は下がる傾向がある。沸騰は蒸気圧と外圧の関係で起こる。 標高が高くなると外圧が低くなり、一般に水の沸点は下がる。

誤り。圧力と沸点は関係する。

誤り。必ず固体になるわけではない。

誤り。必ず0 ℃になるわけではない。

誤り。無限大にはならない。

物性・化学では「pH」「アルカリの性質」など近い用語とセットで出題されます。定義・数値・主体の違いを表で対比し、沸点と圧力の関係だけの特徴を一言で言えるようにしてください。",定義を一文で説明できる。;適用する場面（製造・貯蔵・取扱・消火）を挙げられる。;関連する法令名を意識できる。,類似語と混同する。;数字や条件を取り違える。;すべての危険物に当てはめる。,"「沸点と圧力の関係」は、物性・化学の頻出語です。

整理のコツ：関連する「pH」「アルカリの性質」「アルコール類の基礎」と、「同じ点・違う点」を表に書き出し、沸点と圧力の関係だけの特徴を一行で言えるようにします。

覚え方：間違えたら「類似語と混同する」のパターンか確認し、同じ型の誤りが出た問題を2問だけ繰り返します。

復習のしかた：丸暗記より、選択肢の「誤り。」の理由を声に出して説明できるかを目標にします。",圧力と沸点の関係について、一般に正しいものについて、「外圧が高くなると、沸点は必ず0 ℃になる。」は正しい。,×。誤り。,沸点と圧力の関係とは何ですか？,沸点と圧力の関係は、一般に、外圧が低くなると液体の沸点は下がる傾向がある。 たとえば、引火点・沸点・密度など、数字と単位をセットで覚えると、選択肢の数値の当たり外れを見分けやすくなります。 試験では、定義を一文で説明できる点を押さえると得点源になります。,沸点と圧力の関係は試験でどんなふうに問われますか？,定義を一文で説明できる。適用する場面（製造・貯蔵・取扱・消火）を挙げられる。関連する法令名を意識できる。,沸点と圧力の関係で間違えやすい点は？,類似語と混同する。数字や条件を取り違える。,沸点と圧力の関係と「pH」「アルカリの性質」の違いは？,「pH」「アルカリの性質」は意味や数値・適用場面が異なります。用語ページの比較表と演習で、沸点と圧力の関係だけのポイントを確認してください。
法令分野の複合,ほうれいぶんやのふくごう,法令・制度,法令・制度;乙4;頻出;詳細記事;実践演習連動;一問一答連動,"法令分野の複合は、指定数量、製造所等、危険物取扱者制度はいずれも危険物の安全な取扱い、貯蔵、管理に関係する法令上の重要論点である。

たとえば、ガソリン（非水溶性）は200 L、アセトン（水溶性）は400 Lのように、品名ごとに数値が決まります。

試験では、法令分野は指定数量・施設・資格制度を関連づけて理解する点を押さえると得点源になります。",まず「法令分野の複合」は、指定数量、製造所等、危険物取扱者制度はいずれも危険物の安全な取扱い、貯蔵、管理に関係する法令上の重要論点である。 製造所等は、製造所、貯蔵所、取扱所の総称である。給油取扱所は取扱所、屋外タンク貯蔵所は貯蔵所である。 法令・制度では「総合問題」の文脈で繰り返し問われます。,総合問題;法令分野の複合・ひっかけ問題,消防法,B,法令分野は指定数量・施設・資格制度を関連づけて理解する。 乙4免状で全類を扱えるわけではない。 貯蔵所と取扱所の代表例を混同しない。 誤り。標識や掲示板は設置が必要です場合がある。,法令分野の複合とは？危険物取扱者試験（乙種第4類）で押さえる意味・試験ポイント,このページでは、法令・制度分野の「法令分野の複合」を、試験に出る形で整理します。ひとことで言うと、指定数量、製造所等、危険物取扱者制度はいずれも危険物の安全な取扱い、貯蔵、管理に関係する法令上の重要論点である。下の目次の順に読むと、定義から演習のポイントまでつながって理解できます。,"法令分野の複合は、指定数量、製造所等、危険物取扱者制度はいずれも危険物の安全な取扱い、貯蔵、管理に関係する法令上の重要論点である。 製造所等は、製造所、貯蔵所、取扱所の総称である。給油取扱所は取扱所、屋外タンク貯蔵所は貯蔵所である。

試験では、法令分野は指定数量・施設・資格制度を関連づけて理解する。施設許可・資格・指定数量を分けて理解する。また、施設の制度と人の資格制度を区別する点も押さえます。

誤り。標識や掲示板は設置が必要です場合がある。

誤り。製造所等は製造所・貯蔵所・取扱所を指します。

誤り。乙4は第4類危険物が対象である。

誤り。指定数量は危険物の危険性を判断する基準数量である。

法令分野は指定数量・施設・資格制度を関連づけて理解する。

乙4免状で全類を扱えるわけではない。

貯蔵所と取扱所の代表例を混同しない。

よくある誤りは、乙4免状で全類を扱えるわけではない。貯蔵所と取扱所の代表例を混同しない。『誤っているもの』を選ぶ問題では問い方を確認する。

法令・制度では「総合問題」「法令分野の複合・ひっかけ問題」など近い用語とセットで出題されます。定義・数値・主体の違いを表で対比し、法令分野の複合だけの特徴を一言で言えるようにしてください。

乙種第4類免状で取り扱えるのは第4類危険物であり、すべての類の危険物を取り扱えるわけではない。

危険物法令では、施設の許可、取扱者の資格、指定数量などを別々の論点として整理する必要がある。

誤り。標識や掲示板は設置が必要です場合がある。

誤り。製造所等は製造所・貯蔵所・取扱所を指します。",法令分野は指定数量・施設・資格制度を関連づけて理解する。;施設許可・資格・指定数量を分けて理解する。;施設の制度と人の資格制度を区別する。,乙4免状で全類を扱えるわけではない。;貯蔵所と取扱所の代表例を混同しない。;『誤っているもの』を選ぶ問題では問い方を確認する。;免状があれば施設許可不要、という誤解に注意。;免状があれば施設許可が不要になる、とは考えない。,"「法令分野の複合」は、法令・制度の頻出語です。

整理のコツ：関連する「総合問題」「法令分野の複合・ひっかけ問題」と、「同じ点・違う点」を表に書き出し、法令分野の複合だけの特徴を一行で言えるようにします。

覚え方：間違えたら「乙4免状で全類を扱えるわけではない」のパターンか確認し、同じ型の誤りが出た問題を2問だけ繰り返します。

復習のしかた：丸暗記より、選択肢の「誤り。」の理由を声に出して説明できるかを目標にします。",危険物に関する法令の説明として、最も適切なものについて、「指定数量、製造所等、危険物取扱者制度は、いずれも危険物の安全な取扱いに関係する。」は正しい。,○。正しい。,法令分野の複合とは何ですか？,法令分野の複合は、指定数量、製造所等、危険物取扱者制度はいずれも危険物の安全な取扱い、貯蔵、管理に関係する法令上の重要論点である。 たとえば、ガソリン（非水溶性）は200 L、アセトン（水溶性）は400 Lのように、品名ごとに数値が決まります。 試験では、法令分野は指定数量・施設・資格制度を関連づけて理解する点を押さえると得点源になります。,法令分野の複合は試験でどんなふうに問われますか？,法令分野は指定数量・施設・資格制度を関連づけて理解する。施設許可・資格・指定数量を分けて理解する。施設の制度と人の資格制度を区別する。,法令分野の複合で間違えやすい点は？,乙4免状で全類を扱えるわけではない。貯蔵所と取扱所の代表例を混同しない。,法令分野の複合と「総合問題」「法令分野の複合・ひっかけ問題」の違いは？,「総合問題」「法令分野の複合・ひっかけ問題」は意味や数値・適用場面が異なります。用語ページの比較表と演習で、法令分野の複合だけのポイントを確認してください。
法令分野の複合・ひっかけ問題,ほうれいぶんやのふくごう・ひっかけもんだい,法令・制度,法令・制度;乙4;頻出;詳細記事;実践演習連動;一問一答連動,"法令分野の複合・ひっかけ問題は、指定数量、製造所等、危険物取扱者制度はいずれも危険物の安全な取扱い、貯蔵、管理に関係する法令上の重要論点である。

たとえば、ガソリン（非水溶性）は200 L、アセトン（水溶性）は400 Lのように、品名ごとに数値が決まります。

試験では、法令分野は指定数量・施設・資格制度を関連づけて理解する点を押さえると得点源になります。",まず「法令分野の複合・ひっかけ問題」は、指定数量、製造所等、危険物取扱者制度はいずれも危険物の安全な取扱い、貯蔵、管理に関係する法令上の重要論点である。 製造所等は、製造所、貯蔵所、取扱所の総称である。給油取扱所は取扱所、屋外タンク貯蔵所は貯蔵所である。 法令・制度では「総合問題」の文脈で繰り返し問われます。,セルフ式給油取扱所の基準;一般取扱所の基準;丙種の違い,消防法,B,法令分野は指定数量・施設・資格制度を関連づけて理解する。 乙4免状で全類を扱えるわけではない。 貯蔵所と取扱所の代表例を混同しない。 誤り。標識や掲示板は設置が必要です場合がある。,法令分野の複合・ひっかけ問題とは？危険物取扱者試験（乙種第4類）で押さえる意味・試験ポイント,このページでは、法令・制度分野の「法令分野の複合・ひっかけ問題」を、試験に出る形で整理します。ひとことで言うと、指定数量、製造所等、危険物取扱者制度はいずれも危険物の安全な取扱い、貯蔵、管理に関係する法令上の重要論点である。下の目次の順に読むと、定義から演習のポイントまでつながって理解できます。,"法令分野の複合・ひっかけ問題は、指定数量、製造所等、危険物取扱者制度はいずれも危険物の安全な取扱い、貯蔵、管理に関係する法令上の重要論点である。 製造所等は、製造所、貯蔵所、取扱所の総称である。給油取扱所は取扱所、屋外タンク貯蔵所は貯蔵所である。

試験では、法令分野は指定数量・施設・資格制度を関連づけて理解する。施設許可・資格・指定数量を分けて理解する。また、施設の制度と人の資格制度を区別する点も押さえます。

誤り。標識や掲示板は設置が必要です場合がある。

誤り。製造所等は製造所・貯蔵所・取扱所を指します。

誤り。乙4は第4類危険物が対象である。

誤り。指定数量は危険物の危険性を判断する基準数量である。

法令分野は指定数量・施設・資格制度を関連づけて理解する。

乙4免状で全類を扱えるわけではない。

貯蔵所と取扱所の代表例を混同しない。

よくある誤りは、乙4免状で全類を扱えるわけではない。貯蔵所と取扱所の代表例を混同しない。『誤っているもの』を選ぶ問題では問い方を確認する。

法令・制度では「セルフ式給油取扱所の基準」「一般取扱所の基準」など近い用語とセットで出題されます。定義・数値・主体の違いを表で対比し、法令分野の複合・ひっかけ問題だけの特徴を一言で言えるようにしてください。

乙種第4類免状で取り扱えるのは第4類危険物であり、すべての類の危険物を取り扱えるわけではない。

危険物法令では、施設の許可、取扱者の資格、指定数量などを別々の論点として整理する必要がある。

誤り。標識や掲示板は設置が必要です場合がある。

誤り。製造所等は製造所・貯蔵所・取扱所を指します。",法令分野は指定数量・施設・資格制度を関連づけて理解する。;施設許可・資格・指定数量を分けて理解する。;施設の制度と人の資格制度を区別する。,乙4免状で全類を扱えるわけではない。;貯蔵所と取扱所の代表例を混同しない。;『誤っているもの』を選ぶ問題では問い方を確認する。;免状があれば施設許可不要、という誤解に注意。;免状があれば施設許可が不要になる、とは考えない。,"「法令分野の複合・ひっかけ問題」は、法令・制度の頻出語です。

整理のコツ：関連する「セルフ式給油取扱所の基準」「一般取扱所の基準」「丙種の違い」と、「同じ点・違う点」を表に書き出し、法令分野の複合・ひっかけ問題だけの特徴を一行で言えるようにします。

覚え方：間違えたら「乙4免状で全類を扱えるわけではない」のパターンか確認し、同じ型の誤りが出た問題を2問だけ繰り返します。

復習のしかた：丸暗記より、選択肢の「誤り。」の理由を声に出して説明できるかを目標にします。",危険物に関する法令の説明として、最も適切なものについて、「指定数量、製造所等、危険物取扱者制度は、いずれも危険物の安全な取扱いに関係する。」は正しい。,○。正しい。,法令分野の複合・ひっかけ問題とは何ですか？,法令分野の複合・ひっかけ問題は、指定数量、製造所等、危険物取扱者制度はいずれも危険物の安全な取扱い、貯蔵、管理に関係する法令上の重要論点である。 たとえば、ガソリン（非水溶性）は200 L、アセトン（水溶性）は400 Lのように、品名ごとに数値が決まります。 試験では、法令分野は指定数量・施設・資格制度を関連づけて理解する点を押さえると得点源になります。,法令分野の複合・ひっかけ問題は試験でどんなふうに問われますか？,法令分野は指定数量・施設・資格制度を関連づけて理解する。施設許可・資格・指定数量を分けて理解する。施設の制度と人の資格制度を区別する。,法令分野の複合・ひっかけ問題で間違えやすい点は？,乙4免状で全類を扱えるわけではない。貯蔵所と取扱所の代表例を混同しない。,法令分野の複合・ひっかけ問題と「セルフ式給油取扱所の基準」「一般取扱所の基準」の違いは？,「セルフ式給油取扱所の基準」「一般取扱所の基準」は意味や数値・適用場面が異なります。用語ページの比較表と演習で、法令分野の複合・ひっかけ問題だけのポイントを確認してください。
泡・二酸化炭素・粉末消火剤の基本作用,あわ・にさんかたんそ・ふんまつしょうかざいのきほんさよう,物性・化学,物性・化学;乙4;頻出;詳細記事;実践演習連動;一問一答連動,"泡・二酸化炭素・粉末消火剤の基本作用は、泡消火剤は液面を覆い、可燃性蒸気の発生や空気との接触を抑えることで消火に役立つ。

たとえば、危険物の性質（水溶性か、蒸気がたまりやすいか）に合った消火・漏えい対策かどうかが、正誤の判断ポイントになります。

試験では、定義を一文で説明できる点を押さえると得点源になります。",まず「泡・二酸化炭素・粉末消火剤の基本作用」は、泡消火剤は液面を覆い、可燃性蒸気の発生や空気との接触を抑えることで消火に役立つ。 正しい。泡消火の主な作用である。 泡消火剤は液面を覆い、可燃性蒸気の発生や空気との接触を抑えることで消火に役立つ。 物性・化学では「消火」の文脈で繰り返し問われます。,pH;アルカリの性質;アルコール類の基礎,,B,誤り。水に溶かすことが目的ではない。 誤り。かき混ぜると危険である。 誤り。酸素供給は燃焼を助ける。,泡・二酸化炭素・粉末消火剤の基本作用とは？危険物取扱者試験（乙種第4類）で押さえる意味・試験ポイント,このページでは、物性・化学分野の「泡・二酸化炭素・粉末消火剤の基本作用」を、試験に出る形で整理します。ひとことで言うと、泡消火剤は液面を覆い、可燃性蒸気の発生や空気との接触を抑えることで消火に役立つ。下の目次の順に読むと、定義から演習のポイントまでつながって理解できます。,"泡・二酸化炭素・粉末消火剤の基本作用は、泡消火剤は液面を覆い、可燃性蒸気の発生や空気との接触を抑えることで消火に役立つ。

誤り。水に溶かすことが目的ではない。

誤り。かき混ぜると危険である。

誤り。酸素供給は燃焼を助ける。

誤り。指定数量を変えない。

物性・化学では「pH」「アルカリの性質」など近い用語とセットで出題されます。定義・数値・主体の違いを表で対比し、泡・二酸化炭素・粉末消火剤の基本作用だけの特徴を一言で言えるようにしてください。",定義を一文で説明できる。;適用する場面（製造・貯蔵・取扱・消火）を挙げられる。;関連する法令名を意識できる。,類似語と混同する。;数字や条件を取り違える。;すべての危険物に当てはめる。,"「泡・二酸化炭素・粉末消火剤の基本作用」は、物性・化学の頻出語です。

整理のコツ：関連する「pH」「アルカリの性質」「アルコール類の基礎」と、「同じ点・違う点」を表に書き出し、泡・二酸化炭素・粉末消火剤の基本作用だけの特徴を一行で言えるようにします。

覚え方：間違えたら「類似語と混同する」のパターンか確認し、同じ型の誤りが出た問題を2問だけ繰り返します。

復習のしかた：丸暗記より、選択肢の「誤り。」の理由を声に出して説明できるかを目標にします。",泡消火剤の主な作用について、「液面を覆い、可燃性蒸気の発生や空気との接触を抑える。」は正しい。,○。正しい。,泡・二酸化炭素・粉末消火剤の基本作用とは何ですか？,泡・二酸化炭素・粉末消火剤の基本作用は、泡消火剤は液面を覆い、可燃性蒸気の発生や空気との接触を抑えることで消火に役立つ。 たとえば、危険物の性質（水溶性か、蒸気がたまりやすいか）に合った消火・漏えい対策かどうかが、正誤の判断ポイントになります。 試験では、定義を一文で説明できる点を押さえると得点源になります。,泡・二酸化炭素・粉末消火剤の基本作用は試験でどんなふうに問われますか？,定義を一文で説明できる。適用する場面（製造・貯蔵・取扱・消火）を挙げられる。関連する法令名を意識できる。,泡・二酸化炭素・粉末消火剤の基本作用で間違えやすい点は？,類似語と混同する。数字や条件を取り違える。,泡・二酸化炭素・粉末消火剤の基本作用と「pH」「アルカリの性質」の違いは？,「pH」「アルカリの性質」は意味や数値・適用場面が異なります。用語ページの比較表と演習で、泡・二酸化炭素・粉末消火剤の基本作用だけのポイントを確認してください。
泡・二酸化炭素・粉末消火剤の適用,あわ・にさんかたんそ・ふんまつしょうかざいのてきよう,火災・消火・漏えい,火災・消火・漏えい;乙4;頻出;詳細記事;実践演習連動;一問一答連動,"泡・二酸化炭素・粉末消火剤の適用は、第4類危険物火災では、泡消火剤、二酸化炭素消火剤、粉末消火剤などが用いられる。

たとえば、危険物の性質（水溶性か、蒸気がたまりやすいか）に合った消火・漏えい対策かどうかが、正誤の判断ポイントになります。

試験では、第4類火災では泡・二酸化炭素・粉末が重要点を押さえると得点源になります。",まず「泡・二酸化炭素・粉末消火剤の適用」は、第4類危険物火災では、泡消火剤、二酸化炭素消火剤、粉末消火剤などが用いられる。酸素や火花、可燃性蒸気は危険を高める。 二酸化炭素消火剤は、酸素濃度を下げる窒息効果により消火する。 火災・消火・漏えいでは「消火方法」の文脈で繰り返し問われます。,アセトアルデヒド;アセトン;アニリン,,B,第4類火災では泡・二酸化炭素・粉末が重要。 第4類火災では蒸気と空気接触を抑える。 誤り。酸素は燃焼を助ける。 誤り。ガソリンは燃料である。,泡・二酸化炭素・粉末消火剤の適用とは？危険物取扱者試験（乙種第4類）で押さえる意味・試験ポイント,このページでは、火災・消火・漏えい分野の「泡・二酸化炭素・粉末消火剤の適用」を、試験に出る形で整理します。ひとことで言うと、第4類危険物火災では、泡消火剤、二酸化炭素消火剤、粉末消火剤などが用いられる。酸素や火花、可燃性蒸気は危険を高める。下の目次の順に読むと、定義から演習のポイントまでつながって理解できます。,"泡・二酸化炭素・粉末消火剤の適用は、第4類危険物火災では、泡消火剤、二酸化炭素消火剤、粉末消火剤などが用いられる。酸素や火花、可燃性蒸気は危険を高める。 二酸化炭素消火剤は、酸素濃度を下げる窒息効果により消火する。

試験では、第4類火災では泡・二酸化炭素・粉末が重要点が問われます。

誤り。酸素は燃焼を助ける。

誤り。ガソリンは燃料である。

誤り。火花は着火源である。

誤り。可燃性蒸気は引火危険を高める。

第4類火災では泡・二酸化炭素・粉末が重要。

第4類火災では蒸気と空気接触を抑える。

よくある誤りは、第4類火災では蒸気と空気接触を抑える。

火災・消火・漏えいでは「アセトアルデヒド」「アセトン」など近い用語とセットで出題されます。定義・数値・主体の違いを表で対比し、泡・二酸化炭素・粉末消火剤の適用だけの特徴を一言で言えるようにしてください。

粉末消火剤は、燃焼反応の抑制などにより消火に用いられる。

泡消火剤は液面を覆い、可燃性蒸気の発生や空気との接触を抑える。",第4類火災では泡・二酸化炭素・粉末が重要。,第4類火災では蒸気と空気接触を抑える。,"「泡・二酸化炭素・粉末消火剤の適用」は、火災・消火・漏えいの頻出語です。

整理のコツ：関連する「アセトアルデヒド」「アセトン」「アニリン」と、「同じ点・違う点」を表に書き出し、泡・二酸化炭素・粉末消火剤の適用だけの特徴を一行で言えるようにします。

覚え方：間違えたら「第4類火災では蒸気と空気接触を抑える」のパターンか確認し、同じ型の誤りが出た問題を2問だけ繰り返します。

復習のしかた：丸暗記より、選択肢の「誤り。」の理由を声に出して説明できるかを目標にします。",第4類危険物火災に用いられる消火剤として、一般に適切なものについて、「ガソリン」は正しい。,×。誤り。,泡・二酸化炭素・粉末消火剤の適用とは何ですか？,泡・二酸化炭素・粉末消火剤の適用は、第4類危険物火災では、泡消火剤、二酸化炭素消火剤、粉末消火剤などが用いられる。 たとえば、危険物の性質（水溶性か、蒸気がたまりやすいか）に合った消火・漏えい対策かどうかが、正誤の判断ポイントになります。 試験では、第4類火災では泡・二酸化炭素・粉末が重要点を押さえると得点源になります。,泡・二酸化炭素・粉末消火剤の適用は試験でどんなふうに問われますか？,第4類火災では泡・二酸化炭素・粉末が重要。,泡・二酸化炭素・粉末消火剤の適用で間違えやすい点は？,第4類火災では蒸気と空気接触を抑える。,泡・二酸化炭素・粉末消火剤の適用と「アセトアルデヒド」「アセトン」の違いは？,「アセトアルデヒド」「アセトン」は意味や数値・適用場面が異なります。用語ページの比較表と演習で、泡・二酸化炭素・粉末消火剤の適用だけのポイントを確認してください。
泡消火,あわしょうか,火災・消火・漏えい,火災・消火・漏えい;乙4;頻出;詳細記事;実践演習連動;一問一答連動,"泡消火は、泡消火剤や二酸化炭素消火剤は窒息効果を利用する。

たとえば、非水溶性の石油類の火災で有効なことが多く、水溶性液体だけに使えるわけではありません。

試験では、非水溶性の第4類火災では泡消火が重要点を押さえると得点源になります。",まず「泡消火」は、泡消火剤や二酸化炭素消火剤は窒息効果を利用する。 非水溶性の第4類危険物火災では、泡で液面を覆い、可燃性蒸気の発生と酸素供給を抑える方法が有効である。流出拡大や火気使用は危険である。 火災・消火・漏えいでは「消火」の文脈で繰り返し問われます。,消火;窒息消火;物質別の消火方法,,A,除去消火・冷却消火との違いを区別する。 非水溶性の第4類火災では泡消火が重要。 水溶性液体では耐アルコール泡などの区別が必要になる。 誤り。静電気は着火源となる危険がある。,泡消火とは？危険物取扱者試験（乙種第4類）で押さえる意味・試験ポイント,火災・消火・漏えい分野の「泡消火」は、泡消火剤や二酸化炭素消火剤は窒息効果を利用する。試験では定義の言い換えと数値・主体の区別がセットで問われます。,"泡消火は、泡消火剤や二酸化炭素消火剤は窒息効果を利用する。 窒息消火は、酸素の供給を断つことで燃焼を止める方法である。泡消火剤や二酸化炭素消火剤は窒息効果を利用する。

試験では、非水溶性の第4類火災では泡消火が重要点が問われます。

誤り。静電気は着火源となる危険がある。

誤り。温度を下げる方法は冷却消火である。

誤り。可燃物を取り除く方法は除去消火である。

誤り。可燃性蒸気を増やすことは危険を高める。

除去消火・冷却消火との違いを区別する。

非水溶性の第4類火災では泡消火が重要。

水溶性液体では耐アルコール泡などの区別が必要になる。

よくある誤りは、除去消火・冷却消火との違いを区別する。水溶性液体では耐アルコール泡などの区別が必要になる。

火災・消火・漏えいでは「消火」「窒息消火」など近い用語とセットで出題されます。定義・数値・主体の違いを表で対比し、泡消火だけの特徴を一言で言えるようにしてください。

非水溶性の第4類危険物火災では、泡で液面を覆い、可燃性蒸気の発生と酸素供給を抑える方法が有効である。",非水溶性の第4類火災では泡消火が重要。,除去消火・冷却消火との違いを区別する。;水溶性液体では耐アルコール泡などの区別が必要になる。,"「泡消火」は、火災・消火・漏えいの頻出語です。

整理のコツ：関連する「消火」「窒息消火」「物質別の消火方法」と、「同じ点・違う点」を表に書き出し、泡消火だけの特徴を一行で言えるようにします。

覚え方：間違えたら「除去消火・冷却消火との違いを区別する」のパターンか確認し、同じ型の誤りが出た問題を2問だけ繰り返します。

復習のしかた：丸暗記より、選択肢の「誤り。」の理由を声に出して説明できるかを目標にします。",窒息消火の説明について、「酸素の供給を断って燃焼を止める方法である。」は正しい。,○。正しい。,泡消火とは何ですか？,泡消火は、泡消火剤や二酸化炭素消火剤は窒息効果を利用する。 たとえば、非水溶性の石油類の火災で有効なことが多く、水溶性液体だけに使えるわけではありません。 試験では、非水溶性の第4類火災では泡消火が重要点を押さえると得点源になります。,泡消火は試験でどんなふうに問われますか？,非水溶性の第4類火災では泡消火が重要。,泡消火で間違えやすい点は？,除去消火・冷却消火との違いを区別する。水溶性液体では耐アルコール泡などの区別が必要になる。,泡消火と「消火」「窒息消火」の違いは？,「消火」「窒息消火」は意味や数値・適用場面が異なります。用語ページの比較表と演習で、泡消火だけのポイントを確認してください。
泡消火剤,あわしょうかざい,火災・消火・漏えい,火災・消火・漏えい;乙4;頻出;詳細記事;実践演習連動;一問一答連動,"泡消火剤は、泡消火剤や二酸化炭素消火剤は窒息効果を利用する。

たとえば、危険物の性質（水溶性か、蒸気がたまりやすいか）に合った消火・漏えい対策かどうかが、正誤の判断ポイントになります。

試験では、第4類火災では泡・二酸化炭素・粉末が重要点を押さえると得点源になります。",まず「泡消火剤」は、泡消火剤や二酸化炭素消火剤は窒息効果を利用する。 第4類危険物火災では、泡消火剤、二酸化炭素消火剤、粉末消火剤などが用いられる。酸素や火花、可燃性蒸気は危険を高める。 火災・消火・漏えいでは「消火」の文脈で繰り返し問われます。,消火;窒息消火;消火方法,,B,除去消火・冷却消火との違いを区別する。 第4類火災では泡・二酸化炭素・粉末が重要。 誤り。静電気は着火源となる危険がある。 誤り。温度を下げる方法は冷却消火である。,泡消火剤とは？危険物取扱者試験（乙種第4類）で押さえる意味・試験ポイント,火災・消火・漏えい分野の「泡消火剤」は、泡消火剤や二酸化炭素消火剤は窒息効果を利用する。試験では定義の言い換えと数値・主体の区別がセットで問われます。,"泡消火剤は、泡消火剤や二酸化炭素消火剤は窒息効果を利用する。 窒息消火は、酸素の供給を断つことで燃焼を止める方法である。泡消火剤や二酸化炭素消火剤は窒息効果を利用する。

試験では、第4類火災では泡・二酸化炭素・粉末が重要点が問われます。

誤り。静電気は着火源となる危険がある。

誤り。温度を下げる方法は冷却消火である。

誤り。可燃物を取り除く方法は除去消火である。

誤り。可燃性蒸気を増やすことは危険を高める。

除去消火・冷却消火との違いを区別する。

第4類火災では泡・二酸化炭素・粉末が重要。

よくある誤りは、除去消火・冷却消火との違いを区別する。

火災・消火・漏えいでは「消火」「窒息消火」など近い用語とセットで出題されます。定義・数値・主体の違いを表で対比し、泡消火剤だけの特徴を一言で言えるようにしてください。

第4類危険物火災では、泡消火剤、二酸化炭素消火剤、粉末消火剤などが用いられる。

酸素や火花、可燃性蒸気は危険を高める。",第4類火災では泡・二酸化炭素・粉末が重要。,除去消火・冷却消火との違いを区別する。,"「泡消火剤」は、火災・消火・漏えいの頻出語です。

整理のコツ：関連する「消火」「窒息消火」「消火方法」と、「同じ点・違う点」を表に書き出し、泡消火剤だけの特徴を一行で言えるようにします。

覚え方：間違えたら「除去消火・冷却消火との違いを区別する」のパターンか確認し、同じ型の誤りが出た問題を2問だけ繰り返します。

復習のしかた：丸暗記より、選択肢の「誤り。」の理由を声に出して説明できるかを目標にします。",窒息消火の説明について、「酸素の供給を断って燃焼を止める方法である。」は正しい。,○。正しい。,泡消火剤とは何ですか？,泡消火剤は、泡消火剤や二酸化炭素消火剤は窒息効果を利用する。 たとえば、危険物の性質（水溶性か、蒸気がたまりやすいか）に合った消火・漏えい対策かどうかが、正誤の判断ポイントになります。 試験では、第4類火災では泡・二酸化炭素・粉末が重要点を押さえると得点源になります。,泡消火剤は試験でどんなふうに問われますか？,第4類火災では泡・二酸化炭素・粉末が重要。,泡消火剤で間違えやすい点は？,除去消火・冷却消火との違いを区別する。,泡消火剤と「消火」「窒息消火」の違いは？,「消火」「窒息消火」は意味や数値・適用場面が異なります。用語ページの比較表と演習で、泡消火剤だけのポイントを確認してください。
注意事項,ちゅういじこう,法令・制度,法令・制度;乙4;頻出;詳細記事;実践演習連動;一問一答連動,"注意事項は、第4類危険物は引火性液体であり、火気を避けることが重要であるため、火気厳禁などの注意事項が関係する。

たとえば、条文では「消防法で定める」「政令で定める」「施行令で定める」のように、どの法令に書かれているかを選ぶ問題がよく出ます。

試験では、定義を一文で説明できる点を押さえると得点源になります。",まず「注意事項」は、第4類危険物は引火性液体であり、火気を避けることが重要であるため、火気厳禁などの注意事項が関係する。 法令・制度では「標識・掲示板」の文脈で繰り返し問われます。,掲示内容・注意事項;標識・掲示板;掲示内容,消防法,B,掲示内容は危険物の性質と結びつけて覚える。 水中保管など他類のイメージと混同しない。 誤り。喫煙は火気となり危険である。 誤り。危険物を投棄してよいわけではない。,注意事項とは？危険物取扱者試験（乙種第4類）で押さえる意味・試験ポイント,このページでは、法令・制度分野の「注意事項」を、試験に出る形で整理します。ひとことで言うと、第4類危険物は引火性液体であり、火気を避けることが重要であるため、火気厳禁などの注意事項が関係する。下の目次の順に読むと、定義から演習のポイントまでつながって理解できます。,"注意事項は、第4類危険物は引火性液体であり、火気を避けることが重要であるため、火気厳禁などの注意事項が関係する。 危険物施設では、取り扱う危険物の性質に応じて、火気厳禁などの注意事項を掲示することがある。

誤り。喫煙は火気となり危険である。

誤り。危険物を投棄してよいわけではない。

誤り。飲食自由は危険物施設の注意事項として不適切である。

誤り。可燃性蒸気の滞留防止には換気が重要である。

掲示内容は危険物の性質と結びつけて覚える。

水中保管など他類のイメージと混同しない。

よくある誤りは、掲示内容は危険物の性質と結びつけて覚える。水中保管など他類のイメージと混同しない。

法令・制度では「掲示内容・注意事項」「標識・掲示板」など近い用語とセットで出題されます。定義・数値・主体の違いを表で対比し、注意事項だけの特徴を一言で言えるようにしてください。

第4類危険物は引火性液体であり、火気厳禁が重要である。",定義を一文で説明できる。;適用する場面（製造・貯蔵・取扱・消火）を挙げられる。;関連する法令名を意識できる。,掲示内容は危険物の性質と結びつけて覚える。;水中保管など他類のイメージと混同しない。,"「注意事項」は、法令・制度の頻出語です。

整理のコツ：関連する「掲示内容・注意事項」「標識・掲示板」「掲示内容」と、「同じ点・違う点」を表に書き出し、注意事項だけの特徴を一行で言えるようにします。

覚え方：間違えたら「掲示内容は危険物の性質と結びつけて覚える」のパターンか確認し、同じ型の誤りが出た問題を2問だけ繰り返します。

復習のしかた：丸暗記より、選択肢の「誤り。」の理由を声に出して説明できるかを目標にします。",危険物施設の掲示板に表示される注意事項として、適切なものについて、「火気厳禁」は正しい。,○。正しい。,注意事項とは何ですか？,注意事項は、第4類危険物は引火性液体であり、火気を避けることが重要であるため、火気厳禁などの注意事項が関係する。 たとえば、条文では「消防法で定める」「政令で定める」「施行令で定める」のように、どの法令に書かれているかを選ぶ問題がよく出ます。 試験では、定義を一文で説明できる点を押さえると得点源になります。,注意事項は試験でどんなふうに問われますか？,定義を一文で説明できる。適用する場面（製造・貯蔵・取扱・消火）を挙げられる。関連する法令名を意識できる。,注意事項で間違えやすい点は？,掲示内容は危険物の性質と結びつけて覚える。水中保管など他類のイメージと混同しない。,注意事項と「掲示内容・注意事項」「標識・掲示板」の違いは？,「掲示内容・注意事項」「標識・掲示板」は意味や数値・適用場面が異なります。用語ページの比較表と演習で、注意事項だけのポイントを確認してください。
流出時の危険,りゅうしゅつときのきけん,火災・消火・漏えい,火災・消火・漏えい;乙4;頻出;詳細記事;実践演習連動;一問一答連動,"流出時の危険は、第4類危険物が漏えいした場合は、火気を避け、流出拡大を防ぎ、換気や回収など適切な措置を行う必要がある。

たとえば、危険物の性質（水溶性か、蒸気がたまりやすいか）に合った消火・漏えい対策かどうかが、正誤の判断ポイントになります。

試験では、漏えい時は火気厳禁・流出防止・回収点を押さえると得点源になります。",まず「流出時の危険」は、第4類危険物が漏えいした場合は、火気を避け、流出拡大を防ぎ、換気や回収など適切な措置を行う必要がある。 流出時は火気を避け、流出拡大を防ぎ、適切に回収する。 火災・消火・漏えいでは「火災予防」の文脈で繰り返し問われます。,火災予防;漏えい・流出時の危険;漏えい,,B,漏えい時は火気厳禁・流出防止・回収。 誤り。可燃性蒸気をためてはならない。 誤り。裸火は危険である。 誤り。排水溝へ流すのは危険である。,流出時の危険とは？危険物取扱者試験（乙種第4類）で押さえる意味・試験ポイント,このページでは、火災・消火・漏えい分野の「流出時の危険」を、試験に出る形で整理します。ひとことで言うと、第4類危険物が漏えいした場合は、火気を避け、流出拡大を防ぎ、換気や回収など適切な措置を行う必要がある。下の目次の順に読むと、定義から演習のポイントまでつながって理解できます。,"流出時の危険は、第4類危険物が漏えいした場合は、火気を避け、流出拡大を防ぎ、換気や回収など適切な措置を行う必要がある。 流出時は火気を避け、流出拡大を防ぎ、適切に回収する。

試験では、漏えい時は火気厳禁・流出防止・回収点が問われます。

誤り。可燃性蒸気をためてはならない。

誤り。裸火は危険である。

誤り。排水溝へ流すのは危険である。

誤り。喫煙は火気であり危険である。

漏えい時は火気厳禁・流出防止・回収。

火災・消火・漏えいでは「火災予防」「漏えい・流出時の危険」など近い用語とセットで出題されます。定義・数値・主体の違いを表で対比し、流出時の危険だけの特徴を一言で言えるようにしてください。",漏えい時は火気厳禁・流出防止・回収。,類似語と混同する。;数字や条件を取り違える。;すべての危険物に当てはめる。,"「流出時の危険」は、火災・消火・漏えいの頻出語です。

整理のコツ：関連する「火災予防」「漏えい・流出時の危険」「漏えい」と、「同じ点・違う点」を表に書き出し、流出時の危険だけの特徴を一行で言えるようにします。

覚え方：間違えたら「類似語と混同する」のパターンか確認し、同じ型の誤りが出た問題を2問だけ繰り返します。

復習のしかた：丸暗記より、選択肢の「誤り。」の理由を声に出して説明できるかを目標にします。",第4類危険物が漏えいした場合の対応として、適切なものについて、「漏えい箇所の周囲で喫煙する。」は正しい。,×。誤り。,流出時の危険とは何ですか？,流出時の危険は、第4類危険物が漏えいした場合は、火気を避け、流出拡大を防ぎ、換気や回収など適切な措置を行う必要がある。 たとえば、危険物の性質（水溶性か、蒸気がたまりやすいか）に合った消火・漏えい対策かどうかが、正誤の判断ポイントになります。 試験では、漏えい時は火気厳禁・流出防止・回収点を押さえると得点源になります。,流出時の危険は試験でどんなふうに問われますか？,漏えい時は火気厳禁・流出防止・回収。,流出時の危険で間違えやすい点は？,類似語と混同する。数字や条件を取り違える。,流出時の危険と「火災予防」「漏えい・流出時の危険」の違いは？,「火災予防」「漏えい・流出時の危険」は意味や数値・適用場面が異なります。用語ページの比較表と演習で、流出時の危険だけのポイントを確認してください。
流速・摩擦・乾燥と帯電,りゅうそく・まさつ・かんそうとたいでん,物性・化学,物性・化学;乙4;頻出;詳細記事;実践演習連動;一問一答連動,"流速・摩擦・乾燥と帯電は、液体が高速で流動したり、摩擦が起こったり、乾燥していたりすると、静電気が発生しやすくなる。

たとえば、引火点・沸点・密度など、数字と単位をセットで覚えると、選択肢の数値の当たり外れを見分けやすくなります。

試験では、高速流動・摩擦・乾燥は静電気発生に関係する点を押さえると得点源になります。",まず「流速・摩擦・乾燥と帯電」は、液体が高速で流動したり、摩擦が起こったり、乾燥していたりすると、静電気が発生しやすくなる。 誤り。流動や摩擦を抑えることは帯電防止に役立つ。 液体が高速で流動したり、摩擦が起こったり、乾燥していたりすると、静電気が発生しやすくなる。 物性・化学では「静電気」の文脈で繰り返し問われます。,pH;アルカリの性質;アルコール類の基礎,,B,高速流動・摩擦・乾燥は静電気発生に関係する。 誤り。接地は静電気対策である。 誤り。適切な湿度管理は帯電防止に役立つ場合がある。 誤り。流動や摩擦を抑えることは帯電防止に役立つ。,流速・摩擦・乾燥と帯電とは？危険物取扱者試験（乙種第4類）で押さえる意味・試験ポイント,このページでは、物性・化学分野の「流速・摩擦・乾燥と帯電」を、試験に出る形で整理します。ひとことで言うと、液体が高速で流動したり、摩擦が起こったり、乾燥していたりすると、静電気が発生しやすくなる。下の目次の順に読むと、定義から演習のポイントまでつながって理解できます。,"流速・摩擦・乾燥と帯電は、液体が高速で流動したり、摩擦が起こったり、乾燥していたりすると、静電気が発生しやすくなる。

試験では、高速流動・摩擦・乾燥は静電気発生に関係する点が問われます。

誤り。接地は静電気対策である。

誤り。適切な湿度管理は帯電防止に役立つ場合がある。

誤り。流動や摩擦を抑えることは帯電防止に役立つ。

誤り。換気は可燃性蒸気対策である。

高速流動・摩擦・乾燥は静電気発生に関係する。

物性・化学では「pH」「アルカリの性質」など近い用語とセットで出題されます。定義・数値・主体の違いを表で対比し、流速・摩擦・乾燥と帯電だけの特徴を一言で言えるようにしてください。",高速流動・摩擦・乾燥は静電気発生に関係する。,類似語と混同する。;数字や条件を取り違える。;すべての危険物に当てはめる。,"「流速・摩擦・乾燥と帯電」は、物性・化学の頻出語です。

整理のコツ：関連する「pH」「アルカリの性質」「アルコール類の基礎」と、「同じ点・違う点」を表に書き出し、流速・摩擦・乾燥と帯電だけの特徴を一行で言えるようにします。

覚え方：間違えたら「類似語と混同する」のパターンか確認し、同じ型の誤りが出た問題を2問だけ繰り返します。

復習のしかた：丸暗記より、選択肢の「誤り。」の理由を声に出して説明できるかを目標にします。",静電気が発生しやすい条件として、適切なものについて、「流動や摩擦をできるだけ抑える。」は正しい。,×。誤り。,流速・摩擦・乾燥と帯電とは何ですか？,流速・摩擦・乾燥と帯電は、液体が高速で流動したり、摩擦が起こったり、乾燥していたりすると、静電気が発生しやすくなる。 たとえば、引火点・沸点・密度など、数字と単位をセットで覚えると、選択肢の数値の当たり外れを見分けやすくなります。 試験では、高速流動・摩擦・乾燥は静電気発生に関係する点を押さえると得点源になります。,流速・摩擦・乾燥と帯電は試験でどんなふうに問われますか？,高速流動・摩擦・乾燥は静電気発生に関係する。,流速・摩擦・乾燥と帯電で間違えやすい点は？,類似語と混同する。数字や条件を取り違える。,流速・摩擦・乾燥と帯電と「pH」「アルカリの性質」の違いは？,「pH」「アルカリの性質」は意味や数値・適用場面が異なります。用語ページの比較表と演習で、流速・摩擦・乾燥と帯電だけのポイントを確認してください。
消火,しょうか,物性・化学,物性・化学;乙4;頻出;詳細記事;実践演習連動;一問一答連動,"消火は、窒息消火は、酸素の供給を断つことで燃焼を止める方法である。

たとえば、危険物の性質（水溶性か、蒸気がたまりやすいか）に合った消火・漏えい対策かどうかが、正誤の判断ポイントになります。

試験では、定義を一文で説明できる点を押さえると得点源になります。",まず「消火」は、窒息消火は、酸素の供給を断つことで燃焼を止める方法である。 除去消火は、燃焼している可燃物または周囲の可燃物を取り除くことで燃焼を止める方法である。 物性・化学では「消火」の文脈で繰り返し問われます。,窒息消火;除去消火;冷却消火,,B,除去消火・冷却消火との違いを区別する。 水による消火は冷却効果を利用することが多い。 除去・窒息・冷却だけでなく抑制も押さえる。 誤り。静電気は着火源となる危険がある。,消火とは？危険物取扱者試験（乙種第4類）で押さえる意味・試験ポイント,このページでは、物性・化学分野の「消火」を、試験に出る形で整理します。ひとことで言うと、窒息消火は、酸素の供給を断つことで燃焼を止める方法である。下の目次の順に読むと、定義から演習のポイントまでつながって理解できます。,"消火は、窒息消火は、酸素の供給を断つことで燃焼を止める方法である。 窒息消火は、酸素の供給を断つことで燃焼を止める方法である。泡消火剤や二酸化炭素消火剤は窒息効果を利用する。

誤り。静電気は着火源となる危険がある。

誤り。温度を下げる方法は冷却消火である。

誤り。可燃物を取り除く方法は除去消火である。

誤り。可燃性蒸気を増やすことは危険を高める。

除去消火・冷却消火との違いを区別する。

水による消火は冷却効果を利用することが多い。

除去・窒息・冷却だけでなく抑制も押さえる。

よくある誤りは、除去消火・冷却消火との違いを区別する。水による消火は冷却効果を利用することが多い。除去・窒息・冷却だけでなく抑制も押さえる。

物性・化学では「窒息消火」「除去消火」など近い用語とセットで出題されます。定義・数値・主体の違いを表で対比し、消火だけの特徴を一言で言えるようにしてください。

除去消火は、燃焼している可燃物または周囲の可燃物を取り除くことで燃焼を止める方法である。

冷却消火は、燃焼している物質の温度を下げ、燃焼を継続できない状態にする消火方法である。

抑制消火は、燃焼の連鎖反応を抑えることで消火する方法であり、負触媒効果とも関連する。",定義を一文で説明できる。;適用する場面（製造・貯蔵・取扱・消火）を挙げられる。;関連する法令名を意識できる。,除去消火・冷却消火との違いを区別する。;水による消火は冷却効果を利用することが多い。;除去・窒息・冷却だけでなく抑制も押さえる。;第4類火災では水が常に適切とは限らない。;水が常に第4類火災に適切とは限らない。,"「消火」は、物性・化学の頻出語です。

整理のコツ：関連する「窒息消火」「除去消火」「冷却消火」と、「同じ点・違う点」を表に書き出し、消火だけの特徴を一行で言えるようにします。

覚え方：間違えたら「除去消火・冷却消火との違いを区別する」のパターンか確認し、同じ型の誤りが出た問題を2問だけ繰り返します。

復習のしかた：丸暗記より、選択肢の「誤り。」の理由を声に出して説明できるかを目標にします。",除去消火の説明について、「可燃物を取り除いて燃焼を止める方法である。」は正しい。,○。正しい。,消火とは何ですか？,消火は、窒息消火は、酸素の供給を断つことで燃焼を止める方法である。 たとえば、危険物の性質（水溶性か、蒸気がたまりやすいか）に合った消火・漏えい対策かどうかが、正誤の判断ポイントになります。 試験では、定義を一文で説明できる点を押さえると得点源になります。,消火は試験でどんなふうに問われますか？,定義を一文で説明できる。適用する場面（製造・貯蔵・取扱・消火）を挙げられる。関連する法令名を意識できる。,消火で間違えやすい点は？,除去消火・冷却消火との違いを区別する。水による消火は冷却効果を利用することが多い。,消火と「窒息消火」「除去消火」の違いは？,「窒息消火」「除去消火」は意味や数値・適用場面が異なります。用語ページの比較表と演習で、消火だけのポイントを確認してください。
消火方法,しょうかほうほう,火災・消火・漏えい,火災・消火・漏えい;乙4;頻出;詳細記事;実践演習連動;一問一答連動,"消火方法は、非水溶性の第4類危険物火災では、泡で液面を覆い、可燃性蒸気の発生と酸素供給を抑える方法が有効である。

たとえば、危険物の性質（水溶性か、蒸気がたまりやすいか）に合った消火・漏えい対策かどうかが、正誤の判断ポイントになります。

試験では、非水溶性の第4類火災では泡消火が重要点を押さえると得点源になります。",まず「消火方法」は、非水溶性の第4類危険物火災では、泡で液面を覆い、可燃性蒸気の発生と酸素供給を抑える方法が有効である。流出拡大や火気使用は危険である。 第4類危険物火災では、可燃性蒸気の発生を抑え、空気との接触を遮断することが重要である。 火災・消火・漏えいでは「消火方法」の文脈で繰り返し問われます。,物質別の消火方法;泡・二酸化炭素・粉末消火剤の適用;第4類火災の消火方法総論,,B,非水溶性の第4類火災では泡消火が重要。 水溶性液体では耐アルコール泡などの区別が必要になる。 第4類火災では、可燃性蒸気と酸素供給を抑える。 誤り。可燃性蒸気がある場所で火気を使用するのは危険である。,消火方法とは？危険物取扱者試験（乙種第4類）で押さえる意味・試験ポイント,このページでは、火災・消火・漏えい分野の「消火方法」を、試験に出る形で整理します。ひとことで言うと、非水溶性の第4類危険物火災では、泡で液面を覆い、可燃性蒸気の発生と酸素供給を抑える方法が有効である。流出拡大や火気使用は危険である。下の目次の順に読むと、定義から演習のポイントまでつながって理解できます。,"消火方法は、非水溶性の第4類危険物火災では、泡で液面を覆い、可燃性蒸気の発生と酸素供給を抑える方法が有効である。流出拡大や火気使用は危険である。 第4類危険物火災では、可燃性蒸気の発生を抑え、空気との接触を遮断することが重要である。

試験では、非水溶性の第4類火災では泡消火が重要。第4類火災では、可燃性蒸気と酸素供給を抑える。水溶性液体火災では耐アルコール泡を意識する。また、第4類火災は蒸気と空気接触を抑える点も押さえます。

誤り。可燃性蒸気がある場所で火気を使用するのは危険である。

誤り。液面をかき混ぜると燃焼や流出を拡大するおそれがある。

誤り。可燃性蒸気をためることは危険である。

誤り。下水へ流すと火災や環境汚染の危険がある。

非水溶性の第4類火災では泡消火が重要。

水溶性液体では耐アルコール泡などの区別が必要になる。

第4類火災では、可燃性蒸気と酸素供給を抑える。

よくある誤りは、水溶性液体では耐アルコール泡などの区別が必要になる。燃え尽きさせる目的で火気を近づけない。第4類火災では蒸気と空気接触を抑える。

火災・消火・漏えいでは「物質別の消火方法」「泡・二酸化炭素・粉末消火剤の適用」など近い用語とセットで出題されます。定義・数値・主体の違いを表で対比し、消火方法だけの特徴を一言で言えるようにしてください。

非水溶性の第4類危険物火災では、泡で液面を覆い、可燃性蒸気の発生や空気との接触を抑える方法が有効である。

水溶性液体火災では通常の泡が破壊されやすいため、耐アルコール泡などの適用を考慮する。

第4類危険物火災では、可燃性蒸気の発生や空気との接触を抑えることが重要である。",非水溶性の第4類火災では泡消火が重要。;第4類火災では、可燃性蒸気と酸素供給を抑える。;水溶性液体火災では耐アルコール泡を意識する。;第4類火災は蒸気と空気接触を抑える。;第4類火災では泡・二酸化炭素・粉末が重要。;非水溶性液体火災では注水方法に注意。,水溶性液体では耐アルコール泡などの区別が必要になる。;燃え尽きさせる目的で火気を近づけない。;第4類火災では蒸気と空気接触を抑える。,"「消火方法」は、火災・消火・漏えいの頻出語です。

整理のコツ：関連する「物質別の消火方法」「泡・二酸化炭素・粉末消火剤の適用」「第4類火災の消火方法総論」と、「同じ点・違う点」を表に書き出し、消火方法だけの特徴を一行で言えるようにします。

覚え方：間違えたら「水溶性液体では耐アルコール泡などの区別が必要になる」のパターンか確認し、同じ型の誤りが出た問題を2問だけ繰り返します。

復習のしかた：丸暗記より、選択肢の「誤り。」の理由を声に出して説明できるかを目標にします。",第4類危険物火災の消火方法として、一般に重要な考え方について、「可燃性蒸気の発生や空気との接触を抑える。」は正しい。,○。正しい。,消火方法とは何ですか？,消火方法は、非水溶性の第4類危険物火災では、泡で液面を覆い、可燃性蒸気の発生と酸素供給を抑える方法が有効である。 たとえば、危険物の性質（水溶性か、蒸気がたまりやすいか）に合った消火・漏えい対策かどうかが、正誤の判断ポイントになります。 試験では、非水溶性の第4類火災では泡消火が重要点を押さえると得点源になります。,消火方法は試験でどんなふうに問われますか？,非水溶性の第4類火災では泡消火が重要。第4類火災では、可燃性蒸気と酸素供給を抑える。水溶性液体火災では耐アルコール泡を意識する。,消火方法で間違えやすい点は？,水溶性液体では耐アルコール泡などの区別が必要になる。燃え尽きさせる目的で火気を近づけない。,消火方法と「物質別の消火方法」「泡・二酸化炭素・粉末消火剤の適用」の違いは？,「物質別の消火方法」「泡・二酸化炭素・粉末消火剤の適用」は意味や数値・適用場面が異なります。用語ページの比較表と演習で、消火方法だけのポイントを確認してください。
消火活動,しょうかかつどう,火災・消火・漏えい,火災・消火・漏えい;乙4;頻出;詳細記事;実践演習連動;一問一答連動,"消火活動は、保有空地は、火災時の延焼防止や消火活動のため、危険物施設の周囲に確保する空地である。

たとえば、危険物の性質（水溶性か、蒸気がたまりやすいか）に合った消火・漏えい対策かどうかが、正誤の判断ポイントになります。

試験では、保有空地は延焼防止・消火活動のため点を押さえると得点源になります。",まず「消火活動」は、保有空地は、火災時の延焼防止や消火活動のため、危険物施設の周囲に確保する空地である。 保有空地は、危険物施設の周囲に確保する空地で、延焼防止や消火活動のために重要である。 火災・消火・漏えいでは「位置の基準」の文脈で繰り返し問われます。,保有空地;位置の基準,危険物の規制に関する政令,B,誤り。試験会場ではない。 誤り。危険物を投棄するためではない。 誤り。におい確認のためではない。,消火活動とは？危険物取扱者試験（乙種第4類）で押さえる意味・試験ポイント,火災・消火・漏えい分野の「消火活動」は、保有空地は、火災時の延焼防止や消火活動のため、危険物施設の周囲に確保する空地である。試験では定義の言い換えと数値・主体の区別がセットで問われます。,"消火活動は、保有空地は、火災時の延焼防止や消火活動のため、危険物施設の周囲に確保する空地である。 保有空地は、危険物施設の周囲に確保する空地で、延焼防止や消火活動のために重要である。

誤り。試験会場ではない。

誤り。危険物を投棄するためではない。

誤り。におい確認のためではない。

誤り。施設名称変更とは関係ない。

火災・消火・漏えいでは「保有空地」「位置の基準」など近い用語とセットで出題されます。定義・数値・主体の違いを表で対比し、消火活動だけの特徴を一言で言えるようにしてください。

保有空地は延焼防止・消火活動のため。",保有空地は延焼防止・消火活動のため。,類似語と混同する。;数字や条件を取り違える。;すべての危険物に当てはめる。,"「消火活動」は、火災・消火・漏えいの頻出語です。

整理のコツ：関連する「保有空地」「位置の基準」と、「同じ点・違う点」を表に書き出し、消火活動だけの特徴を一行で言えるようにします。

覚え方：間違えたら「類似語と混同する」のパターンか確認し、同じ型の誤りが出た問題を2問だけ繰り返します。

復習のしかた：丸暗記より、選択肢の「誤り。」の理由を声に出して説明できるかを目標にします。",保有空地の目的として、最も適切なものについて、「危険物を自由に投棄するためである。」は正しい。,×。誤り。,消火活動とは何ですか？,消火活動は、保有空地は、火災時の延焼防止や消火活動のため、危険物施設の周囲に確保する空地である。 たとえば、危険物の性質（水溶性か、蒸気がたまりやすいか）に合った消火・漏えい対策かどうかが、正誤の判断ポイントになります。 試験では、保有空地は延焼防止・消火活動のため点を押さえると得点源になります。,消火活動は試験でどんなふうに問われますか？,保有空地は延焼防止・消火活動のため。,消火活動で間違えやすい点は？,類似語と混同する。数字や条件を取り違える。,消火活動と「保有空地」「位置の基準」の違いは？,「保有空地」「位置の基準」は意味や数値・適用場面が異なります。用語ページの比較表と演習で、消火活動だけのポイントを確認してください。
消火設備,しょうかせつび,法令・制度,法令・制度;乙4;頻出;詳細記事;実践演習連動;一問一答連動,"消火設備は、危険物や施設に応じた消火設備が必要になります場合がある。

たとえば、危険物の性質（水溶性か、蒸気がたまりやすいか）に合った消火・漏えい対策かどうかが、正誤の判断ポイントになります。

試験では、危険物の性質に応じた消火設備が必要点を押さえると得点源になります。",まず「消火設備」は、危険物や施設に応じた消火設備が必要になります場合がある。 危険物施設では、危険物の種類や施設の規模・状況に応じて、必要な消火設備が定められる場合がある。 法令・制度では「消火設備」の文脈で繰り返し問われます。,消火設備の区分・設置;消火設備の区分,危険物の規制に関する政令,B,危険物の性質に応じた消火設備が必要。 第4類では水だけでよいとは限らない。 消火設備は危険物の性質に応じて考える。 誤り。施設の色を変える設備ではない。,消火設備とは？危険物取扱者試験（乙種第4類）で押さえる意味・試験ポイント,このページでは、法令・制度分野の「消火設備」を、試験に出る形で整理します。ひとことで言うと、危険物や施設に応じた消火設備が必要になります場合がある。下の目次の順に読むと、定義から演習のポイントまでつながって理解できます。,"消火設備は、危険物や施設に応じた消火設備が必要になります場合がある。 危険物施設では、危険物の性質や施設の状況に応じた消火設備が必要になります場合がある。水だけで足りるとは限らない。

試験では、危険物の性質に応じた消火設備が必要。消火設備は危険物の性質に応じて考える。消火設備・警報設備・避難設備を区別する。また、消火設備は危険物の性質と施設条件で考える点も押さえます。

誤り。施設の色を変える設備ではない。

誤り。消火設備があっても取扱基準は不要にならない。

誤り。消火設備は火災時の対応に必要である。

誤り。危険物の種類によって適切な消火方法は異なり、水による消火設備だけで足りるとは限らない。

危険物の性質に応じた消火設備が必要。

第4類では水だけでよいとは限らない。

消火設備は危険物の性質に応じて考える。

よくある誤りは、第4類では水だけでよいとは限らない。第4類火災では水だけでよいとは限らない。

法令・制度では「消火設備の区分・設置」「消火設備の区分」など近い用語とセットで出題されます。定義・数値・主体の違いを表で対比し、消火設備だけの特徴を一言で言えるようにしてください。

危険物施設では、危険物の種類や施設の規模・状況に応じて、必要な消火設備が定められる場合がある。

火災の消火に関係し、警報設備は火災等の異常を知らせる設備である。

危険物の性質や施設の規模などに応じて考える必要がある。",危険物の性質に応じた消火設備が必要。;消火設備は危険物の性質に応じて考える。;消火設備・警報設備・避難設備を区別する。;消火設備は危険物の性質と施設条件で考える。,第4類では水だけでよいとは限らない。;第4類火災では水だけでよいとは限らない。,"「消火設備」は、法令・制度の頻出語です。

整理のコツ：関連する「消火設備の区分・設置」「消火設備の区分」と、「同じ点・違う点」を表に書き出し、消火設備だけの特徴を一行で言えるようにします。

覚え方：間違えたら「第4類では水だけでよいとは限らない」のパターンか確認し、同じ型の誤りが出た問題を2問だけ繰り返します。

復習のしかた：丸暗記より、選択肢の「誤り。」の理由を声に出して説明できるかを目標にします。",危険物施設の消火設備について、「製造所等には、危険物の性質や施設の状況に応じた消火設備が求められる場合がある。」は正しい。,○。正しい。,消火設備とは何ですか？,消火設備は、危険物や施設に応じた消火設備が必要になります場合がある。 たとえば、危険物の性質（水溶性か、蒸気がたまりやすいか）に合った消火・漏えい対策かどうかが、正誤の判断ポイントになります。 試験では、危険物の性質に応じた消火設備が必要点を押さえると得点源になります。,消火設備は試験でどんなふうに問われますか？,危険物の性質に応じた消火設備が必要。消火設備は危険物の性質に応じて考える。消火設備・警報設備・避難設備を区別する。,消火設備で間違えやすい点は？,第4類では水だけでよいとは限らない。第4類火災では水だけでよいとは限らない。,消火設備と「消火設備の区分・設置」「消火設備の区分」の違いは？,「消火設備の区分・設置」「消火設備の区分」は意味や数値・適用場面が異なります。用語ページの比較表と演習で、消火設備だけのポイントを確認してください。
消火設備の区分,しょうかせつびのくぶん,法令・制度,法令・制度;乙4;頻出;詳細記事;実践演習連動;一問一答連動,"消火設備の区分は、危険物施設では、危険物の性質や施設の状況に応じた消火設備が必要になります場合がある。

たとえば、危険物の性質（水溶性か、蒸気がたまりやすいか）に合った消火・漏えい対策かどうかが、正誤の判断ポイントになります。

試験では、危険物の性質に応じた消火設備が必要点を押さえると得点源になります。",まず「消火設備の区分」は、危険物施設では、危険物の性質や施設の状況に応じた消火設備が必要になります場合がある。水だけで足りるとは限らない。 危険物施設では、危険物の種類や施設の規模・状況に応じて、必要な消火設備が定められる場合がある。 法令・制度では「消火設備」の文脈で繰り返し問われます。,消火設備;消火設備の区分・設置,危険物の規制に関する政令,B,危険物の性質に応じた消火設備が必要。 第4類では水だけでよいとは限らない。 消火設備は危険物の性質に応じて考える。 誤り。施設の色を変える設備ではない。,消火設備の区分とは？危険物取扱者試験（乙種第4類）で押さえる意味・試験ポイント,このページでは、法令・制度分野の「消火設備の区分」を、試験に出る形で整理します。ひとことで言うと、危険物施設では、危険物の性質や施設の状況に応じた消火設備が必要になります場合がある。水だけで足りるとは限らない。下の目次の順に読むと、定義から演習のポイントまでつながって理解できます。,"消火設備の区分は、危険物施設では、危険物の性質や施設の状況に応じた消火設備が必要になります場合がある。水だけで足りるとは限らない。 危険物施設では、危険物の種類や施設の規模・状況に応じて、必要な消火設備が定められる場合がある。

試験では、危険物の性質に応じた消火設備が必要。消火設備は危険物の性質に応じて考える。消火設備・警報設備・避難設備を区別する。また、消火設備は危険物の性質と施設条件で考える点も押さえます。

誤り。施設の色を変える設備ではない。

誤り。消火設備があっても取扱基準は不要にならない。

誤り。消火設備は火災時の対応に必要である。

誤り。危険物の種類によって適切な消火方法は異なり、水による消火設備だけで足りるとは限らない。

危険物の性質に応じた消火設備が必要。

第4類では水だけでよいとは限らない。

消火設備は危険物の性質に応じて考える。

よくある誤りは、第4類では水だけでよいとは限らない。第4類火災では水だけでよいとは限らない。

法令・制度では「消火設備」「消火設備の区分・設置」など近い用語とセットで出題されます。定義・数値・主体の違いを表で対比し、消火設備の区分だけの特徴を一言で言えるようにしてください。

消火設備は火災の消火に関係し、警報設備は火災等の異常を知らせる設備である。

消火設備は、危険物の性質や施設の規模などに応じて考える必要がある。",危険物の性質に応じた消火設備が必要。;消火設備は危険物の性質に応じて考える。;消火設備・警報設備・避難設備を区別する。;消火設備は危険物の性質と施設条件で考える。,第4類では水だけでよいとは限らない。;第4類火災では水だけでよいとは限らない。,"「消火設備の区分」は、法令・制度の頻出語です。

整理のコツ：関連する「消火設備」「消火設備の区分・設置」と、「同じ点・違う点」を表に書き出し、消火設備の区分だけの特徴を一行で言えるようにします。

覚え方：間違えたら「第4類では水だけでよいとは限らない」のパターンか確認し、同じ型の誤りが出た問題を2問だけ繰り返します。

復習のしかた：丸暗記より、選択肢の「誤り。」の理由を声に出して説明できるかを目標にします。",危険物施設の消火設備について、「製造所等には、危険物の性質や施設の状況に応じた消火設備が求められる場合がある。」は正しい。,○。正しい。,消火設備の区分とは何ですか？,消火設備の区分は、危険物施設では、危険物の性質や施設の状況に応じた消火設備が必要になります場合がある。 たとえば、危険物の性質（水溶性か、蒸気がたまりやすいか）に合った消火・漏えい対策かどうかが、正誤の判断ポイントになります。 試験では、危険物の性質に応じた消火設備が必要点を押さえると得点源になります。,消火設備の区分は試験でどんなふうに問われますか？,危険物の性質に応じた消火設備が必要。消火設備は危険物の性質に応じて考える。消火設備・警報設備・避難設備を区別する。,消火設備の区分で間違えやすい点は？,第4類では水だけでよいとは限らない。第4類火災では水だけでよいとは限らない。,消火設備の区分と「消火設備」「消火設備の区分・設置」の違いは？,「消火設備」「消火設備の区分・設置」は意味や数値・適用場面が異なります。用語ページの比較表と演習で、消火設備の区分だけのポイントを確認してください。
消火設備の区分・設置,しょうかせつびのくぶん・せっち,法令・制度,法令・制度;乙4;頻出;詳細記事;実践演習連動;一問一答連動,"消火設備の区分・設置は、危険物施設では、危険物の性質や施設の状況に応じた消火設備が必要になります場合がある。

たとえば、危険物の性質（水溶性か、蒸気がたまりやすいか）に合った消火・漏えい対策かどうかが、正誤の判断ポイントになります。

試験では、危険物の性質に応じた消火設備が必要点を押さえると得点源になります。",まず「消火設備の区分・設置」は、危険物施設では、危険物の性質や施設の状況に応じた消火設備が必要になります場合がある。水だけで足りるとは限らない。 危険物施設では、危険物の種類や施設の規模・状況に応じて、必要な消火設備が定められる場合がある。 法令・制度では「消火設備」の文脈で繰り返し問われます。,セルフ式給油取扱所の基準;一般取扱所の基準;丙種の違い,危険物の規制に関する政令,B,危険物の性質に応じた消火設備が必要。 第4類では水だけでよいとは限らない。 消火設備は危険物の性質に応じて考える。 誤り。施設の色を変える設備ではない。,消火設備の区分・設置とは？危険物取扱者試験（乙種第4類）で押さえる意味・試験ポイント,このページでは、法令・制度分野の「消火設備の区分・設置」を、試験に出る形で整理します。ひとことで言うと、危険物施設では、危険物の性質や施設の状況に応じた消火設備が必要になります場合がある。水だけで足りるとは限らない。下の目次の順に読むと、定義から演習のポイントまでつながって理解できます。,"消火設備の区分・設置は、危険物施設では、危険物の性質や施設の状況に応じた消火設備が必要になります場合がある。水だけで足りるとは限らない。 危険物施設では、危険物の種類や施設の規模・状況に応じて、必要な消火設備が定められる場合がある。

試験では、危険物の性質に応じた消火設備が必要。消火設備は危険物の性質に応じて考える。消火設備・警報設備・避難設備を区別する。また、消火設備は危険物の性質と施設条件で考える点も押さえます。

誤り。施設の色を変える設備ではない。

誤り。消火設備があっても取扱基準は不要にならない。

誤り。消火設備は火災時の対応に必要である。

誤り。危険物の種類によって適切な消火方法は異なり、水による消火設備だけで足りるとは限らない。

危険物の性質に応じた消火設備が必要。

第4類では水だけでよいとは限らない。

消火設備は危険物の性質に応じて考える。

よくある誤りは、第4類では水だけでよいとは限らない。第4類火災では水だけでよいとは限らない。

法令・制度では「セルフ式給油取扱所の基準」「一般取扱所の基準」など近い用語とセットで出題されます。定義・数値・主体の違いを表で対比し、消火設備の区分・設置だけの特徴を一言で言えるようにしてください。

消火設備は火災の消火に関係し、警報設備は火災等の異常を知らせる設備である。

消火設備は、危険物の性質や施設の規模などに応じて考える必要がある。",危険物の性質に応じた消火設備が必要。;消火設備は危険物の性質に応じて考える。;消火設備・警報設備・避難設備を区別する。;消火設備は危険物の性質と施設条件で考える。,第4類では水だけでよいとは限らない。;第4類火災では水だけでよいとは限らない。,"「消火設備の区分・設置」は、法令・制度の頻出語です。

整理のコツ：関連する「セルフ式給油取扱所の基準」「一般取扱所の基準」「丙種の違い」と、「同じ点・違う点」を表に書き出し、消火設備の区分・設置だけの特徴を一行で言えるようにします。

覚え方：間違えたら「第4類では水だけでよいとは限らない」のパターンか確認し、同じ型の誤りが出た問題を2問だけ繰り返します。

復習のしかた：丸暗記より、選択肢の「誤り。」の理由を声に出して説明できるかを目標にします。",危険物施設の消火設備について、「製造所等には、危険物の性質や施設の状況に応じた消火設備が求められる場合がある。」は正しい。,○。正しい。,消火設備の区分・設置とは何ですか？,消火設備の区分・設置は、危険物施設では、危険物の性質や施設の状況に応じた消火設備が必要になります場合がある。 たとえば、危険物の性質（水溶性か、蒸気がたまりやすいか）に合った消火・漏えい対策かどうかが、正誤の判断ポイントになります。 試験では、危険物の性質に応じた消火設備が必要点を押さえると得点源になります。,消火設備の区分・設置は試験でどんなふうに問われますか？,危険物の性質に応じた消火設備が必要。消火設備は危険物の性質に応じて考える。消火設備・警報設備・避難設備を区別する。,消火設備の区分・設置で間違えやすい点は？,第4類では水だけでよいとは限らない。第4類火災では水だけでよいとは限らない。,消火設備の区分・設置と「セルフ式給油取扱所の基準」「一般取扱所の基準」の違いは？,「セルフ式給油取扱所の基準」「一般取扱所の基準」は意味や数値・適用場面が異なります。用語ページの比較表と演習で、消火設備の区分・設置だけのポイントを確認してください。
消防法,しょうぼうほう,法令・制度,法令・制度;乙4;頻出;詳細記事;実践演習連動;一問一答連動,"消防法は、消防法上の危険物は、消防法別表第一の品名欄に掲げる物品で、同表の区分に応じた性状を有するものを指します。

たとえば、危険物かどうかは、別表第一の品名と別表第二の性状の両方で判断します。

試験では、危険物は消防法別表第一を基準に判断する点を押さえると得点源になります。",まず「消防法」は、消防法上の危険物は、消防法別表第一の品名欄に掲げる物品で、同表の区分に応じた性状を有するものを指します。 誤り。煙を出すかどうかは消防法上の危険物の定義ではない。 消防法上の危険物は、消防法別表第一の品名欄に掲げる物品で、同表の区分に応じた性状を有するものを指します。すべての可燃物や液体可燃物が危険物になるわけではない。 法令・制度では「危険物の定義」の文脈で繰り返し問われます。,消防法上の危険物の定義;危険物の定義,消防法,A,危険物は消防法別表第一を基準に判断する。 誤り。毒性の有無だけで消防法上の危険物になるわけではない。 誤り。危険物は第1類から第6類まであり、液体の可燃物だけではない。 誤り。煙を出すかどうかは消防法上の危険物の定義ではない。,消防法とは？危険物取扱者試験（乙種第4類）で押さえる意味・試験ポイント,このページでは、法令・制度分野の「消防法」を、試験に出る形で整理します。ひとことで言うと、消防法上の危険物は、消防法別表第一の品名欄に掲げる物品で、同表の区分に応じた性状を有するものを指します。下の目次の順に読むと、定義から演習のポイントまでつながって理解できます。,"消防法は、消防法上の危険物は、消防法別表第一の品名欄に掲げる物品で、同表の区分に応じた性状を有するものを指します。 消防法上の危険物は、消防法別表第一の品名欄に掲げる物品で、同表の区分に応じた性状を有するものを指します。すべての可燃物や液体可燃物が危険物になるわけではない。

試験では、危険物は消防法別表第一を基準に判断する点が問われます。

誤り。毒性の有無だけで消防法上の危険物になるわけではない。

誤り。危険物は第1類から第6類まであり、液体の可燃物だけではない。

誤り。煙を出すかどうかは消防法上の危険物の定義ではない。

誤り。すべての可燃物が消防法上の危険物に当てはまるわけではない。

危険物は消防法別表第一を基準に判断する。

法令・制度では「消防法上の危険物の定義」「危険物の定義」など近い用語とセットで出題されます。定義・数値・主体の違いを表で対比し、消防法だけの特徴を一言で言えるようにしてください。

誤り。すべての可燃物が消防法上の危険物に当てはまるわけではない。

甲種のように全類を扱えるわけではない。",危険物は消防法別表第一を基準に判断する。,甲種のように全類を扱えるわけではない。;第4類と第5類、第2類と第6類を混同しない。;一般的な建物用途と法令上の施設分類を混同しない。;品名変更だけが変更許可の対象ではない。;完成検査を自主点検や定期点検と混同しない。,"「消防法」は、法令・制度の頻出語です。

整理のコツ：関連する「消防法上の危険物の定義」「危険物の定義」と、「同じ点・違う点」を表に書き出し、消防法だけの特徴を一行で言えるようにします。

覚え方：間違えたら「甲種のように全類を扱えるわけではない」のパターンか確認し、同じ型の誤りが出た問題を2問だけ繰り返します。

復習のしかた：丸暗記より、選択肢の「誤り。」の理由を声に出して説明できるかを目標にします。",消防法上の危険物について、「消防法上の危険物とは、火災時に煙を出す物質をいう。」は正しい。,×。誤り。,消防法とは何ですか？,消防法は、消防法上の危険物は、消防法別表第一の品名欄に掲げる物品で、同表の区分に応じた性状を有するものを指します。 たとえば、危険物かどうかは、別表第一の品名と別表第二の性状の両方で判断します。 試験では、危険物は消防法別表第一を基準に判断する点を押さえると得点源になります。,消防法は試験でどんなふうに問われますか？,危険物は消防法別表第一を基準に判断する。,消防法で間違えやすい点は？,甲種のように全類を扱えるわけではない。第4類と第5類、第2類と第6類を混同しない。,消防法と「消防法上の危険物の定義」「危険物の定義」の違いは？,「消防法上の危険物の定義」「危険物の定義」は意味や数値・適用場面が異なります。用語ページの比較表と演習で、消防法だけのポイントを確認してください。
消防法上の危険物の定義,しょうぼうほううえのきけんぶつのていぎ,法令・制度,法令・制度;乙4;頻出;詳細記事;実践演習連動;一問一答連動,"消防法上の危険物の定義は、煙を出すかどうかは消防法上の危険物の定義ではない。

たとえば、条文では「消防法で定める」「政令で定める」「施行令で定める」のように、どの法令に書かれているかを選ぶ問題がよく出ます。

試験では、危険物は消防法別表第一を基準に判断する点を押さえると得点源になります。",まず「消防法上の危険物の定義」は、煙を出すかどうかは消防法上の危険物の定義ではない。 誤り。煙を出すかどうかは消防法上の危険物の定義ではない。 消防法上の危険物は、消防法別表第一の品名欄に掲げる物品で、同表の区分に応じた性状を有するものを指します。すべての可燃物や液体可燃物が危険物になるわけではない。 法令・制度では「危険物の定義」の文脈で繰り返し問われます。,セルフ式給油取扱所の基準;一般取扱所の基準;丙種の違い,消防法,B,危険物は消防法別表第一を基準に判断する。 誤り。毒性の有無だけで消防法上の危険物になるわけではない。 誤り。危険物は第1類から第6類まであり、液体の可燃物だけではない。 誤り。煙を出すかどうかは消防法上の危険物の定義ではない。,消防法上の危険物の定義とは？危険物取扱者試験（乙種第4類）で押さえる意味・試験ポイント,このページでは、法令・制度分野の「消防法上の危険物の定義」を、試験に出る形で整理します。ひとことで言うと、煙を出すかどうかは消防法上の危険物の定義ではない。下の目次の順に読むと、定義から演習のポイントまでつながって理解できます。,"消防法上の危険物の定義は、煙を出すかどうかは消防法上の危険物の定義ではない。 消防法上の危険物は、消防法別表第一の品名欄に掲げる物品で、同表の区分に応じた性状を有するものを指します。すべての可燃物や液体可燃物が危険物になるわけではない。

試験では、危険物は消防法別表第一を基準に判断する点が問われます。

誤り。毒性の有無だけで消防法上の危険物になるわけではない。

誤り。危険物は第1類から第6類まであり、液体の可燃物だけではない。

誤り。煙を出すかどうかは消防法上の危険物の定義ではない。

誤り。すべての可燃物が消防法上の危険物に当てはまるわけではない。

危険物は消防法別表第一を基準に判断する。

法令・制度では「セルフ式給油取扱所の基準」「一般取扱所の基準」など近い用語とセットで出題されます。定義・数値・主体の違いを表で対比し、消防法上の危険物の定義だけの特徴を一言で言えるようにしてください。

誤り。すべての可燃物が消防法上の危険物に当てはまるわけではない。",危険物は消防法別表第一を基準に判断する。,類似語と混同する。;数字や条件を取り違える。;すべての危険物に当てはめる。,"「消防法上の危険物の定義」は、法令・制度の頻出語です。

整理のコツ：関連する「セルフ式給油取扱所の基準」「一般取扱所の基準」「丙種の違い」と、「同じ点・違う点」を表に書き出し、消防法上の危険物の定義だけの特徴を一行で言えるようにします。

覚え方：間違えたら「類似語と混同する」のパターンか確認し、同じ型の誤りが出た問題を2問だけ繰り返します。

復習のしかた：丸暗記より、選択肢の「誤り。」の理由を声に出して説明できるかを目標にします。",消防法上の危険物について、「消防法上の危険物とは、火災時に煙を出す物質をいう。」は正しい。,×。誤り。,消防法上の危険物の定義とは何ですか？,消防法上の危険物の定義は、煙を出すかどうかは消防法上の危険物の定義ではない。 たとえば、条文では「消防法で定める」「政令で定める」「施行令で定める」のように、どの法令に書かれているかを選ぶ問題がよく出ます。 試験では、危険物は消防法別表第一を基準に判断する点を押さえると得点源になります。,消防法上の危険物の定義は試験でどんなふうに問われますか？,危険物は消防法別表第一を基準に判断する。,消防法上の危険物の定義で間違えやすい点は？,類似語と混同する。数字や条件を取り違える。,消防法上の危険物の定義と「セルフ式給油取扱所の基準」「一般取扱所の基準」の違いは？,「セルフ式給油取扱所の基準」「一般取扱所の基準」は意味や数値・適用場面が異なります。用語ページの比較表と演習で、消防法上の危険物の定義だけのポイントを確認してください。
消防法別表第一,しょうぼうほうべっぴょうだいいち,法令・制度,法令・制度;乙4;頻出;詳細記事;実践演習連動;一問一答連動,"消防法別表第一は、危険物は消防法別表第一を基準に判断する。

たとえば、条文では「消防法で定める」「政令で定める」「施行令で定める」のように、どの法令に書かれているかを選ぶ問題がよく出ます。

試験では、危険物は消防法別表第一を基準に判断する点を押さえると得点源になります。",まず「消防法別表第一」は、危険物は消防法別表第一を基準に判断する。 誤り。煙を出すかどうかは消防法上の危険物の定義ではない。 消防法上の危険物は、消防法別表第一の品名欄に掲げる物品で、同表の区分に応じた性状を有するものを指します。すべての可燃物や液体可燃物が危険物になるわけではない。 法令・制度では「危険物の定義」の文脈で繰り返し問われます。,消防法上の危険物の定義;危険物の定義,消防法,B,危険物は消防法別表第一を基準に判断する。 誤り。毒性の有無だけで消防法上の危険物になるわけではない。 誤り。危険物は第1類から第6類まであり、液体の可燃物だけではない。 誤り。煙を出すかどうかは消防法上の危険物の定義ではない。,消防法別表第一とは？危険物取扱者試験（乙種第4類）で押さえる意味・試験ポイント,法令・制度分野の「消防法別表第一」は、危険物は消防法別表第一を基準に判断する。試験では定義の言い換えと数値・主体の区別がセットで問われます。,"消防法別表第一は、危険物は消防法別表第一を基準に判断する。 消防法上の危険物は、消防法別表第一の品名欄に掲げる物品で、同表の区分に応じた性状を有するものを指します。すべての可燃物や液体可燃物が危険物になるわけではない。

試験では、危険物は消防法別表第一を基準に判断する点が問われます。

誤り。毒性の有無だけで消防法上の危険物になるわけではない。

誤り。危険物は第1類から第6類まであり、液体の可燃物だけではない。

誤り。煙を出すかどうかは消防法上の危険物の定義ではない。

誤り。すべての可燃物が消防法上の危険物に当てはまるわけではない。

危険物は消防法別表第一を基準に判断する。

法令・制度では「消防法上の危険物の定義」「危険物の定義」など近い用語とセットで出題されます。定義・数値・主体の違いを表で対比し、消防法別表第一だけの特徴を一言で言えるようにしてください。

誤り。すべての可燃物が消防法上の危険物に当てはまるわけではない。",危険物は消防法別表第一を基準に判断する。,類似語と混同する。;数字や条件を取り違える。;すべての危険物に当てはめる。,"「消防法別表第一」は、法令・制度の頻出語です。

整理のコツ：関連する「消防法上の危険物の定義」「危険物の定義」と、「同じ点・違う点」を表に書き出し、消防法別表第一だけの特徴を一行で言えるようにします。

覚え方：間違えたら「類似語と混同する」のパターンか確認し、同じ型の誤りが出た問題を2問だけ繰り返します。

復習のしかた：丸暗記より、選択肢の「誤り。」の理由を声に出して説明できるかを目標にします。",消防法上の危険物について、「消防法上の危険物とは、火災時に煙を出す物質をいう。」は正しい。,×。誤り。,消防法別表第一とは何ですか？,消防法別表第一は、危険物は消防法別表第一を基準に判断する。 たとえば、条文では「消防法で定める」「政令で定める」「施行令で定める」のように、どの法令に書かれているかを選ぶ問題がよく出ます。 試験では、危険物は消防法別表第一を基準に判断する点を押さえると得点源になります。,消防法別表第一は試験でどんなふうに問われますか？,危険物は消防法別表第一を基準に判断する。,消防法別表第一で間違えやすい点は？,類似語と混同する。数字や条件を取り違える。,消防法別表第一と「消防法上の危険物の定義」「危険物の定義」の違いは？,「消防法上の危険物の定義」「危険物の定義」は意味や数値・適用場面が異なります。用語ページの比較表と演習で、消防法別表第一だけのポイントを確認してください。
消防法別表第二,しょうぼうほうべっぴょうだいに,法令・制度,法令・制度;乙4;頻出;詳細記事;実践演習連動;一問一答連動,"消防法別表第二は、危険物の品名と性状を定める表で、別表第一と組み合わせて危険物かどうかを判断する。

たとえば、条文では「消防法で定める」「政令で定める」「施行令で定める」のように、どの法令に書かれているかを選ぶ問題がよく出ます。

試験では、別表第一の品名＋別表第二の性状点を押さえると得点源になります。",まず「消防法別表第二」は、危険物の品名と性状を定める表で、別表第一と組み合わせて危険物かどうかを判断する。,品名・数量・指定数量倍数の変更届出;届出;指定数量倍数の変更届出,消防法,B,品名・数量・指定数量倍数の変更届出を押さえる。 品名・数量・指定数量倍数の変更届を押さえる。 誤り。届出が必要になります場合がある。 誤り。第4類危険物でも関係する。,消防法別表第二とは？危険物取扱者試験（乙種第4類）で押さえる意味・試験ポイント,このページでは、法令・制度分野の「消防法別表第二」を、試験に出る形で整理します。ひとことで言うと、危険物の品名と性状を定める表で、別表第一と組み合わせて危険物かどうかを判断する。下の目次の順に読むと、定義から演習のポイントまでつながって理解できます。,"危険物は、別表第一の品名に該当し、かつ別表第二の区分に応じた性状を有する物品です。例えば引火性液体・可燃性固体・酸化性液体など、性状ごとに取扱い基準が異なります。

試験では品名だけで危険物と決めつける誤答が多いです。別表第三（指定数量）と役割が異なることも混同しないでください。

誤り。届出が必要になります場合がある。

誤り。第4類危険物でも関係する。

誤り。掲示板があれば常に届出不要とはならない。

誤り。免状写真の変更ではない。

品名・数量・指定数量倍数の変更届出を押さえる。

品名・数量・指定数量倍数の変更届を押さえる。",別表第一の品名＋別表第二の性状。;危険物該当性の二段階判断。;別表第三との区別。,別表第一だけで危険物と決めつける。;性状区分を品名と混同する。,"「消防法別表第二」は、法令・制度の頻出語です。

整理のコツ：関連する「品名・数量・指定数量倍数の変更届出」「届出」「指定数量倍数の変更届出」と、「同じ点・違う点」を表に書き出し、消防法別表第二だけの特徴を一行で言えるようにします。

覚え方：間違えたら「別表第一だけで危険物と決めつける」のパターンか確認し、同じ型の誤りが出た問題を2問だけ繰り返します。

復習のしかた：丸暗記より、選択肢の「誤り。」の理由を声に出して説明できるかを目標にします。",製造所等で貯蔵し、又は取り扱う危険物の品名、数量または指定数量の倍数を変更する場合について、「危険物取扱者免状の写真を変えるだけで足りる。」は正しい。,×。誤り。,消防法別表第二とは何ですか？,消防法別表第二は、危険物の品名と性状を定める表で、別表第一と組み合わせて危険物かどうかを判断する。 たとえば、条文では「消防法で定める」「政令で定める」「施行令で定める」のように、どの法令に書かれているかを選ぶ問題がよく出ます。 試験では、別表第一の品名＋別表第二の性状点を押さえると得点源になります。,消防法別表第二は試験でどんなふうに問われますか？,別表第一の品名＋別表第二の性状。危険物該当性の二段階判断。別表第三との区別。,消防法別表第二で間違えやすい点は？,別表第一だけで危険物と決めつける。性状区分を品名と混同する。,消防法別表第二と「品名・数量・指定数量倍数の変更届出」「届出」の違いは？,「品名・数量・指定数量倍数の変更届出」「届出」は意味や数値・適用場面が異なります。用語ページの比較表と演習で、消防法別表第二だけのポイントを確認してください。
消防法施行令,しょうぼうほうしこうれい,法令・制度,法令・制度;乙4;頻出,"消防法施行令は、消防法の委任に基づき、製造所等の構造設備や技術上の基準などを定める命令である。

たとえば、条文では「消防法で定める」「政令で定める」「施行令で定める」のように、どの法令に書かれているかを選ぶ問題がよく出ます。

試験では、消防法・政令・施行令の三層点を押さえると得点源になります。",まず「消防法施行令」は、消防法の委任に基づき、製造所等の構造設備や技術上の基準などを定める命令である。,公式情報;受験資格;合格基準,消防法;消防法施行令,B,試験では消防法施行令の意味、適用場面、関連法令を問う問題が出ます。実践演習で誤答した選択肢に出てきたら、この用語ページで定義を確認し、関連用語へ進んでください。,消防法施行令とは？危険物取扱者試験（乙種第4類）で押さえる意味とポイント,消防法・政令・施行令の役割分担と、試験で問われる条文の言い換えを整理します。,"法令の階層では、消防法が基本法、危険物の規制に関する政令が危険物の品名・指定数量など、消防法施行令が施設の構造・設備の技術基準を担います。試験では「政令で定める」と「施行令で定める」の条文文言の正誤が問われます。

危険物の規制に関する政令と役割が異なるため、数値・手続・施設基準がどの法令に書かれているかを表で整理しておくと混同しにくくなります。",消防法・政令・施行令の三層。;施設の構造設備基準。;条文文言の正誤。,政令と施行令の内容を取り違える。;指定数量を施行令で定めると誤解する。,"「消防法施行令」は、法令・制度の頻出語です。

整理のコツ：関連する「公式情報」「受験資格」「合格基準」と、「同じ点・違う点」を表に書き出し、消防法施行令だけの特徴を一行で言えるようにします。

覚え方：間違えたら「政令と施行令の内容を取り違える」のパターンか確認し、同じ型の誤りが出た問題を2問だけ繰り返します。

復習のしかた：丸暗記より、選択肢の「誤り。」の理由を声に出して説明できるかを目標にします。",消防法施行令について正しい説明はどれか。,公式の定義・試験テキストの説明と一致する選択肢を選ぶ。,消防法施行令とは何ですか？,消防法施行令は、消防法の委任に基づき、製造所等の構造設備や技術上の基準などを定める命令である。 たとえば、条文では「消防法で定める」「政令で定める」「施行令で定める」のように、どの法令に書かれているかを選ぶ問題がよく出ます。 試験では、消防法・政令・施行令の三層点を押さえると得点源になります。,消防法施行令は試験でどんなふうに問われますか？,消防法・政令・施行令の三層。施設の構造設備基準。条文文言の正誤。,消防法施行令で間違えやすい点は？,政令と施行令の内容を取り違える。指定数量を施行令で定めると誤解する。,消防法施行令と「公式情報」「受験資格」の違いは？,「公式情報」「受験資格」は意味や数値・適用場面が異なります。用語ページの比較表と演習で、消防法施行令だけのポイントを確認してください。
消防署長,しょうぼうしょちょう,法令・制度,法令・制度;乙4;頻出;詳細記事;実践演習連動;一問一答連動,"消防署長は、指定数量未満であっても危険性がなくなるわけではなく、市町村条例等による規制や火災予防上の注意が必要になります場合がある。

たとえば、条文では「消防法で定める」「政令で定める」「施行令で定める」のように、どの法令に書かれているかを選ぶ問題がよく出ます。

試験では、定義を一文で説明できる点を押さえると得点源になります。",まず「消防署長」は、指定数量未満であっても危険性がなくなるわけではなく、市町村条例等による規制や火災予防上の注意が必要になります場合がある。 正しい。条例等で規制される場合がある。 指定数量未満であっても危険性がなくなるわけではなく、市町村条例等による規制や火災予防上の注意が必要になります場合がある。 法令・制度では「指定数量未満」の文脈で繰り返し問われます。,指定数量未満の危険物の扱い;指定数量未満,消防法,B,指定数量未満＝無規制・安全、ではない。 誤り。火気管理は必要である。 誤り。常に安全ではない。 誤り。危険物でなくなるわけではない。,消防署長とは？危険物取扱者試験（乙種第4類）で押さえる意味・試験ポイント,法令・制度分野の「消防署長」は、指定数量未満であっても危険性がなくなるわけではなく、市町村条例等による規制や火災予防上の注意が必要になります場合がある。試験では定義の言い換えと数値・主体の区別がセットで問われます。,"消防署長は、指定数量未満であっても危険性がなくなるわけではなく、市町村条例等による規制や火災予防上の注意が必要になります場合がある。

誤り。火気管理は必要である。

誤り。常に安全ではない。

誤り。危険物でなくなるわけではない。

誤り。漏えいは適切に処理する必要がある。

指定数量未満＝無規制・安全、ではない。

よくある誤りは、指定数量未満＝無規制・安全、ではない。

法令・制度では「指定数量未満の危険物の扱い」「指定数量未満」など近い用語とセットで出題されます。定義・数値・主体の違いを表で対比し、消防署長だけの特徴を一言で言えるようにしてください。",定義を一文で説明できる。;適用する場面（製造・貯蔵・取扱・消火）を挙げられる。;関連する法令名を意識できる。,指定数量未満＝無規制・安全、ではない。,"「消防署長」は、法令・制度の頻出語です。

整理のコツ：関連する「指定数量未満の危険物の扱い」「指定数量未満」と、「同じ点・違う点」を表に書き出し、消防署長だけの特徴を一行で言えるようにします。

覚え方：間違えたら「指定数量未満＝無規制・安全、ではない」のパターンか確認し、同じ型の誤りが出た問題を2問だけ繰り返します。

復習のしかた：丸暗記より、選択肢の「誤り。」の理由を声に出して説明できるかを目標にします。",指定数量未満の危険物について、「消防法上の製造所等の規制とは別に、市町村条例等で規制される場合がある。」は正しい。,○。正しい。,消防署長とは何ですか？,消防署長は、指定数量未満であっても危険性がなくなるわけではなく、市町村条例等による規制や火災予防上の注意が必要になります場合がある。 たとえば、条文では「消防法で定める」「政令で定める」「施行令で定める」のように、どの法令に書かれているかを選ぶ問題がよく出ます。 試験では、定義を一文で説明できる点を押さえると得点源になります。,消防署長は試験でどんなふうに問われますか？,定義を一文で説明できる。適用する場面（製造・貯蔵・取扱・消火）を挙げられる。関連する法令名を意識できる。,消防署長で間違えやすい点は？,指定数量未満＝無規制・安全、ではない。,消防署長と「指定数量未満の危険物の扱い」「指定数量未満」の違いは？,「指定数量未満の危険物の扱い」「指定数量未満」は意味や数値・適用場面が異なります。用語ページの比較表と演習で、消防署長だけのポイントを確認してください。
消防長,しょうぼうちょう,法令・制度,法令・制度;乙4;頻出,"消防長は、消防本部を置く市町村の消防委員会が選任する消防職員で、消防法上の権限・職務の主体の一つである。

たとえば、条文では「消防法で定める」「政令で定める」「施行令で定める」のように、どの法令に書かれているかを選ぶ問題がよく出ます。

試験では、消防長と消防署長の任命主体点を押さえると得点源になります。",まず「消防長」は、消防本部を置く市町村の消防委員会が選任する消防職員で、消防法上の権限・職務の主体の一つである。,公式情報;受験資格;合格基準,消防法,B,試験では消防長の意味、適用場面、関連法令を問う問題が出ます。実践演習で誤答した選択肢に出てきたら、この用語ページで定義を確認し、関連用語へ進んでください。,消防長とは？危険物取扱者試験（乙種第4類）で押さえる意味とポイント,消防長の基本理解と、試験で問われやすいポイントを整理します。公式情報（消防試験研究センター・消防庁）と照合しながら学習してください。,"消防署長は消防署を置く市町村の長が任命する職員であり、設置主体が消防長と異なります。命令・監督・検査などの権限が誰に属するかは、条文ごとに確認が必要です。

都道府県知事の権限（広域の消防行政）と市町村の消防長・消防署長の権限を混同しないよう、主体（知事／消防長／消防署長／事業者）を表にまとめてください。",消防長と消防署長の任命主体。;知事の権限との区別。;命令・監督の主体。,消防署長と同一とみなす。;都道府県知事の権限と混同する。,"「消防長」は、法令・制度の頻出語です。

整理のコツ：関連する「公式情報」「受験資格」「合格基準」と、「同じ点・違う点」を表に書き出し、消防長だけの特徴を一行で言えるようにします。

覚え方：間違えたら「消防署長と同一とみなす」のパターンか確認し、同じ型の誤りが出た問題を2問だけ繰り返します。

復習のしかた：丸暗記より、選択肢の「誤り。」の理由を声に出して説明できるかを目標にします。",消防長について正しい説明はどれか。,公式の定義・試験テキストの説明と一致する選択肢を選ぶ。,消防長とは何ですか？,消防長は、消防本部を置く市町村の消防委員会が選任する消防職員で、消防法上の権限・職務の主体の一つである。 たとえば、条文では「消防法で定める」「政令で定める」「施行令で定める」のように、どの法令に書かれているかを選ぶ問題がよく出ます。 試験では、消防長と消防署長の任命主体点を押さえると得点源になります。,消防長は試験でどんなふうに問われますか？,消防長と消防署長の任命主体。知事の権限との区別。命令・監督の主体。,消防長で間違えやすい点は？,消防署長と同一とみなす。都道府県知事の権限と混同する。,消防長と「公式情報」「受験資格」の違いは？,「公式情報」「受験資格」は意味や数値・適用場面が異なります。用語ページの比較表と演習で、消防長だけのポイントを確認してください。
液体の比重と水への浮沈,えきたいのひじゅうとみずへのふちん,物性・化学,物性・化学;乙4;頻出;詳細記事;実践演習連動;一問一答連動,"液体の比重と水への浮沈は、液体の比重が水より小さい場合、その液体は水に浮きやすい。

たとえば、引火点・沸点・密度など、数字と単位をセットで覚えると、選択肢の数値の当たり外れを見分けやすくなります。

試験では、定義を一文で説明できる点を押さえると得点源になります。",まず「液体の比重と水への浮沈」は、液体の比重が水より小さい場合、その液体は水に浮きやすい。ただし、水に浮くことと水に溶けることは別の性質である。 誤り。酸素を放出するとは限らない。 液体の比重が水より小さい場合、その液体は水に浮きやすい。ただし、水に浮くことと水に溶けることは別の性質である。 物性・化学では「密度・比重」の文脈で繰り返し問われます。,pH;アルカリの性質;アルコール類の基礎,,B,水に浮くことと水に溶けることを混同しない。 誤り。液比重と蒸気比重は別である。 誤り。比重と水溶性は別である。 誤り。燃えないとは限らない。,液体の比重と水への浮沈とは？危険物取扱者試験（乙種第4類）で押さえる意味・試験ポイント,このページでは、物性・化学分野の「液体の比重と水への浮沈」を、試験に出る形で整理します。ひとことで言うと、液体の比重が水より小さい場合、その液体は水に浮きやすい。ただし、水に浮くことと水に溶けることは別の性質である。下の目次の順に読むと、定義から演習のポイントまでつながって理解できます。,"液体の比重と水への浮沈は、液体の比重が水より小さい場合、その液体は水に浮きやすい。ただし、水に浮くことと水に溶けることは別の性質である。

誤り。液比重と蒸気比重は別である。

誤り。比重と水溶性は別である。

誤り。燃えないとは限らない。

誤り。酸素を放出するとは限らない。

水に浮くことと水に溶けることを混同しない。

よくある誤りは、水に浮くことと水に溶けることを混同しない。

物性・化学では「pH」「アルカリの性質」など近い用語とセットで出題されます。定義・数値・主体の違いを表で対比し、液体の比重と水への浮沈だけの特徴を一言で言えるようにしてください。",定義を一文で説明できる。;適用する場面（製造・貯蔵・取扱・消火）を挙げられる。;関連する法令名を意識できる。,水に浮くことと水に溶けることを混同しない。,"「液体の比重と水への浮沈」は、物性・化学の頻出語です。

整理のコツ：関連する「pH」「アルカリの性質」「アルコール類の基礎」と、「同じ点・違う点」を表に書き出し、液体の比重と水への浮沈だけの特徴を一行で言えるようにします。

覚え方：間違えたら「水に浮くことと水に溶けることを混同しない」のパターンか確認し、同じ型の誤りが出た問題を2問だけ繰り返します。

復習のしかた：丸暗記より、選択肢の「誤り。」の理由を声に出して説明できるかを目標にします。",水より比重が小さい液体について、一般に正しいものについて、「必ず酸素を放出する。」は正しい。,×。誤り。,液体の比重と水への浮沈とは何ですか？,液体の比重と水への浮沈は、液体の比重が水より小さい場合、その液体は水に浮きやすい。 たとえば、引火点・沸点・密度など、数字と単位をセットで覚えると、選択肢の数値の当たり外れを見分けやすくなります。 試験では、定義を一文で説明できる点を押さえると得点源になります。,液体の比重と水への浮沈は試験でどんなふうに問われますか？,定義を一文で説明できる。適用する場面（製造・貯蔵・取扱・消火）を挙げられる。関連する法令名を意識できる。,液体の比重と水への浮沈で間違えやすい点は？,水に浮くことと水に溶けることを混同しない。,液体の比重と水への浮沈と「pH」「アルカリの性質」の違いは？,「pH」「アルカリの性質」は意味や数値・適用場面が異なります。用語ページの比較表と演習で、液体の比重と水への浮沈だけのポイントを確認してください。
液比重,えきひじゅう,火災・消火・漏えい,火災・消火・漏えい;乙4;頻出;詳細記事;実践演習連動;一問一答連動,"液比重は、ガソリンは液比重が水より小さいため、水に浮きやすい。

たとえば、危険物の性質（水溶性か、蒸気がたまりやすいか）に合った消火・漏えい対策かどうかが、正誤の判断ポイントになります。

試験では、液比重・蒸気比重・水溶性を区別する点を押さえると得点源になります。",まず「液比重」は、ガソリンは液比重が水より小さいため、水に浮きやすい。 水を基準にした液体の重さ、蒸気比重は空気を基準にした蒸気の重さとして整理する。 火災・消火・漏えいでは「第4類共通性質」の文脈で繰り返し問われます。,第4類共通性質;液比重・蒸気比重;蒸気比重,,B,液比重・蒸気比重・水溶性を区別する。 誤り。低所滞留や流出時の危険性に関係する。 誤り。蒸気比重と液体の浮沈は別である。 誤り。浮くことと溶けることは別である。,液比重とは？危険物取扱者試験（乙種第4類）で押さえる意味・試験ポイント,このページでは、火災・消火・漏えい分野の「液比重」を、試験に出る形で整理します。ひとことで言うと、ガソリンは液比重が水より小さいため、水に浮きやすい。下の目次の順に読むと、定義から演習のポイントまでつながって理解できます。,"液比重は、ガソリンは液比重が水より小さいため、水に浮きやすい。 水に対する液体の重さ、蒸気比重は空気に対する蒸気の重さに関係する。両者は別の性質である。

試験では、液比重・蒸気比重・水溶性を区別する点が問われます。

誤り。低所滞留や流出時の危険性に関係する。

誤り。蒸気比重と液体の浮沈は別である。

誤り。浮くことと溶けることは別である。

誤り。液比重と蒸気比重は連動するとは限らない。

液比重・蒸気比重・水溶性を区別する。

火災・消火・漏えいでは「第4類共通性質」「液比重・蒸気比重」など近い用語とセットで出題されます。定義・数値・主体の違いを表で対比し、液比重だけの特徴を一言で言えるようにしてください。

水を基準にした液体の重さ、蒸気比重は空気を基準にした蒸気の重さとして整理する。",液比重・蒸気比重・水溶性を区別する。,類似語と混同する。;数字や条件を取り違える。;すべての危険物に当てはめる。,"「液比重」は、火災・消火・漏えいの頻出語です。

整理のコツ：関連する「第4類共通性質」「液比重・蒸気比重」「蒸気比重」と、「同じ点・違う点」を表に書き出し、液比重だけの特徴を一行で言えるようにします。

覚え方：間違えたら「類似語と混同する」のパターンか確認し、同じ型の誤りが出た問題を2問だけ繰り返します。

復習のしかた：丸暗記より、選択肢の「誤り。」の理由を声に出して説明できるかを目標にします。",第4類危険物の性質について、「液比重も蒸気比重も、危険性とは一切関係がない。」は正しい。,×。誤り。,液比重とは何ですか？,液比重は、ガソリンは液比重が水より小さいため、水に浮きやすい。 たとえば、危険物の性質（水溶性か、蒸気がたまりやすいか）に合った消火・漏えい対策かどうかが、正誤の判断ポイントになります。 試験では、液比重・蒸気比重・水溶性を区別する点を押さえると得点源になります。,液比重は試験でどんなふうに問われますか？,液比重・蒸気比重・水溶性を区別する。,液比重で間違えやすい点は？,類似語と混同する。数字や条件を取り違える。,液比重と「第4類共通性質」「液比重・蒸気比重」の違いは？,「第4類共通性質」「液比重・蒸気比重」は意味や数値・適用場面が異なります。用語ページの比較表と演習で、液比重だけのポイントを確認してください。
液比重・蒸気比重,えきひじゅう・じょうきひじゅう,火災・消火・漏えい,火災・消火・漏えい;乙4;頻出;詳細記事;実践演習連動;一問一答連動,"液比重・蒸気比重は、液比重・蒸気比重・水溶性を区別する。

たとえば、密閉空間では蒸気がたまりやすく、換気と火気厳禁が重要です。数値（引火点・爆発下限界など）は品名とセットで確認してください。

試験では、液比重・蒸気比重・水溶性を区別する点を押さえると得点源になります。",まず「液比重・蒸気比重」は、液比重・蒸気比重・水溶性を区別する。 液比重は水を基準にした液体の重さ、蒸気比重は空気を基準にした蒸気の重さとして整理する。 火災・消火・漏えいでは「第4類共通性質」の文脈で繰り返し問われます。,アセトアルデヒド;アセトン;アニリン,,B,液比重・蒸気比重・水溶性を区別する。 誤り。低所滞留や流出時の危険性に関係する。 誤り。蒸気比重と液体の浮沈は別である。 誤り。浮くことと溶けることは別である。,液比重・蒸気比重とは？危険物取扱者試験（乙種第4類）で押さえる意味・試験ポイント,このページでは、火災・消火・漏えい分野の「液比重・蒸気比重」を、試験に出る形で整理します。ひとことで言うと、液比重・蒸気比重・水溶性を区別する。下の目次の順に読むと、定義から演習のポイントまでつながって理解できます。,"液比重・蒸気比重は、液比重・蒸気比重・水溶性を区別する。 液比重は水に対する液体の重さ、蒸気比重は空気に対する蒸気の重さに関係する。両者は別の性質である。

試験では、液比重・蒸気比重・水溶性を区別する点が問われます。

誤り。低所滞留や流出時の危険性に関係する。

誤り。蒸気比重と液体の浮沈は別である。

誤り。浮くことと溶けることは別である。

誤り。液比重と蒸気比重は連動するとは限らない。

液比重・蒸気比重・水溶性を区別する。

火災・消火・漏えいでは「アセトアルデヒド」「アセトン」など近い用語とセットで出題されます。定義・数値・主体の違いを表で対比し、液比重・蒸気比重だけの特徴を一言で言えるようにしてください。

液比重は水を基準にした液体の重さ、蒸気比重は空気を基準にした蒸気の重さとして整理する。

ガソリンは液比重が水より小さいため、水に浮きやすい。",液比重・蒸気比重・水溶性を区別する。,類似語と混同する。;数字や条件を取り違える。;すべての危険物に当てはめる。,"「液比重・蒸気比重」は、火災・消火・漏えいの頻出語です。

整理のコツ：関連する「アセトアルデヒド」「アセトン」「アニリン」と、「同じ点・違う点」を表に書き出し、液比重・蒸気比重だけの特徴を一行で言えるようにします。

覚え方：間違えたら「類似語と混同する」のパターンか確認し、同じ型の誤りが出た問題を2問だけ繰り返します。

復習のしかた：丸暗記より、選択肢の「誤り。」の理由を声に出して説明できるかを目標にします。",第4類危険物の性質について、「液比重も蒸気比重も、危険性とは一切関係がない。」は正しい。,×。誤り。,液比重・蒸気比重とは何ですか？,液比重・蒸気比重は、液比重・蒸気比重・水溶性を区別する。 たとえば、密閉空間では蒸気がたまりやすく、換気と火気厳禁が重要です。数値（引火点・爆発下限界など）は品名とセットで確認してください。 試験では、液比重・蒸気比重・水溶性を区別する点を押さえると得点源になります。,液比重・蒸気比重は試験でどんなふうに問われますか？,液比重・蒸気比重・水溶性を区別する。,液比重・蒸気比重で間違えやすい点は？,類似語と混同する。数字や条件を取り違える。,液比重・蒸気比重と「アセトアルデヒド」「アセトン」の違いは？,「アセトアルデヒド」「アセトン」は意味や数値・適用場面が異なります。用語ページの比較表と演習で、液比重・蒸気比重だけのポイントを確認してください。
混合物,こんごうぶつ,物性・化学,物性・化学;乙4;頻出;詳細記事;実践演習連動;一問一答連動,"混合物は、複数の物質が混じり合ったものである。

たとえば、引火点・沸点・密度など、数字と単位をセットで覚えると、選択肢の数値の当たり外れを見分けやすくなります。

試験では、定義を一文で説明できる点を押さえると得点源になります。",まず「混合物」は、複数の物質が混じり合ったものである。化合物とは異なる。 単体は、1種類の元素からできている物質である。 物性・化学では「物質の構成」の文脈で繰り返し問われます。,物質の構成;単体・化合物・混合物;化合物,,B,誤り。免状分類ではない。 誤り。温度単位ではない。 誤り。単体の説明である。,混合物とは？危険物取扱者試験（乙種第4類）で押さえる意味・試験ポイント,このページでは、物性・化学分野の「混合物」を、試験に出る形で整理します。ひとことで言うと、複数の物質が混じり合ったものである。化合物とは異なる。下の目次の順に読むと、定義から演習のポイントまでつながって理解できます。,"混合物は、複数の物質が混じり合ったものである。化合物とは異なる。 単体は、1種類の元素からできている物質である。

誤り。免状分類ではない。

誤り。温度単位ではない。

誤り。単体の説明である。

誤り。混じっただけでは必ず化学反応が起きるわけではない。

物性・化学では「物質の構成」「単体・化合物・混合物」など近い用語とセットで出題されます。定義・数値・主体の違いを表で対比し、混合物だけの特徴を一言で言えるようにしてください。",定義を一文で説明できる。;適用する場面（製造・貯蔵・取扱・消火）を挙げられる。;関連する法令名を意識できる。,類似語と混同する。;数字や条件を取り違える。;すべての危険物に当てはめる。,"「混合物」は、物性・化学の頻出語です。

整理のコツ：関連する「物質の構成」「単体・化合物・混合物」「化合物」と、「同じ点・違う点」を表に書き出し、混合物だけの特徴を一行で言えるようにします。

覚え方：間違えたら「類似語と混同する」のパターンか確認し、同じ型の誤りが出た問題を2問だけ繰り返します。

復習のしかた：丸暗記より、選択肢の「誤り。」の理由を声に出して説明できるかを目標にします。",混合物について、「必ず化学反応で新しい物質になる。」は正しい。,×。誤り。,混合物とは何ですか？,混合物は、複数の物質が混じり合ったものである。 たとえば、引火点・沸点・密度など、数字と単位をセットで覚えると、選択肢の数値の当たり外れを見分けやすくなります。 試験では、定義を一文で説明できる点を押さえると得点源になります。,混合物は試験でどんなふうに問われますか？,定義を一文で説明できる。適用する場面（製造・貯蔵・取扱・消火）を挙げられる。関連する法令名を意識できる。,混合物で間違えやすい点は？,類似語と混同する。数字や条件を取り違える。,混合物と「物質の構成」「単体・化合物・混合物」の違いは？,「物質の構成」「単体・化合物・混合物」は意味や数値・適用場面が異なります。用語ページの比較表と演習で、混合物だけのポイントを確認してください。
混載制限,こんさいせいげん,法令・制度,法令・制度;乙4;頻出;詳細記事;実践演習連動;一問一答連動,"混載制限は、危険物の運搬では、危険物の性質に応じた表示、積載方法、混載制限などが問題となる。

たとえば、条文では「消防法で定める」「政令で定める」「施行令で定める」のように、どの法令に書かれているかを選ぶ問題がよく出ます。

試験では、運搬では表示・積載・混載・漏えい防止が重要点を押さえると得点源になります。",まず「混載制限」は、危険物の運搬では、危険物の性質に応じた表示、積載方法、混載制限などが問題となる。漏えい、火気、混載には注意が必要である。 危険物の運搬では、危険物の性質に応じて混載制限が問題となる場合がある。 法令・制度では「運搬」の文脈で繰り返し問われます。,運搬時の表示・混載制限;運搬;運搬時の表示,危険物の規制に関する政令,B,運搬では表示・積載・混載・漏えい防止が重要。 表示だけで安全性が保証されるわけではない。 表示だけで安全確保が完了するわけではない。 誤り。容器基準や収納方法も重要である。,混載制限とは？危険物取扱者試験（乙種第4類）で押さえる意味・試験ポイント,このページでは、法令・制度分野の「混載制限」を、試験に出る形で整理します。ひとことで言うと、危険物の運搬では、危険物の性質に応じた表示、積載方法、混載制限などが問題となる。漏えい、火気、混載には注意が必要である。下の目次の順に読むと、定義から演習のポイントまでつながって理解できます。,"混載制限は、危険物の運搬では、危険物の性質に応じた表示、積載方法、混載制限などが問題となる。漏えい、火気、混載には注意が必要である。 危険物の運搬では、危険物の性質に応じて混載制限が問題となる場合がある。

試験では、運搬では表示・積載・混載・漏えい防止が重要点が問われます。

誤り。容器基準や収納方法も重要である。

誤り。食品との自由な混載が常に認められるわけではない。

誤り。火気は危険である。

誤り。漏えい時は適切な措置が必要である。

運搬では表示・積載・混載・漏えい防止が重要。

表示だけで安全性が保証されるわけではない。

表示だけで安全確保が完了するわけではない。

よくある誤りは、表示だけで安全性が保証されるわけではない。表示だけで安全確保が完了するわけではない。

法令・制度では「運搬時の表示・混載制限」「運搬」など近い用語とセットで出題されます。定義・数値・主体の違いを表で対比し、混載制限だけの特徴を一言で言えるようにしてください。

危険物の運搬では、危険物の種類や数量等に応じて表示が必要です場合がある。

危険物の運搬では、危険物の性質に応じて混載が制限される場合がある。",運搬では表示・積載・混載・漏えい防止が重要。,表示だけで安全性が保証されるわけではない。;表示だけで安全確保が完了するわけではない。,"「混載制限」は、法令・制度の頻出語です。

整理のコツ：関連する「運搬時の表示・混載制限」「運搬」「運搬時の表示」と、「同じ点・違う点」を表に書き出し、混載制限だけの特徴を一行で言えるようにします。

覚え方：間違えたら「表示だけで安全性が保証されるわけではない」のパターンか確認し、同じ型の誤りが出た問題を2問だけ繰り返します。

復習のしかた：丸暗記より、選択肢の「誤り。」の理由を声に出して説明できるかを目標にします。",危険物の運搬について、適切なものについて、「危険物の性質に応じて、表示、積載、混載などの基準に従う。」は正しい。,○。正しい。,混載制限とは何ですか？,混載制限は、危険物の運搬では、危険物の性質に応じた表示、積載方法、混載制限などが問題となる。 たとえば、条文では「消防法で定める」「政令で定める」「施行令で定める」のように、どの法令に書かれているかを選ぶ問題がよく出ます。 試験では、運搬では表示・積載・混載・漏えい防止が重要点を押さえると得点源になります。,混載制限は試験でどんなふうに問われますか？,運搬では表示・積載・混載・漏えい防止が重要。,混載制限で間違えやすい点は？,表示だけで安全性が保証されるわけではない。表示だけで安全確保が完了するわけではない。,混載制限と「運搬時の表示・混載制限」「運搬」の違いは？,「運搬時の表示・混載制限」「運搬」は意味や数値・適用場面が異なります。用語ページの比較表と演習で、混載制限だけのポイントを確認してください。
温度と熱量,おんどとねつりょう,物性・化学,物性・化学;乙4;頻出;詳細記事;実践演習連動;一問一答連動,"温度と熱量は、温度は熱さ冷たさの程度を表し、熱量は移動・蓄積される熱エネルギーの量を表す。

たとえば、引火点・沸点・密度など、数字と単位をセットで覚えると、選択肢の数値の当たり外れを見分けやすくなります。

試験では、定義を一文で説明できる点を押さえると得点源になります。",まず「温度と熱量」は、温度は熱さ冷たさの程度を表し、熱量は移動・蓄積される熱エネルギーの量を表す。 温度は、物体の熱さ冷たさの程度を表す。 物性・化学では「熱」の文脈で繰り返し問われます。,pH;アルカリの性質;アルコール類の基礎,,B,誤り。免状番号ではない。 誤り。密度の説明である。 誤り。色を表す値ではない。,温度と熱量とは？危険物取扱者試験（乙種第4類）で押さえる意味・試験ポイント,このページでは、物性・化学分野の「温度と熱量」を、試験に出る形で整理します。ひとことで言うと、温度は熱さ冷たさの程度を表し、熱量は移動・蓄積される熱エネルギーの量を表す。下の目次の順に読むと、定義から演習のポイントまでつながって理解できます。,"温度と熱量は、温度は熱さ冷たさの程度を表し、熱量は移動・蓄積される熱エネルギーの量を表す。 温度は、物体の熱さ冷たさの程度を表す。

誤り。免状番号ではない。

誤り。密度の説明である。

誤り。色を表す値ではない。

誤り。単位も意味も異なる。

物性・化学では「pH」「アルカリの性質」など近い用語とセットで出題されます。定義・数値・主体の違いを表で対比し、温度と熱量だけの特徴を一言で言えるようにしてください。",定義を一文で説明できる。;適用する場面（製造・貯蔵・取扱・消火）を挙げられる。;関連する法令名を意識できる。,類似語と混同する。;数字や条件を取り違える。;すべての危険物に当てはめる。,"「温度と熱量」は、物性・化学の頻出語です。

整理のコツ：関連する「pH」「アルカリの性質」「アルコール類の基礎」と、「同じ点・違う点」を表に書き出し、温度と熱量だけの特徴を一行で言えるようにします。

覚え方：間違えたら「類似語と混同する」のパターンか確認し、同じ型の誤りが出た問題を2問だけ繰り返します。

復習のしかた：丸暗記より、選択肢の「誤り。」の理由を声に出して説明できるかを目標にします。",温度と熱量の説明について、「温度は熱さ冷たさの程度、熱量は熱のエネルギー量を表す。」は正しい。,○。正しい。,温度と熱量とは何ですか？,温度と熱量は、温度は熱さ冷たさの程度を表し、熱量は移動・蓄積される熱エネルギーの量を表す。 たとえば、引火点・沸点・密度など、数字と単位をセットで覚えると、選択肢の数値の当たり外れを見分けやすくなります。 試験では、定義を一文で説明できる点を押さえると得点源になります。,温度と熱量は試験でどんなふうに問われますか？,定義を一文で説明できる。適用する場面（製造・貯蔵・取扱・消火）を挙げられる。関連する法令名を意識できる。,温度と熱量で間違えやすい点は？,類似語と混同する。数字や条件を取り違える。,温度と熱量と「pH」「アルカリの性質」の違いは？,「pH」「アルカリの性質」は意味や数値・適用場面が異なります。用語ページの比較表と演習で、温度と熱量だけのポイントを確認してください。
漏えい,ろうえい,火災・消火・漏えい,火災・消火・漏えい;乙4;頻出;詳細記事;実践演習連動;一問一答連動,"漏えいは、危険物がタンク・配管・容器などから外へ漏れ出すことを指します。

たとえば、危険物の性質（水溶性か、蒸気がたまりやすいか）に合った消火・漏えい対策かどうかが、正誤の判断ポイントになります。

試験では、防油堤・拡散防止点を押さえると得点源になります。",まず「漏えい」は、危険物がタンク・配管・容器などから外へ漏れ出すことを指します。,火災予防;漏えい・流出時の危険;流出時の危険,危険物の規制に関する政令,B,漏えい時は火気厳禁・流出防止・回収。 誤り。可燃性蒸気をためてはならない。 誤り。裸火は危険である。 誤り。排水溝へ流すのは危険である。,漏えいとは？危険物取扱者試験（乙種第4類）で押さえる意味・試験ポイント,このページでは、火災・消火・漏えい分野の「漏えい」を、試験に出る形で整理します。ひとことで言うと、危険物がタンク・配管・容器などから外へ漏れ出すことを指します。下の目次の順に読むと、定義から演習のポイントまでつながって理解できます。,"漏えい・流出時は、火気の除去、拡散防止、防油堤内への封じ込め、回収、報告・届出が重要です。非水溶性液体は水面拡散、水溶性は希釈と環境影響の両面に注意します。

「流出」とほぼ同義で使われることが多いですが、試験では屋外タンクの防油堤や応急措置の条文とセットで整理してください。

誤り。可燃性蒸気をためてはならない。

誤り。裸火は危険である。

誤り。排水溝へ流すのは危険である。

誤り。喫煙は火気であり危険である。

漏えい時は火気厳禁・流出防止・回収。",防油堤・拡散防止。;火気厳禁・回収。;報告・届出。,漏えいを放置しても問題ないと誤解する。;非水溶性に注水だけで十分と誤る。,"「漏えい」は、火災・消火・漏えいの頻出語です。

整理のコツ：関連する「火災予防」「漏えい・流出時の危険」「流出時の危険」と、「同じ点・違う点」を表に書き出し、漏えいだけの特徴を一行で言えるようにします。

覚え方：間違えたら「漏えいを放置しても問題ないと誤解する」のパターンか確認し、同じ型の誤りが出た問題を2問だけ繰り返します。

復習のしかた：丸暗記より、選択肢の「誤り。」の理由を声に出して説明できるかを目標にします。",第4類危険物が漏えいした場合の対応として、適切なものについて、「漏えい箇所の周囲で喫煙する。」は正しい。,×。誤り。,漏えいとは何ですか？,漏えいは、危険物がタンク・配管・容器などから外へ漏れ出すことを指します。 たとえば、危険物の性質（水溶性か、蒸気がたまりやすいか）に合った消火・漏えい対策かどうかが、正誤の判断ポイントになります。 試験では、防油堤・拡散防止点を押さえると得点源になります。,漏えいは試験でどんなふうに問われますか？,防油堤・拡散防止。火気厳禁・回収。報告・届出。,漏えいで間違えやすい点は？,漏えいを放置しても問題ないと誤解する。非水溶性に注水だけで十分と誤る。,漏えいと「火災予防」「漏えい・流出時の危険」の違いは？,「火災予防」「漏えい・流出時の危険」は意味や数値・適用場面が異なります。用語ページの比較表と演習で、漏えいだけのポイントを確認してください。
漏えい・流出時の危険,ろうえい・りゅうしゅつときのきけん,火災・消火・漏えい,火災・消火・漏えい;乙4;頻出;詳細記事;実践演習連動;一問一答連動,"漏えい・流出時の危険は、第4類危険物が漏えいした場合は、火気を避け、流出拡大を防ぎ、換気や回収など適切な措置を行う必要がある。

たとえば、危険物の性質（水溶性か、蒸気がたまりやすいか）に合った消火・漏えい対策かどうかが、正誤の判断ポイントになります。

試験では、漏えい時は火気厳禁・流出防止・回収点を押さえると得点源になります。",まず「漏えい・流出時の危険」は、第4類危険物が漏えいした場合は、火気を避け、流出拡大を防ぎ、換気や回収など適切な措置を行う必要がある。 流出時は火気を避け、流出拡大を防ぎ、適切に回収する。 火災・消火・漏えいでは「火災予防」の文脈で繰り返し問われます。,アセトアルデヒド;アセトン;アニリン,,B,漏えい時は火気厳禁・流出防止・回収。 誤り。可燃性蒸気をためてはならない。 誤り。裸火は危険である。 誤り。排水溝へ流すのは危険である。,漏えい・流出時の危険とは？危険物取扱者試験（乙種第4類）で押さえる意味・試験ポイント,このページでは、火災・消火・漏えい分野の「漏えい・流出時の危険」を、試験に出る形で整理します。ひとことで言うと、第4類危険物が漏えいした場合は、火気を避け、流出拡大を防ぎ、換気や回収など適切な措置を行う必要がある。下の目次の順に読むと、定義から演習のポイントまでつながって理解できます。,"漏えい・流出時の危険は、第4類危険物が漏えいした場合は、火気を避け、流出拡大を防ぎ、換気や回収など適切な措置を行う必要がある。 流出時は火気を避け、流出拡大を防ぎ、適切に回収する。

試験では、漏えい時は火気厳禁・流出防止・回収点が問われます。

誤り。可燃性蒸気をためてはならない。

誤り。裸火は危険である。

誤り。排水溝へ流すのは危険である。

誤り。喫煙は火気であり危険である。

漏えい時は火気厳禁・流出防止・回収。

火災・消火・漏えいでは「アセトアルデヒド」「アセトン」など近い用語とセットで出題されます。定義・数値・主体の違いを表で対比し、漏えい・流出時の危険だけの特徴を一言で言えるようにしてください。",漏えい時は火気厳禁・流出防止・回収。,類似語と混同する。;数字や条件を取り違える。;すべての危険物に当てはめる。,"「漏えい・流出時の危険」は、火災・消火・漏えいの頻出語です。

整理のコツ：関連する「アセトアルデヒド」「アセトン」「アニリン」と、「同じ点・違う点」を表に書き出し、漏えい・流出時の危険だけの特徴を一行で言えるようにします。

覚え方：間違えたら「類似語と混同する」のパターンか確認し、同じ型の誤りが出た問題を2問だけ繰り返します。

復習のしかた：丸暗記より、選択肢の「誤り。」の理由を声に出して説明できるかを目標にします。",第4類危険物が漏えいした場合の対応として、適切なものについて、「漏えい箇所の周囲で喫煙する。」は正しい。,×。誤り。,漏えい・流出時の危険とは何ですか？,漏えい・流出時の危険は、第4類危険物が漏えいした場合は、火気を避け、流出拡大を防ぎ、換気や回収など適切な措置を行う必要がある。 たとえば、危険物の性質（水溶性か、蒸気がたまりやすいか）に合った消火・漏えい対策かどうかが、正誤の判断ポイントになります。 試験では、漏えい時は火気厳禁・流出防止・回収点を押さえると得点源になります。,漏えい・流出時の危険は試験でどんなふうに問われますか？,漏えい時は火気厳禁・流出防止・回収。,漏えい・流出時の危険で間違えやすい点は？,類似語と混同する。数字や条件を取り違える。,漏えい・流出時の危険と「アセトアルデヒド」「アセトン」の違いは？,「アセトアルデヒド」「アセトン」は意味や数値・適用場面が異なります。用語ページの比較表と演習で、漏えい・流出時の危険だけのポイントを確認してください。
漏えい対策,ろうえいたいさく,火災・消火・漏えい,火災・消火・漏えい;乙4;頻出;詳細記事;実践演習連動;一問一答連動,"漏えい対策は、第4類危険物が漏えいした場合は、火気を避け、流出拡大を防ぎ、換気や回収など適切な措置を行う必要がある。

たとえば、危険物の性質（水溶性か、蒸気がたまりやすいか）に合った消火・漏えい対策かどうかが、正誤の判断ポイントになります。

試験では、漏えい時は火気厳禁・流出防止・回収点を押さえると得点源になります。",まず「漏えい対策」は、第4類危険物が漏えいした場合は、火気を避け、流出拡大を防ぎ、換気や回収など適切な措置を行う必要がある。 流出時は火気を避け、流出拡大を防ぎ、適切に回収する。 火災・消火・漏えいでは「火災予防」の文脈で繰り返し問われます。,火災予防;漏えい・流出時の危険;漏えい,,B,漏えい時は火気厳禁・流出防止・回収。 誤り。可燃性蒸気をためてはならない。 誤り。裸火は危険である。 誤り。排水溝へ流すのは危険である。,漏えい対策とは？危険物取扱者試験（乙種第4類）で押さえる意味・試験ポイント,このページでは、火災・消火・漏えい分野の「漏えい対策」を、試験に出る形で整理します。ひとことで言うと、第4類危険物が漏えいした場合は、火気を避け、流出拡大を防ぎ、換気や回収など適切な措置を行う必要がある。下の目次の順に読むと、定義から演習のポイントまでつながって理解できます。,"漏えい対策は、第4類危険物が漏えいした場合は、火気を避け、流出拡大を防ぎ、換気や回収など適切な措置を行う必要がある。 流出時は火気を避け、流出拡大を防ぎ、適切に回収する。

試験では、漏えい時は火気厳禁・流出防止・回収点が問われます。

誤り。可燃性蒸気をためてはならない。

誤り。裸火は危険である。

誤り。排水溝へ流すのは危険である。

誤り。喫煙は火気であり危険である。

漏えい時は火気厳禁・流出防止・回収。

火災・消火・漏えいでは「火災予防」「漏えい・流出時の危険」など近い用語とセットで出題されます。定義・数値・主体の違いを表で対比し、漏えい対策だけの特徴を一言で言えるようにしてください。",漏えい時は火気厳禁・流出防止・回収。,類似語と混同する。;数字や条件を取り違える。;すべての危険物に当てはめる。,"「漏えい対策」は、火災・消火・漏えいの頻出語です。

整理のコツ：関連する「火災予防」「漏えい・流出時の危険」「漏えい」と、「同じ点・違う点」を表に書き出し、漏えい対策だけの特徴を一行で言えるようにします。

覚え方：間違えたら「類似語と混同する」のパターンか確認し、同じ型の誤りが出た問題を2問だけ繰り返します。

復習のしかた：丸暗記より、選択肢の「誤り。」の理由を声に出して説明できるかを目標にします。",第4類危険物が漏えいした場合の対応として、適切なものについて、「漏えい箇所の周囲で喫煙する。」は正しい。,×。誤り。,漏えい対策とは何ですか？,漏えい対策は、第4類危険物が漏えいした場合は、火気を避け、流出拡大を防ぎ、換気や回収など適切な措置を行う必要がある。 たとえば、危険物の性質（水溶性か、蒸気がたまりやすいか）に合った消火・漏えい対策かどうかが、正誤の判断ポイントになります。 試験では、漏えい時は火気厳禁・流出防止・回収点を押さえると得点源になります。,漏えい対策は試験でどんなふうに問われますか？,漏えい時は火気厳禁・流出防止・回収。,漏えい対策で間違えやすい点は？,類似語と混同する。数字や条件を取り違える。,漏えい対策と「火災予防」「漏えい・流出時の危険」の違いは？,「火災予防」「漏えい・流出時の危険」は意味や数値・適用場面が異なります。用語ページの比較表と演習で、漏えい対策だけのポイントを確認してください。
漏えい防止,ろうえいぼうし,法令・制度,法令・制度;乙4;頻出;詳細記事;実践演習連動;一問一答連動,"漏えい防止は、第4類では火気・静電気・漏えい防止が重要。

たとえば、危険物の性質（水溶性か、蒸気がたまりやすいか）に合った消火・漏えい対策かどうかが、正誤の判断ポイントになります。

試験では、第4類では火気・静電気・漏えい防止が重要点を押さえると得点源になります。",まず「漏えい防止」は、第4類では火気・静電気・漏えい防止が重要。 第4類危険物を扱う場所では、可燃性蒸気への引火を避けるため、裸火の使用を避ける必要がある。 法令・制度では「火災予防」の文脈で繰り返し問われます。,火災予防;火気・静電気・漏えい防止;静電気,消防法,B,第4類では火気・静電気・漏えい防止が重要。 適切な対策と危険行為を取り違えない。 誤り。裸火を近づけるのは危険である。 誤り。接地は静電気対策として重要である。,漏えい防止とは？危険物取扱者試験（乙種第4類）で押さえる意味・試験ポイント,このページでは、法令・制度分野の「漏えい防止」を、試験に出る形で整理します。ひとことで言うと、第4類では火気・静電気・漏えい防止が重要。下の目次の順に読むと、定義から演習のポイントまでつながって理解できます。,"漏えい防止は、第4類では火気・静電気・漏えい防止が重要。 第4類危険物では、火気を遠ざけ、静電気、漏えい、換気に注意することが火災予防上重要である。

試験では、第4類では火気・静電気・漏えい防止が重要点が問われます。

誤り。裸火を近づけるのは危険である。

誤り。接地は静電気対策として重要である。

誤り。開放・加熱は危険である。

誤り。排水溝へ流すのは危険である。

第4類では火気・静電気・漏えい防止が重要。

適切な対策と危険行為を取り違えない。

よくある誤りは、適切な対策と危険行為を取り違えない。

法令・制度では「火災予防」「火気・静電気・漏えい防止」など近い用語とセットで出題されます。定義・数値・主体の違いを表で対比し、漏えい防止だけの特徴を一言で言えるようにしてください。

第4類危険物を扱う場所では、可燃性蒸気への引火を避けるため、裸火の使用を避ける必要がある。",第4類では火気・静電気・漏えい防止が重要。,適切な対策と危険行為を取り違えない。,"「漏えい防止」は、法令・制度の頻出語です。

整理のコツ：関連する「火災予防」「火気・静電気・漏えい防止」「静電気」と、「同じ点・違う点」を表に書き出し、漏えい防止だけの特徴を一行で言えるようにします。

覚え方：間違えたら「適切な対策と危険行為を取り違えない」のパターンか確認し、同じ型の誤りが出た問題を2問だけ繰り返します。

復習のしかた：丸暗記より、選択肢の「誤り。」の理由を声に出して説明できるかを目標にします。",第4類危険物を取り扱う場所での火災予防として、適切なものについて、「可燃性蒸気を確認するため、裸火を近づける。」は正しい。,×。誤り。,漏えい防止とは何ですか？,漏えい防止は、第4類では火気・静電気・漏えい防止が重要。 たとえば、危険物の性質（水溶性か、蒸気がたまりやすいか）に合った消火・漏えい対策かどうかが、正誤の判断ポイントになります。 試験では、第4類では火気・静電気・漏えい防止が重要点を押さえると得点源になります。,漏えい防止は試験でどんなふうに問われますか？,第4類では火気・静電気・漏えい防止が重要。,漏えい防止で間違えやすい点は？,適切な対策と危険行為を取り違えない。,漏えい防止と「火災予防」「火気・静電気・漏えい防止」の違いは？,「火災予防」「火気・静電気・漏えい防止」は意味や数値・適用場面が異なります。用語ページの比較表と演習で、漏えい防止だけのポイントを確認してください。
漏えい防止堤,ろうえいぼうしつつみ,火災・消火・漏えい,火災・消火・漏えい;乙4;頻出;詳細記事;実践演習連動;一問一答連動,"漏えい防止堤は、第4類危険物では、火気を遠ざけ、静電気、漏えい、換気に注意することが火災予防上重要である。

たとえば、危険物の性質（水溶性か、蒸気がたまりやすいか）に合った消火・漏えい対策かどうかが、正誤の判断ポイントになります。

試験では、第4類では火気・静電気・漏えい防止が重要点を押さえると得点源になります。",まず「漏えい防止堤」は、第4類危険物では、火気を遠ざけ、静電気、漏えい、換気に注意することが火災予防上重要である。 第4類危険物を扱う場所では、可燃性蒸気への引火を避けるため、裸火の使用を避ける必要がある。 火災・消火・漏えいでは「火災予防」の文脈で繰り返し問われます。,火災予防;火気・静電気・漏えい防止;静電気,,B,第4類では火気・静電気・漏えい防止が重要。 適切な対策と危険行為を取り違えない。 誤り。裸火を近づけるのは危険である。 誤り。接地は静電気対策として重要である。,漏えい防止堤とは？危険物取扱者試験（乙種第4類）で押さえる意味・試験ポイント,このページでは、火災・消火・漏えい分野の「漏えい防止堤」を、試験に出る形で整理します。ひとことで言うと、第4類危険物では、火気を遠ざけ、静電気、漏えい、換気に注意することが火災予防上重要である。下の目次の順に読むと、定義から演習のポイントまでつながって理解できます。,"漏えい防止堤は、第4類危険物では、火気を遠ざけ、静電気、漏えい、換気に注意することが火災予防上重要である。 第4類危険物を扱う場所では、可燃性蒸気への引火を避けるため、裸火の使用を避ける必要がある。

試験では、第4類では火気・静電気・漏えい防止が重要点が問われます。

誤り。裸火を近づけるのは危険である。

誤り。接地は静電気対策として重要である。

誤り。開放・加熱は危険である。

誤り。排水溝へ流すのは危険である。

第4類では火気・静電気・漏えい防止が重要。

適切な対策と危険行為を取り違えない。

よくある誤りは、適切な対策と危険行為を取り違えない。

火災・消火・漏えいでは「火災予防」「火気・静電気・漏えい防止」など近い用語とセットで出題されます。定義・数値・主体の違いを表で対比し、漏えい防止堤だけの特徴を一言で言えるようにしてください。",第4類では火気・静電気・漏えい防止が重要。,適切な対策と危険行為を取り違えない。,"「漏えい防止堤」は、火災・消火・漏えいの頻出語です。

整理のコツ：関連する「火災予防」「火気・静電気・漏えい防止」「静電気」と、「同じ点・違う点」を表に書き出し、漏えい防止堤だけの特徴を一行で言えるようにします。

覚え方：間違えたら「適切な対策と危険行為を取り違えない」のパターンか確認し、同じ型の誤りが出た問題を2問だけ繰り返します。

復習のしかた：丸暗記より、選択肢の「誤り。」の理由を声に出して説明できるかを目標にします。",第4類危険物を取り扱う場所での火災予防として、適切なものについて、「可燃性蒸気を確認するため、裸火を近づける。」は正しい。,×。誤り。,漏えい防止堤とは何ですか？,漏えい防止堤は、第4類危険物では、火気を遠ざけ、静電気、漏えい、換気に注意することが火災予防上重要である。 たとえば、危険物の性質（水溶性か、蒸気がたまりやすいか）に合った消火・漏えい対策かどうかが、正誤の判断ポイントになります。 試験では、第4類では火気・静電気・漏えい防止が重要点を押さえると得点源になります。,漏えい防止堤は試験でどんなふうに問われますか？,第4類では火気・静電気・漏えい防止が重要。,漏えい防止堤で間違えやすい点は？,適切な対策と危険行為を取り違えない。,漏えい防止堤と「火災予防」「火気・静電気・漏えい防止」の違いは？,「火災予防」「火気・静電気・漏えい防止」は意味や数値・適用場面が異なります。用語ページの比較表と演習で、漏えい防止堤だけのポイントを確認してください。
潜熱・顕熱,せんねつ・けんねつ,物性・化学,物性・化学;乙4;頻出;詳細記事;実践演習連動;一問一答連動,"潜熱・顕熱は、潜熱は、融解や蒸発などの状態変化に伴って出入りする熱であり、温度変化として現れにくい。

たとえば、引火点・沸点・密度など、数字と単位をセットで覚えると、選択肢の数値の当たり外れを見分けやすくなります。

試験では、定義を一文で説明できる点を押さえると得点源になります。",まず「潜熱・顕熱」は、潜熱は、融解や蒸発などの状態変化に伴って出入りする熱であり、温度変化として現れにくい。 融解などの状態変化に伴って出入りする熱は潜熱である。 物性・化学では「熱」の文脈で繰り返し問われます。,pH;アルカリの性質;アルコール類の基礎,,B,誤り。必ず消火する熱ではない。 誤り。蒸気比重の単位ではない。 誤り。指定数量ではない。,潜熱・顕熱とは？危険物取扱者試験（乙種第4類）で押さえる意味・試験ポイント,このページでは、物性・化学分野の「潜熱・顕熱」を、試験に出る形で整理します。ひとことで言うと、潜熱は、融解や蒸発などの状態変化に伴って出入りする熱であり、温度変化として現れにくい。下の目次の順に読むと、定義から演習のポイントまでつながって理解できます。,"潜熱・顕熱は、潜熱は、融解や蒸発などの状態変化に伴って出入りする熱であり、温度変化として現れにくい。 融解などの状態変化に伴って出入りする熱は潜熱である。

誤り。必ず消火する熱ではない。

誤り。蒸気比重の単位ではない。

誤り。指定数量ではない。

誤り。色を変える熱ではない。

物性・化学では「pH」「アルカリの性質」など近い用語とセットで出題されます。定義・数値・主体の違いを表で対比し、潜熱・顕熱だけの特徴を一言で言えるようにしてください。",定義を一文で説明できる。;適用する場面（製造・貯蔵・取扱・消火）を挙げられる。;関連する法令名を意識できる。,類似語と混同する。;数字や条件を取り違える。;すべての危険物に当てはめる。,"「潜熱・顕熱」は、物性・化学の頻出語です。

整理のコツ：関連する「pH」「アルカリの性質」「アルコール類の基礎」と、「同じ点・違う点」を表に書き出し、潜熱・顕熱だけの特徴を一行で言えるようにします。

覚え方：間違えたら「類似語と混同する」のパターンか確認し、同じ型の誤りが出た問題を2問だけ繰り返します。

復習のしかた：丸暗記より、選択肢の「誤り。」の理由を声に出して説明できるかを目標にします。",潜熱について、「物体の色を変える熱だけをいう。」は正しい。,×。誤り。,潜熱・顕熱とは何ですか？,潜熱・顕熱は、潜熱は、融解や蒸発などの状態変化に伴って出入りする熱であり、温度変化として現れにくい。 たとえば、引火点・沸点・密度など、数字と単位をセットで覚えると、選択肢の数値の当たり外れを見分けやすくなります。 試験では、定義を一文で説明できる点を押さえると得点源になります。,潜熱・顕熱は試験でどんなふうに問われますか？,定義を一文で説明できる。適用する場面（製造・貯蔵・取扱・消火）を挙げられる。関連する法令名を意識できる。,潜熱・顕熱で間違えやすい点は？,類似語と混同する。数字や条件を取り違える。,潜熱・顕熱と「pH」「アルカリの性質」の違いは？,「pH」「アルカリの性質」は意味や数値・適用場面が異なります。用語ページの比較表と演習で、潜熱・顕熱だけのポイントを確認してください。
潤滑油類,じゅんかつゆるい,火災・消火・漏えい,火災・消火・漏えい;乙4;頻出;詳細記事;実践演習連動;一問一答連動,"潤滑油類は、第四石油類には潤滑油類が含まれる。

たとえば、危険物の性質（水溶性か、蒸気がたまりやすいか）に合った消火・漏えい対策かどうかが、正誤の判断ポイントになります。

試験では、潤滑油は第四石油類・6,000 L点を押さえると得点源になります。",まず「潤滑油類」は、第四石油類には潤滑油類が含まれる。ガソリンは第一石油類、ジエチルエーテルは特殊引火物、メタノールはアルコール類、灯油は第二石油類である。 潤滑油は第四石油類に当てはまる代表例である。 火災・消火・漏えいでは「第四石油類」の文脈で繰り返し問われます。,第四石油類;第四石油類・潤滑油類,危険物の規制に関する政令,B,"第一〜第四石油類の代表例を整理する。 動植物油類10,000 Lと混同しない。 潤滑油は第四石油類・6,000 L。 誤り。メタノールはアルコール類である。",潤滑油類とは？危険物取扱者試験（乙種第4類）で押さえる意味・試験ポイント,このページでは、火災・消火・漏えい分野の「潤滑油類」を、試験に出る形で整理します。ひとことで言うと、第四石油類には潤滑油類が含まれる。ガソリンは第一石油類、ジエチルエーテルは特殊引火物、メタノールはアルコール類、灯油は第二石油類である。下の目次の順に読むと、定義から演習のポイントまでつながって理解できます。,"潤滑油類は、第四石油類には潤滑油類が含まれる。ガソリンは第一石油類、ジエチルエーテルは特殊引火物、メタノールはアルコール類、灯油は第二石油類である。 潤滑油は第四石油類に当てはまる代表例である。

試験では、潤滑油は第四石油類・6,000 L点が問われます。

誤り。メタノールはアルコール類である。

誤り。ガソリンは第一石油類である。

誤り。灯油は第二石油類である。

誤り。ジエチルエーテルは特殊引火物である。

第一〜第四石油類の代表例を整理する。

動植物油類10,000 Lと混同しない。

潤滑油は第四石油類・6,000 L。

よくある誤りは、第一〜第四石油類の代表例を整理する。動植物油類10,000 Lと混同しない。動植物油類10,000 Lと区別する。

火災・消火・漏えいでは「第四石油類」「第四石油類・潤滑油類」など近い用語とセットで出題されます。定義・数値・主体の違いを表で対比し、潤滑油類だけの特徴を一言で言えるようにしてください。

第四石油類の指定数量は6,000 Lである。

潤滑油は第四石油類であり、指定数量は6,000 Lである。","潤滑油は第四石油類・6,000 L。","第一〜第四石油類の代表例を整理する。;動植物油類10,000 Lと混同しない。;動植物油類10,000 Lと区別する。","「潤滑油類」は、火災・消火・漏えいの頻出語です。

整理のコツ：関連する「第四石油類」「第四石油類・潤滑油類」と、「同じ点・違う点」を表に書き出し、潤滑油類だけの特徴を一行で言えるようにします。

覚え方：間違えたら「第一〜第四石油類の代表例を整理する」のパターンか確認し、同じ型の誤りが出た問題を2問だけ繰り返します。

復習のしかた：丸暗記より、選択肢の「誤り。」の理由を声に出して説明できるかを目標にします。",第四石油類の代表例として、適切なものについて、「灯油」は正しい。,×。誤り。,潤滑油類とは何ですか？,"潤滑油類は、第四石油類には潤滑油類が含まれる。 たとえば、危険物の性質（水溶性か、蒸気がたまりやすいか）に合った消火・漏えい対策かどうかが、正誤の判断ポイントになります。 試験では、潤滑油は第四石油類・6,000 L点を押さえると得点源になります。",潤滑油類は試験でどんなふうに問われますか？,"潤滑油は第四石油類・6,000 L。",潤滑油類で間違えやすい点は？,"第一〜第四石油類の代表例を整理する。動植物油類10,000 Lと混同しない。",潤滑油類と「第四石油類」「第四石油類・潤滑油類」の違いは？,「第四石油類」「第四石油類・潤滑油類」は意味や数値・適用場面が異なります。用語ページの比較表と演習で、潤滑油類だけのポイントを確認してください。
濃度の計算,のうどのけいさん,物性・化学,物性・化学;乙4;頻出;詳細記事;実践演習連動;一問一答連動,"濃度の計算は、質量パーセント濃度は、溶質の質量÷溶液の質量×100で求める。

たとえば、引火点・沸点・密度など、数字と単位をセットで覚えると、選択肢の数値の当たり外れを見分けやすくなります。

試験では、質量パーセント濃度＝溶質÷溶液×100点を押さえると得点源になります。",まず「濃度の計算」は、質量パーセント濃度は、溶質の質量÷溶液の質量×100で求める。20÷200×100＝10 %である。 質量パーセント濃度は、溶質の質量÷溶液の質量×100で求める。10÷100×100＝10 %である。 物性・化学では「計算問題」の文脈で繰り返し問われます。,pH;アルカリの性質;アルコール類の基礎,,B,質量パーセント濃度＝溶質÷溶液×100。 水の質量ではなく溶液全体の質量で割る。 誤り。計算結果ではない。 誤り。計算結果は10 %である。,濃度の計算とは？危険物取扱者試験（乙種第4類）で押さえる意味・試験ポイント,このページでは、物性・化学分野の「濃度の計算」を、試験に出る形で整理します。ひとことで言うと、質量パーセント濃度は、溶質の質量÷溶液の質量×100で求める。20÷200×100＝10 %である。下の目次の順に読むと、定義から演習のポイントまでつながって理解できます。,"濃度の計算は、質量パーセント濃度は、溶質の質量÷溶液の質量×100で求める。20÷200×100＝10 %である。 質量パーセント濃度は、溶質の質量÷溶液の質量×100で求める。10÷100×100＝10 %である。

試験では、質量パーセント濃度＝溶質÷溶液×100点が問われます。

誤り。計算結果ではない。

誤り。計算結果は10 %である。

誤り。溶質と溶液の比が違う。

誤り。溶質の質量をそのまま％にしている。

質量パーセント濃度＝溶質÷溶液×100。

水の質量ではなく溶液全体の質量で割る。

よくある誤りは、水の質量ではなく溶液全体の質量で割る。

物性・化学では「pH」「アルカリの性質」など近い用語とセットで出題されます。定義・数値・主体の違いを表で対比し、濃度の計算だけの特徴を一言で言えるようにしてください。",質量パーセント濃度＝溶質÷溶液×100。,水の質量ではなく溶液全体の質量で割る。,"「濃度の計算」は、物性・化学の頻出語です。

整理のコツ：関連する「pH」「アルカリの性質」「アルコール類の基礎」と、「同じ点・違う点」を表に書き出し、濃度の計算だけの特徴を一行で言えるようにします。

覚え方：間違えたら「水の質量ではなく溶液全体の質量で割る」のパターンか確認し、同じ型の誤りが出た問題を2問だけ繰り返します。

復習のしかた：丸暗記より、選択肢の「誤り。」の理由を声に出して説明できるかを目標にします。",食塩20 gを水に溶かして全体を200 gの食塩水にした。この食塩水の質量パーセント濃度について、「50 %」は正しい。,×。誤り。,濃度の計算とは何ですか？,濃度の計算は、質量パーセント濃度は、溶質の質量÷溶液の質量×100で求める。 たとえば、引火点・沸点・密度など、数字と単位をセットで覚えると、選択肢の数値の当たり外れを見分けやすくなります。 試験では、質量パーセント濃度＝溶質÷溶液×100点を押さえると得点源になります。,濃度の計算は試験でどんなふうに問われますか？,質量パーセント濃度＝溶質÷溶液×100。,濃度の計算で間違えやすい点は？,水の質量ではなく溶液全体の質量で割る。,濃度の計算と「pH」「アルカリの性質」の違いは？,「pH」「アルカリの性質」は意味や数値・適用場面が異なります。用語ページの比較表と演習で、濃度の計算だけのポイントを確認してください。
火気・静電気・漏えい防止,かき・せいでんき・ろうえいぼうし,法令・制度,法令・制度;乙4;頻出;詳細記事;実践演習連動;一問一答連動,"火気・静電気・漏えい防止は、第4類では火気・静電気・漏えい防止が重要。

たとえば、危険物の性質（水溶性か、蒸気がたまりやすいか）に合った消火・漏えい対策かどうかが、正誤の判断ポイントになります。

試験では、第4類では火気・静電気・漏えい防止が重要点を押さえると得点源になります。",まず「火気・静電気・漏えい防止」は、第4類では火気・静電気・漏えい防止が重要。 第4類危険物を扱う場所では、可燃性蒸気への引火を避けるため、裸火の使用を避ける必要がある。 法令・制度では「火災予防」の文脈で繰り返し問われます。,セルフ式給油取扱所の基準;一般取扱所の基準;丙種の違い,消防法,B,第4類では火気・静電気・漏えい防止が重要。 適切な対策と危険行為を取り違えない。 誤り。裸火を近づけるのは危険である。 誤り。接地は静電気対策として重要である。,火気・静電気・漏えい防止とは？危険物取扱者試験（乙種第4類）で押さえる意味・試験ポイント,このページでは、法令・制度分野の「火気・静電気・漏えい防止」を、試験に出る形で整理します。ひとことで言うと、第4類では火気・静電気・漏えい防止が重要。下の目次の順に読むと、定義から演習のポイントまでつながって理解できます。,"火気・静電気・漏えい防止は、第4類では火気・静電気・漏えい防止が重要。 第4類危険物では、火気を遠ざけ、静電気、漏えい、換気に注意することが火災予防上重要である。

試験では、第4類では火気・静電気・漏えい防止が重要点が問われます。

誤り。裸火を近づけるのは危険である。

誤り。接地は静電気対策として重要である。

誤り。開放・加熱は危険である。

誤り。排水溝へ流すのは危険である。

第4類では火気・静電気・漏えい防止が重要。

適切な対策と危険行為を取り違えない。

よくある誤りは、適切な対策と危険行為を取り違えない。

法令・制度では「セルフ式給油取扱所の基準」「一般取扱所の基準」など近い用語とセットで出題されます。定義・数値・主体の違いを表で対比し、火気・静電気・漏えい防止だけの特徴を一言で言えるようにしてください。

第4類危険物を扱う場所では、可燃性蒸気への引火を避けるため、裸火の使用を避ける必要がある。",第4類では火気・静電気・漏えい防止が重要。,適切な対策と危険行為を取り違えない。,"「火気・静電気・漏えい防止」は、法令・制度の頻出語です。

整理のコツ：関連する「セルフ式給油取扱所の基準」「一般取扱所の基準」「丙種の違い」と、「同じ点・違う点」を表に書き出し、火気・静電気・漏えい防止だけの特徴を一行で言えるようにします。

覚え方：間違えたら「適切な対策と危険行為を取り違えない」のパターンか確認し、同じ型の誤りが出た問題を2問だけ繰り返します。

復習のしかた：丸暗記より、選択肢の「誤り。」の理由を声に出して説明できるかを目標にします。",第4類危険物を取り扱う場所での火災予防として、適切なものについて、「可燃性蒸気を確認するため、裸火を近づける。」は正しい。,×。誤り。,火気・静電気・漏えい防止とは何ですか？,火気・静電気・漏えい防止は、第4類では火気・静電気・漏えい防止が重要。 たとえば、危険物の性質（水溶性か、蒸気がたまりやすいか）に合った消火・漏えい対策かどうかが、正誤の判断ポイントになります。 試験では、第4類では火気・静電気・漏えい防止が重要点を押さえると得点源になります。,火気・静電気・漏えい防止は試験でどんなふうに問われますか？,第4類では火気・静電気・漏えい防止が重要。,火気・静電気・漏えい防止で間違えやすい点は？,適切な対策と危険行為を取り違えない。,火気・静電気・漏えい防止と「セルフ式給油取扱所の基準」「一般取扱所の基準」の違いは？,「セルフ式給油取扱所の基準」「一般取扱所の基準」は意味や数値・適用場面が異なります。用語ページの比較表と演習で、火気・静電気・漏えい防止だけのポイントを確認してください。
火気管理,かきかんり,火災・消火・漏えい,火災・消火・漏えい;乙4;頻出;詳細記事;実践演習連動;一問一答連動,"火気管理は、第4類では換気・火気管理・漏えい防止が重要。

たとえば、危険物の性質（水溶性か、蒸気がたまりやすいか）に合った消火・漏えい対策かどうかが、正誤の判断ポイントになります。

試験では、第4類では換気・火気管理・漏えい防止が重要点を押さえると得点源になります。",まず「火気管理」は、第4類では換気・火気管理・漏えい防止が重要。 第4類危険物では可燃性蒸気が発生することがあるため、換気により滞留を防ぐことが重要である。 火災・消火・漏えいでは「火災予防」の文脈で繰り返し問われます。,火災予防;換気・火気管理,,B,第4類では換気・火気管理・漏えい防止が重要。 誤り。静電気は着火源となる危険がある。 誤り。裸火の使用は引火の危険がある。 誤り。排水溝へ流すことは危険である。,火気管理とは？危険物取扱者試験（乙種第4類）で押さえる意味・試験ポイント,このページでは、火災・消火・漏えい分野の「火気管理」を、試験に出る形で整理します。ひとことで言うと、第4類では換気・火気管理・漏えい防止が重要。下の目次の順に読むと、定義から演習のポイントまでつながって理解できます。,"火気管理は、第4類では換気・火気管理・漏えい防止が重要。 第4類危険物では、可燃性蒸気の滞留を防ぐ換気と、火気管理が重要である。加熱、流出放置、火気使用は危険である。

試験では、第4類では換気・火気管理・漏えい防止が重要点が問われます。

誤り。静電気は着火源となる危険がある。

誤り。裸火の使用は引火の危険がある。

誤り。排水溝へ流すことは危険である。

誤り。加熱や開放は可燃性蒸気を増やす危険がある。

第4類では換気・火気管理・漏えい防止が重要。

火災・消火・漏えいでは「火災予防」「換気・火気管理」など近い用語とセットで出題されます。定義・数値・主体の違いを表で対比し、火気管理だけの特徴を一言で言えるようにしてください。

第4類危険物では可燃性蒸気が発生することがあるため、換気により滞留を防ぐことが重要である。

換気が不十分だと可燃性蒸気が滞留し、引火危険が高まる。",第4類では換気・火気管理・漏えい防止が重要。,類似語と混同する。;数字や条件を取り違える。;すべての危険物に当てはめる。,"「火気管理」は、火災・消火・漏えいの頻出語です。

整理のコツ：関連する「火災予防」「換気・火気管理」と、「同じ点・違う点」を表に書き出し、火気管理だけの特徴を一行で言えるようにします。

覚え方：間違えたら「類似語と混同する」のパターンか確認し、同じ型の誤りが出た問題を2問だけ繰り返します。

復習のしかた：丸暗記より、選択肢の「誤り。」の理由を声に出して説明できるかを目標にします。",第4類危険物の火災予防上、適切なものについて、「可燃性蒸気が滞留しないように換気し、火気を近づけない。」は正しい。,○。正しい。,火気管理とは何ですか？,火気管理は、第4類では換気・火気管理・漏えい防止が重要。 たとえば、危険物の性質（水溶性か、蒸気がたまりやすいか）に合った消火・漏えい対策かどうかが、正誤の判断ポイントになります。 試験では、第4類では換気・火気管理・漏えい防止が重要点を押さえると得点源になります。,火気管理は試験でどんなふうに問われますか？,第4類では換気・火気管理・漏えい防止が重要。,火気管理で間違えやすい点は？,類似語と混同する。数字や条件を取り違える。,火気管理と「火災予防」「換気・火気管理」の違いは？,「火災予防」「換気・火気管理」は意味や数値・適用場面が異なります。用語ページの比較表と演習で、火気管理だけのポイントを確認してください。
火災予防,かさいよぼう,火災・消火・漏えい,火災・消火・漏えい;乙4;頻出;詳細記事;実践演習連動;一問一答連動,"火災予防は、ガソリンは揮発しやすく、可燃性蒸気に引火しやすいため、火気管理、換気、静電気対策が重要である。

たとえば、危険物の性質（水溶性か、蒸気がたまりやすいか）に合った消火・漏えい対策かどうかが、正誤の判断ポイントになります。

試験では、ガソリンは火気・換気・静電気対策が重要点を押さえると得点源になります。",まず「火災予防」は、ガソリンは揮発しやすく、可燃性蒸気に引火しやすいため、火気管理、換気、静電気対策が重要である。 アルコール類は水溶性液体であり、泡消火では通常の泡が破壊されやすいため、耐アルコール泡などの適用を考慮する。 火災・消火・漏えいでは「火災予防」の文脈で繰り返し問われます。,静電気による引火危険;換気・火気管理;物質別の火災予防,,B,ガソリンは火気・換気・静電気対策が重要。 水溶性液体火災では耐アルコール泡を意識する。 水溶性＝消火しやすい、とは限らない。 誤り。下水へ流すのは危険である。,火災予防とは？危険物取扱者試験（乙種第4類）で押さえる意味・試験ポイント,このページでは、火災・消火・漏えい分野の「火災予防」を、試験に出る形で整理します。ひとことで言うと、ガソリンは揮発しやすく、可燃性蒸気に引火しやすいため、火気管理、換気、静電気対策が重要である。下の目次の順に読むと、定義から演習のポイントまでつながって理解できます。,"火災予防は、ガソリンは揮発しやすく、可燃性蒸気に引火しやすいため、火気管理、換気、静電気対策が重要である。 アルコール類は水溶性液体であり、泡消火では通常の泡が破壊されやすいため、耐アルコール泡などの適用を考慮する。

試験では、ガソリンは火気・換気・静電気対策が重要。水溶性液体火災では耐アルコール泡を意識する。第4類では換気・火気管理・漏えい防止が重要。また、第4類では火気・静電気・漏えい防止が重要点も押さえます。

誤り。下水へ流すのは危険である。

誤り。開放や加熱は危険である。

誤り。裸火は危険である。

誤り。接地は静電気対策として重要である。

ガソリンは火気・換気・静電気対策が重要。

水溶性液体火災では耐アルコール泡を意識する。

水溶性＝消火しやすい、とは限らない。

よくある誤りは、水溶性＝消火しやすい、とは限らない。適切な対策と危険行為を取り違えない。

火災・消火・漏えいでは「静電気による引火危険」「換気・火気管理」など近い用語とセットで出題されます。定義・数値・主体の違いを表で対比し、火災予防だけの特徴を一言で言えるようにしてください。

第4類危険物では、可燃性蒸気の滞留を防ぐ換気と、火気管理が重要である。

加熱、流出放置、火気使用は危険である。

第4類危険物では、火気を遠ざけ、静電気、漏えい、換気に注意することが火災予防上重要である。",ガソリンは火気・換気・静電気対策が重要。;水溶性液体火災では耐アルコール泡を意識する。;第4類では換気・火気管理・漏えい防止が重要。;第4類では火気・静電気・漏えい防止が重要。;漏えい時は火気厳禁・流出防止・回収。,水溶性＝消火しやすい、とは限らない。;適切な対策と危険行為を取り違えない。,"「火災予防」は、火災・消火・漏えいの頻出語です。

整理のコツ：関連する「静電気による引火危険」「換気・火気管理」「物質別の火災予防」と、「同じ点・違う点」を表に書き出し、火災予防だけの特徴を一行で言えるようにします。

覚え方：間違えたら「水溶性＝消火しやすい、とは限らない」のパターンか確認し、同じ型の誤りが出た問題を2問だけ繰り返します。

復習のしかた：丸暗記より、選択肢の「誤り。」の理由を声に出して説明できるかを目標にします。",ガソリンを取り扱う場合の火災予防として、適切なものについて、「火気を遠ざけ、換気を行い、静電気の発生に注意する。」は正しい。,○。正しい。,火災予防とは何ですか？,火災予防は、ガソリンは揮発しやすく、可燃性蒸気に引火しやすいため、火気管理、換気、静電気対策が重要である。 たとえば、危険物の性質（水溶性か、蒸気がたまりやすいか）に合った消火・漏えい対策かどうかが、正誤の判断ポイントになります。 試験では、ガソリンは火気・換気・静電気対策が重要点を押さえると得点源になります。,火災予防は試験でどんなふうに問われますか？,ガソリンは火気・換気・静電気対策が重要。水溶性液体火災では耐アルコール泡を意識する。第4類では換気・火気管理・漏えい防止が重要。,火災予防で間違えやすい点は？,水溶性＝消火しやすい、とは限らない。適切な対策と危険行為を取り違えない。,火災予防と「静電気による引火危険」「換気・火気管理」の違いは？,「静電気による引火危険」「換気・火気管理」は意味や数値・適用場面が異なります。用語ページの比較表と演習で、火災予防だけのポイントを確認してください。
灯油,とうゆ,火災・消火・漏えい,火災・消火・漏えい;乙4;頻出;詳細記事;実践演習連動;一問一答連動,"灯油は、別表第一の品名で、第2石油類（引火点21℃以上70℃未満）に当てはまる危険物である。

たとえば、第2石油類に分類され、引火点の範囲で第1石油類と区別されます。

試験では、第2石油類点を押さえると得点源になります。",まず「灯油」は、別表第一の品名で、第2石油類（引火点21℃以上70℃未満）に当てはまる危険物である。,アセトアルデヒド;アセトン;アニリン,危険物の規制に関する政令,A,誤り。重油は第三石油類である。 誤り。メタノールはアルコール類である。 誤り。ジエチルエーテルは特殊引火物である。,灯油とは？危険物取扱者試験（乙種第4類）で押さえる意味・試験ポイント,このページでは、火災・消火・漏えい分野の「灯油」を、試験に出る形で整理します。ひとことで言うと、別表第一の品名で、第2石油類（引火点21℃以上70℃未満）に当てはまる危険物である。下の目次の順に読むと、定義から演習のポイントまでつながって理解できます。,"灯油の指定数量は1,000 L（第2石油類）です。第1石油類のガソリンより引火点が高いですが、火気管理・換気・可燃性蒸気への注意は依然として必要です。

家庭用と業務用の取扱い、貯蔵・販売取扱所の基準も関連して問われます。

誤り。重油は第三石油類である。

誤り。メタノールはアルコール類である。

誤り。ジエチルエーテルは特殊引火物である。

誤り。ガソリンは第一石油類である。","第2石油類。;指定数量1,000 L。;第1石油類との引火点の違い。",ガソリンと同じ指定数量と誤る。;引火点の区分を混同する。,"「灯油」は、火災・消火・漏えいの頻出語です。

整理のコツ：関連する「アセトアルデヒド」「アセトン」「アニリン」と、「同じ点・違う点」を表に書き出し、灯油だけの特徴を一行で言えるようにします。

覚え方：間違えたら「ガソリンと同じ指定数量と誤る」のパターンか確認し、同じ型の誤りが出た問題を2問だけ繰り返します。

復習のしかた：丸暗記より、選択肢の「誤り。」の理由を声に出して説明できるかを目標にします。",第二石油類に該当する代表的な危険物について、「重油」は正しい。,×。誤り。,灯油とは何ですか？,灯油は、別表第一の品名で、第2石油類（引火点21℃以上70℃未満）に当てはまる危険物である。 たとえば、第2石油類に分類され、引火点の範囲で第1石油類と区別されます。 試験では、第2石油類点を押さえると得点源になります。,灯油は試験でどんなふうに問われますか？,"第2石油類。指定数量1,000 L。第1石油類との引火点の違い。",灯油で間違えやすい点は？,ガソリンと同じ指定数量と誤る。引火点の区分を混同する。,灯油と「アセトアルデヒド」「アセトン」の違いは？,「アセトアルデヒド」「アセトン」は意味や数値・適用場面が異なります。用語ページの比較表と演習で、灯油だけのポイントを確認してください。
災害発生時の応急措置,さいがいはっせいじのおうきゅうそち,法令・制度,法令・制度;乙4;頻出;詳細記事;実践演習連動;一問一答連動,"災害発生時の応急措置は、危険物の漏えいや火災が発生した場合は、被害拡大防止のための応急措置、通報、避難などが重要である。

たとえば、条文では「消防法で定める」「政令で定める」「施行令で定める」のように、どの法令に書かれているかを選ぶ問題がよく出ます。

試験では、事故時は応急措置・通報・避難が重要点を押さえると得点源になります。",まず「災害発生時の応急措置」は、危険物の漏えいや火災が発生した場合は、被害拡大防止のための応急措置、通報、避難などが重要である。 危険物の流出時は、流出拡大防止、火気厳禁、通報、回収などの応急措置が重要である。 法令・制度では「事故時対応」の文脈で繰り返し問われます。,セルフ式給油取扱所の基準;一般取扱所の基準;丙種の違い,消防法,B,事故時は応急措置・通報・避難が重要。 誤り。可燃性蒸気をためるのは危険である。 誤り。放置せず、適切な対応が必要である。 誤り。下水へ流すと火災や環境汚染の危険がある。,災害発生時の応急措置とは？危険物取扱者試験（乙種第4類）で押さえる意味・試験ポイント,このページでは、法令・制度分野の「災害発生時の応急措置」を、試験に出る形で整理します。ひとことで言うと、危険物の漏えいや火災が発生した場合は、被害拡大防止のための応急措置、通報、避難などが重要である。下の目次の順に読むと、定義から演習のポイントまでつながって理解できます。,"災害発生時の応急措置は、危険物の漏えいや火災が発生した場合は、被害拡大防止のための応急措置、通報、避難などが重要である。 危険物の流出時は、流出拡大防止、火気厳禁、通報、回収などの応急措置が重要である。

試験では、事故時は応急措置・通報・避難が重要点が問われます。

誤り。可燃性蒸気をためるのは危険である。

誤り。放置せず、適切な対応が必要である。

誤り。下水へ流すと火災や環境汚染の危険がある。

誤り。火気を近づけるのは危険である。

事故時は応急措置・通報・避難が重要。

法令・制度では「セルフ式給油取扱所の基準」「一般取扱所の基準」など近い用語とセットで出題されます。定義・数値・主体の違いを表で対比し、災害発生時の応急措置だけの特徴を一言で言えるようにしてください。

危険物火災では、通報、避難、初期消火、周囲への注意喚起など、被害拡大を防ぐ対応が重要である。

危険物事故時は、被害拡大を防ぐため、必要な通報や応急措置を行う。

危険物の流出時は、拡大防止、通報、回収などの応急措置が重要である。",事故時は応急措置・通報・避難が重要。,類似語と混同する。;数字や条件を取り違える。;すべての危険物に当てはめる。,"「災害発生時の応急措置」は、法令・制度の頻出語です。

整理のコツ：関連する「セルフ式給油取扱所の基準」「一般取扱所の基準」「丙種の違い」と、「同じ点・違う点」を表に書き出し、災害発生時の応急措置だけの特徴を一行で言えるようにします。

覚え方：間違えたら「類似語と混同する」のパターンか確認し、同じ型の誤りが出た問題を2問だけ繰り返します。

復習のしかた：丸暗記より、選択肢の「誤り。」の理由を声に出して説明できるかを目標にします。",危険物の漏えいや火災が発生した場合の対応として、適切なものについて、「被害の拡大を防ぐため、応急措置や通報を行う。」は正しい。,○。正しい。,災害発生時の応急措置とは何ですか？,災害発生時の応急措置は、危険物の漏えいや火災が発生した場合は、被害拡大防止のための応急措置、通報、避難などが重要である。 たとえば、条文では「消防法で定める」「政令で定める」「施行令で定める」のように、どの法令に書かれているかを選ぶ問題がよく出ます。 試験では、事故時は応急措置・通報・避難が重要点を押さえると得点源になります。,災害発生時の応急措置は試験でどんなふうに問われますか？,事故時は応急措置・通報・避難が重要。,災害発生時の応急措置で間違えやすい点は？,類似語と混同する。数字や条件を取り違える。,災害発生時の応急措置と「セルフ式給油取扱所の基準」「一般取扱所の基準」の違いは？,「セルフ式給油取扱所の基準」「一般取扱所の基準」は意味や数値・適用場面が異なります。用語ページの比較表と演習で、災害発生時の応急措置だけのポイントを確認してください。
炭化水素,たんかすいそ,物性・化学,物性・化学;乙4;頻出;詳細記事;実践演習連動;一問一答連動,"炭化水素は、炭素と水素からなる化合物であり、ガソリンなどの理解に関係する基礎知識である。

たとえば、引火点・沸点・密度など、数字と単位をセットで覚えると、選択肢の数値の当たり外れを見分けやすくなります。

試験では、定義を一文で説明できる点を押さえると得点源になります。",まず「炭化水素」は、炭素と水素からなる化合物であり、ガソリンなどの理解に関係する基礎知識である。 炭素と水素からなる化合物である。 物性・化学では「有機化合物」の文脈で繰り返し問われます。,pH;アルカリの性質;アルコール類の基礎,,B,誤り。酸素と窒素だけではない。 誤り。金属だけではない。 誤り。水ではない。,炭化水素とは？危険物取扱者試験（乙種第4類）で押さえる意味・試験ポイント,このページでは、物性・化学分野の「炭化水素」を、試験に出る形で整理します。ひとことで言うと、炭素と水素からなる化合物であり、ガソリンなどの理解に関係する基礎知識である。下の目次の順に読むと、定義から演習のポイントまでつながって理解できます。,"炭化水素は、炭素と水素からなる化合物であり、ガソリンなどの理解に関係する基礎知識である。

誤り。酸素と窒素だけではない。

誤り。金属だけではない。

誤り。水ではない。

誤り。施設名称ではない。

物性・化学では「pH」「アルカリの性質」など近い用語とセットで出題されます。定義・数値・主体の違いを表で対比し、炭化水素だけの特徴を一言で言えるようにしてください。",定義を一文で説明できる。;適用する場面（製造・貯蔵・取扱・消火）を挙げられる。;関連する法令名を意識できる。,類似語と混同する。;数字や条件を取り違える。;すべての危険物に当てはめる。,"「炭化水素」は、物性・化学の頻出語です。

整理のコツ：関連する「pH」「アルカリの性質」「アルコール類の基礎」と、「同じ点・違う点」を表に書き出し、炭化水素だけの特徴を一行で言えるようにします。

覚え方：間違えたら「類似語と混同する」のパターンか確認し、同じ型の誤りが出た問題を2問だけ繰り返します。

復習のしかた：丸暗記より、選択肢の「誤り。」の理由を声に出して説明できるかを目標にします。",炭化水素について、「金属だけからなる物質である。」は正しい。,×。誤り。,炭化水素とは何ですか？,炭化水素は、炭素と水素からなる化合物であり、ガソリンなどの理解に関係する基礎知識である。 たとえば、引火点・沸点・密度など、数字と単位をセットで覚えると、選択肢の数値の当たり外れを見分けやすくなります。 試験では、定義を一文で説明できる点を押さえると得点源になります。,炭化水素は試験でどんなふうに問われますか？,定義を一文で説明できる。適用する場面（製造・貯蔵・取扱・消火）を挙げられる。関連する法令名を意識できる。,炭化水素で間違えやすい点は？,類似語と混同する。数字や条件を取り違える。,炭化水素と「pH」「アルカリの性質」の違いは？,「pH」「アルカリの性質」は意味や数値・適用場面が異なります。用語ページの比較表と演習で、炭化水素だけのポイントを確認してください。
点検記録の保存,てんけんきろくのほぞん,法令・制度,法令・制度;乙4;頻出;詳細記事;実践演習連動;一問一答連動,"点検記録の保存は、危険物施設の定期点検では、点検記録の作成・保存が必要です場合がある。

たとえば、条文では「消防法で定める」「政令で定める」「施行令で定める」のように、どの法令に書かれているかを選ぶ問題がよく出ます。

試験では、定期点検は記録保存まで含めて押さえる点を押さえると得点源になります。",まず「点検記録の保存」は、危険物施設の定期点検では、点検記録の作成・保存が必要です場合がある。記録は施設管理や保安確認に用いられる。 定期点検を行った場合、点検記録を作成し、一定期間保存することが必要です場合がある。 法令・制度では「定期点検」の文脈で繰り返し問われます。,セルフ式給油取扱所の基準;一般取扱所の基準;丙種の違い,消防法,B,定期点検は記録保存まで含めて押さえる。 点検の実施だけでなく、記録保存も問われる。 誤り。火災予防や保安管理に関係する。 誤り。直ちに破棄するものではない。,点検記録の保存とは？危険物取扱者試験（乙種第4類）で押さえる意味・試験ポイント,このページでは、法令・制度分野の「点検記録の保存」を、試験に出る形で整理します。ひとことで言うと、危険物施設の定期点検では、点検記録の作成・保存が必要です場合がある。記録は施設管理や保安確認に用いられる。下の目次の順に読むと、定義から演習のポイントまでつながって理解できます。,"点検記録の保存は、危険物施設の定期点検では、点検記録の作成・保存が必要です場合がある。記録は施設管理や保安確認に用いられる。 定期点検を行った場合、点検記録を作成し、一定期間保存することが必要です場合がある。

試験では、定期点検は記録保存まで含めて押さえる点が問われます。

誤り。火災予防や保安管理に関係する。

誤り。直ちに破棄するものではない。

誤り。色だけを記録するものではない。

誤り。試験の答案用紙ではない。

定期点検は記録保存まで含めて押さえる。

点検の実施だけでなく、記録保存も問われる。

よくある誤りは、点検の実施だけでなく、記録保存も問われる。

法令・制度では「セルフ式給油取扱所の基準」「一般取扱所の基準」など近い用語とセットで出題されます。定義・数値・主体の違いを表で対比し、点検記録の保存だけの特徴を一言で言えるようにしてください。",定期点検は記録保存まで含めて押さえる。,点検の実施だけでなく、記録保存も問われる。,"「点検記録の保存」は、法令・制度の頻出語です。

整理のコツ：関連する「セルフ式給油取扱所の基準」「一般取扱所の基準」「丙種の違い」と、「同じ点・違う点」を表に書き出し、点検記録の保存だけの特徴を一行で言えるようにします。

覚え方：間違えたら「点検の実施だけでなく、記録保存も問われる」のパターンか確認し、同じ型の誤りが出た問題を2問だけ繰り返します。

復習のしかた：丸暗記より、選択肢の「誤り。」の理由を声に出して説明できるかを目標にします。",危険物施設の点検記録について、「法令上、定期点検の記録を作成し、保存することが求められる場合がある。」は正しい。,○。正しい。,点検記録の保存とは何ですか？,点検記録の保存は、危険物施設の定期点検では、点検記録の作成・保存が必要です場合がある。 たとえば、条文では「消防法で定める」「政令で定める」「施行令で定める」のように、どの法令に書かれているかを選ぶ問題がよく出ます。 試験では、定期点検は記録保存まで含めて押さえる点を押さえると得点源になります。,点検記録の保存は試験でどんなふうに問われますか？,定期点検は記録保存まで含めて押さえる。,点検記録の保存で間違えやすい点は？,点検の実施だけでなく、記録保存も問われる。,点検記録の保存と「セルフ式給油取扱所の基準」「一般取扱所の基準」の違いは？,「セルフ式給油取扱所の基準」「一般取扱所の基準」は意味や数値・適用場面が異なります。用語ページの比較表と演習で、点検記録の保存だけのポイントを確認してください。
点火源,てんかげん,物性・化学,物性・化学;乙4;頻出;詳細記事;実践演習連動;一問一答連動,"点火源は、火花は点火源となり得る。

たとえば、引火点・沸点・密度など、数字と単位をセットで覚えると、選択肢の数値の当たり外れを見分けやすくなります。

試験では、定義を一文で説明できる点を押さえると得点源になります。",まず「点火源」は、火花は点火源となり得る。第4類危険物では、火花や静電気などの着火源に注意が必要である。 可燃物を取り除くことで燃焼を止める方法は除去消火である。 物性・化学では「燃焼」の文脈で繰り返し問われます。,可燃物・酸素供給源・点火源;燃焼;可燃物,,B,誤り。水は通常点火源ではない。 誤り。氷は点火源ではない。 誤り。窒素は通常点火源ではない。,点火源とは？危険物取扱者試験（乙種第4類）で押さえる意味・試験ポイント,このページでは、物性・化学分野の「点火源」を、試験に出る形で整理します。ひとことで言うと、火花は点火源となり得る。第4類危険物では、火花や静電気などの着火源に注意が必要である。下の目次の順に読むと、定義から演習のポイントまでつながって理解できます。,"点火源は、火花は点火源となり得る。第4類危険物では、火花や静電気などの着火源に注意が必要である。 可燃物を取り除くことで燃焼を止める方法は除去消火である。

誤り。水は通常点火源ではない。

誤り。氷は点火源ではない。

誤り。窒素は通常点火源ではない。

誤り。二酸化炭素は消火に使われることがある。

物性・化学では「可燃物・酸素供給源・点火源」「燃焼」など近い用語とセットで出題されます。定義・数値・主体の違いを表で対比し、点火源だけの特徴を一言で言えるようにしてください。",定義を一文で説明できる。;適用する場面（製造・貯蔵・取扱・消火）を挙げられる。;関連する法令名を意識できる。,類似語と混同する。;数字や条件を取り違える。;すべての危険物に当てはめる。,"「点火源」は、物性・化学の頻出語です。

整理のコツ：関連する「可燃物・酸素供給源・点火源」「燃焼」「可燃物」と、「同じ点・違う点」を表に書き出し、点火源だけの特徴を一行で言えるようにします。

覚え方：間違えたら「類似語と混同する」のパターンか確認し、同じ型の誤りが出た問題を2問だけ繰り返します。

復習のしかた：丸暗記より、選択肢の「誤り。」の理由を声に出して説明できるかを目標にします。",点火源として適切なものについて、「水」は正しい。,×。誤り。,点火源とは何ですか？,点火源は、火花は点火源となり得る。 たとえば、引火点・沸点・密度など、数字と単位をセットで覚えると、選択肢の数値の当たり外れを見分けやすくなります。 試験では、定義を一文で説明できる点を押さえると得点源になります。,点火源は試験でどんなふうに問われますか？,定義を一文で説明できる。適用する場面（製造・貯蔵・取扱・消火）を挙げられる。関連する法令名を意識できる。,点火源で間違えやすい点は？,類似語と混同する。数字や条件を取り違える。,点火源と「可燃物・酸素供給源・点火源」「燃焼」の違いは？,「可燃物・酸素供給源・点火源」「燃焼」は意味や数値・適用場面が異なります。用語ページの比較表と演習で、点火源だけのポイントを確認してください。
熱伝導,ねつでんどう,物性・化学,物性・化学;乙4;頻出;詳細記事;実践演習連動;一問一答連動,"熱伝導は、熱の伝わり方には、熱伝導、対流、放射がある。

たとえば、引火点・沸点・密度など、数字と単位をセットで覚えると、選択肢の数値の当たり外れを見分けやすくなります。

試験では、定義を一文で説明できる点を押さえると得点源になります。",まず「熱伝導」は、熱の伝わり方には、熱伝導、対流、放射がある。熱伝導は物質内を熱が伝わる現象であり、対流は流体の移動、放射は電磁波による熱の移動である。 対流は、液体や気体などの流体の移動によって熱が運ばれる現象である。 物性・化学では「熱」の文脈で繰り返し問われます。,熱伝導・対流・放射;熱,,B,誤り。放射は物質の移動を必要としない。 誤り。いずれも熱の移動に関係する。 誤り。対流は液体や気体など流体の移動によって起こる。,熱伝導とは？危険物取扱者試験（乙種第4類）で押さえる意味・試験ポイント,このページでは、物性・化学分野の「熱伝導」を、試験に出る形で整理します。ひとことで言うと、熱の伝わり方には、熱伝導、対流、放射がある。熱伝導は物質内を熱が伝わる現象であり、対流は流体の移動、放射は電磁波による熱の移動である。下の目次の順に読むと、定義から演習のポイントまでつながって理解できます。,"熱伝導は、熱の伝わり方には、熱伝導、対流、放射がある。熱伝導は物質内を熱が伝わる現象であり、対流は流体の移動、放射は電磁波による熱の移動である。 対流は、液体や気体などの流体の移動によって熱が運ばれる現象である。

誤り。放射は物質の移動を必要としない。

誤り。いずれも熱の移動に関係する。

誤り。対流は液体や気体など流体の移動によって起こる。

誤り。熱は通常、高温側から低温側へ自然に移動する。

物性・化学では「熱伝導・対流・放射」「熱」など近い用語とセットで出題されます。定義・数値・主体の違いを表で対比し、熱伝導だけの特徴を一言で言えるようにしてください。

放射は、電磁波により熱が伝わる現象であり、真空中でも伝わる。

固体内部を熱が伝わる現象は熱伝導である。",定義を一文で説明できる。;適用する場面（製造・貯蔵・取扱・消火）を挙げられる。;関連する法令名を意識できる。,類似語と混同する。;数字や条件を取り違える。;すべての危険物に当てはめる。,"「熱伝導」は、物性・化学の頻出語です。

整理のコツ：関連する「熱伝導・対流・放射」「熱」と、「同じ点・違う点」を表に書き出し、熱伝導だけの特徴を一行で言えるようにします。

覚え方：間違えたら「類似語と混同する」のパターンか確認し、同じ型の誤りが出た問題を2問だけ繰り返します。

復習のしかた：丸暗記より、選択肢の「誤り。」の理由を声に出して説明できるかを目標にします。",熱の伝わり方について、「熱伝導・対流・放射はいずれも熱の移動とは無関係である。」は正しい。,×。誤り。,熱伝導とは何ですか？,熱伝導は、熱の伝わり方には、熱伝導、対流、放射がある。 たとえば、引火点・沸点・密度など、数字と単位をセットで覚えると、選択肢の数値の当たり外れを見分けやすくなります。 試験では、定義を一文で説明できる点を押さえると得点源になります。,熱伝導は試験でどんなふうに問われますか？,定義を一文で説明できる。適用する場面（製造・貯蔵・取扱・消火）を挙げられる。関連する法令名を意識できる。,熱伝導で間違えやすい点は？,類似語と混同する。数字や条件を取り違える。,熱伝導と「熱伝導・対流・放射」「熱」の違いは？,「熱伝導・対流・放射」「熱」は意味や数値・適用場面が異なります。用語ページの比較表と演習で、熱伝導だけのポイントを確認してください。
熱伝導・対流・放射,ねつでんどう・たいりゅう・ほうしゃ,物性・化学,物性・化学;乙4;頻出;詳細記事;実践演習連動;一問一答連動,"熱伝導・対流・放射は、熱の伝わり方には、熱伝導、対流、放射がある。

たとえば、引火点・沸点・密度など、数字と単位をセットで覚えると、選択肢の数値の当たり外れを見分けやすくなります。

試験では、定義を一文で説明できる点を押さえると得点源になります。",まず「熱伝導・対流・放射」は、熱の伝わり方には、熱伝導、対流、放射がある。熱伝導は物質内を熱が伝わる現象であり、対流は流体の移動、放射は電磁波による熱の移動である。 対流は、液体や気体などの流体の移動によって熱が運ばれる現象である。 物性・化学では「熱」の文脈で繰り返し問われます。,pH;アルカリの性質;アルコール類の基礎,,B,誤り。放射は物質の移動を必要としない。 誤り。いずれも熱の移動に関係する。 誤り。対流は液体や気体など流体の移動によって起こる。,熱伝導・対流・放射とは？危険物取扱者試験（乙種第4類）で押さえる意味・試験ポイント,このページでは、物性・化学分野の「熱伝導・対流・放射」を、試験に出る形で整理します。ひとことで言うと、熱の伝わり方には、熱伝導、対流、放射がある。熱伝導は物質内を熱が伝わる現象であり、対流は流体の移動、放射は電磁波による熱の移動である。下の目次の順に読むと、定義から演習のポイントまでつながって理解できます。,"熱伝導・対流・放射は、熱の伝わり方には、熱伝導、対流、放射がある。熱伝導は物質内を熱が伝わる現象であり、対流は流体の移動、放射は電磁波による熱の移動である。 対流は、液体や気体などの流体の移動によって熱が運ばれる現象である。

誤り。放射は物質の移動を必要としない。

誤り。いずれも熱の移動に関係する。

誤り。対流は液体や気体など流体の移動によって起こる。

誤り。熱は通常、高温側から低温側へ自然に移動する。

物性・化学では「pH」「アルカリの性質」など近い用語とセットで出題されます。定義・数値・主体の違いを表で対比し、熱伝導・対流・放射だけの特徴を一言で言えるようにしてください。

放射は、電磁波により熱が伝わる現象であり、真空中でも伝わる。

固体内部を熱が伝わる現象は熱伝導である。",定義を一文で説明できる。;適用する場面（製造・貯蔵・取扱・消火）を挙げられる。;関連する法令名を意識できる。,類似語と混同する。;数字や条件を取り違える。;すべての危険物に当てはめる。,"「熱伝導・対流・放射」は、物性・化学の頻出語です。

整理のコツ：関連する「pH」「アルカリの性質」「アルコール類の基礎」と、「同じ点・違う点」を表に書き出し、熱伝導・対流・放射だけの特徴を一行で言えるようにします。

覚え方：間違えたら「類似語と混同する」のパターンか確認し、同じ型の誤りが出た問題を2問だけ繰り返します。

復習のしかた：丸暗記より、選択肢の「誤り。」の理由を声に出して説明できるかを目標にします。",熱の伝わり方について、「熱伝導・対流・放射はいずれも熱の移動とは無関係である。」は正しい。,×。誤り。,熱伝導・対流・放射とは何ですか？,熱伝導・対流・放射は、熱の伝わり方には、熱伝導、対流、放射がある。 たとえば、引火点・沸点・密度など、数字と単位をセットで覚えると、選択肢の数値の当たり外れを見分けやすくなります。 試験では、定義を一文で説明できる点を押さえると得点源になります。,熱伝導・対流・放射は試験でどんなふうに問われますか？,定義を一文で説明できる。適用する場面（製造・貯蔵・取扱・消火）を挙げられる。関連する法令名を意識できる。,熱伝導・対流・放射で間違えやすい点は？,類似語と混同する。数字や条件を取り違える。,熱伝導・対流・放射と「pH」「アルカリの性質」の違いは？,「pH」「アルカリの性質」は意味や数値・適用場面が異なります。用語ページの比較表と演習で、熱伝導・対流・放射だけのポイントを確認してください。
熱容量,ねつようりょう,物性・化学,物性・化学;乙4;頻出;詳細記事;実践演習連動;一問一答連動,"熱容量は、熱容量が大きい物体は、温度を1 ℃上げるのに多くの熱量が必要である。

たとえば、引火点・沸点・密度など、数字と単位をセットで覚えると、選択肢の数値の当たり外れを見分けやすくなります。

試験では、定義を一文で説明できる点を押さえると得点源になります。",まず「熱容量」は、熱容量が大きい物体は、温度を1 ℃上げるのに多くの熱量が必要である。 物性・化学では「熱」の文脈で繰り返し問われます。,pH;アルカリの性質;アルコール類の基礎,,B,1gあたりなら比熱、物体全体なら熱容量。 誤り。比熱の説明である。 誤り。蒸気比重の説明である。 誤り。引火点の説明である。,熱容量とは？危険物取扱者試験（乙種第4類）で押さえる意味・試験ポイント,このページでは、物性・化学分野の「熱容量」を、試験に出る形で整理します。ひとことで言うと、熱容量が大きい物体は、温度を1 ℃上げるのに多くの熱量が必要である。下の目次の順に読むと、定義から演習のポイントまでつながって理解できます。,"熱容量は、熱容量が大きい物体は、温度を1 ℃上げるのに多くの熱量が必要である。 物体全体の温度を1 ℃上げるのに必要な熱量である。物質1 gあたりの場合は比熱である。

誤り。比熱の説明である。

誤り。蒸気比重の説明である。

誤り。引火点の説明である。

誤り。面積ではない。

1gあたりなら比熱、物体全体なら熱容量。

よくある誤りは、1gあたりなら比熱、物体全体なら熱容量。

物性・化学では「pH」「アルカリの性質」など近い用語とセットで出題されます。定義・数値・主体の違いを表で対比し、熱容量だけの特徴を一言で言えるようにしてください。",定義を一文で説明できる。;適用する場面（製造・貯蔵・取扱・消火）を挙げられる。;関連する法令名を意識できる。,1gあたりなら比熱、物体全体なら熱容量。,"「熱容量」は、物性・化学の頻出語です。

整理のコツ：関連する「pH」「アルカリの性質」「アルコール類の基礎」と、「同じ点・違う点」を表に書き出し、熱容量だけの特徴を一行で言えるようにします。

覚え方：間違えたら「1gあたりなら比熱、物体全体なら熱容量」のパターンか確認し、同じ型の誤りが出た問題を2問だけ繰り返します。

復習のしかた：丸暗記より、選択肢の「誤り。」の理由を声に出して説明できるかを目標にします。",熱容量について、「液体が火源で引火する最低温度である。」は正しい。,×。誤り。,熱容量とは何ですか？,熱容量は、熱容量が大きい物体は、温度を1 ℃上げるのに多くの熱量が必要である。 たとえば、引火点・沸点・密度など、数字と単位をセットで覚えると、選択肢の数値の当たり外れを見分けやすくなります。 試験では、定義を一文で説明できる点を押さえると得点源になります。,熱容量は試験でどんなふうに問われますか？,定義を一文で説明できる。適用する場面（製造・貯蔵・取扱・消火）を挙げられる。関連する法令名を意識できる。,熱容量で間違えやすい点は？,1gあたりなら比熱、物体全体なら熱容量。,熱容量と「pH」「アルカリの性質」の違いは？,「pH」「アルカリの性質」は意味や数値・適用場面が異なります。用語ページの比較表と演習で、熱容量だけのポイントを確認してください。
熱膨張,ねつぼうちょう,物性・化学,物性・化学;乙4;頻出;詳細記事;実践演習連動;一問一答連動,"熱膨張は、温度上昇によって物体の体積が増える現象は熱膨張である。

たとえば、引火点・沸点・密度など、数字と単位をセットで覚えると、選択肢の数値の当たり外れを見分けやすくなります。

試験では、定義を一文で説明できる点を押さえると得点源になります。",まず「熱膨張」は、温度上昇によって物体の体積が増える現象は熱膨張である。 物性・化学では「熱」の文脈で繰り返し問われます。,pH;アルカリの性質;アルコール類の基礎,,B,誤り。酸素放出ではない。 誤り。溶解ではない。 誤り。免状にはならない。,熱膨張とは？危険物取扱者試験（乙種第4類）で押さえる意味・試験ポイント,このページでは、物性・化学分野の「熱膨張」を、試験に出る形で整理します。ひとことで言うと、温度上昇によって物体の体積が増える現象は熱膨張である。下の目次の順に読むと、定義から演習のポイントまでつながって理解できます。,"熱膨張は、温度上昇によって物体の体積が増える現象は熱膨張である。 物体が温度上昇により膨張する現象である。容器や配管の管理にも関係する基礎知識である。

誤り。酸素放出ではない。

誤り。溶解ではない。

誤り。免状にはならない。

誤り。必ず燃焼するわけではない。

物性・化学では「pH」「アルカリの性質」など近い用語とセットで出題されます。定義・数値・主体の違いを表で対比し、熱膨張だけの特徴を一言で言えるようにしてください。",定義を一文で説明できる。;適用する場面（製造・貯蔵・取扱・消火）を挙げられる。;関連する法令名を意識できる。,類似語と混同する。;数字や条件を取り違える。;すべての危険物に当てはめる。,"「熱膨張」は、物性・化学の頻出語です。

整理のコツ：関連する「pH」「アルカリの性質」「アルコール類の基礎」と、「同じ点・違う点」を表に書き出し、熱膨張だけの特徴を一行で言えるようにします。

覚え方：間違えたら「類似語と混同する」のパターンか確認し、同じ型の誤りが出た問題を2問だけ繰り返します。

復習のしかた：丸暗記より、選択肢の「誤り。」の理由を声に出して説明できるかを目標にします。",熱膨張について、「物体が危険物取扱者免状に変わる現象である。」は正しい。,×。誤り。,熱膨張とは何ですか？,熱膨張は、温度上昇によって物体の体積が増える現象は熱膨張である。 たとえば、引火点・沸点・密度など、数字と単位をセットで覚えると、選択肢の数値の当たり外れを見分けやすくなります。 試験では、定義を一文で説明できる点を押さえると得点源になります。,熱膨張は試験でどんなふうに問われますか？,定義を一文で説明できる。適用する場面（製造・貯蔵・取扱・消火）を挙げられる。関連する法令名を意識できる。,熱膨張で間違えやすい点は？,類似語と混同する。数字や条件を取り違える。,熱膨張と「pH」「アルカリの性質」の違いは？,「pH」「アルカリの性質」は意味や数値・適用場面が異なります。用語ページの比較表と演習で、熱膨張だけのポイントを確認してください。
熱量の計算,ねつりょうのけいさん,物性・化学,物性・化学;乙4;頻出;詳細記事;実践演習連動;一問一答連動,"熱量の計算は、水1 gを1 ℃上げるのに1 cal必要とすると、水100 gを10 ℃上げるには100×10＝1,000 calが必要である。

たとえば、引火点・沸点・密度など、数字と単位をセットで覚えると、選択肢の数値の当たり外れを見分けやすくなります。

試験では、定義を一文で説明できる点を押さえると得点源になります。","まず「熱量の計算」は、水1 gを1 ℃上げるのに1 cal必要とすると、水100 gを10 ℃上げるには100×10＝1,000 calが必要である。 誤り。温度上昇分を掛けていない。 水1 gを1 ℃上げるのに1 cal必要とすると、水100 gを10 ℃上げるには100×10＝1,000 calが必要である。 物性・化学では「計算問題」の文脈で繰り返し問われます。",pH;アルカリの性質;アルコール類の基礎,,B,誤り。質量を考慮していない。 誤り。温度上昇分を掛けていない。 誤り。計算結果ではない。 実践演習の設問例: 「水1 gの温度を1 ℃上げるのに必要な熱量を1 calとした場合、水100 gの温度を10 ℃上げるのに必要な熱量として、正しいものはどれか。…」,熱量の計算とは？危険物取扱者試験（乙種第4類）で押さえる意味・試験ポイント,"このページでは、物性・化学分野の「熱量の計算」を、試験に出る形で整理します。ひとことで言うと、水1 gを1 ℃上げるのに1 cal必要とすると、水100 gを10 ℃上げるには100×10＝1,000 calが必要である。下の目次の順に読むと、定義から演習のポイントまでつながって理解できます。","熱量の計算は、水1 gを1 ℃上げるのに1 cal必要とすると、水100 gを10 ℃上げるには100×10＝1,000 calが必要である。

誤り。質量を考慮していない。

誤り。温度上昇分を掛けていない。

誤り。計算結果ではない。

誤り。水1 gを1 ℃上げる熱量である。

物性・化学では「pH」「アルカリの性質」など近い用語とセットで出題されます。定義・数値・主体の違いを表で対比し、熱量の計算だけの特徴を一言で言えるようにしてください。",定義を一文で説明できる。;適用する場面（製造・貯蔵・取扱・消火）を挙げられる。;関連する法令名を意識できる。,類似語と混同する。;数字や条件を取り違える。;すべての危険物に当てはめる。,"「熱量の計算」は、物性・化学の頻出語です。

整理のコツ：関連する「pH」「アルカリの性質」「アルコール類の基礎」と、「同じ点・違う点」を表に書き出し、熱量の計算だけの特徴を一行で言えるようにします。

覚え方：間違えたら「類似語と混同する」のパターンか確認し、同じ型の誤りが出た問題を2問だけ繰り返します。

復習のしかた：丸暗記より、選択肢の「誤り。」の理由を声に出して説明できるかを目標にします。",水1 gの温度を1 ℃上げるのに必要な熱量を1 calとした場合、水100 gの温度を10 ℃上げるのに必要な熱量について、「100 cal」は正しい。,×。誤り。,熱量の計算とは何ですか？,"熱量の計算は、水1 gを1 ℃上げるのに1 cal必要とすると、水100 gを10 ℃上げるには100×10＝1,000 calが必要である。 たとえば、引火点・沸点・密度など、数字と単位をセットで覚えると、選択肢の数値の当たり外れを見分けやすくなります。 試験では、定義を一文で説明できる点を押さえると得点源になります。",熱量の計算は試験でどんなふうに問われますか？,定義を一文で説明できる。適用する場面（製造・貯蔵・取扱・消火）を挙げられる。関連する法令名を意識できる。,熱量の計算で間違えやすい点は？,類似語と混同する。数字や条件を取り違える。,熱量の計算と「pH」「アルカリの性質」の違いは？,「pH」「アルカリの性質」は意味や数値・適用場面が異なります。用語ページの比較表と演習で、熱量の計算だけのポイントを確認してください。
燃焼,ねんしょう,物性・化学,物性・化学;乙4;頻出;詳細記事;実践演習連動;一問一答連動,"燃焼は、可燃物が酸素などの酸化剤と反応して、発熱・発光を伴う化学反応を指します。

たとえば、密閉空間では蒸気がたまりやすく、換気と火気厳禁が重要です。数値（引火点・爆発下限界など）は品名とセットで確認してください。

試験では、燃焼の三要素点を押さえると得点源になります。",まず「燃焼」は、可燃物が酸素などの酸化剤と反応して、発熱・発光を伴う化学反応を指します。,引火・発火・自然発火の違い;燃焼の三要素;燃焼範囲・爆発範囲,,B,燃焼の三要素は可燃物・酸素供給源・点火源。 酸素不足では不完全燃焼が起こりやすい。 二酸化炭素だけを生じるとは限らない。 誤り。熱だけではなく、可燃物と酸素供給源も必要である。,燃焼とは？危険物取扱者試験（乙種第4類）で押さえる意味・試験ポイント,このページでは、物性・化学分野の「燃焼」を、試験に出る形で整理します。ひとことで言うと、可燃物が酸素などの酸化剤と反応して、発熱・発光を伴う化学反応を指します。下の目次の順に読むと、定義から演習のポイントまでつながって理解できます。,"燃焼の三要素は可燃物・酸素（酸化剤）・着火源です。いずれかを除去・抑制すれば消火できます（除去・冷却・窒息・抑制）。

完全燃焼・不完全燃焼、引火点・発火点、可燃性蒸気の濃度など関連用語とあわせて体系化すると、乙4の物性・消火問題が解きやすくなります。

誤り。熱だけではなく、可燃物と酸素供給源も必要である。

誤り。酸素だけでは燃焼は成立しない。

誤り。水と窒素は燃焼を成立させる要素ではない。

誤り。水と二酸化炭素は燃焼の三要素ではない。

燃焼の三要素は可燃物・酸素供給源・点火源。

酸素不足では不完全燃焼が起こりやすい。",燃焼の三要素。;消火の四方式。;完全・不完全燃焼。,燃焼と爆発を同一視する。;水がすべての着火源になると誤解する。,"「燃焼」は、物性・化学の頻出語です。

整理のコツ：関連する「引火・発火・自然発火の違い」「燃焼の三要素」「燃焼範囲・爆発範囲」と、「同じ点・違う点」を表に書き出し、燃焼だけの特徴を一行で言えるようにします。

覚え方：間違えたら「燃焼と爆発を同一視する」のパターンか確認し、同じ型の誤りが出た問題を2問だけ繰り返します。

復習のしかた：丸暗記より、選択肢の「誤り。」の理由を声に出して説明できるかを目標にします。",燃焼が起こるために必要な三要素の組合せについて、「可燃物・水・窒素」は正しい。,×。誤り。,燃焼とは何ですか？,燃焼は、可燃物が酸素などの酸化剤と反応して、発熱・発光を伴う化学反応を指します。 たとえば、密閉空間では蒸気がたまりやすく、換気と火気厳禁が重要です。数値（引火点・爆発下限界など）は品名とセットで確認してください。 試験では、燃焼の三要素点を押さえると得点源になります。,燃焼は試験でどんなふうに問われますか？,燃焼の三要素。消火の四方式。完全・不完全燃焼。,燃焼で間違えやすい点は？,燃焼と爆発を同一視する。水がすべての着火源になると誤解する。,燃焼と「引火・発火・自然発火の違い」「燃焼の三要素」の違いは？,「引火・発火・自然発火の違い」「燃焼の三要素」は意味や数値・適用場面が異なります。用語ページの比較表と演習で、燃焼だけのポイントを確認してください。
燃焼と酸化,ねんしょうとさんか,物性・化学,物性・化学;乙4;頻出;詳細記事;実践演習連動;一問一答連動,"燃焼と酸化は、燃焼は、熱や光を伴う急激な酸化反応として考えられる。

たとえば、密閉空間では蒸気がたまりやすく、換気と火気厳禁が重要です。数値（引火点・爆発下限界など）は品名とセットで確認してください。

試験では、定義を一文で説明できる点を押さえると得点源になります。",まず「燃焼と酸化」は、燃焼は、熱や光を伴う急激な酸化反応として考えられる。 正しい。燃焼は酸化反応と関係が深い。 燃焼は、熱や光を伴う急激な酸化反応として考えられる。 物性・化学では「酸化・還元」の文脈で繰り返し問われます。,pH;アルカリの性質;アルコール類の基礎,,B,誤り。免状発行ではない。 誤り。凝固ではない。 誤り。溶解ではない。,燃焼と酸化とは？危険物取扱者試験（乙種第4類）で押さえる意味・試験ポイント,このページでは、物性・化学分野の「燃焼と酸化」を、試験に出る形で整理します。ひとことで言うと、燃焼は、熱や光を伴う急激な酸化反応として考えられる。下の目次の順に読むと、定義から演習のポイントまでつながって理解できます。,"燃焼と酸化は、燃焼は、熱や光を伴う急激な酸化反応として考えられる。

誤り。免状発行ではない。

誤り。凝固ではない。

誤り。溶解ではない。

誤り。質量が完全に消滅するわけではない。

物性・化学では「pH」「アルカリの性質」など近い用語とセットで出題されます。定義・数値・主体の違いを表で対比し、燃焼と酸化だけの特徴を一言で言えるようにしてください。",定義を一文で説明できる。;適用する場面（製造・貯蔵・取扱・消火）を挙げられる。;関連する法令名を意識できる。,類似語と混同する。;数字や条件を取り違える。;すべての危険物に当てはめる。,"「燃焼と酸化」は、物性・化学の頻出語です。

整理のコツ：関連する「pH」「アルカリの性質」「アルコール類の基礎」と、「同じ点・違う点」を表に書き出し、燃焼と酸化だけの特徴を一行で言えるようにします。

覚え方：間違えたら「類似語と混同する」のパターンか確認し、同じ型の誤りが出た問題を2問だけ繰り返します。

復習のしかた：丸暗記より、選択肢の「誤り。」の理由を声に出して説明できるかを目標にします。",燃焼について、化学的に適切な説明について、「急激な酸化反応の一種として考えられる。」は正しい。,○。正しい。,燃焼と酸化とは何ですか？,燃焼と酸化は、燃焼は、熱や光を伴う急激な酸化反応として考えられる。 たとえば、密閉空間では蒸気がたまりやすく、換気と火気厳禁が重要です。数値（引火点・爆発下限界など）は品名とセットで確認してください。 試験では、定義を一文で説明できる点を押さえると得点源になります。,燃焼と酸化は試験でどんなふうに問われますか？,定義を一文で説明できる。適用する場面（製造・貯蔵・取扱・消火）を挙げられる。関連する法令名を意識できる。,燃焼と酸化で間違えやすい点は？,類似語と混同する。数字や条件を取り違える。,燃焼と酸化と「pH」「アルカリの性質」の違いは？,「pH」「アルカリの性質」は意味や数値・適用場面が異なります。用語ページの比較表と演習で、燃焼と酸化だけのポイントを確認してください。
燃焼の三要素,ねんしょうのさんようそ,物性・化学,物性・化学;乙4;頻出;詳細記事;実践演習連動;一問一答連動,"燃焼の三要素は、まず「燃焼の三要素」とは、可燃物・酸素などの酸化剤・着火源の三つが揃って初めて燃焼が成立するという考え方を指す。

たとえば、可燃物・酸素（空気）・着火源の3つがそろうと燃焼が続きます。

試験では、可燃物・酸素・着火源点を押さえると得点源になります。",まず「燃焼の三要素」とは、可燃物・酸素などの酸化剤・着火源の三つが揃って初めて燃焼が成立するという考え方を指す。,pH;アルカリの性質;アルコール類の基礎,,A,燃焼の三要素は可燃物・酸素供給源・点火源。 誤り。熱だけではなく、可燃物と酸素供給源も必要である。 誤り。酸素だけでは燃焼は成立しない。 誤り。水と窒素は燃焼を成立させる要素ではない。,燃焼の三要素とは？危険物取扱者試験（乙種第4類）で押さえる意味・試験ポイント,このページでは、物性・化学分野の「燃焼の三要素」を、試験に出る形で整理します。ひとことで言うと、まず「燃焼の三要素」とは、可燃物・酸素などの酸化剤・着火源の三つが揃って初めて燃焼が成立するという考え方を指す。下の目次の順に読むと、定義から演習のポイントまでつながって理解できます。,"消火は、三要素のいずれかを除去・抑制することで行います。除去（可燃物の撤去）、冷却（温度低下）、窒息（酸素濃度の低下）、抑制（連鎖反応の抑制）の四方式と対応づけて覚えると、消火方法の選択肢問題が解きやすくなります。

酸素は助燃性ガスであり、空気中の酸素濃度低下（窒息消火）や不活性ガスによる置換が関連します。着火源には明火のほか、静電気放電・摩擦熱なども含まれます。

誤り。熱だけではなく、可燃物と酸素供給源も必要である。

誤り。酸素だけでは燃焼は成立しない。

誤り。水と窒素は燃焼を成立させる要素ではない。

誤り。水と二酸化炭素は燃焼の三要素ではない。

燃焼の三要素は可燃物・酸素供給源・点火源。",可燃物・酸素・着火源。;消火四方式との対応。;酸素は助燃性。,水がすべての着火源になると誤解する。;窒息と冷却を混同する。;三要素のうち一つだけ除けば必ず消火と決めつける。,"「燃焼の三要素」は、物性・化学の頻出語です。

整理のコツ：関連する「pH」「アルカリの性質」「アルコール類の基礎」と、「同じ点・違う点」を表に書き出し、燃焼の三要素だけの特徴を一行で言えるようにします。

覚え方：間違えたら「水がすべての着火源になると誤解する」のパターンか確認し、同じ型の誤りが出た問題を2問だけ繰り返します。

復習のしかた：丸暗記より、選択肢の「誤り。」の理由を声に出して説明できるかを目標にします。",燃焼が起こるために必要な三要素の組合せについて、「可燃物・水・窒素」は正しい。,×。誤り。,燃焼の三要素とは何ですか？,燃焼の三要素は、まず「燃焼の三要素」とは、可燃物・酸素などの酸化剤・着火源の三つが揃って初めて燃焼が成立するという考え方を指す。 たとえば、可燃物・酸素（空気）・着火源の3つがそろうと燃焼が続きます。 試験では、可燃物・酸素・着火源点を押さえると得点源になります。,燃焼の三要素は試験でどんなふうに問われますか？,可燃物・酸素・着火源。消火四方式との対応。酸素は助燃性。,燃焼の三要素で間違えやすい点は？,水がすべての着火源になると誤解する。窒息と冷却を混同する。,燃焼の三要素と「pH」「アルカリの性質」の違いは？,「pH」「アルカリの性質」は意味や数値・適用場面が異なります。用語ページの比較表と演習で、燃焼の三要素だけのポイントを確認してください。
燃焼の継続,ねんしょうのけいぞく,物性・化学,物性・化学;乙4;頻出;詳細記事;実践演習連動;一問一答連動,"燃焼の継続は、燃焼の継続には連鎖反応の考え方が関係する。

たとえば、密閉空間では蒸気がたまりやすく、換気と火気厳禁が重要です。数値（引火点・爆発下限界など）は品名とセットで確認してください。

試験では、燃焼の継続には連鎖反応の考え方が関係する点を押さえると得点源になります。",まず「燃焼の継続」は、燃焼の継続には連鎖反応の考え方が関係する。 燃焼の連鎖反応を抑える消火は抑制消火である。 物性・化学では「燃焼」の文脈で繰り返し問われます。,燃焼の継続・連鎖反応の考え方;燃焼;連鎖反応の考え方,,B,燃焼の継続には連鎖反応の考え方が関係する。 燃焼の三要素だけでなく抑制消火も意識する。 誤り。指定数量の単位ではない。 誤り。溶解速度ではない。,燃焼の継続とは？危険物取扱者試験（乙種第4類）で押さえる意味・試験ポイント,このページでは、物性・化学分野の「燃焼の継続」を、試験に出る形で整理します。ひとことで言うと、燃焼の継続には連鎖反応の考え方が関係する。下の目次の順に読むと、定義から演習のポイントまでつながって理解できます。,"燃焼の継続は、燃焼の継続には連鎖反応の考え方が関係する。 燃焼の連鎖反応は、燃焼が継続する過程に関係する考え方である。抑制消火はこの連鎖反応を抑えることに関係する。

試験では、燃焼の継続には連鎖反応の考え方が関係する点が問われます。

誤り。指定数量の単位ではない。

誤り。溶解速度ではない。

誤り。免状手続きではない。

誤り。装置ではない。

燃焼の継続には連鎖反応の考え方が関係する。

燃焼の三要素だけでなく抑制消火も意識する。

よくある誤りは、燃焼の三要素だけでなく抑制消火も意識する。

物性・化学では「燃焼の継続・連鎖反応の考え方」「燃焼」など近い用語とセットで出題されます。定義・数値・主体の違いを表で対比し、燃焼の継続だけの特徴を一言で言えるようにしてください。

燃焼の連鎖反応を抑える消火は抑制消火である。",燃焼の継続には連鎖反応の考え方が関係する。,燃焼の三要素だけでなく抑制消火も意識する。,"「燃焼の継続」は、物性・化学の頻出語です。

整理のコツ：関連する「燃焼の継続・連鎖反応の考え方」「燃焼」「連鎖反応の考え方」と、「同じ点・違う点」を表に書き出し、燃焼の継続だけの特徴を一行で言えるようにします。

覚え方：間違えたら「燃焼の三要素だけでなく抑制消火も意識する」のパターンか確認し、同じ型の誤りが出た問題を2問だけ繰り返します。

復習のしかた：丸暗記より、選択肢の「誤り。」の理由を声に出して説明できるかを目標にします。",燃焼の連鎖反応について、「水に溶ける速さだけを表す反応である。」は正しい。,×。誤り。,燃焼の継続とは何ですか？,燃焼の継続は、燃焼の継続には連鎖反応の考え方が関係する。 たとえば、密閉空間では蒸気がたまりやすく、換気と火気厳禁が重要です。数値（引火点・爆発下限界など）は品名とセットで確認してください。 試験では、燃焼の継続には連鎖反応の考え方が関係する点を押さえると得点源になります。,燃焼の継続は試験でどんなふうに問われますか？,燃焼の継続には連鎖反応の考え方が関係する。,燃焼の継続で間違えやすい点は？,燃焼の三要素だけでなく抑制消火も意識する。,燃焼の継続と「燃焼の継続・連鎖反応の考え方」「燃焼」の違いは？,「燃焼の継続・連鎖反応の考え方」「燃焼」は意味や数値・適用場面が異なります。用語ページの比較表と演習で、燃焼の継続だけのポイントを確認してください。
燃焼の継続・連鎖反応の考え方,ねんしょうのけいぞく・れんさはんのうのかんがえかた,物性・化学,物性・化学;乙4;頻出;詳細記事;実践演習連動;一問一答連動,"燃焼の継続・連鎖反応の考え方は、燃焼の連鎖反応は、燃焼が継続する過程に関係する考え方である。

たとえば、密閉空間では蒸気がたまりやすく、換気と火気厳禁が重要です。数値（引火点・爆発下限界など）は品名とセットで確認してください。

試験では、燃焼の継続には連鎖反応の考え方が関係する点を押さえると得点源になります。",まず「燃焼の継続・連鎖反応の考え方」は、燃焼の連鎖反応は、燃焼が継続する過程に関係する考え方である。抑制消火はこの連鎖反応を抑えることに関係する。 燃焼の連鎖反応を抑える消火は抑制消火である。 物性・化学では「燃焼」の文脈で繰り返し問われます。,pH;アルカリの性質;アルコール類の基礎,,B,燃焼の継続には連鎖反応の考え方が関係する。 燃焼の三要素だけでなく抑制消火も意識する。 誤り。指定数量の単位ではない。 誤り。溶解速度ではない。,燃焼の継続・連鎖反応の考え方とは？危険物取扱者試験（乙種第4類）で押さえる意味・試験ポイント,このページでは、物性・化学分野の「燃焼の継続・連鎖反応の考え方」を、試験に出る形で整理します。ひとことで言うと、燃焼の連鎖反応は、燃焼が継続する過程に関係する考え方である。抑制消火はこの連鎖反応を抑えることに関係する。下の目次の順に読むと、定義から演習のポイントまでつながって理解できます。,"燃焼の継続・連鎖反応の考え方は、燃焼の連鎖反応は、燃焼が継続する過程に関係する考え方である。抑制消火はこの連鎖反応を抑えることに関係する。 燃焼の連鎖反応を抑える消火は抑制消火である。

試験では、燃焼の継続には連鎖反応の考え方が関係する点が問われます。

誤り。指定数量の単位ではない。

誤り。溶解速度ではない。

誤り。免状手続きではない。

誤り。装置ではない。

燃焼の継続には連鎖反応の考え方が関係する。

燃焼の三要素だけでなく抑制消火も意識する。

よくある誤りは、燃焼の三要素だけでなく抑制消火も意識する。

物性・化学では「pH」「アルカリの性質」など近い用語とセットで出題されます。定義・数値・主体の違いを表で対比し、燃焼の継続・連鎖反応の考え方だけの特徴を一言で言えるようにしてください。",燃焼の継続には連鎖反応の考え方が関係する。,燃焼の三要素だけでなく抑制消火も意識する。,"「燃焼の継続・連鎖反応の考え方」は、物性・化学の頻出語です。

整理のコツ：関連する「pH」「アルカリの性質」「アルコール類の基礎」と、「同じ点・違う点」を表に書き出し、燃焼の継続・連鎖反応の考え方だけの特徴を一行で言えるようにします。

覚え方：間違えたら「燃焼の三要素だけでなく抑制消火も意識する」のパターンか確認し、同じ型の誤りが出た問題を2問だけ繰り返します。

復習のしかた：丸暗記より、選択肢の「誤り。」の理由を声に出して説明できるかを目標にします。",燃焼の連鎖反応について、「水に溶ける速さだけを表す反応である。」は正しい。,×。誤り。,燃焼の継続・連鎖反応の考え方とは何ですか？,燃焼の継続・連鎖反応の考え方は、燃焼の連鎖反応は、燃焼が継続する過程に関係する考え方である。 たとえば、密閉空間では蒸気がたまりやすく、換気と火気厳禁が重要です。数値（引火点・爆発下限界など）は品名とセットで確認してください。 試験では、燃焼の継続には連鎖反応の考え方が関係する点を押さえると得点源になります。,燃焼の継続・連鎖反応の考え方は試験でどんなふうに問われますか？,燃焼の継続には連鎖反応の考え方が関係する。,燃焼の継続・連鎖反応の考え方で間違えやすい点は？,燃焼の三要素だけでなく抑制消火も意識する。,燃焼の継続・連鎖反応の考え方と「pH」「アルカリの性質」の違いは？,「pH」「アルカリの性質」は意味や数値・適用場面が異なります。用語ページの比較表と演習で、燃焼の継続・連鎖反応の考え方だけのポイントを確認してください。
燃焼範囲,ねんしょうはんい,物性・化学,物性・化学;乙4;頻出;詳細記事;実践演習連動;一問一答連動,"燃焼範囲は、燃焼範囲の上限界は、可燃性蒸気の濃度がこれより高いと酸素不足などにより燃焼しにくい限界濃度である。

たとえば、密閉空間では蒸気がたまりやすく、換気と火気厳禁が重要です。数値（引火点・爆発下限界など）は品名とセットで確認してください。

試験では、燃焼範囲は、可燃性蒸気と空気の混合濃度に関する範囲点を押さえると得点源になります。",まず「燃焼範囲」は、燃焼範囲の上限界は、可燃性蒸気の濃度がこれより高いと酸素不足などにより燃焼しにくい限界濃度である。 物性・化学では「燃焼」の文脈で繰り返し問われます。,燃焼範囲・爆発範囲;燃焼;爆発範囲,,B,燃焼範囲は、可燃性蒸気と空気の混合濃度に関する範囲。 濃いほど必ず危険最大、とは限らない。 濃度が低ければ常に爆発最大ではない。 誤り。薄すぎると燃焼しにくい。,燃焼範囲とは？危険物取扱者試験（乙種第4類）で押さえる意味・試験ポイント,このページでは、物性・化学分野の「燃焼範囲」を、試験に出る形で整理します。ひとことで言うと、燃焼範囲の上限界は、可燃性蒸気の濃度がこれより高いと酸素不足などにより燃焼しにくい限界濃度である。下の目次の順に読むと、定義から演習のポイントまでつながって理解できます。,"燃焼範囲は、燃焼範囲の上限界は、可燃性蒸気の濃度がこれより高いと酸素不足などにより燃焼しにくい限界濃度である。 可燃性蒸気や可燃性ガスと空気の混合気が燃焼できる濃度範囲である。濃度が低すぎても高すぎても燃焼しにくい。

試験では、燃焼範囲は、可燃性蒸気と空気の混合濃度に関する範囲点が問われます。

誤り。薄すぎると燃焼しにくい。

誤り。重さの単位ではない。

誤り。物質ごとに燃焼範囲は異なる。

誤り。物質の色だけで決まるものではない。

燃焼範囲は、可燃性蒸気と空気の混合濃度に関する範囲。

濃いほど必ず危険最大、とは限らない。

濃度が低ければ常に爆発最大ではない。

よくある誤りは、濃いほど必ず危険最大、とは限らない。濃度が低ければ常に爆発最大ではない。

物性・化学では「燃焼範囲・爆発範囲」「燃焼」など近い用語とセットで出題されます。定義・数値・主体の違いを表で対比し、燃焼範囲だけの特徴を一言で言えるようにしてください。

可燃性蒸気の濃度が燃焼範囲より低い場合、一般に薄すぎて燃焼しにくい。",燃焼範囲は、可燃性蒸気と空気の混合濃度に関する範囲。,濃いほど必ず危険最大、とは限らない。;濃度が低ければ常に爆発最大ではない。,"「燃焼範囲」は、物性・化学の頻出語です。

整理のコツ：関連する「燃焼範囲・爆発範囲」「燃焼」「爆発範囲」と、「同じ点・違う点」を表に書き出し、燃焼範囲だけの特徴を一行で言えるようにします。

覚え方：間違えたら「濃いほど必ず危険最大、とは限らない」のパターンか確認し、同じ型の誤りが出た問題を2問だけ繰り返します。

復習のしかた：丸暗記より、選択肢の「誤り。」の理由を声に出して説明できるかを目標にします。",燃焼範囲について、「燃焼範囲は、物質の色だけで決まる。」は正しい。,×。誤り。,燃焼範囲とは何ですか？,燃焼範囲は、燃焼範囲の上限界は、可燃性蒸気の濃度がこれより高いと酸素不足などにより燃焼しにくい限界濃度である。 たとえば、密閉空間では蒸気がたまりやすく、換気と火気厳禁が重要です。数値（引火点・爆発下限界など）は品名とセットで確認してください。 試験では、燃焼範囲は、可燃性蒸気と空気の混合濃度に関する範囲点を押さえると得点源になります。,燃焼範囲は試験でどんなふうに問われますか？,燃焼範囲は、可燃性蒸気と空気の混合濃度に関する範囲。,燃焼範囲で間違えやすい点は？,濃いほど必ず危険最大、とは限らない。濃度が低ければ常に爆発最大ではない。,燃焼範囲と「燃焼範囲・爆発範囲」「燃焼」の違いは？,「燃焼範囲・爆発範囲」「燃焼」は意味や数値・適用場面が異なります。用語ページの比較表と演習で、燃焼範囲だけのポイントを確認してください。
燃焼範囲・爆発範囲,ねんしょうはんい・ばくはつはんい,物性・化学,物性・化学;乙4;頻出;詳細記事;実践演習連動;一問一答連動,"燃焼範囲・爆発範囲は、燃焼範囲は、可燃性蒸気や可燃性ガスと空気の混合気が燃焼できる濃度範囲である。

たとえば、密閉空間では蒸気がたまりやすく、換気と火気厳禁が重要です。数値（引火点・爆発下限界など）は品名とセットで確認してください。

試験では、燃焼範囲は、可燃性蒸気と空気の混合濃度に関する範囲点を押さえると得点源になります。",まず「燃焼範囲・爆発範囲」は、燃焼範囲は、可燃性蒸気や可燃性ガスと空気の混合気が燃焼できる濃度範囲である。濃度が低すぎても高すぎても燃焼しにくい。 燃焼範囲の上限界は、可燃性蒸気の濃度がこれより高いと酸素不足などにより燃焼しにくい限界濃度である。 物性・化学では「燃焼」の文脈で繰り返し問われます。,pH;アルカリの性質;アルコール類の基礎,,B,燃焼範囲は、可燃性蒸気と空気の混合濃度に関する範囲。 濃いほど必ず危険最大、とは限らない。 濃度が低ければ常に爆発最大ではない。 誤り。薄すぎると燃焼しにくい。,燃焼範囲・爆発範囲とは？危険物取扱者試験（乙種第4類）で押さえる意味・試験ポイント,このページでは、物性・化学分野の「燃焼範囲・爆発範囲」を、試験に出る形で整理します。ひとことで言うと、燃焼範囲は、可燃性蒸気や可燃性ガスと空気の混合気が燃焼できる濃度範囲である。濃度が低すぎても高すぎても燃焼しにくい。下の目次の順に読むと、定義から演習のポイントまでつながって理解できます。,"燃焼範囲・爆発範囲は、燃焼範囲は、可燃性蒸気や可燃性ガスと空気の混合気が燃焼できる濃度範囲である。濃度が低すぎても高すぎても燃焼しにくい。 燃焼範囲の上限界は、可燃性蒸気の濃度がこれより高いと酸素不足などにより燃焼しにくい限界濃度である。

試験では、燃焼範囲は、可燃性蒸気と空気の混合濃度に関する範囲点が問われます。

誤り。薄すぎると燃焼しにくい。

誤り。重さの単位ではない。

誤り。物質ごとに燃焼範囲は異なる。

誤り。物質の色だけで決まるものではない。

燃焼範囲は、可燃性蒸気と空気の混合濃度に関する範囲。

濃いほど必ず危険最大、とは限らない。

濃度が低ければ常に爆発最大ではない。

よくある誤りは、濃いほど必ず危険最大、とは限らない。濃度が低ければ常に爆発最大ではない。

物性・化学では「pH」「アルカリの性質」など近い用語とセットで出題されます。定義・数値・主体の違いを表で対比し、燃焼範囲・爆発範囲だけの特徴を一言で言えるようにしてください。

可燃性蒸気の濃度が燃焼範囲より低い場合、一般に薄すぎて燃焼しにくい。",燃焼範囲は、可燃性蒸気と空気の混合濃度に関する範囲。,濃いほど必ず危険最大、とは限らない。;濃度が低ければ常に爆発最大ではない。,"「燃焼範囲・爆発範囲」は、物性・化学の頻出語です。

整理のコツ：関連する「pH」「アルカリの性質」「アルコール類の基礎」と、「同じ点・違う点」を表に書き出し、燃焼範囲・爆発範囲だけの特徴を一行で言えるようにします。

覚え方：間違えたら「濃いほど必ず危険最大、とは限らない」のパターンか確認し、同じ型の誤りが出た問題を2問だけ繰り返します。

復習のしかた：丸暗記より、選択肢の「誤り。」の理由を声に出して説明できるかを目標にします。",燃焼範囲について、「燃焼範囲は、物質の色だけで決まる。」は正しい。,×。誤り。,燃焼範囲・爆発範囲とは何ですか？,燃焼範囲・爆発範囲は、燃焼範囲は、可燃性蒸気や可燃性ガスと空気の混合気が燃焼できる濃度範囲である。 たとえば、密閉空間では蒸気がたまりやすく、換気と火気厳禁が重要です。数値（引火点・爆発下限界など）は品名とセットで確認してください。 試験では、燃焼範囲は、可燃性蒸気と空気の混合濃度に関する範囲点を押さえると得点源になります。,燃焼範囲・爆発範囲は試験でどんなふうに問われますか？,燃焼範囲は、可燃性蒸気と空気の混合濃度に関する範囲。,燃焼範囲・爆発範囲で間違えやすい点は？,濃いほど必ず危険最大、とは限らない。濃度が低ければ常に爆発最大ではない。,燃焼範囲・爆発範囲と「pH」「アルカリの性質」の違いは？,「pH」「アルカリの性質」は意味や数値・適用場面が異なります。用語ページの比較表と演習で、燃焼範囲・爆発範囲だけのポイントを確認してください。
爆発範囲,ばくはつはんい,物性・化学,物性・化学;乙4;頻出;詳細記事;実践演習連動;一問一答連動,"爆発範囲は、燃焼範囲は、可燃性蒸気や可燃性ガスと空気の混合気が燃焼できる濃度範囲である。

たとえば、引火点・沸点・密度など、数字と単位をセットで覚えると、選択肢の数値の当たり外れを見分けやすくなります。

試験では、燃焼範囲は、可燃性蒸気と空気の混合濃度に関する範囲点を押さえると得点源になります。",まず「爆発範囲」は、燃焼範囲は、可燃性蒸気や可燃性ガスと空気の混合気が燃焼できる濃度範囲である。濃度が低すぎても高すぎても燃焼しにくい。 燃焼範囲の上限界は、可燃性蒸気の濃度がこれより高いと酸素不足などにより燃焼しにくい限界濃度である。 物性・化学では「燃焼」の文脈で繰り返し問われます。,燃焼範囲・爆発範囲;燃焼;燃焼範囲,,B,燃焼範囲は、可燃性蒸気と空気の混合濃度に関する範囲。 濃いほど必ず危険最大、とは限らない。 濃度が低ければ常に爆発最大ではない。 誤り。薄すぎると燃焼しにくい。,爆発範囲とは？危険物取扱者試験（乙種第4類）で押さえる意味・試験ポイント,このページでは、物性・化学分野の「爆発範囲」を、試験に出る形で整理します。ひとことで言うと、燃焼範囲は、可燃性蒸気や可燃性ガスと空気の混合気が燃焼できる濃度範囲である。濃度が低すぎても高すぎても燃焼しにくい。下の目次の順に読むと、定義から演習のポイントまでつながって理解できます。,"爆発範囲は、燃焼範囲は、可燃性蒸気や可燃性ガスと空気の混合気が燃焼できる濃度範囲である。濃度が低すぎても高すぎても燃焼しにくい。 燃焼範囲の上限界は、可燃性蒸気の濃度がこれより高いと酸素不足などにより燃焼しにくい限界濃度である。

試験では、燃焼範囲は、可燃性蒸気と空気の混合濃度に関する範囲点が問われます。

誤り。薄すぎると燃焼しにくい。

誤り。重さの単位ではない。

誤り。物質ごとに燃焼範囲は異なる。

誤り。物質の色だけで決まるものではない。

燃焼範囲は、可燃性蒸気と空気の混合濃度に関する範囲。

濃いほど必ず危険最大、とは限らない。

濃度が低ければ常に爆発最大ではない。

よくある誤りは、濃いほど必ず危険最大、とは限らない。濃度が低ければ常に爆発最大ではない。

物性・化学では「燃焼範囲・爆発範囲」「燃焼」など近い用語とセットで出題されます。定義・数値・主体の違いを表で対比し、爆発範囲だけの特徴を一言で言えるようにしてください。

可燃性蒸気の濃度が燃焼範囲より低い場合、一般に薄すぎて燃焼しにくい。",燃焼範囲は、可燃性蒸気と空気の混合濃度に関する範囲。,濃いほど必ず危険最大、とは限らない。;濃度が低ければ常に爆発最大ではない。,"「爆発範囲」は、物性・化学の頻出語です。

整理のコツ：関連する「燃焼範囲・爆発範囲」「燃焼」「燃焼範囲」と、「同じ点・違う点」を表に書き出し、爆発範囲だけの特徴を一行で言えるようにします。

覚え方：間違えたら「濃いほど必ず危険最大、とは限らない」のパターンか確認し、同じ型の誤りが出た問題を2問だけ繰り返します。

復習のしかた：丸暗記より、選択肢の「誤り。」の理由を声に出して説明できるかを目標にします。",燃焼範囲について、「燃焼範囲は、物質の色だけで決まる。」は正しい。,×。誤り。,爆発範囲とは何ですか？,爆発範囲は、燃焼範囲は、可燃性蒸気や可燃性ガスと空気の混合気が燃焼できる濃度範囲である。 たとえば、引火点・沸点・密度など、数字と単位をセットで覚えると、選択肢の数値の当たり外れを見分けやすくなります。 試験では、燃焼範囲は、可燃性蒸気と空気の混合濃度に関する範囲点を押さえると得点源になります。,爆発範囲は試験でどんなふうに問われますか？,燃焼範囲は、可燃性蒸気と空気の混合濃度に関する範囲。,爆発範囲で間違えやすい点は？,濃いほど必ず危険最大、とは限らない。濃度が低ければ常に爆発最大ではない。,爆発範囲と「燃焼範囲・爆発範囲」「燃焼」の違いは？,「燃焼範囲・爆発範囲」「燃焼」は意味や数値・適用場面が異なります。用語ページの比較表と演習で、爆発範囲だけのポイントを確認してください。
物質の構成,ぶっしつのこうせい,物性・化学,物性・化学;乙4;頻出;詳細記事;実践演習連動;一問一答連動,"物質の構成は、分子は、いくつかの原子が結びついてできた粒子である。

たとえば、引火点・沸点・密度など、数字と単位をセットで覚えると、選択肢の数値の当たり外れを見分けやすくなります。

試験では、定義を一文で説明できる点を押さえると得点源になります。",まず「物質の構成」は、分子は、いくつかの原子が結びついてできた粒子である。水分子や酸素分子などが例である。 化合物は、2種類以上の元素が化学的に結びついた物質である。1種類の元素だけからなるものは単体である。 物性・化学では「物質の構成」の文脈で繰り返し問われます。,元素と化合物;イオン;単体・化合物・混合物,,B,pHや酸・アルカリの理解に関係する。 誤り。免状の別名ではない。 誤り。比重の単位ではない。 誤り。光ではない。,物質の構成とは？危険物取扱者試験（乙種第4類）で押さえる意味・試験ポイント,このページでは、物性・化学分野の「物質の構成」を、試験に出る形で整理します。ひとことで言うと、分子は、いくつかの原子が結びついてできた粒子である。水分子や酸素分子などが例である。下の目次の順に読むと、定義から演習のポイントまでつながって理解できます。,"物質の構成は、分子は、いくつかの原子が結びついてできた粒子である。水分子や酸素分子などが例である。 化合物は、2種類以上の元素が化学的に結びついた物質である。1種類の元素だけからなるものは単体である。

誤り。免状の別名ではない。

誤り。比重の単位ではない。

誤り。光ではない。

誤り。音ではない。

pHや酸・アルカリの理解に関係する。

よくある誤りは、pHや酸・アルカリの理解に関係する。

物性・化学では「元素と化合物」「イオン」など近い用語とセットで出題されます。定義・数値・主体の違いを表で対比し、物質の構成だけの特徴を一言で言えるようにしてください。

混合物は、複数の物質が混じり合ったものである。

イオンは、電気を帯びた原子または原子団である。",定義を一文で説明できる。;適用する場面（製造・貯蔵・取扱・消火）を挙げられる。;関連する法令名を意識できる。,pHや酸・アルカリの理解に関係する。,"「物質の構成」は、物性・化学の頻出語です。

整理のコツ：関連する「元素と化合物」「イオン」「単体・化合物・混合物」と、「同じ点・違う点」を表に書き出し、物質の構成だけの特徴を一行で言えるようにします。

覚え方：間違えたら「pHや酸・アルカリの理解に関係する」のパターンか確認し、同じ型の誤りが出た問題を2問だけ繰り返します。

復習のしかた：丸暗記より、選択肢の「誤り。」の理由を声に出して説明できるかを目標にします。",分子について、「いくつかの原子が結びついてできた粒子である。」は正しい。,○。正しい。,物質の構成とは何ですか？,物質の構成は、分子は、いくつかの原子が結びついてできた粒子である。 たとえば、引火点・沸点・密度など、数字と単位をセットで覚えると、選択肢の数値の当たり外れを見分けやすくなります。 試験では、定義を一文で説明できる点を押さえると得点源になります。,物質の構成は試験でどんなふうに問われますか？,定義を一文で説明できる。適用する場面（製造・貯蔵・取扱・消火）を挙げられる。関連する法令名を意識できる。,物質の構成で間違えやすい点は？,pHや酸・アルカリの理解に関係する。,物質の構成と「元素と化合物」「イオン」の違いは？,「元素と化合物」「イオン」は意味や数値・適用場面が異なります。用語ページの比較表と演習で、物質の構成だけのポイントを確認してください。
物質の状態,ぶっしつのじょうたい,物性・化学,物性・化学;乙4;頻出;詳細記事;実践演習連動;一問一答連動,"物質の状態は、蒸気圧が高い液体は、一般に蒸発しやすく、可燃性蒸気を発生しやすい。

たとえば、引火点・沸点・密度など、数字と単位をセットで覚えると、選択肢の数値の当たり外れを見分けやすくなります。

試験では、飽和蒸気圧は蒸発しやすさと関係する点を押さえると得点源になります。",まず「物質の状態」は、蒸気圧が高い液体は、一般に蒸発しやすく、可燃性蒸気を発生しやすい。引火性液体の危険性を理解するうえで重要である。 沸点は、液体が沸騰し始める温度である。引火点や発火点とは異なる。 物性・化学では「物質の状態」の文脈で繰り返し問われます。,蒸気圧;融点・沸点;固体・液体・気体,,B,飽和蒸気圧は蒸発しやすさと関係する。 融点・沸点・引火点・発火点を区別する。 誤り。蒸気圧は物質や温度によって異なる。 誤り。蒸気圧は液体の色だけで決まるものではない。,物質の状態とは？危険物取扱者試験（乙種第4類）で押さえる意味・試験ポイント,このページでは、物性・化学分野の「物質の状態」を、試験に出る形で整理します。ひとことで言うと、蒸気圧が高い液体は、一般に蒸発しやすく、可燃性蒸気を発生しやすい。引火性液体の危険性を理解するうえで重要である。下の目次の順に読むと、定義から演習のポイントまでつながって理解できます。,"物質の状態は、蒸気圧が高い液体は、一般に蒸発しやすく、可燃性蒸気を発生しやすい。引火性液体の危険性を理解するうえで重要である。 沸点は、液体が沸騰し始める温度である。引火点や発火点とは異なる。

試験では、飽和蒸気圧は蒸発しやすさと関係する。また、融点・沸点・引火点・発火点を区別する点も押さえます。

誤り。蒸気圧は物質や温度によって異なる。

誤り。蒸気圧は液体の色だけで決まるものではない。

誤り。蒸気圧が高い液体は可燃性蒸気を発生しやすい場合がある。

誤り。蒸気圧が高い液体は蒸発しやすい。

飽和蒸気圧は蒸発しやすさと関係する。

融点・沸点・引火点・発火点を区別する。

物性・化学では「蒸気圧」「融点・沸点」など近い用語とセットで出題されます。定義・数値・主体の違いを表で対比し、物質の状態だけの特徴を一言で言えるようにしてください。

蒸発は、液体の表面から気体になる現象である。

引火性液体では、蒸発により可燃性蒸気が発生する点が重要である。",飽和蒸気圧は蒸発しやすさと関係する。;融点・沸点・引火点・発火点を区別する。,類似語と混同する。;数字や条件を取り違える。;すべての危険物に当てはめる。,"「物質の状態」は、物性・化学の頻出語です。

整理のコツ：関連する「蒸気圧」「融点・沸点」「固体・液体・気体」と、「同じ点・違う点」を表に書き出し、物質の状態だけの特徴を一行で言えるようにします。

覚え方：間違えたら「類似語と混同する」のパターンか確認し、同じ型の誤りが出た問題を2問だけ繰り返します。

復習のしかた：丸暗記より、選択肢の「誤り。」の理由を声に出して説明できるかを目標にします。",物質の三態として、正しい組合せについて、「固体・液体・気体」は正しい。,○。正しい。,物質の状態とは何ですか？,物質の状態は、蒸気圧が高い液体は、一般に蒸発しやすく、可燃性蒸気を発生しやすい。 たとえば、引火点・沸点・密度など、数字と単位をセットで覚えると、選択肢の数値の当たり外れを見分けやすくなります。 試験では、飽和蒸気圧は蒸発しやすさと関係する点を押さえると得点源になります。,物質の状態は試験でどんなふうに問われますか？,飽和蒸気圧は蒸発しやすさと関係する。融点・沸点・引火点・発火点を区別する。,物質の状態で間違えやすい点は？,類似語と混同する。数字や条件を取り違える。,物質の状態と「蒸気圧」「融点・沸点」の違いは？,「蒸気圧」「融点・沸点」は意味や数値・適用場面が異なります。用語ページの比較表と演習で、物質の状態だけのポイントを確認してください。
物質別の消火方法,ぶっしつべつのしょうかほうほう,火災・消火・漏えい,火災・消火・漏えい;乙4;頻出;詳細記事;実践演習連動;一問一答連動,"物質別の消火方法は、非水溶性の第4類危険物火災では、泡で液面を覆い、可燃性蒸気の発生と酸素供給を抑える方法が有効である。

たとえば、危険物の性質（水溶性か、蒸気がたまりやすいか）に合った消火・漏えい対策かどうかが、正誤の判断ポイントになります。

試験では、非水溶性の第4類火災では泡消火が重要点を押さえると得点源になります。",まず「物質別の消火方法」は、非水溶性の第4類危険物火災では、泡で液面を覆い、可燃性蒸気の発生と酸素供給を抑える方法が有効である。流出拡大や火気使用は危険である。 非水溶性の第4類危険物火災では、泡で液面を覆い、可燃性蒸気の発生や空気との接触を抑える方法が有効である。 火災・消火・漏えいでは「消火方法」の文脈で繰り返し問われます。,アセトアルデヒド;アセトン;アニリン,,B,非水溶性の第4類火災では泡消火が重要。 水溶性液体では耐アルコール泡などの区別が必要になる。 水溶性液体火災では耐アルコール泡を意識する。 誤り。可燃性蒸気がある場所で火気を使用するのは危険である。,物質別の消火方法とは？危険物取扱者試験（乙種第4類）で押さえる意味・試験ポイント,このページでは、火災・消火・漏えい分野の「物質別の消火方法」を、試験に出る形で整理します。ひとことで言うと、非水溶性の第4類危険物火災では、泡で液面を覆い、可燃性蒸気の発生と酸素供給を抑える方法が有効である。流出拡大や火気使用は危険である。下の目次の順に読むと、定義から演習のポイントまでつながって理解できます。,"物質別の消火方法は、非水溶性の第4類危険物火災では、泡で液面を覆い、可燃性蒸気の発生と酸素供給を抑える方法が有効である。流出拡大や火気使用は危険である。 非水溶性の第4類危険物火災では、泡で液面を覆い、可燃性蒸気の発生や空気との接触を抑える方法が有効である。

試験では、非水溶性の第4類火災では泡消火が重要。また、水溶性液体火災では耐アルコール泡を意識する点も押さえます。

誤り。可燃性蒸気がある場所で火気を使用するのは危険である。

誤り。液面をかき混ぜると燃焼や流出を拡大するおそれがある。

誤り。可燃性蒸気をためることは危険である。

誤り。下水へ流すと火災や環境汚染の危険がある。

非水溶性の第4類火災では泡消火が重要。

水溶性液体では耐アルコール泡などの区別が必要になる。

水溶性液体火災では耐アルコール泡を意識する。

よくある誤りは、水溶性液体では耐アルコール泡などの区別が必要になる。

火災・消火・漏えいでは「アセトアルデヒド」「アセトン」など近い用語とセットで出題されます。定義・数値・主体の違いを表で対比し、物質別の消火方法だけの特徴を一言で言えるようにしてください。

水溶性液体火災では通常の泡が破壊されやすいため、耐アルコール泡などの適用を考慮する。

二酸化炭素消火剤は窒息効果で消火するため、密閉空間では人体への窒息影響にも注意が必要である。",非水溶性の第4類火災では泡消火が重要。;水溶性液体火災では耐アルコール泡を意識する。,水溶性液体では耐アルコール泡などの区別が必要になる。,"「物質別の消火方法」は、火災・消火・漏えいの頻出語です。

整理のコツ：関連する「アセトアルデヒド」「アセトン」「アニリン」と、「同じ点・違う点」を表に書き出し、物質別の消火方法だけの特徴を一行で言えるようにします。

覚え方：間違えたら「水溶性液体では耐アルコール泡などの区別が必要になる」のパターンか確認し、同じ型の誤りが出た問題を2問だけ繰り返します。

復習のしかた：丸暗記より、選択肢の「誤り。」の理由を声に出して説明できるかを目標にします。",非水溶性の第4類危険物の火災に対する消火方法として、適切なものについて、「液面を泡で覆い、可燃性蒸気の発生と空気の供給を抑える。」は正しい。,○。正しい。,物質別の消火方法とは何ですか？,物質別の消火方法は、非水溶性の第4類危険物火災では、泡で液面を覆い、可燃性蒸気の発生と酸素供給を抑える方法が有効である。 たとえば、危険物の性質（水溶性か、蒸気がたまりやすいか）に合った消火・漏えい対策かどうかが、正誤の判断ポイントになります。 試験では、非水溶性の第4類火災では泡消火が重要点を押さえると得点源になります。,物質別の消火方法は試験でどんなふうに問われますか？,非水溶性の第4類火災では泡消火が重要。水溶性液体火災では耐アルコール泡を意識する。,物質別の消火方法で間違えやすい点は？,水溶性液体では耐アルコール泡などの区別が必要になる。,物質別の消火方法と「アセトアルデヒド」「アセトン」の違いは？,「アセトアルデヒド」「アセトン」は意味や数値・適用場面が異なります。用語ページの比較表と演習で、物質別の消火方法だけのポイントを確認してください。
物質別の火災予防,ぶっしつべつのかさいよぼう,火災・消火・漏えい,火災・消火・漏えい;乙4;頻出;詳細記事;実践演習連動;一問一答連動,"物質別の火災予防は、ガソリンは揮発しやすく、可燃性蒸気に引火しやすいため、火気管理、換気、静電気対策が重要である。

たとえば、危険物の性質（水溶性か、蒸気がたまりやすいか）に合った消火・漏えい対策かどうかが、正誤の判断ポイントになります。

試験では、ガソリンは火気・換気・静電気対策が重要点を押さえると得点源になります。",まず「物質別の火災予防」は、ガソリンは揮発しやすく、可燃性蒸気に引火しやすいため、火気管理、換気、静電気対策が重要である。 アルコール類は水溶性液体であり、泡消火では通常の泡が破壊されやすいため、耐アルコール泡などの適用を考慮する。 火災・消火・漏えいでは「火災予防」の文脈で繰り返し問われます。,アセトアルデヒド;アセトン;アニリン,,B,ガソリンは火気・換気・静電気対策が重要。 水溶性液体火災では耐アルコール泡を意識する。 水溶性＝消火しやすい、とは限らない。 誤り。下水へ流すのは危険である。,物質別の火災予防とは？危険物取扱者試験（乙種第4類）で押さえる意味・試験ポイント,このページでは、火災・消火・漏えい分野の「物質別の火災予防」を、試験に出る形で整理します。ひとことで言うと、ガソリンは揮発しやすく、可燃性蒸気に引火しやすいため、火気管理、換気、静電気対策が重要である。下の目次の順に読むと、定義から演習のポイントまでつながって理解できます。,"物質別の火災予防は、ガソリンは揮発しやすく、可燃性蒸気に引火しやすいため、火気管理、換気、静電気対策が重要である。 アルコール類は水溶性液体であり、泡消火では通常の泡が破壊されやすいため、耐アルコール泡などの適用を考慮する。

試験では、ガソリンは火気・換気・静電気対策が重要。また、水溶性液体火災では耐アルコール泡を意識する点も押さえます。

誤り。下水へ流すのは危険である。

誤り。開放や加熱は危険である。

誤り。裸火は危険である。

誤り。接地は静電気対策として重要である。

ガソリンは火気・換気・静電気対策が重要。

水溶性液体火災では耐アルコール泡を意識する。

水溶性＝消火しやすい、とは限らない。

よくある誤りは、水溶性＝消火しやすい、とは限らない。

火災・消火・漏えいでは「アセトアルデヒド」「アセトン」など近い用語とセットで出題されます。定義・数値・主体の違いを表で対比し、物質別の火災予防だけの特徴を一言で言えるようにしてください。",ガソリンは火気・換気・静電気対策が重要。;水溶性液体火災では耐アルコール泡を意識する。,水溶性＝消火しやすい、とは限らない。,"「物質別の火災予防」は、火災・消火・漏えいの頻出語です。

整理のコツ：関連する「アセトアルデヒド」「アセトン」「アニリン」と、「同じ点・違う点」を表に書き出し、物質別の火災予防だけの特徴を一行で言えるようにします。

覚え方：間違えたら「水溶性＝消火しやすい、とは限らない」のパターンか確認し、同じ型の誤りが出た問題を2問だけ繰り返します。

復習のしかた：丸暗記より、選択肢の「誤り。」の理由を声に出して説明できるかを目標にします。",ガソリンを取り扱う場合の火災予防として、適切なものについて、「火気を遠ざけ、換気を行い、静電気の発生に注意する。」は正しい。,○。正しい。,物質別の火災予防とは何ですか？,物質別の火災予防は、ガソリンは揮発しやすく、可燃性蒸気に引火しやすいため、火気管理、換気、静電気対策が重要である。 たとえば、危険物の性質（水溶性か、蒸気がたまりやすいか）に合った消火・漏えい対策かどうかが、正誤の判断ポイントになります。 試験では、ガソリンは火気・換気・静電気対策が重要点を押さえると得点源になります。,物質別の火災予防は試験でどんなふうに問われますか？,ガソリンは火気・換気・静電気対策が重要。水溶性液体火災では耐アルコール泡を意識する。,物質別の火災予防で間違えやすい点は？,水溶性＝消火しやすい、とは限らない。,物質別の火災予防と「アセトアルデヒド」「アセトン」の違いは？,「アセトアルデヒド」「アセトン」は意味や数値・適用場面が異なります。用語ページの比較表と演習で、物質別の火災予防だけのポイントを確認してください。
特殊引火物,とくしゅいんかもの,火災・消火・漏えい,火災・消火・漏えい;乙4;頻出;詳細記事;実践演習連動;一問一答連動,"特殊引火物は、ジエチルエーテルと二硫化炭素は特殊引火物の代表例である。

たとえば、ガソリン（非水溶性）は200 L、アセトン（水溶性）は400 Lのように、品名ごとに数値が決まります。

試験では、特殊引火物は危険性が高く指定数量50 L点を押さえると得点源になります。",まず「特殊引火物」は、ジエチルエーテルと二硫化炭素は特殊引火物の代表例である。 火災・消火・漏えいでは「特殊引火物」の文脈で繰り返し問われます。,特殊引火物の性質;ジエチルエーテル;二硫化炭素,危険物の規制に関する政令,B,"特殊引火物は危険性が高く指定数量50 L。 動植物油類の10,000 Lと混同しない。 特殊引火物は引火危険が高く、指定数量50 L。 誤り。第1類ではない。",特殊引火物とは？危険物取扱者試験（乙種第4類）で押さえる意味・試験ポイント,このページでは、火災・消火・漏えい分野の「特殊引火物」を、試験に出る形で整理します。ひとことで言うと、ジエチルエーテルと二硫化炭素は特殊引火物の代表例である。下の目次の順に読むと、定義から演習のポイントまでつながって理解できます。,"特殊引火物は、ジエチルエーテルと二硫化炭素は特殊引火物の代表例である。 第4類危険物の中でも引火危険が特に高いものとして扱われ、指定数量も小さい。

試験では、特殊引火物は危険性が高く指定数量50 L。特殊引火物は引火危険が高く、指定数量50 L。特殊引火物は危険性が高く指定数量が小さい。また、特殊引火物の代表例はジエチルエーテル、二硫化炭素、アセトアルデヒドなど点も押さえます。

誤り。第1類ではない。

誤り。絶対に燃えないわけではない。

誤り。指定数量は50 Lである。

誤り。動植物油類ではない。

特殊引火物は危険性が高く指定数量50 L。

動植物油類の10,000 Lと混同しない。

特殊引火物は引火危険が高く、指定数量50 L。

よくある誤りは、動植物油類の10,000 Lと混同しない。指定数量の大小と危険性を関連づける。灯油・軽油などの第二石油類と混同しない。

火災・消火・漏えいでは「特殊引火物の性質」「ジエチルエーテル」など近い用語とセットで出題されます。定義・数値・主体の違いを表で対比し、特殊引火物だけの特徴を一言で言えるようにしてください。

第4類危険物の中でも引火危険が特に高いものとして扱われる。

引火危険が特に高いため、指定数量が50 Lと小さい。

ジエチルエーテル、二硫化炭素、アセトアルデヒドは特殊引火物の代表例である。",特殊引火物は危険性が高く指定数量50 L。;特殊引火物は引火危険が高く、指定数量50 L。;特殊引火物は危険性が高く指定数量が小さい。;特殊引火物の代表例はジエチルエーテル、二硫化炭素、アセトアルデヒドなど。,"動植物油類の10,000 Lと混同しない。;指定数量の大小と危険性を関連づける。;灯油・軽油などの第二石油類と混同しない。;名前の印象でアルコール類と判断しない。","「特殊引火物」は、火災・消火・漏えいの頻出語です。

整理のコツ：関連する「特殊引火物の性質」「ジエチルエーテル」「二硫化炭素」と、「同じ点・違う点」を表に書き出し、特殊引火物だけの特徴を一行で言えるようにします。

覚え方：間違えたら「動植物油類の10,000 Lと混同しない」のパターンか確認し、同じ型の誤りが出た問題を2問だけ繰り返します。

復習のしかた：丸暗記より、選択肢の「誤り。」の理由を声に出して説明できるかを目標にします。",特殊引火物の特徴として、適切なものについて、「必ず水に沈み、絶対に燃えない。」は正しい。,×。誤り。,特殊引火物とは何ですか？,特殊引火物は、ジエチルエーテルと二硫化炭素は特殊引火物の代表例である。 たとえば、ガソリン（非水溶性）は200 L、アセトン（水溶性）は400 Lのように、品名ごとに数値が決まります。 試験では、特殊引火物は危険性が高く指定数量50 L点を押さえると得点源になります。,特殊引火物は試験でどんなふうに問われますか？,特殊引火物は危険性が高く指定数量50 L。特殊引火物は引火危険が高く、指定数量50 L。特殊引火物は危険性が高く指定数量が小さい。,特殊引火物で間違えやすい点は？,"動植物油類の10,000 Lと混同しない。指定数量の大小と危険性を関連づける。",特殊引火物と「特殊引火物の性質」「ジエチルエーテル」の違いは？,「特殊引火物の性質」「ジエチルエーテル」は意味や数値・適用場面が異なります。用語ページの比較表と演習で、特殊引火物だけのポイントを確認してください。
特殊引火物の性質,とくしゅいんかもののせいしつ,火災・消火・漏えい,火災・消火・漏えい;乙4;頻出;詳細記事;実践演習連動;一問一答連動,"特殊引火物の性質は、特殊引火物は、第4類危険物の中でも引火危険が特に高いものとして扱われ、指定数量も小さい。

たとえば、ガソリン（非水溶性）は200 L、アセトン（水溶性）は400 Lのように、品名ごとに数値が決まります。

試験では、特殊引火物は危険性が高く指定数量50 L点を押さえると得点源になります。",まず「特殊引火物の性質」は、特殊引火物は、第4類危険物の中でも引火危険が特に高いものとして扱われ、指定数量も小さい。 ジエチルエーテルと二硫化炭素は特殊引火物の代表例である。 火災・消火・漏えいでは「特殊引火物」の文脈で繰り返し問われます。,アセトアルデヒド;アセトン;アニリン,危険物の規制に関する政令,B,"特殊引火物は危険性が高く指定数量50 L。 動植物油類の10,000 Lと混同しない。 特殊引火物は引火危険が高く、指定数量50 L。 誤り。第1類ではない。",特殊引火物の性質とは？危険物取扱者試験（乙種第4類）で押さえる意味・試験ポイント,このページでは、火災・消火・漏えい分野の「特殊引火物の性質」を、試験に出る形で整理します。ひとことで言うと、特殊引火物は、第4類危険物の中でも引火危険が特に高いものとして扱われ、指定数量も小さい。下の目次の順に読むと、定義から演習のポイントまでつながって理解できます。,"特殊引火物の性質は、特殊引火物は、第4類危険物の中でも引火危険が特に高いものとして扱われ、指定数量も小さい。 ジエチルエーテルと二硫化炭素は特殊引火物の代表例である。

試験では、特殊引火物は危険性が高く指定数量50 L。特殊引火物は引火危険が高く、指定数量50 L。また、特殊引火物は危険性が高く指定数量が小さい点も押さえます。

誤り。第1類ではない。

誤り。絶対に燃えないわけではない。

誤り。指定数量は50 Lである。

誤り。動植物油類ではない。

特殊引火物は危険性が高く指定数量50 L。

動植物油類の10,000 Lと混同しない。

特殊引火物は引火危険が高く、指定数量50 L。

よくある誤りは、動植物油類の10,000 Lと混同しない。指定数量の大小と危険性を関連づける。

火災・消火・漏えいでは「アセトアルデヒド」「アセトン」など近い用語とセットで出題されます。定義・数値・主体の違いを表で対比し、特殊引火物の性質だけの特徴を一言で言えるようにしてください。

特殊引火物は第4類危険物の中でも引火危険が特に高いものとして扱われる。

特殊引火物は引火危険が特に高いため、指定数量が50 Lと小さい。

ジエチルエーテル、二硫化炭素、アセトアルデヒドは特殊引火物の代表例である。",特殊引火物は危険性が高く指定数量50 L。;特殊引火物は引火危険が高く、指定数量50 L。;特殊引火物は危険性が高く指定数量が小さい。,"動植物油類の10,000 Lと混同しない。;指定数量の大小と危険性を関連づける。","「特殊引火物の性質」は、火災・消火・漏えいの頻出語です。

整理のコツ：関連する「アセトアルデヒド」「アセトン」「アニリン」と、「同じ点・違う点」を表に書き出し、特殊引火物の性質だけの特徴を一行で言えるようにします。

覚え方：間違えたら「動植物油類の10,000 Lと混同しない」のパターンか確認し、同じ型の誤りが出た問題を2問だけ繰り返します。

復習のしかた：丸暗記より、選択肢の「誤り。」の理由を声に出して説明できるかを目標にします。",特殊引火物の特徴として、適切なものについて、「必ず水に沈み、絶対に燃えない。」は正しい。,×。誤り。,特殊引火物の性質とは何ですか？,特殊引火物の性質は、特殊引火物は、第4類危険物の中でも引火危険が特に高いものとして扱われ、指定数量も小さい。 たとえば、ガソリン（非水溶性）は200 L、アセトン（水溶性）は400 Lのように、品名ごとに数値が決まります。 試験では、特殊引火物は危険性が高く指定数量50 L点を押さえると得点源になります。,特殊引火物の性質は試験でどんなふうに問われますか？,特殊引火物は危険性が高く指定数量50 L。特殊引火物は引火危険が高く、指定数量50 L。特殊引火物は危険性が高く指定数量が小さい。,特殊引火物の性質で間違えやすい点は？,"動植物油類の10,000 Lと混同しない。指定数量の大小と危険性を関連づける。",特殊引火物の性質と「アセトアルデヒド」「アセトン」の違いは？,「アセトアルデヒド」「アセトン」は意味や数値・適用場面が異なります。用語ページの比較表と演習で、特殊引火物の性質だけのポイントを確認してください。
甲種・乙種・丙種の違い,こうしゅ・おつしゅ・へいしゅのちがい,法令・制度,法令・制度;乙4;頻出;詳細記事;実践演習連動;一問一答連動,"甲種・乙種・丙種の違いは、乙種危険物取扱者は、免状に指定された類の危険物について取扱いおよび立会いができる。

たとえば、条文では「消防法で定める」「政令で定める」「施行令で定める」のように、どの法令に書かれているかを選ぶ問題がよく出ます。

試験では、定義を一文で説明できる点を押さえると得点源になります。",まず「甲種・乙種・丙種の違い」は、乙種危険物取扱者は、免状に指定された類の危険物について取扱いおよび立会いができる。乙4であれば第4類危険物が対象である。 甲種はすべての種類の危険物を取り扱うことができる。乙種は免状に指定された類、乙種第4類は第4類危険物が対象である。 法令・制度では「危険物取扱者」の文脈で繰り返し問われます。,セルフ式給油取扱所の基準;一般取扱所の基準;丙種の違い,消防法,B,甲種のように全類を扱えるわけではない。 誤り。免状に応じた危険物の取扱いができる。 誤り。丙種危険物取扱者の立会いを必要とする制度ではない。 誤り。運搬だけに限定された資格ではない。,甲種・乙種・丙種の違いとは？危険物取扱者試験（乙種第4類）で押さえる意味・試験ポイント,このページでは、法令・制度分野の「甲種・乙種・丙種の違い」を、試験に出る形で整理します。ひとことで言うと、乙種危険物取扱者は、免状に指定された類の危険物について取扱いおよび立会いができる。乙4であれば第4類危険物が対象である。下の目次の順に読むと、定義から演習のポイントまでつながって理解できます。,"甲種・乙種・丙種の違いは、乙種危険物取扱者は、免状に指定された類の危険物について取扱いおよび立会いができる。乙4であれば第4類危険物が対象である。 甲種はすべての種類の危険物を取り扱うことができる。乙種は免状に指定された類、乙種第4類は第4類危険物が対象である。

誤り。免状に応じた危険物の取扱いができる。

誤り。丙種危険物取扱者の立会いを必要とする制度ではない。

誤り。運搬だけに限定された資格ではない。

誤り。乙種は免状に指定された類に限られる。

甲種のように全類を扱えるわけではない。

よくある誤りは、甲種のように全類を扱えるわけではない。

法令・制度では「セルフ式給油取扱所の基準」「一般取扱所の基準」など近い用語とセットで出題されます。定義・数値・主体の違いを表で対比し、甲種・乙種・丙種の違いだけの特徴を一言で言えるようにしてください。

乙種危険物取扱者は、免状に指定された類の危険物を取り扱うことができる。",定義を一文で説明できる。;適用する場面（製造・貯蔵・取扱・消火）を挙げられる。;関連する法令名を意識できる。,甲種のように全類を扱えるわけではない。,"「甲種・乙種・丙種の違い」は、法令・制度の頻出語です。

整理のコツ：関連する「セルフ式給油取扱所の基準」「一般取扱所の基準」「丙種の違い」と、「同じ点・違う点」を表に書き出し、甲種・乙種・丙種の違いだけの特徴を一行で言えるようにします。

覚え方：間違えたら「甲種のように全類を扱えるわけではない」のパターンか確認し、同じ型の誤りが出た問題を2問だけ繰り返します。

復習のしかた：丸暗記より、選択肢の「誤り。」の理由を声に出して説明できるかを目標にします。",乙種危険物取扱者について、「免状に指定された類の危険物について、取扱いまたは立会いができる。」は正しい。,○。正しい。,甲種・乙種・丙種の違いとは何ですか？,甲種・乙種・丙種の違いは、乙種危険物取扱者は、免状に指定された類の危険物について取扱いおよび立会いができる。 たとえば、条文では「消防法で定める」「政令で定める」「施行令で定める」のように、どの法令に書かれているかを選ぶ問題がよく出ます。 試験では、定義を一文で説明できる点を押さえると得点源になります。,甲種・乙種・丙種の違いは試験でどんなふうに問われますか？,定義を一文で説明できる。適用する場面（製造・貯蔵・取扱・消火）を挙げられる。関連する法令名を意識できる。,甲種・乙種・丙種の違いで間違えやすい点は？,甲種のように全類を扱えるわけではない。,甲種・乙種・丙種の違いと「セルフ式給油取扱所の基準」「一般取扱所の基準」の違いは？,「セルフ式給油取扱所の基準」「一般取扱所の基準」は意味や数値・適用場面が異なります。用語ページの比較表と演習で、甲種・乙種・丙種の違いだけのポイントを確認してください。
甲種危険物取扱者,こうしゅきけんぶつとりあつかいしゃ,法令・制度,法令・制度;乙4;頻出;詳細記事;実践演習連動;一問一答連動,"甲種危険物取扱者は、すべての種類の危険物を取り扱うことができる。

たとえば、条文では「消防法で定める」「政令で定める」「施行令で定める」のように、どの法令に書かれているかを選ぶ問題がよく出ます。

試験では、定義を一文で説明できる点を押さえると得点源になります。",まず「甲種危険物取扱者」は、すべての種類の危険物を取り扱うことができる。 正しい。甲種は全類が対象である。 甲種危険物取扱者は、すべての種類の危険物を取り扱うことができる。 法令・制度では「危険物取扱者」の文脈で繰り返し問われます。,危険物取扱者;甲種・乙種・丙種の違い;丙種の違い,消防法,B,誤り。指定数量の単位ではない。 誤り。消火設備ではない。 誤り。第4類だけではない。,甲種危険物取扱者とは？危険物取扱者試験（乙種第4類）で押さえる意味・試験ポイント,法令・制度分野の「甲種危険物取扱者」は、すべての種類の危険物を取り扱うことができる。試験では定義の言い換えと数値・主体の区別がセットで問われます。,"甲種危険物取扱者は、すべての種類の危険物を取り扱うことができる。

誤り。指定数量の単位ではない。

誤り。消火設備ではない。

誤り。第4類だけではない。

誤り。危険物を扱える資格である。

法令・制度では「危険物取扱者」「甲種・乙種・丙種の違い」など近い用語とセットで出題されます。定義・数値・主体の違いを表で対比し、甲種危険物取扱者だけの特徴を一言で言えるようにしてください。",定義を一文で説明できる。;適用する場面（製造・貯蔵・取扱・消火）を挙げられる。;関連する法令名を意識できる。,類似語と混同する。;数字や条件を取り違える。;すべての危険物に当てはめる。,"「甲種危険物取扱者」は、法令・制度の頻出語です。

整理のコツ：関連する「危険物取扱者」「甲種・乙種・丙種の違い」「丙種の違い」と、「同じ点・違う点」を表に書き出し、甲種危険物取扱者だけの特徴を一行で言えるようにします。

覚え方：間違えたら「類似語と混同する」のパターンか確認し、同じ型の誤りが出た問題を2問だけ繰り返します。

復習のしかた：丸暗記より、選択肢の「誤り。」の理由を声に出して説明できるかを目標にします。",甲種危険物取扱者の取扱範囲について、「すべての種類の危険物を取り扱うことができる。」は正しい。,○。正しい。,甲種危険物取扱者とは何ですか？,甲種危険物取扱者は、すべての種類の危険物を取り扱うことができる。 たとえば、条文では「消防法で定める」「政令で定める」「施行令で定める」のように、どの法令に書かれているかを選ぶ問題がよく出ます。 試験では、定義を一文で説明できる点を押さえると得点源になります。,甲種危険物取扱者は試験でどんなふうに問われますか？,定義を一文で説明できる。適用する場面（製造・貯蔵・取扱・消火）を挙げられる。関連する法令名を意識できる。,甲種危険物取扱者で間違えやすい点は？,類似語と混同する。数字や条件を取り違える。,甲種危険物取扱者と「危険物取扱者」「甲種・乙種・丙種の違い」の違いは？,「危険物取扱者」「甲種・乙種・丙種の違い」は意味や数値・適用場面が異なります。用語ページの比較表と演習で、甲種危険物取扱者だけのポイントを確認してください。
発火点,はっかてん,物性・化学,物性・化学;乙4;頻出;詳細記事;実践演習連動;一問一答連動,"発火点は、火源がなくても物質が発火する最低温度である。

たとえば、引火点・沸点・密度など、数字と単位をセットで覚えると、選択肢の数値の当たり外れを見分けやすくなります。

試験では、引火点は火源があるときに引火する最低温度点を押さえると得点源になります。",まず「発火点」は、火源がなくても物質が発火する最低温度である。火源を近づけて引火する最低温度は引火点である。 誤り。運搬距離ではない。 発火点は、火源がなくても物質が発火する最低温度である。火源を近づけて引火する最低温度は引火点である。 物性・化学では「分類比較」の文脈で繰り返し問われます。,発火点の比較;分類比較,,B,誤り。運搬距離ではない。 誤り。引火点の説明である。 誤り。溶解温度ではない。,発火点とは？危険物取扱者試験（乙種第4類）で押さえる意味・試験ポイント,このページでは、物性・化学分野の「発火点」を、試験に出る形で整理します。ひとことで言うと、火源がなくても物質が発火する最低温度である。火源を近づけて引火する最低温度は引火点である。下の目次の順に読むと、定義から演習のポイントまでつながって理解できます。,"発火点は、火源がなくても物質が発火する最低温度である。火源を近づけて引火する最低温度は引火点である。

誤り。運搬距離ではない。

誤り。引火点の説明である。

誤り。溶解温度ではない。

誤り。浮沈とは関係ない。

物性・化学では「発火点の比較」「分類比較」など近い用語とセットで出題されます。定義・数値・主体の違いを表で対比し、発火点だけの特徴を一言で言えるようにしてください。

引火点は火源があるときに引火する最低温度。

比熱は温度を上げるのに必要な熱量に関係する。",引火点は火源があるときに引火する最低温度。;比熱は温度を上げるのに必要な熱量に関係する。;融点・沸点・引火点・発火点を区別する。;引火点は火源あり、発火点は火源なし。,類似語と混同する。;数字や条件を取り違える。;すべての危険物に当てはめる。,"「発火点」は、物性・化学の頻出語です。

整理のコツ：関連する「発火点の比較」「分類比較」と、「同じ点・違う点」を表に書き出し、発火点だけの特徴を一行で言えるようにします。

覚え方：間違えたら「類似語と混同する」のパターンか確認し、同じ型の誤りが出た問題を2問だけ繰り返します。

復習のしかた：丸暗記より、選択肢の「誤り。」の理由を声に出して説明できるかを目標にします。",発火点について、「危険物を運搬できる最大距離をいう。」は正しい。,×。誤り。,発火点とは何ですか？,発火点は、火源がなくても物質が発火する最低温度である。 たとえば、引火点・沸点・密度など、数字と単位をセットで覚えると、選択肢の数値の当たり外れを見分けやすくなります。 試験では、引火点は火源があるときに引火する最低温度点を押さえると得点源になります。,発火点は試験でどんなふうに問われますか？,引火点は火源があるときに引火する最低温度。比熱は温度を上げるのに必要な熱量に関係する。融点・沸点・引火点・発火点を区別する。,発火点で間違えやすい点は？,類似語と混同する。数字や条件を取り違える。,発火点と「発火点の比較」「分類比較」の違いは？,「発火点の比較」「分類比較」は意味や数値・適用場面が異なります。用語ページの比較表と演習で、発火点だけのポイントを確認してください。
発火点の比較,はっかてんのひかく,火災・消火・漏えい,火災・消火・漏えい;乙4;頻出;詳細記事;実践演習連動;一問一答連動,"発火点の比較は、発火点は、火源がなくても物質が発火する最低温度である。

たとえば、危険物の性質（水溶性か、蒸気がたまりやすいか）に合った消火・漏えい対策かどうかが、正誤の判断ポイントになります。

試験では、定義を一文で説明できる点を押さえると得点源になります。",まず「発火点の比較」は、発火点は、火源がなくても物質が発火する最低温度である。火源を近づけて引火する最低温度は引火点である。 誤り。運搬距離ではない。 発火点は、火源がなくても物質が発火する最低温度である。火源を近づけて引火する最低温度は引火点である。 火災・消火・漏えいでは「分類比較」の文脈で繰り返し問われます。,アセトアルデヒド;アセトン;アニリン,,B,誤り。運搬距離ではない。 誤り。引火点の説明である。 誤り。溶解温度ではない。,発火点の比較とは？危険物取扱者試験（乙種第4類）で押さえる意味・試験ポイント,このページでは、火災・消火・漏えい分野の「発火点の比較」を、試験に出る形で整理します。ひとことで言うと、発火点は、火源がなくても物質が発火する最低温度である。火源を近づけて引火する最低温度は引火点である。下の目次の順に読むと、定義から演習のポイントまでつながって理解できます。,"発火点の比較は、発火点は、火源がなくても物質が発火する最低温度である。火源を近づけて引火する最低温度は引火点である。

誤り。運搬距離ではない。

誤り。引火点の説明である。

誤り。溶解温度ではない。

誤り。浮沈とは関係ない。

火災・消火・漏えいでは「アセトアルデヒド」「アセトン」など近い用語とセットで出題されます。定義・数値・主体の違いを表で対比し、発火点の比較だけの特徴を一言で言えるようにしてください。",定義を一文で説明できる。;適用する場面（製造・貯蔵・取扱・消火）を挙げられる。;関連する法令名を意識できる。,類似語と混同する。;数字や条件を取り違える。;すべての危険物に当てはめる。,"「発火点の比較」は、火災・消火・漏えいの頻出語です。

整理のコツ：関連する「アセトアルデヒド」「アセトン」「アニリン」と、「同じ点・違う点」を表に書き出し、発火点の比較だけの特徴を一行で言えるようにします。

覚え方：間違えたら「類似語と混同する」のパターンか確認し、同じ型の誤りが出た問題を2問だけ繰り返します。

復習のしかた：丸暗記より、選択肢の「誤り。」の理由を声に出して説明できるかを目標にします。",発火点について、「危険物を運搬できる最大距離をいう。」は正しい。,×。誤り。,発火点の比較とは何ですか？,発火点の比較は、発火点は、火源がなくても物質が発火する最低温度である。 たとえば、危険物の性質（水溶性か、蒸気がたまりやすいか）に合った消火・漏えい対策かどうかが、正誤の判断ポイントになります。 試験では、定義を一文で説明できる点を押さえると得点源になります。,発火点の比較は試験でどんなふうに問われますか？,定義を一文で説明できる。適用する場面（製造・貯蔵・取扱・消火）を挙げられる。関連する法令名を意識できる。,発火点の比較で間違えやすい点は？,類似語と混同する。数字や条件を取り違える。,発火点の比較と「アセトアルデヒド」「アセトン」の違いは？,「アセトアルデヒド」「アセトン」は意味や数値・適用場面が異なります。用語ページの比較表と演習で、発火点の比較だけのポイントを確認してください。
発熱反応,はつねつはんのう,物性・化学,物性・化学;乙4;頻出;詳細記事;実践演習連動;一問一答連動,"発熱反応は、反応に伴って熱を放出する反応である。

たとえば、引火点・沸点・密度など、数字と単位をセットで覚えると、選択肢の数値の当たり外れを見分けやすくなります。

試験では、定義を一文で説明できる点を押さえると得点源になります。",まず「発熱反応」は、反応に伴って熱を放出する反応である。燃焼は代表的な発熱反応である。 正しい。発熱反応の説明である。 発熱反応は、反応に伴って熱を放出する反応である。燃焼は代表的な発熱反応である。 物性・化学では「化学反応」の文脈で繰り返し問われます。,化学反応;発熱反応・吸熱反応;吸熱反応,,B,誤り。凝固点の説明である。 誤り。熱を放出する反応である。 誤り。溶解だけを指しますものではない。,発熱反応とは？危険物取扱者試験（乙種第4類）で押さえる意味・試験ポイント,このページでは、物性・化学分野の「発熱反応」を、試験に出る形で整理します。ひとことで言うと、反応に伴って熱を放出する反応である。燃焼は代表的な発熱反応である。下の目次の順に読むと、定義から演習のポイントまでつながって理解できます。,"発熱反応は、反応に伴って熱を放出する反応である。燃焼は代表的な発熱反応である。

誤り。凝固点の説明である。

誤り。熱を放出する反応である。

誤り。溶解だけを指しますものではない。

誤り。水だけを発生する反応ではない。

物性・化学では「化学反応」「発熱反応・吸熱反応」など近い用語とセットで出題されます。定義・数値・主体の違いを表で対比し、発熱反応だけの特徴を一言で言えるようにしてください。

誤り。溶解だけを指しますものではない。",定義を一文で説明できる。;適用する場面（製造・貯蔵・取扱・消火）を挙げられる。;関連する法令名を意識できる。,類似語と混同する。;数字や条件を取り違える。;すべての危険物に当てはめる。,"「発熱反応」は、物性・化学の頻出語です。

整理のコツ：関連する「化学反応」「発熱反応・吸熱反応」「吸熱反応」と、「同じ点・違う点」を表に書き出し、発熱反応だけの特徴を一行で言えるようにします。

覚え方：間違えたら「類似語と混同する」のパターンか確認し、同じ型の誤りが出た問題を2問だけ繰り返します。

復習のしかた：丸暗記より、選択肢の「誤り。」の理由を声に出して説明できるかを目標にします。",発熱反応について、「反応に伴って熱を放出する反応である。」は正しい。,○。正しい。,発熱反応とは何ですか？,発熱反応は、反応に伴って熱を放出する反応である。 たとえば、引火点・沸点・密度など、数字と単位をセットで覚えると、選択肢の数値の当たり外れを見分けやすくなります。 試験では、定義を一文で説明できる点を押さえると得点源になります。,発熱反応は試験でどんなふうに問われますか？,定義を一文で説明できる。適用する場面（製造・貯蔵・取扱・消火）を挙げられる。関連する法令名を意識できる。,発熱反応で間違えやすい点は？,類似語と混同する。数字や条件を取り違える。,発熱反応と「化学反応」「発熱反応・吸熱反応」の違いは？,「化学反応」「発熱反応・吸熱反応」は意味や数値・適用場面が異なります。用語ページの比較表と演習で、発熱反応だけのポイントを確認してください。
発熱反応・吸熱反応,はつねつはんのう・きゅうねつはんのう,物性・化学,物性・化学;乙4;頻出;詳細記事;実践演習連動;一問一答連動,"発熱反応・吸熱反応は、発熱反応は、反応に伴って熱を放出する反応である。

たとえば、引火点・沸点・密度など、数字と単位をセットで覚えると、選択肢の数値の当たり外れを見分けやすくなります。

試験では、定義を一文で説明できる点を押さえると得点源になります。",まず「発熱反応・吸熱反応」は、発熱反応は、反応に伴って熱を放出する反応である。燃焼は代表的な発熱反応である。 正しい。発熱反応の説明である。 発熱反応は、反応に伴って熱を放出する反応である。燃焼は代表的な発熱反応である。 物性・化学では「化学反応」の文脈で繰り返し問われます。,pH;アルカリの性質;アルコール類の基礎,,B,誤り。凝固点の説明である。 誤り。熱を放出する反応である。 誤り。溶解だけを指しますものではない。,発熱反応・吸熱反応とは？危険物取扱者試験（乙種第4類）で押さえる意味・試験ポイント,このページでは、物性・化学分野の「発熱反応・吸熱反応」を、試験に出る形で整理します。ひとことで言うと、発熱反応は、反応に伴って熱を放出する反応である。燃焼は代表的な発熱反応である。下の目次の順に読むと、定義から演習のポイントまでつながって理解できます。,"発熱反応・吸熱反応は、発熱反応は、反応に伴って熱を放出する反応である。燃焼は代表的な発熱反応である。

誤り。凝固点の説明である。

誤り。熱を放出する反応である。

誤り。溶解だけを指しますものではない。

誤り。水だけを発生する反応ではない。

物性・化学では「pH」「アルカリの性質」など近い用語とセットで出題されます。定義・数値・主体の違いを表で対比し、発熱反応・吸熱反応だけの特徴を一言で言えるようにしてください。

誤り。溶解だけを指しますものではない。",定義を一文で説明できる。;適用する場面（製造・貯蔵・取扱・消火）を挙げられる。;関連する法令名を意識できる。,類似語と混同する。;数字や条件を取り違える。;すべての危険物に当てはめる。,"「発熱反応・吸熱反応」は、物性・化学の頻出語です。

整理のコツ：関連する「pH」「アルカリの性質」「アルコール類の基礎」と、「同じ点・違う点」を表に書き出し、発熱反応・吸熱反応だけの特徴を一行で言えるようにします。

覚え方：間違えたら「類似語と混同する」のパターンか確認し、同じ型の誤りが出た問題を2問だけ繰り返します。

復習のしかた：丸暗記より、選択肢の「誤り。」の理由を声に出して説明できるかを目標にします。",発熱反応について、「反応に伴って熱を放出する反応である。」は正しい。,○。正しい。,発熱反応・吸熱反応とは何ですか？,発熱反応・吸熱反応は、発熱反応は、反応に伴って熱を放出する反応である。 たとえば、引火点・沸点・密度など、数字と単位をセットで覚えると、選択肢の数値の当たり外れを見分けやすくなります。 試験では、定義を一文で説明できる点を押さえると得点源になります。,発熱反応・吸熱反応は試験でどんなふうに問われますか？,定義を一文で説明できる。適用する場面（製造・貯蔵・取扱・消火）を挙げられる。関連する法令名を意識できる。,発熱反応・吸熱反応で間違えやすい点は？,類似語と混同する。数字や条件を取り違える。,発熱反応・吸熱反応と「pH」「アルカリの性質」の違いは？,「pH」「アルカリの性質」は意味や数値・適用場面が異なります。用語ページの比較表と演習で、発熱反応・吸熱反応だけのポイントを確認してください。
禁水性物質,きんすいせいぶっしつ,物性・化学,物性・化学;乙4;頻出;詳細記事;実践演習連動;一問一答連動,"禁水性物質は、第3類は自然発火性物質及び禁水性物質、第4類は引火性液体である。

たとえば、引火点・沸点・密度など、数字と単位をセットで覚えると、選択肢の数値の当たり外れを見分けやすくなります。

試験では、第4類は引火性液体。第3類は自然発火性物質及び禁水性物質点を押さえると得点源になります。",まず「禁水性物質」は、第3類は自然発火性物質及び禁水性物質、第4類は引火性液体である。 正しい。第3類は自然発火性物質及び禁水性物質である。 消防法上の危険物は第1類から第6類に分かれる。第3類は自然発火性物質及び禁水性物質、第4類は引火性液体である。 物性・化学では「危険物の分類」の文脈で繰り返し問われます。,第1類〜第6類の分類概要;危険物の分類;エタノール,危険物の規制に関する政令,B,第4類は引火性液体。第3類は自然発火性物質及び禁水性物質。 第4類と第5類、第2類と第6類を混同しない。 メタノール・エタノールはアルコール類。 誤り。第1類は酸化性固体である。,禁水性物質とは？危険物取扱者試験（乙種第4類）で押さえる意味・試験ポイント,物性・化学分野の「禁水性物質」は、第3類は自然発火性物質及び禁水性物質、第4類は引火性液体である。試験では定義の言い換えと数値・主体の区別がセットで問われます。,"禁水性物質は、第3類は自然発火性物質及び禁水性物質、第4類は引火性液体である。 消防法上の危険物は第1類から第6類に分かれる。第3類は自然発火性物質及び禁水性物質、第4類は引火性液体である。

試験では、第4類は引火性液体。第3類は自然発火性物質及び禁水性物質。また、メタノール・エタノールはアルコール類点も押さえます。

誤り。第1類は酸化性固体である。

誤り。第2類は可燃性固体である。

誤り。第4類は引火性液体である。自己反応性物質は第5類である。

誤り。第6類は酸化性液体である。

第4類は引火性液体。第3類は自然発火性物質及び禁水性物質。

第4類と第5類、第2類と第6類を混同しない。

メタノール・エタノールはアルコール類。

よくある誤りは、第4類と第5類、第2類と第6類を混同しない。アルコール類は水に溶けやすくても引火危険がある。

物性・化学では「第1類〜第6類の分類概要」「危険物の分類」など近い用語とセットで出題されます。定義・数値・主体の違いを表で対比し、禁水性物質だけの特徴を一言で言えるようにしてください。",第4類は引火性液体。第3類は自然発火性物質及び禁水性物質。;メタノール・エタノールはアルコール類。,第4類と第5類、第2類と第6類を混同しない。;アルコール類は水に溶けやすくても引火危険がある。,"「禁水性物質」は、物性・化学の頻出語です。

整理のコツ：関連する「第1類〜第6類の分類概要」「危険物の分類」「エタノール」と、「同じ点・違う点」を表に書き出し、禁水性物質だけの特徴を一行で言えるようにします。

覚え方：間違えたら「第4類と第5類、第2類と第6類を混同しない」のパターンか確認し、同じ型の誤りが出た問題を2問だけ繰り返します。

復習のしかた：丸暗記より、選択肢の「誤り。」の理由を声に出して説明できるかを目標にします。",消防法上の危険物の類別と性質の組合せについて、「第3類 — 自然発火性物質及び禁水性物質」は正しい。,○。正しい。,禁水性物質とは何ですか？,禁水性物質は、第3類は自然発火性物質及び禁水性物質、第4類は引火性液体である。 たとえば、引火点・沸点・密度など、数字と単位をセットで覚えると、選択肢の数値の当たり外れを見分けやすくなります。 試験では、第4類は引火性液体。第3類は自然発火性物質及び禁水性物質点を押さえると得点源になります。,禁水性物質は試験でどんなふうに問われますか？,第4類は引火性液体。第3類は自然発火性物質及び禁水性物質。メタノール・エタノールはアルコール類。,禁水性物質で間違えやすい点は？,第4類と第5類、第2類と第6類を混同しない。アルコール類は水に溶けやすくても引火危険がある。,禁水性物質と「第1類〜第6類の分類概要」「危険物の分類」の違いは？,「第1類〜第6類の分類概要」「危険物の分類」は意味や数値・適用場面が異なります。用語ページの比較表と演習で、禁水性物質だけのポイントを確認してください。
移動タンク貯蔵所による移送基準,いどうたんくちょぞうところによるいそうきじゅん,法令・制度,法令・制度;乙4;頻出;詳細記事;実践演習連動;一問一答連動,"移動タンク貯蔵所による移送基準は、移動タンク貯蔵所による移送では、漏えい、火気、静電気などに注意し、安全な方法で移送する必要がある。

たとえば、条文では「消防法で定める」「政令で定める」「施行令で定める」のように、どの法令に書かれているかを選ぶ問題がよく出ます。

試験では、移動タンク貯蔵所は貯蔵所。移送中の火気・漏えいに注意点を押さえると得点源になります。",まず「移動タンク貯蔵所による移送基準」は、移動タンク貯蔵所による移送では、漏えい、火気、静電気などに注意し、安全な方法で移送する必要がある。 移動タンク貯蔵所で危険物を移送する場合、漏えい、火気、静電気などに注意して安全に移送する必要がある。 法令・制度では「移送」の文脈で繰り返し問われます。,セルフ式給油取扱所の基準;一般取扱所の基準;丙種の違い,危険物の規制に関する政令,B,移動タンク貯蔵所は貯蔵所。移送中の火気・漏えいに注意。 移送取扱所と移動タンク貯蔵所を区別する。 移送では漏えい・火気・静電気に注意。 誤り。火気を近づけるのは危険である。,移動タンク貯蔵所による移送基準とは？危険物取扱者試験（乙種第4類）で押さえる意味・試験ポイント,このページでは、法令・制度分野の「移動タンク貯蔵所による移送基準」を、試験に出る形で整理します。ひとことで言うと、移動タンク貯蔵所による移送では、漏えい、火気、静電気などに注意し、安全な方法で移送する必要がある。下の目次の順に読むと、定義から演習のポイントまでつながって理解できます。,"移動タンク貯蔵所による移送基準は、移動タンク貯蔵所による移送では、漏えい、火気、静電気などに注意し、安全な方法で移送する必要がある。 移動タンク貯蔵所で危険物を移送する場合、漏えい、火気、静電気などに注意して安全に移送する必要がある。

試験では、移動タンク貯蔵所は貯蔵所。移送中の火気・漏えいに注意。移送では漏えい・火気・静電気に注意。また、移送中事故は拡大防止・火気厳禁・通報点も押さえます。

誤り。火気を近づけるのは危険である。

誤り。移動タンク貯蔵所は貯蔵所である。

誤り。危険物の性質に応じた管理が必要である。

誤り。漏えいは重大な危険である。

移動タンク貯蔵所は貯蔵所。移送中の火気・漏えいに注意。

移送取扱所と移動タンク貯蔵所を区別する。

移送では漏えい・火気・静電気に注意。

よくある誤りは、移送取扱所と移動タンク貯蔵所を区別する。移動タンク貯蔵所と屋内貯蔵所を混同しない。

法令・制度では「セルフ式給油取扱所の基準」「一般取扱所の基準」など近い用語とセットで出題されます。定義・数値・主体の違いを表で対比し、移動タンク貯蔵所による移送基準だけの特徴を一言で言えるようにしてください。

移送中の事故では、漏えい拡大防止、火気厳禁、通報などの対応が重要である。",移動タンク貯蔵所は貯蔵所。移送中の火気・漏えいに注意。;移送では漏えい・火気・静電気に注意。;移送中事故は拡大防止・火気厳禁・通報。,移送取扱所と移動タンク貯蔵所を区別する。;移動タンク貯蔵所と屋内貯蔵所を混同しない。,"「移動タンク貯蔵所による移送基準」は、法令・制度の頻出語です。

整理のコツ：関連する「セルフ式給油取扱所の基準」「一般取扱所の基準」「丙種の違い」と、「同じ点・違う点」を表に書き出し、移動タンク貯蔵所による移送基準だけの特徴を一行で言えるようにします。

覚え方：間違えたら「移送取扱所と移動タンク貯蔵所を区別する」のパターンか確認し、同じ型の誤りが出た問題を2問だけ繰り返します。

復習のしかた：丸暗記より、選択肢の「誤り。」の理由を声に出して説明できるかを目標にします。",移動タンク貯蔵所による危険物の移送について、適切なものについて、「移送中は、危険物の漏えいや火気に注意し、安全な方法で移送する。」は正しい。,○。正しい。,移動タンク貯蔵所による移送基準とは何ですか？,移動タンク貯蔵所による移送基準は、移動タンク貯蔵所による移送では、漏えい、火気、静電気などに注意し、安全な方法で移送する必要がある。 たとえば、条文では「消防法で定める」「政令で定める」「施行令で定める」のように、どの法令に書かれているかを選ぶ問題がよく出ます。 試験では、移動タンク貯蔵所は貯蔵所。移送中の火気・漏えいに注意点を押さえると得点源になります。,移動タンク貯蔵所による移送基準は試験でどんなふうに問われますか？,移動タンク貯蔵所は貯蔵所。移送中の火気・漏えいに注意。移送では漏えい・火気・静電気に注意。移送中事故は拡大防止・火気厳禁・通報。,移動タンク貯蔵所による移送基準で間違えやすい点は？,移送取扱所と移動タンク貯蔵所を区別する。移動タンク貯蔵所と屋内貯蔵所を混同しない。,移動タンク貯蔵所による移送基準と「セルフ式給油取扱所の基準」「一般取扱所の基準」の違いは？,「セルフ式給油取扱所の基準」「一般取扱所の基準」は意味や数値・適用場面が異なります。用語ページの比較表と演習で、移動タンク貯蔵所による移送基準だけのポイントを確認してください。
移動タンク貯蔵所の基準,いどうたんくちょぞうところのきじゅん,法令・制度,法令・制度;乙4;頻出;詳細記事;実践演習連動;一問一答連動,"移動タンク貯蔵所の基準は、移動タンク貯蔵所は、タンクローリーのように車両に固定されたタンクで危険物を移送する貯蔵所である。

たとえば、条文では「消防法で定める」「政令で定める」「施行令で定める」のように、どの法令に書かれているかを選ぶ問題がよく出ます。

試験では、移動タンク貯蔵所は貯蔵所に分類される点を押さえると得点源になります。",まず「移動タンク貯蔵所の基準」は、移動タンク貯蔵所は、タンクローリーのように車両に固定されたタンクで危険物を移送する貯蔵所である。 移動タンク貯蔵所は貯蔵所の一種であり、給油取扱所ではない。 法令・制度では「貯蔵所基準」の文脈で繰り返し問われます。,セルフ式給油取扱所の基準;一般取扱所の基準;丙種の違い,危険物の規制に関する政令,B,移動タンク貯蔵所は貯蔵所に分類される。 『移動』とあるが取扱所ではなく貯蔵所である点に注意。 『移動』という語で取扱所と誤解しない。 誤り。販売取扱所の説明に近い。,移動タンク貯蔵所の基準とは？危険物取扱者試験（乙種第4類）で押さえる意味・試験ポイント,このページでは、法令・制度分野の「移動タンク貯蔵所の基準」を、試験に出る形で整理します。ひとことで言うと、移動タンク貯蔵所は、タンクローリーのように車両に固定されたタンクで危険物を移送する貯蔵所である。下の目次の順に読むと、定義から演習のポイントまでつながって理解できます。,"移動タンク貯蔵所の基準は、移動タンク貯蔵所は、タンクローリーのように車両に固定されたタンクで危険物を移送する貯蔵所である。 移動タンク貯蔵所は貯蔵所の一種であり、給油取扱所ではない。

試験では、移動タンク貯蔵所は貯蔵所に分類される。また、移動タンク貯蔵所はタンクローリーのイメージ点も押さえます。

誤り。販売取扱所の説明に近い。

誤り。屋内貯蔵所の説明に近い。

誤り。給油取扱所の説明である。

誤り。試験問題用紙ではない。

移動タンク貯蔵所は貯蔵所に分類される。

『移動』とあるが取扱所ではなく貯蔵所である点に注意。

『移動』という語で取扱所と誤解しない。

よくある誤りは、『移動』とあるが取扱所ではなく貯蔵所である点に注意。『移動』という語で取扱所と誤解しない。

法令・制度では「セルフ式給油取扱所の基準」「一般取扱所の基準」など近い用語とセットで出題されます。定義・数値・主体の違いを表で対比し、移動タンク貯蔵所の基準だけの特徴を一言で言えるようにしてください。

移動タンク貯蔵所は、車両に固定されたタンクで危険物を移送する施設であり、タンクローリーが代表的なイメージである。",移動タンク貯蔵所は貯蔵所に分類される。;移動タンク貯蔵所はタンクローリーのイメージ。,『移動』とあるが取扱所ではなく貯蔵所である点に注意。;『移動』という語で取扱所と誤解しない。,"「移動タンク貯蔵所の基準」は、法令・制度の頻出語です。

整理のコツ：関連する「セルフ式給油取扱所の基準」「一般取扱所の基準」「丙種の違い」と、「同じ点・違う点」を表に書き出し、移動タンク貯蔵所の基準だけの特徴を一行で言えるようにします。

覚え方：間違えたら「『移動』とあるが取扱所ではなく貯蔵所である点に注意」のパターンか確認し、同じ型の誤りが出た問題を2問だけ繰り返します。

復習のしかた：丸暗記より、選択肢の「誤り。」の理由を声に出して説明できるかを目標にします。",移動タンク貯蔵所について、「固定給油設備により自動車へ給油する取扱所である。」は正しい。,×。誤り。,移動タンク貯蔵所の基準とは何ですか？,移動タンク貯蔵所の基準は、移動タンク貯蔵所は、タンクローリーのように車両に固定されたタンクで危険物を移送する貯蔵所である。 たとえば、条文では「消防法で定める」「政令で定める」「施行令で定める」のように、どの法令に書かれているかを選ぶ問題がよく出ます。 試験では、移動タンク貯蔵所は貯蔵所に分類される点を押さえると得点源になります。,移動タンク貯蔵所の基準は試験でどんなふうに問われますか？,移動タンク貯蔵所は貯蔵所に分類される。移動タンク貯蔵所はタンクローリーのイメージ。,移動タンク貯蔵所の基準で間違えやすい点は？,『移動』とあるが取扱所ではなく貯蔵所である点に注意。『移動』という語で取扱所と誤解しない。,移動タンク貯蔵所の基準と「セルフ式給油取扱所の基準」「一般取扱所の基準」の違いは？,「セルフ式給油取扱所の基準」「一般取扱所の基準」は意味や数値・適用場面が異なります。用語ページの比較表と演習で、移動タンク貯蔵所の基準だけのポイントを確認してください。
移動式貯蔵タンク,いどうしきちょぞうたんく,法令・制度,法令・制度;乙4;頻出;詳細記事;実践演習連動;一問一答連動,"移動式貯蔵タンクは、移動タンク貯蔵所は、タンクローリーのように車両に固定されたタンクで危険物を移送する貯蔵所である。

たとえば、条文では「消防法で定める」「政令で定める」「施行令で定める」のように、どの法令に書かれているかを選ぶ問題がよく出ます。

試験では、移動タンク貯蔵所は貯蔵所に分類される点を押さえると得点源になります。",まず「移動式貯蔵タンク」は、移動タンク貯蔵所は、タンクローリーのように車両に固定されたタンクで危険物を移送する貯蔵所である。 移動タンク貯蔵所による移送では、漏えい、火気、静電気などに注意し、安全な方法で移送する必要がある。 法令・制度では「貯蔵所基準」の文脈で繰り返し問われます。,移動タンク貯蔵所の基準;貯蔵所基準;移動タンク貯蔵所による移送基準,危険物の規制に関する政令,B,移動タンク貯蔵所は貯蔵所に分類される。 『移動』とあるが取扱所ではなく貯蔵所である点に注意。 移動タンク貯蔵所は貯蔵所。移送中の火気・漏えいに注意。 誤り。販売取扱所の説明に近い。,移動式貯蔵タンクとは？危険物取扱者試験（乙種第4類）で押さえる意味・試験ポイント,このページでは、法令・制度分野の「移動式貯蔵タンク」を、試験に出る形で整理します。ひとことで言うと、移動タンク貯蔵所は、タンクローリーのように車両に固定されたタンクで危険物を移送する貯蔵所である。下の目次の順に読むと、定義から演習のポイントまでつながって理解できます。,"移動式貯蔵タンクは、移動タンク貯蔵所は、タンクローリーのように車両に固定されたタンクで危険物を移送する貯蔵所である。 移動タンク貯蔵所による移送では、漏えい、火気、静電気などに注意し、安全な方法で移送する必要がある。

試験では、移動タンク貯蔵所は貯蔵所に分類される。移動タンク貯蔵所は貯蔵所。移送中の火気・漏えいに注意。移送では漏えい・火気・静電気に注意。また、移送中事故は拡大防止・火気厳禁・通報点も押さえます。

誤り。販売取扱所の説明に近い。

誤り。屋内貯蔵所の説明に近い。

誤り。給油取扱所の説明である。

誤り。試験問題用紙ではない。

移動タンク貯蔵所は貯蔵所に分類される。

『移動』とあるが取扱所ではなく貯蔵所である点に注意。

移動タンク貯蔵所は貯蔵所。移送中の火気・漏えいに注意。

よくある誤りは、『移動』とあるが取扱所ではなく貯蔵所である点に注意。移送取扱所と移動タンク貯蔵所を区別する。移動タンク貯蔵所と屋内貯蔵所を混同しない。

法令・制度では「移動タンク貯蔵所の基準」「貯蔵所基準」など近い用語とセットで出題されます。定義・数値・主体の違いを表で対比し、移動式貯蔵タンクだけの特徴を一言で言えるようにしてください。

移動タンク貯蔵所で危険物を移送する場合、漏えい、火気、静電気などに注意して安全に移送する必要がある。

移動タンク貯蔵所は貯蔵所の一種であり、給油取扱所ではない。

移送中の事故では、漏えい拡大防止、火気厳禁、通報などの対応が重要である。",移動タンク貯蔵所は貯蔵所に分類される。;移動タンク貯蔵所は貯蔵所。移送中の火気・漏えいに注意。;移送では漏えい・火気・静電気に注意。;移送中事故は拡大防止・火気厳禁・通報。;移動タンク貯蔵所はタンクローリーのイメージ。,『移動』とあるが取扱所ではなく貯蔵所である点に注意。;移送取扱所と移動タンク貯蔵所を区別する。;移動タンク貯蔵所と屋内貯蔵所を混同しない。;『移動』という語で取扱所と誤解しない。,"「移動式貯蔵タンク」は、法令・制度の頻出語です。

整理のコツ：関連する「移動タンク貯蔵所の基準」「貯蔵所基準」「移動タンク貯蔵所による移送基準」と、「同じ点・違う点」を表に書き出し、移動式貯蔵タンクだけの特徴を一行で言えるようにします。

覚え方：間違えたら「『移動』とあるが取扱所ではなく貯蔵所である点に注意」のパターンか確認し、同じ型の誤りが出た問題を2問だけ繰り返します。

復習のしかた：丸暗記より、選択肢の「誤り。」の理由を声に出して説明できるかを目標にします。",移動タンク貯蔵所について、「固定給油設備により自動車へ給油する取扱所である。」は正しい。,×。誤り。,移動式貯蔵タンクとは何ですか？,移動式貯蔵タンクは、移動タンク貯蔵所は、タンクローリーのように車両に固定されたタンクで危険物を移送する貯蔵所である。 たとえば、条文では「消防法で定める」「政令で定める」「施行令で定める」のように、どの法令に書かれているかを選ぶ問題がよく出ます。 試験では、移動タンク貯蔵所は貯蔵所に分類される点を押さえると得点源になります。,移動式貯蔵タンクは試験でどんなふうに問われますか？,移動タンク貯蔵所は貯蔵所に分類される。移動タンク貯蔵所は貯蔵所。移送中の火気・漏えいに注意。移送では漏えい・火気・静電気に注意。,移動式貯蔵タンクで間違えやすい点は？,『移動』とあるが取扱所ではなく貯蔵所である点に注意。移送取扱所と移動タンク貯蔵所を区別する。,移動式貯蔵タンクと「移動タンク貯蔵所の基準」「貯蔵所基準」の違いは？,「移動タンク貯蔵所の基準」「貯蔵所基準」は意味や数値・適用場面が異なります。用語ページの比較表と演習で、移動式貯蔵タンクだけのポイントを確認してください。
移送,いそう,法令・制度,法令・制度;乙4;頻出;詳細記事;実践演習連動;一問一答連動,"移送は、貯蔵所等から配管・ポンプ等により危険物を他の設備や場所へ移すことを指します。

たとえば、配管・ポンプで設備間を移すことで、タンクローリーでの運搬とは別です。

試験では、配管・ポンプ等による設備間の移動点を押さえると得点源になります。",まず「移送」は、貯蔵所等から配管・ポンプ等により危険物を他の設備や場所へ移すことを指します。,セルフ式給油取扱所の基準;一般取扱所の基準;丙種の違い,危険物の規制に関する政令,B,移動タンク貯蔵所は貯蔵所。移送中の火気・漏えいに注意。 移送取扱所と移動タンク貯蔵所を区別する。 移送では漏えい・火気・静電気に注意。 誤り。火気を近づけるのは危険である。,移送とは？危険物取扱者試験（乙種第4類）で押さえる意味・試験ポイント,このページでは、法令・制度分野の「移送」を、試験に出る形で整理します。ひとことで言うと、貯蔵所等から配管・ポンプ等により危険物を他の設備や場所へ移すことを指します。下の目次の順に読むと、定義から演習のポイントまでつながって理解できます。,"移動タンク貯蔵所による移送や移送取扱所など、設備の種類ごとに基準が異なります。配管の材質・接続、ポンプの接地、漏えい検知、火気・静電気対策が試験の定番です。

運搬は車両等で事業所の外へ運び送ることであり、表示・混載・容器が主な論点です。移送取扱所と移動タンク貯蔵所の役割も別々に整理してください。

誤り。火気を近づけるのは危険である。

誤り。移動タンク貯蔵所は貯蔵所である。

誤り。危険物の性質に応じた管理が必要である。

誤り。漏えいは重大な危険である。

移動タンク貯蔵所は貯蔵所。移送中の火気・漏えいに注意。

移送取扱所と移動タンク貯蔵所を区別する。",配管・ポンプ等による設備間の移動。;運搬・譲渡との区別。;移送取扱所・移動タンク貯蔵所。,運搬と混同する。;移送取扱所と移動タンク貯蔵所を同一視する。,"「移送」は、法令・制度の頻出語です。

整理のコツ：関連する「セルフ式給油取扱所の基準」「一般取扱所の基準」「丙種の違い」と、「同じ点・違う点」を表に書き出し、移送だけの特徴を一行で言えるようにします。

覚え方：間違えたら「運搬と混同する」のパターンか確認し、同じ型の誤りが出た問題を2問だけ繰り返します。

復習のしかた：丸暗記より、選択肢の「誤り。」の理由を声に出して説明できるかを目標にします。",移動タンク貯蔵所による危険物の移送について、適切なものについて、「移送中は、危険物の漏えいや火気に注意し、安全な方法で移送する。」は正しい。,○。正しい。,移送とは何ですか？,移送は、貯蔵所等から配管・ポンプ等により危険物を他の設備や場所へ移すことを指します。 たとえば、配管・ポンプで設備間を移すことで、タンクローリーでの運搬とは別です。 試験では、配管・ポンプ等による設備間の移動点を押さえると得点源になります。,移送は試験でどんなふうに問われますか？,配管・ポンプ等による設備間の移動。運搬・譲渡との区別。移送取扱所・移動タンク貯蔵所。,移送で間違えやすい点は？,運搬と混同する。移送取扱所と移動タンク貯蔵所を同一視する。,移送と「セルフ式給油取扱所の基準」「一般取扱所の基準」の違いは？,「セルフ式給油取扱所の基準」「一般取扱所の基準」は意味や数値・適用場面が異なります。用語ページの比較表と演習で、移送だけのポイントを確認してください。
移送取扱所の基準,いそうとりあつかいところのきじゅん,法令・制度,法令・制度;乙4;頻出;詳細記事;実践演習連動;一問一答連動,"移送取扱所の基準は、移送取扱所は、配管などにより危険物を移送する取扱所である。

たとえば、条文では「消防法で定める」「政令で定める」「施行令で定める」のように、どの法令に書かれているかを選ぶ問題がよく出ます。

試験では、移送取扱所は配管等による移送を扱う取扱所点を押さえると得点源になります。",まず「移送取扱所の基準」は、移送取扱所は、配管などにより危険物を移送する取扱所である。移動タンク貯蔵所とは異なる。 移送取扱所は配管等による危険物の移送、移動タンク貯蔵所は車両に固定されたタンクによる危険物の移送に関係する。両者は区別する。 法令・制度では「取扱所基準」の文脈で繰り返し問われます。,セルフ式給油取扱所の基準;一般取扱所の基準;丙種の違い,危険物の規制に関する政令,B,移送取扱所は配管等による移送を扱う取扱所。 移送取扱所と移動タンク貯蔵所を混同しない。 移送取扱所と移動タンク貯蔵所を区別する。 誤り。移動タンク貯蔵所の説明である。,移送取扱所の基準とは？危険物取扱者試験（乙種第4類）で押さえる意味・試験ポイント,このページでは、法令・制度分野の「移送取扱所の基準」を、試験に出る形で整理します。ひとことで言うと、移送取扱所は、配管などにより危険物を移送する取扱所である。移動タンク貯蔵所とは異なる。下の目次の順に読むと、定義から演習のポイントまでつながって理解できます。,"移送取扱所の基準は、移送取扱所は、配管などにより危険物を移送する取扱所である。移動タンク貯蔵所とは異なる。 移送取扱所は配管等による危険物の移送、移動タンク貯蔵所は車両に固定されたタンクによる危険物の移送に関係する。両者は区別する。

試験では、移送取扱所は配管等による移送を扱う取扱所。また、移送取扱所と移動タンク貯蔵所を区別する点も押さえます。

誤り。移動タンク貯蔵所の説明である。

誤り。免状手続き窓口ではない。

誤り。販売取扱所の説明に近い。

誤り。屋内貯蔵所の説明である。

移送取扱所は配管等による移送を扱う取扱所。

移送取扱所と移動タンク貯蔵所を混同しない。

移送取扱所と移動タンク貯蔵所を区別する。

よくある誤りは、移送取扱所と移動タンク貯蔵所を混同しない。『移送』と『移動』の語感だけで判断しない。

法令・制度では「セルフ式給油取扱所の基準」「一般取扱所の基準」など近い用語とセットで出題されます。定義・数値・主体の違いを表で対比し、移送取扱所の基準だけの特徴を一言で言えるようにしてください。

配管などにより危険物を移送する施設は移送取扱所である。",移送取扱所は配管等による移送を扱う取扱所。;移送取扱所と移動タンク貯蔵所を区別する。,移送取扱所と移動タンク貯蔵所を混同しない。;『移送』と『移動』の語感だけで判断しない。,"「移送取扱所の基準」は、法令・制度の頻出語です。

整理のコツ：関連する「セルフ式給油取扱所の基準」「一般取扱所の基準」「丙種の違い」と、「同じ点・違う点」を表に書き出し、移送取扱所の基準だけの特徴を一行で言えるようにします。

覚え方：間違えたら「移送取扱所と移動タンク貯蔵所を混同しない」のパターンか確認し、同じ型の誤りが出た問題を2問だけ繰り返します。

復習のしかた：丸暗記より、選択肢の「誤り。」の理由を声に出して説明できるかを目標にします。",移送取扱所について、「配管などにより危険物を移送する取扱所である。」は正しい。,○。正しい。,移送取扱所の基準とは何ですか？,移送取扱所の基準は、移送取扱所は、配管などにより危険物を移送する取扱所である。 たとえば、条文では「消防法で定める」「政令で定める」「施行令で定める」のように、どの法令に書かれているかを選ぶ問題がよく出ます。 試験では、移送取扱所は配管等による移送を扱う取扱所点を押さえると得点源になります。,移送取扱所の基準は試験でどんなふうに問われますか？,移送取扱所は配管等による移送を扱う取扱所。移送取扱所と移動タンク貯蔵所を区別する。,移送取扱所の基準で間違えやすい点は？,移送取扱所と移動タンク貯蔵所を混同しない。『移送』と『移動』の語感だけで判断しない。,移送取扱所の基準と「セルフ式給油取扱所の基準」「一般取扱所の基準」の違いは？,「セルフ式給油取扱所の基準」「一般取扱所の基準」は意味や数値・適用場面が異なります。用語ページの比較表と演習で、移送取扱所の基準だけのポイントを確認してください。
積載方法,せきさいほうほう,法令・制度,法令・制度;乙4;頻出;詳細記事;実践演習連動;一問一答連動,"積載方法は、危険物の運搬では、容器、収納、積載方法などに基準がある。

たとえば、条文では「消防法で定める」「政令で定める」「施行令で定める」のように、どの法令に書かれているかを選ぶ問題がよく出ます。

試験では、運搬では容器・収納・積載・表示が重要点を押さえると得点源になります。",まず「積載方法」は、危険物の運搬では、容器、収納、積載方法などに基準がある。表示があれば任意の容器で運搬できるわけではない。 危険物の運搬では、危険物の性質に応じた容器を用い、漏れ、破損、転倒などを防止する必要がある。 法令・制度では「運搬」の文脈で繰り返し問われます。,運搬容器・収納・積載方法;運搬;運搬容器,危険物の規制に関する政令,B,運搬では容器・収納・積載・表示が重要。 表示があれば容器基準を満たさなくてもよい、という理解は誤り。 表示だけで任意容器が許されるわけではない。 誤り。任意の袋でよいわけではない。,積載方法とは？危険物取扱者試験（乙種第4類）で押さえる意味・試験ポイント,このページでは、法令・制度分野の「積載方法」を、試験に出る形で整理します。ひとことで言うと、危険物の運搬では、容器、収納、積載方法などに基準がある。表示があれば任意の容器で運搬できるわけではない。下の目次の順に読むと、定義から演習のポイントまでつながって理解できます。,"積載方法は、危険物の運搬では、容器、収納、積載方法などに基準がある。表示があれば任意の容器で運搬できるわけではない。 危険物の運搬では、危険物の性質に応じた容器を用い、漏れ、破損、転倒などを防止する必要がある。

試験では、運搬では容器・収納・積載・表示が重要。運搬では転倒・落下・破損・漏えいを防ぐ。また、運搬時は容器の転倒・破損・漏えい防止点も押さえます。

誤り。任意の袋でよいわけではない。

誤り。漏れを防ぐために用いる。

誤り。免状ではない。

誤り。道路へ流してはならない。

運搬では容器・収納・積載・表示が重要。

表示があれば容器基準を満たさなくてもよい、という理解は誤り。

表示だけで任意容器が許されるわけではない。

よくある誤りは、表示があれば容器基準を満たさなくてもよい、という理解は誤り。表示だけで任意容器が許されるわけではない。

法令・制度では「運搬容器・収納・積載方法」「運搬」など近い用語とセットで出題されます。定義・数値・主体の違いを表で対比し、積載方法だけの特徴を一言で言えるようにしてください。

危険物の運搬では、容器の転倒、落下、破損、漏れを防ぐように積載する必要がある。

危険物の運搬容器では、漏れや破損を防ぐことが重要である。",運搬では容器・収納・積載・表示が重要。;運搬では転倒・落下・破損・漏えいを防ぐ。;運搬時は容器の転倒・破損・漏えい防止。,表示があれば容器基準を満たさなくてもよい、という理解は誤り。;表示だけで任意容器が許されるわけではない。,"「積載方法」は、法令・制度の頻出語です。

整理のコツ：関連する「運搬容器・収納・積載方法」「運搬」「運搬容器」と、「同じ点・違う点」を表に書き出し、積載方法だけの特徴を一行で言えるようにします。

覚え方：間違えたら「表示があれば容器基準を満たさなくてもよい、という理解は誤り」のパターンか確認し、同じ型の誤りが出た問題を2問だけ繰り返します。

復習のしかた：丸暗記より、選択肢の「誤り。」の理由を声に出して説明できるかを目標にします。",危険物の運搬について、適切でないものについて、「危険物の性質によっては、混載に注意する必要がある。」は正しい。,×。適切。,積載方法とは何ですか？,積載方法は、危険物の運搬では、容器、収納、積載方法などに基準がある。 たとえば、条文では「消防法で定める」「政令で定める」「施行令で定める」のように、どの法令に書かれているかを選ぶ問題がよく出ます。 試験では、運搬では容器・収納・積載・表示が重要点を押さえると得点源になります。,積載方法は試験でどんなふうに問われますか？,運搬では容器・収納・積載・表示が重要。運搬では転倒・落下・破損・漏えいを防ぐ。運搬時は容器の転倒・破損・漏えい防止。,積載方法で間違えやすい点は？,表示があれば容器基準を満たさなくてもよい、という理解は誤り。表示だけで任意容器が許されるわけではない。,積載方法と「運搬容器・収納・積載方法」「運搬」の違いは？,「運搬容器・収納・積載方法」「運搬」は意味や数値・適用場面が異なります。用語ページの比較表と演習で、積載方法だけのポイントを確認してください。
窒息消火,ちっそくしょうか,火災・消火・漏えい,火災・消火・漏えい;乙4;頻出;詳細記事;実践演習連動;一問一答連動,"窒息消火は、泡で液面を覆うと、酸素の供給や可燃性蒸気の発生を抑える効果があり、窒息消火に関係する。

たとえば、危険物の性質（水溶性か、蒸気がたまりやすいか）に合った消火・漏えい対策かどうかが、正誤の判断ポイントになります。

試験では、定義を一文で説明できる点を押さえると得点源になります。",まず「窒息消火」は、泡で液面を覆うと、酸素の供給や可燃性蒸気の発生を抑える効果があり、窒息消火に関係する。 火災・消火・漏えいでは「消火」の文脈で繰り返し問われます。,アセトアルデヒド;アセトン;アニリン,,B,除去消火・冷却消火との違いを区別する。 誤り。静電気は着火源となる危険がある。 誤り。温度を下げる方法は冷却消火である。 誤り。可燃物を取り除く方法は除去消火である。,窒息消火とは？危険物取扱者試験（乙種第4類）で押さえる意味・試験ポイント,このページでは、火災・消火・漏えい分野の「窒息消火」を、試験に出る形で整理します。ひとことで言うと、泡で液面を覆うと、酸素の供給や可燃性蒸気の発生を抑える効果があり、窒息消火に関係する。下の目次の順に読むと、定義から演習のポイントまでつながって理解できます。,"窒息消火は、泡で液面を覆うと、酸素の供給や可燃性蒸気の発生を抑える効果があり、窒息消火に関係する。 酸素の供給を断つことで燃焼を止める方法である。泡消火剤や二酸化炭素消火剤は窒息効果を利用する。

誤り。静電気は着火源となる危険がある。

誤り。温度を下げる方法は冷却消火である。

誤り。可燃物を取り除く方法は除去消火である。

誤り。可燃性蒸気を増やすことは危険を高める。

除去消火・冷却消火との違いを区別する。

よくある誤りは、除去消火・冷却消火との違いを区別する。

火災・消火・漏えいでは「アセトアルデヒド」「アセトン」など近い用語とセットで出題されます。定義・数値・主体の違いを表で対比し、窒息消火だけの特徴を一言で言えるようにしてください。

酸素の供給を断つことで燃焼を止める方法は窒息消火である。",定義を一文で説明できる。;適用する場面（製造・貯蔵・取扱・消火）を挙げられる。;関連する法令名を意識できる。,除去消火・冷却消火との違いを区別する。,"「窒息消火」は、火災・消火・漏えいの頻出語です。

整理のコツ：関連する「アセトアルデヒド」「アセトン」「アニリン」と、「同じ点・違う点」を表に書き出し、窒息消火だけの特徴を一行で言えるようにします。

覚え方：間違えたら「除去消火・冷却消火との違いを区別する」のパターンか確認し、同じ型の誤りが出た問題を2問だけ繰り返します。

復習のしかた：丸暗記より、選択肢の「誤り。」の理由を声に出して説明できるかを目標にします。",窒息消火の説明について、「酸素の供給を断って燃焼を止める方法である。」は正しい。,○。正しい。,窒息消火とは何ですか？,窒息消火は、泡で液面を覆うと、酸素の供給や可燃性蒸気の発生を抑える効果があり、窒息消火に関係する。 たとえば、危険物の性質（水溶性か、蒸気がたまりやすいか）に合った消火・漏えい対策かどうかが、正誤の判断ポイントになります。 試験では、定義を一文で説明できる点を押さえると得点源になります。,窒息消火は試験でどんなふうに問われますか？,定義を一文で説明できる。適用する場面（製造・貯蔵・取扱・消火）を挙げられる。関連する法令名を意識できる。,窒息消火で間違えやすい点は？,除去消火・冷却消火との違いを区別する。,窒息消火と「アセトアルデヒド」「アセトン」の違いは？,「アセトアルデヒド」「アセトン」は意味や数値・適用場面が異なります。用語ページの比較表と演習で、窒息消火だけのポイントを確認してください。
第1類〜第6類の分類概要,だい1るい〜だい6るいのぶんるいがいよう,法令・制度,法令・制度;乙4;頻出;詳細記事;実践演習連動;一問一答連動,"第1類〜第6類の分類概要は、消防法上の危険物は第1類から第6類に分かれる。

たとえば、第1類〜第6類の分類概要は危険物の類別のひとつです。乙4では第4類（引火性液体）が中心ですが、誤り選択肢では他の類の例も出ます。

試験では、第4類は引火性液体。第3類は自然発火性物質及び禁水性物質点を押さえると得点源になります。",まず「第1類〜第6類の分類概要」は、消防法上の危険物は第1類から第6類に分かれる。第3類は自然発火性物質及び禁水性物質、第4類は引火性液体である。 正しい。第3類は自然発火性物質及び禁水性物質である。 消防法上の危険物は第1類から第6類に分かれる。第3類は自然発火性物質及び禁水性物質、第4類は引火性液体である。 法令・制度では「危険物の分類」の文脈で繰り返し問われます。,セルフ式給油取扱所の基準;一般取扱所の基準;丙種の違い,消防法,B,第4類は引火性液体。第3類は自然発火性物質及び禁水性物質。 第4類と第5類、第2類と第6類を混同しない。 誤り。第1類は酸化性固体である。 誤り。第2類は可燃性固体である。,第1類〜第6類の分類概要とは？危険物取扱者試験（乙種第4類）で押さえる意味・試験ポイント,このページでは、法令・制度分野の「第1類〜第6類の分類概要」を、試験に出る形で整理します。ひとことで言うと、消防法上の危険物は第1類から第6類に分かれる。第3類は自然発火性物質及び禁水性物質、第4類は引火性液体である。下の目次の順に読むと、定義から演習のポイントまでつながって理解できます。,"第1類〜第6類の分類概要は、消防法上の危険物は第1類から第6類に分かれる。第3類は自然発火性物質及び禁水性物質、第4類は引火性液体である。

試験では、第4類は引火性液体。第3類は自然発火性物質及び禁水性物質点が問われます。

誤り。第1類は酸化性固体である。

誤り。第2類は可燃性固体である。

誤り。第4類は引火性液体である。自己反応性物質は第5類である。

誤り。第6類は酸化性液体である。

第4類は引火性液体。第3類は自然発火性物質及び禁水性物質。

第4類と第5類、第2類と第6類を混同しない。

よくある誤りは、第4類と第5類、第2類と第6類を混同しない。

法令・制度では「セルフ式給油取扱所の基準」「一般取扱所の基準」など近い用語とセットで出題されます。定義・数値・主体の違いを表で対比し、第1類〜第6類の分類概要だけの特徴を一言で言えるようにしてください。",第4類は引火性液体。第3類は自然発火性物質及び禁水性物質。,第4類と第5類、第2類と第6類を混同しない。,"「第1類〜第6類の分類概要」は、法令・制度の頻出語です。

整理のコツ：関連する「セルフ式給油取扱所の基準」「一般取扱所の基準」「丙種の違い」と、「同じ点・違う点」を表に書き出し、第1類〜第6類の分類概要だけの特徴を一行で言えるようにします。

覚え方：間違えたら「第4類と第5類、第2類と第6類を混同しない」のパターンか確認し、同じ型の誤りが出た問題を2問だけ繰り返します。

復習のしかた：丸暗記より、選択肢の「誤り。」の理由を声に出して説明できるかを目標にします。",消防法上の危険物の類別と性質の組合せについて、「第3類 — 自然発火性物質及び禁水性物質」は正しい。,○。正しい。,第1類〜第6類の分類概要とは何ですか？,第1類〜第6類の分類概要は、消防法上の危険物は第1類から第6類に分かれる。 たとえば、第1類〜第6類の分類概要は危険物の類別のひとつです。乙4では第4類（引火性液体）が中心ですが、誤り選択肢では他の類の例も出ます。 試験では、第4類は引火性液体。第3類は自然発火性物質及び禁水性物質点を押さえると得点源になります。,第1類〜第6類の分類概要は試験でどんなふうに問われますか？,第4類は引火性液体。第3類は自然発火性物質及び禁水性物質。,第1類〜第6類の分類概要で間違えやすい点は？,第4類と第5類、第2類と第6類を混同しない。,第1類〜第6類の分類概要と「セルフ式給油取扱所の基準」「一般取扱所の基準」の違いは？,「セルフ式給油取扱所の基準」「一般取扱所の基準」は意味や数値・適用場面が異なります。用語ページの比較表と演習で、第1類〜第6類の分類概要だけのポイントを確認してください。
第1類危険物,だい1るいきけんぶつ,法令・制度,法令・制度;乙4;頻出;詳細記事;一問一答連動,"第1類危険物は、まず「第1類危険物」とは、酸化性固体に属する危険物類で、他の可燃物の燃焼を助長する性質がある。

たとえば、第1類危険物は危険物の類別のひとつです。乙4では第4類（引火性液体）が中心ですが、誤り選択肢では他の類の例も出ます。

試験では、酸化性固体点を押さえると得点源になります。",まず「第1類危険物」とは、酸化性固体に属する危険物類で、他の可燃物の燃焼を助長する性質がある。,蒸気比重;密度・比重,消防法,B,ガソリン・灯油・重油の分類を確実に覚える。,第1類危険物とは？危険物取扱者試験（乙種第4類）で押さえる意味・試験ポイント,法令・制度分野の「第1類危険物」は、まず「第1類危険物」とは、酸化性固体に属する危険物類で、他の可燃物の燃焼を助長する性質がある。試験では定義の言い換えと数値・主体の区別がセットで問われます。,"第1類は酸化性固体、第2類は可燃性固体、第3類は自然発火性・禁水性、第4類は引火性液体、第5類は自己反応性、第6類は酸化性液体です。乙4は第4類が中心ですが、「第○類に属するものはどれか」の問題で他類の代表例を区別できる必要があります。

塩素酸カリなど酸化性固体が代表例です。第6類の酸化性液体（過酸化水素など）と混同しないよう、固体か液体か、類別名をセットで覚えてください。

ガソリン・灯油・重油の分類を確実に覚える。",酸化性固体。;他類の燃焼を助長。;第6類酸化性液体との区別。,第4類引火性液体と混同する。;第6類と第1類を取り違える。;可燃性固体（第2類）と混同する。,"「第1類危険物」は、法令・制度の頻出語です。

整理のコツ：関連する「蒸気比重」「密度・比重」と、「同じ点・違う点」を表に書き出し、第1類危険物だけの特徴を一行で言えるようにします。

覚え方：間違えたら「第4類引火性液体と混同する」のパターンか確認し、同じ型の誤りが出た問題を2問だけ繰り返します。

復習のしかた：丸暗記より、選択肢の「誤り。」の理由を声に出して説明できるかを目標にします。",蒸気比重が1より大きい蒸気について、一般に正しいものについて、「必ず第1類危険物である。」は正しい。,×。誤り。,第1類危険物とは何ですか？,第1類危険物は、まず「第1類危険物」とは、酸化性固体に属する危険物類で、他の可燃物の燃焼を助長する性質がある。 たとえば、第1類危険物は危険物の類別のひとつです。乙4では第4類（引火性液体）が中心ですが、誤り選択肢では他の類の例も出ます。 試験では、酸化性固体点を押さえると得点源になります。,第1類危険物は試験でどんなふうに問われますか？,酸化性固体。他類の燃焼を助長。第6類酸化性液体との区別。,第1類危険物で間違えやすい点は？,第4類引火性液体と混同する。第6類と第1類を取り違える。,第1類危険物と「蒸気比重」「密度・比重」の違いは？,「蒸気比重」「密度・比重」は意味や数値・適用場面が異なります。用語ページの比較表と演習で、第1類危険物だけのポイントを確認してください。
第2類危険物,だい2るいきけんぶつ,法令・制度,法令・制度;乙4;頻出;詳細記事;実践演習連動;一問一答連動,"第2類危険物は、第4類危険物は引火性液体である。

たとえば、第2類危険物は危険物の類別のひとつです。乙4では第4類（引火性液体）が中心ですが、誤り選択肢では他の類の例も出ます。

試験では、第4類は引火性液体。第3類は自然発火性物質及び禁水性物質点を押さえると得点源になります。",まず「第2類危険物」は、第4類危険物は引火性液体である。多くは可燃性蒸気を発生し、その蒸気に引火する危険がある。 消防法上の危険物は第1類から第6類に分かれる。第3類は自然発火性物質及び禁水性物質、第4類は引火性液体である。 法令・制度では「第4類共通性質」の文脈で繰り返し問われます。,第4類危険物の共通性質;第4類共通性質;第1類〜第6類の分類概要,消防法,B,酸化性液体や酸化性固体と混同しない。 第4類は引火性液体。第3類は自然発火性物質及び禁水性物質。 第4類と第5類、第2類と第6類を混同しない。 誤り。可燃性蒸気を発生することがある。,第2類危険物とは？危険物取扱者試験（乙種第4類）で押さえる意味・試験ポイント,法令・制度分野の「第2類危険物」は、第4類危険物は引火性液体である。多くは可燃性蒸気を発生し、その蒸気に引火する危険がある。試験では定義の言い換えと数値・主体の区別がセットで問われます。,"第2類危険物は、第4類危険物は引火性液体である。多くは可燃性蒸気を発生し、その蒸気に引火する危険がある。 消防法上の危険物は第1類から第6類に分かれる。第3類は自然発火性物質及び禁水性物質、第4類は引火性液体である。

試験では、第4類は引火性液体。第3類は自然発火性物質及び禁水性物質点が問われます。

誤り。可燃性蒸気を発生することがある。

誤り。酸素を放出して他の物質を燃焼させる性質は主に酸化性物質の性質である。

誤り。多くの第4類危険物の蒸気は空気より重い。

誤り。第4類危険物には水に溶けるものと溶けにくいものがある。

酸化性液体や酸化性固体と混同しない。

第4類は引火性液体。第3類は自然発火性物質及び禁水性物質。

第4類と第5類、第2類と第6類を混同しない。

よくある誤りは、酸化性液体や酸化性固体と混同しない。第4類と第5類、第2類と第6類を混同しない。

法令・制度では「第4類危険物の共通性質」「第4類共通性質」など近い用語とセットで出題されます。定義・数値・主体の違いを表で対比し、第2類危険物だけの特徴を一言で言えるようにしてください。",第4類は引火性液体。第3類は自然発火性物質及び禁水性物質。,酸化性液体や酸化性固体と混同しない。;第4類と第5類、第2類と第6類を混同しない。,"「第2類危険物」は、法令・制度の頻出語です。

整理のコツ：関連する「第4類危険物の共通性質」「第4類共通性質」「第1類〜第6類の分類概要」と、「同じ点・違う点」を表に書き出し、第2類危険物だけの特徴を一行で言えるようにします。

覚え方：間違えたら「酸化性液体や酸化性固体と混同しない」のパターンか確認し、同じ型の誤りが出た問題を2問だけ繰り返します。

復習のしかた：丸暗記より、選択肢の「誤り。」の理由を声に出して説明できるかを目標にします。",消防法上の危険物の類別と性質の組合せについて、「第3類 — 自然発火性物質及び禁水性物質」は正しい。,○。正しい。,第2類危険物とは何ですか？,第2類危険物は、第4類危険物は引火性液体である。 たとえば、第2類危険物は危険物の類別のひとつです。乙4では第4類（引火性液体）が中心ですが、誤り選択肢では他の類の例も出ます。 試験では、第4類は引火性液体。第3類は自然発火性物質及び禁水性物質点を押さえると得点源になります。,第2類危険物は試験でどんなふうに問われますか？,第4類は引火性液体。第3類は自然発火性物質及び禁水性物質。,第2類危険物で間違えやすい点は？,酸化性液体や酸化性固体と混同しない。第4類と第5類、第2類と第6類を混同しない。,第2類危険物と「第4類危険物の共通性質」「第4類共通性質」の違いは？,「第4類危険物の共通性質」「第4類共通性質」は意味や数値・適用場面が異なります。用語ページの比較表と演習で、第2類危険物だけのポイントを確認してください。
第3類危険物,だい3るいきけんぶつ,法令・制度,法令・制度;乙4;頻出;詳細記事;実践演習連動;一問一答連動,"第3類危険物は、動植物油類では、油を含んだ布などが酸化により発熱し、蓄熱して自然発火する危険がある。

たとえば、第3類危険物は危険物の類別のひとつです。乙4では第4類（引火性液体）が中心ですが、誤り選択肢では他の類の例も出ます。

試験では、定義を一文で説明できる点を押さえると得点源になります。",まず「第3類危険物」は、動植物油類では、油を含んだ布などが酸化により発熱し、蓄熱して自然発火する危険がある。 乾性油を含んだ布などは、酸化熱が蓄積して自然発火する危険があるため、管理に注意が必要である。 法令・制度では「動植物油類」の文脈で繰り返し問われます。,動植物油類;乾性油・自然発火;自然発火,消防法,B,動植物油類を安全な食用品とだけ考えない。 火気がなくても自然発火の危険がある。 誤り。動植物油類であり、特殊引火物ではない。 誤り。火災予防上の管理が必要である。,第3類危険物とは？危険物取扱者試験（乙種第4類）で押さえる意味・試験ポイント,このページでは、法令・制度分野の「第3類危険物」を、試験に出る形で整理します。ひとことで言うと、動植物油類では、油を含んだ布などが酸化により発熱し、蓄熱して自然発火する危険がある。下の目次の順に読むと、定義から演習のポイントまでつながって理解できます。,"第3類危険物は、動植物油類では、油を含んだ布などが酸化により発熱し、蓄熱して自然発火する危険がある。 乾性油を含んだ布などは、酸化熱が蓄積して自然発火する危険があるため、管理に注意が必要である。

誤り。動植物油類であり、特殊引火物ではない。

誤り。火災予防上の管理が必要である。

誤り。酸素を放出する危険物ではない。

誤り。乾性油は自然発火の論点で重要である。

動植物油類を安全な食用品とだけ考えない。

火気がなくても自然発火の危険がある。

よくある誤りは、動植物油類を安全な食用品とだけ考えない。火気がなくても自然発火の危険がある。

法令・制度では「動植物油類」「乾性油・自然発火」など近い用語とセットで出題されます。定義・数値・主体の違いを表で対比し、第3類危険物だけの特徴を一言で言えるようにしてください。

自然発火は、外部から直接火源を与えなくても、酸化熱の蓄積などにより発火する現象である。

乾性油を含んだ布などは、酸化による発熱が蓄積して自然発火することがある。

油を含んだ布では、酸化による発熱が蓄積して自然発火することがある。",定義を一文で説明できる。;適用する場面（製造・貯蔵・取扱・消火）を挙げられる。;関連する法令名を意識できる。,動植物油類を安全な食用品とだけ考えない。;火気がなくても自然発火の危険がある。,"「第3類危険物」は、法令・制度の頻出語です。

整理のコツ：関連する「動植物油類」「乾性油・自然発火」「自然発火」と、「同じ点・違う点」を表に書き出し、第3類危険物だけの特徴を一行で言えるようにします。

覚え方：間違えたら「動植物油類を安全な食用品とだけ考えない」のパターンか確認し、同じ型の誤りが出た問題を2問だけ繰り返します。

復習のしかた：丸暗記より、選択肢の「誤り。」の理由を声に出して説明できるかを目標にします。",自然発火について、「蒸気比重が1になることである。」は正しい。,×。誤り。,第3類危険物とは何ですか？,第3類危険物は、動植物油類では、油を含んだ布などが酸化により発熱し、蓄熱して自然発火する危険がある。 たとえば、第3類危険物は危険物の類別のひとつです。乙4では第4類（引火性液体）が中心ですが、誤り選択肢では他の類の例も出ます。 試験では、定義を一文で説明できる点を押さえると得点源になります。,第3類危険物は試験でどんなふうに問われますか？,定義を一文で説明できる。適用する場面（製造・貯蔵・取扱・消火）を挙げられる。関連する法令名を意識できる。,第3類危険物で間違えやすい点は？,動植物油類を安全な食用品とだけ考えない。火気がなくても自然発火の危険がある。,第3類危険物と「動植物油類」「乾性油・自然発火」の違いは？,「動植物油類」「乾性油・自然発火」は意味や数値・適用場面が異なります。用語ページの比較表と演習で、第3類危険物だけのポイントを確認してください。
第4類共通性質,だい4るいきょうつうせいしつ,火災・消火・漏えい,火災・消火・漏えい;乙4;頻出;詳細記事;実践演習連動;一問一答連動,"第4類共通性質は、第4類危険物は引火性液体である。

たとえば、第4類共通性質は危険物の類別のひとつです。乙4では第4類（引火性液体）が中心ですが、誤り選択肢では他の類の例も出ます。

試験では、液比重・蒸気比重・水溶性を区別する点を押さえると得点源になります。",まず「第4類共通性質」は、第4類危険物は引火性液体である。多くは可燃性蒸気を発生し、その蒸気に引火する危険がある。 第4類危険物の可燃性蒸気は、空気より重いものが多く、低所に滞留しやすい。火気や静電気による引火に注意が必要である。 火災・消火・漏えいでは「第4類共通性質」の文脈で繰り返し問われます。,第4類危険物の共通性質;蒸気が空気より重い性質;水溶性・非水溶性の違い,,B,酸化性液体や酸化性固体と混同しない。 液体比重・蒸気比重・水溶性を混同しない。 液比重・蒸気比重・水溶性を区別する。 誤り。可燃性蒸気を発生することがある。,第4類共通性質とは？危険物取扱者試験（乙種第4類）で押さえる意味・試験ポイント,このページでは、火災・消火・漏えい分野の「第4類共通性質」を、試験に出る形で整理します。ひとことで言うと、第4類危険物は引火性液体である。多くは可燃性蒸気を発生し、その蒸気に引火する危険がある。下の目次の順に読むと、定義から演習のポイントまでつながって理解できます。,"第4類共通性質は、第4類危険物は引火性液体である。多くは可燃性蒸気を発生し、その蒸気に引火する危険がある。 第4類危険物の可燃性蒸気は、空気より重いものが多く、低所に滞留しやすい。火気や静電気による引火に注意が必要である。

試験では、液比重・蒸気比重・水溶性を区別する。可燃性蒸気は空気との混合濃度が重要。蒸気比重が大きいと低所にたまりやすい。また、非水溶性液体火災では注水方法に注意点も押さえます。

誤り。可燃性蒸気を発生することがある。

誤り。酸素を放出して他の物質を燃焼させる性質は主に酸化性物質の性質である。

誤り。多くの第4類危険物の蒸気は空気より重い。

誤り。第4類危険物には水に溶けるものと溶けにくいものがある。

酸化性液体や酸化性固体と混同しない。

液体比重・蒸気比重・水溶性を混同しない。

液比重・蒸気比重・水溶性を区別する。

よくある誤りは、酸化性液体や酸化性固体と混同しない。液体比重・蒸気比重・水溶性を混同しない。液体そのものだけでなく蒸気に注目する。

火災・消火・漏えいでは「第4類危険物の共通性質」「蒸気が空気より重い性質」など近い用語とセットで出題されます。定義・数値・主体の違いを表で対比し、第4類共通性質だけの特徴を一言で言えるようにしてください。

第4類危険物には、水溶性のものと非水溶性のものがある。

水に溶けることと引火危険がないことは同じではない。",液比重・蒸気比重・水溶性を区別する。;可燃性蒸気は空気との混合濃度が重要。;蒸気比重が大きいと低所にたまりやすい。;非水溶性液体火災では注水方法に注意。,酸化性液体や酸化性固体と混同しない。;液体比重・蒸気比重・水溶性を混同しない。;液体そのものだけでなく蒸気に注目する。;空気で薄まれば常に安全、とは限らない。;水に溶けるかと燃えるかを混同しない。,"「第4類共通性質」は、火災・消火・漏えいの頻出語です。

整理のコツ：関連する「第4類危険物の共通性質」「蒸気が空気より重い性質」「水溶性・非水溶性の違い」と、「同じ点・違う点」を表に書き出し、第4類共通性質だけの特徴を一行で言えるようにします。

覚え方：間違えたら「酸化性液体や酸化性固体と混同しない」のパターンか確認し、同じ型の誤りが出た問題を2問だけ繰り返します。

復習のしかた：丸暗記より、選択肢の「誤り。」の理由を声に出して説明できるかを目標にします。",第4類危険物の一般的な性質について、「第4類危険物は、引火性液体である。」は正しい。,○。正しい。,第4類共通性質とは何ですか？,第4類共通性質は、第4類危険物は引火性液体である。 たとえば、第4類共通性質は危険物の類別のひとつです。乙4では第4類（引火性液体）が中心ですが、誤り選択肢では他の類の例も出ます。 試験では、液比重・蒸気比重・水溶性を区別する点を押さえると得点源になります。,第4類共通性質は試験でどんなふうに問われますか？,液比重・蒸気比重・水溶性を区別する。可燃性蒸気は空気との混合濃度が重要。蒸気比重が大きいと低所にたまりやすい。,第4類共通性質で間違えやすい点は？,酸化性液体や酸化性固体と混同しない。液体比重・蒸気比重・水溶性を混同しない。,第4類共通性質と「第4類危険物の共通性質」「蒸気が空気より重い性質」の違いは？,「第4類危険物の共通性質」「蒸気が空気より重い性質」は意味や数値・適用場面が異なります。用語ページの比較表と演習で、第4類共通性質だけのポイントを確認してください。
第4類危険物,だい4るいきけんぶつ,法令・制度,法令・制度;乙4;頻出;詳細記事;実践演習連動;一問一答連動,"第4類危険物は、第4類危険物の指定数量は品名・性質によって異なる。

たとえば、引火性液体が該当し、乙4の主な対象です（例：ガソリン・灯油・エーテルなど）。

試験では、乙4は第4類危険物、すなわち引火性液体を扱う点を押さえると得点源になります。",まず「第4類危険物」は、第4類危険物の指定数量は品名・性質によって異なる。 引火性液体である。多くは可燃性蒸気を発生し、その蒸気に引火する危険がある。 法令・制度では「指定数量」の文脈で繰り返し問われます。,第4類危険物の指定数量;指定数量;第4類危険物の共通性質,危険物の規制に関する政令,A,乙4は第4類危険物、すなわち引火性液体を扱う。 第1類から第6類の性質を混同しない。 酸化性液体や酸化性固体と混同しない。 誤り。可燃性固体は第2類危険物である。,第4類危険物とは？危険物取扱者試験（乙種第4類）で押さえる意味・試験ポイント,このページでは、法令・制度分野の「第4類危険物」を、試験に出る形で整理します。ひとことで言うと、第4類危険物の指定数量は品名・性質によって異なる。下の目次の順に読むと、定義から演習のポイントまでつながって理解できます。,"第4類危険物は、第4類危険物の指定数量は品名・性質によって異なる。 乙種第4類は第4類危険物を対象とし、第4類危険物は引火性液体である。

試験では、乙4は第4類危険物、すなわち引火性液体を扱う。ガソリンは第1石油類の非水溶性液体、指定数量は200 L。灯油・軽油は第二石油類、指定数量1,000 L。また、第4類は密栓・火気厳禁・漏えい防止点も押さえます。

誤り。可燃性固体は第2類危険物である。

誤り。酸化性固体は第1類危険物である。

誤り。酸化性液体は第6類危険物である。

誤り。自然発火性物質及び禁水性物質は第3類危険物である。

乙4は第4類危険物、すなわち引火性液体を扱う。

第1類から第6類の性質を混同しない。

酸化性液体や酸化性固体と混同しない。

よくある誤りは、第1類から第6類の性質を混同しない。酸化性液体や酸化性固体と混同しない。第1石油類は水溶性か非水溶性かで指定数量が異なる。

法令・制度では「第4類危険物の指定数量」「指定数量」など近い用語とセットで出題されます。定義・数値・主体の違いを表で対比し、第4類危険物だけの特徴を一言で言えるようにしてください。

多くは可燃性蒸気を発生し、その蒸気に引火する危険がある。

ガソリンは第1石油類の非水溶性液体に該当し、指定数量は200 Lである。

特殊引火物の指定数量は50 Lである。","乙4は第4類危険物、すなわち引火性液体を扱う。;ガソリンは第1石油類の非水溶性液体、指定数量は200 L。;灯油・軽油は第二石油類、指定数量1,000 L。;第4類は密栓・火気厳禁・漏えい防止。;特殊引火物50 L、動植物油類10,000 L。;ガソリン200 L、灯油1,000 L。;アルコール類400 L、第4石油類6,000 L。;第2石油類は非水溶性1,000 L、水溶性2,000 L。",第1類から第6類の性質を混同しない。;酸化性液体や酸化性固体と混同しない。;第1石油類は水溶性か非水溶性かで指定数量が異なる。;第1石油類やアルコール類の指定数量と混同しない。;水に溶けやすいから危険が低い、とは考えない。,"「第4類危険物」は、法令・制度の頻出語です。

整理のコツ：関連する「第4類危険物の指定数量」「指定数量」「第4類危険物の共通性質」と、「同じ点・違う点」を表に書き出し、第4類危険物だけの特徴を一行で言えるようにします。

覚え方：間違えたら「第1類から第6類の性質を混同しない」のパターンか確認し、同じ型の誤りが出た問題を2問だけ繰り返します。

復習のしかた：丸暗記より、選択肢の「誤り。」の理由を声に出して説明できるかを目標にします。",乙種第4類で主に対象となる危険物について、「引火性液体」は正しい。,○。正しい。,第4類危険物とは何ですか？,第4類危険物は、第4類危険物の指定数量は品名・性質によって異なる。 たとえば、引火性液体が該当し、乙4の主な対象です（例：ガソリン・灯油・エーテルなど）。 試験では、乙4は第4類危険物、すなわち引火性液体を扱う点を押さえると得点源になります。,第4類危険物は試験でどんなふうに問われますか？,"乙4は第4類危険物、すなわち引火性液体を扱う。ガソリンは第1石油類の非水溶性液体、指定数量は200 L。灯油・軽油は第二石油類、指定数量1,000 L。",第4類危険物で間違えやすい点は？,第1類から第6類の性質を混同しない。酸化性液体や酸化性固体と混同しない。,第4類危険物と「第4類危険物の指定数量」「指定数量」の違いは？,「第4類危険物の指定数量」「指定数量」は意味や数値・適用場面が異なります。用語ページの比較表と演習で、第4類危険物だけのポイントを確認してください。
第4類危険物の位置づけ,だい4るいきけんぶつのいちづけ,法令・制度,法令・制度;乙4;頻出;詳細記事;実践演習連動;一問一答連動,"第4類危険物の位置づけは、乙種第4類は第4類危険物を対象とし、第4類危険物は引火性液体である。

たとえば、第4類危険物の位置づけは危険物の類別のひとつです。乙4では第4類（引火性液体）が中心ですが、誤り選択肢では他の類の例も出ます。

試験では、乙4は第4類危険物、すなわち引火性液体を扱う点を押さえると得点源になります。",まず「第4類危険物の位置づけ」は、乙種第4類は第4類危険物を対象とし、第4類危険物は引火性液体である。 正しい。第4類危険物は引火性液体である。 乙種第4類は第4類危険物を対象とし、第4類危険物は引火性液体である。 法令・制度では「第4類危険物」の文脈で繰り返し問われます。,セルフ式給油取扱所の基準;一般取扱所の基準;丙種の違い,消防法,B,乙4は第4類危険物、すなわち引火性液体を扱う。 第1類から第6類の性質を混同しない。 誤り。可燃性固体は第2類危険物である。 誤り。酸化性固体は第1類危険物である。,第4類危険物の位置づけとは？危険物取扱者試験（乙種第4類）で押さえる意味・試験ポイント,このページでは、法令・制度分野の「第4類危険物の位置づけ」を、試験に出る形で整理します。ひとことで言うと、乙種第4類は第4類危険物を対象とし、第4類危険物は引火性液体である。下の目次の順に読むと、定義から演習のポイントまでつながって理解できます。,"第4類危険物の位置づけは、乙種第4類は第4類危険物を対象とし、第4類危険物は引火性液体である。

試験では、乙4は第4類危険物、すなわち引火性液体を扱う点が問われます。

誤り。可燃性固体は第2類危険物である。

誤り。酸化性固体は第1類危険物である。

誤り。酸化性液体は第6類危険物である。

誤り。自然発火性物質及び禁水性物質は第3類危険物である。

乙4は第4類危険物、すなわち引火性液体を扱う。

第1類から第6類の性質を混同しない。

よくある誤りは、第1類から第6類の性質を混同しない。

法令・制度では「セルフ式給油取扱所の基準」「一般取扱所の基準」など近い用語とセットで出題されます。定義・数値・主体の違いを表で対比し、第4類危険物の位置づけだけの特徴を一言で言えるようにしてください。",乙4は第4類危険物、すなわち引火性液体を扱う。,第1類から第6類の性質を混同しない。,"「第4類危険物の位置づけ」は、法令・制度の頻出語です。

整理のコツ：関連する「セルフ式給油取扱所の基準」「一般取扱所の基準」「丙種の違い」と、「同じ点・違う点」を表に書き出し、第4類危険物の位置づけだけの特徴を一行で言えるようにします。

覚え方：間違えたら「第1類から第6類の性質を混同しない」のパターンか確認し、同じ型の誤りが出た問題を2問だけ繰り返します。

復習のしかた：丸暗記より、選択肢の「誤り。」の理由を声に出して説明できるかを目標にします。",乙種第4類で主に対象となる危険物について、「引火性液体」は正しい。,○。正しい。,第4類危険物の位置づけとは何ですか？,第4類危険物の位置づけは、乙種第4類は第4類危険物を対象とし、第4類危険物は引火性液体である。 たとえば、第4類危険物の位置づけは危険物の類別のひとつです。乙4では第4類（引火性液体）が中心ですが、誤り選択肢では他の類の例も出ます。 試験では、乙4は第4類危険物、すなわち引火性液体を扱う点を押さえると得点源になります。,第4類危険物の位置づけは試験でどんなふうに問われますか？,乙4は第4類危険物、すなわち引火性液体を扱う。,第4類危険物の位置づけで間違えやすい点は？,第1類から第6類の性質を混同しない。,第4類危険物の位置づけと「セルフ式給油取扱所の基準」「一般取扱所の基準」の違いは？,「セルフ式給油取扱所の基準」「一般取扱所の基準」は意味や数値・適用場面が異なります。用語ページの比較表と演習で、第4類危険物の位置づけだけのポイントを確認してください。
第4類危険物の共通性質,だい4るいきけんぶつのきょうつうせいしつ,火災・消火・漏えい,火災・消火・漏えい;乙4;頻出;詳細記事;実践演習連動;一問一答連動,"第4類危険物の共通性質は、第4類危険物は引火性液体である。

たとえば、第4類危険物の共通性質は危険物の類別のひとつです。乙4では第4類（引火性液体）が中心ですが、誤り選択肢では他の類の例も出ます。

試験では、定義を一文で説明できる点を押さえると得点源になります。",まず「第4類危険物の共通性質」は、第4類危険物は引火性液体である。多くは可燃性蒸気を発生し、その蒸気に引火する危険がある。 第4類危険物は引火性液体であり、可燃性蒸気への引火が中心的な危険性である。 火災・消火・漏えいでは「第4類共通性質」の文脈で繰り返し問われます。,アセトアルデヒド;アセトン;アニリン,,B,酸化性液体や酸化性固体と混同しない。 誤り。可燃性蒸気を発生することがある。 誤り。酸素を放出して他の物質を燃焼させる性質は主に酸化性物質の性質である。 誤り。多くの第4類危険物の蒸気は空気より重い。,第4類危険物の共通性質とは？危険物取扱者試験（乙種第4類）で押さえる意味・試験ポイント,このページでは、火災・消火・漏えい分野の「第4類危険物の共通性質」を、試験に出る形で整理します。ひとことで言うと、第4類危険物は引火性液体である。多くは可燃性蒸気を発生し、その蒸気に引火する危険がある。下の目次の順に読むと、定義から演習のポイントまでつながって理解できます。,"第4類危険物の共通性質は、第4類危険物は引火性液体である。多くは可燃性蒸気を発生し、その蒸気に引火する危険がある。 第4類危険物は引火性液体であり、可燃性蒸気への引火が中心的な危険性である。

誤り。可燃性蒸気を発生することがある。

誤り。酸素を放出して他の物質を燃焼させる性質は主に酸化性物質の性質である。

誤り。多くの第4類危険物の蒸気は空気より重い。

誤り。第4類危険物には水に溶けるものと溶けにくいものがある。

酸化性液体や酸化性固体と混同しない。

よくある誤りは、酸化性液体や酸化性固体と混同しない。

火災・消火・漏えいでは「アセトアルデヒド」「アセトン」など近い用語とセットで出題されます。定義・数値・主体の違いを表で対比し、第4類危険物の共通性質だけの特徴を一言で言えるようにしてください。",定義を一文で説明できる。;適用する場面（製造・貯蔵・取扱・消火）を挙げられる。;関連する法令名を意識できる。,酸化性液体や酸化性固体と混同しない。,"「第4類危険物の共通性質」は、火災・消火・漏えいの頻出語です。

整理のコツ：関連する「アセトアルデヒド」「アセトン」「アニリン」と、「同じ点・違う点」を表に書き出し、第4類危険物の共通性質だけの特徴を一行で言えるようにします。

覚え方：間違えたら「酸化性液体や酸化性固体と混同しない」のパターンか確認し、同じ型の誤りが出た問題を2問だけ繰り返します。

復習のしかた：丸暗記より、選択肢の「誤り。」の理由を声に出して説明できるかを目標にします。",第4類危険物の一般的な性質について、「第4類危険物は、引火性液体である。」は正しい。,○。正しい。,第4類危険物の共通性質とは何ですか？,第4類危険物の共通性質は、第4類危険物は引火性液体である。 たとえば、第4類危険物の共通性質は危険物の類別のひとつです。乙4では第4類（引火性液体）が中心ですが、誤り選択肢では他の類の例も出ます。 試験では、定義を一文で説明できる点を押さえると得点源になります。,第4類危険物の共通性質は試験でどんなふうに問われますか？,定義を一文で説明できる。適用する場面（製造・貯蔵・取扱・消火）を挙げられる。関連する法令名を意識できる。,第4類危険物の共通性質で間違えやすい点は？,酸化性液体や酸化性固体と混同しない。,第4類危険物の共通性質と「アセトアルデヒド」「アセトン」の違いは？,「アセトアルデヒド」「アセトン」は意味や数値・適用場面が異なります。用語ページの比較表と演習で、第4類危険物の共通性質だけのポイントを確認してください。
第4類危険物の指定数量,だい4るいきけんぶつのしていすうりょう,法令・制度,法令・制度;乙4;頻出;詳細記事;実践演習連動;一問一答連動,"第4類危険物の指定数量は、ガソリンは第1石油類の非水溶性液体に該当し、指定数量は200 Lである。

たとえば、ガソリン（非水溶性）は200 L、アセトン（水溶性）は400 Lのように、品名ごとに数値が決まります。

試験では、ガソリンは第1石油類の非水溶性液体、指定数量は200 L点を押さえると得点源になります。",まず「第4類危険物の指定数量」は、ガソリンは第1石油類の非水溶性液体に該当し、指定数量は200 Lである。 特殊引火物の指定数量は50 Lである。第4類危険物の指定数量は品名・性質によって異なる。 法令・制度では「指定数量」の文脈で繰り返し問われます。,セルフ式給油取扱所の基準;一般取扱所の基準;丙種の違い,危険物の規制に関する政令,B,ガソリンは第1石油類の非水溶性液体、指定数量は200 L。 第1石油類は水溶性か非水溶性かで指定数量が異なる。 第1石油類やアルコール類の指定数量と混同しない。 誤り。400 Lはアルコール類や第1石油類の水溶性液体の指定数量である。,第4類危険物の指定数量とは？危険物取扱者試験（乙種第4類）で押さえる意味・試験ポイント,このページでは、法令・制度分野の「第4類危険物の指定数量」を、試験に出る形で整理します。ひとことで言うと、ガソリンは第1石油類の非水溶性液体に該当し、指定数量は200 Lである。下の目次の順に読むと、定義から演習のポイントまでつながって理解できます。,"第4類危険物の指定数量は、ガソリンは第1石油類の非水溶性液体に該当し、指定数量は200 Lである。 特殊引火物の指定数量は50 Lである。第4類危険物の指定数量は品名・性質によって異なる。

試験では、ガソリンは第1石油類の非水溶性液体、指定数量は200 L。灯油・軽油は第二石油類、指定数量1,000 L。特殊引火物50 L、動植物油類10,000 L。また、ガソリン200 L、灯油1,000 L点も押さえます。

誤り。400 Lはアルコール類や第1石油類の水溶性液体の指定数量である。

誤り。1,000 Lは第2石油類の非水溶性液体の指定数量である。

誤り。50 Lは特殊引火物の指定数量である。

誤り。ガソリンの指定数量ではない。

ガソリンは第1石油類の非水溶性液体、指定数量は200 L。

第1石油類は水溶性か非水溶性かで指定数量が異なる。

第1石油類やアルコール類の指定数量と混同しない。

よくある誤りは、第1石油類は水溶性か非水溶性かで指定数量が異なる。第1石油類やアルコール類の指定数量と混同しない。水に溶けやすいから危険が低い、とは考えない。

法令・制度では「セルフ式給油取扱所の基準」「一般取扱所の基準」など近い用語とセットで出題されます。定義・数値・主体の違いを表で対比し、第4類危険物の指定数量だけの特徴を一言で言えるようにしてください。

アルコール類の指定数量は400 Lである。

メタノールやエタノールはアルコール類として整理する。

灯油は第2石油類の非水溶性液体であり、指定数量は1,000 Lである。","ガソリンは第1石油類の非水溶性液体、指定数量は200 L。;灯油・軽油は第二石油類、指定数量1,000 L。;特殊引火物50 L、動植物油類10,000 L。;ガソリン200 L、灯油1,000 L。;アルコール類400 L、第4石油類6,000 L。;第2石油類は非水溶性1,000 L、水溶性2,000 L。","第1石油類は水溶性か非水溶性かで指定数量が異なる。;第1石油類やアルコール類の指定数量と混同しない。;水に溶けやすいから危険が低い、とは考えない。;自然発火の危険があっても指定数量は特殊引火物とは大きく異なる。;動植物油類10,000 Lと混同しない。","「第4類危険物の指定数量」は、法令・制度の頻出語です。

整理のコツ：関連する「セルフ式給油取扱所の基準」「一般取扱所の基準」「丙種の違い」と、「同じ点・違う点」を表に書き出し、第4類危険物の指定数量だけの特徴を一行で言えるようにします。

覚え方：間違えたら「第1石油類は水溶性か非水溶性かで指定数量が異なる」のパターンか確認し、同じ型の誤りが出た問題を2問だけ繰り返します。

復習のしかた：丸暗記より、選択肢の「誤り。」の理由を声に出して説明できるかを目標にします。",法令上、ガソリンの指定数量について、「200 L」は正しい。,○。正しい。,第4類危険物の指定数量とは何ですか？,第4類危険物の指定数量は、ガソリンは第1石油類の非水溶性液体に該当し、指定数量は200 Lである。 たとえば、ガソリン（非水溶性）は200 L、アセトン（水溶性）は400 Lのように、品名ごとに数値が決まります。 試験では、ガソリンは第1石油類の非水溶性液体、指定数量は200 L点を押さえると得点源になります。,第4類危険物の指定数量は試験でどんなふうに問われますか？,"ガソリンは第1石油類の非水溶性液体、指定数量は200 L。灯油・軽油は第二石油類、指定数量1,000 L。特殊引火物50 L、動植物油類10,000 L。",第4類危険物の指定数量で間違えやすい点は？,第1石油類は水溶性か非水溶性かで指定数量が異なる。第1石油類やアルコール類の指定数量と混同しない。,第4類危険物の指定数量と「セルフ式給油取扱所の基準」「一般取扱所の基準」の違いは？,「セルフ式給油取扱所の基準」「一般取扱所の基準」は意味や数値・適用場面が異なります。用語ページの比較表と演習で、第4類危険物の指定数量だけのポイントを確認してください。
第4類危険物の貯蔵,だい4るいきけんぶつのちょぞう,火災・消火・漏えい,火災・消火・漏えい;乙4;頻出;詳細記事;実践演習連動;一問一答連動,"第4類危険物の貯蔵は、第4類危険物では、蒸気の発生、火気、静電気、漏えいに注意し、密栓や換気など適切な管理を行う必要がある。

たとえば、第4類危険物の貯蔵は危険物の類別のひとつです。乙4では第4類（引火性液体）が中心ですが、誤り選択肢では他の類の例も出ます。

試験では、第4類は密栓・火気厳禁・漏えい防止点を押さえると得点源になります。",まず「第4類危険物の貯蔵」は、第4類危険物では、蒸気の発生、火気、静電気、漏えいに注意し、密栓や換気など適切な管理を行う必要がある。 誤り。火気の近くでの移し替えは危険である。 第4類危険物では、蒸気の発生、火気、静電気、漏えいに注意し、密栓や換気など適切な管理を行う必要がある。 火災・消火・漏えいでは「貯蔵・取扱い」の文脈で繰り返し問われます。,第4類危険物の貯蔵・取扱い注意点;貯蔵・取扱い;取扱い注意点,,B,第4類は密栓・火気厳禁・漏えい防止。 誤り。漏えいは適切に処理する必要がある。 誤り。容器開放は蒸気発生の危険を高める。 誤り。水溶性でも引火危険がある。,第4類危険物の貯蔵とは？危険物取扱者試験（乙種第4類）で押さえる意味・試験ポイント,このページでは、火災・消火・漏えい分野の「第4類危険物の貯蔵」を、試験に出る形で整理します。ひとことで言うと、第4類危険物では、蒸気の発生、火気、静電気、漏えいに注意し、密栓や換気など適切な管理を行う必要がある。下の目次の順に読むと、定義から演習のポイントまでつながって理解できます。,"第4類危険物の貯蔵は、第4類危険物では、蒸気の発生、火気、静電気、漏えいに注意し、密栓や換気など適切な管理を行う必要がある。

試験では、第4類は密栓・火気厳禁・漏えい防止点が問われます。

誤り。漏えいは適切に処理する必要がある。

誤り。容器開放は蒸気発生の危険を高める。

誤り。水溶性でも引火危険がある。

誤り。火気の近くでの移し替えは危険である。

第4類は密栓・火気厳禁・漏えい防止。

火災・消火・漏えいでは「第4類危険物の貯蔵・取扱い注意点」「貯蔵・取扱い」など近い用語とセットで出題されます。定義・数値・主体の違いを表で対比し、第4類危険物の貯蔵だけの特徴を一言で言えるようにしてください。",第4類は密栓・火気厳禁・漏えい防止。,類似語と混同する。;数字や条件を取り違える。;すべての危険物に当てはめる。,"「第4類危険物の貯蔵」は、火災・消火・漏えいの頻出語です。

整理のコツ：関連する「第4類危険物の貯蔵・取扱い注意点」「貯蔵・取扱い」「取扱い注意点」と、「同じ点・違う点」を表に書き出し、第4類危険物の貯蔵だけの特徴を一行で言えるようにします。

覚え方：間違えたら「類似語と混同する」のパターンか確認し、同じ型の誤りが出た問題を2問だけ繰り返します。

復習のしかた：丸暗記より、選択肢の「誤り。」の理由を声に出して説明できるかを目標にします。",第4類危険物の貯蔵・取扱いについて、適切なものについて、「火気の近くで移し替える。」は正しい。,×。誤り。,第4類危険物の貯蔵とは何ですか？,第4類危険物の貯蔵は、第4類危険物では、蒸気の発生、火気、静電気、漏えいに注意し、密栓や換気など適切な管理を行う必要がある。 たとえば、第4類危険物の貯蔵は危険物の類別のひとつです。乙4では第4類（引火性液体）が中心ですが、誤り選択肢では他の類の例も出ます。 試験では、第4類は密栓・火気厳禁・漏えい防止点を押さえると得点源になります。,第4類危険物の貯蔵は試験でどんなふうに問われますか？,第4類は密栓・火気厳禁・漏えい防止。,第4類危険物の貯蔵で間違えやすい点は？,類似語と混同する。数字や条件を取り違える。,第4類危険物の貯蔵と「第4類危険物の貯蔵・取扱い注意点」「貯蔵・取扱い」の違いは？,「第4類危険物の貯蔵・取扱い注意点」「貯蔵・取扱い」は意味や数値・適用場面が異なります。用語ページの比較表と演習で、第4類危険物の貯蔵だけのポイントを確認してください。
第4類危険物の貯蔵・取扱い注意点,だい4るいきけんぶつのちょぞう・とりあつかいちゅういてん,火災・消火・漏えい,火災・消火・漏えい;乙4;頻出;詳細記事;実践演習連動;一問一答連動,"第4類危険物の貯蔵・取扱い注意点は、第4類危険物では、蒸気の発生、火気、静電気、漏えいに注意し、密栓や換気など適切な管理を行う必要がある。

たとえば、第4類危険物の貯蔵・取扱い注意点は危険物の類別のひとつです。乙4では第4類（引火性液体）が中心ですが、誤り選択肢では他の類の例も出ます。

試験では、第4類は密栓・火気厳禁・漏えい防止点を押さえると得点源になります。",まず「第4類危険物の貯蔵・取扱い注意点」は、第4類危険物では、蒸気の発生、火気、静電気、漏えいに注意し、密栓や換気など適切な管理を行う必要がある。 誤り。火気の近くでの移し替えは危険である。 第4類危険物では、蒸気の発生、火気、静電気、漏えいに注意し、密栓や換気など適切な管理を行う必要がある。 火災・消火・漏えいでは「貯蔵・取扱い」の文脈で繰り返し問われます。,貯蔵・取扱い;取扱い,,B,第4類は密栓・火気厳禁・漏えい防止。 誤り。漏えいは適切に処理する必要がある。 誤り。容器開放は蒸気発生の危険を高める。 誤り。水溶性でも引火危険がある。,第4類危険物の貯蔵・取扱い注意点とは？危険物取扱者試験（乙種第4類）で押さえる意味・試験ポイント,このページでは、火災・消火・漏えい分野の「第4類危険物の貯蔵・取扱い注意点」を、試験に出る形で整理します。ひとことで言うと、第4類危険物では、蒸気の発生、火気、静電気、漏えいに注意し、密栓や換気など適切な管理を行う必要がある。下の目次の順に読むと、定義から演習のポイントまでつながって理解できます。,"第4類危険物の貯蔵・取扱い注意点は、第4類危険物では、蒸気の発生、火気、静電気、漏えいに注意し、密栓や換気など適切な管理を行う必要がある。

試験では、第4類は密栓・火気厳禁・漏えい防止点が問われます。

誤り。漏えいは適切に処理する必要がある。

誤り。容器開放は蒸気発生の危険を高める。

誤り。水溶性でも引火危険がある。

誤り。火気の近くでの移し替えは危険である。

第4類は密栓・火気厳禁・漏えい防止。

火災・消火・漏えいでは「貯蔵・取扱い」「取扱い」など近い用語とセットで出題されます。定義・数値・主体の違いを表で対比し、第4類危険物の貯蔵・取扱い注意点だけの特徴を一言で言えるようにしてください。",第4類は密栓・火気厳禁・漏えい防止。,類似語と混同する。;数字や条件を取り違える。;すべての危険物に当てはめる。,"「第4類危険物の貯蔵・取扱い注意点」は、火災・消火・漏えいの頻出語です。

整理のコツ：関連する「貯蔵・取扱い」「取扱い」と、「同じ点・違う点」を表に書き出し、第4類危険物の貯蔵・取扱い注意点だけの特徴を一行で言えるようにします。

覚え方：間違えたら「類似語と混同する」のパターンか確認し、同じ型の誤りが出た問題を2問だけ繰り返します。

復習のしかた：丸暗記より、選択肢の「誤り。」の理由を声に出して説明できるかを目標にします。",第4類危険物の貯蔵・取扱いについて、適切なものについて、「火気の近くで移し替える。」は正しい。,×。誤り。,第4類危険物の貯蔵・取扱い注意点とは何ですか？,第4類危険物の貯蔵・取扱い注意点は、第4類危険物では、蒸気の発生、火気、静電気、漏えいに注意し、密栓や換気など適切な管理を行う必要がある。 たとえば、第4類危険物の貯蔵・取扱い注意点は危険物の類別のひとつです。乙4では第4類（引火性液体）が中心ですが、誤り選択肢では他の類の例も出ます。 試験では、第4類は密栓・火気厳禁・漏えい防止点を押さえると得点源になります。,第4類危険物の貯蔵・取扱い注意点は試験でどんなふうに問われますか？,第4類は密栓・火気厳禁・漏えい防止。,第4類危険物の貯蔵・取扱い注意点で間違えやすい点は？,類似語と混同する。数字や条件を取り違える。,第4類危険物の貯蔵・取扱い注意点と「貯蔵・取扱い」「取扱い」の違いは？,「貯蔵・取扱い」「取扱い」は意味や数値・適用場面が異なります。用語ページの比較表と演習で、第4類危険物の貯蔵・取扱い注意点だけのポイントを確認してください。
第4類火災の消火方法総論,だい4るいかさいのしょうかほうほうそうろん,火災・消火・漏えい,火災・消火・漏えい;乙4;頻出;詳細記事;実践演習連動;一問一答連動,"第4類火災の消火方法総論は、第4類危険物火災では、可燃性蒸気の発生を抑え、空気との接触を遮断することが重要である。

たとえば、第4類火災の消火方法総論は危険物の類別のひとつです。乙4では第4類（引火性液体）が中心ですが、誤り選択肢では他の類の例も出ます。

試験では、第4類火災では、可燃性蒸気と酸素供給を抑える点を押さえると得点源になります。",まず「第4類火災の消火方法総論」は、第4類危険物火災では、可燃性蒸気の発生を抑え、空気との接触を遮断することが重要である。 第4類危険物火災では、可燃性蒸気の発生や空気との接触を抑えることが重要である。 火災・消火・漏えいでは「消火方法」の文脈で繰り返し問われます。,アセトアルデヒド;アセトン;アニリン,,B,第4類火災では、可燃性蒸気と酸素供給を抑える。 燃え尽きさせる目的で火気を近づけない。 第4類火災は蒸気と空気接触を抑える。 誤り。下水へ流すのは危険である。,第4類火災の消火方法総論とは？危険物取扱者試験（乙種第4類）で押さえる意味・試験ポイント,このページでは、火災・消火・漏えい分野の「第4類火災の消火方法総論」を、試験に出る形で整理します。ひとことで言うと、第4類危険物火災では、可燃性蒸気の発生を抑え、空気との接触を遮断することが重要である。下の目次の順に読むと、定義から演習のポイントまでつながって理解できます。,"第4類火災の消火方法総論は、第4類危険物火災では、可燃性蒸気の発生を抑え、空気との接触を遮断することが重要である。 第4類危険物火災では、可燃性蒸気の発生や空気との接触を抑えることが重要である。

試験では、第4類火災では、可燃性蒸気と酸素供給を抑える。また、第4類火災は蒸気と空気接触を抑える点も押さえます。

誤り。下水へ流すのは危険である。

誤り。かくはんは燃焼拡大のおそれがある。

誤り。加熱は危険を増大させる。

誤り。火気を近づけるのは危険である。

第4類火災では、可燃性蒸気と酸素供給を抑える。

燃え尽きさせる目的で火気を近づけない。

第4類火災は蒸気と空気接触を抑える。

よくある誤りは、燃え尽きさせる目的で火気を近づけない。

火災・消火・漏えいでは「アセトアルデヒド」「アセトン」など近い用語とセットで出題されます。定義・数値・主体の違いを表で対比し、第4類火災の消火方法総論だけの特徴を一言で言えるようにしてください。",第4類火災では、可燃性蒸気と酸素供給を抑える。;第4類火災は蒸気と空気接触を抑える。,燃え尽きさせる目的で火気を近づけない。,"「第4類火災の消火方法総論」は、火災・消火・漏えいの頻出語です。

整理のコツ：関連する「アセトアルデヒド」「アセトン」「アニリン」と、「同じ点・違う点」を表に書き出し、第4類火災の消火方法総論だけの特徴を一行で言えるようにします。

覚え方：間違えたら「燃え尽きさせる目的で火気を近づけない」のパターンか確認し、同じ型の誤りが出た問題を2問だけ繰り返します。

復習のしかた：丸暗記より、選択肢の「誤り。」の理由を声に出して説明できるかを目標にします。",第4類危険物火災の消火方法として、一般に重要な考え方について、「可燃性蒸気の発生や空気との接触を抑える。」は正しい。,○。正しい。,第4類火災の消火方法総論とは何ですか？,第4類火災の消火方法総論は、第4類危険物火災では、可燃性蒸気の発生を抑え、空気との接触を遮断することが重要である。 たとえば、第4類火災の消火方法総論は危険物の類別のひとつです。乙4では第4類（引火性液体）が中心ですが、誤り選択肢では他の類の例も出ます。 試験では、第4類火災では、可燃性蒸気と酸素供給を抑える点を押さえると得点源になります。,第4類火災の消火方法総論は試験でどんなふうに問われますか？,第4類火災では、可燃性蒸気と酸素供給を抑える。第4類火災は蒸気と空気接触を抑える。,第4類火災の消火方法総論で間違えやすい点は？,燃え尽きさせる目的で火気を近づけない。,第4類火災の消火方法総論と「アセトアルデヒド」「アセトン」の違いは？,「アセトアルデヒド」「アセトン」は意味や数値・適用場面が異なります。用語ページの比較表と演習で、第4類火災の消火方法総論だけのポイントを確認してください。
第5類危険物,だい5るいきけんぶつ,法令・制度,法令・制度;乙4;頻出;詳細記事;実践演習連動;一問一答連動,"第5類危険物は、消防法上の危険物は第1類から第6類に分かれる。

たとえば、第5類危険物は危険物の類別のひとつです。乙4では第4類（引火性液体）が中心ですが、誤り選択肢では他の類の例も出ます。

試験では、第4類は引火性液体。第3類は自然発火性物質及び禁水性物質点を押さえると得点源になります。",まず「第5類危険物」は、消防法上の危険物は第1類から第6類に分かれる。第3類は自然発火性物質及び禁水性物質、第4類は引火性液体である。 第4類危険物は引火性液体である。第1類は酸化性固体、第2類は可燃性固体、第5類は自己反応性物質、第6類は酸化性液体である。 法令・制度では「危険物の分類」の文脈で繰り返し問われます。,第1類〜第6類の分類概要;危険物の分類;危険物各類の共通性状と第4類の位置づけ,消防法,B,第4類は引火性液体。第3類は自然発火性物質及び禁水性物質。 第4類と第5類、第2類と第6類を混同しない。 誤り。第1類は酸化性固体である。 誤り。第2類は可燃性固体である。,第5類危険物とは？危険物取扱者試験（乙種第4類）で押さえる意味・試験ポイント,法令・制度分野の「第5類危険物」は、消防法上の危険物は第1類から第6類に分かれる。第3類は自然発火性物質及び禁水性物質、第4類は引火性液体である。試験では定義の言い換えと数値・主体の区別がセットで問われます。,"第5類危険物は、消防法上の危険物は第1類から第6類に分かれる。第3類は自然発火性物質及び禁水性物質、第4類は引火性液体である。 第4類危険物は引火性液体である。第1類は酸化性固体、第2類は可燃性固体、第5類は自己反応性物質、第6類は酸化性液体である。

試験では、第4類は引火性液体。第3類は自然発火性物質及び禁水性物質点が問われます。

誤り。第1類は酸化性固体である。

誤り。第2類は可燃性固体である。

誤り。第4類は引火性液体である。自己反応性物質は第5類である。

誤り。第6類は酸化性液体である。

第4類は引火性液体。第3類は自然発火性物質及び禁水性物質。

第4類と第5類、第2類と第6類を混同しない。

よくある誤りは、第4類と第5類、第2類と第6類を混同しない。

法令・制度では「第1類〜第6類の分類概要」「危険物の分類」など近い用語とセットで出題されます。定義・数値・主体の違いを表で対比し、第5類危険物だけの特徴を一言で言えるようにしてください。",第4類は引火性液体。第3類は自然発火性物質及び禁水性物質。,第4類と第5類、第2類と第6類を混同しない。,"「第5類危険物」は、法令・制度の頻出語です。

整理のコツ：関連する「第1類〜第6類の分類概要」「危険物の分類」「危険物各類の共通性状と第4類の位置づけ」と、「同じ点・違う点」を表に書き出し、第5類危険物だけの特徴を一行で言えるようにします。

覚え方：間違えたら「第4類と第5類、第2類と第6類を混同しない」のパターンか確認し、同じ型の誤りが出た問題を2問だけ繰り返します。

復習のしかた：丸暗記より、選択肢の「誤り。」の理由を声に出して説明できるかを目標にします。",消防法上の危険物の類別と性質の組合せについて、「第3類 — 自然発火性物質及び禁水性物質」は正しい。,○。正しい。,第5類危険物とは何ですか？,第5類危険物は、消防法上の危険物は第1類から第6類に分かれる。 たとえば、第5類危険物は危険物の類別のひとつです。乙4では第4類（引火性液体）が中心ですが、誤り選択肢では他の類の例も出ます。 試験では、第4類は引火性液体。第3類は自然発火性物質及び禁水性物質点を押さえると得点源になります。,第5類危険物は試験でどんなふうに問われますか？,第4類は引火性液体。第3類は自然発火性物質及び禁水性物質。,第5類危険物で間違えやすい点は？,第4類と第5類、第2類と第6類を混同しない。,第5類危険物と「第1類〜第6類の分類概要」「危険物の分類」の違いは？,「第1類〜第6類の分類概要」「危険物の分類」は意味や数値・適用場面が異なります。用語ページの比較表と演習で、第5類危険物だけのポイントを確認してください。
第6類危険物,だい6るいきけんぶつ,法令・制度,法令・制度;乙4;頻出;詳細記事;実践演習連動;一問一答連動,"第6類危険物は、特殊引火物、第一石油類、動植物油類、第6類危険物ではない。

たとえば、第6類危険物は危険物の類別のひとつです。乙4では第4類（引火性液体）が中心ですが、誤り選択肢では他の類の例も出ます。

試験では、グリセリンは第三石油類・水溶性液体点を押さえると得点源になります。",まず「第6類危険物」は、特殊引火物、第一石油類、動植物油類、第6類危険物ではない。 誤り。第6類だけではない。 屋内貯蔵所と屋内タンク貯蔵所は名称が似ているが、施設の形態が異なる。 法令・制度では「第三石油類」の文脈で繰り返し問われます。,グリセリン;第三石油類;屋内貯蔵所の基準,危険物の規制に関する政令,B,グリセリンは第三石油類・水溶性液体。 アルコール類や動植物油類と混同しない。 屋内貯蔵所と屋内タンク貯蔵所を区別する。 誤り。第6類ではない。,第6類危険物とは？危険物取扱者試験（乙種第4類）で押さえる意味・試験ポイント,法令・制度分野の「第6類危険物」は、特殊引火物、第一石油類、動植物油類、第6類危険物ではない。試験では定義の言い換えと数値・主体の区別がセットで問われます。,"第6類危険物は、特殊引火物、第一石油類、動植物油類、第6類危険物ではない。 グリセリンは第4類危険物の第三石油類のうち、水溶性液体として扱われる。特殊引火物、第一石油類、動植物油類、第6類危険物ではない。

試験では、グリセリンは第三石油類・水溶性液体。また、屋内貯蔵所と屋内タンク貯蔵所を区別する点も押さえます。

誤り。第6類ではない。

誤り。第一石油類ではない。

誤り。特殊引火物ではない。

誤り。動植物油類ではない。

グリセリンは第三石油類・水溶性液体。

アルコール類や動植物油類と混同しない。

屋内貯蔵所と屋内タンク貯蔵所を区別する。

よくある誤りは、アルコール類や動植物油類と混同しない。キシレンは第二石油類として区別する。

法令・制度では「グリセリン」「第三石油類」など近い用語とセットで出題されます。定義・数値・主体の違いを表で対比し、第6類危険物だけの特徴を一言で言えるようにしてください。",グリセリンは第三石油類・水溶性液体。;屋内貯蔵所と屋内タンク貯蔵所を区別する。,アルコール類や動植物油類と混同しない。;キシレンは第二石油類として区別する。,"「第6類危険物」は、法令・制度の頻出語です。

整理のコツ：関連する「グリセリン」「第三石油類」「屋内貯蔵所の基準」と、「同じ点・違う点」を表に書き出し、第6類危険物だけの特徴を一行で言えるようにします。

覚え方：間違えたら「アルコール類や動植物油類と混同しない」のパターンか確認し、同じ型の誤りが出た問題を2問だけ繰り返します。

復習のしかた：丸暗記より、選択肢の「誤り。」の理由を声に出して説明できるかを目標にします。",屋内貯蔵所と屋内タンク貯蔵所の違いについて、「どちらも第6類危険物だけを扱う施設である。」は正しい。,×。誤り。,第6類危険物とは何ですか？,第6類危険物は、特殊引火物、第一石油類、動植物油類、第6類危険物ではない。 たとえば、第6類危険物は危険物の類別のひとつです。乙4では第4類（引火性液体）が中心ですが、誤り選択肢では他の類の例も出ます。 試験では、グリセリンは第三石油類・水溶性液体点を押さえると得点源になります。,第6類危険物は試験でどんなふうに問われますか？,グリセリンは第三石油類・水溶性液体。屋内貯蔵所と屋内タンク貯蔵所を区別する。,第6類危険物で間違えやすい点は？,アルコール類や動植物油類と混同しない。キシレンは第二石油類として区別する。,第6類危険物と「グリセリン」「第三石油類」の違いは？,「グリセリン」「第三石油類」は意味や数値・適用場面が異なります。用語ページの比較表と演習で、第6類危険物だけのポイントを確認してください。
第一石油類,だいいちせきゆるい,火災・消火・漏えい,火災・消火・漏えい;乙4;頻出;詳細記事;実践演習連動;一問一答連動,"第一石油類は、引火点が21℃未満の石油類の類別を指し、試験文では「第1石油類」と表記されることが多い。

たとえば、ガソリン（非水溶性）は200 L、アセトン（水溶性）は400 Lのように、品名ごとに数値が決まります。

試験では、引火点21℃未満点を押さえると得点源になります。",まず「第一石油類」は、引火点が21℃未満の石油類の類別を指し、試験文では「第1石油類」と表記されることが多い。,ガソリン;アセトン;酢酸エチルなどの第一石油類,危険物の規制に関する政令,B,酢酸と酢酸エチルは分類が異なるため注意する。 ガソリン・ベンゼン・トルエンは第一石油類。 ガソリンは揮発しやすく、蒸気に引火しやすい。 誤り。第二石油類ではない。,第一石油類とは？危険物取扱者試験（乙種第4類）で押さえる意味・試験ポイント,このページでは、火災・消火・漏えい分野の「第一石油類」を、試験に出る形で整理します。ひとことで言うと、引火点が21℃未満の石油類の類別を指し、試験文では「第1石油類」と表記されることが多い。下の目次の順に読むと、定義から演習のポイントまでつながって理解できます。,"ガソリンが代表例です。水溶性・非水溶性で指定数量が分かれます（非水溶性200 Lなど）。第2・第3石油類との引火点の境界が頻出です。

「第1石油類」の用語ページと内容は同一概念です。倍数計算・取扱基準をあわせて確認してください。

誤り。第二石油類ではない。

誤り。動植物油類ではない。

誤り。アルコール類ではない。

誤り。第三石油類ではない。

酢酸と酢酸エチルは分類が異なるため注意する。

ガソリン・ベンゼン・トルエンは第一石油類。",引火点21℃未満。;第1石油類との表記ゆれ。;指定数量・水溶性区分。,第2石油類と境界を混同する。;第一・第1の表記差で別物と誤解する。,"「第一石油類」は、火災・消火・漏えいの頻出語です。

整理のコツ：関連する「ガソリン」「アセトン」「酢酸エチルなどの第一石油類」と、「同じ点・違う点」を表に書き出し、第一石油類だけの特徴を一行で言えるようにします。

覚え方：間違えたら「第2石油類と境界を混同する」のパターンか確認し、同じ型の誤りが出た問題を2問だけ繰り返します。

復習のしかた：丸暗記より、選択肢の「誤り。」の理由を声に出して説明できるかを目標にします。",第一石油類の代表例として、適切なものについて、「ガソリン」は正しい。,○。正しい。,第一石油類とは何ですか？,第一石油類は、引火点が21℃未満の石油類の類別を指し、試験文では「第1石油類」と表記されることが多い。 たとえば、ガソリン（非水溶性）は200 L、アセトン（水溶性）は400 Lのように、品名ごとに数値が決まります。 試験では、引火点21℃未満点を押さえると得点源になります。,第一石油類は試験でどんなふうに問われますか？,引火点21℃未満。第1石油類との表記ゆれ。指定数量・水溶性区分。,第一石油類で間違えやすい点は？,第2石油類と境界を混同する。第一・第1の表記差で別物と誤解する。,第一石油類と「ガソリン」「アセトン」の違いは？,「ガソリン」「アセトン」は意味や数値・適用場面が異なります。用語ページの比較表と演習で、第一石油類だけのポイントを確認してください。
第一石油類の性質,だいいちせきゆるいのせいしつ,火災・消火・漏えい,火災・消火・漏えい;乙4;頻出;詳細記事;実践演習連動;一問一答連動,"第一石油類の性質は、ガソリンは第一石油類の代表例である。

たとえば、第一石油類の性質は危険物の類別のひとつです。乙4では第4類（引火性液体）が中心ですが、誤り選択肢では他の類の例も出ます。

試験では、ガソリン・ベンゼン・トルエンは第一石油類点を押さえると得点源になります。",まず「第一石油類の性質」は、ガソリンは第一石油類の代表例である。灯油・軽油は第二石油類、重油は第三石油類、大豆油は動植物油類である。 ガソリン、ベンゼン、トルエンは第一石油類の代表例である。 火災・消火・漏えいでは「第一石油類」の文脈で繰り返し問われます。,アセトアルデヒド;アセトン;アニリン,危険物の規制に関する政令,B,ガソリン・ベンゼン・トルエンは第一石油類。 誤り。軽油は第二石油類である。 誤り。重油は第三石油類である。 誤り。灯油は第二石油類である。,第一石油類の性質とは？危険物取扱者試験（乙種第4類）で押さえる意味・試験ポイント,このページでは、火災・消火・漏えい分野の「第一石油類の性質」を、試験に出る形で整理します。ひとことで言うと、ガソリンは第一石油類の代表例である。灯油・軽油は第二石油類、重油は第三石油類、大豆油は動植物油類である。下の目次の順に読むと、定義から演習のポイントまでつながって理解できます。,"第一石油類の性質は、ガソリンは第一石油類の代表例である。灯油・軽油は第二石油類、重油は第三石油類、大豆油は動植物油類である。 ガソリン、ベンゼン、トルエンは第一石油類の代表例である。

試験では、ガソリン・ベンゼン・トルエンは第一石油類点が問われます。

誤り。軽油は第二石油類である。

誤り。重油は第三石油類である。

誤り。灯油は第二石油類である。

誤り。大豆油は動植物油類である。

ガソリン・ベンゼン・トルエンは第一石油類。

火災・消火・漏えいでは「アセトアルデヒド」「アセトン」など近い用語とセットで出題されます。定義・数値・主体の違いを表で対比し、第一石油類の性質だけの特徴を一言で言えるようにしてください。

ガソリンは第一石油類の非水溶性液体である。",ガソリン・ベンゼン・トルエンは第一石油類。,類似語と混同する。;数字や条件を取り違える。;すべての危険物に当てはめる。,"「第一石油類の性質」は、火災・消火・漏えいの頻出語です。

整理のコツ：関連する「アセトアルデヒド」「アセトン」「アニリン」と、「同じ点・違う点」を表に書き出し、第一石油類の性質だけの特徴を一行で言えるようにします。

覚え方：間違えたら「類似語と混同する」のパターンか確認し、同じ型の誤りが出た問題を2問だけ繰り返します。

復習のしかた：丸暗記より、選択肢の「誤り。」の理由を声に出して説明できるかを目標にします。",第一石油類の代表例として、適切なものについて、「ガソリン」は正しい。,○。正しい。,第一石油類の性質とは何ですか？,第一石油類の性質は、ガソリンは第一石油類の代表例である。 たとえば、第一石油類の性質は危険物の類別のひとつです。乙4では第4類（引火性液体）が中心ですが、誤り選択肢では他の類の例も出ます。 試験では、ガソリン・ベンゼン・トルエンは第一石油類点を押さえると得点源になります。,第一石油類の性質は試験でどんなふうに問われますか？,ガソリン・ベンゼン・トルエンは第一石油類。,第一石油類の性質で間違えやすい点は？,類似語と混同する。数字や条件を取り違える。,第一石油類の性質と「アセトアルデヒド」「アセトン」の違いは？,「アセトアルデヒド」「アセトン」は意味や数値・適用場面が異なります。用語ページの比較表と演習で、第一石油類の性質だけのポイントを確認してください。
第三石油類,だいさんせきゆるい,火災・消火・漏えい,火災・消火・漏えい;乙4;頻出;詳細記事;実践演習連動;一問一答連動,"第三石油類は、重油は第4類危険物の第三石油類に当てはまる代表例である。

たとえば、ガソリン（非水溶性）は200 L、アセトン（水溶性）は400 Lのように、品名ごとに数値が決まります。

試験では、グリセリンは第三石油類（水溶性液体）、指定数量は4,000 L点を押さえると得点源になります。","まず「第三石油類」は、重油は第4類危険物の第三石油類に当てはまる代表例である。 グリセリンは、第4類危険物の第三石油類のうち水溶性液体に該当し、指定数量は4,000 Lである。ガソリンや特殊引火物とは分類が異なる。 火災・消火・漏えいでは「第三石油類」の文脈で繰り返し問われます。",重油;クレオソート油・アニリン・エチレングリコール;第三石油類の性質,危険物の規制に関する政令,B,"第一・第二・第三石油類を混同しない。 グリセリンは第三石油類（水溶性液体）、指定数量は4,000 L。 第三石油類は非水溶性液体と水溶性液体で指定数量が異なる。 誤り。メタノールはアルコール類である。",第三石油類とは？危険物取扱者試験（乙種第4類）で押さえる意味・試験ポイント,このページでは、火災・消火・漏えい分野の「第三石油類」を、試験に出る形で整理します。ひとことで言うと、重油は第4類危険物の第三石油類に当てはまる代表例である。下の目次の順に読むと、定義から演習のポイントまでつながって理解できます。,"第三石油類は、重油は第4類危険物の第三石油類に当てはまる代表例である。 重油は第三石油類の代表例である。ガソリンは第一石油類、灯油は第二石油類、ジエチルエーテルは特殊引火物、メタノールはアルコール類である。

試験では、グリセリンは第三石油類（水溶性液体）、指定数量は4,000 L。グリセリンは第三石油類・水溶性液体。重油は第三石油類で火気・漏えいに注意。また、重油は第三石油類・非水溶性・2,000 L点も押さえます。

誤り。メタノールはアルコール類である。

誤り。灯油は第二石油類である。

誤り。ジエチルエーテルは特殊引火物である。

誤り。ガソリンは第一石油類である。

第一・第二・第三石油類を混同しない。

グリセリンは第三石油類（水溶性液体）、指定数量は4,000 L。

第三石油類は非水溶性液体と水溶性液体で指定数量が異なる。

よくある誤りは、第一・第二・第三石油類を混同しない。第三石油類は非水溶性液体と水溶性液体で指定数量が異なる。ガソリン・灯油・軽油・重油の分類を整理する。

火災・消火・漏えいでは「重油」「クレオソート油・アニリン・エチレングリコール」など近い用語とセットで出題されます。定義・数値・主体の違いを表で対比し、第三石油類だけの特徴を一言で言えるようにしてください。

グリセリンは、第4類危険物の第三石油類のうち水溶性液体に該当し、指定数量は4,000 Lである。

ガソリンや特殊引火物とは分類が異なる。

エチレングリコールは第4類危険物の第三石油類に分類される代表的な物質である。","グリセリンは第三石油類（水溶性液体）、指定数量は4,000 L。;グリセリンは第三石油類・水溶性液体。;重油は第三石油類で火気・漏えいに注意。;重油は第三石油類・非水溶性・2,000 L。;エチレングリコール・グリセリンは第三石油類。",第一・第二・第三石油類を混同しない。;第三石油類は非水溶性液体と水溶性液体で指定数量が異なる。;ガソリン・灯油・軽油・重油の分類を整理する。;アルコール類と名前の印象だけで混同しない。;アルコール類や動植物油類と混同しない。,"「第三石油類」は、火災・消火・漏えいの頻出語です。

整理のコツ：関連する「重油」「クレオソート油・アニリン・エチレングリコール」「第三石油類の性質」と、「同じ点・違う点」を表に書き出し、第三石油類だけの特徴を一行で言えるようにします。

覚え方：間違えたら「第一・第二・第三石油類を混同しない」のパターンか確認し、同じ型の誤りが出た問題を2問だけ繰り返します。

復習のしかた：丸暗記より、選択肢の「誤り。」の理由を声に出して説明できるかを目標にします。",第三石油類に該当する代表例として、適切なものについて、「ジエチルエーテル」は正しい。,×。誤り。,第三石油類とは何ですか？,"第三石油類は、重油は第4類危険物の第三石油類に当てはまる代表例である。 たとえば、ガソリン（非水溶性）は200 L、アセトン（水溶性）は400 Lのように、品名ごとに数値が決まります。 試験では、グリセリンは第三石油類（水溶性液体）、指定数量は4,000 L点を押さえると得点源になります。",第三石油類は試験でどんなふうに問われますか？,"グリセリンは第三石油類（水溶性液体）、指定数量は4,000 L。グリセリンは第三石油類・水溶性液体。重油は第三石油類で火気・漏えいに注意。",第三石油類で間違えやすい点は？,第一・第二・第三石油類を混同しない。第三石油類は非水溶性液体と水溶性液体で指定数量が異なる。,第三石油類と「重油」「クレオソート油・アニリン・エチレングリコール」の違いは？,「重油」「クレオソート油・アニリン・エチレングリコール」は意味や数値・適用場面が異なります。用語ページの比較表と演習で、第三石油類だけのポイントを確認してください。
第三石油類の性質,だいさんせきゆるいのせいしつ,火災・消火・漏えい,火災・消火・漏えい;乙4;頻出;詳細記事;実践演習連動;一問一答連動,"第三石油類の性質は、重油は第三石油類の代表例である。

たとえば、第三石油類の性質は危険物の類別のひとつです。乙4では第4類（引火性液体）が中心ですが、誤り選択肢では他の類の例も出ます。

試験では、定義を一文で説明できる点を押さえると得点源になります。",まず「第三石油類の性質」は、重油は第三石油類の代表例である。ガソリンは第一石油類、灯油は第二石油類、ジエチルエーテルは特殊引火物、メタノールはアルコール類である。 誤り。ジエチルエーテルは特殊引火物である。 重油は第三石油類の代表例である。ガソリンは第一石油類、灯油は第二石油類、ジエチルエーテルは特殊引火物、メタノールはアルコール類である。 火災・消火・漏えいでは「第三石油類」の文脈で繰り返し問われます。,アセトアルデヒド;アセトン;アニリン,危険物の規制に関する政令,B,第一・第二・第三石油類を混同しない。 誤り。メタノールはアルコール類である。 誤り。灯油は第二石油類である。 誤り。ジエチルエーテルは特殊引火物である。,第三石油類の性質とは？危険物取扱者試験（乙種第4類）で押さえる意味・試験ポイント,このページでは、火災・消火・漏えい分野の「第三石油類の性質」を、試験に出る形で整理します。ひとことで言うと、重油は第三石油類の代表例である。ガソリンは第一石油類、灯油は第二石油類、ジエチルエーテルは特殊引火物、メタノールはアルコール類である。下の目次の順に読むと、定義から演習のポイントまでつながって理解できます。,"第三石油類の性質は、重油は第三石油類の代表例である。ガソリンは第一石油類、灯油は第二石油類、ジエチルエーテルは特殊引火物、メタノールはアルコール類である。

誤り。メタノールはアルコール類である。

誤り。灯油は第二石油類である。

誤り。ジエチルエーテルは特殊引火物である。

誤り。ガソリンは第一石油類である。

第一・第二・第三石油類を混同しない。

よくある誤りは、第一・第二・第三石油類を混同しない。

火災・消火・漏えいでは「アセトアルデヒド」「アセトン」など近い用語とセットで出題されます。定義・数値・主体の違いを表で対比し、第三石油類の性質だけの特徴を一言で言えるようにしてください。",定義を一文で説明できる。;適用する場面（製造・貯蔵・取扱・消火）を挙げられる。;関連する法令名を意識できる。,第一・第二・第三石油類を混同しない。,"「第三石油類の性質」は、火災・消火・漏えいの頻出語です。

整理のコツ：関連する「アセトアルデヒド」「アセトン」「アニリン」と、「同じ点・違う点」を表に書き出し、第三石油類の性質だけの特徴を一行で言えるようにします。

覚え方：間違えたら「第一・第二・第三石油類を混同しない」のパターンか確認し、同じ型の誤りが出た問題を2問だけ繰り返します。

復習のしかた：丸暗記より、選択肢の「誤り。」の理由を声に出して説明できるかを目標にします。",第三石油類に該当する代表例として、適切なものについて、「ジエチルエーテル」は正しい。,×。誤り。,第三石油類の性質とは何ですか？,第三石油類の性質は、重油は第三石油類の代表例である。 たとえば、第三石油類の性質は危険物の類別のひとつです。乙4では第4類（引火性液体）が中心ですが、誤り選択肢では他の類の例も出ます。 試験では、定義を一文で説明できる点を押さえると得点源になります。,第三石油類の性質は試験でどんなふうに問われますか？,定義を一文で説明できる。適用する場面（製造・貯蔵・取扱・消火）を挙げられる。関連する法令名を意識できる。,第三石油類の性質で間違えやすい点は？,第一・第二・第三石油類を混同しない。,第三石油類の性質と「アセトアルデヒド」「アセトン」の違いは？,「アセトアルデヒド」「アセトン」は意味や数値・適用場面が異なります。用語ページの比較表と演習で、第三石油類の性質だけのポイントを確認してください。
第二石油類,だいにせきゆるい,火災・消火・漏えい,火災・消火・漏えい;乙4;頻出;詳細記事;実践演習連動;一問一答連動,"第二石油類は、キシレンは第4類危険物の第二石油類に分類される代表的な物質である。

たとえば、第二石油類は危険物の類別のひとつです。乙4では第4類（引火性液体）が中心ですが、誤り選択肢では他の類の例も出ます。

試験では、酢酸は第二石油類、酢酸エチルは第一石油類点を押さえると得点源になります。",まず「第二石油類」は、キシレンは第4類危険物の第二石油類に分類される代表的な物質である。 酢酸は第4類危険物の第二石油類に分類される代表的な物質である。 火災・消火・漏えいでは「第二石油類」の文脈で繰り返し問われます。,第二石油類の性質;キシレン・酢酸などの第二石油類;キシレン,危険物の規制に関する政令,B,トルエンは第一石油類、キシレンは第二石油類として区別する。 酢酸エチルは第一石油類、酢酸は第二石油類として区別する。 第一石油類・第二石油類を混同しない。 誤り。第一石油類ではない。,第二石油類とは？危険物取扱者試験（乙種第4類）で押さえる意味・試験ポイント,このページでは、火災・消火・漏えい分野の「第二石油類」を、試験に出る形で整理します。ひとことで言うと、キシレンは第4類危険物の第二石油類に分類される代表的な物質である。下の目次の順に読むと、定義から演習のポイントまでつながって理解できます。,"第二石油類は、キシレンは第4類危険物の第二石油類に分類される代表的な物質である。 酢酸は第4類危険物の第二石油類に分類される代表的な物質である。

試験では、酢酸は第二石油類、酢酸エチルは第一石油類。また、酢酸は第二石油類・水溶性・2,000 L点も押さえます。

誤り。第一石油類ではない。

誤り。動植物油類ではない。

誤り。アルコール類ではない。

誤り。特殊引火物ではない。

トルエンは第一石油類、キシレンは第二石油類として区別する。

酢酸エチルは第一石油類、酢酸は第二石油類として区別する。

第一石油類・第二石油類を混同しない。

よくある誤りは、トルエンは第一石油類、キシレンは第二石油類として区別する。酢酸エチルは第一石油類、酢酸は第二石油類として区別する。第一石油類・第二石油類を混同しない。

火災・消火・漏えいでは「第二石油類の性質」「キシレン・酢酸などの第二石油類」など近い用語とセットで出題されます。定義・数値・主体の違いを表で対比し、第二石油類だけの特徴を一言で言えるようにしてください。

灯油と軽油は第二石油類の代表例である。

第二石油類の代表例には、灯油や軽油がある。

酢酸は第二石油類、酢酸エチルは第一石油類である。","酢酸は第二石油類、酢酸エチルは第一石油類。;酢酸は第二石油類・水溶性・2,000 L。",トルエンは第一石油類、キシレンは第二石油類として区別する。;酢酸エチルは第一石油類、酢酸は第二石油類として区別する。;第一石油類・第二石油類を混同しない。;似た芳香族化合物でも分類を混同しない。;ガソリンは第一石油類、灯油・軽油は第二石油類。,"「第二石油類」は、火災・消火・漏えいの頻出語です。

整理のコツ：関連する「第二石油類の性質」「キシレン・酢酸などの第二石油類」「キシレン」と、「同じ点・違う点」を表に書き出し、第二石油類だけの特徴を一行で言えるようにします。

覚え方：間違えたら「トルエンは第一石油類、キシレンは第二石油類として区別する」のパターンか確認し、同じ型の誤りが出た問題を2問だけ繰り返します。

復習のしかた：丸暗記より、選択肢の「誤り。」の理由を声に出して説明できるかを目標にします。",第二石油類の代表例の組合せについて、「灯油・軽油」は正しい。,○。正しい。,第二石油類とは何ですか？,第二石油類は、キシレンは第4類危険物の第二石油類に分類される代表的な物質である。 たとえば、第二石油類は危険物の類別のひとつです。乙4では第4類（引火性液体）が中心ですが、誤り選択肢では他の類の例も出ます。 試験では、酢酸は第二石油類、酢酸エチルは第一石油類点を押さえると得点源になります。,第二石油類は試験でどんなふうに問われますか？,"酢酸は第二石油類、酢酸エチルは第一石油類。酢酸は第二石油類・水溶性・2,000 L。",第二石油類で間違えやすい点は？,トルエンは第一石油類、キシレンは第二石油類として区別する。酢酸エチルは第一石油類、酢酸は第二石油類として区別する。,第二石油類と「第二石油類の性質」「キシレン・酢酸などの第二石油類」の違いは？,「第二石油類の性質」「キシレン・酢酸などの第二石油類」は意味や数値・適用場面が異なります。用語ページの比較表と演習で、第二石油類だけのポイントを確認してください。
第二石油類の性質,だいにせきゆるいのせいしつ,火災・消火・漏えい,火災・消火・漏えい;乙4;頻出;詳細記事;実践演習連動;一問一答連動,"第二石油類の性質は、灯油と軽油は第二石油類の代表例である。

たとえば、第二石油類の性質は危険物の類別のひとつです。乙4では第4類（引火性液体）が中心ですが、誤り選択肢では他の類の例も出ます。

試験では、定義を一文で説明できる点を押さえると得点源になります。",まず「第二石油類の性質」は、灯油と軽油は第二石油類の代表例である。 第二石油類の代表例には、灯油や軽油がある。 火災・消火・漏えいでは「第二石油類」の文脈で繰り返し問われます。,アセトアルデヒド;アセトン;アニリン,危険物の規制に関する政令,B,第一石油類・第二石油類を混同しない。 誤り。特殊引火物である。 誤り。重油・グリセリンは第三石油類である。 誤り。ガソリン・ベンゼンは第一石油類である。,第二石油類の性質とは？危険物取扱者試験（乙種第4類）で押さえる意味・試験ポイント,このページでは、火災・消火・漏えい分野の「第二石油類の性質」を、試験に出る形で整理します。ひとことで言うと、灯油と軽油は第二石油類の代表例である。下の目次の順に読むと、定義から演習のポイントまでつながって理解できます。,"第二石油類の性質は、灯油と軽油は第二石油類の代表例である。 第二石油類の代表例には、灯油や軽油がある。

誤り。特殊引火物である。

誤り。重油・グリセリンは第三石油類である。

誤り。ガソリン・ベンゼンは第一石油類である。

誤り。アルコール類である。

第一石油類・第二石油類を混同しない。

よくある誤りは、第一石油類・第二石油類を混同しない。

火災・消火・漏えいでは「アセトアルデヒド」「アセトン」など近い用語とセットで出題されます。定義・数値・主体の違いを表で対比し、第二石油類の性質だけの特徴を一言で言えるようにしてください。

灯油は第二石油類の非水溶性液体として整理される代表例である。

灯油と軽油はいずれも第二石油類である。",定義を一文で説明できる。;適用する場面（製造・貯蔵・取扱・消火）を挙げられる。;関連する法令名を意識できる。,第一石油類・第二石油類を混同しない。,"「第二石油類の性質」は、火災・消火・漏えいの頻出語です。

整理のコツ：関連する「アセトアルデヒド」「アセトン」「アニリン」と、「同じ点・違う点」を表に書き出し、第二石油類の性質だけの特徴を一行で言えるようにします。

覚え方：間違えたら「第一石油類・第二石油類を混同しない」のパターンか確認し、同じ型の誤りが出た問題を2問だけ繰り返します。

復習のしかた：丸暗記より、選択肢の「誤り。」の理由を声に出して説明できるかを目標にします。",第二石油類の代表例の組合せについて、「灯油・軽油」は正しい。,○。正しい。,第二石油類の性質とは何ですか？,第二石油類の性質は、灯油と軽油は第二石油類の代表例である。 たとえば、第二石油類の性質は危険物の類別のひとつです。乙4では第4類（引火性液体）が中心ですが、誤り選択肢では他の類の例も出ます。 試験では、定義を一文で説明できる点を押さえると得点源になります。,第二石油類の性質は試験でどんなふうに問われますか？,定義を一文で説明できる。適用する場面（製造・貯蔵・取扱・消火）を挙げられる。関連する法令名を意識できる。,第二石油類の性質で間違えやすい点は？,第一石油類・第二石油類を混同しない。,第二石油類の性質と「アセトアルデヒド」「アセトン」の違いは？,「アセトアルデヒド」「アセトン」は意味や数値・適用場面が異なります。用語ページの比較表と演習で、第二石油類の性質だけのポイントを確認してください。
第四石油類,だいよんせきゆるい,火災・消火・漏えい,火災・消火・漏えい;乙4;頻出;詳細記事;実践演習連動;一問一答連動,"第四石油類は、第四石油類には潤滑油類が含まれる。

たとえば、第四石油類は危険物の類別のひとつです。乙4では第4類（引火性液体）が中心ですが、誤り選択肢では他の類の例も出ます。

試験では、潤滑油は第四石油類・6,000 L点を押さえると得点源になります。",まず「第四石油類」は、第四石油類には潤滑油類が含まれる。ガソリンは第一石油類、ジエチルエーテルは特殊引火物、メタノールはアルコール類、灯油は第二石油類である。 潤滑油は第四石油類に当てはまる代表例である。 火災・消火・漏えいでは「第四石油類」の文脈で繰り返し問われます。,第四石油類・潤滑油類;潤滑油類,危険物の規制に関する政令,B,"第一〜第四石油類の代表例を整理する。 動植物油類10,000 Lと混同しない。 潤滑油は第四石油類・6,000 L。 誤り。メタノールはアルコール類である。",第四石油類とは？危険物取扱者試験（乙種第4類）で押さえる意味・試験ポイント,このページでは、火災・消火・漏えい分野の「第四石油類」を、試験に出る形で整理します。ひとことで言うと、第四石油類には潤滑油類が含まれる。ガソリンは第一石油類、ジエチルエーテルは特殊引火物、メタノールはアルコール類、灯油は第二石油類である。下の目次の順に読むと、定義から演習のポイントまでつながって理解できます。,"第四石油類は、第四石油類には潤滑油類が含まれる。ガソリンは第一石油類、ジエチルエーテルは特殊引火物、メタノールはアルコール類、灯油は第二石油類である。 潤滑油は第四石油類に当てはまる代表例である。

試験では、潤滑油は第四石油類・6,000 L点が問われます。

誤り。メタノールはアルコール類である。

誤り。ガソリンは第一石油類である。

誤り。灯油は第二石油類である。

誤り。ジエチルエーテルは特殊引火物である。

第一〜第四石油類の代表例を整理する。

動植物油類10,000 Lと混同しない。

潤滑油は第四石油類・6,000 L。

よくある誤りは、第一〜第四石油類の代表例を整理する。動植物油類10,000 Lと混同しない。動植物油類10,000 Lと区別する。

火災・消火・漏えいでは「第四石油類・潤滑油類」「潤滑油類」など近い用語とセットで出題されます。定義・数値・主体の違いを表で対比し、第四石油類だけの特徴を一言で言えるようにしてください。

第四石油類の指定数量は6,000 Lである。

潤滑油は第四石油類であり、指定数量は6,000 Lである。","潤滑油は第四石油類・6,000 L。","第一〜第四石油類の代表例を整理する。;動植物油類10,000 Lと混同しない。;動植物油類10,000 Lと区別する。","「第四石油類」は、火災・消火・漏えいの頻出語です。

整理のコツ：関連する「第四石油類・潤滑油類」「潤滑油類」と、「同じ点・違う点」を表に書き出し、第四石油類だけの特徴を一行で言えるようにします。

覚え方：間違えたら「第一〜第四石油類の代表例を整理する」のパターンか確認し、同じ型の誤りが出た問題を2問だけ繰り返します。

復習のしかた：丸暗記より、選択肢の「誤り。」の理由を声に出して説明できるかを目標にします。",第四石油類の代表例として、適切なものについて、「灯油」は正しい。,×。誤り。,第四石油類とは何ですか？,"第四石油類は、第四石油類には潤滑油類が含まれる。 たとえば、第四石油類は危険物の類別のひとつです。乙4では第4類（引火性液体）が中心ですが、誤り選択肢では他の類の例も出ます。 試験では、潤滑油は第四石油類・6,000 L点を押さえると得点源になります。",第四石油類は試験でどんなふうに問われますか？,"潤滑油は第四石油類・6,000 L。",第四石油類で間違えやすい点は？,"第一〜第四石油類の代表例を整理する。動植物油類10,000 Lと混同しない。",第四石油類と「第四石油類・潤滑油類」「潤滑油類」の違いは？,「第四石油類・潤滑油類」「潤滑油類」は意味や数値・適用場面が異なります。用語ページの比較表と演習で、第四石油類だけのポイントを確認してください。
第四石油類・潤滑油類,だいよんせきゆるい・じゅんかつゆるい,火災・消火・漏えい,火災・消火・漏えい;乙4;頻出;詳細記事;実践演習連動;一問一答連動,"第四石油類・潤滑油類は、第四石油類には潤滑油類が含まれる。

たとえば、第四石油類・潤滑油類は危険物の類別のひとつです。乙4では第4類（引火性液体）が中心ですが、誤り選択肢では他の類の例も出ます。

試験では、潤滑油は第四石油類・6,000 L点を押さえると得点源になります。",まず「第四石油類・潤滑油類」は、第四石油類には潤滑油類が含まれる。ガソリンは第一石油類、ジエチルエーテルは特殊引火物、メタノールはアルコール類、灯油は第二石油類である。 潤滑油は第四石油類に当てはまる代表例である。 火災・消火・漏えいでは「第四石油類」の文脈で繰り返し問われます。,アセトアルデヒド;アセトン;アニリン,危険物の規制に関する政令,B,"第一〜第四石油類の代表例を整理する。 動植物油類10,000 Lと混同しない。 潤滑油は第四石油類・6,000 L。 誤り。メタノールはアルコール類である。",第四石油類・潤滑油類とは？危険物取扱者試験（乙種第4類）で押さえる意味・試験ポイント,このページでは、火災・消火・漏えい分野の「第四石油類・潤滑油類」を、試験に出る形で整理します。ひとことで言うと、第四石油類には潤滑油類が含まれる。ガソリンは第一石油類、ジエチルエーテルは特殊引火物、メタノールはアルコール類、灯油は第二石油類である。下の目次の順に読むと、定義から演習のポイントまでつながって理解できます。,"第四石油類・潤滑油類は、第四石油類には潤滑油類が含まれる。ガソリンは第一石油類、ジエチルエーテルは特殊引火物、メタノールはアルコール類、灯油は第二石油類である。 潤滑油は第四石油類に当てはまる代表例である。

試験では、潤滑油は第四石油類・6,000 L点が問われます。

誤り。メタノールはアルコール類である。

誤り。ガソリンは第一石油類である。

誤り。灯油は第二石油類である。

誤り。ジエチルエーテルは特殊引火物である。

第一〜第四石油類の代表例を整理する。

動植物油類10,000 Lと混同しない。

潤滑油は第四石油類・6,000 L。

よくある誤りは、第一〜第四石油類の代表例を整理する。動植物油類10,000 Lと混同しない。動植物油類10,000 Lと区別する。

火災・消火・漏えいでは「アセトアルデヒド」「アセトン」など近い用語とセットで出題されます。定義・数値・主体の違いを表で対比し、第四石油類・潤滑油類だけの特徴を一言で言えるようにしてください。

第四石油類の指定数量は6,000 Lである。

潤滑油は第四石油類であり、指定数量は6,000 Lである。","潤滑油は第四石油類・6,000 L。","第一〜第四石油類の代表例を整理する。;動植物油類10,000 Lと混同しない。;動植物油類10,000 Lと区別する。","「第四石油類・潤滑油類」は、火災・消火・漏えいの頻出語です。

整理のコツ：関連する「アセトアルデヒド」「アセトン」「アニリン」と、「同じ点・違う点」を表に書き出し、第四石油類・潤滑油類だけの特徴を一行で言えるようにします。

覚え方：間違えたら「第一〜第四石油類の代表例を整理する」のパターンか確認し、同じ型の誤りが出た問題を2問だけ繰り返します。

復習のしかた：丸暗記より、選択肢の「誤り。」の理由を声に出して説明できるかを目標にします。",第四石油類の代表例として、適切なものについて、「灯油」は正しい。,×。誤り。,第四石油類・潤滑油類とは何ですか？,"第四石油類・潤滑油類は、第四石油類には潤滑油類が含まれる。 たとえば、第四石油類・潤滑油類は危険物の類別のひとつです。乙4では第4類（引火性液体）が中心ですが、誤り選択肢では他の類の例も出ます。 試験では、潤滑油は第四石油類・6,000 L点を押さえると得点源になります。",第四石油類・潤滑油類は試験でどんなふうに問われますか？,"潤滑油は第四石油類・6,000 L。",第四石油類・潤滑油類で間違えやすい点は？,"第一〜第四石油類の代表例を整理する。動植物油類10,000 Lと混同しない。",第四石油類・潤滑油類と「アセトアルデヒド」「アセトン」の違いは？,「アセトアルデヒド」「アセトン」は意味や数値・適用場面が異なります。用語ページの比較表と演習で、第四石油類・潤滑油類だけのポイントを確認してください。
簡易タンク貯蔵所の基準,かんいたんくちょぞうところのきじゅん,法令・制度,法令・制度;乙4;頻出;詳細記事;実践演習連動;一問一答連動,"簡易タンク貯蔵所の基準は、簡易タンク貯蔵所は、簡易タンクで危険物を貯蔵する貯蔵所の一種である。

たとえば、条文では「消防法で定める」「政令で定める」「施行令で定める」のように、どの法令に書かれているかを選ぶ問題がよく出ます。

試験では、定義を一文で説明できる点を押さえると得点源になります。",まず「簡易タンク貯蔵所の基準」は、簡易タンク貯蔵所は、簡易タンクで危険物を貯蔵する貯蔵所の一種である。 正しい。簡易タンク貯蔵所の説明である。 簡易タンク貯蔵所は、簡易タンクで危険物を貯蔵する貯蔵所の一種である。 法令・制度では「貯蔵所基準」の文脈で繰り返し問われます。,セルフ式給油取扱所の基準;一般取扱所の基準;丙種の違い,危険物の規制に関する政令,B,簡易タンク貯蔵所と給油取扱所を混同しない。 誤り。単位ではない。 誤り。移送取扱所の説明である。 誤り。試験区分ではない。,簡易タンク貯蔵所の基準とは？危険物取扱者試験（乙種第4類）で押さえる意味・試験ポイント,このページでは、法令・制度分野の「簡易タンク貯蔵所の基準」を、試験に出る形で整理します。ひとことで言うと、簡易タンク貯蔵所は、簡易タンクで危険物を貯蔵する貯蔵所の一種である。下の目次の順に読むと、定義から演習のポイントまでつながって理解できます。,"簡易タンク貯蔵所の基準は、簡易タンク貯蔵所は、簡易タンクで危険物を貯蔵する貯蔵所の一種である。

誤り。単位ではない。

誤り。移送取扱所の説明である。

誤り。試験区分ではない。

誤り。給油取扱所の説明である。

簡易タンク貯蔵所と給油取扱所を混同しない。

よくある誤りは、簡易タンク貯蔵所と給油取扱所を混同しない。

法令・制度では「セルフ式給油取扱所の基準」「一般取扱所の基準」など近い用語とセットで出題されます。定義・数値・主体の違いを表で対比し、簡易タンク貯蔵所の基準だけの特徴を一言で言えるようにしてください。",定義を一文で説明できる。;適用する場面（製造・貯蔵・取扱・消火）を挙げられる。;関連する法令名を意識できる。,簡易タンク貯蔵所と給油取扱所を混同しない。,"「簡易タンク貯蔵所の基準」は、法令・制度の頻出語です。

整理のコツ：関連する「セルフ式給油取扱所の基準」「一般取扱所の基準」「丙種の違い」と、「同じ点・違う点」を表に書き出し、簡易タンク貯蔵所の基準だけの特徴を一行で言えるようにします。

覚え方：間違えたら「簡易タンク貯蔵所と給油取扱所を混同しない」のパターンか確認し、同じ型の誤りが出た問題を2問だけ繰り返します。

復習のしかた：丸暗記より、選択肢の「誤り。」の理由を声に出して説明できるかを目標にします。",簡易タンク貯蔵所について、「簡易タンクで危険物を貯蔵する貯蔵所の一種である。」は正しい。,○。正しい。,簡易タンク貯蔵所の基準とは何ですか？,簡易タンク貯蔵所の基準は、簡易タンク貯蔵所は、簡易タンクで危険物を貯蔵する貯蔵所の一種である。 たとえば、条文では「消防法で定める」「政令で定める」「施行令で定める」のように、どの法令に書かれているかを選ぶ問題がよく出ます。 試験では、定義を一文で説明できる点を押さえると得点源になります。,簡易タンク貯蔵所の基準は試験でどんなふうに問われますか？,定義を一文で説明できる。適用する場面（製造・貯蔵・取扱・消火）を挙げられる。関連する法令名を意識できる。,簡易タンク貯蔵所の基準で間違えやすい点は？,簡易タンク貯蔵所と給油取扱所を混同しない。,簡易タンク貯蔵所の基準と「セルフ式給油取扱所の基準」「一般取扱所の基準」の違いは？,「セルフ式給油取扱所の基準」「一般取扱所の基準」は意味や数値・適用場面が異なります。用語ページの比較表と演習で、簡易タンク貯蔵所の基準だけのポイントを確認してください。
粉末消火,ふんまつしょうか,火災・消火・漏えい,火災・消火・漏えい;乙4;頻出;詳細記事;実践演習連動;一問一答連動,"粉末消火は、粉末消火剤は、燃焼反応の抑制などにより消火に用いられる。

たとえば、危険物の性質（水溶性か、蒸気がたまりやすいか）に合った消火・漏えい対策かどうかが、正誤の判断ポイントになります。

試験では、第4類火災では泡・二酸化炭素・粉末が重要点を押さえると得点源になります。",まず「粉末消火」は、粉末消火剤は、燃焼反応の抑制などにより消火に用いられる。 二酸化炭素消火剤は、酸素濃度を下げる窒息効果により消火する。 火災・消火・漏えいでは「消火方法」の文脈で繰り返し問われます。,消火方法;泡・二酸化炭素・粉末消火剤の適用;二酸化炭素,,B,第4類火災では泡・二酸化炭素・粉末が重要。 第4類火災では蒸気と空気接触を抑える。 誤り。酸素は燃焼を助ける。 誤り。ガソリンは燃料である。,粉末消火とは？危険物取扱者試験（乙種第4類）で押さえる意味・試験ポイント,このページでは、火災・消火・漏えい分野の「粉末消火」を、試験に出る形で整理します。ひとことで言うと、粉末消火剤は、燃焼反応の抑制などにより消火に用いられる。下の目次の順に読むと、定義から演習のポイントまでつながって理解できます。,"粉末消火は、粉末消火剤は、燃焼反応の抑制などにより消火に用いられる。 第4類危険物火災では、泡消火剤、二酸化炭素消火剤、粉末消火剤などが用いられる。酸素や火花、可燃性蒸気は危険を高める。

試験では、第4類火災では泡・二酸化炭素・粉末が重要点が問われます。

誤り。酸素は燃焼を助ける。

誤り。ガソリンは燃料である。

誤り。火花は着火源である。

誤り。可燃性蒸気は引火危険を高める。

第4類火災では泡・二酸化炭素・粉末が重要。

第4類火災では蒸気と空気接触を抑える。

よくある誤りは、第4類火災では蒸気と空気接触を抑える。

火災・消火・漏えいでは「消火方法」「泡・二酸化炭素・粉末消火剤の適用」など近い用語とセットで出題されます。定義・数値・主体の違いを表で対比し、粉末消火だけの特徴を一言で言えるようにしてください。

二酸化炭素消火剤は、酸素濃度を下げる窒息効果により消火する。

泡消火剤は液面を覆い、可燃性蒸気の発生や空気との接触を抑えることで消火に役立つ。",第4類火災では泡・二酸化炭素・粉末が重要。,第4類火災では蒸気と空気接触を抑える。,"「粉末消火」は、火災・消火・漏えいの頻出語です。

整理のコツ：関連する「消火方法」「泡・二酸化炭素・粉末消火剤の適用」「二酸化炭素」と、「同じ点・違う点」を表に書き出し、粉末消火だけの特徴を一行で言えるようにします。

覚え方：間違えたら「第4類火災では蒸気と空気接触を抑える」のパターンか確認し、同じ型の誤りが出た問題を2問だけ繰り返します。

復習のしかた：丸暗記より、選択肢の「誤り。」の理由を声に出して説明できるかを目標にします。",泡消火剤の主な作用について、「液面を覆い、可燃性蒸気の発生や空気との接触を抑える。」は正しい。,○。正しい。,粉末消火とは何ですか？,粉末消火は、粉末消火剤は、燃焼反応の抑制などにより消火に用いられる。 たとえば、危険物の性質（水溶性か、蒸気がたまりやすいか）に合った消火・漏えい対策かどうかが、正誤の判断ポイントになります。 試験では、第4類火災では泡・二酸化炭素・粉末が重要点を押さえると得点源になります。,粉末消火は試験でどんなふうに問われますか？,第4類火災では泡・二酸化炭素・粉末が重要。,粉末消火で間違えやすい点は？,第4類火災では蒸気と空気接触を抑える。,粉末消火と「消火方法」「泡・二酸化炭素・粉末消火剤の適用」の違いは？,「消火方法」「泡・二酸化炭素・粉末消火剤の適用」は意味や数値・適用場面が異なります。用語ページの比較表と演習で、粉末消火だけのポイントを確認してください。
粉末消火剤の基本作用,ふんまつしょうかざいのきほんさよう,物性・化学,物性・化学;乙4;頻出;詳細記事;実践演習連動;一問一答連動,"粉末消火剤の基本作用は、泡消火剤は液面を覆い、可燃性蒸気の発生や空気との接触を抑えることで消火に役立つ。

たとえば、危険物の性質（水溶性か、蒸気がたまりやすいか）に合った消火・漏えい対策かどうかが、正誤の判断ポイントになります。

試験では、定義を一文で説明できる点を押さえると得点源になります。",まず「粉末消火剤の基本作用」は、泡消火剤は液面を覆い、可燃性蒸気の発生や空気との接触を抑えることで消火に役立つ。 正しい。泡消火の主な作用である。 泡消火剤は液面を覆い、可燃性蒸気の発生や空気との接触を抑えることで消火に役立つ。 物性・化学では「消火」の文脈で繰り返し問われます。,泡・二酸化炭素・粉末消火剤の基本作用;消火;二酸化炭素,,B,誤り。水に溶かすことが目的ではない。 誤り。かき混ぜると危険である。 誤り。酸素供給は燃焼を助ける。,粉末消火剤の基本作用とは？危険物取扱者試験（乙種第4類）で押さえる意味・試験ポイント,このページでは、物性・化学分野の「粉末消火剤の基本作用」を、試験に出る形で整理します。ひとことで言うと、泡消火剤は液面を覆い、可燃性蒸気の発生や空気との接触を抑えることで消火に役立つ。下の目次の順に読むと、定義から演習のポイントまでつながって理解できます。,"粉末消火剤の基本作用は、泡消火剤は液面を覆い、可燃性蒸気の発生や空気との接触を抑えることで消火に役立つ。

誤り。水に溶かすことが目的ではない。

誤り。かき混ぜると危険である。

誤り。酸素供給は燃焼を助ける。

誤り。指定数量を変えない。

物性・化学では「泡・二酸化炭素・粉末消火剤の基本作用」「消火」など近い用語とセットで出題されます。定義・数値・主体の違いを表で対比し、粉末消火剤の基本作用だけの特徴を一言で言えるようにしてください。",定義を一文で説明できる。;適用する場面（製造・貯蔵・取扱・消火）を挙げられる。;関連する法令名を意識できる。,類似語と混同する。;数字や条件を取り違える。;すべての危険物に当てはめる。,"「粉末消火剤の基本作用」は、物性・化学の頻出語です。

整理のコツ：関連する「泡・二酸化炭素・粉末消火剤の基本作用」「消火」「二酸化炭素」と、「同じ点・違う点」を表に書き出し、粉末消火剤の基本作用だけの特徴を一行で言えるようにします。

覚え方：間違えたら「類似語と混同する」のパターンか確認し、同じ型の誤りが出た問題を2問だけ繰り返します。

復習のしかた：丸暗記より、選択肢の「誤り。」の理由を声に出して説明できるかを目標にします。",泡消火剤の主な作用について、「液面を覆い、可燃性蒸気の発生や空気との接触を抑える。」は正しい。,○。正しい。,粉末消火剤の基本作用とは何ですか？,粉末消火剤の基本作用は、泡消火剤は液面を覆い、可燃性蒸気の発生や空気との接触を抑えることで消火に役立つ。 たとえば、危険物の性質（水溶性か、蒸気がたまりやすいか）に合った消火・漏えい対策かどうかが、正誤の判断ポイントになります。 試験では、定義を一文で説明できる点を押さえると得点源になります。,粉末消火剤の基本作用は試験でどんなふうに問われますか？,定義を一文で説明できる。適用する場面（製造・貯蔵・取扱・消火）を挙げられる。関連する法令名を意識できる。,粉末消火剤の基本作用で間違えやすい点は？,類似語と混同する。数字や条件を取り違える。,粉末消火剤の基本作用と「泡・二酸化炭素・粉末消火剤の基本作用」「消火」の違いは？,「泡・二酸化炭素・粉末消火剤の基本作用」「消火」は意味や数値・適用場面が異なります。用語ページの比較表と演習で、粉末消火剤の基本作用だけのポイントを確認してください。
粉末消火剤の適用,ふんまつしょうかざいのてきよう,火災・消火・漏えい,火災・消火・漏えい;乙4;頻出;詳細記事;実践演習連動;一問一答連動,"粉末消火剤の適用は、第4類危険物火災では、泡消火剤、二酸化炭素消火剤、粉末消火剤などが用いられる。

たとえば、危険物の性質（水溶性か、蒸気がたまりやすいか）に合った消火・漏えい対策かどうかが、正誤の判断ポイントになります。

試験では、第4類火災では泡・二酸化炭素・粉末が重要点を押さえると得点源になります。",まず「粉末消火剤の適用」は、第4類危険物火災では、泡消火剤、二酸化炭素消火剤、粉末消火剤などが用いられる。酸素や火花、可燃性蒸気は危険を高める。 二酸化炭素消火剤は、酸素濃度を下げる窒息効果により消火する。 火災・消火・漏えいでは「消火方法」の文脈で繰り返し問われます。,消火方法;泡・二酸化炭素・粉末消火剤の適用;二酸化炭素,,B,第4類火災では泡・二酸化炭素・粉末が重要。 第4類火災では蒸気と空気接触を抑える。 誤り。酸素は燃焼を助ける。 誤り。ガソリンは燃料である。,粉末消火剤の適用とは？危険物取扱者試験（乙種第4類）で押さえる意味・試験ポイント,このページでは、火災・消火・漏えい分野の「粉末消火剤の適用」を、試験に出る形で整理します。ひとことで言うと、第4類危険物火災では、泡消火剤、二酸化炭素消火剤、粉末消火剤などが用いられる。酸素や火花、可燃性蒸気は危険を高める。下の目次の順に読むと、定義から演習のポイントまでつながって理解できます。,"粉末消火剤の適用は、第4類危険物火災では、泡消火剤、二酸化炭素消火剤、粉末消火剤などが用いられる。酸素や火花、可燃性蒸気は危険を高める。 二酸化炭素消火剤は、酸素濃度を下げる窒息効果により消火する。

試験では、第4類火災では泡・二酸化炭素・粉末が重要点が問われます。

誤り。酸素は燃焼を助ける。

誤り。ガソリンは燃料である。

誤り。火花は着火源である。

誤り。可燃性蒸気は引火危険を高める。

第4類火災では泡・二酸化炭素・粉末が重要。

第4類火災では蒸気と空気接触を抑える。

よくある誤りは、第4類火災では蒸気と空気接触を抑える。

火災・消火・漏えいでは「消火方法」「泡・二酸化炭素・粉末消火剤の適用」など近い用語とセットで出題されます。定義・数値・主体の違いを表で対比し、粉末消火剤の適用だけの特徴を一言で言えるようにしてください。

粉末消火剤は、燃焼反応の抑制などにより消火に用いられる。

泡消火剤は液面を覆い、可燃性蒸気の発生や空気との接触を抑える。",第4類火災では泡・二酸化炭素・粉末が重要。,第4類火災では蒸気と空気接触を抑える。,"「粉末消火剤の適用」は、火災・消火・漏えいの頻出語です。

整理のコツ：関連する「消火方法」「泡・二酸化炭素・粉末消火剤の適用」「二酸化炭素」と、「同じ点・違う点」を表に書き出し、粉末消火剤の適用だけの特徴を一行で言えるようにします。

覚え方：間違えたら「第4類火災では蒸気と空気接触を抑える」のパターンか確認し、同じ型の誤りが出た問題を2問だけ繰り返します。

復習のしかた：丸暗記より、選択肢の「誤り。」の理由を声に出して説明できるかを目標にします。",第4類危険物火災に用いられる消火剤として、一般に適切なものについて、「ガソリン」は正しい。,×。誤り。,粉末消火剤の適用とは何ですか？,粉末消火剤の適用は、第4類危険物火災では、泡消火剤、二酸化炭素消火剤、粉末消火剤などが用いられる。 たとえば、危険物の性質（水溶性か、蒸気がたまりやすいか）に合った消火・漏えい対策かどうかが、正誤の判断ポイントになります。 試験では、第4類火災では泡・二酸化炭素・粉末が重要点を押さえると得点源になります。,粉末消火剤の適用は試験でどんなふうに問われますか？,第4類火災では泡・二酸化炭素・粉末が重要。,粉末消火剤の適用で間違えやすい点は？,第4類火災では蒸気と空気接触を抑える。,粉末消火剤の適用と「消火方法」「泡・二酸化炭素・粉末消火剤の適用」の違いは？,「消火方法」「泡・二酸化炭素・粉末消火剤の適用」は意味や数値・適用場面が異なります。用語ページの比較表と演習で、粉末消火剤の適用だけのポイントを確認してください。
給油取扱所の基準,きゅうゆとりあつかいところのきじゅん,法令・制度,法令・制度;乙4;頻出;詳細記事;実践演習連動;一問一答連動,"給油取扱所の基準は、給油取扱所は、自動車等へ給油するための取扱所であり、貯蔵所や免状交付機関ではない。

たとえば、条文では「消防法で定める」「政令で定める」「施行令で定める」のように、どの法令に書かれているかを選ぶ問題がよく出ます。

試験では、給油取扱所では火気・漏えい・静電気に注意点を押さえると得点源になります。",まず「給油取扱所の基準」は、給油取扱所は、自動車等へ給油するための取扱所であり、貯蔵所や免状交付機関ではない。 給油取扱所ではガソリン等の第4類危険物を扱うため、火気管理、漏えい防止、静電気対策が重要である。 法令・制度では「取扱所基準」の文脈で繰り返し問われます。,セルフ式給油取扱所の基準;一般取扱所の基準;丙種の違い,危険物の規制に関する政令,B,給油取扱所と移動タンク貯蔵所を混同しない。 給油取扱所では火気・漏えい・静電気に注意。 給油取扱所はガソリンスタンドのイメージ。 誤り。免状交付機関ではない。,給油取扱所の基準とは？危険物取扱者試験（乙種第4類）で押さえる意味・試験ポイント,このページでは、法令・制度分野の「給油取扱所の基準」を、試験に出る形で整理します。ひとことで言うと、給油取扱所は、自動車等へ給油するための取扱所であり、貯蔵所や免状交付機関ではない。下の目次の順に読むと、定義から演習のポイントまでつながって理解できます。,"給油取扱所の基準は、給油取扱所は、自動車等へ給油するための取扱所であり、貯蔵所や免状交付機関ではない。 給油取扱所ではガソリン等の第4類危険物を扱うため、火気管理、漏えい防止、静電気対策が重要である。

試験では、給油取扱所では火気・漏えい・静電気に注意。また、給油取扱所はガソリンスタンドのイメージ点も押さえます。

誤り。免状交付機関ではない。

誤り。屋内貯蔵所の説明である。

誤り。移動タンク貯蔵所の説明である。

誤り。移送取扱所の説明に近いが、貯蔵所ではない。

給油取扱所と移動タンク貯蔵所を混同しない。

給油取扱所では火気・漏えい・静電気に注意。

給油取扱所はガソリンスタンドのイメージ。

よくある誤りは、給油取扱所と移動タンク貯蔵所を混同しない。

法令・制度では「セルフ式給油取扱所の基準」「一般取扱所の基準」など近い用語とセットで出題されます。定義・数値・主体の違いを表で対比し、給油取扱所の基準だけの特徴を一言で言えるようにしてください。

給油取扱所の代表的なイメージはガソリンスタンドである。

給油取扱所ではガソリン等の可燃性蒸気が発生するおそれがあり、喫煙などの火気は点火源となるため危険である。",給油取扱所では火気・漏えい・静電気に注意。;給油取扱所はガソリンスタンドのイメージ。,給油取扱所と移動タンク貯蔵所を混同しない。,"「給油取扱所の基準」は、法令・制度の頻出語です。

整理のコツ：関連する「セルフ式給油取扱所の基準」「一般取扱所の基準」「丙種の違い」と、「同じ点・違う点」を表に書き出し、給油取扱所の基準だけの特徴を一行で言えるようにします。

覚え方：間違えたら「給油取扱所と移動タンク貯蔵所を混同しない」のパターンか確認し、同じ型の誤りが出た問題を2問だけ繰り返します。

復習のしかた：丸暗記より、選択肢の「誤り。」の理由を声に出して説明できるかを目標にします。",給油取扱所について、「危険物取扱者免状を交付する行政機関である。」は正しい。,×。誤り。,給油取扱所の基準とは何ですか？,給油取扱所の基準は、給油取扱所は、自動車等へ給油するための取扱所であり、貯蔵所や免状交付機関ではない。 たとえば、条文では「消防法で定める」「政令で定める」「施行令で定める」のように、どの法令に書かれているかを選ぶ問題がよく出ます。 試験では、給油取扱所では火気・漏えい・静電気に注意点を押さえると得点源になります。,給油取扱所の基準は試験でどんなふうに問われますか？,給油取扱所では火気・漏えい・静電気に注意。給油取扱所はガソリンスタンドのイメージ。,給油取扱所の基準で間違えやすい点は？,給油取扱所と移動タンク貯蔵所を混同しない。,給油取扱所の基準と「セルフ式給油取扱所の基準」「一般取扱所の基準」の違いは？,「セルフ式給油取扱所の基準」「一般取扱所の基準」は意味や数値・適用場面が異なります。用語ページの比較表と演習で、給油取扱所の基準だけのポイントを確認してください。
総合問題,そうごうもんだい,法令・制度,法令・制度;乙4;頻出;詳細記事;実践演習連動;一問一答連動,"総合問題は、指定数量、製造所等、危険物取扱者制度はいずれも危険物の安全な取扱い、貯蔵、管理に関係する法令上の重要論点である。

たとえば、ガソリン（非水溶性）は200 L、アセトン（水溶性）は400 Lのように、品名ごとに数値が決まります。

試験では、法令分野は指定数量・施設・資格制度を関連づけて理解する点を押さえると得点源になります。",まず「総合問題」は、指定数量、製造所等、危険物取扱者制度はいずれも危険物の安全な取扱い、貯蔵、管理に関係する法令上の重要論点である。 製造所等は、製造所、貯蔵所、取扱所の総称である。給油取扱所は取扱所、屋外タンク貯蔵所は貯蔵所である。 法令・制度では「総合問題」の文脈で繰り返し問われます。,法令分野の複合・ひっかけ問題;性消分野の複合問題;法令分野の複合,消防法,B,法令分野は指定数量・施設・資格制度を関連づけて理解する。 乙4免状で全類を扱えるわけではない。 貯蔵所と取扱所の代表例を混同しない。 誤り。標識や掲示板は設置が必要です場合がある。,総合問題とは？危険物取扱者試験（乙種第4類）で押さえる意味・試験ポイント,このページでは、法令・制度分野の「総合問題」を、試験に出る形で整理します。ひとことで言うと、指定数量、製造所等、危険物取扱者制度はいずれも危険物の安全な取扱い、貯蔵、管理に関係する法令上の重要論点である。下の目次の順に読むと、定義から演習のポイントまでつながって理解できます。,"総合問題は、指定数量、製造所等、危険物取扱者制度はいずれも危険物の安全な取扱い、貯蔵、管理に関係する法令上の重要論点である。 製造所等は、製造所、貯蔵所、取扱所の総称である。給油取扱所は取扱所、屋外タンク貯蔵所は貯蔵所である。

試験では、法令分野は指定数量・施設・資格制度を関連づけて理解する。施設許可・資格・指定数量を分けて理解する。第4類は蒸気・火気・静電気・消火方法を一体で理解する。また、施設の制度と人の資格制度を区別する点も押さえます。

誤り。標識や掲示板は設置が必要です場合がある。

誤り。製造所等は製造所・貯蔵所・取扱所を指します。

誤り。乙4は第4類危険物が対象である。

誤り。指定数量は危険物の危険性を判断する基準数量である。

法令分野は指定数量・施設・資格制度を関連づけて理解する。

乙4免状で全類を扱えるわけではない。

貯蔵所と取扱所の代表例を混同しない。

よくある誤りは、乙4免状で全類を扱えるわけではない。貯蔵所と取扱所の代表例を混同しない。『誤っているもの』を選ぶ問題では問い方を確認する。

法令・制度では「法令分野の複合・ひっかけ問題」「性消分野の複合問題」など近い用語とセットで出題されます。定義・数値・主体の違いを表で対比し、総合問題だけの特徴を一言で言えるようにしてください。

第4類危険物は引火性液体であり、可燃性蒸気の発生、火気、静電気、換気などに注意が必要である。

乙種第4類免状で取り扱えるのは第4類危険物であり、すべての類の危険物を取り扱えるわけではない。

誤り。標識や掲示板は設置が必要です場合がある。

誤り。製造所等は製造所・貯蔵所・取扱所を指します。",法令分野は指定数量・施設・資格制度を関連づけて理解する。;施設許可・資格・指定数量を分けて理解する。;第4類は蒸気・火気・静電気・消火方法を一体で理解する。;施設の制度と人の資格制度を区別する。;液比重は水基準、蒸気比重は空気基準。;分類・代表物質・指定数量・水溶性をセットで覚える。;性消は分類・性質・消火方法を関連づける。,乙4免状で全類を扱えるわけではない。;貯蔵所と取扱所の代表例を混同しない。;『誤っているもの』を選ぶ問題では問い方を確認する。;免状があれば施設許可不要、という誤解に注意。;免状があれば施設許可が不要になる、とは考えない。,"「総合問題」は、法令・制度の頻出語です。

整理のコツ：関連する「法令分野の複合・ひっかけ問題」「性消分野の複合問題」「法令分野の複合」と、「同じ点・違う点」を表に書き出し、総合問題だけの特徴を一行で言えるようにします。

覚え方：間違えたら「乙4免状で全類を扱えるわけではない」のパターンか確認し、同じ型の誤りが出た問題を2問だけ繰り返します。

復習のしかた：丸暗記より、選択肢の「誤り。」の理由を声に出して説明できるかを目標にします。",危険物に関する法令の説明として、最も適切なものについて、「指定数量、製造所等、危険物取扱者制度は、いずれも危険物の安全な取扱いに関係する。」は正しい。,○。正しい。,総合問題とは何ですか？,総合問題は、指定数量、製造所等、危険物取扱者制度はいずれも危険物の安全な取扱い、貯蔵、管理に関係する法令上の重要論点である。 たとえば、ガソリン（非水溶性）は200 L、アセトン（水溶性）は400 Lのように、品名ごとに数値が決まります。 試験では、法令分野は指定数量・施設・資格制度を関連づけて理解する点を押さえると得点源になります。,総合問題は試験でどんなふうに問われますか？,法令分野は指定数量・施設・資格制度を関連づけて理解する。施設許可・資格・指定数量を分けて理解する。第4類は蒸気・火気・静電気・消火方法を一体で理解する。,総合問題で間違えやすい点は？,乙4免状で全類を扱えるわけではない。貯蔵所と取扱所の代表例を混同しない。,総合問題と「法令分野の複合・ひっかけ問題」「性消分野の複合問題」の違いは？,「法令分野の複合・ひっかけ問題」「性消分野の複合問題」は意味や数値・適用場面が異なります。用語ページの比較表と演習で、総合問題だけのポイントを確認してください。
耐アルコール泡,たいあるこーるあわ,火災・消火・漏えい,火災・消火・漏えい;乙4;頻出;詳細記事;実践演習連動;一問一答連動,"耐アルコール泡は、アルコール類は水溶性液体であり、泡消火では通常の泡が破壊されやすいため、耐アルコール泡などの適用を考慮する。

たとえば、危険物の性質（水溶性か、蒸気がたまりやすいか）に合った消火・漏えい対策かどうかが、正誤の判断ポイントになります。

試験では、非水溶性の第4類火災では泡消火が重要点を押さえると得点源になります。",まず「耐アルコール泡」は、アルコール類は水溶性液体であり、泡消火では通常の泡が破壊されやすいため、耐アルコール泡などの適用を考慮する。 火災・消火・漏えいでは「火災予防」の文脈で繰り返し問われます。,物質別の火災予防;火災予防;物質別の消火方法,,B,非水溶性の第4類火災では泡消火が重要。 水溶性液体では耐アルコール泡などの区別が必要になる。 水溶性液体火災では耐アルコール泡を意識する。 誤り。可燃性蒸気がある場所で火気を使用するのは危険である。,耐アルコール泡とは？危険物取扱者試験（乙種第4類）で押さえる意味・試験ポイント,火災・消火・漏えい分野の「耐アルコール泡」は、アルコール類は水溶性液体であり、泡消火では通常の泡が破壊されやすいため、耐アルコール泡などの適用を考慮する。試験では定義の言い換えと数値・主体の区別がセットで問われます。,"耐アルコール泡は、アルコール類は水溶性液体であり、泡消火では通常の泡が破壊されやすいため、耐アルコール泡などの適用を考慮する。 非水溶性の第4類危険物火災では、泡で液面を覆い、可燃性蒸気の発生と酸素供給を抑える方法が有効である。流出拡大や火気使用は危険である。

試験では、非水溶性の第4類火災では泡消火が重要。水溶性液体火災では耐アルコール泡を意識する。また、アルコール火災では耐アルコール泡を意識する点も押さえます。

誤り。可燃性蒸気がある場所で火気を使用するのは危険である。

誤り。液面をかき混ぜると燃焼や流出を拡大するおそれがある。

誤り。可燃性蒸気をためることは危険である。

誤り。下水へ流すと火災や環境汚染の危険がある。

非水溶性の第4類火災では泡消火が重要。

水溶性液体では耐アルコール泡などの区別が必要になる。

水溶性液体火災では耐アルコール泡を意識する。

よくある誤りは、水溶性液体では耐アルコール泡などの区別が必要になる。水溶性＝消火しやすい、とは限らない。

火災・消火・漏えいでは「物質別の火災予防」「火災予防」など近い用語とセットで出題されます。定義・数値・主体の違いを表で対比し、耐アルコール泡だけの特徴を一言で言えるようにしてください。",非水溶性の第4類火災では泡消火が重要。;水溶性液体火災では耐アルコール泡を意識する。;アルコール火災では耐アルコール泡を意識する。,水溶性液体では耐アルコール泡などの区別が必要になる。;水溶性＝消火しやすい、とは限らない。,"「耐アルコール泡」は、火災・消火・漏えいの頻出語です。

整理のコツ：関連する「物質別の火災予防」「火災予防」「物質別の消火方法」と、「同じ点・違う点」を表に書き出し、耐アルコール泡だけの特徴を一行で言えるようにします。

覚え方：間違えたら「水溶性液体では耐アルコール泡などの区別が必要になる」のパターンか確認し、同じ型の誤りが出た問題を2問だけ繰り返します。

復習のしかた：丸暗記より、選択肢の「誤り。」の理由を声に出して説明できるかを目標にします。",エタノール火災の消火で、泡消火を考える際に注意すべきものについて、「酸素の大量供給」は正しい。,×。誤り。,耐アルコール泡とは何ですか？,耐アルコール泡は、アルコール類は水溶性液体であり、泡消火では通常の泡が破壊されやすいため、耐アルコール泡などの適用を考慮する。 たとえば、危険物の性質（水溶性か、蒸気がたまりやすいか）に合った消火・漏えい対策かどうかが、正誤の判断ポイントになります。 試験では、非水溶性の第4類火災では泡消火が重要点を押さえると得点源になります。,耐アルコール泡は試験でどんなふうに問われますか？,非水溶性の第4類火災では泡消火が重要。水溶性液体火災では耐アルコール泡を意識する。アルコール火災では耐アルコール泡を意識する。,耐アルコール泡で間違えやすい点は？,水溶性液体では耐アルコール泡などの区別が必要になる。水溶性＝消火しやすい、とは限らない。,耐アルコール泡と「物質別の火災予防」「火災予防」の違いは？,「物質別の火災予防」「火災予防」は意味や数値・適用場面が異なります。用語ページの比較表と演習で、耐アルコール泡だけのポイントを確認してください。
自己反応性物質,じこはんのうせいぶっしつ,物性・化学,物性・化学;乙4;頻出;詳細記事;実践演習連動;一問一答連動,"自己反応性物質は、第1類は酸化性固体、第2類は可燃性固体、第5類は自己反応性物質、第6類は酸化性液体である。

たとえば、引火点・沸点・密度など、数字と単位をセットで覚えると、選択肢の数値の当たり外れを見分けやすくなります。

試験では、定義を一文で説明できる点を押さえると得点源になります。",まず「自己反応性物質」は、第1類は酸化性固体、第2類は可燃性固体、第5類は自己反応性物質、第6類は酸化性液体である。 正しい。第4類は引火性液体である。 第4類危険物は引火性液体である。第1類は酸化性固体、第2類は可燃性固体、第5類は自己反応性物質、第6類は酸化性液体である。 物性・化学では「分類比較」の文脈で繰り返し問われます。,危険物各類の共通性状と第4類の位置づけ;分類比較,,B,誤り。第1類は酸化性固体である。 誤り。第5類は自己反応性物質である。 誤り。第6類は酸化性液体である。,自己反応性物質とは？危険物取扱者試験（乙種第4類）で押さえる意味・試験ポイント,物性・化学分野の「自己反応性物質」は、第1類は酸化性固体、第2類は可燃性固体、第5類は自己反応性物質、第6類は酸化性液体である。試験では定義の言い換えと数値・主体の区別がセットで問われます。,"自己反応性物質は、第1類は酸化性固体、第2類は可燃性固体、第5類は自己反応性物質、第6類は酸化性液体である。 第4類危険物は引火性液体である。第1類は酸化性固体、第2類は可燃性固体、第5類は自己反応性物質、第6類は酸化性液体である。

誤り。第1類は酸化性固体である。

誤り。第5類は自己反応性物質である。

誤り。第6類は酸化性液体である。

誤り。第2類は可燃性固体である。

物性・化学では「危険物各類の共通性状と第4類の位置づけ」「分類比較」など近い用語とセットで出題されます。定義・数値・主体の違いを表で対比し、自己反応性物質だけの特徴を一言で言えるようにしてください。",定義を一文で説明できる。;適用する場面（製造・貯蔵・取扱・消火）を挙げられる。;関連する法令名を意識できる。,類似語と混同する。;数字や条件を取り違える。;すべての危険物に当てはめる。,"「自己反応性物質」は、物性・化学の頻出語です。

整理のコツ：関連する「危険物各類の共通性状と第4類の位置づけ」「分類比較」と、「同じ点・違う点」を表に書き出し、自己反応性物質だけの特徴を一行で言えるようにします。

覚え方：間違えたら「類似語と混同する」のパターンか確認し、同じ型の誤りが出た問題を2問だけ繰り返します。

復習のしかた：丸暗記より、選択肢の「誤り。」の理由を声に出して説明できるかを目標にします。",危険物の類別と性状の組合せについて、「第4類 — 引火性液体」は正しい。,○。正しい。,自己反応性物質とは何ですか？,自己反応性物質は、第1類は酸化性固体、第2類は可燃性固体、第5類は自己反応性物質、第6類は酸化性液体である。 たとえば、引火点・沸点・密度など、数字と単位をセットで覚えると、選択肢の数値の当たり外れを見分けやすくなります。 試験では、定義を一文で説明できる点を押さえると得点源になります。,自己反応性物質は試験でどんなふうに問われますか？,定義を一文で説明できる。適用する場面（製造・貯蔵・取扱・消火）を挙げられる。関連する法令名を意識できる。,自己反応性物質で間違えやすい点は？,類似語と混同する。数字や条件を取り違える。,自己反応性物質と「危険物各類の共通性状と第4類の位置づけ」「分類比較」の違いは？,「危険物各類の共通性状と第4類の位置づけ」「分類比較」は意味や数値・適用場面が異なります。用語ページの比較表と演習で、自己反応性物質だけのポイントを確認してください。
自然発火,しぜんはっか,火災・消火・漏えい,火災・消火・漏えい;乙4;頻出;詳細記事;実践演習連動;一問一答連動,"自然発火は、動植物油類では、油を含んだ布などが酸化により発熱し、蓄熱して自然発火する危険がある。

たとえば、危険物の性質（水溶性か、蒸気がたまりやすいか）に合った消火・漏えい対策かどうかが、正誤の判断ポイントになります。

試験では、定義を一文で説明できる点を押さえると得点源になります。",まず「自然発火」は、動植物油類では、油を含んだ布などが酸化により発熱し、蓄熱して自然発火する危険がある。 乾性油を含んだ布などは、酸化熱が蓄積して自然発火する危険があるため、管理に注意が必要である。 火災・消火・漏えいでは「動植物油類」の文脈で繰り返し問われます。,動植物油類;乾性油・自然発火;乾性油,,B,動植物油類を安全な食用品とだけ考えない。 火気がなくても自然発火の危険がある。 誤り。動植物油類であり、特殊引火物ではない。 誤り。火災予防上の管理が必要である。,自然発火とは？危険物取扱者試験（乙種第4類）で押さえる意味・試験ポイント,このページでは、火災・消火・漏えい分野の「自然発火」を、試験に出る形で整理します。ひとことで言うと、動植物油類では、油を含んだ布などが酸化により発熱し、蓄熱して自然発火する危険がある。下の目次の順に読むと、定義から演習のポイントまでつながって理解できます。,"自然発火は、動植物油類では、油を含んだ布などが酸化により発熱し、蓄熱して自然発火する危険がある。 乾性油を含んだ布などは、酸化熱が蓄積して自然発火する危険があるため、管理に注意が必要である。

誤り。動植物油類であり、特殊引火物ではない。

誤り。火災予防上の管理が必要である。

誤り。酸素を放出する危険物ではない。

誤り。乾性油は自然発火の論点で重要である。

動植物油類を安全な食用品とだけ考えない。

火気がなくても自然発火の危険がある。

よくある誤りは、動植物油類を安全な食用品とだけ考えない。火気がなくても自然発火の危険がある。

火災・消火・漏えいでは「動植物油類」「乾性油・自然発火」など近い用語とセットで出題されます。定義・数値・主体の違いを表で対比し、自然発火だけの特徴を一言で言えるようにしてください。

外部から直接火源を与えなくても、酸化熱の蓄積などにより発火する現象である。

乾性油を含んだ布などは、酸化による発熱が蓄積して自然発火することがある。

油を含んだ布では、酸化による発熱が蓄積して自然発火することがある。",定義を一文で説明できる。;適用する場面（製造・貯蔵・取扱・消火）を挙げられる。;関連する法令名を意識できる。,動植物油類を安全な食用品とだけ考えない。;火気がなくても自然発火の危険がある。,"「自然発火」は、火災・消火・漏えいの頻出語です。

整理のコツ：関連する「動植物油類」「乾性油・自然発火」「乾性油」と、「同じ点・違う点」を表に書き出し、自然発火だけの特徴を一行で言えるようにします。

覚え方：間違えたら「動植物油類を安全な食用品とだけ考えない」のパターンか確認し、同じ型の誤りが出た問題を2問だけ繰り返します。

復習のしかた：丸暗記より、選択肢の「誤り。」の理由を声に出して説明できるかを目標にします。",自然発火について、「蒸気比重が1になることである。」は正しい。,×。誤り。,自然発火とは何ですか？,自然発火は、動植物油類では、油を含んだ布などが酸化により発熱し、蓄熱して自然発火する危険がある。 たとえば、危険物の性質（水溶性か、蒸気がたまりやすいか）に合った消火・漏えい対策かどうかが、正誤の判断ポイントになります。 試験では、定義を一文で説明できる点を押さえると得点源になります。,自然発火は試験でどんなふうに問われますか？,定義を一文で説明できる。適用する場面（製造・貯蔵・取扱・消火）を挙げられる。関連する法令名を意識できる。,自然発火で間違えやすい点は？,動植物油類を安全な食用品とだけ考えない。火気がなくても自然発火の危険がある。,自然発火と「動植物油類」「乾性油・自然発火」の違いは？,「動植物油類」「乾性油・自然発火」は意味や数値・適用場面が異なります。用語ページの比較表と演習で、自然発火だけのポイントを確認してください。
自然発火の違い,しぜんはっかのちがい,物性・化学,物性・化学;乙4;頻出;詳細記事;実践演習連動;一問一答連動,"自然発火の違いは、引火点は、液体が可燃性蒸気を発生し、火源により引火する最低温度である。

たとえば、引火点・沸点・密度など、数字と単位をセットで覚えると、選択肢の数値の当たり外れを見分けやすくなります。

試験では、引火点は火源があるときに引火する最低温度点を押さえると得点源になります。",まず「自然発火の違い」は、引火点は、液体が可燃性蒸気を発生し、火源により引火する最低温度である。乙4では引火性液体の危険性を考えるうえで重要である。 引火は火源により可燃性蒸気などが燃え始めること、発火は火源がなくても燃え始めることを指します。 物性・化学では「燃焼」の文脈で繰り返し問われます。,引火・発火・自然発火の違い;燃焼,,B,引火点は火源があるときに引火する最低温度。 自然発火は火源なしで起こることがある。 引火点は火源あり、発火点は火源なし。 誤り。凝固点の説明である。,自然発火の違いとは？危険物取扱者試験（乙種第4類）で押さえる意味・試験ポイント,このページでは、物性・化学分野の「自然発火の違い」を、試験に出る形で整理します。ひとことで言うと、引火点は、液体が可燃性蒸気を発生し、火源により引火する最低温度である。乙4では引火性液体の危険性を考えるうえで重要である。下の目次の順に読むと、定義から演習のポイントまでつながって理解できます。,"自然発火の違いは、引火点は、液体が可燃性蒸気を発生し、火源により引火する最低温度である。乙4では引火性液体の危険性を考えるうえで重要である。 引火は火源により可燃性蒸気などが燃え始めること、発火は火源がなくても燃え始めることを指します。

試験では、引火点は火源があるときに引火する最低温度。自然発火は火源なしで起こることがある。また、引火点は火源あり、発火点は火源なし点も押さえます。

誤り。凝固点の説明である。

誤り。火源なしで発火する温度は発火点の説明に近い。

誤り。密度がゼロになる温度ではない。

誤り。溶解温度ではない。

引火点は火源があるときに引火する最低温度。

自然発火は火源なしで起こることがある。

引火点は火源あり、発火点は火源なし。

物性・化学では「引火・発火・自然発火の違い」「燃焼」など近い用語とセットで出題されます。定義・数値・主体の違いを表で対比し、自然発火の違いだけの特徴を一言で言えるようにしてください。

火源を近づけたときに可燃性蒸気が燃え始める現象は引火である。

火源なしで物質が燃え始める最低温度は発火点である。",引火点は火源があるときに引火する最低温度。;自然発火は火源なしで起こることがある。;引火点は火源あり、発火点は火源なし。,類似語と混同する。;数字や条件を取り違える。;すべての危険物に当てはめる。,"「自然発火の違い」は、物性・化学の頻出語です。

整理のコツ：関連する「引火・発火・自然発火の違い」「燃焼」と、「同じ点・違う点」を表に書き出し、自然発火の違いだけの特徴を一行で言えるようにします。

覚え方：間違えたら「類似語と混同する」のパターンか確認し、同じ型の誤りが出た問題を2問だけ繰り返します。

復習のしかた：丸暗記より、選択肢の「誤り。」の理由を声に出して説明できるかを目標にします。",引火点の説明について、「物質の密度がゼロになる温度をいう。」は正しい。,×。誤り。,自然発火の違いとは何ですか？,自然発火の違いは、引火点は、液体が可燃性蒸気を発生し、火源により引火する最低温度である。 たとえば、引火点・沸点・密度など、数字と単位をセットで覚えると、選択肢の数値の当たり外れを見分けやすくなります。 試験では、引火点は火源があるときに引火する最低温度点を押さえると得点源になります。,自然発火の違いは試験でどんなふうに問われますか？,引火点は火源があるときに引火する最低温度。自然発火は火源なしで起こることがある。引火点は火源あり、発火点は火源なし。,自然発火の違いで間違えやすい点は？,類似語と混同する。数字や条件を取り違える。,自然発火の違いと「引火・発火・自然発火の違い」「燃焼」の違いは？,「引火・発火・自然発火の違い」「燃焼」は意味や数値・適用場面が異なります。用語ページの比較表と演習で、自然発火の違いだけのポイントを確認してください。
自然発火性物質,しぜんはっかせいぶっしつ,物性・化学,物性・化学;乙4;頻出;詳細記事;実践演習連動;一問一答連動,"自然発火性物質は、第3類は自然発火性物質及び禁水性物質、第4類は引火性液体である。

たとえば、引火点・沸点・密度など、数字と単位をセットで覚えると、選択肢の数値の当たり外れを見分けやすくなります。

試験では、第4類は引火性液体。第3類は自然発火性物質及び禁水性物質点を押さえると得点源になります。",まず「自然発火性物質」は、第3類は自然発火性物質及び禁水性物質、第4類は引火性液体である。 正しい。第3類は自然発火性物質及び禁水性物質である。 消防法上の危険物は第1類から第6類に分かれる。第3類は自然発火性物質及び禁水性物質、第4類は引火性液体である。 物性・化学では「危険物の分類」の文脈で繰り返し問われます。,第1類〜第6類の分類概要;危険物の分類,,B,第4類は引火性液体。第3類は自然発火性物質及び禁水性物質。 第4類と第5類、第2類と第6類を混同しない。 誤り。第1類は酸化性固体である。 誤り。第2類は可燃性固体である。,自然発火性物質とは？危険物取扱者試験（乙種第4類）で押さえる意味・試験ポイント,物性・化学分野の「自然発火性物質」は、第3類は自然発火性物質及び禁水性物質、第4類は引火性液体である。試験では定義の言い換えと数値・主体の区別がセットで問われます。,"自然発火性物質は、第3類は自然発火性物質及び禁水性物質、第4類は引火性液体である。 消防法上の危険物は第1類から第6類に分かれる。第3類は自然発火性物質及び禁水性物質、第4類は引火性液体である。

試験では、第4類は引火性液体。第3類は自然発火性物質及び禁水性物質点が問われます。

誤り。第1類は酸化性固体である。

誤り。第2類は可燃性固体である。

誤り。第4類は引火性液体である。自己反応性物質は第5類である。

誤り。第6類は酸化性液体である。

第4類は引火性液体。第3類は自然発火性物質及び禁水性物質。

第4類と第5類、第2類と第6類を混同しない。

よくある誤りは、第4類と第5類、第2類と第6類を混同しない。

物性・化学では「第1類〜第6類の分類概要」「危険物の分類」など近い用語とセットで出題されます。定義・数値・主体の違いを表で対比し、自然発火性物質だけの特徴を一言で言えるようにしてください。",第4類は引火性液体。第3類は自然発火性物質及び禁水性物質。,第4類と第5類、第2類と第6類を混同しない。,"「自然発火性物質」は、物性・化学の頻出語です。

整理のコツ：関連する「第1類〜第6類の分類概要」「危険物の分類」と、「同じ点・違う点」を表に書き出し、自然発火性物質だけの特徴を一行で言えるようにします。

覚え方：間違えたら「第4類と第5類、第2類と第6類を混同しない」のパターンか確認し、同じ型の誤りが出た問題を2問だけ繰り返します。

復習のしかた：丸暗記より、選択肢の「誤り。」の理由を声に出して説明できるかを目標にします。",消防法上の危険物の類別と性質の組合せについて、「第3類 — 自然発火性物質及び禁水性物質」は正しい。,○。正しい。,自然発火性物質とは何ですか？,自然発火性物質は、第3類は自然発火性物質及び禁水性物質、第4類は引火性液体である。 たとえば、引火点・沸点・密度など、数字と単位をセットで覚えると、選択肢の数値の当たり外れを見分けやすくなります。 試験では、第4類は引火性液体。第3類は自然発火性物質及び禁水性物質点を押さえると得点源になります。,自然発火性物質は試験でどんなふうに問われますか？,第4類は引火性液体。第3類は自然発火性物質及び禁水性物質。,自然発火性物質で間違えやすい点は？,第4類と第5類、第2類と第6類を混同しない。,自然発火性物質と「第1類〜第6類の分類概要」「危険物の分類」の違いは？,「第1類〜第6類の分類概要」「危険物の分類」は意味や数値・適用場面が異なります。用語ページの比較表と演習で、自然発火性物質だけのポイントを確認してください。
自衛消防組織,じえいしょうぼうそしき,法令・制度,法令・制度;乙4;頻出;詳細記事;実践演習連動;一問一答連動,"自衛消防組織は災害時の初動対応体制に関係する。

たとえば、条文では「消防法で定める」「政令で定める」「施行令で定める」のように、どの法令に書かれているかを選ぶ問題がよく出ます。

試験では、自衛消防組織は災害時の初動対応体制に関係する点を押さえると得点源になります。",まず「自衛消防組織」は、自衛消防組織は災害時の初動対応体制に関係する。 火災等に備えた初期対応、通報、避難誘導などの体制に関係する。 法令・制度では「自衛消防組織」の文脈で繰り返し問われます。,自衛消防組織の設置対象・役割;自衛消防組織の設置対象,消防法,B,自衛消防組織は災害時の初動対応体制に関係する。 誤り。火災時の対応に関係する。 誤り。指定数量の別名ではない。 誤り。化学式ではない。,自衛消防組織とは？危険物取扱者試験（乙種第4類）で押さえる意味・試験ポイント,このページでは、法令・制度分野の「自衛消防組織」を、試験に出る形で整理します。ひとことで言うと、自衛消防組織は災害時の初動対応体制に関係する。下の目次の順に読むと、定義から演習のポイントまでつながって理解できます。,"自衛消防組織は災害時の初動対応体制に関係する。 火災等の災害に備え、初期対応や通報、避難誘導などの体制に関係する組織である。

試験では、自衛消防組織は災害時の初動対応体制に関係する点が問われます。

誤り。火災時の対応に関係する。

誤り。指定数量の別名ではない。

誤り。化学式ではない。

誤り。免状の交付機関ではない。

自衛消防組織は災害時の初動対応体制に関係する。

法令・制度では「自衛消防組織の設置対象・役割」「自衛消防組織の設置対象」など近い用語とセットで出題されます。定義・数値・主体の違いを表で対比し、自衛消防組織だけの特徴を一言で言えるようにしてください。

火災等に備えた初期対応、通報、避難誘導などの体制に関係する。",自衛消防組織は災害時の初動対応体制に関係する。,類似語と混同する。;数字や条件を取り違える。;すべての危険物に当てはめる。,"「自衛消防組織」は、法令・制度の頻出語です。

整理のコツ：関連する「自衛消防組織の設置対象・役割」「自衛消防組織の設置対象」と、「同じ点・違う点」を表に書き出し、自衛消防組織だけの特徴を一行で言えるようにします。

覚え方：間違えたら「類似語と混同する」のパターンか確認し、同じ型の誤りが出た問題を2問だけ繰り返します。

復習のしかた：丸暗記より、選択肢の「誤り。」の理由を声に出して説明できるかを目標にします。",自衛消防組織について、「自衛消防組織は、可燃性蒸気の化学式をいう。」は正しい。,×。誤り。,自衛消防組織とは何ですか？,自衛消防組織は災害時の初動対応体制に関係する。 たとえば、条文では「消防法で定める」「政令で定める」「施行令で定める」のように、どの法令に書かれているかを選ぶ問題がよく出ます。 試験では、自衛消防組織は災害時の初動対応体制に関係する点を押さえると得点源になります。,自衛消防組織は試験でどんなふうに問われますか？,自衛消防組織は災害時の初動対応体制に関係する。,自衛消防組織で間違えやすい点は？,類似語と混同する。数字や条件を取り違える。,自衛消防組織と「自衛消防組織の設置対象・役割」「自衛消防組織の設置対象」の違いは？,「自衛消防組織の設置対象・役割」「自衛消防組織の設置対象」は意味や数値・適用場面が異なります。用語ページの比較表と演習で、自衛消防組織だけのポイントを確認してください。
自衛消防組織の設置対象,じえいしょうぼうそしきのせっちたいしょう,法令・制度,法令・制度;乙4;頻出;詳細記事;実践演習連動;一問一答連動,"自衛消防組織の設置対象は、自衛消防組織は、火災等の災害に備え、初期対応や通報、避難誘導などの体制に関係する組織である。

たとえば、条文では「消防法で定める」「政令で定める」「施行令で定める」のように、どの法令に書かれているかを選ぶ問題がよく出ます。

試験では、自衛消防組織は災害時の初動対応体制に関係する点を押さえると得点源になります。",まず「自衛消防組織の設置対象」は、自衛消防組織は、火災等の災害に備え、初期対応や通報、避難誘導などの体制に関係する組織である。 自衛消防組織は、火災等に備えた初期対応、通報、避難誘導などの体制に関係する。 法令・制度では「自衛消防組織」の文脈で繰り返し問われます。,自衛消防組織;自衛消防組織の設置対象・役割,消防法,B,自衛消防組織は災害時の初動対応体制に関係する。 誤り。火災時の対応に関係する。 誤り。指定数量の別名ではない。 誤り。化学式ではない。,自衛消防組織の設置対象とは？危険物取扱者試験（乙種第4類）で押さえる意味・試験ポイント,このページでは、法令・制度分野の「自衛消防組織の設置対象」を、試験に出る形で整理します。ひとことで言うと、自衛消防組織は、火災等の災害に備え、初期対応や通報、避難誘導などの体制に関係する組織である。下の目次の順に読むと、定義から演習のポイントまでつながって理解できます。,"自衛消防組織の設置対象は、自衛消防組織は、火災等の災害に備え、初期対応や通報、避難誘導などの体制に関係する組織である。 自衛消防組織は、火災等に備えた初期対応、通報、避難誘導などの体制に関係する。

試験では、自衛消防組織は災害時の初動対応体制に関係する点が問われます。

誤り。火災時の対応に関係する。

誤り。指定数量の別名ではない。

誤り。化学式ではない。

誤り。免状の交付機関ではない。

自衛消防組織は災害時の初動対応体制に関係する。

法令・制度では「自衛消防組織」「自衛消防組織の設置対象・役割」など近い用語とセットで出題されます。定義・数値・主体の違いを表で対比し、自衛消防組織の設置対象だけの特徴を一言で言えるようにしてください。",自衛消防組織は災害時の初動対応体制に関係する。,類似語と混同する。;数字や条件を取り違える。;すべての危険物に当てはめる。,"「自衛消防組織の設置対象」は、法令・制度の頻出語です。

整理のコツ：関連する「自衛消防組織」「自衛消防組織の設置対象・役割」と、「同じ点・違う点」を表に書き出し、自衛消防組織の設置対象だけの特徴を一行で言えるようにします。

覚え方：間違えたら「類似語と混同する」のパターンか確認し、同じ型の誤りが出た問題を2問だけ繰り返します。

復習のしかた：丸暗記より、選択肢の「誤り。」の理由を声に出して説明できるかを目標にします。",自衛消防組織について、「自衛消防組織は、可燃性蒸気の化学式をいう。」は正しい。,×。誤り。,自衛消防組織の設置対象とは何ですか？,自衛消防組織の設置対象は、自衛消防組織は、火災等の災害に備え、初期対応や通報、避難誘導などの体制に関係する組織である。 たとえば、条文では「消防法で定める」「政令で定める」「施行令で定める」のように、どの法令に書かれているかを選ぶ問題がよく出ます。 試験では、自衛消防組織は災害時の初動対応体制に関係する点を押さえると得点源になります。,自衛消防組織の設置対象は試験でどんなふうに問われますか？,自衛消防組織は災害時の初動対応体制に関係する。,自衛消防組織の設置対象で間違えやすい点は？,類似語と混同する。数字や条件を取り違える。,自衛消防組織の設置対象と「自衛消防組織」「自衛消防組織の設置対象・役割」の違いは？,「自衛消防組織」「自衛消防組織の設置対象・役割」は意味や数値・適用場面が異なります。用語ページの比較表と演習で、自衛消防組織の設置対象だけのポイントを確認してください。
自衛消防組織の設置対象・役割,じえいしょうぼうそしきのせっちたいしょう・やくわり,法令・制度,法令・制度;乙4;頻出;詳細記事;実践演習連動;一問一答連動,"自衛消防組織の設置対象・役割は、自衛消防組織は、火災等の災害に備え、初期対応や通報、避難誘導などの体制に関係する組織である。

たとえば、条文では「消防法で定める」「政令で定める」「施行令で定める」のように、どの法令に書かれているかを選ぶ問題がよく出ます。

試験では、自衛消防組織は災害時の初動対応体制に関係する点を押さえると得点源になります。",まず「自衛消防組織の設置対象・役割」は、自衛消防組織は、火災等の災害に備え、初期対応や通報、避難誘導などの体制に関係する組織である。 自衛消防組織は、火災等に備えた初期対応、通報、避難誘導などの体制に関係する。 法令・制度では「自衛消防組織」の文脈で繰り返し問われます。,セルフ式給油取扱所の基準;一般取扱所の基準;丙種の違い,消防法,B,自衛消防組織は災害時の初動対応体制に関係する。 誤り。火災時の対応に関係する。 誤り。指定数量の別名ではない。 誤り。化学式ではない。,自衛消防組織の設置対象・役割とは？危険物取扱者試験（乙種第4類）で押さえる意味・試験ポイント,このページでは、法令・制度分野の「自衛消防組織の設置対象・役割」を、試験に出る形で整理します。ひとことで言うと、自衛消防組織は、火災等の災害に備え、初期対応や通報、避難誘導などの体制に関係する組織である。下の目次の順に読むと、定義から演習のポイントまでつながって理解できます。,"自衛消防組織の設置対象・役割は、自衛消防組織は、火災等の災害に備え、初期対応や通報、避難誘導などの体制に関係する組織である。 自衛消防組織は、火災等に備えた初期対応、通報、避難誘導などの体制に関係する。

試験では、自衛消防組織は災害時の初動対応体制に関係する点が問われます。

誤り。火災時の対応に関係する。

誤り。指定数量の別名ではない。

誤り。化学式ではない。

誤り。免状の交付機関ではない。

自衛消防組織は災害時の初動対応体制に関係する。

法令・制度では「セルフ式給油取扱所の基準」「一般取扱所の基準」など近い用語とセットで出題されます。定義・数値・主体の違いを表で対比し、自衛消防組織の設置対象・役割だけの特徴を一言で言えるようにしてください。",自衛消防組織は災害時の初動対応体制に関係する。,類似語と混同する。;数字や条件を取り違える。;すべての危険物に当てはめる。,"「自衛消防組織の設置対象・役割」は、法令・制度の頻出語です。

整理のコツ：関連する「セルフ式給油取扱所の基準」「一般取扱所の基準」「丙種の違い」と、「同じ点・違う点」を表に書き出し、自衛消防組織の設置対象・役割だけの特徴を一行で言えるようにします。

覚え方：間違えたら「類似語と混同する」のパターンか確認し、同じ型の誤りが出た問題を2問だけ繰り返します。

復習のしかた：丸暗記より、選択肢の「誤り。」の理由を声に出して説明できるかを目標にします。",自衛消防組織について、「自衛消防組織は、可燃性蒸気の化学式をいう。」は正しい。,×。誤り。,自衛消防組織の設置対象・役割とは何ですか？,自衛消防組織の設置対象・役割は、自衛消防組織は、火災等の災害に備え、初期対応や通報、避難誘導などの体制に関係する組織である。 たとえば、条文では「消防法で定める」「政令で定める」「施行令で定める」のように、どの法令に書かれているかを選ぶ問題がよく出ます。 試験では、自衛消防組織は災害時の初動対応体制に関係する点を押さえると得点源になります。,自衛消防組織の設置対象・役割は試験でどんなふうに問われますか？,自衛消防組織は災害時の初動対応体制に関係する。,自衛消防組織の設置対象・役割で間違えやすい点は？,類似語と混同する。数字や条件を取り違える。,自衛消防組織の設置対象・役割と「セルフ式給油取扱所の基準」「一般取扱所の基準」の違いは？,「セルフ式給油取扱所の基準」「一般取扱所の基準」は意味や数値・適用場面が異なります。用語ページの比較表と演習で、自衛消防組織の設置対象・役割だけのポイントを確認してください。
蒸気が空気より重い性質,じょうきがくうきよりおもいせいしつ,火災・消火・漏えい,火災・消火・漏えい;乙4;頻出;詳細記事;実践演習連動;一問一答連動,"蒸気が空気より重い性質は、第4類危険物の可燃性蒸気は、空気より重いものが多く、低所に滞留しやすい。

たとえば、密閉空間では蒸気がたまりやすく、換気と火気厳禁が重要です。数値（引火点・爆発下限界など）は品名とセットで確認してください。

試験では、蒸気比重が大きいと低所にたまりやすい点を押さえると得点源になります。",まず「蒸気が空気より重い性質」は、第4類危険物の可燃性蒸気は、空気より重いものが多く、低所に滞留しやすい。火気や静電気による引火に注意が必要である。 第4類危険物の可燃性蒸気は、空気より重く低所に滞留しやすいものが多い。 火災・消火・漏えいでは「第4類共通性質」の文脈で繰り返し問われます。,アセトアルデヒド;アセトン;アニリン,,B,液体比重・蒸気比重・水溶性を混同しない。 蒸気比重が大きいと低所にたまりやすい。 誤り。酸素を放出する性質ではない。 誤り。換気は重要な火災予防対策である。,蒸気が空気より重い性質とは？危険物取扱者試験（乙種第4類）で押さえる意味・試験ポイント,このページでは、火災・消火・漏えい分野の「蒸気が空気より重い性質」を、試験に出る形で整理します。ひとことで言うと、第4類危険物の可燃性蒸気は、空気より重いものが多く、低所に滞留しやすい。火気や静電気による引火に注意が必要である。下の目次の順に読むと、定義から演習のポイントまでつながって理解できます。,"蒸気が空気より重い性質は、第4類危険物の可燃性蒸気は、空気より重いものが多く、低所に滞留しやすい。火気や静電気による引火に注意が必要である。 第4類危険物の可燃性蒸気は、空気より重く低所に滞留しやすいものが多い。

試験では、蒸気比重が大きいと低所にたまりやすい点が問われます。

誤り。酸素を放出する性質ではない。

誤り。換気は重要な火災予防対策である。

誤り。可燃性蒸気は引火危険がある。

誤り。すべて空気より軽いわけではない。

液体比重・蒸気比重・水溶性を混同しない。

蒸気比重が大きいと低所にたまりやすい。

よくある誤りは、液体比重・蒸気比重・水溶性を混同しない。

火災・消火・漏えいでは「アセトアルデヒド」「アセトン」など近い用語とセットで出題されます。定義・数値・主体の違いを表で対比し、蒸気が空気より重い性質だけの特徴を一言で言えるようにしてください。

第4類危険物の蒸気は空気より重いものが多く、低所に滞留しやすい。

空気より重い可燃性蒸気は低所に滞留し、離れた火源で引火するおそれがある。",蒸気比重が大きいと低所にたまりやすい。,液体比重・蒸気比重・水溶性を混同しない。,"「蒸気が空気より重い性質」は、火災・消火・漏えいの頻出語です。

整理のコツ：関連する「アセトアルデヒド」「アセトン」「アニリン」と、「同じ点・違う点」を表に書き出し、蒸気が空気より重い性質だけの特徴を一行で言えるようにします。

覚え方：間違えたら「液体比重・蒸気比重・水溶性を混同しない」のパターンか確認し、同じ型の誤りが出た問題を2問だけ繰り返します。

復習のしかた：丸暗記より、選択肢の「誤り。」の理由を声に出して説明できるかを目標にします。",第4類危険物から発生する可燃性蒸気について、一般に正しいものについて、「空気より重いものが多く、低所に滞留しやすい。」は正しい。,○。正しい。,蒸気が空気より重い性質とは何ですか？,蒸気が空気より重い性質は、第4類危険物の可燃性蒸気は、空気より重いものが多く、低所に滞留しやすい。 たとえば、密閉空間では蒸気がたまりやすく、換気と火気厳禁が重要です。数値（引火点・爆発下限界など）は品名とセットで確認してください。 試験では、蒸気比重が大きいと低所にたまりやすい点を押さえると得点源になります。,蒸気が空気より重い性質は試験でどんなふうに問われますか？,蒸気比重が大きいと低所にたまりやすい。,蒸気が空気より重い性質で間違えやすい点は？,液体比重・蒸気比重・水溶性を混同しない。,蒸気が空気より重い性質と「アセトアルデヒド」「アセトン」の違いは？,「アセトアルデヒド」「アセトン」は意味や数値・適用場面が異なります。用語ページの比較表と演習で、蒸気が空気より重い性質だけのポイントを確認してください。
蒸気の危険性比較,じょうきのきけんせいひかく,火災・消火・漏えい,火災・消火・漏えい;乙4;頻出;詳細記事;実践演習連動;一問一答連動,"蒸気の危険性比較は、ガソリン蒸気は空気より重く、低所に滞留しやすい。

たとえば、密閉空間では蒸気がたまりやすく、換気と火気厳禁が重要です。数値（引火点・爆発下限界など）は品名とセットで確認してください。

試験では、定義を一文で説明できる点を押さえると得点源になります。",まず「蒸気の危険性比較」は、ガソリン蒸気は空気より重く、低所に滞留しやすい。火気や静電気による引火に注意が必要である。 正しい。低所滞留に注意する。 ガソリン蒸気は空気より重く、低所に滞留しやすい。火気や静電気による引火に注意が必要である。 火災・消火・漏えいでは「分類比較」の文脈で繰り返し問われます。,アセトアルデヒド;アセトン;アニリン,,B,誤り。酸素放出性ではない。 誤り。引火危険がある。 誤り。空気より重い蒸気として扱う。,蒸気の危険性比較とは？危険物取扱者試験（乙種第4類）で押さえる意味・試験ポイント,このページでは、火災・消火・漏えい分野の「蒸気の危険性比較」を、試験に出る形で整理します。ひとことで言うと、ガソリン蒸気は空気より重く、低所に滞留しやすい。火気や静電気による引火に注意が必要である。下の目次の順に読むと、定義から演習のポイントまでつながって理解できます。,"蒸気の危険性比較は、ガソリン蒸気は空気より重く、低所に滞留しやすい。火気や静電気による引火に注意が必要である。

誤り。酸素放出性ではない。

誤り。引火危険がある。

誤り。空気より重い蒸気として扱う。

誤り。換気は重要である。

火災・消火・漏えいでは「アセトアルデヒド」「アセトン」など近い用語とセットで出題されます。定義・数値・主体の違いを表で対比し、蒸気の危険性比較だけの特徴を一言で言えるようにしてください。",定義を一文で説明できる。;適用する場面（製造・貯蔵・取扱・消火）を挙げられる。;関連する法令名を意識できる。,類似語と混同する。;数字や条件を取り違える。;すべての危険物に当てはめる。,"「蒸気の危険性比較」は、火災・消火・漏えいの頻出語です。

整理のコツ：関連する「アセトアルデヒド」「アセトン」「アニリン」と、「同じ点・違う点」を表に書き出し、蒸気の危険性比較だけの特徴を一行で言えるようにします。

覚え方：間違えたら「類似語と混同する」のパターンか確認し、同じ型の誤りが出た問題を2問だけ繰り返します。

復習のしかた：丸暗記より、選択肢の「誤り。」の理由を声に出して説明できるかを目標にします。",ガソリン蒸気の危険性について、「空気より重く、低所に滞留しやすい。」は正しい。,○。正しい。,蒸気の危険性比較とは何ですか？,蒸気の危険性比較は、ガソリン蒸気は空気より重く、低所に滞留しやすい。 たとえば、密閉空間では蒸気がたまりやすく、換気と火気厳禁が重要です。数値（引火点・爆発下限界など）は品名とセットで確認してください。 試験では、定義を一文で説明できる点を押さえると得点源になります。,蒸気の危険性比較は試験でどんなふうに問われますか？,定義を一文で説明できる。適用する場面（製造・貯蔵・取扱・消火）を挙げられる。関連する法令名を意識できる。,蒸気の危険性比較で間違えやすい点は？,類似語と混同する。数字や条件を取り違える。,蒸気の危険性比較と「アセトアルデヒド」「アセトン」の違いは？,「アセトアルデヒド」「アセトン」は意味や数値・適用場面が異なります。用語ページの比較表と演習で、蒸気の危険性比較だけのポイントを確認してください。
蒸気圧,じょうきあつ,物性・化学,物性・化学;乙4;頻出;詳細記事;実践演習連動;一問一答連動,"蒸気圧は、蒸気圧が高い液体は蒸発しやすく、可燃性蒸気の発生に注意が必要である。

たとえば、密閉空間では蒸気がたまりやすく、換気と火気厳禁が重要です。数値（引火点・爆発下限界など）は品名とセットで確認してください。

試験では、定義を一文で説明できる点を押さえると得点源になります。",まず「蒸気圧」は、蒸気圧が高い液体は蒸発しやすく、可燃性蒸気の発生に注意が必要である。 蒸気圧が高い液体は、一般に蒸発しやすい傾向がある。第4類危険物では可燃性蒸気の発生に注意する。 物性・化学では「物質の状態」の文脈で繰り返し問われます。,pH;アルカリの性質;アルコール類の基礎,,B,誤り。蒸気圧は物質や温度によって異なる。 誤り。蒸気圧は液体の色だけで決まるものではない。 誤り。蒸気圧が高い液体は可燃性蒸気を発生しやすい場合がある。,蒸気圧とは？危険物取扱者試験（乙種第4類）で押さえる意味・試験ポイント,このページでは、物性・化学分野の「蒸気圧」を、試験に出る形で整理します。ひとことで言うと、蒸気圧が高い液体は蒸発しやすく、可燃性蒸気の発生に注意が必要である。下の目次の順に読むと、定義から演習のポイントまでつながって理解できます。,"蒸気圧は、蒸気圧が高い液体は蒸発しやすく、可燃性蒸気の発生に注意が必要である。 蒸気圧が高い液体は、一般に蒸発しやすく、可燃性蒸気を発生しやすい。引火性液体の危険性を理解するうえで重要である。

誤り。蒸気圧は物質や温度によって異なる。

誤り。蒸気圧は液体の色だけで決まるものではない。

誤り。蒸気圧が高い液体は可燃性蒸気を発生しやすい場合がある。

誤り。蒸気圧が高い液体は蒸発しやすい。

物性・化学では「pH」「アルカリの性質」など近い用語とセットで出題されます。定義・数値・主体の違いを表で対比し、蒸気圧だけの特徴を一言で言えるようにしてください。

蒸気圧が高い液体は、一般に蒸発しやすい傾向がある。

第4類危険物では可燃性蒸気の発生に注意する。",定義を一文で説明できる。;適用する場面（製造・貯蔵・取扱・消火）を挙げられる。;関連する法令名を意識できる。,類似語と混同する。;数字や条件を取り違える。;すべての危険物に当てはめる。,"「蒸気圧」は、物性・化学の頻出語です。

整理のコツ：関連する「pH」「アルカリの性質」「アルコール類の基礎」と、「同じ点・違う点」を表に書き出し、蒸気圧だけの特徴を一行で言えるようにします。

覚え方：間違えたら「類似語と混同する」のパターンか確認し、同じ型の誤りが出た問題を2問だけ繰り返します。

復習のしかた：丸暗記より、選択肢の「誤り。」の理由を声に出して説明できるかを目標にします。",蒸気圧について、「蒸気圧が高い液体は、絶対に引火しない。」は正しい。,×。誤り。,蒸気圧とは何ですか？,蒸気圧は、蒸気圧が高い液体は蒸発しやすく、可燃性蒸気の発生に注意が必要である。 たとえば、密閉空間では蒸気がたまりやすく、換気と火気厳禁が重要です。数値（引火点・爆発下限界など）は品名とセットで確認してください。 試験では、定義を一文で説明できる点を押さえると得点源になります。,蒸気圧は試験でどんなふうに問われますか？,定義を一文で説明できる。適用する場面（製造・貯蔵・取扱・消火）を挙げられる。関連する法令名を意識できる。,蒸気圧で間違えやすい点は？,類似語と混同する。数字や条件を取り違える。,蒸気圧と「pH」「アルカリの性質」の違いは？,「pH」「アルカリの性質」は意味や数値・適用場面が異なります。用語ページの比較表と演習で、蒸気圧だけのポイントを確認してください。
蒸気比重,じょうきひじゅう,物性・化学,物性・化学;乙4;頻出;詳細記事;実践演習連動;一問一答連動,"蒸気比重は、蒸気比重が空気より大きい可燃性蒸気は、低所に滞留しやすく、火気や静電気による引火に注意が必要である。

たとえば、密閉空間では蒸気がたまりやすく、換気と火気厳禁が重要です。数値（引火点・爆発下限界など）は品名とセットで確認してください。

試験では、蒸気比重が大きい蒸気は低所に滞留しやすい点を押さえると得点源になります。",まず「蒸気比重」は、蒸気比重が空気より大きい可燃性蒸気は、低所に滞留しやすく、火気や静電気による引火に注意が必要である。 液比重は水に対する液体の重さ、蒸気比重は空気に対する蒸気の重さに関係する。両者は別の性質である。 物性・化学では「密度・比重」の文脈で繰り返し問われます。,密度・比重;第4類共通性質;液比重・蒸気比重,,B,蒸気比重が大きい蒸気は低所に滞留しやすい。 蒸気比重と液比重、水溶性を混同しない。 液比重・蒸気比重・水溶性を区別する。 誤り。酸素を放出する性質ではない。,蒸気比重とは？危険物取扱者試験（乙種第4類）で押さえる意味・試験ポイント,このページでは、物性・化学分野の「蒸気比重」を、試験に出る形で整理します。ひとことで言うと、蒸気比重が空気より大きい可燃性蒸気は、低所に滞留しやすく、火気や静電気による引火に注意が必要である。下の目次の順に読むと、定義から演習のポイントまでつながって理解できます。,"蒸気比重は、蒸気比重が空気より大きい可燃性蒸気は、低所に滞留しやすく、火気や静電気による引火に注意が必要である。 液比重は水に対する液体の重さ、蒸気比重は空気に対する蒸気の重さに関係する。両者は別の性質である。

試験では、蒸気比重が大きい蒸気は低所に滞留しやすい。また、液比重・蒸気比重・水溶性を区別する点も押さえます。

誤り。酸素を放出する性質ではない。

誤り。蒸気比重が大きいことと水溶性は直接同じ意味ではない。

誤り。空気より重い蒸気は上昇しにくい。

誤り。可燃性蒸気は引火する危険がある。

蒸気比重が大きい蒸気は低所に滞留しやすい。

蒸気比重と液比重、水溶性を混同しない。

液比重・蒸気比重・水溶性を区別する。

よくある誤りは、蒸気比重と液比重、水溶性を混同しない。

物性・化学では「密度・比重」「第4類共通性質」など近い用語とセットで出題されます。定義・数値・主体の違いを表で対比し、蒸気比重だけの特徴を一言で言えるようにしてください。

蒸気比重が1より大きい蒸気は、空気より重い。

液比重は水を基準にした液体の重さ、蒸気比重は空気を基準にした蒸気の重さとして整理する。

空気を基準にして蒸気の重さを比較する値である。",蒸気比重が大きい蒸気は低所に滞留しやすい。;液比重・蒸気比重・水溶性を区別する。,蒸気比重と液比重、水溶性を混同しない。,"「蒸気比重」は、物性・化学の頻出語です。

整理のコツ：関連する「密度・比重」「第4類共通性質」「液比重・蒸気比重」と、「同じ点・違う点」を表に書き出し、蒸気比重だけの特徴を一行で言えるようにします。

覚え方：間違えたら「蒸気比重と液比重、水溶性を混同しない」のパターンか確認し、同じ型の誤りが出た問題を2問だけ繰り返します。

復習のしかた：丸暗記より、選択肢の「誤り。」の理由を声に出して説明できるかを目標にします。",蒸気比重が空気より大きい可燃性蒸気の性質について、「低い場所に滞留しやすい。」は正しい。,○。正しい。,蒸気比重とは何ですか？,蒸気比重は、蒸気比重が空気より大きい可燃性蒸気は、低所に滞留しやすく、火気や静電気による引火に注意が必要である。 たとえば、密閉空間では蒸気がたまりやすく、換気と火気厳禁が重要です。数値（引火点・爆発下限界など）は品名とセットで確認してください。 試験では、蒸気比重が大きい蒸気は低所に滞留しやすい点を押さえると得点源になります。,蒸気比重は試験でどんなふうに問われますか？,蒸気比重が大きい蒸気は低所に滞留しやすい。液比重・蒸気比重・水溶性を区別する。,蒸気比重で間違えやすい点は？,蒸気比重と液比重、水溶性を混同しない。,蒸気比重と「密度・比重」「第4類共通性質」の違いは？,「密度・比重」「第4類共通性質」は意味や数値・適用場面が異なります。用語ページの比較表と演習で、蒸気比重だけのポイントを確認してください。
蒸発・沸騰,じょうはつ・ふっとう,物性・化学,物性・化学;乙4;頻出;詳細記事;実践演習連動;一問一答連動,"蒸発・沸騰は、蒸発は、液体の表面から気体になる現象である。

たとえば、引火点・沸点・密度など、数字と単位をセットで覚えると、選択肢の数値の当たり外れを見分けやすくなります。

試験では、定義を一文で説明できる点を押さえると得点源になります。",まず「蒸発・沸騰」は、蒸発は、液体の表面から気体になる現象である。引火性液体では、蒸発により可燃性蒸気が発生する点が重要である。 正しい。蒸発の説明である。 蒸発は、液体の表面から気体になる現象である。引火性液体では、蒸発により可燃性蒸気が発生する点が重要である。 物性・化学では「物質の状態」の文脈で繰り返し問われます。,pH;アルカリの性質;アルコール類の基礎,,B,誤り。酸性になる現象ではない。 誤り。密度変化だけを指すものではない。 誤り。酸素放出ではない。,蒸発・沸騰とは？危険物取扱者試験（乙種第4類）で押さえる意味・試験ポイント,このページでは、物性・化学分野の「蒸発・沸騰」を、試験に出る形で整理します。ひとことで言うと、蒸発は、液体の表面から気体になる現象である。引火性液体では、蒸発により可燃性蒸気が発生する点が重要である。下の目次の順に読むと、定義から演習のポイントまでつながって理解できます。,"蒸発・沸騰は、蒸発は、液体の表面から気体になる現象である。引火性液体では、蒸発により可燃性蒸気が発生する点が重要である。

誤り。酸性になる現象ではない。

誤り。密度変化だけを指すものではない。

誤り。酸素放出ではない。

誤り。燃焼の説明ではない。

物性・化学では「pH」「アルカリの性質」など近い用語とセットで出題されます。定義・数値・主体の違いを表で対比し、蒸発・沸騰だけの特徴を一言で言えるようにしてください。",定義を一文で説明できる。;適用する場面（製造・貯蔵・取扱・消火）を挙げられる。;関連する法令名を意識できる。,類似語と混同する。;数字や条件を取り違える。;すべての危険物に当てはめる。,"「蒸発・沸騰」は、物性・化学の頻出語です。

整理のコツ：関連する「pH」「アルカリの性質」「アルコール類の基礎」と、「同じ点・違う点」を表に書き出し、蒸発・沸騰だけの特徴を一行で言えるようにします。

覚え方：間違えたら「類似語と混同する」のパターンか確認し、同じ型の誤りが出た問題を2問だけ繰り返します。

復習のしかた：丸暗記より、選択肢の「誤り。」の理由を声に出して説明できるかを目標にします。",蒸発について、「液体の表面から気体になる現象である。」は正しい。,○。正しい。,蒸発・沸騰とは何ですか？,蒸発・沸騰は、蒸発は、液体の表面から気体になる現象である。 たとえば、引火点・沸点・密度など、数字と単位をセットで覚えると、選択肢の数値の当たり外れを見分けやすくなります。 試験では、定義を一文で説明できる点を押さえると得点源になります。,蒸発・沸騰は試験でどんなふうに問われますか？,定義を一文で説明できる。適用する場面（製造・貯蔵・取扱・消火）を挙げられる。関連する法令名を意識できる。,蒸発・沸騰で間違えやすい点は？,類似語と混同する。数字や条件を取り違える。,蒸発・沸騰と「pH」「アルカリの性質」の違いは？,「pH」「アルカリの性質」は意味や数値・適用場面が異なります。用語ページの比較表と演習で、蒸発・沸騰だけのポイントを確認してください。
融点・沸点,ゆうてん・ふってん,物性・化学,物性・化学;乙4;頻出;詳細記事;実践演習連動;一問一答連動,"融点・沸点は、融点・沸点・引火点・発火点を区別する。

たとえば、引火点・沸点・密度など、数字と単位をセットで覚えると、選択肢の数値の当たり外れを見分けやすくなります。

試験では、融点・沸点・引火点・発火点を区別する点を押さえると得点源になります。",まず「融点・沸点」は、融点・沸点・引火点・発火点を区別する。 融点は、固体が液体になり始める温度である。沸点、引火点、発火点とは異なる。 物性・化学では「物質の状態」の文脈で繰り返し問われます。,pH;アルカリの性質;アルコール類の基礎,,B,融点・沸点・引火点・発火点を区別する。 誤り。密度がゼロになる温度ではない。 誤り。引火点の説明ではない。 誤り。色変化だけを示すものではない。,融点・沸点とは？危険物取扱者試験（乙種第4類）で押さえる意味・試験ポイント,このページでは、物性・化学分野の「融点・沸点」を、試験に出る形で整理します。ひとことで言うと、融点・沸点・引火点・発火点を区別する。下の目次の順に読むと、定義から演習のポイントまでつながって理解できます。,"融点・沸点は、融点・沸点・引火点・発火点を区別する。 沸点は、液体が沸騰し始める温度である。引火点や発火点とは異なる。

試験では、融点・沸点・引火点・発火点を区別する点が問われます。

誤り。密度がゼロになる温度ではない。

誤り。引火点の説明ではない。

誤り。色変化だけを示すものではない。

誤り。発火点の説明に近い。

融点・沸点・引火点・発火点を区別する。

物性・化学では「pH」「アルカリの性質」など近い用語とセットで出題されます。定義・数値・主体の違いを表で対比し、融点・沸点だけの特徴を一言で言えるようにしてください。

融点は、固体が液体になり始める温度である。

液体が沸騰して気体になり始める温度を沸点という。

液体が固体になり始める温度は凝固点である。

固体が液体になり始める温度は融点である。",融点・沸点・引火点・発火点を区別する。,類似語と混同する。;数字や条件を取り違える。;すべての危険物に当てはめる。,"「融点・沸点」は、物性・化学の頻出語です。

整理のコツ：関連する「pH」「アルカリの性質」「アルコール類の基礎」と、「同じ点・違う点」を表に書き出し、融点・沸点だけの特徴を一行で言えるようにします。

覚え方：間違えたら「類似語と混同する」のパターンか確認し、同じ型の誤りが出た問題を2問だけ繰り返します。

復習のしかた：丸暗記より、選択肢の「誤り。」の理由を声に出して説明できるかを目標にします。",沸点について、「液体が沸騰し始める温度である。」は正しい。,○。正しい。,融点・沸点とは何ですか？,融点・沸点は、融点・沸点・引火点・発火点を区別する。 たとえば、引火点・沸点・密度など、数字と単位をセットで覚えると、選択肢の数値の当たり外れを見分けやすくなります。 試験では、融点・沸点・引火点・発火点を区別する点を押さえると得点源になります。,融点・沸点は試験でどんなふうに問われますか？,融点・沸点・引火点・発火点を区別する。,融点・沸点で間違えやすい点は？,類似語と混同する。数字や条件を取り違える。,融点・沸点と「pH」「アルカリの性質」の違いは？,「pH」「アルカリの性質」は意味や数値・適用場面が異なります。用語ページの比較表と演習で、融点・沸点だけのポイントを確認してください。
行政措置,ぎょうせいそち,法令・制度,法令・制度;乙4;頻出;詳細記事;実践演習連動;一問一答連動,"行政措置は、違反時には命令・使用停止などの行政措置が問題になる。

たとえば、条文では「消防法で定める」「政令で定める」「施行令で定める」のように、どの法令に書かれているかを選ぶ問題がよく出ます。

試験では、違反時には命令・使用停止などの行政措置が問題になる点を押さえると得点源になります。",まず「行政措置」は、違反時には命令・使用停止などの行政措置が問題になる。 製造所等が法令に適合しない場合などには、使用停止命令などの行政上の措置が行われる場合がある。 法令・制度では「行政措置」の文脈で繰り返し問われます。,命令・許可取消し・使用停止;許可取消し;使用停止,消防法,B,違反時には命令・使用停止などの行政措置が問題になる。 行政措置には命令・使用停止などがある。 誤り。行政措置が行われる場合がある。 誤り。施設名変更だけの問題ではない。,行政措置とは？危険物取扱者試験（乙種第4類）で押さえる意味・試験ポイント,このページでは、法令・制度分野の「行政措置」を、試験に出る形で整理します。ひとことで言うと、違反時には命令・使用停止などの行政措置が問題になる。下の目次の順に読むと、定義から演習のポイントまでつながって理解できます。,"行政措置は、違反時には命令・使用停止などの行政措置が問題になる。 危険物施設が法令に適合しない場合などには、使用停止命令などの行政上の措置が行われる場合がある。

試験では、違反時には命令・使用停止などの行政措置が問題になる。また、行政措置には命令・使用停止などがある点も押さえます。

誤り。行政措置が行われる場合がある。

誤り。施設名変更だけの問題ではない。

誤り。試験問題数とは関係ない。

誤り。賞金が交付される制度ではない。

違反時には命令・使用停止などの行政措置が問題になる。

行政措置には命令・使用停止などがある。

法令・制度では「命令・許可取消し・使用停止」「許可取消し」など近い用語とセットで出題されます。定義・数値・主体の違いを表で対比し、行政措置だけの特徴を一言で言えるようにしてください。

製造所等が法令に適合しない場合などには、使用停止命令などの行政上の措置が行われる場合がある。",違反時には命令・使用停止などの行政措置が問題になる。;行政措置には命令・使用停止などがある。,類似語と混同する。;数字や条件を取り違える。;すべての危険物に当てはめる。,"「行政措置」は、法令・制度の頻出語です。

整理のコツ：関連する「命令・許可取消し・使用停止」「許可取消し」「使用停止」と、「同じ点・違う点」を表に書き出し、行政措置だけの特徴を一行で言えるようにします。

覚え方：間違えたら「類似語と混同する」のパターンか確認し、同じ型の誤りが出た問題を2問だけ繰り返します。

復習のしかた：丸暗記より、選択肢の「誤り。」の理由を声に出して説明できるかを目標にします。",危険物施設の法令違反等に対する行政上の措置として、あり得るものについて、「施設名を自由に変更できるだけである。」は正しい。,×。誤り。,行政措置とは何ですか？,行政措置は、違反時には命令・使用停止などの行政措置が問題になる。 たとえば、条文では「消防法で定める」「政令で定める」「施行令で定める」のように、どの法令に書かれているかを選ぶ問題がよく出ます。 試験では、違反時には命令・使用停止などの行政措置が問題になる点を押さえると得点源になります。,行政措置は試験でどんなふうに問われますか？,違反時には命令・使用停止などの行政措置が問題になる。行政措置には命令・使用停止などがある。,行政措置で間違えやすい点は？,類似語と混同する。数字や条件を取り違える。,行政措置と「命令・許可取消し・使用停止」「許可取消し」の違いは？,「命令・許可取消し・使用停止」「許可取消し」は意味や数値・適用場面が異なります。用語ページの比較表と演習で、行政措置だけのポイントを確認してください。
表示,ひょうじ,法令・制度,法令・制度;乙4;頻出;詳細記事;実践演習連動;一問一答連動,"表示は、運搬では表示・積載・混載・漏えい防止が重要。

たとえば、条文では「消防法で定める」「政令で定める」「施行令で定める」のように、どの法令に書かれているかを選ぶ問題がよく出ます。

試験では、運搬では表示・積載・混載・漏えい防止が重要点を押さえると得点源になります。",まず「表示」は、運搬では表示・積載・混載・漏えい防止が重要。 危険物の運搬では、危険物の性質に応じて混載制限が問題となる場合がある。 法令・制度では「運搬」の文脈で繰り返し問われます。,運搬時の表示・混載制限;運搬;運搬時の表示,危険物の規制に関する政令,B,運搬では表示・積載・混載・漏えい防止が重要。 表示だけで安全性が保証されるわけではない。 表示だけで安全確保が完了するわけではない。 誤り。容器基準や収納方法も重要である。,表示とは？危険物取扱者試験（乙種第4類）で押さえる意味・試験ポイント,このページでは、法令・制度分野の「表示」を、試験に出る形で整理します。ひとことで言うと、運搬では表示・積載・混載・漏えい防止が重要。下の目次の順に読むと、定義から演習のポイントまでつながって理解できます。,"表示は、運搬では表示・積載・混載・漏えい防止が重要。 危険物の運搬では、危険物の性質に応じた表示、積載方法、混載制限などが問題となる。漏えい、火気、混載には注意が必要である。

試験では、運搬では表示・積載・混載・漏えい防止が重要点が問われます。

誤り。容器基準や収納方法も重要である。

誤り。食品との自由な混載が常に認められるわけではない。

誤り。火気は危険である。

誤り。漏えい時は適切な措置が必要である。

運搬では表示・積載・混載・漏えい防止が重要。

表示だけで安全性が保証されるわけではない。

表示だけで安全確保が完了するわけではない。

よくある誤りは、表示だけで安全性が保証されるわけではない。表示だけで安全確保が完了するわけではない。

法令・制度では「運搬時の表示・混載制限」「運搬」など近い用語とセットで出題されます。定義・数値・主体の違いを表で対比し、表示だけの特徴を一言で言えるようにしてください。

危険物の運搬では、危険物の性質に応じて混載制限が問題となる場合がある。

危険物の運搬では、危険物の種類や数量等に応じて表示が必要です場合がある。

危険物の運搬では、危険物の性質に応じて混載が制限される場合がある。",運搬では表示・積載・混載・漏えい防止が重要。,表示だけで安全性が保証されるわけではない。;表示だけで安全確保が完了するわけではない。,"「表示」は、法令・制度の頻出語です。

整理のコツ：関連する「運搬時の表示・混載制限」「運搬」「運搬時の表示」と、「同じ点・違う点」を表に書き出し、表示だけの特徴を一行で言えるようにします。

覚え方：間違えたら「表示だけで安全性が保証されるわけではない」のパターンか確認し、同じ型の誤りが出た問題を2問だけ繰り返します。

復習のしかた：丸暗記より、選択肢の「誤り。」の理由を声に出して説明できるかを目標にします。",危険物の運搬について、適切なものについて、「危険物の性質に応じて、表示、積載、混載などの基準に従う。」は正しい。,○。正しい。,表示とは何ですか？,表示は、運搬では表示・積載・混載・漏えい防止が重要。 たとえば、条文では「消防法で定める」「政令で定める」「施行令で定める」のように、どの法令に書かれているかを選ぶ問題がよく出ます。 試験では、運搬では表示・積載・混載・漏えい防止が重要点を押さえると得点源になります。,表示は試験でどんなふうに問われますか？,運搬では表示・積載・混載・漏えい防止が重要。,表示で間違えやすい点は？,表示だけで安全性が保証されるわけではない。表示だけで安全確保が完了するわけではない。,表示と「運搬時の表示・混載制限」「運搬」の違いは？,「運搬時の表示・混載制限」「運搬」は意味や数値・適用場面が異なります。用語ページの比較表と演習で、表示だけのポイントを確認してください。
製造所,せいぞうしょ,法令・制度,法令・制度;乙4;頻出;詳細記事;実践演習連動;一問一答連動,"製造所は、製造所等の位置、構造または設備を変更する場合、法令上、変更許可が必要になります場合がある。

たとえば、ガソリン（非水溶性）は200 L、アセトン（水溶性）は400 Lのように、品名ごとに数値が決まります。

試験では、製造所等は、製造所・貯蔵所・取扱所の総称点を押さえると得点源になります。",まず「製造所」は、製造所等の位置、構造または設備を変更する場合、法令上、変更許可が必要になります場合がある。 危険物を製造し、貯蔵し、または取り扱う施設は、製造所、貯蔵所、取扱所に大別される。 法令・制度では「許可」の文脈で繰り返し問われます。,許可;製造所等の設置許可;製造所等の変更許可,消防法;危険物の規制に関する政令,B,製造所等は、製造所・貯蔵所・取扱所の総称。 一般的な建物用途と法令上の施設分類を混同しない。 指定数量以上の危険物を扱う製造所等の設置には許可が必要。 誤り。販売取扱所とは異なる。,製造所とは？危険物取扱者試験（乙種第4類）で押さえる意味・試験ポイント,このページでは、法令・制度分野の「製造所」を、試験に出る形で整理します。ひとことで言うと、製造所等の位置、構造または設備を変更する場合、法令上、変更許可が必要になります場合がある。下の目次の順に読むと、定義から演習のポイントまでつながって理解できます。,"製造所は、製造所等の位置、構造または設備を変更する場合、法令上、変更許可が必要になります場合がある。 危険物を製造する施設であり、製造所等の一つである。

試験では、製造所等は、製造所・貯蔵所・取扱所の総称。指定数量以上の危険物を扱う製造所等の設置には許可が必要。製造所等の位置・構造・設備の変更は法令手続きの対象。また、設置許可は指定数量以上の製造所等で重要点も押さえます。

誤り。販売取扱所とは異なる。

誤り。試験会場ではない。

誤り。消火器の型式名ではない。

誤り。分類表ではない。

製造所等は、製造所・貯蔵所・取扱所の総称。

一般的な建物用途と法令上の施設分類を混同しない。

指定数量以上の危険物を扱う製造所等の設置には許可が必要。

よくある誤りは、一般的な建物用途と法令上の施設分類を混同しない。品名変更だけが変更許可の対象ではない。免状があれば施設許可不要、とは考えない。

法令・制度では「許可」「製造所等の設置許可」など近い用語とセットで出題されます。定義・数値・主体の違いを表で対比し、製造所だけの特徴を一言で言えるようにしてください。

危険物を製造し、貯蔵し、または取り扱う施設は、製造所、貯蔵所、取扱所に大別される。

製造所等とは、製造所、貯蔵所、取扱所の総称である。

指定数量以上の危険物を貯蔵し、又は取り扱う製造所等を設置する場合、法令上の許可が必要になります。

免状や表示板だけで許可が不要になるわけではない。",製造所等は、製造所・貯蔵所・取扱所の総称。;指定数量以上の危険物を扱う製造所等の設置には許可が必要。;製造所等の位置・構造・設備の変更は法令手続きの対象。;設置許可は指定数量以上の製造所等で重要。;変更許可は位置・構造・設備の変更で問題になる。;施設許可と人の資格を分けて理解する。,一般的な建物用途と法令上の施設分類を混同しない。;品名変更だけが変更許可の対象ではない。;免状があれば施設許可不要、とは考えない。;軽微な一般変更と法令上の変更を混同しない。,"「製造所」は、法令・制度の頻出語です。

整理のコツ：関連する「許可」「製造所等の設置許可」「製造所等の変更許可」と、「同じ点・違う点」を表に書き出し、製造所だけの特徴を一行で言えるようにします。

覚え方：間違えたら「一般的な建物用途と法令上の施設分類を混同しない」のパターンか確認し、同じ型の誤りが出た問題を2問だけ繰り返します。

復習のしかた：丸暗記より、選択肢の「誤り。」の理由を声に出して説明できるかを目標にします。",製造所について、「危険物の分類表の別名である。」は正しい。,×。誤り。,製造所とは何ですか？,製造所は、製造所等の位置、構造または設備を変更する場合、法令上、変更許可が必要になります場合がある。 たとえば、ガソリン（非水溶性）は200 L、アセトン（水溶性）は400 Lのように、品名ごとに数値が決まります。 試験では、製造所等は、製造所・貯蔵所・取扱所の総称点を押さえると得点源になります。,製造所は試験でどんなふうに問われますか？,製造所等は、製造所・貯蔵所・取扱所の総称。指定数量以上の危険物を扱う製造所等の設置には許可が必要。製造所等の位置・構造・設備の変更は法令手続きの対象。,製造所で間違えやすい点は？,一般的な建物用途と法令上の施設分類を混同しない。品名変更だけが変更許可の対象ではない。,製造所と「許可」「製造所等の設置許可」の違いは？,「許可」「製造所等の設置許可」は意味や数値・適用場面が異なります。用語ページの比較表と演習で、製造所だけのポイントを確認してください。
製造所の定義,せいぞうしょのていぎ,法令・制度,法令・制度;乙4;頻出;詳細記事;実践演習連動;一問一答連動,"製造所の定義は、製造所は、危険物を製造する施設であり、製造所等の一つである。

たとえば、条文では「消防法で定める」「政令で定める」「施行令で定める」のように、どの法令に書かれているかを選ぶ問題がよく出ます。

試験では、定義を一文で説明できる点を押さえると得点源になります。",まず「製造所の定義」は、製造所は、危険物を製造する施設であり、製造所等の一つである。 誤り。分類表ではない。 製造所は、危険物を製造する施設であり、製造所等の一つである。 法令・制度では「製造所」の文脈で繰り返し問われます。,製造所;製造所の定義・特徴,消防法,B,誤り。販売取扱所とは異なる。 誤り。試験会場ではない。 誤り。消火器の型式名ではない。,製造所の定義とは？危険物取扱者試験（乙種第4類）で押さえる意味・試験ポイント,このページでは、法令・制度分野の「製造所の定義」を、試験に出る形で整理します。ひとことで言うと、製造所は、危険物を製造する施設であり、製造所等の一つである。下の目次の順に読むと、定義から演習のポイントまでつながって理解できます。,"製造所の定義は、製造所は、危険物を製造する施設であり、製造所等の一つである。

誤り。販売取扱所とは異なる。

誤り。試験会場ではない。

誤り。消火器の型式名ではない。

誤り。分類表ではない。

法令・制度では「製造所」「製造所の定義・特徴」など近い用語とセットで出題されます。定義・数値・主体の違いを表で対比し、製造所の定義だけの特徴を一言で言えるようにしてください。",定義を一文で説明できる。;適用する場面（製造・貯蔵・取扱・消火）を挙げられる。;関連する法令名を意識できる。,類似語と混同する。;数字や条件を取り違える。;すべての危険物に当てはめる。,"「製造所の定義」は、法令・制度の頻出語です。

整理のコツ：関連する「製造所」「製造所の定義・特徴」と、「同じ点・違う点」を表に書き出し、製造所の定義だけの特徴を一行で言えるようにします。

覚え方：間違えたら「類似語と混同する」のパターンか確認し、同じ型の誤りが出た問題を2問だけ繰り返します。

復習のしかた：丸暗記より、選択肢の「誤り。」の理由を声に出して説明できるかを目標にします。",製造所について、「危険物の分類表の別名である。」は正しい。,×。誤り。,製造所の定義とは何ですか？,製造所の定義は、製造所は、危険物を製造する施設であり、製造所等の一つである。 たとえば、条文では「消防法で定める」「政令で定める」「施行令で定める」のように、どの法令に書かれているかを選ぶ問題がよく出ます。 試験では、定義を一文で説明できる点を押さえると得点源になります。,製造所の定義は試験でどんなふうに問われますか？,定義を一文で説明できる。適用する場面（製造・貯蔵・取扱・消火）を挙げられる。関連する法令名を意識できる。,製造所の定義で間違えやすい点は？,類似語と混同する。数字や条件を取り違える。,製造所の定義と「製造所」「製造所の定義・特徴」の違いは？,「製造所」「製造所の定義・特徴」は意味や数値・適用場面が異なります。用語ページの比較表と演習で、製造所の定義だけのポイントを確認してください。
製造所の定義・特徴,せいぞうしょのていぎ・とくちょう,法令・制度,法令・制度;乙4;頻出;詳細記事;実践演習連動;一問一答連動,"製造所の定義・特徴は、製造所は、危険物を製造する施設であり、製造所等の一つである。

たとえば、条文では「消防法で定める」「政令で定める」「施行令で定める」のように、どの法令に書かれているかを選ぶ問題がよく出ます。

試験では、定義を一文で説明できる点を押さえると得点源になります。",まず「製造所の定義・特徴」は、製造所は、危険物を製造する施設であり、製造所等の一つである。 誤り。分類表ではない。 製造所は、危険物を製造する施設であり、製造所等の一つである。 法令・制度では「製造所」の文脈で繰り返し問われます。,セルフ式給油取扱所の基準;一般取扱所の基準;丙種の違い,消防法,B,誤り。販売取扱所とは異なる。 誤り。試験会場ではない。 誤り。消火器の型式名ではない。,製造所の定義・特徴とは？危険物取扱者試験（乙種第4類）で押さえる意味・試験ポイント,このページでは、法令・制度分野の「製造所の定義・特徴」を、試験に出る形で整理します。ひとことで言うと、製造所は、危険物を製造する施設であり、製造所等の一つである。下の目次の順に読むと、定義から演習のポイントまでつながって理解できます。,"製造所の定義・特徴は、製造所は、危険物を製造する施設であり、製造所等の一つである。

誤り。販売取扱所とは異なる。

誤り。試験会場ではない。

誤り。消火器の型式名ではない。

誤り。分類表ではない。

法令・制度では「セルフ式給油取扱所の基準」「一般取扱所の基準」など近い用語とセットで出題されます。定義・数値・主体の違いを表で対比し、製造所の定義・特徴だけの特徴を一言で言えるようにしてください。",定義を一文で説明できる。;適用する場面（製造・貯蔵・取扱・消火）を挙げられる。;関連する法令名を意識できる。,類似語と混同する。;数字や条件を取り違える。;すべての危険物に当てはめる。,"「製造所の定義・特徴」は、法令・制度の頻出語です。

整理のコツ：関連する「セルフ式給油取扱所の基準」「一般取扱所の基準」「丙種の違い」と、「同じ点・違う点」を表に書き出し、製造所の定義・特徴だけの特徴を一行で言えるようにします。

覚え方：間違えたら「類似語と混同する」のパターンか確認し、同じ型の誤りが出た問題を2問だけ繰り返します。

復習のしかた：丸暗記より、選択肢の「誤り。」の理由を声に出して説明できるかを目標にします。",製造所について、「危険物の分類表の別名である。」は正しい。,×。誤り。,製造所の定義・特徴とは何ですか？,製造所の定義・特徴は、製造所は、危険物を製造する施設であり、製造所等の一つである。 たとえば、条文では「消防法で定める」「政令で定める」「施行令で定める」のように、どの法令に書かれているかを選ぶ問題がよく出ます。 試験では、定義を一文で説明できる点を押さえると得点源になります。,製造所の定義・特徴は試験でどんなふうに問われますか？,定義を一文で説明できる。適用する場面（製造・貯蔵・取扱・消火）を挙げられる。関連する法令名を意識できる。,製造所の定義・特徴で間違えやすい点は？,類似語と混同する。数字や条件を取り違える。,製造所の定義・特徴と「セルフ式給油取扱所の基準」「一般取扱所の基準」の違いは？,「セルフ式給油取扱所の基準」「一般取扱所の基準」は意味や数値・適用場面が異なります。用語ページの比較表と演習で、製造所の定義・特徴だけのポイントを確認してください。
製造所等,せいぞうしょなど,法令・制度,法令・制度;乙4;頻出;詳細記事;実践演習連動;一問一答連動,"製造所等は、一般的な建物用途であり、製造所等の分類ではない。

たとえば、条文では「消防法で定める」「政令で定める」「施行令で定める」のように、どの法令に書かれているかを選ぶ問題がよく出ます。

試験では、製造所等は、製造所・貯蔵所・取扱所の総称点を押さえると得点源になります。",まず「製造所等」は、一般的な建物用途であり、製造所等の分類ではない。 製造所、貯蔵所、取扱所の総称である。 法令・制度では「製造所等」の文脈で繰り返し問われます。,セルフ式給油取扱所の基準;一般取扱所の基準;丙種の違い,消防法;危険物の規制に関する政令,B,製造所等は、製造所・貯蔵所・取扱所の総称。 一般的な建物用途と法令上の施設分類を混同しない。 誤り。製造所等の分類ではない。 誤り。保安距離等で関係する場合はあるが、製造所等の分類ではない。,製造所等とは？危険物取扱者試験（乙種第4類）で押さえる意味・試験ポイント,このページでは、法令・制度分野の「製造所等」を、試験に出る形で整理します。ひとことで言うと、一般的な建物用途であり、製造所等の分類ではない。下の目次の順に読むと、定義から演習のポイントまでつながって理解できます。,"製造所等は、一般的な建物用途であり、製造所等の分類ではない。 危険物を製造し、貯蔵し、または取り扱う施設は、製造所、貯蔵所、取扱所に大別される。

試験では、製造所等は、製造所・貯蔵所・取扱所の総称点が問われます。

誤り。製造所等の分類ではない。

誤り。保安距離等で関係する場合はあるが、製造所等の分類ではない。

誤り。一般的な建物用途であり、製造所等の分類ではない。

誤り。第4類危険物の別名ではない。

製造所等は、製造所・貯蔵所・取扱所の総称。

一般的な建物用途と法令上の施設分類を混同しない。

よくある誤りは、一般的な建物用途と法令上の施設分類を混同しない。

法令・制度では「セルフ式給油取扱所の基準」「一般取扱所の基準」など近い用語とセットで出題されます。定義・数値・主体の違いを表で対比し、製造所等だけの特徴を一言で言えるようにしてください。",製造所等は、製造所・貯蔵所・取扱所の総称。,一般的な建物用途と法令上の施設分類を混同しない。,"「製造所等」は、法令・制度の頻出語です。

整理のコツ：関連する「セルフ式給油取扱所の基準」「一般取扱所の基準」「丙種の違い」と、「同じ点・違う点」を表に書き出し、製造所等だけの特徴を一行で言えるようにします。

覚え方：間違えたら「一般的な建物用途と法令上の施設分類を混同しない」のパターンか確認し、同じ型の誤りが出た問題を2問だけ繰り返します。

復習のしかた：丸暗記より、選択肢の「誤り。」の理由を声に出して説明できるかを目標にします。",消防法令上の製造所等に含まれる施設の組合せについて、「工場・倉庫・事務所」は正しい。,×。誤り。,製造所等とは何ですか？,製造所等は、一般的な建物用途であり、製造所等の分類ではない。 たとえば、条文では「消防法で定める」「政令で定める」「施行令で定める」のように、どの法令に書かれているかを選ぶ問題がよく出ます。 試験では、製造所等は、製造所・貯蔵所・取扱所の総称点を押さえると得点源になります。,製造所等は試験でどんなふうに問われますか？,製造所等は、製造所・貯蔵所・取扱所の総称。,製造所等で間違えやすい点は？,一般的な建物用途と法令上の施設分類を混同しない。,製造所等と「セルフ式給油取扱所の基準」「一般取扱所の基準」の違いは？,「セルフ式給油取扱所の基準」「一般取扱所の基準」は意味や数値・適用場面が異なります。用語ページの比較表と演習で、製造所等だけのポイントを確認してください。
製造所等の基本分類,せいぞうしょなどのきほんぶんるい,法令・制度,法令・制度;乙4;頻出;詳細記事;実践演習連動;一問一答連動,"製造所等の基本分類は、危険物を製造し、貯蔵し、または取り扱う施設は、製造所、貯蔵所、取扱所に大別される。

たとえば、条文では「消防法で定める」「政令で定める」「施行令で定める」のように、どの法令に書かれているかを選ぶ問題がよく出ます。

試験では、製造所等は、製造所・貯蔵所・取扱所の総称点を押さえると得点源になります。",まず「製造所等の基本分類」は、危険物を製造し、貯蔵し、または取り扱う施設は、製造所、貯蔵所、取扱所に大別される。 製造所等とは、製造所、貯蔵所、取扱所の総称である。 法令・制度では「製造所等」の文脈で繰り返し問われます。,セルフ式給油取扱所の基準;一般取扱所の基準;丙種の違い,消防法;危険物の規制に関する政令,B,製造所等は、製造所・貯蔵所・取扱所の総称。 一般的な建物用途と法令上の施設分類を混同しない。 誤り。製造所等の分類ではない。 誤り。保安距離等で関係する場合はあるが、製造所等の分類ではない。,製造所等の基本分類とは？危険物取扱者試験（乙種第4類）で押さえる意味・試験ポイント,このページでは、法令・制度分野の「製造所等の基本分類」を、試験に出る形で整理します。ひとことで言うと、危険物を製造し、貯蔵し、または取り扱う施設は、製造所、貯蔵所、取扱所に大別される。下の目次の順に読むと、定義から演習のポイントまでつながって理解できます。,"製造所等の基本分類は、危険物を製造し、貯蔵し、または取り扱う施設は、製造所、貯蔵所、取扱所に大別される。 製造所等とは、製造所、貯蔵所、取扱所の総称である。

試験では、製造所等は、製造所・貯蔵所・取扱所の総称点が問われます。

誤り。製造所等の分類ではない。

誤り。保安距離等で関係する場合はあるが、製造所等の分類ではない。

誤り。一般的な建物用途であり、製造所等の分類ではない。

誤り。第4類危険物の別名ではない。

製造所等は、製造所・貯蔵所・取扱所の総称。

一般的な建物用途と法令上の施設分類を混同しない。

よくある誤りは、一般的な建物用途と法令上の施設分類を混同しない。

法令・制度では「セルフ式給油取扱所の基準」「一般取扱所の基準」など近い用語とセットで出題されます。定義・数値・主体の違いを表で対比し、製造所等の基本分類だけの特徴を一言で言えるようにしてください。",製造所等は、製造所・貯蔵所・取扱所の総称。,一般的な建物用途と法令上の施設分類を混同しない。,"「製造所等の基本分類」は、法令・制度の頻出語です。

整理のコツ：関連する「セルフ式給油取扱所の基準」「一般取扱所の基準」「丙種の違い」と、「同じ点・違う点」を表に書き出し、製造所等の基本分類だけの特徴を一行で言えるようにします。

覚え方：間違えたら「一般的な建物用途と法令上の施設分類を混同しない」のパターンか確認し、同じ型の誤りが出た問題を2問だけ繰り返します。

復習のしかた：丸暗記より、選択肢の「誤り。」の理由を声に出して説明できるかを目標にします。",消防法令上の製造所等に含まれる施設の組合せについて、「工場・倉庫・事務所」は正しい。,×。誤り。,製造所等の基本分類とは何ですか？,製造所等の基本分類は、危険物を製造し、貯蔵し、または取り扱う施設は、製造所、貯蔵所、取扱所に大別される。 たとえば、条文では「消防法で定める」「政令で定める」「施行令で定める」のように、どの法令に書かれているかを選ぶ問題がよく出ます。 試験では、製造所等は、製造所・貯蔵所・取扱所の総称点を押さえると得点源になります。,製造所等の基本分類は試験でどんなふうに問われますか？,製造所等は、製造所・貯蔵所・取扱所の総称。,製造所等の基本分類で間違えやすい点は？,一般的な建物用途と法令上の施設分類を混同しない。,製造所等の基本分類と「セルフ式給油取扱所の基準」「一般取扱所の基準」の違いは？,「セルフ式給油取扱所の基準」「一般取扱所の基準」は意味や数値・適用場面が異なります。用語ページの比較表と演習で、製造所等の基本分類だけのポイントを確認してください。
製造所等の変更許可,せいぞうしょなどのへんこうきょか,法令・制度,法令・制度;乙4;頻出;詳細記事;実践演習連動;一問一答連動,"製造所等の変更許可は、製造所等の位置、構造または設備を変更する場合、法令上、変更許可が必要になります場合がある。

たとえば、条文では「消防法で定める」「政令で定める」「施行令で定める」のように、どの法令に書かれているかを選ぶ問題がよく出ます。

試験では、製造所等の位置・構造・設備の変更は法令手続きの対象点を押さえると得点源になります。",まず「製造所等の変更許可」は、製造所等の位置、構造または設備を変更する場合、法令上、変更許可が必要になります場合がある。取扱者の立会いや標識だけで手続きが不要になるわけではない。 製造所等の位置、構造または設備を変更する場合、変更許可が必要になります場合がある。 法令・制度では「許可」の文脈で繰り返し問われます。,セルフ式給油取扱所の基準;一般取扱所の基準;丙種の違い,消防法,B,製造所等の位置・構造・設備の変更は法令手続きの対象。 品名変更だけが変更許可の対象ではない。 変更許可は位置・構造・設備の変更で問題になる。 誤り。品名変更がなくても、設備変更が手続き対象になる場合がある。,製造所等の変更許可とは？危険物取扱者試験（乙種第4類）で押さえる意味・試験ポイント,このページでは、法令・制度分野の「製造所等の変更許可」を、試験に出る形で整理します。ひとことで言うと、製造所等の位置、構造または設備を変更する場合、法令上、変更許可が必要になります場合がある。取扱者の立会いや標識だけで手続きが不要になるわけではない。下の目次の順に読むと、定義から演習のポイントまでつながって理解できます。,"製造所等の変更許可は、製造所等の位置、構造または設備を変更する場合、法令上、変更許可が必要になります場合がある。取扱者の立会いや標識だけで手続きが不要になるわけではない。 製造所等の位置、構造または設備を変更する場合、変更許可が必要になります場合がある。

試験では、製造所等の位置・構造・設備の変更は法令手続きの対象。また、変更許可は位置・構造・設備の変更で問題になる点も押さえます。

誤り。品名変更がなくても、設備変更が手続き対象になる場合がある。

誤り。工事後の口頭連絡で足りるものではない。

誤り。標識更新だけで変更許可が不要になるわけではない。

誤り。取扱者の立会いと施設変更手続きは別である。

製造所等の位置・構造・設備の変更は法令手続きの対象。

品名変更だけが変更許可の対象ではない。

変更許可は位置・構造・設備の変更で問題になる。

よくある誤りは、品名変更だけが変更許可の対象ではない。軽微な一般変更と法令上の変更を混同しない。

法令・制度では「セルフ式給油取扱所の基準」「一般取扱所の基準」など近い用語とセットで出題されます。定義・数値・主体の違いを表で対比し、製造所等の変更許可だけの特徴を一言で言えるようにしてください。",製造所等の位置・構造・設備の変更は法令手続きの対象。;変更許可は位置・構造・設備の変更で問題になる。,品名変更だけが変更許可の対象ではない。;軽微な一般変更と法令上の変更を混同しない。,"「製造所等の変更許可」は、法令・制度の頻出語です。

整理のコツ：関連する「セルフ式給油取扱所の基準」「一般取扱所の基準」「丙種の違い」と、「同じ点・違う点」を表に書き出し、製造所等の変更許可だけの特徴を一行で言えるようにします。

覚え方：間違えたら「品名変更だけが変更許可の対象ではない」のパターンか確認し、同じ型の誤りが出た問題を2問だけ繰り返します。

復習のしかた：丸暗記より、選択肢の「誤り。」の理由を声に出して説明できるかを目標にします。",製造所等の位置、構造または設備を変更する場合について、「法令上、変更内容によってはあらかじめ変更許可を受ける必要がある。」は正しい。,○。正しい。,製造所等の変更許可とは何ですか？,製造所等の変更許可は、製造所等の位置、構造または設備を変更する場合、法令上、変更許可が必要になります場合がある。 たとえば、条文では「消防法で定める」「政令で定める」「施行令で定める」のように、どの法令に書かれているかを選ぶ問題がよく出ます。 試験では、製造所等の位置・構造・設備の変更は法令手続きの対象点を押さえると得点源になります。,製造所等の変更許可は試験でどんなふうに問われますか？,製造所等の位置・構造・設備の変更は法令手続きの対象。変更許可は位置・構造・設備の変更で問題になる。,製造所等の変更許可で間違えやすい点は？,品名変更だけが変更許可の対象ではない。軽微な一般変更と法令上の変更を混同しない。,製造所等の変更許可と「セルフ式給油取扱所の基準」「一般取扱所の基準」の違いは？,「セルフ式給油取扱所の基準」「一般取扱所の基準」は意味や数値・適用場面が異なります。用語ページの比較表と演習で、製造所等の変更許可だけのポイントを確認してください。
製造所等の設置許可,せいぞうしょなどのせっちきょか,法令・制度,法令・制度;乙4;頻出;詳細記事;実践演習連動;一問一答連動,"製造所等の設置許可は、指定数量以上の危険物を貯蔵し、又は取り扱う製造所等を設置する場合、法令上の許可が必要になります。

たとえば、ガソリン（非水溶性）は200 L、アセトン（水溶性）は400 Lのように、品名ごとに数値が決まります。

試験では、指定数量以上の危険物を扱う製造所等の設置には許可が必要点を押さえると得点源になります。",まず「製造所等の設置許可」は、指定数量以上の危険物を貯蔵し、又は取り扱う製造所等を設置する場合、法令上の許可が必要になります。免状や表示板だけで許可が不要になるわけではない。 指定数量以上の危険物を貯蔵し、又は取り扱う製造所等を設置する場合、法令上の許可が問題となる。 法令・制度では「許可」の文脈で繰り返し問われます。,セルフ式給油取扱所の基準;一般取扱所の基準;丙種の違い,消防法;危険物の規制に関する政令,B,指定数量以上の危険物を扱う製造所等の設置には許可が必要。 設置許可は指定数量以上の製造所等で重要。 施設許可と人の資格を分けて理解する。 誤り。第4類危険物でも指定数量以上なら製造所等の規制対象になる。,製造所等の設置許可とは？危険物取扱者試験（乙種第4類）で押さえる意味・試験ポイント,このページでは、法令・制度分野の「製造所等の設置許可」を、試験に出る形で整理します。ひとことで言うと、指定数量以上の危険物を貯蔵し、又は取り扱う製造所等を設置する場合、法令上の許可が必要になります。免状や表示板だけで許可が不要になるわけではない。下の目次の順に読むと、定義から演習のポイントまでつながって理解できます。,"製造所等の設置許可は、指定数量以上の危険物を貯蔵し、又は取り扱う製造所等を設置する場合、法令上の許可が必要になります。免状や表示板だけで許可が不要になるわけではない。 指定数量以上の危険物を貯蔵し、又は取り扱う製造所等を設置する場合、法令上の許可が問題となる。

試験では、指定数量以上の危険物を扱う製造所等の設置には許可が必要。設置許可は指定数量以上の製造所等で重要。また、施設許可と人の資格を分けて理解する点も押さえます。

誤り。第4類危険物でも指定数量以上なら製造所等の規制対象になる。

誤り。使用開始後の任意報告で足りるものではない。

誤り。免状は取扱者の資格であり、施設許可とは別である。

誤り。表示板の設置だけで許可が不要になるわけではない。

指定数量以上の危険物を扱う製造所等の設置には許可が必要。

設置許可は指定数量以上の製造所等で重要。

施設許可と人の資格を分けて理解する。

よくある誤りは、免状があれば施設許可不要、とは考えない。

法令・制度では「セルフ式給油取扱所の基準」「一般取扱所の基準」など近い用語とセットで出題されます。定義・数値・主体の違いを表で対比し、製造所等の設置許可だけの特徴を一言で言えるようにしてください。

施設に関する制度であり、危険物取扱者免状は人の資格に関する制度である。

指定数量以上の危険物を扱う製造所等の設置には、設置許可が問題となる。",指定数量以上の危険物を扱う製造所等の設置には許可が必要。;設置許可は指定数量以上の製造所等で重要。;施設許可と人の資格を分けて理解する。,免状があれば施設許可不要、とは考えない。,"「製造所等の設置許可」は、法令・制度の頻出語です。

整理のコツ：関連する「セルフ式給油取扱所の基準」「一般取扱所の基準」「丙種の違い」と、「同じ点・違う点」を表に書き出し、製造所等の設置許可だけの特徴を一行で言えるようにします。

覚え方：間違えたら「免状があれば施設許可不要、とは考えない」のパターンか確認し、同じ型の誤りが出た問題を2問だけ繰り返します。

復習のしかた：丸暗記より、選択肢の「誤り。」の理由を声に出して説明できるかを目標にします。",指定数量以上の危険物を貯蔵し、又は取り扱う製造所等を設置する場合について、「原則として、あらかじめ法令上の許可を受ける必要がある。」は正しい。,○。正しい。,製造所等の設置許可とは何ですか？,製造所等の設置許可は、指定数量以上の危険物を貯蔵し、又は取り扱う製造所等を設置する場合、法令上の許可が必要になります。 たとえば、ガソリン（非水溶性）は200 L、アセトン（水溶性）は400 Lのように、品名ごとに数値が決まります。 試験では、指定数量以上の危険物を扱う製造所等の設置には許可が必要点を押さえると得点源になります。,製造所等の設置許可は試験でどんなふうに問われますか？,指定数量以上の危険物を扱う製造所等の設置には許可が必要。設置許可は指定数量以上の製造所等で重要。施設許可と人の資格を分けて理解する。,製造所等の設置許可で間違えやすい点は？,免状があれば施設許可不要、とは考えない。,製造所等の設置許可と「セルフ式給油取扱所の基準」「一般取扱所の基準」の違いは？,「セルフ式給油取扱所の基準」「一般取扱所の基準」は意味や数値・適用場面が異なります。用語ページの比較表と演習で、製造所等の設置許可だけのポイントを確認してください。
複数危険物を扱う場合の倍数合算,ふくすうきけんぶつをあつかうばあいのばいすうがっさん,法令・制度,法令・制度;乙4;頻出;詳細記事;実践演習連動;一問一答連動,"複数危険物を扱う場合の倍数合算は、ガソリンは100÷200＝0.5倍、エタノールは200÷400＝0.5倍で、合計1.0倍である。

たとえば、ガソリン（非水溶性）は200 L、アセトン（水溶性）は400 Lのように、品名ごとに数値が決まります。

試験では、複数危険物は、それぞれ倍数を計算して合算する点を押さえると得点源になります。","まず「複数危険物を扱う場合の倍数合算」は、ガソリンは100÷200＝0.5倍、エタノールは200÷400＝0.5倍で、合計1.0倍である。 灯油500÷1,000＝0.5倍、軽油500÷1,000＝0.5倍、合計1.0倍である。 法令・制度では「指定数量」の文脈で繰り返し問われます。",セルフ式給油取扱所の基準;一般取扱所の基準;丙種の違い,危険物の規制に関する政令,B,複数危険物は、それぞれ倍数を計算して合算する。 数量を足してから一つの指定数量で割る考え方に注意。 複数危険物はそれぞれ倍数を求めて合算する。 誤り。計算結果は1.0倍である。,複数危険物を扱う場合の倍数合算とは？危険物取扱者試験（乙種第4類）で押さえる意味・試験ポイント,このページでは、法令・制度分野の「複数危険物を扱う場合の倍数合算」を、試験に出る形で整理します。ひとことで言うと、ガソリンは100÷200＝0.5倍、エタノールは200÷400＝0.5倍で、合計1.0倍である。下の目次の順に読むと、定義から演習のポイントまでつながって理解できます。,"複数危険物を扱う場合の倍数合算は、ガソリンは100÷200＝0.5倍、エタノールは200÷400＝0.5倍で、合計1.0倍である。 灯油500÷1,000＝0.5倍、軽油500÷1,000＝0.5倍、合計1.0倍である。

試験では、複数危険物は、それぞれ倍数を計算して合算する。また、複数危険物はそれぞれ倍数を求めて合算する点も押さえます。

誤り。計算結果は1.0倍である。

誤り。ガソリン分だけの倍数である。

誤り。数量を単純に合計して判断するのではない。

誤り。指定数量を足して割るのではない。

複数危険物は、それぞれ倍数を計算して合算する。

数量を足してから一つの指定数量で割る考え方に注意。

複数危険物はそれぞれ倍数を求めて合算する。

よくある誤りは、数量を足してから一つの指定数量で割る考え方に注意。

法令・制度では「セルフ式給油取扱所の基準」「一般取扱所の基準」など近い用語とセットで出題されます。定義・数値・主体の違いを表で対比し、複数危険物を扱う場合の倍数合算だけの特徴を一言で言えるようにしてください。

ガソリン40÷200＝0.2倍、エタノール80÷400＝0.2倍、合計0.4倍である。

アセトン200÷400＝0.5倍、灯油500÷1,000＝0.5倍、合計1.0倍である。

ガソリン100÷200＝0.5倍、灯油300÷1,000＝0.3倍、エタノール100÷400＝0.25倍、合計1.05倍である。",複数危険物は、それぞれ倍数を計算して合算する。;複数危険物はそれぞれ倍数を求めて合算する。,数量を足してから一つの指定数量で割る考え方に注意。,"「複数危険物を扱う場合の倍数合算」は、法令・制度の頻出語です。

整理のコツ：関連する「セルフ式給油取扱所の基準」「一般取扱所の基準」「丙種の違い」と、「同じ点・違う点」を表に書き出し、複数危険物を扱う場合の倍数合算だけの特徴を一行で言えるようにします。

覚え方：間違えたら「数量を足してから一つの指定数量で割る考え方に注意」のパターンか確認し、同じ型の誤りが出た問題を2問だけ繰り返します。

復習のしかた：丸暗記より、選択肢の「誤り。」の理由を声に出して説明できるかを目標にします。",ガソリン100 L、エタノール200 Lを同一場所で貯蔵する場合の指定数量の倍数として、正しいものはどれか。ただし、ガソリンの指定数量は200 L、エタノールの指定数量は400 Lとするについて、「2.0倍」は正しい。,×。誤り。,複数危険物を扱う場合の倍数合算とは何ですか？,複数危険物を扱う場合の倍数合算は、ガソリンは100÷200＝0.5倍、エタノールは200÷400＝0.5倍で、合計1.0倍である。 たとえば、ガソリン（非水溶性）は200 L、アセトン（水溶性）は400 Lのように、品名ごとに数値が決まります。 試験では、複数危険物は、それぞれ倍数を計算して合算する点を押さえると得点源になります。,複数危険物を扱う場合の倍数合算は試験でどんなふうに問われますか？,複数危険物は、それぞれ倍数を計算して合算する。複数危険物はそれぞれ倍数を求めて合算する。,複数危険物を扱う場合の倍数合算で間違えやすい点は？,数量を足してから一つの指定数量で割る考え方に注意。,複数危険物を扱う場合の倍数合算と「セルフ式給油取扱所の基準」「一般取扱所の基準」の違いは？,「セルフ式給油取扱所の基準」「一般取扱所の基準」は意味や数値・適用場面が異なります。用語ページの比較表と演習で、複数危険物を扱う場合の倍数合算だけのポイントを確認してください。
解任届出,かいにんとどけで,法令・制度,法令・制度;乙4;頻出;詳細記事;実践演習連動;一問一答連動,"解任届出は、危険物保安監督者を選任または解任した場合、法令上、届出が必要になります場合がある。

たとえば、条文では「消防法で定める」「政令で定める」「施行令で定める」のように、どの法令に書かれているかを選ぶ問題がよく出ます。

試験では、保安監督者は選任だけでなく届出も押さえる点を押さえると得点源になります。",まず「解任届出」は、危険物保安監督者を選任または解任した場合、法令上、届出が必要になります場合がある。 危険物保安監督者を選任した場合、法令上、届出が必要になります場合がある。 法令・制度では「届出」の文脈で繰り返し問われます。,危険物保安監督者選任・解任届出;届出;危険物保安監督者選任,消防法,B,保安監督者は選任だけでなく届出も押さえる。 保安監督者は選任と届出をセットで押さえる。 誤り。分類名ではない。 誤り。乙4でも関係し得る。,解任届出とは？危険物取扱者試験（乙種第4類）で押さえる意味・試験ポイント,このページでは、法令・制度分野の「解任届出」を、試験に出る形で整理します。ひとことで言うと、危険物保安監督者を選任または解任した場合、法令上、届出が必要になります場合がある。下の目次の順に読むと、定義から演習のポイントまでつながって理解できます。,"解任届出は、危険物保安監督者を選任または解任した場合、法令上、届出が必要になります場合がある。 危険物保安監督者を選任した場合、法令上、届出が必要になります場合がある。

試験では、保安監督者は選任だけでなく届出も押さえる。また、保安監督者は選任と届出をセットで押さえる点も押さえます。

誤り。分類名ではない。

誤り。乙4でも関係し得る。

誤り。届出が必要になります場合がある。

誤り。計算式ではない。

保安監督者は選任だけでなく届出も押さえる。

保安監督者は選任と届出をセットで押さえる。

法令・制度では「危険物保安監督者選任・解任届出」「届出」など近い用語とセットで出題されます。定義・数値・主体の違いを表で対比し、解任届出だけの特徴を一言で言えるようにしてください。

誤り。届出が必要になります場合がある。",保安監督者は選任だけでなく届出も押さえる。;保安監督者は選任と届出をセットで押さえる。,類似語と混同する。;数字や条件を取り違える。;すべての危険物に当てはめる。,"「解任届出」は、法令・制度の頻出語です。

整理のコツ：関連する「危険物保安監督者選任・解任届出」「届出」「危険物保安監督者選任」と、「同じ点・違う点」を表に書き出し、解任届出だけの特徴を一行で言えるようにします。

覚え方：間違えたら「類似語と混同する」のパターンか確認し、同じ型の誤りが出た問題を2問だけ繰り返します。

復習のしかた：丸暗記より、選択肢の「誤り。」の理由を声に出して説明できるかを目標にします。",危険物保安監督者を選任または解任した場合について、「選任や解任をしても、届出制度は一切ない。」は正しい。,×。誤り。,解任届出とは何ですか？,解任届出は、危険物保安監督者を選任または解任した場合、法令上、届出が必要になります場合がある。 たとえば、条文では「消防法で定める」「政令で定める」「施行令で定める」のように、どの法令に書かれているかを選ぶ問題がよく出ます。 試験では、保安監督者は選任だけでなく届出も押さえる点を押さえると得点源になります。,解任届出は試験でどんなふうに問われますか？,保安監督者は選任だけでなく届出も押さえる。保安監督者は選任と届出をセットで押さえる。,解任届出で間違えやすい点は？,類似語と混同する。数字や条件を取り違える。,解任届出と「危険物保安監督者選任・解任届出」「届出」の違いは？,「危険物保安監督者選任・解任届出」「届出」は意味や数値・適用場面が異なります。用語ページの比較表と演習で、解任届出だけのポイントを確認してください。
計算問題,けいさんもんだい,物性・化学,物性・化学;乙4;頻出;詳細記事;実践演習連動;一問一答連動,"計算問題は、密度は質量を体積で割って求める。

たとえば、引火点・沸点・密度など、数字と単位をセットで覚えると、選択肢の数値の当たり外れを見分けやすくなります。

試験では、質量パーセント濃度＝溶質÷溶液×100点を押さえると得点源になります。","まず「計算問題」は、密度は質量を体積で割って求める。800 g÷1,000 cm³＝0.8 g/cm³である。 水1 gを1 ℃上げるのに1 cal必要とすると、水100 gを10 ℃上げるには100×10＝1,000 calが必要である。 物性・化学では「計算問題」の文脈で繰り返し問われます。",濃度の計算;密度・質量・体積の計算;体積の計算,,B,質量パーセント濃度＝溶質÷溶液×100。 水の質量ではなく溶液全体の質量で割る。 誤り。質量と体積を足した値ではない。 誤り。体積で割っていない。,計算問題とは？危険物取扱者試験（乙種第4類）で押さえる意味・試験ポイント,"このページでは、物性・化学分野の「計算問題」を、試験に出る形で整理します。ひとことで言うと、密度は質量を体積で割って求める。800 g÷1,000 cm³＝0.8 g/cm³である。下の目次の順に読むと、定義から演習のポイントまでつながって理解できます。","計算問題は、密度は質量を体積で割って求める。800 g÷1,000 cm³＝0.8 g/cm³である。 水1 gを1 ℃上げるのに1 cal必要とすると、水100 gを10 ℃上げるには100×10＝1,000 calが必要である。

試験では、質量パーセント濃度＝溶質÷溶液×100点が問われます。

誤り。質量と体積を足した値ではない。

誤り。体積で割っていない。

誤り。1,000÷800で計算した値である。

誤り。800÷1,000の結果ではない。

質量パーセント濃度＝溶質÷溶液×100。

水の質量ではなく溶液全体の質量で割る。

よくある誤りは、水の質量ではなく溶液全体の質量で割る。

物性・化学では「濃度の計算」「密度・質量・体積の計算」など近い用語とセットで出題されます。定義・数値・主体の違いを表で対比し、計算問題だけの特徴を一言で言えるようにしてください。

400 g÷500 cm³＝0.8 g/cm³である。

質量パーセント濃度は、溶質の質量÷溶液の質量×100で求める。

20÷200×100＝10 %である。",質量パーセント濃度＝溶質÷溶液×100。,水の質量ではなく溶液全体の質量で割る。,"「計算問題」は、物性・化学の頻出語です。

整理のコツ：関連する「濃度の計算」「密度・質量・体積の計算」「体積の計算」と、「同じ点・違う点」を表に書き出し、計算問題だけの特徴を一行で言えるようにします。

覚え方：間違えたら「水の質量ではなく溶液全体の質量で割る」のパターンか確認し、同じ型の誤りが出た問題を2問だけ繰り返します。

復習のしかた：丸暗記より、選択肢の「誤り。」の理由を声に出して説明できるかを目標にします。","質量800 g、体積1,000 cm³の液体の密度について、「1.25 g/cm³」は正しい。",×。誤り。,計算問題とは何ですか？,計算問題は、密度は質量を体積で割って求める。 たとえば、引火点・沸点・密度など、数字と単位をセットで覚えると、選択肢の数値の当たり外れを見分けやすくなります。 試験では、質量パーセント濃度＝溶質÷溶液×100点を押さえると得点源になります。,計算問題は試験でどんなふうに問われますか？,質量パーセント濃度＝溶質÷溶液×100。,計算問題で間違えやすい点は？,水の質量ではなく溶液全体の質量で割る。,計算問題と「濃度の計算」「密度・質量・体積の計算」の違いは？,「濃度の計算」「密度・質量・体積の計算」は意味や数値・適用場面が異なります。用語ページの比較表と演習で、計算問題だけのポイントを確認してください。
許可,きょか,法令・制度,法令・制度;乙4;頻出;詳細記事;実践演習連動;一問一答連動,"許可は、指定数量以上の危険物を貯蔵し、又は取り扱う製造所等を設置する場合、法令上の許可が必要になります。

たとえば、ガソリン（非水溶性）は200 L、アセトン（水溶性）は400 Lのように、品名ごとに数値が決まります。

試験では、指定数量以上の危険物を扱う製造所等の設置には許可が必要点を押さえると得点源になります。",まず「許可」は、指定数量以上の危険物を貯蔵し、又は取り扱う製造所等を設置する場合、法令上の許可が必要になります。 製造所等の位置、構造または設備を変更する場合、法令上、変更許可が必要になります場合がある。取扱者の立会いや標識だけで手続きが不要になるわけではない。 法令・制度では「許可」の文脈で繰り返し問われます。,製造所等の設置許可;製造所等の変更許可,消防法;危険物の規制に関する政令,B,指定数量以上の危険物を扱う製造所等の設置には許可が必要。 製造所等の位置・構造・設備の変更は法令手続きの対象。 品名変更だけが変更許可の対象ではない。 誤り。第4類危険物でも指定数量以上なら製造所等の規制対象になる。,許可とは？危険物取扱者試験（乙種第4類）で押さえる意味・試験ポイント,このページでは、法令・制度分野の「許可」を、試験に出る形で整理します。ひとことで言うと、指定数量以上の危険物を貯蔵し、又は取り扱う製造所等を設置する場合、法令上の許可が必要になります。下の目次の順に読むと、定義から演習のポイントまでつながって理解できます。,"許可は、指定数量以上の危険物を貯蔵し、又は取り扱う製造所等を設置する場合、法令上の許可が必要になります。 指定数量以上の危険物を貯蔵し、又は取り扱う製造所等を設置する場合、法令上の許可が必要になります。免状や表示板だけで許可が不要になるわけではない。

試験では、指定数量以上の危険物を扱う製造所等の設置には許可が必要。製造所等の位置・構造・設備の変更は法令手続きの対象。設置許可は指定数量以上の製造所等で重要。また、変更許可は位置・構造・設備の変更で問題になる点も押さえます。

誤り。第4類危険物でも指定数量以上なら製造所等の規制対象になる。

誤り。使用開始後の任意報告で足りるものではない。

誤り。免状は取扱者の資格であり、施設許可とは別である。

誤り。表示板の設置だけで許可が不要になるわけではない。

指定数量以上の危険物を扱う製造所等の設置には許可が必要。

製造所等の位置・構造・設備の変更は法令手続きの対象。

品名変更だけが変更許可の対象ではない。

よくある誤りは、品名変更だけが変更許可の対象ではない。免状があれば施設許可不要、とは考えない。軽微な一般変更と法令上の変更を混同しない。

法令・制度では「製造所等の設置許可」「製造所等の変更許可」など近い用語とセットで出題されます。定義・数値・主体の違いを表で対比し、許可だけの特徴を一言で言えるようにしてください。

製造所等の位置、構造または設備を変更する場合、法令上、変更許可が必要になります場合がある。

取扱者の立会いや標識だけで手続きが不要になるわけではない。

指定数量以上の危険物を貯蔵し、又は取り扱う製造所等を設置する場合、法令上の許可が問題となる。",指定数量以上の危険物を扱う製造所等の設置には許可が必要。;製造所等の位置・構造・設備の変更は法令手続きの対象。;設置許可は指定数量以上の製造所等で重要。;変更許可は位置・構造・設備の変更で問題になる。;施設許可と人の資格を分けて理解する。,品名変更だけが変更許可の対象ではない。;免状があれば施設許可不要、とは考えない。;軽微な一般変更と法令上の変更を混同しない。,"「許可」は、法令・制度の頻出語です。

整理のコツ：関連する「製造所等の設置許可」「製造所等の変更許可」と、「同じ点・違う点」を表に書き出し、許可だけの特徴を一行で言えるようにします。

覚え方：間違えたら「品名変更だけが変更許可の対象ではない」のパターンか確認し、同じ型の誤りが出た問題を2問だけ繰り返します。

復習のしかた：丸暗記より、選択肢の「誤り。」の理由を声に出して説明できるかを目標にします。",指定数量以上の危険物を貯蔵し、又は取り扱う製造所等を設置する場合について、「原則として、あらかじめ法令上の許可を受ける必要がある。」は正しい。,○。正しい。,許可とは何ですか？,許可は、指定数量以上の危険物を貯蔵し、又は取り扱う製造所等を設置する場合、法令上の許可が必要になります。 たとえば、ガソリン（非水溶性）は200 L、アセトン（水溶性）は400 Lのように、品名ごとに数値が決まります。 試験では、指定数量以上の危険物を扱う製造所等の設置には許可が必要点を押さえると得点源になります。,許可は試験でどんなふうに問われますか？,指定数量以上の危険物を扱う製造所等の設置には許可が必要。製造所等の位置・構造・設備の変更は法令手続きの対象。設置許可は指定数量以上の製造所等で重要。,許可で間違えやすい点は？,品名変更だけが変更許可の対象ではない。免状があれば施設許可不要、とは考えない。,許可と「製造所等の設置許可」「製造所等の変更許可」の違いは？,「製造所等の設置許可」「製造所等の変更許可」は意味や数値・適用場面が異なります。用語ページの比較表と演習で、許可だけのポイントを確認してください。
許可取消し,きょかとりけし,法令・制度,法令・制度;乙4;頻出;詳細記事;実践演習連動;一問一答連動,"許可取消しは、危険物施設が法令に適合しない場合などには、使用停止命令などの行政上の措置が行われる場合がある。

たとえば、条文では「消防法で定める」「政令で定める」「施行令で定める」のように、どの法令に書かれているかを選ぶ問題がよく出ます。

試験では、違反時には命令・使用停止などの行政措置が問題になる点を押さえると得点源になります。",まず「許可取消し」は、危険物施設が法令に適合しない場合などには、使用停止命令などの行政上の措置が行われる場合がある。 製造所等が法令に適合しない場合などには、使用停止命令などの行政上の措置が行われる場合がある。 法令・制度では「行政措置」の文脈で繰り返し問われます。,行政措置;命令・許可取消し・使用停止;使用停止,消防法,B,違反時には命令・使用停止などの行政措置が問題になる。 行政措置には命令・使用停止などがある。 誤り。行政措置が行われる場合がある。 誤り。施設名変更だけの問題ではない。,許可取消しとは？危険物取扱者試験（乙種第4類）で押さえる意味・試験ポイント,このページでは、法令・制度分野の「許可取消し」を、試験に出る形で整理します。ひとことで言うと、危険物施設が法令に適合しない場合などには、使用停止命令などの行政上の措置が行われる場合がある。下の目次の順に読むと、定義から演習のポイントまでつながって理解できます。,"許可取消しは、危険物施設が法令に適合しない場合などには、使用停止命令などの行政上の措置が行われる場合がある。 製造所等が法令に適合しない場合などには、使用停止命令などの行政上の措置が行われる場合がある。

試験では、違反時には命令・使用停止などの行政措置が問題になる。また、行政措置には命令・使用停止などがある点も押さえます。

誤り。行政措置が行われる場合がある。

誤り。施設名変更だけの問題ではない。

誤り。試験問題数とは関係ない。

誤り。賞金が交付される制度ではない。

違反時には命令・使用停止などの行政措置が問題になる。

行政措置には命令・使用停止などがある。

法令・制度では「行政措置」「命令・許可取消し・使用停止」など近い用語とセットで出題されます。定義・数値・主体の違いを表で対比し、許可取消しだけの特徴を一言で言えるようにしてください。",違反時には命令・使用停止などの行政措置が問題になる。;行政措置には命令・使用停止などがある。,類似語と混同する。;数字や条件を取り違える。;すべての危険物に当てはめる。,"「許可取消し」は、法令・制度の頻出語です。

整理のコツ：関連する「行政措置」「命令・許可取消し・使用停止」「使用停止」と、「同じ点・違う点」を表に書き出し、許可取消しだけの特徴を一行で言えるようにします。

覚え方：間違えたら「類似語と混同する」のパターンか確認し、同じ型の誤りが出た問題を2問だけ繰り返します。

復習のしかた：丸暗記より、選択肢の「誤り。」の理由を声に出して説明できるかを目標にします。",危険物施設の法令違反等に対する行政上の措置として、あり得るものについて、「施設名を自由に変更できるだけである。」は正しい。,×。誤り。,許可取消しとは何ですか？,許可取消しは、危険物施設が法令に適合しない場合などには、使用停止命令などの行政上の措置が行われる場合がある。 たとえば、条文では「消防法で定める」「政令で定める」「施行令で定める」のように、どの法令に書かれているかを選ぶ問題がよく出ます。 試験では、違反時には命令・使用停止などの行政措置が問題になる点を押さえると得点源になります。,許可取消しは試験でどんなふうに問われますか？,違反時には命令・使用停止などの行政措置が問題になる。行政措置には命令・使用停止などがある。,許可取消しで間違えやすい点は？,類似語と混同する。数字や条件を取り違える。,許可取消しと「行政措置」「命令・許可取消し・使用停止」の違いは？,「行政措置」「命令・許可取消し・使用停止」は意味や数値・適用場面が異なります。用語ページの比較表と演習で、許可取消しだけのポイントを確認してください。
警報設備,けいほうせつび,法令・制度,法令・制度;乙4;頻出;詳細記事;実践演習連動;一問一答連動,"警報設備は、火災などの異常を知らせ、避難や初期対応につなげるための設備である。

たとえば、条文では「消防法で定める」「政令で定める」「施行令で定める」のように、どの法令に書かれているかを選ぶ問題がよく出ます。

試験では、定義を一文で説明できる点を押さえると得点源になります。",まず「警報設備」は、火災などの異常を知らせ、避難や初期対応につなげるための設備である。 避難設備は、火災等の際に安全な避難を助けるための設備である。 法令・制度では「警報設備等」の文脈で繰り返し問われます。,警報設備等;警報設備・避難設備;避難設備,消防法,B,消火設備や避難設備との役割の違いを押さえる。 警報設備・消火設備との違いを押さえる。 誤り。価格決定ではない。 誤り。指定数量変更ではない。,警報設備とは？危険物取扱者試験（乙種第4類）で押さえる意味・試験ポイント,このページでは、法令・制度分野の「警報設備」を、試験に出る形で整理します。ひとことで言うと、火災などの異常を知らせ、避難や初期対応につなげるための設備である。下の目次の順に読むと、定義から演習のポイントまでつながって理解できます。,"警報設備は、火災などの異常を知らせ、避難や初期対応につなげるための設備である。 避難設備は、火災等の際に安全な避難を助けるための設備である。

誤り。価格決定ではない。

誤り。指定数量変更ではない。

誤り。飲用可能にするものではない。

誤り。免状印刷ではない。

消火設備や避難設備との役割の違いを押さえる。

警報設備・消火設備との違いを押さえる。

よくある誤りは、消火設備や避難設備との役割の違いを押さえる。警報設備・消火設備との違いを押さえる。

法令・制度では「警報設備等」「警報設備・避難設備」など近い用語とセットで出題されます。定義・数値・主体の違いを表で対比し、警報設備だけの特徴を一言で言えるようにしてください。

火災などの異常を知らせるための設備である。",定義を一文で説明できる。;適用する場面（製造・貯蔵・取扱・消火）を挙げられる。;関連する法令名を意識できる。,消火設備や避難設備との役割の違いを押さえる。;警報設備・消火設備との違いを押さえる。,"「警報設備」は、法令・制度の頻出語です。

整理のコツ：関連する「警報設備等」「警報設備・避難設備」「避難設備」と、「同じ点・違う点」を表に書き出し、警報設備だけの特徴を一行で言えるようにします。

覚え方：間違えたら「消火設備や避難設備との役割の違いを押さえる」のパターンか確認し、同じ型の誤りが出た問題を2問だけ繰り返します。

復習のしかた：丸暗記より、選択肢の「誤り。」の理由を声に出して説明できるかを目標にします。",警報設備の役割として、最も適切なものについて、「火災などの異常を知らせ、避難や初期対応につなげる。」は正しい。,○。正しい。,警報設備とは何ですか？,警報設備は、火災などの異常を知らせ、避難や初期対応につなげるための設備である。 たとえば、条文では「消防法で定める」「政令で定める」「施行令で定める」のように、どの法令に書かれているかを選ぶ問題がよく出ます。 試験では、定義を一文で説明できる点を押さえると得点源になります。,警報設備は試験でどんなふうに問われますか？,定義を一文で説明できる。適用する場面（製造・貯蔵・取扱・消火）を挙げられる。関連する法令名を意識できる。,警報設備で間違えやすい点は？,消火設備や避難設備との役割の違いを押さえる。警報設備・消火設備との違いを押さえる。,警報設備と「警報設備等」「警報設備・避難設備」の違いは？,「警報設備等」「警報設備・避難設備」は意味や数値・適用場面が異なります。用語ページの比較表と演習で、警報設備だけのポイントを確認してください。
警報設備・避難設備,けいほうせつび・ひなんせつび,法令・制度,法令・制度;乙4;頻出;詳細記事;実践演習連動;一問一答連動,"警報設備・避難設備は、警報設備は、火災などの異常を知らせ、避難や初期対応につなげるための設備である。

たとえば、条文では「消防法で定める」「政令で定める」「施行令で定める」のように、どの法令に書かれているかを選ぶ問題がよく出ます。

試験では、定義を一文で説明できる点を押さえると得点源になります。",まず「警報設備・避難設備」は、警報設備は、火災などの異常を知らせ、避難や初期対応につなげるための設備である。 避難設備は、火災等の際に安全な避難を助けるための設備である。 法令・制度では「警報設備等」の文脈で繰り返し問われます。,セルフ式給油取扱所の基準;一般取扱所の基準;丙種の違い,消防法,B,消火設備や避難設備との役割の違いを押さえる。 警報設備・消火設備との違いを押さえる。 誤り。価格決定ではない。 誤り。指定数量変更ではない。,警報設備・避難設備とは？危険物取扱者試験（乙種第4類）で押さえる意味・試験ポイント,このページでは、法令・制度分野の「警報設備・避難設備」を、試験に出る形で整理します。ひとことで言うと、警報設備は、火災などの異常を知らせ、避難や初期対応につなげるための設備である。下の目次の順に読むと、定義から演習のポイントまでつながって理解できます。,"警報設備・避難設備は、警報設備は、火災などの異常を知らせ、避難や初期対応につなげるための設備である。 避難設備は、火災等の際に安全な避難を助けるための設備である。

誤り。価格決定ではない。

誤り。指定数量変更ではない。

誤り。飲用可能にするものではない。

誤り。免状印刷ではない。

消火設備や避難設備との役割の違いを押さえる。

警報設備・消火設備との違いを押さえる。

よくある誤りは、消火設備や避難設備との役割の違いを押さえる。警報設備・消火設備との違いを押さえる。

法令・制度では「セルフ式給油取扱所の基準」「一般取扱所の基準」など近い用語とセットで出題されます。定義・数値・主体の違いを表で対比し、警報設備・避難設備だけの特徴を一言で言えるようにしてください。

警報設備は、火災などの異常を知らせるための設備である。",定義を一文で説明できる。;適用する場面（製造・貯蔵・取扱・消火）を挙げられる。;関連する法令名を意識できる。,消火設備や避難設備との役割の違いを押さえる。;警報設備・消火設備との違いを押さえる。,"「警報設備・避難設備」は、法令・制度の頻出語です。

整理のコツ：関連する「セルフ式給油取扱所の基準」「一般取扱所の基準」「丙種の違い」と、「同じ点・違う点」を表に書き出し、警報設備・避難設備だけの特徴を一行で言えるようにします。

覚え方：間違えたら「消火設備や避難設備との役割の違いを押さえる」のパターンか確認し、同じ型の誤りが出た問題を2問だけ繰り返します。

復習のしかた：丸暗記より、選択肢の「誤り。」の理由を声に出して説明できるかを目標にします。",警報設備の役割として、最も適切なものについて、「火災などの異常を知らせ、避難や初期対応につなげる。」は正しい。,○。正しい。,警報設備・避難設備とは何ですか？,警報設備・避難設備は、警報設備は、火災などの異常を知らせ、避難や初期対応につなげるための設備である。 たとえば、条文では「消防法で定める」「政令で定める」「施行令で定める」のように、どの法令に書かれているかを選ぶ問題がよく出ます。 試験では、定義を一文で説明できる点を押さえると得点源になります。,警報設備・避難設備は試験でどんなふうに問われますか？,定義を一文で説明できる。適用する場面（製造・貯蔵・取扱・消火）を挙げられる。関連する法令名を意識できる。,警報設備・避難設備で間違えやすい点は？,消火設備や避難設備との役割の違いを押さえる。警報設備・消火設備との違いを押さえる。,警報設備・避難設備と「セルフ式給油取扱所の基準」「一般取扱所の基準」の違いは？,「セルフ式給油取扱所の基準」「一般取扱所の基準」は意味や数値・適用場面が異なります。用語ページの比較表と演習で、警報設備・避難設備だけのポイントを確認してください。
警報設備等,けいほうせつびなど,法令・制度,法令・制度;乙4;頻出;詳細記事;実践演習連動;一問一答連動,"警報設備等は、警報設備は、火災などの異常を知らせ、避難や初期対応につなげるための設備である。

たとえば、条文では「消防法で定める」「政令で定める」「施行令で定める」のように、どの法令に書かれているかを選ぶ問題がよく出ます。

試験では、定義を一文で説明できる点を押さえると得点源になります。",まず「警報設備等」は、警報設備は、火災などの異常を知らせ、避難や初期対応につなげるための設備である。 避難設備は、火災等の際に安全な避難を助けるための設備である。 法令・制度では「警報設備等」の文脈で繰り返し問われます。,警報設備・避難設備;警報設備;避難設備,消防法,B,消火設備や避難設備との役割の違いを押さえる。 警報設備・消火設備との違いを押さえる。 誤り。価格決定ではない。 誤り。指定数量変更ではない。,警報設備等とは？危険物取扱者試験（乙種第4類）で押さえる意味・試験ポイント,このページでは、法令・制度分野の「警報設備等」を、試験に出る形で整理します。ひとことで言うと、警報設備は、火災などの異常を知らせ、避難や初期対応につなげるための設備である。下の目次の順に読むと、定義から演習のポイントまでつながって理解できます。,"警報設備等は、警報設備は、火災などの異常を知らせ、避難や初期対応につなげるための設備である。 避難設備は、火災等の際に安全な避難を助けるための設備である。

誤り。価格決定ではない。

誤り。指定数量変更ではない。

誤り。飲用可能にするものではない。

誤り。免状印刷ではない。

消火設備や避難設備との役割の違いを押さえる。

警報設備・消火設備との違いを押さえる。

よくある誤りは、消火設備や避難設備との役割の違いを押さえる。警報設備・消火設備との違いを押さえる。

法令・制度では「警報設備・避難設備」「警報設備」など近い用語とセットで出題されます。定義・数値・主体の違いを表で対比し、警報設備等だけの特徴を一言で言えるようにしてください。

警報設備は、火災などの異常を知らせるための設備である。",定義を一文で説明できる。;適用する場面（製造・貯蔵・取扱・消火）を挙げられる。;関連する法令名を意識できる。,消火設備や避難設備との役割の違いを押さえる。;警報設備・消火設備との違いを押さえる。,"「警報設備等」は、法令・制度の頻出語です。

整理のコツ：関連する「警報設備・避難設備」「警報設備」「避難設備」と、「同じ点・違う点」を表に書き出し、警報設備等だけの特徴を一行で言えるようにします。

覚え方：間違えたら「消火設備や避難設備との役割の違いを押さえる」のパターンか確認し、同じ型の誤りが出た問題を2問だけ繰り返します。

復習のしかた：丸暗記より、選択肢の「誤り。」の理由を声に出して説明できるかを目標にします。",警報設備の役割として、最も適切なものについて、「火災などの異常を知らせ、避難や初期対応につなげる。」は正しい。,○。正しい。,警報設備等とは何ですか？,警報設備等は、警報設備は、火災などの異常を知らせ、避難や初期対応につなげるための設備である。 たとえば、条文では「消防法で定める」「政令で定める」「施行令で定める」のように、どの法令に書かれているかを選ぶ問題がよく出ます。 試験では、定義を一文で説明できる点を押さえると得点源になります。,警報設備等は試験でどんなふうに問われますか？,定義を一文で説明できる。適用する場面（製造・貯蔵・取扱・消火）を挙げられる。関連する法令名を意識できる。,警報設備等で間違えやすい点は？,消火設備や避難設備との役割の違いを押さえる。警報設備・消火設備との違いを押さえる。,警報設備等と「警報設備・避難設備」「警報設備」の違いは？,「警報設備・避難設備」「警報設備」は意味や数値・適用場面が異なります。用語ページの比較表と演習で、警報設備等だけのポイントを確認してください。
譲渡・引渡しの届出,じょうと・ひきわたしのとどけで,法令・制度,法令・制度;乙4;頻出;詳細記事;実践演習連動;一問一答連動,"譲渡・引渡しの届出は、製造所等の譲渡または引渡しがあった場合、法令上、届出が必要になります場合がある。

たとえば、条文では「消防法で定める」「政令で定める」「施行令で定める」のように、どの法令に書かれているかを選ぶ問題がよく出ます。

試験では、定義を一文で説明できる点を押さえると得点源になります。",まず「譲渡・引渡しの届出」は、製造所等の譲渡または引渡しがあった場合、法令上、届出が必要になります場合がある。施設の権利移転と免状更新は別の手続きである。 製造所等の譲渡または引渡しがあった場合、法令上、届出が必要になります場合がある。 法令・制度では「届出」の文脈で繰り返し問われます。,セルフ式給油取扱所の基準;一般取扱所の基準;丙種の違い,消防法,B,免状手続きと施設の届出を混同しない。 誤り。危険物を廃棄すれば常に不要というものではない。 誤り。第4類危険物の施設でも関係し得る。 誤り。免状更新手続きではない。,譲渡・引渡しの届出とは？危険物取扱者試験（乙種第4類）で押さえる意味・試験ポイント,このページでは、法令・制度分野の「譲渡・引渡しの届出」を、試験に出る形で整理します。ひとことで言うと、製造所等の譲渡または引渡しがあった場合、法令上、届出が必要になります場合がある。施設の権利移転と免状更新は別の手続きである。下の目次の順に読むと、定義から演習のポイントまでつながって理解できます。,"譲渡・引渡しの届出は、製造所等の譲渡または引渡しがあった場合、法令上、届出が必要になります場合がある。施設の権利移転と免状更新は別の手続きである。 製造所等の譲渡または引渡しがあった場合、届出が必要になります場合がある。

誤り。危険物を廃棄すれば常に不要というものではない。

誤り。第4類危険物の施設でも関係し得る。

誤り。免状更新手続きではない。

誤り。一切不要とはいえない。

免状手続きと施設の届出を混同しない。

よくある誤りは、免状手続きと施設の届出を混同しない。

法令・制度では「セルフ式給油取扱所の基準」「一般取扱所の基準」など近い用語とセットで出題されます。定義・数値・主体の違いを表で対比し、譲渡・引渡しの届出だけの特徴を一言で言えるようにしてください。",定義を一文で説明できる。;適用する場面（製造・貯蔵・取扱・消火）を挙げられる。;関連する法令名を意識できる。,免状手続きと施設の届出を混同しない。,"「譲渡・引渡しの届出」は、法令・制度の頻出語です。

整理のコツ：関連する「セルフ式給油取扱所の基準」「一般取扱所の基準」「丙種の違い」と、「同じ点・違う点」を表に書き出し、譲渡・引渡しの届出だけの特徴を一行で言えるようにします。

覚え方：間違えたら「免状手続きと施設の届出を混同しない」のパターンか確認し、同じ型の誤りが出た問題を2問だけ繰り返します。

復習のしかた：丸暗記より、選択肢の「誤り。」の理由を声に出して説明できるかを目標にします。",製造所等を譲り受けた場合などの手続きについて、「譲渡の届出は、危険物取扱者免状の更新手続きだけをいう。」は正しい。,×。誤り。,譲渡・引渡しの届出とは何ですか？,譲渡・引渡しの届出は、製造所等の譲渡または引渡しがあった場合、法令上、届出が必要になります場合がある。 たとえば、条文では「消防法で定める」「政令で定める」「施行令で定める」のように、どの法令に書かれているかを選ぶ問題がよく出ます。 試験では、定義を一文で説明できる点を押さえると得点源になります。,譲渡・引渡しの届出は試験でどんなふうに問われますか？,定義を一文で説明できる。適用する場面（製造・貯蔵・取扱・消火）を挙げられる。関連する法令名を意識できる。,譲渡・引渡しの届出で間違えやすい点は？,免状手続きと施設の届出を混同しない。,譲渡・引渡しの届出と「セルフ式給油取扱所の基準」「一般取扱所の基準」の違いは？,「セルフ式給油取扱所の基準」「一般取扱所の基準」は意味や数値・適用場面が異なります。用語ページの比較表と演習で、譲渡・引渡しの届出だけのポイントを確認してください。
負触媒効果,ふしょくばいこうか,物性・化学,物性・化学;乙4;頻出;詳細記事;実践演習連動;一問一答連動,"負触媒効果は、抑制消火は、燃焼の連鎖反応を抑えることで消火する方法であり、負触媒効果とも関連する。

たとえば、引火点・沸点・密度など、数字と単位をセットで覚えると、選択肢の数値の当たり外れを見分けやすくなります。

試験では、定義を一文で説明できる点を押さえると得点源になります。",まず「負触媒効果」は、抑制消火は、燃焼の連鎖反応を抑えることで消火する方法であり、負触媒効果とも関連する。 抑制消火は、燃焼の連鎖反応を抑えることで消火する方法である。 物性・化学では「消火」の文脈で繰り返し問われます。,抑制消火・負触媒効果;消火;抑制消火,,B,除去・窒息・冷却だけでなく抑制も押さえる。 誤り。密度測定ではない。 誤り。燃焼範囲を広げる方法ではない。 誤り。可燃物を増やすのは危険である。,負触媒効果とは？危険物取扱者試験（乙種第4類）で押さえる意味・試験ポイント,このページでは、物性・化学分野の「負触媒効果」を、試験に出る形で整理します。ひとことで言うと、抑制消火は、燃焼の連鎖反応を抑えることで消火する方法であり、負触媒効果とも関連する。下の目次の順に読むと、定義から演習のポイントまでつながって理解できます。,"負触媒効果は、抑制消火は、燃焼の連鎖反応を抑えることで消火する方法であり、負触媒効果とも関連する。 抑制消火は、燃焼の連鎖反応を抑えることで消火する方法である。

誤り。密度測定ではない。

誤り。燃焼範囲を広げる方法ではない。

誤り。可燃物を増やすのは危険である。

誤り。温度計の操作ではない。

除去・窒息・冷却だけでなく抑制も押さえる。

よくある誤りは、除去・窒息・冷却だけでなく抑制も押さえる。

物性・化学では「抑制消火・負触媒効果」「消火」など近い用語とセットで出題されます。定義・数値・主体の違いを表で対比し、負触媒効果だけの特徴を一言で言えるようにしてください。

粉末消火剤は、燃焼の連鎖反応を抑える効果などにより消火する。",定義を一文で説明できる。;適用する場面（製造・貯蔵・取扱・消火）を挙げられる。;関連する法令名を意識できる。,除去・窒息・冷却だけでなく抑制も押さえる。,"「負触媒効果」は、物性・化学の頻出語です。

整理のコツ：関連する「抑制消火・負触媒効果」「消火」「抑制消火」と、「同じ点・違う点」を表に書き出し、負触媒効果だけの特徴を一行で言えるようにします。

覚え方：間違えたら「除去・窒息・冷却だけでなく抑制も押さえる」のパターンか確認し、同じ型の誤りが出た問題を2問だけ繰り返します。

復習のしかた：丸暗記より、選択肢の「誤り。」の理由を声に出して説明できるかを目標にします。",抑制消火について、「水に溶かして密度を測る方法である。」は正しい。,×。誤り。,負触媒効果とは何ですか？,負触媒効果は、抑制消火は、燃焼の連鎖反応を抑えることで消火する方法であり、負触媒効果とも関連する。 たとえば、引火点・沸点・密度など、数字と単位をセットで覚えると、選択肢の数値の当たり外れを見分けやすくなります。 試験では、定義を一文で説明できる点を押さえると得点源になります。,負触媒効果は試験でどんなふうに問われますか？,定義を一文で説明できる。適用する場面（製造・貯蔵・取扱・消火）を挙げられる。関連する法令名を意識できる。,負触媒効果で間違えやすい点は？,除去・窒息・冷却だけでなく抑制も押さえる。,負触媒効果と「抑制消火・負触媒効果」「消火」の違いは？,「抑制消火・負触媒効果」「消火」は意味や数値・適用場面が異なります。用語ページの比較表と演習で、負触媒効果だけのポイントを確認してください。
販売取扱所の基準,はんばいとりあつかいところのきじゅん,法令・制度,法令・制度;乙4;頻出;詳細記事;実践演習連動;一問一答連動,"販売取扱所の基準は、販売取扱所は、容器入りの危険物を販売する取扱所である。

たとえば、条文では「消防法で定める」「政令で定める」「施行令で定める」のように、どの法令に書かれているかを選ぶ問題がよく出ます。

試験では、定義を一文で説明できる点を押さえると得点源になります。",まず「販売取扱所の基準」は、販売取扱所は、容器入りの危険物を販売する取扱所である。移動タンク貯蔵所や屋外タンク貯蔵所とは異なる。 販売取扱所は、容器入りの危険物を販売する取扱所である。 法令・制度では「取扱所基準」の文脈で繰り返し問われます。,セルフ式給油取扱所の基準;一般取扱所の基準;丙種の違い,危険物の規制に関する政令,B,誤り。試験会場ではない。 誤り。移動タンク貯蔵所の説明である。 誤り。自衛消防組織の別名ではない。,販売取扱所の基準とは？危険物取扱者試験（乙種第4類）で押さえる意味・試験ポイント,このページでは、法令・制度分野の「販売取扱所の基準」を、試験に出る形で整理します。ひとことで言うと、販売取扱所は、容器入りの危険物を販売する取扱所である。移動タンク貯蔵所や屋外タンク貯蔵所とは異なる。下の目次の順に読むと、定義から演習のポイントまでつながって理解できます。,"販売取扱所の基準は、販売取扱所は、容器入りの危険物を販売する取扱所である。移動タンク貯蔵所や屋外タンク貯蔵所とは異なる。

誤り。試験会場ではない。

誤り。移動タンク貯蔵所の説明である。

誤り。自衛消防組織の別名ではない。

誤り。屋外タンク貯蔵所の説明である。

法令・制度では「セルフ式給油取扱所の基準」「一般取扱所の基準」など近い用語とセットで出題されます。定義・数値・主体の違いを表で対比し、販売取扱所の基準だけの特徴を一言で言えるようにしてください。",定義を一文で説明できる。;適用する場面（製造・貯蔵・取扱・消火）を挙げられる。;関連する法令名を意識できる。,類似語と混同する。;数字や条件を取り違える。;すべての危険物に当てはめる。,"「販売取扱所の基準」は、法令・制度の頻出語です。

整理のコツ：関連する「セルフ式給油取扱所の基準」「一般取扱所の基準」「丙種の違い」と、「同じ点・違う点」を表に書き出し、販売取扱所の基準だけの特徴を一行で言えるようにします。

覚え方：間違えたら「類似語と混同する」のパターンか確認し、同じ型の誤りが出た問題を2問だけ繰り返します。

復習のしかた：丸暗記より、選択肢の「誤り。」の理由を声に出して説明できるかを目標にします。",販売取扱所について、「容器入りの危険物を販売する取扱所である。」は正しい。,○。正しい。,販売取扱所の基準とは何ですか？,販売取扱所の基準は、販売取扱所は、容器入りの危険物を販売する取扱所である。 たとえば、条文では「消防法で定める」「政令で定める」「施行令で定める」のように、どの法令に書かれているかを選ぶ問題がよく出ます。 試験では、定義を一文で説明できる点を押さえると得点源になります。,販売取扱所の基準は試験でどんなふうに問われますか？,定義を一文で説明できる。適用する場面（製造・貯蔵・取扱・消火）を挙げられる。関連する法令名を意識できる。,販売取扱所の基準で間違えやすい点は？,類似語と混同する。数字や条件を取り違える。,販売取扱所の基準と「セルフ式給油取扱所の基準」「一般取扱所の基準」の違いは？,「セルフ式給油取扱所の基準」「一般取扱所の基準」は意味や数値・適用場面が異なります。用語ページの比較表と演習で、販売取扱所の基準だけのポイントを確認してください。
貯蔵・取扱い,ちょぞう・とりあつかい,火災・消火・漏えい,火災・消火・漏えい;乙4;頻出;詳細記事;実践演習連動;一問一答連動,"貯蔵・取扱いは、危険物はその性質に応じて、火気、漏えい、混触、温度管理などに注意して貯蔵・取扱いを行う必要がある。

たとえば、危険物の性質（水溶性か、蒸気がたまりやすいか）に合った消火・漏えい対策かどうかが、正誤の判断ポイントになります。

試験では、第4類は密栓・火気厳禁・漏えい防止点を押さえると得点源になります。",まず「貯蔵・取扱い」は、危険物はその性質に応じて、火気、漏えい、混触、温度管理などに注意して貯蔵・取扱いを行う必要がある。 火災・消火・漏えいでは「貯蔵・取扱基準」の文脈で繰り返し問われます。,危険物の貯蔵・取扱いの共通基準;貯蔵・取扱基準;危険物の貯蔵,危険物の規制に関する政令,B,第4類は密栓・火気厳禁・漏えい防止。 貯蔵・取扱いでは、火気・漏えい・混触・温度に注意する。 危険物は種類が違っても同じ扱いでよい、という理解は誤り。 誤り。漏えいは適切に処理する必要がある。,貯蔵・取扱いとは？危険物取扱者試験（乙種第4類）で押さえる意味・試験ポイント,このページでは、火災・消火・漏えい分野の「貯蔵・取扱い」を、試験に出る形で整理します。ひとことで言うと、危険物はその性質に応じて、火気、漏えい、混触、温度管理などに注意して貯蔵・取扱いを行う必要がある。下の目次の順に読むと、定義から演習のポイントまでつながって理解できます。,"貯蔵・取扱いは、危険物はその性質に応じて、火気、漏えい、混触、温度管理などに注意して貯蔵・取扱いを行う必要がある。 第4類危険物では、蒸気の発生、火気、静電気、漏えいに注意し、密栓や換気など適切な管理を行う必要がある。

試験では、第4類は密栓・火気厳禁・漏えい防止。また、貯蔵・取扱いでは、火気・漏えい・混触・温度に注意する点も押さえます。

誤り。漏えいは適切に処理する必要がある。

誤り。容器開放は蒸気発生の危険を高める。

誤り。水溶性でも引火危険がある。

誤り。火気の近くでの移し替えは危険である。

第4類は密栓・火気厳禁・漏えい防止。

貯蔵・取扱いでは、火気・漏えい・混触・温度に注意する。

危険物は種類が違っても同じ扱いでよい、という理解は誤り。

よくある誤りは、危険物は種類が違っても同じ扱いでよい、という理解は誤り。すべて同じ保管方法でよい、とは考えない。適切な管理策と危険行為を取り違えない。

火災・消火・漏えいでは「危険物の貯蔵・取扱いの共通基準」「貯蔵・取扱基準」など近い用語とセットで出題されます。定義・数値・主体の違いを表で対比し、貯蔵・取扱いだけの特徴を一言で言えるようにしてください。

危険物はその性質に応じて、火気、温度、漏えい、混触などに注意して貯蔵・取扱いを行う必要がある。

危険物の性質を無視して混触させると、火災や反応の危険がある。

火気管理、漏えい防止、換気、温度管理は重要な対策である。",第4類は密栓・火気厳禁・漏えい防止。;貯蔵・取扱いでは、火気・漏えい・混触・温度に注意する。,危険物は種類が違っても同じ扱いでよい、という理解は誤り。;すべて同じ保管方法でよい、とは考えない。;適切な管理策と危険行為を取り違えない。,"「貯蔵・取扱い」は、火災・消火・漏えいの頻出語です。

整理のコツ：関連する「危険物の貯蔵・取扱いの共通基準」「貯蔵・取扱基準」「危険物の貯蔵」と、「同じ点・違う点」を表に書き出し、貯蔵・取扱いだけの特徴を一行で言えるようにします。

覚え方：間違えたら「危険物は種類が違っても同じ扱いでよい、という理解は誤り」のパターンか確認し、同じ型の誤りが出た問題を2問だけ繰り返します。

復習のしかた：丸暗記より、選択肢の「誤り。」の理由を声に出して説明できるかを目標にします。",第4類危険物の貯蔵・取扱いについて、適切なものについて、「火気の近くで移し替える。」は正しい。,×。誤り。,貯蔵・取扱いとは何ですか？,貯蔵・取扱いは、危険物はその性質に応じて、火気、漏えい、混触、温度管理などに注意して貯蔵・取扱いを行う必要がある。 たとえば、危険物の性質（水溶性か、蒸気がたまりやすいか）に合った消火・漏えい対策かどうかが、正誤の判断ポイントになります。 試験では、第4類は密栓・火気厳禁・漏えい防止点を押さえると得点源になります。,貯蔵・取扱いは試験でどんなふうに問われますか？,第4類は密栓・火気厳禁・漏えい防止。貯蔵・取扱いでは、火気・漏えい・混触・温度に注意する。,貯蔵・取扱いで間違えやすい点は？,危険物は種類が違っても同じ扱いでよい、という理解は誤り。すべて同じ保管方法でよい、とは考えない。,貯蔵・取扱いと「危険物の貯蔵・取扱いの共通基準」「貯蔵・取扱基準」の違いは？,「危険物の貯蔵・取扱いの共通基準」「貯蔵・取扱基準」は意味や数値・適用場面が異なります。用語ページの比較表と演習で、貯蔵・取扱いだけのポイントを確認してください。
貯蔵・取扱基準,ちょぞう・とりあつかいきじゅん,法令・制度,法令・制度;乙4;頻出;詳細記事;実践演習連動;一問一答連動,"貯蔵・取扱基準は、危険物はその性質に応じて、火気、漏えい、混触、温度管理などに注意して貯蔵・取扱いを行う必要がある。

たとえば、条文では「消防法で定める」「政令で定める」「施行令で定める」のように、どの法令に書かれているかを選ぶ問題がよく出ます。

試験では、貯蔵・取扱いでは、火気・漏えい・混触・温度に注意する点を押さえると得点源になります。",まず「貯蔵・取扱基準」は、危険物はその性質に応じて、火気、漏えい、混触、温度管理などに注意して貯蔵・取扱いを行う必要がある。 危険物はその性質に応じて、火気、温度、漏えい、混触などに注意して貯蔵・取扱いを行う必要がある。 法令・制度では「貯蔵・取扱基準」の文脈で繰り返し問われます。,危険物の貯蔵・取扱いの共通基準;危険物の貯蔵;取扱いの共通基準,危険物の規制に関する政令,B,貯蔵・取扱いでは、火気・漏えい・混触・温度に注意する。 危険物は種類が違っても同じ扱いでよい、という理解は誤り。 すべて同じ保管方法でよい、とは考えない。 誤り。直射日光や加熱は危険を高める場合がある。,貯蔵・取扱基準とは？危険物取扱者試験（乙種第4類）で押さえる意味・試験ポイント,このページでは、法令・制度分野の「貯蔵・取扱基準」を、試験に出る形で整理します。ひとことで言うと、危険物はその性質に応じて、火気、漏えい、混触、温度管理などに注意して貯蔵・取扱いを行う必要がある。下の目次の順に読むと、定義から演習のポイントまでつながって理解できます。,"貯蔵・取扱基準は、危険物はその性質に応じて、火気、漏えい、混触、温度管理などに注意して貯蔵・取扱いを行う必要がある。 危険物はその性質に応じて、火気、温度、漏えい、混触などに注意して貯蔵・取扱いを行う必要がある。

試験では、貯蔵・取扱いでは、火気・漏えい・混触・温度に注意する点が問われます。

誤り。直射日光や加熱は危険を高める場合がある。

誤り。危険物の種類や性質に応じた貯蔵方法が必要である。

誤り。下水へ流すことは火災や環境汚染の危険がある。

誤り。可燃性蒸気がある場所で火気を近づけるのは危険である。

貯蔵・取扱いでは、火気・漏えい・混触・温度に注意する。

危険物は種類が違っても同じ扱いでよい、という理解は誤り。

すべて同じ保管方法でよい、とは考えない。

よくある誤りは、危険物は種類が違っても同じ扱いでよい、という理解は誤り。すべて同じ保管方法でよい、とは考えない。適切な管理策と危険行為を取り違えない。

法令・制度では「危険物の貯蔵・取扱いの共通基準」「危険物の貯蔵」など近い用語とセットで出題されます。定義・数値・主体の違いを表で対比し、貯蔵・取扱基準だけの特徴を一言で言えるようにしてください。

危険物の性質を無視して混触させると、火災や反応の危険がある。

火気管理、漏えい防止、換気、温度管理は重要な対策である。

危険物は性質に応じ、温度、火気、漏えい、換気などに注意して貯蔵する。",貯蔵・取扱いでは、火気・漏えい・混触・温度に注意する。,危険物は種類が違っても同じ扱いでよい、という理解は誤り。;すべて同じ保管方法でよい、とは考えない。;適切な管理策と危険行為を取り違えない。,"「貯蔵・取扱基準」は、法令・制度の頻出語です。

整理のコツ：関連する「危険物の貯蔵・取扱いの共通基準」「危険物の貯蔵」「取扱いの共通基準」と、「同じ点・違う点」を表に書き出し、貯蔵・取扱基準だけの特徴を一行で言えるようにします。

覚え方：間違えたら「危険物は種類が違っても同じ扱いでよい、という理解は誤り」のパターンか確認し、同じ型の誤りが出た問題を2問だけ繰り返します。

復習のしかた：丸暗記より、選択肢の「誤り。」の理由を声に出して説明できるかを目標にします。",危険物の貯蔵または取扱いについて、適切なものについて、「危険物の性質に応じて、火気、漏えい、混触などに注意して取り扱う。」は正しい。,○。正しい。,貯蔵・取扱基準とは何ですか？,貯蔵・取扱基準は、危険物はその性質に応じて、火気、漏えい、混触、温度管理などに注意して貯蔵・取扱いを行う必要がある。 たとえば、条文では「消防法で定める」「政令で定める」「施行令で定める」のように、どの法令に書かれているかを選ぶ問題がよく出ます。 試験では、貯蔵・取扱いでは、火気・漏えい・混触・温度に注意する点を押さえると得点源になります。,貯蔵・取扱基準は試験でどんなふうに問われますか？,貯蔵・取扱いでは、火気・漏えい・混触・温度に注意する。,貯蔵・取扱基準で間違えやすい点は？,危険物は種類が違っても同じ扱いでよい、という理解は誤り。すべて同じ保管方法でよい、とは考えない。,貯蔵・取扱基準と「危険物の貯蔵・取扱いの共通基準」「危険物の貯蔵」の違いは？,「危険物の貯蔵・取扱いの共通基準」「危険物の貯蔵」は意味や数値・適用場面が異なります。用語ページの比較表と演習で、貯蔵・取扱基準だけのポイントを確認してください。
貯蔵所,ちょぞうところ,法令・制度,法令・制度;乙4;頻出;詳細記事;実践演習連動;一問一答連動,"貯蔵所は、危険物を貯蔵する施設を指し、屋内貯蔵所・屋外タンク貯蔵所・移動タンク貯蔵所などに区分される。

たとえば、条文では「消防法で定める」「政令で定める」「施行令で定める」のように、どの法令に書かれているかを選ぶ問題がよく出ます。

試験では、種類別の基準（屋内・屋外タンク等）点を押さえると得点源になります。",まず「貯蔵所」は、危険物を貯蔵する施設を指し、屋内貯蔵所・屋外タンク貯蔵所・移動タンク貯蔵所などに区分される。,セルフ式給油取扱所の基準;一般取扱所の基準;丙種の違い,危険物の規制に関する政令,B,移動という語から取扱所と誤認しない。 誤り。一般取扱所は取扱所である。 誤り。移送取扱所は取扱所である。 誤り。販売取扱所は取扱所である。,貯蔵所とは？危険物取扱者試験（乙種第4類）で押さえる意味・試験ポイント,このページでは、法令・制度分野の「貯蔵所」を、試験に出る形で整理します。ひとことで言うと、危険物を貯蔵する施設を指し、屋内貯蔵所・屋外タンク貯蔵所・移動タンク貯蔵所などに区分される。下の目次の順に読むと、定義から演習のポイントまでつながって理解できます。,"貯蔵所の種類により、防火構造、防油堤、倍数計算、保安距離、表示などの基準が異なります。製造所・取扱所との違いも試験で問われます。

倍数は品名ごとの貯蔵量÷指定数量の合算で判断します。貯蔵所の変更・廃止時の届出・許可も関連して出題されます。

誤り。一般取扱所は取扱所である。

誤り。移送取扱所は取扱所である。

誤り。販売取扱所は取扱所である。

誤り。給油取扱所は取扱所である。

移動という語から取扱所と誤認しない。",種類別の基準（屋内・屋外タンク等）。;倍数計算。;製造所・取扱所との区別。,すべての貯蔵所に同一基準とみなす。;倍数を容量の単純合計と誤る。,"「貯蔵所」は、法令・制度の頻出語です。

整理のコツ：関連する「セルフ式給油取扱所の基準」「一般取扱所の基準」「丙種の違い」と、「同じ点・違う点」を表に書き出し、貯蔵所だけの特徴を一行で言えるようにします。

覚え方：間違えたら「すべての貯蔵所に同一基準とみなす」のパターンか確認し、同じ型の誤りが出た問題を2問だけ繰り返します。

復習のしかた：丸暗記より、選択肢の「誤り。」の理由を声に出して説明できるかを目標にします。",危険物の貯蔵所の種類について、「屋内貯蔵所」は正しい。,○。正しい。,貯蔵所とは何ですか？,貯蔵所は、危険物を貯蔵する施設を指し、屋内貯蔵所・屋外タンク貯蔵所・移動タンク貯蔵所などに区分される。 たとえば、条文では「消防法で定める」「政令で定める」「施行令で定める」のように、どの法令に書かれているかを選ぶ問題がよく出ます。 試験では、種類別の基準（屋内・屋外タンク等）点を押さえると得点源になります。,貯蔵所は試験でどんなふうに問われますか？,種類別の基準（屋内・屋外タンク等）。倍数計算。製造所・取扱所との区別。,貯蔵所で間違えやすい点は？,すべての貯蔵所に同一基準とみなす。倍数を容量の単純合計と誤る。,貯蔵所と「セルフ式給油取扱所の基準」「一般取扱所の基準」の違いは？,「セルフ式給油取扱所の基準」「一般取扱所の基準」は意味や数値・適用場面が異なります。用語ページの比較表と演習で、貯蔵所だけのポイントを確認してください。
貯蔵所の種類全体,ちょぞうところのしゅるいぜんたい,法令・制度,法令・制度;乙4;頻出;詳細記事;実践演習連動;一問一答連動,"貯蔵所の種類全体は、屋内貯蔵所は危険物を貯蔵する施設の一つである。

たとえば、条文では「消防法で定める」「政令で定める」「施行令で定める」のように、どの法令に書かれているかを選ぶ問題がよく出ます。

試験では、定義を一文で説明できる点を押さえると得点源になります。",まず「貯蔵所の種類全体」は、屋内貯蔵所は危険物を貯蔵する施設の一つである。給油取扱所、一般取扱所、販売取扱所、移送取扱所は取扱所に分類される。 地下タンク貯蔵所は貯蔵所の一種である。販売取扱所、給油取扱所、移送取扱所、一般取扱所はいずれも取扱所である。 法令・制度では「貯蔵所」の文脈で繰り返し問われます。,セルフ式給油取扱所の基準;一般取扱所の基準;丙種の違い,危険物の規制に関する政令,B,移動という語から取扱所と誤認しない。 誤り。一般取扱所は取扱所である。 誤り。移送取扱所は取扱所である。 誤り。販売取扱所は取扱所である。,貯蔵所の種類全体とは？危険物取扱者試験（乙種第4類）で押さえる意味・試験ポイント,このページでは、法令・制度分野の「貯蔵所の種類全体」を、試験に出る形で整理します。ひとことで言うと、屋内貯蔵所は危険物を貯蔵する施設の一つである。給油取扱所、一般取扱所、販売取扱所、移送取扱所は取扱所に分類される。下の目次の順に読むと、定義から演習のポイントまでつながって理解できます。,"貯蔵所の種類全体は、屋内貯蔵所は危険物を貯蔵する施設の一つである。給油取扱所、一般取扱所、販売取扱所、移送取扱所は取扱所に分類される。 地下タンク貯蔵所は貯蔵所の一種である。販売取扱所、給油取扱所、移送取扱所、一般取扱所はいずれも取扱所である。

誤り。一般取扱所は取扱所である。

誤り。移送取扱所は取扱所である。

誤り。販売取扱所は取扱所である。

誤り。給油取扱所は取扱所である。

移動という語から取扱所と誤認しない。

よくある誤りは、移動という語から取扱所と誤認しない。

法令・制度では「セルフ式給油取扱所の基準」「一般取扱所の基準」など近い用語とセットで出題されます。定義・数値・主体の違いを表で対比し、貯蔵所の種類全体だけの特徴を一言で言えるようにしてください。

移動タンク貯蔵所は、名称に移動とあるが貯蔵所の一種である。",定義を一文で説明できる。;適用する場面（製造・貯蔵・取扱・消火）を挙げられる。;関連する法令名を意識できる。,移動という語から取扱所と誤認しない。,"「貯蔵所の種類全体」は、法令・制度の頻出語です。

整理のコツ：関連する「セルフ式給油取扱所の基準」「一般取扱所の基準」「丙種の違い」と、「同じ点・違う点」を表に書き出し、貯蔵所の種類全体だけの特徴を一行で言えるようにします。

覚え方：間違えたら「移動という語から取扱所と誤認しない」のパターンか確認し、同じ型の誤りが出た問題を2問だけ繰り返します。

復習のしかた：丸暗記より、選択肢の「誤り。」の理由を声に出して説明できるかを目標にします。",危険物の貯蔵所の種類について、「屋内貯蔵所」は正しい。,○。正しい。,貯蔵所の種類全体とは何ですか？,貯蔵所の種類全体は、屋内貯蔵所は危険物を貯蔵する施設の一つである。 たとえば、条文では「消防法で定める」「政令で定める」「施行令で定める」のように、どの法令に書かれているかを選ぶ問題がよく出ます。 試験では、定義を一文で説明できる点を押さえると得点源になります。,貯蔵所の種類全体は試験でどんなふうに問われますか？,定義を一文で説明できる。適用する場面（製造・貯蔵・取扱・消火）を挙げられる。関連する法令名を意識できる。,貯蔵所の種類全体で間違えやすい点は？,移動という語から取扱所と誤認しない。,貯蔵所の種類全体と「セルフ式給油取扱所の基準」「一般取扱所の基準」の違いは？,「セルフ式給油取扱所の基準」「一般取扱所の基準」は意味や数値・適用場面が異なります。用語ページの比較表と演習で、貯蔵所の種類全体だけのポイントを確認してください。
貯蔵所基準,ちょぞうところきじゅん,法令・制度,法令・制度;乙4;頻出;詳細記事;実践演習連動;一問一答連動,"貯蔵所基準は、屋内貯蔵所は、危険物を建築物内で貯蔵する貯蔵所の一種である。

たとえば、条文では「消防法で定める」「政令で定める」「施行令で定める」のように、どの法令に書かれているかを選ぶ問題がよく出ます。

試験では、屋内貯蔵所は建築物内で貯蔵する施設点を押さえると得点源になります。",まず「貯蔵所基準」は、屋内貯蔵所は、危険物を建築物内で貯蔵する貯蔵所の一種である。移動タンク貯蔵所や給油取扱所とは異なる。 移動タンク貯蔵所は、タンクローリーのように車両に固定されたタンクで危険物を移送する貯蔵所である。 法令・制度では「貯蔵所基準」の文脈で繰り返し問われます。,屋内貯蔵所の基準;移動タンク貯蔵所の基準;地下タンク貯蔵所の基準,危険物の規制に関する政令,B,屋内貯蔵所は建築物内で貯蔵する施設。 屋内貯蔵所と給油取扱所を混同しない。 移動タンク貯蔵所は貯蔵所に分類される。 誤り。給油取扱所の説明である。,貯蔵所基準とは？危険物取扱者試験（乙種第4類）で押さえる意味・試験ポイント,このページでは、法令・制度分野の「貯蔵所基準」を、試験に出る形で整理します。ひとことで言うと、屋内貯蔵所は、危険物を建築物内で貯蔵する貯蔵所の一種である。移動タンク貯蔵所や給油取扱所とは異なる。下の目次の順に読むと、定義から演習のポイントまでつながって理解できます。,"貯蔵所基準は、屋内貯蔵所は、危険物を建築物内で貯蔵する貯蔵所の一種である。移動タンク貯蔵所や給油取扱所とは異なる。 移動タンク貯蔵所は、タンクローリーのように車両に固定されたタンクで危険物を移送する貯蔵所である。

試験では、屋内貯蔵所は建築物内で貯蔵する施設。移動タンク貯蔵所は貯蔵所に分類される。屋外タンク貯蔵所は屋外タンクで貯蔵する施設。また、地下タンク貯蔵所は地下のタンクで貯蔵する施設点も押さえます。

誤り。給油取扱所の説明である。

誤り。販売取扱所の説明としても不十分である。

誤り。移動タンク貯蔵所の説明である。

誤り。移送取扱所の説明である。

屋内貯蔵所は建築物内で貯蔵する施設。

屋内貯蔵所と給油取扱所を混同しない。

移動タンク貯蔵所は貯蔵所に分類される。

よくある誤りは、屋内貯蔵所と給油取扱所を混同しない。『移動』とあるが取扱所ではなく貯蔵所である点に注意。屋外貯蔵所と屋外タンク貯蔵所を区別する。

法令・制度では「屋内貯蔵所の基準」「移動タンク貯蔵所の基準」など近い用語とセットで出題されます。定義・数値・主体の違いを表で対比し、貯蔵所基準だけの特徴を一言で言えるようにしてください。

屋外貯蔵所は、屋外で危険物を貯蔵する貯蔵所の一種である。

屋内タンク貯蔵所は、屋内に設置されたタンクで危険物を貯蔵する貯蔵所である。",屋内貯蔵所は建築物内で貯蔵する施設。;移動タンク貯蔵所は貯蔵所に分類される。;屋外タンク貯蔵所は屋外タンクで貯蔵する施設。;地下タンク貯蔵所は地下のタンクで貯蔵する施設。;屋内貯蔵所と屋内タンク貯蔵所を区別する。;屋外貯蔵所と屋外タンク貯蔵所を区別する。;移動タンク貯蔵所はタンクローリーのイメージ。,屋内貯蔵所と給油取扱所を混同しない。;『移動』とあるが取扱所ではなく貯蔵所である点に注意。;屋外貯蔵所と屋外タンク貯蔵所を区別する。;屋内貯蔵所と屋内タンク貯蔵所を区別する。;屋外貯蔵所と屋外タンク貯蔵所を混同しない。,"「貯蔵所基準」は、法令・制度の頻出語です。

整理のコツ：関連する「屋内貯蔵所の基準」「移動タンク貯蔵所の基準」「地下タンク貯蔵所の基準」と、「同じ点・違う点」を表に書き出し、貯蔵所基準だけの特徴を一行で言えるようにします。

覚え方：間違えたら「屋内貯蔵所と給油取扱所を混同しない」のパターンか確認し、同じ型の誤りが出た問題を2問だけ繰り返します。

復習のしかた：丸暗記より、選択肢の「誤り。」の理由を声に出して説明できるかを目標にします。",屋内貯蔵所について、「危険物を建築物内で貯蔵する貯蔵所の一種である。」は正しい。,○。正しい。,貯蔵所基準とは何ですか？,貯蔵所基準は、屋内貯蔵所は、危険物を建築物内で貯蔵する貯蔵所の一種である。 たとえば、条文では「消防法で定める」「政令で定める」「施行令で定める」のように、どの法令に書かれているかを選ぶ問題がよく出ます。 試験では、屋内貯蔵所は建築物内で貯蔵する施設点を押さえると得点源になります。,貯蔵所基準は試験でどんなふうに問われますか？,屋内貯蔵所は建築物内で貯蔵する施設。移動タンク貯蔵所は貯蔵所に分類される。屋外タンク貯蔵所は屋外タンクで貯蔵する施設。,貯蔵所基準で間違えやすい点は？,屋内貯蔵所と給油取扱所を混同しない。『移動』とあるが取扱所ではなく貯蔵所である点に注意。,貯蔵所基準と「屋内貯蔵所の基準」「移動タンク貯蔵所の基準」の違いは？,「屋内貯蔵所の基準」「移動タンク貯蔵所の基準」は意味や数値・適用場面が異なります。用語ページの比較表と演習で、貯蔵所基準だけのポイントを確認してください。
資格要件,しかくようけん,法令・制度,法令・制度;乙4;頻出;詳細記事;実践演習連動;一問一答連動,"資格要件は、一定の製造所等では、危険物の保安管理のため危険物保安監督者の選任が必要になります場合がある。

たとえば、条文では「消防法で定める」「政令で定める」「施行令で定める」のように、どの法令に書かれているかを選ぶ問題がよく出ます。

試験では、危険物保安監督者は施設の保安管理上重要点を押さえると得点源になります。",まず「資格要件」は、一定の製造所等では、危険物の保安管理のため危険物保安監督者の選任が必要になります場合がある。 危険物保安監督者は、一定の製造所等で危険物の保安管理のために選任が必要になります場合がある。 法令・制度では「危険物保安監督者」の文脈で繰り返し問われます。,危険物保安監督者;選任が必要な施設・資格要件;選任が必要な施設,消防法,B,危険物保安監督者は施設の保安管理上重要。 危険物取扱者と危険物保安監督者の役割を混同しない。 危険物保安監督者は保安管理の中心論点。 誤り。運搬容器の製造だけを行う者ではない。,資格要件とは？危険物取扱者試験（乙種第4類）で押さえる意味・試験ポイント,このページでは、法令・制度分野の「資格要件」を、試験に出る形で整理します。ひとことで言うと、一定の製造所等では、危険物の保安管理のため危険物保安監督者の選任が必要になります場合がある。下の目次の順に読むと、定義から演習のポイントまでつながって理解できます。,"資格要件は、一定の製造所等では、危険物の保安管理のため危険物保安監督者の選任が必要になります場合がある。 危険物保安監督者は、一定の製造所等で危険物の保安管理のために選任が必要になります場合がある。

試験では、危険物保安監督者は施設の保安管理上重要。また、危険物保安監督者は保安管理の中心論点点も押さえます。

誤り。運搬容器の製造だけを行う者ではない。

誤り。第4類危険物を扱う施設でも関係し得る。

誤り。資格要件と無関係に誰でもなれるわけではない。

誤り。すべての住宅で選任が必要という制度ではない。

危険物保安監督者は施設の保安管理上重要。

危険物取扱者と危険物保安監督者の役割を混同しない。

危険物保安監督者は保安管理の中心論点。

よくある誤りは、危険物取扱者と危険物保安監督者の役割を混同しない。保安監督者と保安統括管理者を混同しない。

法令・制度では「危険物保安監督者」「選任が必要な施設・資格要件」など近い用語とセットで出題されます。定義・数値・主体の違いを表で対比し、資格要件だけの特徴を一言で言えるようにしてください。

危険物保安監督者は、すべての一般住宅で必ず選任するものではない。",危険物保安監督者は施設の保安管理上重要。;危険物保安監督者は保安管理の中心論点。,危険物取扱者と危険物保安監督者の役割を混同しない。;保安監督者と保安統括管理者を混同しない。,"「資格要件」は、法令・制度の頻出語です。

整理のコツ：関連する「危険物保安監督者」「選任が必要な施設・資格要件」「選任が必要な施設」と、「同じ点・違う点」を表に書き出し、資格要件だけの特徴を一行で言えるようにします。

覚え方：間違えたら「危険物取扱者と危険物保安監督者の役割を混同しない」のパターンか確認し、同じ型の誤りが出た問題を2問だけ繰り返します。

復習のしかた：丸暗記より、選択肢の「誤り。」の理由を声に出して説明できるかを目標にします。",危険物保安監督者について、「危険物保安監督者は、運搬容器の製造だけを行う者である。」は正しい。,×。誤り。,資格要件とは何ですか？,資格要件は、一定の製造所等では、危険物の保安管理のため危険物保安監督者の選任が必要になります場合がある。 たとえば、条文では「消防法で定める」「政令で定める」「施行令で定める」のように、どの法令に書かれているかを選ぶ問題がよく出ます。 試験では、危険物保安監督者は施設の保安管理上重要点を押さえると得点源になります。,資格要件は試験でどんなふうに問われますか？,危険物保安監督者は施設の保安管理上重要。危険物保安監督者は保安管理の中心論点。,資格要件で間違えやすい点は？,危険物取扱者と危険物保安監督者の役割を混同しない。保安監督者と保安統括管理者を混同しない。,資格要件と「危険物保安監督者」「選任が必要な施設・資格要件」の違いは？,「危険物保安監督者」「選任が必要な施設・資格要件」は意味や数値・適用場面が異なります。用語ページの比較表と演習で、資格要件だけのポイントを確認してください。
質量保存の法則,しつりょうほぞんのほうそく,物性・化学,物性・化学;乙4;頻出;詳細記事;実践演習連動;一問一答連動,"質量保存の法則は、化学反応の前後で反応に関わる物質全体の質量が保存されるという法則である。

たとえば、引火点・沸点・密度など、数字と単位をセットで覚えると、選択肢の数値の当たり外れを見分けやすくなります。

試験では、定義を一文で説明できる点を押さえると得点源になります。",まず「質量保存の法則」は、化学反応の前後で反応に関わる物質全体の質量が保存されるという法則である。 誤り。色の変化だけを説明する法則ではない。 質量保存の法則は、化学反応の前後で反応に関わる物質全体の質量が保存されるという法則である。 物性・化学では「化学反応」の文脈で繰り返し問われます。,pH;アルカリの性質;アルコール類の基礎,,B,燃焼で物質が見えなくなっても質量の考え方は残る。 誤り。質量がゼロになるわけではない。 誤り。原子が消滅するわけではない。 誤り。色の変化だけを説明する法則ではない。,質量保存の法則とは？危険物取扱者試験（乙種第4類）で押さえる意味・試験ポイント,このページでは、物性・化学分野の「質量保存の法則」を、試験に出る形で整理します。ひとことで言うと、化学反応の前後で反応に関わる物質全体の質量が保存されるという法則である。下の目次の順に読むと、定義から演習のポイントまでつながって理解できます。,"質量保存の法則は、化学反応の前後で反応に関わる物質全体の質量が保存されるという法則である。

誤り。質量がゼロになるわけではない。

誤り。原子が消滅するわけではない。

誤り。色の変化だけを説明する法則ではない。

誤り。質量が無限大になるわけではない。

燃焼で物質が見えなくなっても質量の考え方は残る。

よくある誤りは、燃焼で物質が見えなくなっても質量の考え方は残る。

物性・化学では「pH」「アルカリの性質」など近い用語とセットで出題されます。定義・数値・主体の違いを表で対比し、質量保存の法則だけの特徴を一言で言えるようにしてください。",定義を一文で説明できる。;適用する場面（製造・貯蔵・取扱・消火）を挙げられる。;関連する法令名を意識できる。,燃焼で物質が見えなくなっても質量の考え方は残る。,"「質量保存の法則」は、物性・化学の頻出語です。

整理のコツ：関連する「pH」「アルカリの性質」「アルコール類の基礎」と、「同じ点・違う点」を表に書き出し、質量保存の法則だけの特徴を一行で言えるようにします。

覚え方：間違えたら「燃焼で物質が見えなくなっても質量の考え方は残る」のパターンか確認し、同じ型の誤りが出た問題を2問だけ繰り返します。

復習のしかた：丸暗記より、選択肢の「誤り。」の理由を声に出して説明できるかを目標にします。",質量保存の法則について、「質量保存の法則は、色の変化だけを説明する法則である。」は正しい。,×。誤り。,質量保存の法則とは何ですか？,質量保存の法則は、化学反応の前後で反応に関わる物質全体の質量が保存されるという法則である。 たとえば、引火点・沸点・密度など、数字と単位をセットで覚えると、選択肢の数値の当たり外れを見分けやすくなります。 試験では、定義を一文で説明できる点を押さえると得点源になります。,質量保存の法則は試験でどんなふうに問われますか？,定義を一文で説明できる。適用する場面（製造・貯蔵・取扱・消火）を挙げられる。関連する法令名を意識できる。,質量保存の法則で間違えやすい点は？,燃焼で物質が見えなくなっても質量の考え方は残る。,質量保存の法則と「pH」「アルカリの性質」の違いは？,「pH」「アルカリの性質」は意味や数値・適用場面が異なります。用語ページの比較表と演習で、質量保存の法則だけのポイントを確認してください。
軽油,けいゆ,火災・消火・漏えい,火災・消火・漏えい;乙4;頻出;詳細記事;実践演習連動;一問一答連動,"軽油は、第4類危険物の第二石油類に当てはまる。

たとえば、ガソリン（非水溶性）は200 L、アセトン（水溶性）は400 Lのように、品名ごとに数値が決まります。

試験では、特殊引火物の代表例はジエチルエーテル、二硫化炭素、アセトアルデヒドなど点を押さえると得点源になります。",まず「軽油」は、第4類危険物の第二石油類に当てはまる。灯油も第二石油類の代表例である。 正しい。軽油は第二石油類である。 軽油は第4類危険物の第二石油類に当てはまる。灯油も第二石油類の代表例である。 火災・消火・漏えいでは「第二石油類」の文脈で繰り返し問われます。,アセトアルデヒド;アセトン;アニリン,危険物の規制に関する政令,B,ガソリンは第一石油類、灯油・軽油は第二石油類。 誤り。特殊引火物ではない。 誤り。動植物油類ではない。 誤り。アルコール類ではない。,軽油とは？危険物取扱者試験（乙種第4類）で押さえる意味・試験ポイント,このページでは、火災・消火・漏えい分野の「軽油」を、試験に出る形で整理します。ひとことで言うと、第4類危険物の第二石油類に当てはまる。灯油も第二石油類の代表例である。下の目次の順に読むと、定義から演習のポイントまでつながって理解できます。,"軽油は、第4類危険物の第二石油類に当てはまる。灯油も第二石油類の代表例である。

誤り。特殊引火物ではない。

誤り。動植物油類ではない。

誤り。アルコール類ではない。

誤り。第一石油類ではない。

ガソリンは第一石油類、灯油・軽油は第二石油類。

よくある誤りは、ガソリンは第一石油類、灯油・軽油は第二石油類。

火災・消火・漏えいでは「アセトアルデヒド」「アセトン」など近い用語とセットで出題されます。定義・数値・主体の違いを表で対比し、軽油だけの特徴を一言で言えるようにしてください。

特殊引火物の代表例はジエチルエーテル、二硫化炭素、アセトアルデヒドなど。","特殊引火物の代表例はジエチルエーテル、二硫化炭素、アセトアルデヒドなど。;灯油・軽油は第二石油類、指定数量1,000 L。;重油は第三石油類・非水溶性・2,000 L。;ガソリン・ベンゼン・トルエンは第一石油類。",ガソリンは第一石油類、灯油・軽油は第二石油類。,"「軽油」は、火災・消火・漏えいの頻出語です。

整理のコツ：関連する「アセトアルデヒド」「アセトン」「アニリン」と、「同じ点・違う点」を表に書き出し、軽油だけの特徴を一行で言えるようにします。

覚え方：間違えたら「ガソリンは第一石油類、灯油・軽油は第二石油類」のパターンか確認し、同じ型の誤りが出た問題を2問だけ繰り返します。

復習のしかた：丸暗記より、選択肢の「誤り。」の理由を声に出して説明できるかを目標にします。",軽油の分類について、「第二石油類」は正しい。,○。正しい。,軽油とは何ですか？,軽油は、第4類危険物の第二石油類に当てはまる。 たとえば、ガソリン（非水溶性）は200 L、アセトン（水溶性）は400 Lのように、品名ごとに数値が決まります。 試験では、特殊引火物の代表例はジエチルエーテル、二硫化炭素、アセトアルデヒドなど点を押さえると得点源になります。,軽油は試験でどんなふうに問われますか？,"特殊引火物の代表例はジエチルエーテル、二硫化炭素、アセトアルデヒドなど。灯油・軽油は第二石油類、指定数量1,000 L。重油は第三石油類・非水溶性・2,000 L。",軽油で間違えやすい点は？,ガソリンは第一石油類、灯油・軽油は第二石油類。,軽油と「アセトアルデヒド」「アセトン」の違いは？,「アセトアルデヒド」「アセトン」は意味や数値・適用場面が異なります。用語ページの比較表と演習で、軽油だけのポイントを確認してください。
連鎖反応の考え方,れんさはんのうのかんがえかた,物性・化学,物性・化学;乙4;頻出;詳細記事;実践演習連動;一問一答連動,"連鎖反応の考え方は、燃焼の継続には連鎖反応の考え方が関係する。

たとえば、引火点・沸点・密度など、数字と単位をセットで覚えると、選択肢の数値の当たり外れを見分けやすくなります。

試験では、燃焼の継続には連鎖反応の考え方が関係する点を押さえると得点源になります。",まず「連鎖反応の考え方」は、燃焼の継続には連鎖反応の考え方が関係する。 燃焼の連鎖反応を抑える消火は抑制消火である。 物性・化学では「燃焼」の文脈で繰り返し問われます。,燃焼の継続・連鎖反応の考え方;燃焼;燃焼の継続,,B,燃焼の継続には連鎖反応の考え方が関係する。 燃焼の三要素だけでなく抑制消火も意識する。 誤り。指定数量の単位ではない。 誤り。溶解速度ではない。,連鎖反応の考え方とは？危険物取扱者試験（乙種第4類）で押さえる意味・試験ポイント,このページでは、物性・化学分野の「連鎖反応の考え方」を、試験に出る形で整理します。ひとことで言うと、燃焼の継続には連鎖反応の考え方が関係する。下の目次の順に読むと、定義から演習のポイントまでつながって理解できます。,"連鎖反応の考え方は、燃焼の継続には連鎖反応の考え方が関係する。 燃焼の連鎖反応は、燃焼が継続する過程に関係する考え方である。抑制消火はこの連鎖反応を抑えることに関係する。

試験では、燃焼の継続には連鎖反応の考え方が関係する点が問われます。

誤り。指定数量の単位ではない。

誤り。溶解速度ではない。

誤り。免状手続きではない。

誤り。装置ではない。

燃焼の継続には連鎖反応の考え方が関係する。

燃焼の三要素だけでなく抑制消火も意識する。

よくある誤りは、燃焼の三要素だけでなく抑制消火も意識する。

物性・化学では「燃焼の継続・連鎖反応の考え方」「燃焼」など近い用語とセットで出題されます。定義・数値・主体の違いを表で対比し、連鎖反応の考え方だけの特徴を一言で言えるようにしてください。

燃焼の連鎖反応を抑える消火は抑制消火である。",燃焼の継続には連鎖反応の考え方が関係する。,燃焼の三要素だけでなく抑制消火も意識する。,"「連鎖反応の考え方」は、物性・化学の頻出語です。

整理のコツ：関連する「燃焼の継続・連鎖反応の考え方」「燃焼」「燃焼の継続」と、「同じ点・違う点」を表に書き出し、連鎖反応の考え方だけの特徴を一行で言えるようにします。

覚え方：間違えたら「燃焼の三要素だけでなく抑制消火も意識する」のパターンか確認し、同じ型の誤りが出た問題を2問だけ繰り返します。

復習のしかた：丸暗記より、選択肢の「誤り。」の理由を声に出して説明できるかを目標にします。",燃焼の連鎖反応について、「水に溶ける速さだけを表す反応である。」は正しい。,×。誤り。,連鎖反応の考え方とは何ですか？,連鎖反応の考え方は、燃焼の継続には連鎖反応の考え方が関係する。 たとえば、引火点・沸点・密度など、数字と単位をセットで覚えると、選択肢の数値の当たり外れを見分けやすくなります。 試験では、燃焼の継続には連鎖反応の考え方が関係する点を押さえると得点源になります。,連鎖反応の考え方は試験でどんなふうに問われますか？,燃焼の継続には連鎖反応の考え方が関係する。,連鎖反応の考え方で間違えやすい点は？,燃焼の三要素だけでなく抑制消火も意識する。,連鎖反応の考え方と「燃焼の継続・連鎖反応の考え方」「燃焼」の違いは？,「燃焼の継続・連鎖反応の考え方」「燃焼」は意味や数値・適用場面が異なります。用語ページの比較表と演習で、連鎖反応の考え方だけのポイントを確認してください。
運搬,うんぱん,法令・制度,法令・制度;乙4;頻出;詳細記事;実践演習連動;一問一答連動,"運搬は、危険物を事業所外へ車両等で運び送ることを指します。

たとえば、事業所の外へ車両で運ぶ行為で、表示・混載・容器の基準が問われます。

試験では、車両等による事業所外の運搬点を押さえると得点源になります。",まず「運搬」は、危険物を事業所外へ車両等で運び送ることを指します。,運搬容器・収納・積載方法;運搬時の表示・混載制限;運搬容器,危険物の規制に関する政令,B,運搬では容器・収納・積載・表示が重要。 表示があれば容器基準を満たさなくてもよい、という理解は誤り。 運搬では表示・積載・混載・漏えい防止が重要。 誤り。容器基準や収納方法も重要である。,運搬とは？危険物取扱者試験（乙種第4類）で押さえる意味・試験ポイント,このページでは、法令・制度分野の「運搬」を、試験に出る形で整理します。ひとことで言うと、危険物を事業所外へ車両等で運び送ることを指します。下の目次の順に読むと、定義から演習のポイントまでつながって理解できます。,"運搬では、車両への表示、混載制限、容器の基準、積載方法・立入禁止などが問われます。タンクローリーやドラム缶の取扱いもこの文脈で出題されます。

移送は配管・ポンプによる設備間の移動、譲渡・引渡しは所有権・占有の移転が中心です。三つを表で対比すると試験で迷いにくくなります。

誤り。容器基準や収納方法も重要である。

誤り。食品との自由な混載が常に認められるわけではない。

誤り。火気は危険である。

誤り。漏えい時は適切な措置が必要である。

運搬では容器・収納・積載・表示が重要。

表示があれば容器基準を満たさなくてもよい、という理解は誤り。",車両等による事業所外の運搬。;表示・混載・容器・積載。;移送・譲渡との区別。,移送と混同する。;表示と標識を同一視する。,"「運搬」は、法令・制度の頻出語です。

整理のコツ：関連する「運搬容器・収納・積載方法」「運搬時の表示・混載制限」「運搬容器」と、「同じ点・違う点」を表に書き出し、運搬だけの特徴を一行で言えるようにします。

覚え方：間違えたら「移送と混同する」のパターンか確認し、同じ型の誤りが出た問題を2問だけ繰り返します。

復習のしかた：丸暗記より、選択肢の「誤り。」の理由を声に出して説明できるかを目標にします。",危険物の運搬について、適切でないものについて、「危険物の性質によっては、混載に注意する必要がある。」は正しい。,×。適切。,運搬とは何ですか？,運搬は、危険物を事業所外へ車両等で運び送ることを指します。 たとえば、事業所の外へ車両で運ぶ行為で、表示・混載・容器の基準が問われます。 試験では、車両等による事業所外の運搬点を押さえると得点源になります。,運搬は試験でどんなふうに問われますか？,車両等による事業所外の運搬。表示・混載・容器・積載。移送・譲渡との区別。,運搬で間違えやすい点は？,移送と混同する。表示と標識を同一視する。,運搬と「運搬容器・収納・積載方法」「運搬時の表示・混載制限」の違いは？,「運搬容器・収納・積載方法」「運搬時の表示・混載制限」は意味や数値・適用場面が異なります。用語ページの比較表と演習で、運搬だけのポイントを確認してください。
運搬容器,うんぱんようき,法令・制度,法令・制度;乙4;頻出;詳細記事;実践演習連動;一問一答連動,"運搬容器は、危険物の運搬では、容器、収納、積載方法などに基準がある。

たとえば、条文では「消防法で定める」「政令で定める」「施行令で定める」のように、どの法令に書かれているかを選ぶ問題がよく出ます。

試験では、運搬では容器・収納・積載・表示が重要点を押さえると得点源になります。",まず「運搬容器」は、危険物の運搬では、容器、収納、積載方法などに基準がある。表示があれば任意の容器で運搬できるわけではない。 危険物の運搬では、危険物の性質に応じた容器を用い、漏れ、破損、転倒などを防止する必要がある。 法令・制度では「運搬」の文脈で繰り返し問われます。,運搬容器・収納・積載方法;運搬;積載方法,危険物の規制に関する政令,B,運搬では容器・収納・積載・表示が重要。 表示があれば容器基準を満たさなくてもよい、という理解は誤り。 表示だけで任意容器が許されるわけではない。 誤り。任意の袋でよいわけではない。,運搬容器とは？危険物取扱者試験（乙種第4類）で押さえる意味・試験ポイント,このページでは、法令・制度分野の「運搬容器」を、試験に出る形で整理します。ひとことで言うと、危険物の運搬では、容器、収納、積載方法などに基準がある。表示があれば任意の容器で運搬できるわけではない。下の目次の順に読むと、定義から演習のポイントまでつながって理解できます。,"運搬容器は、危険物の運搬では、容器、収納、積載方法などに基準がある。表示があれば任意の容器で運搬できるわけではない。 危険物の運搬では、危険物の性質に応じた容器を用い、漏れ、破損、転倒などを防止する必要がある。

試験では、運搬では容器・収納・積載・表示が重要。運搬では転倒・落下・破損・漏えいを防ぐ。また、運搬時は容器の転倒・破損・漏えい防止点も押さえます。

誤り。任意の袋でよいわけではない。

誤り。漏れを防ぐために用いる。

誤り。免状ではない。

誤り。道路へ流してはならない。

運搬では容器・収納・積載・表示が重要。

表示があれば容器基準を満たさなくてもよい、という理解は誤り。

表示だけで任意容器が許されるわけではない。

よくある誤りは、表示があれば容器基準を満たさなくてもよい、という理解は誤り。表示だけで任意容器が許されるわけではない。

法令・制度では「運搬容器・収納・積載方法」「運搬」など近い用語とセットで出題されます。定義・数値・主体の違いを表で対比し、運搬容器だけの特徴を一言で言えるようにしてください。

危険物の運搬では、容器の転倒、落下、破損、漏れを防ぐように積載する必要がある。

危険物の運搬容器では、漏れや破損を防ぐことが重要である。",運搬では容器・収納・積載・表示が重要。;運搬では転倒・落下・破損・漏えいを防ぐ。;運搬時は容器の転倒・破損・漏えい防止。,表示があれば容器基準を満たさなくてもよい、という理解は誤り。;表示だけで任意容器が許されるわけではない。,"「運搬容器」は、法令・制度の頻出語です。

整理のコツ：関連する「運搬容器・収納・積載方法」「運搬」「積載方法」と、「同じ点・違う点」を表に書き出し、運搬容器だけの特徴を一行で言えるようにします。

覚え方：間違えたら「表示があれば容器基準を満たさなくてもよい、という理解は誤り」のパターンか確認し、同じ型の誤りが出た問題を2問だけ繰り返します。

復習のしかた：丸暗記より、選択肢の「誤り。」の理由を声に出して説明できるかを目標にします。",危険物の運搬について、適切でないものについて、「危険物の性質によっては、混載に注意する必要がある。」は正しい。,×。適切。,運搬容器とは何ですか？,運搬容器は、危険物の運搬では、容器、収納、積載方法などに基準がある。 たとえば、条文では「消防法で定める」「政令で定める」「施行令で定める」のように、どの法令に書かれているかを選ぶ問題がよく出ます。 試験では、運搬では容器・収納・積載・表示が重要点を押さえると得点源になります。,運搬容器は試験でどんなふうに問われますか？,運搬では容器・収納・積載・表示が重要。運搬では転倒・落下・破損・漏えいを防ぐ。運搬時は容器の転倒・破損・漏えい防止。,運搬容器で間違えやすい点は？,表示があれば容器基準を満たさなくてもよい、という理解は誤り。表示だけで任意容器が許されるわけではない。,運搬容器と「運搬容器・収納・積載方法」「運搬」の違いは？,「運搬容器・収納・積載方法」「運搬」は意味や数値・適用場面が異なります。用語ページの比較表と演習で、運搬容器だけのポイントを確認してください。
運搬容器・収納・積載方法,うんぱんようき・しゅうのう・せきさいほうほう,法令・制度,法令・制度;乙4;頻出;詳細記事;実践演習連動;一問一答連動,"運搬容器・収納・積載方法は、危険物の運搬では、容器、収納、積載方法などに基準がある。

たとえば、条文では「消防法で定める」「政令で定める」「施行令で定める」のように、どの法令に書かれているかを選ぶ問題がよく出ます。

試験では、運搬では容器・収納・積載・表示が重要点を押さえると得点源になります。",まず「運搬容器・収納・積載方法」は、危険物の運搬では、容器、収納、積載方法などに基準がある。表示があれば任意の容器で運搬できるわけではない。 危険物の運搬では、危険物の性質に応じた容器を用い、漏れ、破損、転倒などを防止する必要がある。 法令・制度では「運搬」の文脈で繰り返し問われます。,セルフ式給油取扱所の基準;一般取扱所の基準;丙種の違い,危険物の規制に関する政令,B,運搬では容器・収納・積載・表示が重要。 表示があれば容器基準を満たさなくてもよい、という理解は誤り。 表示だけで任意容器が許されるわけではない。 誤り。任意の袋でよいわけではない。,運搬容器・収納・積載方法とは？危険物取扱者試験（乙種第4類）で押さえる意味・試験ポイント,このページでは、法令・制度分野の「運搬容器・収納・積載方法」を、試験に出る形で整理します。ひとことで言うと、危険物の運搬では、容器、収納、積載方法などに基準がある。表示があれば任意の容器で運搬できるわけではない。下の目次の順に読むと、定義から演習のポイントまでつながって理解できます。,"運搬容器・収納・積載方法は、危険物の運搬では、容器、収納、積載方法などに基準がある。表示があれば任意の容器で運搬できるわけではない。 危険物の運搬では、危険物の性質に応じた容器を用い、漏れ、破損、転倒などを防止する必要がある。

試験では、運搬では容器・収納・積載・表示が重要。運搬では転倒・落下・破損・漏えいを防ぐ。また、運搬時は容器の転倒・破損・漏えい防止点も押さえます。

誤り。任意の袋でよいわけではない。

誤り。漏れを防ぐために用いる。

誤り。免状ではない。

誤り。道路へ流してはならない。

運搬では容器・収納・積載・表示が重要。

表示があれば容器基準を満たさなくてもよい、という理解は誤り。

表示だけで任意容器が許されるわけではない。

よくある誤りは、表示があれば容器基準を満たさなくてもよい、という理解は誤り。表示だけで任意容器が許されるわけではない。

法令・制度では「セルフ式給油取扱所の基準」「一般取扱所の基準」など近い用語とセットで出題されます。定義・数値・主体の違いを表で対比し、運搬容器・収納・積載方法だけの特徴を一言で言えるようにしてください。

危険物の運搬では、容器の転倒、落下、破損、漏れを防ぐように積載する必要がある。

危険物の運搬容器では、漏れや破損を防ぐことが重要である。",運搬では容器・収納・積載・表示が重要。;運搬では転倒・落下・破損・漏えいを防ぐ。;運搬時は容器の転倒・破損・漏えい防止。,表示があれば容器基準を満たさなくてもよい、という理解は誤り。;表示だけで任意容器が許されるわけではない。,"「運搬容器・収納・積載方法」は、法令・制度の頻出語です。

整理のコツ：関連する「セルフ式給油取扱所の基準」「一般取扱所の基準」「丙種の違い」と、「同じ点・違う点」を表に書き出し、運搬容器・収納・積載方法だけの特徴を一行で言えるようにします。

覚え方：間違えたら「表示があれば容器基準を満たさなくてもよい、という理解は誤り」のパターンか確認し、同じ型の誤りが出た問題を2問だけ繰り返します。

復習のしかた：丸暗記より、選択肢の「誤り。」の理由を声に出して説明できるかを目標にします。",危険物の運搬について、適切でないものについて、「危険物の性質によっては、混載に注意する必要がある。」は正しい。,×。適切。,運搬容器・収納・積載方法とは何ですか？,運搬容器・収納・積載方法は、危険物の運搬では、容器、収納、積載方法などに基準がある。 たとえば、条文では「消防法で定める」「政令で定める」「施行令で定める」のように、どの法令に書かれているかを選ぶ問題がよく出ます。 試験では、運搬では容器・収納・積載・表示が重要点を押さえると得点源になります。,運搬容器・収納・積載方法は試験でどんなふうに問われますか？,運搬では容器・収納・積載・表示が重要。運搬では転倒・落下・破損・漏えいを防ぐ。運搬時は容器の転倒・破損・漏えい防止。,運搬容器・収納・積載方法で間違えやすい点は？,表示があれば容器基準を満たさなくてもよい、という理解は誤り。表示だけで任意容器が許されるわけではない。,運搬容器・収納・積載方法と「セルフ式給油取扱所の基準」「一般取扱所の基準」の違いは？,「セルフ式給油取扱所の基準」「一般取扱所の基準」は意味や数値・適用場面が異なります。用語ページの比較表と演習で、運搬容器・収納・積載方法だけのポイントを確認してください。
運搬時の表示,うんぱんときのひょうじ,法令・制度,法令・制度;乙4;頻出;詳細記事;実践演習連動;一問一答連動,"運搬時の表示は、危険物の運搬では、危険物の性質に応じた表示、積載方法、混載制限などが問題となる。

たとえば、条文では「消防法で定める」「政令で定める」「施行令で定める」のように、どの法令に書かれているかを選ぶ問題がよく出ます。

試験では、運搬では表示・積載・混載・漏えい防止が重要点を押さえると得点源になります。",まず「運搬時の表示」は、危険物の運搬では、危険物の性質に応じた表示、積載方法、混載制限などが問題となる。漏えい、火気、混載には注意が必要である。 危険物の運搬では、危険物の性質に応じて混載制限が問題となる場合がある。 法令・制度では「運搬」の文脈で繰り返し問われます。,運搬時の表示・混載制限;運搬;混載制限,危険物の規制に関する政令,B,運搬では表示・積載・混載・漏えい防止が重要。 表示だけで安全性が保証されるわけではない。 表示だけで安全確保が完了するわけではない。 誤り。容器基準や収納方法も重要である。,運搬時の表示とは？危険物取扱者試験（乙種第4類）で押さえる意味・試験ポイント,このページでは、法令・制度分野の「運搬時の表示」を、試験に出る形で整理します。ひとことで言うと、危険物の運搬では、危険物の性質に応じた表示、積載方法、混載制限などが問題となる。漏えい、火気、混載には注意が必要である。下の目次の順に読むと、定義から演習のポイントまでつながって理解できます。,"運搬時の表示は、危険物の運搬では、危険物の性質に応じた表示、積載方法、混載制限などが問題となる。漏えい、火気、混載には注意が必要である。 危険物の運搬では、危険物の性質に応じて混載制限が問題となる場合がある。

試験では、運搬では表示・積載・混載・漏えい防止が重要点が問われます。

誤り。容器基準や収納方法も重要である。

誤り。食品との自由な混載が常に認められるわけではない。

誤り。火気は危険である。

誤り。漏えい時は適切な措置が必要である。

運搬では表示・積載・混載・漏えい防止が重要。

表示だけで安全性が保証されるわけではない。

表示だけで安全確保が完了するわけではない。

よくある誤りは、表示だけで安全性が保証されるわけではない。表示だけで安全確保が完了するわけではない。

法令・制度では「運搬時の表示・混載制限」「運搬」など近い用語とセットで出題されます。定義・数値・主体の違いを表で対比し、運搬時の表示だけの特徴を一言で言えるようにしてください。

危険物の運搬では、危険物の種類や数量等に応じて表示が必要です場合がある。

危険物の運搬では、危険物の性質に応じて混載が制限される場合がある。",運搬では表示・積載・混載・漏えい防止が重要。,表示だけで安全性が保証されるわけではない。;表示だけで安全確保が完了するわけではない。,"「運搬時の表示」は、法令・制度の頻出語です。

整理のコツ：関連する「運搬時の表示・混載制限」「運搬」「混載制限」と、「同じ点・違う点」を表に書き出し、運搬時の表示だけの特徴を一行で言えるようにします。

覚え方：間違えたら「表示だけで安全性が保証されるわけではない」のパターンか確認し、同じ型の誤りが出た問題を2問だけ繰り返します。

復習のしかた：丸暗記より、選択肢の「誤り。」の理由を声に出して説明できるかを目標にします。",危険物の運搬について、適切なものについて、「危険物の性質に応じて、表示、積載、混載などの基準に従う。」は正しい。,○。正しい。,運搬時の表示とは何ですか？,運搬時の表示は、危険物の運搬では、危険物の性質に応じた表示、積載方法、混載制限などが問題となる。 たとえば、条文では「消防法で定める」「政令で定める」「施行令で定める」のように、どの法令に書かれているかを選ぶ問題がよく出ます。 試験では、運搬では表示・積載・混載・漏えい防止が重要点を押さえると得点源になります。,運搬時の表示は試験でどんなふうに問われますか？,運搬では表示・積載・混載・漏えい防止が重要。,運搬時の表示で間違えやすい点は？,表示だけで安全性が保証されるわけではない。表示だけで安全確保が完了するわけではない。,運搬時の表示と「運搬時の表示・混載制限」「運搬」の違いは？,「運搬時の表示・混載制限」「運搬」は意味や数値・適用場面が異なります。用語ページの比較表と演習で、運搬時の表示だけのポイントを確認してください。
運搬時の表示・混載制限,うんぱんときのひょうじ・こんさいせいげん,法令・制度,法令・制度;乙4;頻出;詳細記事;実践演習連動;一問一答連動,"運搬時の表示・混載制限は、危険物の運搬では、危険物の性質に応じた表示、積載方法、混載制限などが問題となる。

たとえば、条文では「消防法で定める」「政令で定める」「施行令で定める」のように、どの法令に書かれているかを選ぶ問題がよく出ます。

試験では、運搬では表示・積載・混載・漏えい防止が重要点を押さえると得点源になります。",まず「運搬時の表示・混載制限」は、危険物の運搬では、危険物の性質に応じた表示、積載方法、混載制限などが問題となる。漏えい、火気、混載には注意が必要である。 危険物の運搬では、危険物の性質に応じて混載制限が問題となる場合がある。 法令・制度では「運搬」の文脈で繰り返し問われます。,セルフ式給油取扱所の基準;一般取扱所の基準;丙種の違い,危険物の規制に関する政令,B,運搬では表示・積載・混載・漏えい防止が重要。 表示だけで安全性が保証されるわけではない。 表示だけで安全確保が完了するわけではない。 誤り。容器基準や収納方法も重要である。,運搬時の表示・混載制限とは？危険物取扱者試験（乙種第4類）で押さえる意味・試験ポイント,このページでは、法令・制度分野の「運搬時の表示・混載制限」を、試験に出る形で整理します。ひとことで言うと、危険物の運搬では、危険物の性質に応じた表示、積載方法、混載制限などが問題となる。漏えい、火気、混載には注意が必要である。下の目次の順に読むと、定義から演習のポイントまでつながって理解できます。,"運搬時の表示・混載制限は、危険物の運搬では、危険物の性質に応じた表示、積載方法、混載制限などが問題となる。漏えい、火気、混載には注意が必要である。 危険物の運搬では、危険物の性質に応じて混載制限が問題となる場合がある。

試験では、運搬では表示・積載・混載・漏えい防止が重要点が問われます。

誤り。容器基準や収納方法も重要である。

誤り。食品との自由な混載が常に認められるわけではない。

誤り。火気は危険である。

誤り。漏えい時は適切な措置が必要である。

運搬では表示・積載・混載・漏えい防止が重要。

表示だけで安全性が保証されるわけではない。

表示だけで安全確保が完了するわけではない。

よくある誤りは、表示だけで安全性が保証されるわけではない。表示だけで安全確保が完了するわけではない。

法令・制度では「セルフ式給油取扱所の基準」「一般取扱所の基準」など近い用語とセットで出題されます。定義・数値・主体の違いを表で対比し、運搬時の表示・混載制限だけの特徴を一言で言えるようにしてください。

危険物の運搬では、危険物の種類や数量等に応じて表示が必要です場合がある。

危険物の運搬では、危険物の性質に応じて混載が制限される場合がある。",運搬では表示・積載・混載・漏えい防止が重要。,表示だけで安全性が保証されるわけではない。;表示だけで安全確保が完了するわけではない。,"「運搬時の表示・混載制限」は、法令・制度の頻出語です。

整理のコツ：関連する「セルフ式給油取扱所の基準」「一般取扱所の基準」「丙種の違い」と、「同じ点・違う点」を表に書き出し、運搬時の表示・混載制限だけの特徴を一行で言えるようにします。

覚え方：間違えたら「表示だけで安全性が保証されるわけではない」のパターンか確認し、同じ型の誤りが出た問題を2問だけ繰り返します。

復習のしかた：丸暗記より、選択肢の「誤り。」の理由を声に出して説明できるかを目標にします。",危険物の運搬について、適切なものについて、「危険物の性質に応じて、表示、積載、混載などの基準に従う。」は正しい。,○。正しい。,運搬時の表示・混載制限とは何ですか？,運搬時の表示・混載制限は、危険物の運搬では、危険物の性質に応じた表示、積載方法、混載制限などが問題となる。 たとえば、条文では「消防法で定める」「政令で定める」「施行令で定める」のように、どの法令に書かれているかを選ぶ問題がよく出ます。 試験では、運搬では表示・積載・混載・漏えい防止が重要点を押さえると得点源になります。,運搬時の表示・混載制限は試験でどんなふうに問われますか？,運搬では表示・積載・混載・漏えい防止が重要。,運搬時の表示・混載制限で間違えやすい点は？,表示だけで安全性が保証されるわけではない。表示だけで安全確保が完了するわけではない。,運搬時の表示・混載制限と「セルフ式給油取扱所の基準」「一般取扱所の基準」の違いは？,「セルフ式給油取扱所の基準」「一般取扱所の基準」は意味や数値・適用場面が異なります。用語ページの比較表と演習で、運搬時の表示・混載制限だけのポイントを確認してください。
選任が必要な施設,せんにんがひつようなしせつ,法令・制度,法令・制度;乙4;頻出;詳細記事;実践演習連動;一問一答連動,"選任が必要な施設は、一定の製造所等では、危険物の保安管理のため危険物保安監督者の選任が必要になります場合がある。

たとえば、条文では「消防法で定める」「政令で定める」「施行令で定める」のように、どの法令に書かれているかを選ぶ問題がよく出ます。

試験では、危険物保安監督者は施設の保安管理上重要点を押さえると得点源になります。",まず「選任が必要な施設」は、一定の製造所等では、危険物の保安管理のため危険物保安監督者の選任が必要になります場合がある。 危険物保安監督者は、一定の製造所等で危険物の保安管理のために選任が必要になります場合がある。 法令・制度では「危険物保安監督者」の文脈で繰り返し問われます。,危険物保安監督者;選任が必要な施設・資格要件;資格要件,消防法,B,危険物保安監督者は施設の保安管理上重要。 危険物取扱者と危険物保安監督者の役割を混同しない。 危険物保安監督者は保安管理の中心論点。 誤り。運搬容器の製造だけを行う者ではない。,選任が必要な施設とは？危険物取扱者試験（乙種第4類）で押さえる意味・試験ポイント,このページでは、法令・制度分野の「選任が必要な施設」を、試験に出る形で整理します。ひとことで言うと、一定の製造所等では、危険物の保安管理のため危険物保安監督者の選任が必要になります場合がある。下の目次の順に読むと、定義から演習のポイントまでつながって理解できます。,"選任が必要な施設は、一定の製造所等では、危険物の保安管理のため危険物保安監督者の選任が必要になります場合がある。 危険物保安監督者は、一定の製造所等で危険物の保安管理のために選任が必要になります場合がある。

試験では、危険物保安監督者は施設の保安管理上重要。また、危険物保安監督者は保安管理の中心論点点も押さえます。

誤り。運搬容器の製造だけを行う者ではない。

誤り。第4類危険物を扱う施設でも関係し得る。

誤り。資格要件と無関係に誰でもなれるわけではない。

誤り。すべての住宅で選任が必要という制度ではない。

危険物保安監督者は施設の保安管理上重要。

危険物取扱者と危険物保安監督者の役割を混同しない。

危険物保安監督者は保安管理の中心論点。

よくある誤りは、危険物取扱者と危険物保安監督者の役割を混同しない。保安監督者と保安統括管理者を混同しない。

法令・制度では「危険物保安監督者」「選任が必要な施設・資格要件」など近い用語とセットで出題されます。定義・数値・主体の違いを表で対比し、選任が必要な施設だけの特徴を一言で言えるようにしてください。

危険物保安監督者は、すべての一般住宅で必ず選任するものではない。",危険物保安監督者は施設の保安管理上重要。;危険物保安監督者は保安管理の中心論点。,危険物取扱者と危険物保安監督者の役割を混同しない。;保安監督者と保安統括管理者を混同しない。,"「選任が必要な施設」は、法令・制度の頻出語です。

整理のコツ：関連する「危険物保安監督者」「選任が必要な施設・資格要件」「資格要件」と、「同じ点・違う点」を表に書き出し、選任が必要な施設だけの特徴を一行で言えるようにします。

覚え方：間違えたら「危険物取扱者と危険物保安監督者の役割を混同しない」のパターンか確認し、同じ型の誤りが出た問題を2問だけ繰り返します。

復習のしかた：丸暗記より、選択肢の「誤り。」の理由を声に出して説明できるかを目標にします。",危険物保安監督者について、「危険物保安監督者は、運搬容器の製造だけを行う者である。」は正しい。,×。誤り。,選任が必要な施設とは何ですか？,選任が必要な施設は、一定の製造所等では、危険物の保安管理のため危険物保安監督者の選任が必要になります場合がある。 たとえば、条文では「消防法で定める」「政令で定める」「施行令で定める」のように、どの法令に書かれているかを選ぶ問題がよく出ます。 試験では、危険物保安監督者は施設の保安管理上重要点を押さえると得点源になります。,選任が必要な施設は試験でどんなふうに問われますか？,危険物保安監督者は施設の保安管理上重要。危険物保安監督者は保安管理の中心論点。,選任が必要な施設で間違えやすい点は？,危険物取扱者と危険物保安監督者の役割を混同しない。保安監督者と保安統括管理者を混同しない。,選任が必要な施設と「危険物保安監督者」「選任が必要な施設・資格要件」の違いは？,「危険物保安監督者」「選任が必要な施設・資格要件」は意味や数値・適用場面が異なります。用語ページの比較表と演習で、選任が必要な施設だけのポイントを確認してください。
選任が必要な施設・資格要件,せんにんがひつようなしせつ・しかくようけん,法令・制度,法令・制度;乙4;頻出;詳細記事;実践演習連動;一問一答連動,"選任が必要な施設・資格要件は、一定の製造所等では、危険物の保安管理のため危険物保安監督者の選任が必要になります場合がある。

たとえば、条文では「消防法で定める」「政令で定める」「施行令で定める」のように、どの法令に書かれているかを選ぶ問題がよく出ます。

試験では、危険物保安監督者は施設の保安管理上重要点を押さえると得点源になります。",まず「選任が必要な施設・資格要件」は、一定の製造所等では、危険物の保安管理のため危険物保安監督者の選任が必要になります場合がある。 危険物保安監督者は、一定の製造所等で危険物の保安管理のために選任が必要になります場合がある。 法令・制度では「危険物保安監督者」の文脈で繰り返し問われます。,セルフ式給油取扱所の基準;一般取扱所の基準;丙種の違い,消防法,B,危険物保安監督者は施設の保安管理上重要。 危険物取扱者と危険物保安監督者の役割を混同しない。 危険物保安監督者は保安管理の中心論点。 誤り。運搬容器の製造だけを行う者ではない。,選任が必要な施設・資格要件とは？危険物取扱者試験（乙種第4類）で押さえる意味・試験ポイント,このページでは、法令・制度分野の「選任が必要な施設・資格要件」を、試験に出る形で整理します。ひとことで言うと、一定の製造所等では、危険物の保安管理のため危険物保安監督者の選任が必要になります場合がある。下の目次の順に読むと、定義から演習のポイントまでつながって理解できます。,"選任が必要な施設・資格要件は、一定の製造所等では、危険物の保安管理のため危険物保安監督者の選任が必要になります場合がある。 危険物保安監督者は、一定の製造所等で危険物の保安管理のために選任が必要になります場合がある。

試験では、危険物保安監督者は施設の保安管理上重要。また、危険物保安監督者は保安管理の中心論点点も押さえます。

誤り。運搬容器の製造だけを行う者ではない。

誤り。第4類危険物を扱う施設でも関係し得る。

誤り。資格要件と無関係に誰でもなれるわけではない。

誤り。すべての住宅で選任が必要という制度ではない。

危険物保安監督者は施設の保安管理上重要。

危険物取扱者と危険物保安監督者の役割を混同しない。

危険物保安監督者は保安管理の中心論点。

よくある誤りは、危険物取扱者と危険物保安監督者の役割を混同しない。保安監督者と保安統括管理者を混同しない。

法令・制度では「セルフ式給油取扱所の基準」「一般取扱所の基準」など近い用語とセットで出題されます。定義・数値・主体の違いを表で対比し、選任が必要な施設・資格要件だけの特徴を一言で言えるようにしてください。

危険物保安監督者は、すべての一般住宅で必ず選任するものではない。",危険物保安監督者は施設の保安管理上重要。;危険物保安監督者は保安管理の中心論点。,危険物取扱者と危険物保安監督者の役割を混同しない。;保安監督者と保安統括管理者を混同しない。,"「選任が必要な施設・資格要件」は、法令・制度の頻出語です。

整理のコツ：関連する「セルフ式給油取扱所の基準」「一般取扱所の基準」「丙種の違い」と、「同じ点・違う点」を表に書き出し、選任が必要な施設・資格要件だけの特徴を一行で言えるようにします。

覚え方：間違えたら「危険物取扱者と危険物保安監督者の役割を混同しない」のパターンか確認し、同じ型の誤りが出た問題を2問だけ繰り返します。

復習のしかた：丸暗記より、選択肢の「誤り。」の理由を声に出して説明できるかを目標にします。",危険物保安監督者について、「危険物保安監督者は、運搬容器の製造だけを行う者である。」は正しい。,×。誤り。,選任が必要な施設・資格要件とは何ですか？,選任が必要な施設・資格要件は、一定の製造所等では、危険物の保安管理のため危険物保安監督者の選任が必要になります場合がある。 たとえば、条文では「消防法で定める」「政令で定める」「施行令で定める」のように、どの法令に書かれているかを選ぶ問題がよく出ます。 試験では、危険物保安監督者は施設の保安管理上重要点を押さえると得点源になります。,選任が必要な施設・資格要件は試験でどんなふうに問われますか？,危険物保安監督者は施設の保安管理上重要。危険物保安監督者は保安管理の中心論点。,選任が必要な施設・資格要件で間違えやすい点は？,危険物取扱者と危険物保安監督者の役割を混同しない。保安監督者と保安統括管理者を混同しない。,選任が必要な施設・資格要件と「セルフ式給油取扱所の基準」「一般取扱所の基準」の違いは？,「セルフ式給油取扱所の基準」「一般取扱所の基準」は意味や数値・適用場面が異なります。用語ページの比較表と演習で、選任が必要な施設・資格要件だけのポイントを確認してください。
選任要件,せんにんようけん,法令・制度,法令・制度;乙4;頻出;詳細記事;実践演習連動;一問一答連動,"選任要件は、危険物保安統括管理者は、一定の事業所等で危険物保安に関する業務を統括管理する者として選任が必要になります場合がある。

たとえば、条文では「消防法で定める」「政令で定める」「施行令で定める」のように、どの法令に書かれているかを選ぶ問題がよく出ます。

試験では、保安統括管理者は事業所全体の保安管理に関係する点を押さえると得点源になります。",まず「選任要件」は、危険物保安統括管理者は、一定の事業所等で危険物保安に関する業務を統括管理する者として選任が必要になります場合がある。 危険物施設保安員は、一定の危険物施設では施設の保安に関する業務に関与する者として選任が必要になります場合がある。 法令・制度では「危険物保安統括管理者」の文脈で繰り返し問われます。,選任要件・役割;危険物保安統括管理者;危険物施設保安員,消防法,B,保安統括管理者は事業所全体の保安管理に関係する。 危険物保安監督者と役割を混同しない。 危険物施設保安員は施設保安に関する役割。 誤り。試験監督員ではない。,選任要件とは？危険物取扱者試験（乙種第4類）で押さえる意味・試験ポイント,このページでは、法令・制度分野の「選任要件」を、試験に出る形で整理します。ひとことで言うと、危険物保安統括管理者は、一定の事業所等で危険物保安に関する業務を統括管理する者として選任が必要になります場合がある。下の目次の順に読むと、定義から演習のポイントまでつながって理解できます。,"選任要件は、危険物保安統括管理者は、一定の事業所等で危険物保安に関する業務を統括管理する者として選任が必要になります場合がある。 危険物施設保安員は、一定の危険物施設では施設の保安に関する業務に関与する者として選任が必要になります場合がある。

試験では、保安統括管理者は事業所全体の保安管理に関係する。危険物施設保安員は施設保安に関する役割。保安統括管理者は事業所全体の保安管理。また、保安統括管理者と保安監督者を区別する点も押さえます。

誤り。試験監督員ではない。

誤り。第4類危険物を扱う事業所でも関係し得る。

誤り。容器の色だけを決める者ではない。

誤り。すべての家庭で必要な制度ではない。

保安統括管理者は事業所全体の保安管理に関係する。

危険物保安監督者と役割を混同しない。

危険物施設保安員は施設保安に関する役割。

よくある誤りは、危険物保安監督者と役割を混同しない。危険物取扱者、保安監督者、施設保安員を区別する。保安監督者や保安統括管理者との違いに注意する。

法令・制度では「選任要件・役割」「危険物保安統括管理者」など近い用語とセットで出題されます。定義・数値・主体の違いを表で対比し、選任要件だけの特徴を一言で言えるようにしてください。

危険物施設保安員は、一定の危険物施設で施設の保安に関する業務に関与する者である。

危険物保安統括管理者は、一定の事業所における危険物保安に関する業務を統括管理する役割である。

危険物保安統括管理者と危険物保安監督者は名称が似ているが、制度上の役割は区別される。",保安統括管理者は事業所全体の保安管理に関係する。;危険物施設保安員は施設保安に関する役割。;保安統括管理者は事業所全体の保安管理。;保安統括管理者と保安監督者を区別する。;危険物施設保安員は施設設備の保安に関係する。;施設保安員は施設・設備の保安に関係する。,危険物保安監督者と役割を混同しない。;危険物取扱者、保安監督者、施設保安員を区別する。;保安監督者や保安統括管理者との違いに注意する。;保安監督者・施設保安員の違いに注意。,"「選任要件」は、法令・制度の頻出語です。

整理のコツ：関連する「選任要件・役割」「危険物保安統括管理者」「危険物施設保安員」と、「同じ点・違う点」を表に書き出し、選任要件だけの特徴を一行で言えるようにします。

覚え方：間違えたら「危険物保安監督者と役割を混同しない」のパターンか確認し、同じ型の誤りが出た問題を2問だけ繰り返します。

復習のしかた：丸暗記より、選択肢の「誤り。」の理由を声に出して説明できるかを目標にします。",危険物保安統括管理者の役割として、最も適切なものについて、「指定数量を自由に変更する。」は正しい。,×。誤り。,選任要件とは何ですか？,選任要件は、危険物保安統括管理者は、一定の事業所等で危険物保安に関する業務を統括管理する者として選任が必要になります場合がある。 たとえば、条文では「消防法で定める」「政令で定める」「施行令で定める」のように、どの法令に書かれているかを選ぶ問題がよく出ます。 試験では、保安統括管理者は事業所全体の保安管理に関係する点を押さえると得点源になります。,選任要件は試験でどんなふうに問われますか？,保安統括管理者は事業所全体の保安管理に関係する。危険物施設保安員は施設保安に関する役割。保安統括管理者は事業所全体の保安管理。,選任要件で間違えやすい点は？,危険物保安監督者と役割を混同しない。危険物取扱者、保安監督者、施設保安員を区別する。,選任要件と「選任要件・役割」「危険物保安統括管理者」の違いは？,「選任要件・役割」「危険物保安統括管理者」は意味や数値・適用場面が異なります。用語ページの比較表と演習で、選任要件だけのポイントを確認してください。
選任要件・役割,せんにんようけん・やくわり,法令・制度,法令・制度;乙4;頻出;詳細記事;実践演習連動;一問一答連動,"選任要件・役割は、危険物保安統括管理者は、一定の事業所等で危険物保安に関する業務を統括管理する者として選任が必要になります場合がある。

たとえば、条文では「消防法で定める」「政令で定める」「施行令で定める」のように、どの法令に書かれているかを選ぶ問題がよく出ます。

試験では、保安統括管理者は事業所全体の保安管理に関係する点を押さえると得点源になります。",まず「選任要件・役割」は、危険物保安統括管理者は、一定の事業所等で危険物保安に関する業務を統括管理する者として選任が必要になります場合がある。 危険物施設保安員は、一定の危険物施設では施設の保安に関する業務に関与する者として選任が必要になります場合がある。 法令・制度では「危険物保安統括管理者」の文脈で繰り返し問われます。,危険物保安統括管理者;危険物施設保安員,消防法,B,保安統括管理者は事業所全体の保安管理に関係する。 危険物保安監督者と役割を混同しない。 危険物施設保安員は施設保安に関する役割。 誤り。試験監督員ではない。,選任要件・役割とは？危険物取扱者試験（乙種第4類）で押さえる意味・試験ポイント,このページでは、法令・制度分野の「選任要件・役割」を、試験に出る形で整理します。ひとことで言うと、危険物保安統括管理者は、一定の事業所等で危険物保安に関する業務を統括管理する者として選任が必要になります場合がある。下の目次の順に読むと、定義から演習のポイントまでつながって理解できます。,"選任要件・役割は、危険物保安統括管理者は、一定の事業所等で危険物保安に関する業務を統括管理する者として選任が必要になります場合がある。 危険物施設保安員は、一定の危険物施設では施設の保安に関する業務に関与する者として選任が必要になります場合がある。

試験では、保安統括管理者は事業所全体の保安管理に関係する。危険物施設保安員は施設保安に関する役割。保安統括管理者は事業所全体の保安管理。また、保安統括管理者と保安監督者を区別する点も押さえます。

誤り。試験監督員ではない。

誤り。第4類危険物を扱う事業所でも関係し得る。

誤り。容器の色だけを決める者ではない。

誤り。すべての家庭で必要な制度ではない。

保安統括管理者は事業所全体の保安管理に関係する。

危険物保安監督者と役割を混同しない。

危険物施設保安員は施設保安に関する役割。

よくある誤りは、危険物保安監督者と役割を混同しない。危険物取扱者、保安監督者、施設保安員を区別する。保安監督者や保安統括管理者との違いに注意する。

法令・制度では「危険物保安統括管理者」「危険物施設保安員」など近い用語とセットで出題されます。定義・数値・主体の違いを表で対比し、選任要件・役割だけの特徴を一言で言えるようにしてください。

危険物施設保安員は、一定の危険物施設で施設の保安に関する業務に関与する者である。

危険物保安統括管理者は、一定の事業所における危険物保安に関する業務を統括管理する役割である。

危険物保安統括管理者と危険物保安監督者は名称が似ているが、制度上の役割は区別される。",保安統括管理者は事業所全体の保安管理に関係する。;危険物施設保安員は施設保安に関する役割。;保安統括管理者は事業所全体の保安管理。;保安統括管理者と保安監督者を区別する。;危険物施設保安員は施設設備の保安に関係する。;施設保安員は施設・設備の保安に関係する。,危険物保安監督者と役割を混同しない。;危険物取扱者、保安監督者、施設保安員を区別する。;保安監督者や保安統括管理者との違いに注意する。;保安監督者・施設保安員の違いに注意。,"「選任要件・役割」は、法令・制度の頻出語です。

整理のコツ：関連する「危険物保安統括管理者」「危険物施設保安員」と、「同じ点・違う点」を表に書き出し、選任要件・役割だけの特徴を一行で言えるようにします。

覚え方：間違えたら「危険物保安監督者と役割を混同しない」のパターンか確認し、同じ型の誤りが出た問題を2問だけ繰り返します。

復習のしかた：丸暗記より、選択肢の「誤り。」の理由を声に出して説明できるかを目標にします。",危険物保安統括管理者の役割として、最も適切なものについて、「指定数量を自由に変更する。」は正しい。,×。誤り。,選任要件・役割とは何ですか？,選任要件・役割は、危険物保安統括管理者は、一定の事業所等で危険物保安に関する業務を統括管理する者として選任が必要になります場合がある。 たとえば、条文では「消防法で定める」「政令で定める」「施行令で定める」のように、どの法令に書かれているかを選ぶ問題がよく出ます。 試験では、保安統括管理者は事業所全体の保安管理に関係する点を押さえると得点源になります。,選任要件・役割は試験でどんなふうに問われますか？,保安統括管理者は事業所全体の保安管理に関係する。危険物施設保安員は施設保安に関する役割。保安統括管理者は事業所全体の保安管理。,選任要件・役割で間違えやすい点は？,危険物保安監督者と役割を混同しない。危険物取扱者、保安監督者、施設保安員を区別する。,選任要件・役割と「危険物保安統括管理者」「危険物施設保安員」の違いは？,「危険物保安統括管理者」「危険物施設保安員」は意味や数値・適用場面が異なります。用語ページの比較表と演習で、選任要件・役割だけのポイントを確認してください。
避難設備,ひなんせつび,法令・制度,法令・制度;乙4;頻出;詳細記事;実践演習連動;一問一答連動,"避難設備は、警報設備は、火災などの異常を知らせ、避難や初期対応につなげるための設備である。

たとえば、条文では「消防法で定める」「政令で定める」「施行令で定める」のように、どの法令に書かれているかを選ぶ問題がよく出ます。

試験では、定義を一文で説明できる点を押さえると得点源になります。",まず「避難設備」は、警報設備は、火災などの異常を知らせ、避難や初期対応につなげるための設備である。 火災等の際に安全な避難を助けるための設備である。 法令・制度では「警報設備等」の文脈で繰り返し問われます。,警報設備等;警報設備・避難設備;警報設備,消防法,B,消火設備や避難設備との役割の違いを押さえる。 警報設備・消火設備との違いを押さえる。 誤り。価格決定ではない。 誤り。指定数量変更ではない。,避難設備とは？危険物取扱者試験（乙種第4類）で押さえる意味・試験ポイント,このページでは、法令・制度分野の「避難設備」を、試験に出る形で整理します。ひとことで言うと、警報設備は、火災などの異常を知らせ、避難や初期対応につなげるための設備である。下の目次の順に読むと、定義から演習のポイントまでつながって理解できます。,"避難設備は、警報設備は、火災などの異常を知らせ、避難や初期対応につなげるための設備である。 火災等の際に安全な避難を助けるための設備である。

誤り。価格決定ではない。

誤り。指定数量変更ではない。

誤り。飲用可能にするものではない。

誤り。免状印刷ではない。

消火設備や避難設備との役割の違いを押さえる。

警報設備・消火設備との違いを押さえる。

よくある誤りは、消火設備や避難設備との役割の違いを押さえる。警報設備・消火設備との違いを押さえる。

法令・制度では「警報設備等」「警報設備・避難設備」など近い用語とセットで出題されます。定義・数値・主体の違いを表で対比し、避難設備だけの特徴を一言で言えるようにしてください。

警報設備は、火災などの異常を知らせるための設備である。",定義を一文で説明できる。;適用する場面（製造・貯蔵・取扱・消火）を挙げられる。;関連する法令名を意識できる。,消火設備や避難設備との役割の違いを押さえる。;警報設備・消火設備との違いを押さえる。,"「避難設備」は、法令・制度の頻出語です。

整理のコツ：関連する「警報設備等」「警報設備・避難設備」「警報設備」と、「同じ点・違う点」を表に書き出し、避難設備だけの特徴を一行で言えるようにします。

覚え方：間違えたら「消火設備や避難設備との役割の違いを押さえる」のパターンか確認し、同じ型の誤りが出た問題を2問だけ繰り返します。

復習のしかた：丸暗記より、選択肢の「誤り。」の理由を声に出して説明できるかを目標にします。",警報設備の役割として、最も適切なものについて、「火災などの異常を知らせ、避難や初期対応につなげる。」は正しい。,○。正しい。,避難設備とは何ですか？,避難設備は、警報設備は、火災などの異常を知らせ、避難や初期対応につなげるための設備である。 たとえば、条文では「消防法で定める」「政令で定める」「施行令で定める」のように、どの法令に書かれているかを選ぶ問題がよく出ます。 試験では、定義を一文で説明できる点を押さえると得点源になります。,避難設備は試験でどんなふうに問われますか？,定義を一文で説明できる。適用する場面（製造・貯蔵・取扱・消火）を挙げられる。関連する法令名を意識できる。,避難設備で間違えやすい点は？,消火設備や避難設備との役割の違いを押さえる。警報設備・消火設備との違いを押さえる。,避難設備と「警報設備等」「警報設備・避難設備」の違いは？,「警報設備等」「警報設備・避難設備」は意味や数値・適用場面が異なります。用語ページの比較表と演習で、避難設備だけのポイントを確認してください。
還元,かんげん,物性・化学,物性・化学;乙4;頻出;詳細記事;実践演習連動;一問一答連動,"還元は、還元には、物質が酸素を失う反応が含まれる。

たとえば、引火点・沸点・密度など、数字と単位をセットで覚えると、選択肢の数値の当たり外れを見分けやすくなります。

試験では、定義を一文で説明できる点を押さえると得点源になります。",まず「還元」は、還元には、物質が酸素を失う反応が含まれる。酸化と対になる考え方である。 酸化物から酸素を奪う反応は還元と関係が深い。 物性・化学では「酸化・還元」の文脈で繰り返し問われます。,pH;アルカリの性質;アルコール類の基礎,,B,誤り。法令手続きではない。 誤り。器具ではない。 誤り。溶解ではない。,還元とは？危険物取扱者試験（乙種第4類）で押さえる意味・試験ポイント,このページでは、物性・化学分野の「還元」を、試験に出る形で整理します。ひとことで言うと、還元には、物質が酸素を失う反応が含まれる。酸化と対になる考え方である。下の目次の順に読むと、定義から演習のポイントまでつながって理解できます。,"還元は、還元には、物質が酸素を失う反応が含まれる。酸化と対になる考え方である。 酸化物から酸素を奪う反応は還元と関係が深い。

誤り。法令手続きではない。

誤り。器具ではない。

誤り。溶解ではない。

誤り。温度ではない。

物性・化学では「pH」「アルカリの性質」など近い用語とセットで出題されます。定義・数値・主体の違いを表で対比し、還元だけの特徴を一言で言えるようにしてください。",定義を一文で説明できる。;適用する場面（製造・貯蔵・取扱・消火）を挙げられる。;関連する法令名を意識できる。,類似語と混同する。;数字や条件を取り違える。;すべての危険物に当てはめる。,"「還元」は、物性・化学の頻出語です。

整理のコツ：関連する「pH」「アルカリの性質」「アルコール類の基礎」と、「同じ点・違う点」を表に書き出し、還元だけの特徴を一行で言えるようにします。

覚え方：間違えたら「類似語と混同する」のパターンか確認し、同じ型の誤りが出た問題を2問だけ繰り返します。

復習のしかた：丸暗記より、選択肢の「誤り。」の理由を声に出して説明できるかを目標にします。",還元の説明について、「物質が酸素を失う反応は、還元の一例である。」は正しい。,○。正しい。,還元とは何ですか？,還元は、還元には、物質が酸素を失う反応が含まれる。 たとえば、引火点・沸点・密度など、数字と単位をセットで覚えると、選択肢の数値の当たり外れを見分けやすくなります。 試験では、定義を一文で説明できる点を押さえると得点源になります。,還元は試験でどんなふうに問われますか？,定義を一文で説明できる。適用する場面（製造・貯蔵・取扱・消火）を挙げられる。関連する法令名を意識できる。,還元で間違えやすい点は？,類似語と混同する。数字や条件を取り違える。,還元と「pH」「アルカリの性質」の違いは？,「pH」「アルカリの性質」は意味や数値・適用場面が異なります。用語ページの比較表と演習で、還元だけのポイントを確認してください。
酢酸などの第二石油類,さくさんなどのだいにせきゆるい,火災・消火・漏えい,火災・消火・漏えい;乙4;頻出;詳細記事;実践演習連動;一問一答連動,"酢酸などの第二石油類は、キシレンは第4類危険物の第二石油類に分類される代表的な物質である。

たとえば、酢酸などの第二石油類は危険物の類別のひとつです。乙4では第4類（引火性液体）が中心ですが、誤り選択肢では他の類の例も出ます。

試験では、酢酸は第二石油類、酢酸エチルは第一石油類点を押さえると得点源になります。",まず「酢酸などの第二石油類」は、キシレンは第4類危険物の第二石油類に分類される代表的な物質である。 酢酸は第4類危険物の第二石油類に分類される代表的な物質である。 火災・消火・漏えいでは「第二石油類」の文脈で繰り返し問われます。,第二石油類;キシレン・酢酸などの第二石油類;キシレン,危険物の規制に関する政令,B,トルエンは第一石油類、キシレンは第二石油類として区別する。 酢酸エチルは第一石油類、酢酸は第二石油類として区別する。 酢酸は第二石油類、酢酸エチルは第一石油類。 誤り。第一石油類ではない。,酢酸などの第二石油類とは？危険物取扱者試験（乙種第4類）で押さえる意味・試験ポイント,このページでは、火災・消火・漏えい分野の「酢酸などの第二石油類」を、試験に出る形で整理します。ひとことで言うと、キシレンは第4類危険物の第二石油類に分類される代表的な物質である。下の目次の順に読むと、定義から演習のポイントまでつながって理解できます。,"酢酸などの第二石油類は、キシレンは第4類危険物の第二石油類に分類される代表的な物質である。 酢酸は第4類危険物の第二石油類に分類される代表的な物質である。

試験では、酢酸は第二石油類、酢酸エチルは第一石油類。また、酢酸は第二石油類・水溶性・2,000 L点も押さえます。

誤り。第一石油類ではない。

誤り。動植物油類ではない。

誤り。アルコール類ではない。

誤り。特殊引火物ではない。

トルエンは第一石油類、キシレンは第二石油類として区別する。

酢酸エチルは第一石油類、酢酸は第二石油類として区別する。

酢酸は第二石油類、酢酸エチルは第一石油類。

よくある誤りは、トルエンは第一石油類、キシレンは第二石油類として区別する。酢酸エチルは第一石油類、酢酸は第二石油類として区別する。似た芳香族化合物でも分類を混同しない。

火災・消火・漏えいでは「第二石油類」「キシレン・酢酸などの第二石油類」など近い用語とセットで出題されます。定義・数値・主体の違いを表で対比し、酢酸などの第二石油類だけの特徴を一言で言えるようにしてください。

酢酸は第二石油類、酢酸エチルは第一石油類である。

キシレンは第二石油類、トルエンは第一石油類である。

酢酸は第二石油類の水溶性液体として扱われ、指定数量は2,000 Lである。","酢酸は第二石油類、酢酸エチルは第一石油類。;酢酸は第二石油類・水溶性・2,000 L。",トルエンは第一石油類、キシレンは第二石油類として区別する。;酢酸エチルは第一石油類、酢酸は第二石油類として区別する。;似た芳香族化合物でも分類を混同しない。,"「酢酸などの第二石油類」は、火災・消火・漏えいの頻出語です。

整理のコツ：関連する「第二石油類」「キシレン・酢酸などの第二石油類」「キシレン」と、「同じ点・違う点」を表に書き出し、酢酸などの第二石油類だけの特徴を一行で言えるようにします。

覚え方：間違えたら「トルエンは第一石油類、キシレンは第二石油類として区別する」のパターンか確認し、同じ型の誤りが出た問題を2問だけ繰り返します。

復習のしかた：丸暗記より、選択肢の「誤り。」の理由を声に出して説明できるかを目標にします。",キシレンの分類について、「特殊引火物」は正しい。,×。誤り。,酢酸などの第二石油類とは何ですか？,酢酸などの第二石油類は、キシレンは第4類危険物の第二石油類に分類される代表的な物質である。 たとえば、酢酸などの第二石油類は危険物の類別のひとつです。乙4では第4類（引火性液体）が中心ですが、誤り選択肢では他の類の例も出ます。 試験では、酢酸は第二石油類、酢酸エチルは第一石油類点を押さえると得点源になります。,酢酸などの第二石油類は試験でどんなふうに問われますか？,"酢酸は第二石油類、酢酸エチルは第一石油類。酢酸は第二石油類・水溶性・2,000 L。",酢酸などの第二石油類で間違えやすい点は？,トルエンは第一石油類、キシレンは第二石油類として区別する。酢酸エチルは第一石油類、酢酸は第二石油類として区別する。,酢酸などの第二石油類と「第二石油類」「キシレン・酢酸などの第二石油類」の違いは？,「第二石油類」「キシレン・酢酸などの第二石油類」は意味や数値・適用場面が異なります。用語ページの比較表と演習で、酢酸などの第二石油類だけのポイントを確認してください。
酢酸エチルなどの第一石油類,さくさんえちるなどのだいいちせきゆるい,火災・消火・漏えい,火災・消火・漏えい;乙4;頻出;詳細記事;実践演習連動;一問一答連動,"酢酸エチルなどの第一石油類は、酢酸エチルは第4類危険物の第一石油類に分類される代表的な物質である。

たとえば、酢酸エチルなどの第一石油類は危険物の類別のひとつです。乙4では第4類（引火性液体）が中心ですが、誤り選択肢では他の類の例も出ます。

試験では、定義を一文で説明できる点を押さえると得点源になります。",まず「酢酸エチルなどの第一石油類」は、酢酸エチルは第4類危険物の第一石油類に分類される代表的な物質である。 酢酸エチルは第一石油類に分類される。酢酸は第二石油類として整理する。 火災・消火・漏えいでは「第一石油類」の文脈で繰り返し問われます。,アセトアルデヒド;アセトン;アニリン,危険物の規制に関する政令,B,酢酸と酢酸エチルは分類が異なるため注意する。 誤り。第二石油類ではない。 誤り。動植物油類ではない。 誤り。アルコール類ではない。,酢酸エチルなどの第一石油類とは？危険物取扱者試験（乙種第4類）で押さえる意味・試験ポイント,このページでは、火災・消火・漏えい分野の「酢酸エチルなどの第一石油類」を、試験に出る形で整理します。ひとことで言うと、酢酸エチルは第4類危険物の第一石油類に分類される代表的な物質である。下の目次の順に読むと、定義から演習のポイントまでつながって理解できます。,"酢酸エチルなどの第一石油類は、酢酸エチルは第4類危険物の第一石油類に分類される代表的な物質である。 酢酸エチルは第一石油類に分類される。酢酸は第二石油類として整理する。

誤り。第二石油類ではない。

誤り。動植物油類ではない。

誤り。アルコール類ではない。

誤り。第三石油類ではない。

酢酸と酢酸エチルは分類が異なるため注意する。

よくある誤りは、酢酸と酢酸エチルは分類が異なるため注意する。

火災・消火・漏えいでは「アセトアルデヒド」「アセトン」など近い用語とセットで出題されます。定義・数値・主体の違いを表で対比し、酢酸エチルなどの第一石油類だけの特徴を一言で言えるようにしてください。

酢酸エチルは第一石油類、酢酸は第二石油類として整理する。",定義を一文で説明できる。;適用する場面（製造・貯蔵・取扱・消火）を挙げられる。;関連する法令名を意識できる。,酢酸と酢酸エチルは分類が異なるため注意する。,"「酢酸エチルなどの第一石油類」は、火災・消火・漏えいの頻出語です。

整理のコツ：関連する「アセトアルデヒド」「アセトン」「アニリン」と、「同じ点・違う点」を表に書き出し、酢酸エチルなどの第一石油類だけの特徴を一行で言えるようにします。

覚え方：間違えたら「酢酸と酢酸エチルは分類が異なるため注意する」のパターンか確認し、同じ型の誤りが出た問題を2問だけ繰り返します。

復習のしかた：丸暗記より、選択肢の「誤り。」の理由を声に出して説明できるかを目標にします。",酢酸エチルの分類について、「第一石油類」は正しい。,○。正しい。,酢酸エチルなどの第一石油類とは何ですか？,酢酸エチルなどの第一石油類は、酢酸エチルは第4類危険物の第一石油類に分類される代表的な物質である。 たとえば、酢酸エチルなどの第一石油類は危険物の類別のひとつです。乙4では第4類（引火性液体）が中心ですが、誤り選択肢では他の類の例も出ます。 試験では、定義を一文で説明できる点を押さえると得点源になります。,酢酸エチルなどの第一石油類は試験でどんなふうに問われますか？,定義を一文で説明できる。適用する場面（製造・貯蔵・取扱・消火）を挙げられる。関連する法令名を意識できる。,酢酸エチルなどの第一石油類で間違えやすい点は？,酢酸と酢酸エチルは分類が異なるため注意する。,酢酸エチルなどの第一石油類と「アセトアルデヒド」「アセトン」の違いは？,「アセトアルデヒド」「アセトン」は意味や数値・適用場面が異なります。用語ページの比較表と演習で、酢酸エチルなどの第一石油類だけのポイントを確認してください。
酸の性質,さんのせいしつ,物性・化学,物性・化学;乙4;頻出;詳細記事;実践演習連動;一問一答連動,"酸の性質は、酸は、水溶液中で水素イオンを生じるものとして説明される。

たとえば、引火点・沸点・密度など、数字と単位をセットで覚えると、選択肢の数値の当たり外れを見分けやすくなります。

試験では、酸は水素イオン、pH7未満を基本として押さえる点を押さえると得点源になります。",まず「酸の性質」は、酸は、水溶液中で水素イオンを生じるものとして説明される。pHは一般に7より小さいものが酸性を示す。 酸性の水溶液は、一般にpHが7より小さい。pHが7より大きいものはアルカリ性である。 物性・化学では「酸・アルカリ」の文脈で繰り返し問われます。,酸・アルカリ;アルカリ,,B,酸は水素イオン、pH7未満を基本として押さえる。 酸性とアルカリ性のpHを逆にしない。 pHは酸性・中性・アルカリ性の指標。 誤り。すべて第4類危険物ではない。,酸の性質とは？危険物取扱者試験（乙種第4類）で押さえる意味・試験ポイント,このページでは、物性・化学分野の「酸の性質」を、試験に出る形で整理します。ひとことで言うと、酸は、水溶液中で水素イオンを生じるものとして説明される。pHは一般に7より小さいものが酸性を示す。下の目次の順に読むと、定義から演習のポイントまでつながって理解できます。,"酸の性質は、酸は、水溶液中で水素イオンを生じるものとして説明される。pHは一般に7より小さいものが酸性を示す。 酸性の水溶液は、一般にpHが7より小さい。pHが7より大きいものはアルカリ性である。

試験では、酸は水素イオン、pH7未満を基本として押さえる。また、pHは酸性・中性・アルカリ性の指標点も押さえます。

誤り。すべて第4類危険物ではない。

誤り。酸であっても性質は物質により異なる。

誤り。pHが7より大きいものは一般にアルカリ性である。

誤り。金属だけで構成されるわけではない。

酸は水素イオン、pH7未満を基本として押さえる。

酸性とアルカリ性のpHを逆にしない。

pHは酸性・中性・アルカリ性の指標。

よくある誤りは、酸性とアルカリ性のpHを逆にしない。

物性・化学では「酸・アルカリ」「アルカリ」など近い用語とセットで出題されます。定義・数値・主体の違いを表で対比し、酸の性質だけの特徴を一言で言えるようにしてください。

pHは酸性・中性・アルカリ性の程度を示す指標である。",酸は水素イオン、pH7未満を基本として押さえる。;pHは酸性・中性・アルカリ性の指標。,酸性とアルカリ性のpHを逆にしない。,"「酸の性質」は、物性・化学の頻出語です。

整理のコツ：関連する「酸・アルカリ」「アルカリ」と、「同じ点・違う点」を表に書き出し、酸の性質だけの特徴を一行で言えるようにします。

覚え方：間違えたら「酸性とアルカリ性のpHを逆にしない」のパターンか確認し、同じ型の誤りが出た問題を2問だけ繰り返します。

復習のしかた：丸暗記より、選択肢の「誤り。」の理由を声に出して説明できるかを目標にします。",酸の一般的な性質について、「水溶液中で水素イオンを生じるものがある。」は正しい。,○。正しい。,酸の性質とは何ですか？,酸の性質は、酸は、水溶液中で水素イオンを生じるものとして説明される。 たとえば、引火点・沸点・密度など、数字と単位をセットで覚えると、選択肢の数値の当たり外れを見分けやすくなります。 試験では、酸は水素イオン、pH7未満を基本として押さえる点を押さえると得点源になります。,酸の性質は試験でどんなふうに問われますか？,酸は水素イオン、pH7未満を基本として押さえる。pHは酸性・中性・アルカリ性の指標。,酸の性質で間違えやすい点は？,酸性とアルカリ性のpHを逆にしない。,酸の性質と「酸・アルカリ」「アルカリ」の違いは？,「酸・アルカリ」「アルカリ」は意味や数値・適用場面が異なります。用語ページの比較表と演習で、酸の性質だけのポイントを確認してください。
酸・アルカリ,さん・あるかり,物性・化学,物性・化学;乙4;頻出;詳細記事;実践演習連動;一問一答連動,"酸・アルカリは、pHは酸性・中性・アルカリ性の程度を表す指標である。

たとえば、引火点・沸点・密度など、数字と単位をセットで覚えると、選択肢の数値の当たり外れを見分けやすくなります。

試験では、pH7付近が中性、7未満は酸性、7超はアルカリ性点を押さえると得点源になります。",まず「酸・アルカリ」は、pHは酸性・中性・アルカリ性の程度を表す指標である。一般にpH7付近が中性、7より小さいと酸性、7より大きいとアルカリ性である。 酸は、水溶液中で水素イオンを生じるものとして説明される。pHは一般に7より小さいものが酸性を示す。 物性・化学では「酸・アルカリ」の文脈で繰り返し問われます。,酸の性質;pH;中和反応,,B,pH7付近が中性、7未満は酸性、7超はアルカリ性。 pHの大小と酸性・アルカリ性を逆に覚えない。 酸は水素イオン、pH7未満を基本として押さえる。 誤り。pHが7より小さいものは一般に酸性である。,酸・アルカリとは？危険物取扱者試験（乙種第4類）で押さえる意味・試験ポイント,このページでは、物性・化学分野の「酸・アルカリ」を、試験に出る形で整理します。ひとことで言うと、pHは酸性・中性・アルカリ性の程度を表す指標である。一般にpH7付近が中性、7より小さいと酸性、7より大きいとアルカリ性である。下の目次の順に読むと、定義から演習のポイントまでつながって理解できます。,"酸・アルカリは、pHは酸性・中性・アルカリ性の程度を表す指標である。一般にpH7付近が中性、7より小さいと酸性、7より大きいとアルカリ性である。 酸は、水溶液中で水素イオンを生じるものとして説明される。pHは一般に7より小さいものが酸性を示す。

試験では、pH7付近が中性、7未満は酸性、7超はアルカリ性。酸は水素イオン、pH7未満を基本として押さえる。また、pHは酸性・中性・アルカリ性の指標点も押さえます。

誤り。pHが7より小さいものは一般に酸性である。

誤り。pHは物質や条件によって異なる。

誤り。pH7付近は中性である。

誤り。燃えやすさだけを表す指標ではない。

pH7付近が中性、7未満は酸性、7超はアルカリ性。

pHの大小と酸性・アルカリ性を逆に覚えない。

酸は水素イオン、pH7未満を基本として押さえる。

よくある誤りは、pHの大小と酸性・アルカリ性を逆に覚えない。酸性とアルカリ性のpHを逆にしない。

物性・化学では「酸の性質」「pH」など近い用語とセットで出題されます。定義・数値・主体の違いを表で対比し、酸・アルカリだけの特徴を一言で言えるようにしてください。

一般にpHが7より大きい水溶液はアルカリ性を示す。",pH7付近が中性、7未満は酸性、7超はアルカリ性。;酸は水素イオン、pH7未満を基本として押さえる。;pHは酸性・中性・アルカリ性の指標。,pHの大小と酸性・アルカリ性を逆に覚えない。;酸性とアルカリ性のpHを逆にしない。,"「酸・アルカリ」は、物性・化学の頻出語です。

整理のコツ：関連する「酸の性質」「pH」「中和反応」と、「同じ点・違う点」を表に書き出し、酸・アルカリだけの特徴を一行で言えるようにします。

覚え方：間違えたら「pHの大小と酸性・アルカリ性を逆に覚えない」のパターンか確認し、同じ型の誤りが出た問題を2問だけ繰り返します。

復習のしかた：丸暗記より、選択肢の「誤り。」の理由を声に出して説明できるかを目標にします。",酸の一般的な性質について、「水溶液中で水素イオンを生じるものがある。」は正しい。,○。正しい。,酸・アルカリとは何ですか？,酸・アルカリは、pHは酸性・中性・アルカリ性の程度を表す指標である。 たとえば、引火点・沸点・密度など、数字と単位をセットで覚えると、選択肢の数値の当たり外れを見分けやすくなります。 試験では、pH7付近が中性、7未満は酸性、7超はアルカリ性点を押さえると得点源になります。,酸・アルカリは試験でどんなふうに問われますか？,pH7付近が中性、7未満は酸性、7超はアルカリ性。酸は水素イオン、pH7未満を基本として押さえる。pHは酸性・中性・アルカリ性の指標。,酸・アルカリで間違えやすい点は？,pHの大小と酸性・アルカリ性を逆に覚えない。酸性とアルカリ性のpHを逆にしない。,酸・アルカリと「酸の性質」「pH」の違いは？,「酸の性質」「pH」は意味や数値・適用場面が異なります。用語ページの比較表と演習で、酸・アルカリだけのポイントを確認してください。
酸化,さんか,物性・化学,物性・化学;乙4;頻出;詳細記事;実践演習連動;一問一答連動,"酸化は、酸化には、物質が酸素と化合する反応が含まれる。

たとえば、引火点・沸点・密度など、数字と単位をセットで覚えると、選択肢の数値の当たり外れを見分けやすくなります。

試験では、定義を一文で説明できる点を押さえると得点源になります。",まず「酸化」は、酸化には、物質が酸素と化合する反応が含まれる。 燃焼は、熱や光を伴う急激な酸化反応として理解できる。 物性・化学では「酸化・還元」の文脈で繰り返し問われます。,pH;アルカリの性質;アルコール類の基礎,,B,誤り。水に溶けることは酸化ではない。 誤り。体積変化だけで酸化は判断できない。 誤り。気体になることは状態変化であり、酸化とは限らない。,酸化とは？危険物取扱者試験（乙種第4類）で押さえる意味・試験ポイント,このページでは、物性・化学分野の「酸化」を、試験に出る形で整理します。ひとことで言うと、酸化には、物質が酸素と化合する反応が含まれる。下の目次の順に読むと、定義から演習のポイントまでつながって理解できます。,"酸化は、酸化には、物質が酸素と化合する反応が含まれる。 酸化には、物質が酸素と化合する反応が含まれる。燃焼は急激な酸化反応として理解できる。

誤り。水に溶けることは酸化ではない。

誤り。体積変化だけで酸化は判断できない。

誤り。気体になることは状態変化であり、酸化とは限らない。

誤り。燃焼は酸化反応と関係が深い。

物性・化学では「pH」「アルカリの性質」など近い用語とセットで出題されます。定義・数値・主体の違いを表で対比し、酸化だけの特徴を一言で言えるようにしてください。

燃焼は、熱や光を伴う急激な酸化反応として理解できる。

物質が酸素と結びつく反応は、酸化の一例である。",定義を一文で説明できる。;適用する場面（製造・貯蔵・取扱・消火）を挙げられる。;関連する法令名を意識できる。,類似語と混同する。;数字や条件を取り違える。;すべての危険物に当てはめる。,"「酸化」は、物性・化学の頻出語です。

整理のコツ：関連する「pH」「アルカリの性質」「アルコール類の基礎」と、「同じ点・違う点」を表に書き出し、酸化だけの特徴を一行で言えるようにします。

覚え方：間違えたら「類似語と混同する」のパターンか確認し、同じ型の誤りが出た問題を2問だけ繰り返します。

復習のしかた：丸暗記より、選択肢の「誤り。」の理由を声に出して説明できるかを目標にします。",酸化の説明について、「酸化とは、燃焼とはまったく関係のない現象である。」は正しい。,×。誤り。,酸化とは何ですか？,酸化は、酸化には、物質が酸素と化合する反応が含まれる。 たとえば、引火点・沸点・密度など、数字と単位をセットで覚えると、選択肢の数値の当たり外れを見分けやすくなります。 試験では、定義を一文で説明できる点を押さえると得点源になります。,酸化は試験でどんなふうに問われますか？,定義を一文で説明できる。適用する場面（製造・貯蔵・取扱・消火）を挙げられる。関連する法令名を意識できる。,酸化で間違えやすい点は？,類似語と混同する。数字や条件を取り違える。,酸化と「pH」「アルカリの性質」の違いは？,「pH」「アルカリの性質」は意味や数値・適用場面が異なります。用語ページの比較表と演習で、酸化だけのポイントを確認してください。
酸化・還元,さんか・かんげん,物性・化学,物性・化学;乙4;頻出;詳細記事;実践演習連動;一問一答連動,"酸化・還元は、酸化には、物質が酸素と化合する反応が含まれる。

たとえば、引火点・沸点・密度など、数字と単位をセットで覚えると、選択肢の数値の当たり外れを見分けやすくなります。

試験では、酸化は電子を失う反応としても説明できる点を押さえると得点源になります。",まず「酸化・還元」は、酸化には、物質が酸素と化合する反応が含まれる。燃焼は急激な酸化反応として理解できる。 還元には、物質が酸素を失う反応が含まれる。酸化と対になる考え方である。 物性・化学では「酸化・還元」の文脈で繰り返し問われます。,酸化;還元;燃焼と酸化,,B,酸化は電子を失う反応としても説明できる。 誤り。水に溶けることは酸化ではない。 誤り。体積変化だけで酸化は判断できない。 誤り。気体になることは状態変化であり、酸化とは限らない。,酸化・還元とは？危険物取扱者試験（乙種第4類）で押さえる意味・試験ポイント,このページでは、物性・化学分野の「酸化・還元」を、試験に出る形で整理します。ひとことで言うと、酸化には、物質が酸素と化合する反応が含まれる。燃焼は急激な酸化反応として理解できる。下の目次の順に読むと、定義から演習のポイントまでつながって理解できます。,"酸化・還元は、酸化には、物質が酸素と化合する反応が含まれる。燃焼は急激な酸化反応として理解できる。 還元には、物質が酸素を失う反応が含まれる。酸化と対になる考え方である。

試験では、酸化は電子を失う反応としても説明できる点が問われます。

誤り。水に溶けることは酸化ではない。

誤り。体積変化だけで酸化は判断できない。

誤り。気体になることは状態変化であり、酸化とは限らない。

誤り。燃焼は酸化反応と関係が深い。

酸化は電子を失う反応としても説明できる。

物性・化学では「酸化」「還元」など近い用語とセットで出題されます。定義・数値・主体の違いを表で対比し、酸化・還元だけの特徴を一言で言えるようにしてください。

酸化は、酸素との化合だけでなく、電子を失う反応としても説明される。

燃焼は、熱や光を伴う急激な酸化反応として考えられる。",酸化は電子を失う反応としても説明できる。,類似語と混同する。;数字や条件を取り違える。;すべての危険物に当てはめる。,"「酸化・還元」は、物性・化学の頻出語です。

整理のコツ：関連する「酸化」「還元」「燃焼と酸化」と、「同じ点・違う点」を表に書き出し、酸化・還元だけの特徴を一行で言えるようにします。

覚え方：間違えたら「類似語と混同する」のパターンか確認し、同じ型の誤りが出た問題を2問だけ繰り返します。

復習のしかた：丸暗記より、選択肢の「誤り。」の理由を声に出して説明できるかを目標にします。",酸化の説明について、「酸化とは、燃焼とはまったく関係のない現象である。」は正しい。,×。誤り。,酸化・還元とは何ですか？,酸化・還元は、酸化には、物質が酸素と化合する反応が含まれる。 たとえば、引火点・沸点・密度など、数字と単位をセットで覚えると、選択肢の数値の当たり外れを見分けやすくなります。 試験では、酸化は電子を失う反応としても説明できる点を押さえると得点源になります。,酸化・還元は試験でどんなふうに問われますか？,酸化は電子を失う反応としても説明できる。,酸化・還元で間違えやすい点は？,類似語と混同する。数字や条件を取り違える。,酸化・還元と「酸化」「還元」の違いは？,「酸化」「還元」は意味や数値・適用場面が異なります。用語ページの比較表と演習で、酸化・還元だけのポイントを確認してください。
酸化性固体,さんかせいこたい,物性・化学,物性・化学;乙4;頻出;詳細記事;実践演習連動;一問一答連動,"酸化性固体は、第1類は酸化性固体、第2類は可燃性固体、第5類は自己反応性物質、第6類は酸化性液体である。

たとえば、引火点・沸点・密度など、数字と単位をセットで覚えると、選択肢の数値の当たり外れを見分けやすくなります。

試験では、定義を一文で説明できる点を押さえると得点源になります。",まず「酸化性固体」は、第1類は酸化性固体、第2類は可燃性固体、第5類は自己反応性物質、第6類は酸化性液体である。 第4類危険物は引火性液体である。第1類は酸化性固体、第2類は可燃性固体、第5類は自己反応性物質、第6類は酸化性液体である。 物性・化学では「第4類共通性質」の文脈で繰り返し問われます。,第4類危険物の共通性質;第4類共通性質;危険物各類の共通性状と第4類の位置づけ,,B,酸化性液体や酸化性固体と混同しない。 誤り。可燃性蒸気を発生することがある。 誤り。酸素を放出して他の物質を燃焼させる性質は主に酸化性物質の性質である。 誤り。多くの第4類危険物の蒸気は空気より重い。,酸化性固体とは？危険物取扱者試験（乙種第4類）で押さえる意味・試験ポイント,物性・化学分野の「酸化性固体」は、第1類は酸化性固体、第2類は可燃性固体、第5類は自己反応性物質、第6類は酸化性液体である。試験では定義の言い換えと数値・主体の区別がセットで問われます。,"酸化性固体は、第1類は酸化性固体、第2類は可燃性固体、第5類は自己反応性物質、第6類は酸化性液体である。 第4類危険物は引火性液体である。多くは可燃性蒸気を発生し、その蒸気に引火する危険がある。

誤り。可燃性蒸気を発生することがある。

誤り。酸素を放出して他の物質を燃焼させる性質は主に酸化性物質の性質である。

誤り。多くの第4類危険物の蒸気は空気より重い。

誤り。第4類危険物には水に溶けるものと溶けにくいものがある。

酸化性液体や酸化性固体と混同しない。

よくある誤りは、酸化性液体や酸化性固体と混同しない。

物性・化学では「第4類危険物の共通性質」「第4類共通性質」など近い用語とセットで出題されます。定義・数値・主体の違いを表で対比し、酸化性固体だけの特徴を一言で言えるようにしてください。",定義を一文で説明できる。;適用する場面（製造・貯蔵・取扱・消火）を挙げられる。;関連する法令名を意識できる。,酸化性液体や酸化性固体と混同しない。,"「酸化性固体」は、物性・化学の頻出語です。

整理のコツ：関連する「第4類危険物の共通性質」「第4類共通性質」「危険物各類の共通性状と第4類の位置づけ」と、「同じ点・違う点」を表に書き出し、酸化性固体だけの特徴を一行で言えるようにします。

覚え方：間違えたら「酸化性液体や酸化性固体と混同しない」のパターンか確認し、同じ型の誤りが出た問題を2問だけ繰り返します。

復習のしかた：丸暗記より、選択肢の「誤り。」の理由を声に出して説明できるかを目標にします。",第4類危険物の一般的な性質について、「第4類危険物は、引火性液体である。」は正しい。,○。正しい。,酸化性固体とは何ですか？,酸化性固体は、第1類は酸化性固体、第2類は可燃性固体、第5類は自己反応性物質、第6類は酸化性液体である。 たとえば、引火点・沸点・密度など、数字と単位をセットで覚えると、選択肢の数値の当たり外れを見分けやすくなります。 試験では、定義を一文で説明できる点を押さえると得点源になります。,酸化性固体は試験でどんなふうに問われますか？,定義を一文で説明できる。適用する場面（製造・貯蔵・取扱・消火）を挙げられる。関連する法令名を意識できる。,酸化性固体で間違えやすい点は？,酸化性液体や酸化性固体と混同しない。,酸化性固体と「第4類危険物の共通性質」「第4類共通性質」の違いは？,「第4類危険物の共通性質」「第4類共通性質」は意味や数値・適用場面が異なります。用語ページの比較表と演習で、酸化性固体だけのポイントを確認してください。
酸素・水素・電子の授受,さんそ・すいそ・でんしのじゅじゅ,物性・化学,物性・化学;乙4;頻出;詳細記事;実践演習連動;一問一答連動,"酸素・水素・電子の授受は、酸化は、酸素との化合だけでなく、電子を失う反応としても説明される。

たとえば、引火点・沸点・密度など、数字と単位をセットで覚えると、選択肢の数値の当たり外れを見分けやすくなります。

試験では、酸化は電子を失う反応としても説明できる点を押さえると得点源になります。",まず「酸素・水素・電子の授受」は、酸化は、酸素との化合だけでなく、電子を失う反応としても説明される。 正しい。電子を失う反応は酸化である。 酸化は、酸素との化合だけでなく、電子を失う反応としても説明される。 物性・化学では「酸化・還元」の文脈で繰り返し問われます。,pH;アルカリの性質;アルコール類の基礎,,B,酸化は電子を失う反応としても説明できる。 誤り。蒸発ではない。 誤り。必ず5個という決まりではない。 誤り。浮沈ではない。,酸素・水素・電子の授受とは？危険物取扱者試験（乙種第4類）で押さえる意味・試験ポイント,このページでは、物性・化学分野の「酸素・水素・電子の授受」を、試験に出る形で整理します。ひとことで言うと、酸化は、酸素との化合だけでなく、電子を失う反応としても説明される。下の目次の順に読むと、定義から演習のポイントまでつながって理解できます。,"酸素・水素・電子の授受は、酸化は、酸素との化合だけでなく、電子を失う反応としても説明される。

試験では、酸化は電子を失う反応としても説明できる点が問われます。

誤り。蒸発ではない。

誤り。必ず5個という決まりではない。

誤り。浮沈ではない。

誤り。温度変化そのものではない。

酸化は電子を失う反応としても説明できる。

物性・化学では「pH」「アルカリの性質」など近い用語とセットで出題されます。定義・数値・主体の違いを表で対比し、酸素・水素・電子の授受だけの特徴を一言で言えるようにしてください。",酸化は電子を失う反応としても説明できる。,類似語と混同する。;数字や条件を取り違える。;すべての危険物に当てはめる。,"「酸素・水素・電子の授受」は、物性・化学の頻出語です。

整理のコツ：関連する「pH」「アルカリの性質」「アルコール類の基礎」と、「同じ点・違う点」を表に書き出し、酸素・水素・電子の授受だけの特徴を一行で言えるようにします。

覚え方：間違えたら「類似語と混同する」のパターンか確認し、同じ型の誤りが出た問題を2問だけ繰り返します。

復習のしかた：丸暗記より、選択肢の「誤り。」の理由を声に出して説明できるかを目標にします。",酸化の説明として、適切なものについて、「電子を失う反応は酸化と考えられる。」は正しい。,○。正しい。,酸素・水素・電子の授受とは何ですか？,酸素・水素・電子の授受は、酸化は、酸素との化合だけでなく、電子を失う反応としても説明される。 たとえば、引火点・沸点・密度など、数字と単位をセットで覚えると、選択肢の数値の当たり外れを見分けやすくなります。 試験では、酸化は電子を失う反応としても説明できる点を押さえると得点源になります。,酸素・水素・電子の授受は試験でどんなふうに問われますか？,酸化は電子を失う反応としても説明できる。,酸素・水素・電子の授受で間違えやすい点は？,類似語と混同する。数字や条件を取り違える。,酸素・水素・電子の授受と「pH」「アルカリの性質」の違いは？,「pH」「アルカリの性質」は意味や数値・適用場面が異なります。用語ページの比較表と演習で、酸素・水素・電子の授受だけのポイントを確認してください。
酸素供給源,さんそきょうきゅうげん,物性・化学,物性・化学;乙4;頻出;詳細記事;実践演習連動;一問一答連動,"酸素供給源は、火花は点火源となり得る。

たとえば、引火点・沸点・密度など、数字と単位をセットで覚えると、選択肢の数値の当たり外れを見分けやすくなります。

試験では、定義を一文で説明できる点を押さえると得点源になります。",まず「酸素供給源」は、火花は点火源となり得る。第4類危険物では、火花や静電気などの着火源に注意が必要である。 可燃物を取り除くことで燃焼を止める方法は除去消火である。 物性・化学では「燃焼」の文脈で繰り返し問われます。,可燃物・酸素供給源・点火源;燃焼;可燃物,,B,誤り。水は通常点火源ではない。 誤り。氷は点火源ではない。 誤り。窒素は通常点火源ではない。,酸素供給源とは？危険物取扱者試験（乙種第4類）で押さえる意味・試験ポイント,このページでは、物性・化学分野の「酸素供給源」を、試験に出る形で整理します。ひとことで言うと、火花は点火源となり得る。第4類危険物では、火花や静電気などの着火源に注意が必要である。下の目次の順に読むと、定義から演習のポイントまでつながって理解できます。,"酸素供給源は、火花は点火源となり得る。第4類危険物では、火花や静電気などの着火源に注意が必要である。 可燃物を取り除くことで燃焼を止める方法は除去消火である。

誤り。水は通常点火源ではない。

誤り。氷は点火源ではない。

誤り。窒素は通常点火源ではない。

誤り。二酸化炭素は消火に使われることがある。

物性・化学では「可燃物・酸素供給源・点火源」「燃焼」など近い用語とセットで出題されます。定義・数値・主体の違いを表で対比し、酸素供給源だけの特徴を一言で言えるようにしてください。",定義を一文で説明できる。;適用する場面（製造・貯蔵・取扱・消火）を挙げられる。;関連する法令名を意識できる。,類似語と混同する。;数字や条件を取り違える。;すべての危険物に当てはめる。,"「酸素供給源」は、物性・化学の頻出語です。

整理のコツ：関連する「可燃物・酸素供給源・点火源」「燃焼」「可燃物」と、「同じ点・違う点」を表に書き出し、酸素供給源だけの特徴を一行で言えるようにします。

覚え方：間違えたら「類似語と混同する」のパターンか確認し、同じ型の誤りが出た問題を2問だけ繰り返します。

復習のしかた：丸暗記より、選択肢の「誤り。」の理由を声に出して説明できるかを目標にします。",点火源として適切なものについて、「水」は正しい。,×。誤り。,酸素供給源とは何ですか？,酸素供給源は、火花は点火源となり得る。 たとえば、引火点・沸点・密度など、数字と単位をセットで覚えると、選択肢の数値の当たり外れを見分けやすくなります。 試験では、定義を一文で説明できる点を押さえると得点源になります。,酸素供給源は試験でどんなふうに問われますか？,定義を一文で説明できる。適用する場面（製造・貯蔵・取扱・消火）を挙げられる。関連する法令名を意識できる。,酸素供給源で間違えやすい点は？,類似語と混同する。数字や条件を取り違える。,酸素供給源と「可燃物・酸素供給源・点火源」「燃焼」の違いは？,「可燃物・酸素供給源・点火源」「燃焼」は意味や数値・適用場面が異なります。用語ページの比較表と演習で、酸素供給源だけのポイントを確認してください。
酸素濃度と燃焼,さんそのうどとねんしょう,物性・化学,物性・化学;乙4;頻出;詳細記事;実践演習連動;一問一答連動,"酸素濃度と燃焼は、燃焼には酸素供給源が必要であり、酸素の供給が不足すると燃焼しにくくなる。

たとえば、密閉空間では蒸気がたまりやすく、換気と火気厳禁が重要です。数値（引火点・爆発下限界など）は品名とセットで確認してください。

試験では、定義を一文で説明できる点を押さえると得点源になります。",まず「酸素濃度と燃焼」は、燃焼には酸素供給源が必要であり、酸素の供給が不足すると燃焼しにくくなる。 酸素供給が不十分だと、燃焼しにくくなったり、不完全燃焼になったりする。 物性・化学では「燃焼」の文脈で繰り返し問われます。,pH;アルカリの性質;アルコール類の基礎,,B,酸素が少ないほど燃焼が激しい、とは考えない。 誤り。酸素不足では燃焼しにくくなる。 誤り。燃焼と深く関係する。 誤り。指定数量の単位ではない。,酸素濃度と燃焼とは？危険物取扱者試験（乙種第4類）で押さえる意味・試験ポイント,このページでは、物性・化学分野の「酸素濃度と燃焼」を、試験に出る形で整理します。ひとことで言うと、燃焼には酸素供給源が必要であり、酸素の供給が不足すると燃焼しにくくなる。下の目次の順に読むと、定義から演習のポイントまでつながって理解できます。,"酸素濃度と燃焼は、燃焼には酸素供給源が必要であり、酸素の供給が不足すると燃焼しにくくなる。 酸素供給が不十分だと、燃焼しにくくなったり、不完全燃焼になったりする。

誤り。酸素不足では燃焼しにくくなる。

誤り。燃焼と深く関係する。

誤り。指定数量の単位ではない。

誤り。通常の燃焼には酸素が必要である。

酸素が少ないほど燃焼が激しい、とは考えない。

よくある誤りは、酸素が少ないほど燃焼が激しい、とは考えない。

物性・化学では「pH」「アルカリの性質」など近い用語とセットで出題されます。定義・数値・主体の違いを表で対比し、酸素濃度と燃焼だけの特徴を一言で言えるようにしてください。",定義を一文で説明できる。;適用する場面（製造・貯蔵・取扱・消火）を挙げられる。;関連する法令名を意識できる。,酸素が少ないほど燃焼が激しい、とは考えない。,"「酸素濃度と燃焼」は、物性・化学の頻出語です。

整理のコツ：関連する「pH」「アルカリの性質」「アルコール類の基礎」と、「同じ点・違う点」を表に書き出し、酸素濃度と燃焼だけの特徴を一行で言えるようにします。

覚え方：間違えたら「酸素が少ないほど燃焼が激しい、とは考えない」のパターンか確認し、同じ型の誤りが出た問題を2問だけ繰り返します。

復習のしかた：丸暗記より、選択肢の「誤り。」の理由を声に出して説明できるかを目標にします。",燃焼と酸素濃度について、「酸素の供給が不足すると燃焼しにくくなる。」は正しい。,○。正しい。,酸素濃度と燃焼とは何ですか？,酸素濃度と燃焼は、燃焼には酸素供給源が必要であり、酸素の供給が不足すると燃焼しにくくなる。 たとえば、密閉空間では蒸気がたまりやすく、換気と火気厳禁が重要です。数値（引火点・爆発下限界など）は品名とセットで確認してください。 試験では、定義を一文で説明できる点を押さえると得点源になります。,酸素濃度と燃焼は試験でどんなふうに問われますか？,定義を一文で説明できる。適用する場面（製造・貯蔵・取扱・消火）を挙げられる。関連する法令名を意識できる。,酸素濃度と燃焼で間違えやすい点は？,酸素が少ないほど燃焼が激しい、とは考えない。,酸素濃度と燃焼と「pH」「アルカリの性質」の違いは？,「pH」「アルカリの性質」は意味や数値・適用場面が異なります。用語ページの比較表と演習で、酸素濃度と燃焼だけのポイントを確認してください。
重油,じゅうゆ,火災・消火・漏えい,火災・消火・漏えい;乙4;頻出;詳細記事;実践演習連動;一問一答連動,"重油は第三石油類で火気・漏えいに注意。

たとえば、危険物の性質（水溶性か、蒸気がたまりやすいか）に合った消火・漏えい対策かどうかが、正誤の判断ポイントになります。

試験では、重油は第三石油類で火気・漏えいに注意点を押さえると得点源になります。",まず「重油」は、重油は第三石油類で火気・漏えいに注意。 第三石油類であり、加熱、漏えい、火気に注意して取り扱う必要がある。 火災・消火・漏えいでは「第三石油類」の文脈で繰り返し問われます。,アセトアルデヒド;アセトン;アニリン,危険物の規制に関する政令,B,"ガソリン・灯油・軽油・重油の分類を整理する。 重油は第三石油類で火気・漏えいに注意。 重油は第三石油類・非水溶性・2,000 L。 誤り。動植物油類ではない。",重油とは？危険物取扱者試験（乙種第4類）で押さえる意味・試験ポイント,このページでは、火災・消火・漏えい分野の「重油」を、試験に出る形で整理します。ひとことで言うと、重油は第三石油類で火気・漏えいに注意。下の目次の順に読むと、定義から演習のポイントまでつながって理解できます。,"重油は第三石油類で火気・漏えいに注意。 第4類危険物の第三石油類に当てはまる代表例である。

試験では、重油は第三石油類で火気・漏えいに注意。また、重油は第三石油類・非水溶性・2,000 L点も押さえます。

誤り。動植物油類ではない。

誤り。特殊引火物ではない。

誤り。第一石油類ではない。

誤り。アルコール類ではない。

ガソリン・灯油・軽油・重油の分類を整理する。

重油は第三石油類で火気・漏えいに注意。

重油は第三石油類・非水溶性・2,000 L。

よくある誤りは、ガソリン・灯油・軽油・重油の分類を整理する。灯油・軽油1,000 Lと混同しない。

火災・消火・漏えいでは「アセトアルデヒド」「アセトン」など近い用語とセットで出題されます。定義・数値・主体の違いを表で対比し、重油だけの特徴を一言で言えるようにしてください。

第三石油類であり、加熱、漏えい、火気に注意して取り扱う必要がある。

第三石油類の非水溶性液体として扱われ、指定数量は2,000 Lである。

第三石油類、潤滑油は第四石油類である。","重油は第三石油類で火気・漏えいに注意。;重油は第三石油類・非水溶性・2,000 L。","ガソリン・灯油・軽油・重油の分類を整理する。;灯油・軽油1,000 Lと混同しない。","「重油」は、火災・消火・漏えいの頻出語です。

整理のコツ：関連する「アセトアルデヒド」「アセトン」「アニリン」と、「同じ点・違う点」を表に書き出し、重油だけの特徴を一行で言えるようにします。

覚え方：間違えたら「ガソリン・灯油・軽油・重油の分類を整理する」のパターンか確認し、同じ型の誤りが出た問題を2問だけ繰り返します。

復習のしかた：丸暗記より、選択肢の「誤り。」の理由を声に出して説明できるかを目標にします。",重油の分類について、「第三石油類」は正しい。,○。正しい。,重油とは何ですか？,重油は第三石油類で火気・漏えいに注意。 たとえば、危険物の性質（水溶性か、蒸気がたまりやすいか）に合った消火・漏えい対策かどうかが、正誤の判断ポイントになります。 試験では、重油は第三石油類で火気・漏えいに注意点を押さえると得点源になります。,重油は試験でどんなふうに問われますか？,"重油は第三石油類で火気・漏えいに注意。重油は第三石油類・非水溶性・2,000 L。",重油で間違えやすい点は？,"ガソリン・灯油・軽油・重油の分類を整理する。灯油・軽油1,000 Lと混同しない。",重油と「アセトアルデヒド」「アセトン」の違いは？,「アセトアルデヒド」「アセトン」は意味や数値・適用場面が異なります。用語ページの比較表と演習で、重油だけのポイントを確認してください。
除去消火,じょきょしょうか,火災・消火・漏えい,火災・消火・漏えい;乙4;頻出;詳細記事;実践演習連動;一問一答連動,"除去消火は、可燃物を取り除くことで燃焼を止める方法は除去消火である。

たとえば、危険物の性質（水溶性か、蒸気がたまりやすいか）に合った消火・漏えい対策かどうかが、正誤の判断ポイントになります。

試験では、定義を一文で説明できる点を押さえると得点源になります。",まず「除去消火」は、可燃物を取り除くことで燃焼を止める方法は除去消火である。 燃焼に必要な可燃物を取り除く消火方法である。 火災・消火・漏えいでは「消火」の文脈で繰り返し問われます。,アセトアルデヒド;アセトン;アニリン,,B,誤り。可燃性蒸気を増やすのは危険である。 誤り。温度を下げるのは冷却消火である。 誤り。燃焼反応を促進してはならない。,除去消火とは？危険物取扱者試験（乙種第4類）で押さえる意味・試験ポイント,このページでは、火災・消火・漏えい分野の「除去消火」を、試験に出る形で整理します。ひとことで言うと、可燃物を取り除くことで燃焼を止める方法は除去消火である。下の目次の順に読むと、定義から演習のポイントまでつながって理解できます。,"除去消火は、可燃物を取り除くことで燃焼を止める方法は除去消火である。 燃焼している可燃物または周囲の可燃物を取り除くことで燃焼を止める方法である。

誤り。可燃性蒸気を増やすのは危険である。

誤り。温度を下げるのは冷却消火である。

誤り。燃焼反応を促進してはならない。

誤り。酸素を断つのは窒息消火である。

火災・消火・漏えいでは「アセトアルデヒド」「アセトン」など近い用語とセットで出題されます。定義・数値・主体の違いを表で対比し、除去消火だけの特徴を一言で言えるようにしてください。

燃焼に必要な可燃物を取り除く消火方法である。",定義を一文で説明できる。;適用する場面（製造・貯蔵・取扱・消火）を挙げられる。;関連する法令名を意識できる。,類似語と混同する。;数字や条件を取り違える。;すべての危険物に当てはめる。,"「除去消火」は、火災・消火・漏えいの頻出語です。

整理のコツ：関連する「アセトアルデヒド」「アセトン」「アニリン」と、「同じ点・違う点」を表に書き出し、除去消火だけの特徴を一行で言えるようにします。

覚え方：間違えたら「類似語と混同する」のパターンか確認し、同じ型の誤りが出た問題を2問だけ繰り返します。

復習のしかた：丸暗記より、選択肢の「誤り。」の理由を声に出して説明できるかを目標にします。",除去消火の説明について、「可燃物を取り除いて燃焼を止める方法である。」は正しい。,○。正しい。,除去消火とは何ですか？,除去消火は、可燃物を取り除くことで燃焼を止める方法は除去消火である。 たとえば、危険物の性質（水溶性か、蒸気がたまりやすいか）に合った消火・漏えい対策かどうかが、正誤の判断ポイントになります。 試験では、定義を一文で説明できる点を押さえると得点源になります。,除去消火は試験でどんなふうに問われますか？,定義を一文で説明できる。適用する場面（製造・貯蔵・取扱・消火）を挙げられる。関連する法令名を意識できる。,除去消火で間違えやすい点は？,類似語と混同する。数字や条件を取り違える。,除去消火と「アセトアルデヒド」「アセトン」の違いは？,「アセトアルデヒド」「アセトン」は意味や数値・適用場面が異なります。用語ページの比較表と演習で、除去消火だけのポイントを確認してください。
電子の授受,でんしのじゅじゅ,物性・化学,物性・化学;乙4;頻出;詳細記事;実践演習連動;一問一答連動,"電子の授受は、酸化は、酸素との化合だけでなく、電子を失う反応としても説明される。

たとえば、引火点・沸点・密度など、数字と単位をセットで覚えると、選択肢の数値の当たり外れを見分けやすくなります。

試験では、酸化は電子を失う反応としても説明できる点を押さえると得点源になります。",まず「電子の授受」は、酸化は、酸素との化合だけでなく、電子を失う反応としても説明される。 正しい。電子を失う反応は酸化である。 酸化は、酸素との化合だけでなく、電子を失う反応としても説明される。 物性・化学では「酸化・還元」の文脈で繰り返し問われます。,酸素・水素・電子の授受;酸化・還元,,B,酸化は電子を失う反応としても説明できる。 誤り。蒸発ではない。 誤り。必ず5個という決まりではない。 誤り。浮沈ではない。,電子の授受とは？危険物取扱者試験（乙種第4類）で押さえる意味・試験ポイント,このページでは、物性・化学分野の「電子の授受」を、試験に出る形で整理します。ひとことで言うと、酸化は、酸素との化合だけでなく、電子を失う反応としても説明される。下の目次の順に読むと、定義から演習のポイントまでつながって理解できます。,"電子の授受は、酸化は、酸素との化合だけでなく、電子を失う反応としても説明される。

試験では、酸化は電子を失う反応としても説明できる点が問われます。

誤り。蒸発ではない。

誤り。必ず5個という決まりではない。

誤り。浮沈ではない。

誤り。温度変化そのものではない。

酸化は電子を失う反応としても説明できる。

物性・化学では「酸素・水素・電子の授受」「酸化・還元」など近い用語とセットで出題されます。定義・数値・主体の違いを表で対比し、電子の授受だけの特徴を一言で言えるようにしてください。",酸化は電子を失う反応としても説明できる。,類似語と混同する。;数字や条件を取り違える。;すべての危険物に当てはめる。,"「電子の授受」は、物性・化学の頻出語です。

整理のコツ：関連する「酸素・水素・電子の授受」「酸化・還元」と、「同じ点・違う点」を表に書き出し、電子の授受だけの特徴を一行で言えるようにします。

覚え方：間違えたら「類似語と混同する」のパターンか確認し、同じ型の誤りが出た問題を2問だけ繰り返します。

復習のしかた：丸暗記より、選択肢の「誤り。」の理由を声に出して説明できるかを目標にします。",酸化の説明として、適切なものについて、「電子を失う反応は酸化と考えられる。」は正しい。,○。正しい。,電子の授受とは何ですか？,電子の授受は、酸化は、酸素との化合だけでなく、電子を失う反応としても説明される。 たとえば、引火点・沸点・密度など、数字と単位をセットで覚えると、選択肢の数値の当たり外れを見分けやすくなります。 試験では、酸化は電子を失う反応としても説明できる点を押さえると得点源になります。,電子の授受は試験でどんなふうに問われますか？,酸化は電子を失う反応としても説明できる。,電子の授受で間違えやすい点は？,類似語と混同する。数字や条件を取り違える。,電子の授受と「酸素・水素・電子の授受」「酸化・還元」の違いは？,「酸素・水素・電子の授受」「酸化・還元」は意味や数値・適用場面が異なります。用語ページの比較表と演習で、電子の授受だけのポイントを確認してください。
静電気,せいでんき,物性・化学,物性・化学;乙4;頻出;詳細記事;実践演習連動;一問一答連動,"静電気は、物体に電荷が蓄積し、放電することで着火源となり得る現象を指します。

たとえば、引火点・沸点・密度など、数字と単位をセットで覚えると、選択肢の数値の当たり外れを見分けやすくなります。

試験では、帯電・放電が着火源点を押さえると得点源になります。",まず「静電気」は、物体に電荷が蓄積し、放電することで着火源となり得る現象を指します。,静電気の発生;静電気による引火危険;火災予防,危険物の規制に関する政令,B,乾燥・高速流動・摩擦は帯電を助長する。 摩擦・流動・乾燥は静電気発生に関係する。 高速流動・摩擦・乾燥は静電気発生に関係する。 誤り。絶縁したままでは電荷を逃がしにくい。,静電気とは？危険物取扱者試験（乙種第4類）で押さえる意味・試験ポイント,このページでは、物性・化学分野の「静電気」を、試験に出る形で整理します。ひとことで言うと、物体に電荷が蓄積し、放電することで着火源となり得る現象を指します。下の目次の順に読むと、定義から演習のポイントまでつながって理解できます。,"危険物の取扱いでは、流動・混合・フィルター通過・高速充填などで帯電が起こりやすく、接地・等電位結合・流速管理が重要です。給油・タンク作業では、人体・車両の帯電にも注意が必要です。

乾燥・低温・高速流動は帯電を助長します。火気だけでなく静電気を着火源として意識してください。

誤り。絶縁したままでは電荷を逃がしにくい。

誤り。激しいかくはんは静電気発生の危険を高めることがある。

誤り。乾燥や高速流動は帯電しやすい条件である。

誤り。可燃性蒸気をためることは引火危険を高める。

乾燥・高速流動・摩擦は帯電を助長する。

摩擦・流動・乾燥は静電気発生に関係する。",帯電・放電が着火源。;接地・等電位結合。;給油・移送・流動作業での対策。,火気だけ注意して静電気を無視する。;接地不要と誤解する。,"「静電気」は、物性・化学の頻出語です。

整理のコツ：関連する「静電気の発生」「静電気による引火危険」「火災予防」と、「同じ点・違う点」を表に書き出し、静電気だけの特徴を一行で言えるようにします。

覚え方：間違えたら「火気だけ注意して静電気を無視する」のパターンか確認し、同じ型の誤りが出た問題を2問だけ繰り返します。

復習のしかた：丸暗記より、選択肢の「誤り。」の理由を声に出して説明できるかを目標にします。",静電気の発生に関係しやすいものについて、「危険物取扱者免状の交付」は正しい。,×。誤り。,静電気とは何ですか？,静電気は、物体に電荷が蓄積し、放電することで着火源となり得る現象を指します。 たとえば、引火点・沸点・密度など、数字と単位をセットで覚えると、選択肢の数値の当たり外れを見分けやすくなります。 試験では、帯電・放電が着火源点を押さえると得点源になります。,静電気は試験でどんなふうに問われますか？,帯電・放電が着火源。接地・等電位結合。給油・移送・流動作業での対策。,静電気で間違えやすい点は？,火気だけ注意して静電気を無視する。接地不要と誤解する。,静電気と「静電気の発生」「静電気による引火危険」の違いは？,「静電気の発生」「静電気による引火危険」は意味や数値・適用場面が異なります。用語ページの比較表と演習で、静電気だけのポイントを確認してください。
静電気による引火危険,せいでんきによるいんかきけん,物性・化学,物性・化学;乙4;頻出;詳細記事;実践演習連動;一問一答連動,"静電気による引火危険は、静電気による火花は、可燃性蒸気への着火源となることがある。

たとえば、密閉空間では蒸気がたまりやすく、換気と火気厳禁が重要です。数値（引火点・爆発下限界など）は品名とセットで確認してください。

試験では、定義を一文で説明できる点を押さえると得点源になります。",まず「静電気による引火危険」は、静電気による火花は、可燃性蒸気への着火源となることがある。第4類危険物では重要な火災予防論点である。 静電気による火花は可燃性蒸気の着火源となるため、接地などにより電荷を逃がすことが重要である。 物性・化学では「火災予防」の文脈で繰り返し問われます。,火災予防;静電気,,B,誤り。水溶性とは別の性質である。 誤り。指定数量を増やさない。 誤り。蒸気比重をゼロにしない。,静電気による引火危険とは？危険物取扱者試験（乙種第4類）で押さえる意味・試験ポイント,このページでは、物性・化学分野の「静電気による引火危険」を、試験に出る形で整理します。ひとことで言うと、静電気による火花は、可燃性蒸気への着火源となることがある。第4類危険物では重要な火災予防論点である。下の目次の順に読むと、定義から演習のポイントまでつながって理解できます。,"静電気による引火危険は、静電気による火花は、可燃性蒸気への着火源となることがある。第4類危険物では重要な火災予防論点である。 静電気による火花は可燃性蒸気の着火源となるため、接地などにより電荷を逃がすことが重要である。

誤り。水溶性とは別の性質である。

誤り。指定数量を増やさない。

誤り。蒸気比重をゼロにしない。

誤り。不燃性に変えるものではない。

物性・化学では「火災予防」「静電気」など近い用語とセットで出題されます。定義・数値・主体の違いを表で対比し、静電気による引火危険だけの特徴を一言で言えるようにしてください。

接地は静電気を逃がし、火花による引火を防ぐために行う。

静電気火花は、可燃性蒸気の点火源となり得るため危険である。",定義を一文で説明できる。;適用する場面（製造・貯蔵・取扱・消火）を挙げられる。;関連する法令名を意識できる。,類似語と混同する。;数字や条件を取り違える。;すべての危険物に当てはめる。,"「静電気による引火危険」は、物性・化学の頻出語です。

整理のコツ：関連する「火災予防」「静電気」と、「同じ点・違う点」を表に書き出し、静電気による引火危険だけの特徴を一行で言えるようにします。

覚え方：間違えたら「類似語と混同する」のパターンか確認し、同じ型の誤りが出た問題を2問だけ繰り返します。

復習のしかた：丸暗記より、選択肢の「誤り。」の理由を声に出して説明できるかを目標にします。",静電気が第4類危険物で危険となる理由について、「可燃性蒸気への着火源となることがあるため。」は正しい。,○。正しい。,静電気による引火危険とは何ですか？,静電気による引火危険は、静電気による火花は、可燃性蒸気への着火源となることがある。 たとえば、密閉空間では蒸気がたまりやすく、換気と火気厳禁が重要です。数値（引火点・爆発下限界など）は品名とセットで確認してください。 試験では、定義を一文で説明できる点を押さえると得点源になります。,静電気による引火危険は試験でどんなふうに問われますか？,定義を一文で説明できる。適用する場面（製造・貯蔵・取扱・消火）を挙げられる。関連する法令名を意識できる。,静電気による引火危険で間違えやすい点は？,類似語と混同する。数字や条件を取り違える。,静電気による引火危険と「火災予防」「静電気」の違いは？,「火災予防」「静電気」は意味や数値・適用場面が異なります。用語ページの比較表と演習で、静電気による引火危険だけのポイントを確認してください。
静電気の発生,せいでんきのはっせい,物性・化学,物性・化学;乙4;頻出;詳細記事;実践演習連動;一問一答連動,"静電気の発生は、液体の高速流動は静電気の発生に関係するため、接地などの対策が重要である。

たとえば、引火点・沸点・密度など、数字と単位をセットで覚えると、選択肢の数値の当たり外れを見分けやすくなります。

試験では、摩擦・流動・乾燥は静電気発生に関係する点を押さえると得点源になります。",まず「静電気の発生」は、液体の高速流動は静電気の発生に関係するため、接地などの対策が重要である。 接地は静電気対策として重要であり、電荷を逃がす効果がある。 物性・化学では「静電気」の文脈で繰り返し問われます。,pH;アルカリの性質;アルコール類の基礎,,B,摩擦・流動・乾燥は静電気発生に関係する。 誤り。標識色変更ではない。 誤り。静止状態だけが原因ではない。 誤り。免状交付とは関係ない。,静電気の発生とは？危険物取扱者試験（乙種第4類）で押さえる意味・試験ポイント,このページでは、物性・化学分野の「静電気の発生」を、試験に出る形で整理します。ひとことで言うと、液体の高速流動は静電気の発生に関係するため、接地などの対策が重要である。下の目次の順に読むと、定義から演習のポイントまでつながって理解できます。,"静電気の発生は、液体の高速流動は静電気の発生に関係するため、接地などの対策が重要である。 静電気は、摩擦や流動、乾燥などにより発生しやすい。第4類危険物では着火源として注意が必要である。

試験では、摩擦・流動・乾燥は静電気発生に関係する点が問われます。

誤り。標識色変更ではない。

誤り。静止状態だけが原因ではない。

誤り。免状交付とは関係ない。

誤り。指定数量計算ではない。

摩擦・流動・乾燥は静電気発生に関係する。

物性・化学では「pH」「アルカリの性質」など近い用語とセットで出題されます。定義・数値・主体の違いを表で対比し、静電気の発生だけの特徴を一言で言えるようにしてください。

接地は静電気対策として重要であり、電荷を逃がす効果がある。",摩擦・流動・乾燥は静電気発生に関係する。,類似語と混同する。;数字や条件を取り違える。;すべての危険物に当てはめる。,"「静電気の発生」は、物性・化学の頻出語です。

整理のコツ：関連する「pH」「アルカリの性質」「アルコール類の基礎」と、「同じ点・違う点」を表に書き出し、静電気の発生だけの特徴を一行で言えるようにします。

覚え方：間違えたら「類似語と混同する」のパターンか確認し、同じ型の誤りが出た問題を2問だけ繰り返します。

復習のしかた：丸暗記より、選択肢の「誤り。」の理由を声に出して説明できるかを目標にします。",静電気の発生に関係しやすいものについて、「危険物取扱者免状の交付」は正しい。,×。誤り。,静電気の発生とは何ですか？,静電気の発生は、液体の高速流動は静電気の発生に関係するため、接地などの対策が重要である。 たとえば、引火点・沸点・密度など、数字と単位をセットで覚えると、選択肢の数値の当たり外れを見分けやすくなります。 試験では、摩擦・流動・乾燥は静電気発生に関係する点を押さえると得点源になります。,静電気の発生は試験でどんなふうに問われますか？,摩擦・流動・乾燥は静電気発生に関係する。,静電気の発生で間違えやすい点は？,類似語と混同する。数字や条件を取り違える。,静電気の発生と「pH」「アルカリの性質」の違いは？,「pH」「アルカリの性質」は意味や数値・適用場面が異なります。用語ページの比較表と演習で、静電気の発生だけのポイントを確認してください。
静電気対策,せいでんきたいさく,物性・化学,物性・化学;乙4;頻出;詳細記事;実践演習連動;一問一答連動,"静電気対策は、静電気は可燃性蒸気への着火源になる。

たとえば、引火点・沸点・密度など、数字と単位をセットで覚えると、選択肢の数値の当たり外れを見分けやすくなります。

試験では、ガソリンは火気・換気・静電気対策が重要点を押さえると得点源になります。",まず「静電気対策」は、静電気は可燃性蒸気への着火源になる。接地により電荷を逃がすことは、静電気対策として重要である。 正しい。接地は静電気対策として有効である。 静電気は可燃性蒸気への着火源になる。接地により電荷を逃がすことは、静電気対策として重要である。 物性・化学では「静電気」の文脈で繰り返し問われます。,静電気;静電気対策・接地,危険物の規制に関する政令,B,乾燥・高速流動・摩擦は帯電を助長する。 誤り。絶縁したままでは電荷を逃がしにくい。 誤り。激しいかくはんは静電気発生の危険を高めることがある。 誤り。乾燥や高速流動は帯電しやすい条件である。,静電気対策とは？危険物取扱者試験（乙種第4類）で押さえる意味・試験ポイント,このページでは、物性・化学分野の「静電気対策」を、試験に出る形で整理します。ひとことで言うと、静電気は可燃性蒸気への着火源になる。接地により電荷を逃がすことは、静電気対策として重要である。下の目次の順に読むと、定義から演習のポイントまでつながって理解できます。,"静電気対策は、静電気は可燃性蒸気への着火源になる。接地により電荷を逃がすことは、静電気対策として重要である。

誤り。絶縁したままでは電荷を逃がしにくい。

誤り。激しいかくはんは静電気発生の危険を高めることがある。

誤り。乾燥や高速流動は帯電しやすい条件である。

誤り。可燃性蒸気をためることは引火危険を高める。

乾燥・高速流動・摩擦は帯電を助長する。

よくある誤りは、乾燥・高速流動・摩擦は帯電を助長する。

物性・化学では「静電気」「静電気対策・接地」など近い用語とセットで出題されます。定義・数値・主体の違いを表で対比し、静電気対策だけの特徴を一言で言えるようにしてください。

ガソリンは火気・換気・静電気対策が重要。",ガソリンは火気・換気・静電気対策が重要。;給油取扱所では火気・漏えい・静電気に注意。,乾燥・高速流動・摩擦は帯電を助長する。,"「静電気対策」は、物性・化学の頻出語です。

整理のコツ：関連する「静電気」「静電気対策・接地」と、「同じ点・違う点」を表に書き出し、静電気対策だけの特徴を一行で言えるようにします。

覚え方：間違えたら「乾燥・高速流動・摩擦は帯電を助長する」のパターンか確認し、同じ型の誤りが出た問題を2問だけ繰り返します。

復習のしかた：丸暗記より、選択肢の「誤り。」の理由を声に出して説明できるかを目標にします。",静電気による災害を防ぐ方法として、最も適切なものについて、「容器や配管を接地する。」は正しい。,○。正しい。,静電気対策とは何ですか？,静電気対策は、静電気は可燃性蒸気への着火源になる。 たとえば、引火点・沸点・密度など、数字と単位をセットで覚えると、選択肢の数値の当たり外れを見分けやすくなります。 試験では、ガソリンは火気・換気・静電気対策が重要点を押さえると得点源になります。,静電気対策は試験でどんなふうに問われますか？,ガソリンは火気・換気・静電気対策が重要。給油取扱所では火気・漏えい・静電気に注意。,静電気対策で間違えやすい点は？,乾燥・高速流動・摩擦は帯電を助長する。,静電気対策と「静電気」「静電気対策・接地」の違いは？,「静電気」「静電気対策・接地」は意味や数値・適用場面が異なります。用語ページの比較表と演習で、静電気対策だけのポイントを確認してください。
静電気対策・接地,せいでんきたいさく・せっち,物性・化学,物性・化学;乙4;頻出;詳細記事;実践演習連動;一問一答連動,"静電気対策・接地は、静電気は可燃性蒸気への着火源になる。

たとえば、引火点・沸点・密度など、数字と単位をセットで覚えると、選択肢の数値の当たり外れを見分けやすくなります。

試験では、定義を一文で説明できる点を押さえると得点源になります。",まず「静電気対策・接地」は、静電気は可燃性蒸気への着火源になる。接地により電荷を逃がすことは、静電気対策として重要である。 正しい。接地は静電気対策として有効である。 静電気は可燃性蒸気への着火源になる。接地により電荷を逃がすことは、静電気対策として重要である。 物性・化学では「静電気」の文脈で繰り返し問われます。,pH;アルカリの性質;アルコール類の基礎,,B,乾燥・高速流動・摩擦は帯電を助長する。 誤り。絶縁したままでは電荷を逃がしにくい。 誤り。激しいかくはんは静電気発生の危険を高めることがある。 誤り。乾燥や高速流動は帯電しやすい条件である。,静電気対策・接地とは？危険物取扱者試験（乙種第4類）で押さえる意味・試験ポイント,このページでは、物性・化学分野の「静電気対策・接地」を、試験に出る形で整理します。ひとことで言うと、静電気は可燃性蒸気への着火源になる。接地により電荷を逃がすことは、静電気対策として重要である。下の目次の順に読むと、定義から演習のポイントまでつながって理解できます。,"静電気対策・接地は、静電気は可燃性蒸気への着火源になる。接地により電荷を逃がすことは、静電気対策として重要である。

誤り。絶縁したままでは電荷を逃がしにくい。

誤り。激しいかくはんは静電気発生の危険を高めることがある。

誤り。乾燥や高速流動は帯電しやすい条件である。

誤り。可燃性蒸気をためることは引火危険を高める。

乾燥・高速流動・摩擦は帯電を助長する。

よくある誤りは、乾燥・高速流動・摩擦は帯電を助長する。

物性・化学では「pH」「アルカリの性質」など近い用語とセットで出題されます。定義・数値・主体の違いを表で対比し、静電気対策・接地だけの特徴を一言で言えるようにしてください。",定義を一文で説明できる。;適用する場面（製造・貯蔵・取扱・消火）を挙げられる。;関連する法令名を意識できる。,乾燥・高速流動・摩擦は帯電を助長する。,"「静電気対策・接地」は、物性・化学の頻出語です。

整理のコツ：関連する「pH」「アルカリの性質」「アルコール類の基礎」と、「同じ点・違う点」を表に書き出し、静電気対策・接地だけの特徴を一行で言えるようにします。

覚え方：間違えたら「乾燥・高速流動・摩擦は帯電を助長する」のパターンか確認し、同じ型の誤りが出た問題を2問だけ繰り返します。

復習のしかた：丸暗記より、選択肢の「誤り。」の理由を声に出して説明できるかを目標にします。",静電気による災害を防ぐ方法として、最も適切なものについて、「容器や配管を接地する。」は正しい。,○。正しい。,静電気対策・接地とは何ですか？,静電気対策・接地は、静電気は可燃性蒸気への着火源になる。 たとえば、引火点・沸点・密度など、数字と単位をセットで覚えると、選択肢の数値の当たり外れを見分けやすくなります。 試験では、定義を一文で説明できる点を押さえると得点源になります。,静電気対策・接地は試験でどんなふうに問われますか？,定義を一文で説明できる。適用する場面（製造・貯蔵・取扱・消火）を挙げられる。関連する法令名を意識できる。,静電気対策・接地で間違えやすい点は？,乾燥・高速流動・摩擦は帯電を助長する。,静電気対策・接地と「pH」「アルカリの性質」の違いは？,「pH」「アルカリの性質」は意味や数値・適用場面が異なります。用語ページの比較表と演習で、静電気対策・接地だけのポイントを確認してください。
非水溶性による指定数量差,ひすいようせいによるしていすうりょうさ,法令・制度,法令・制度;乙4;頻出;詳細記事;実践演習連動;一問一答連動,"非水溶性による指定数量差は、第1石油類では、非水溶性液体と水溶性液体で指定数量が異なる。

たとえば、条文では「消防法で定める」「政令で定める」「施行令で定める」のように、どの法令に書かれているかを選ぶ問題がよく出ます。

試験では、第1石油類は非水溶性200 L、水溶性400 L点を押さえると得点源になります。",まず「非水溶性による指定数量差」は、第1石油類では、非水溶性液体と水溶性液体で指定数量が異なる。ガソリンは非水溶性液体として200 L、アセトンは水溶性液体として400 Lで整理する。 アセトンは第1石油類の水溶性液体として扱われ、指定数量は400 Lである。 法令・制度では「指定数量」の文脈で繰り返し問われます。,指定数量;水溶性・非水溶性による指定数量差;水溶性,危険物の規制に関する政令,B,"第1石油類は非水溶性200 L、水溶性400 L。 アセトンは第1石油類・水溶性液体・400 L。 第2石油類は非水溶性1,000 L、水溶性2,000 L。 誤り。10,000 Lは動植物油類である。",非水溶性による指定数量差とは？危険物取扱者試験（乙種第4類）で押さえる意味・試験ポイント,このページでは、法令・制度分野の「非水溶性による指定数量差」を、試験に出る形で整理します。ひとことで言うと、第1石油類では、非水溶性液体と水溶性液体で指定数量が異なる。ガソリンは非水溶性液体として200 L、アセトンは水溶性液体として400 Lで整理する。下の目次の順に読むと、定義から演習のポイントまでつながって理解できます。,"非水溶性による指定数量差は、第1石油類では、非水溶性液体と水溶性液体で指定数量が異なる。ガソリンは非水溶性液体として200 L、アセトンは水溶性液体として400 Lで整理する。 アセトンは第1石油類の水溶性液体として扱われ、指定数量は400 Lである。

試験では、第1石油類は非水溶性200 L、水溶性400 L。アセトンは第1石油類・水溶性液体・400 L。第2石油類は非水溶性1,000 L、水溶性2,000 L。また、第3石油類は非水溶性2,000 L、水溶性4,000 L点も押さえます。

誤り。10,000 Lは動植物油類である。

誤り。50 Lは特殊引火物である。

誤り。指定数量に関係する。

誤り。指定数量は定められている。

第1石油類は非水溶性200 L、水溶性400 L。

アセトンは第1石油類・水溶性液体・400 L。

第2石油類は非水溶性1,000 L、水溶性2,000 L。

よくある誤りは、水溶性と非水溶性の指定数量差に注意。グリセリン4,000 Lと重油2,000 Lを区別する。

法令・制度では「指定数量」「水溶性・非水溶性による指定数量差」など近い用語とセットで出題されます。定義・数値・主体の違いを表で対比し、非水溶性による指定数量差だけの特徴を一言で言えるようにしてください。

第2石油類の水溶性液体の指定数量は2,000 Lである。

第3石油類の非水溶性液体の指定数量は2,000 Lである。","第1石油類は非水溶性200 L、水溶性400 L。;アセトンは第1石油類・水溶性液体・400 L。;第2石油類は非水溶性1,000 L、水溶性2,000 L。;第3石油類は非水溶性2,000 L、水溶性4,000 L。","水溶性と非水溶性の指定数量差に注意。;グリセリン4,000 Lと重油2,000 Lを区別する。","「非水溶性による指定数量差」は、法令・制度の頻出語です。

整理のコツ：関連する「指定数量」「水溶性・非水溶性による指定数量差」「水溶性」と、「同じ点・違う点」を表に書き出し、非水溶性による指定数量差だけの特徴を一行で言えるようにします。

覚え方：間違えたら「水溶性と非水溶性の指定数量差に注意」のパターンか確認し、同じ型の誤りが出た問題を2問だけ繰り返します。

復習のしかた：丸暗記より、選択肢の「誤り。」の理由を声に出して説明できるかを目標にします。",第1石油類の指定数量について、「非水溶性液体と水溶性液体で指定数量が異なる。」は正しい。,○。正しい。,非水溶性による指定数量差とは何ですか？,非水溶性による指定数量差は、第1石油類では、非水溶性液体と水溶性液体で指定数量が異なる。 たとえば、条文では「消防法で定める」「政令で定める」「施行令で定める」のように、どの法令に書かれているかを選ぶ問題がよく出ます。 試験では、第1石油類は非水溶性200 L、水溶性400 L点を押さえると得点源になります。,非水溶性による指定数量差は試験でどんなふうに問われますか？,"第1石油類は非水溶性200 L、水溶性400 L。アセトンは第1石油類・水溶性液体・400 L。第2石油類は非水溶性1,000 L、水溶性2,000 L。",非水溶性による指定数量差で間違えやすい点は？,"水溶性と非水溶性の指定数量差に注意。グリセリン4,000 Lと重油2,000 Lを区別する。",非水溶性による指定数量差と「指定数量」「水溶性・非水溶性による指定数量差」の違いは？,「指定数量」「水溶性・非水溶性による指定数量差」は意味や数値・適用場面が異なります。用語ページの比較表と演習で、非水溶性による指定数量差だけのポイントを確認してください。
非水溶性の代表例,ひすいようせいのだいひょうれい,火災・消火・漏えい,火災・消火・漏えい;乙4;頻出;詳細記事;実践演習連動;一問一答連動,"非水溶性の代表例は、アセトンは第1石油類の水溶性液体として扱われる。

たとえば、危険物の性質（水溶性か、蒸気がたまりやすいか）に合った消火・漏えい対策かどうかが、正誤の判断ポイントになります。

試験では、ガソリンは非水溶性、アセトンは水溶性点を押さえると得点源になります。",まず「非水溶性の代表例」は、アセトンは第1石油類の水溶性液体として扱われる。ガソリン、灯油、軽油、潤滑油は一般に非水溶性として整理される。 ガソリンは第1石油類の非水溶性液体として扱われる。アセトン、メタノール、エタノール、グリセリンは水溶性として整理される。 火災・消火・漏えいでは「分類比較」の文脈で繰り返し問われます。,分類比較;水溶性・非水溶性の代表例;水溶性,危険物の規制に関する政令,B,ガソリンは非水溶性、アセトンは水溶性。 水溶性・非水溶性の代表例を整理する。 アセトン・メタノール・エタノールは水溶性。 誤り。軽油は一般に非水溶性である。,非水溶性の代表例とは？危険物取扱者試験（乙種第4類）で押さえる意味・試験ポイント,このページでは、火災・消火・漏えい分野の「非水溶性の代表例」を、試験に出る形で整理します。ひとことで言うと、アセトンは第1石油類の水溶性液体として扱われる。ガソリン、灯油、軽油、潤滑油は一般に非水溶性として整理される。下の目次の順に読むと、定義から演習のポイントまでつながって理解できます。,"非水溶性の代表例は、アセトンは第1石油類の水溶性液体として扱われる。ガソリン、灯油、軽油、潤滑油は一般に非水溶性として整理される。 ガソリンは第1石油類の非水溶性液体として扱われる。アセトン、メタノール、エタノール、グリセリンは水溶性として整理される。

試験では、ガソリンは非水溶性、アセトンは水溶性。また、アセトン・メタノール・エタノールは水溶性点も押さえます。

誤り。軽油は一般に非水溶性である。

誤り。ガソリンは一般に非水溶性である。

誤り。潤滑油は一般に非水溶性である。

誤り。灯油は一般に非水溶性である。

ガソリンは非水溶性、アセトンは水溶性。

水溶性・非水溶性の代表例を整理する。

アセトン・メタノール・エタノールは水溶性。

よくある誤りは、水溶性・非水溶性の代表例を整理する。

火災・消火・漏えいでは「分類比較」「水溶性・非水溶性の代表例」など近い用語とセットで出題されます。定義・数値・主体の違いを表で対比し、非水溶性の代表例だけの特徴を一言で言えるようにしてください。

アセトン、メタノール、エタノールは水溶性液体として整理される代表例である。",ガソリンは非水溶性、アセトンは水溶性。;アセトン・メタノール・エタノールは水溶性。,水溶性・非水溶性の代表例を整理する。,"「非水溶性の代表例」は、火災・消火・漏えいの頻出語です。

整理のコツ：関連する「分類比較」「水溶性・非水溶性の代表例」「水溶性」と、「同じ点・違う点」を表に書き出し、非水溶性の代表例だけの特徴を一行で言えるようにします。

覚え方：間違えたら「水溶性・非水溶性の代表例を整理する」のパターンか確認し、同じ型の誤りが出た問題を2問だけ繰り返します。

復習のしかた：丸暗記より、選択肢の「誤り。」の理由を声に出して説明できるかを目標にします。",水溶性の第4類危険物として、適切なものについて、「アセトン」は正しい。,○。正しい。,非水溶性の代表例とは何ですか？,非水溶性の代表例は、アセトンは第1石油類の水溶性液体として扱われる。 たとえば、危険物の性質（水溶性か、蒸気がたまりやすいか）に合った消火・漏えい対策かどうかが、正誤の判断ポイントになります。 試験では、ガソリンは非水溶性、アセトンは水溶性点を押さえると得点源になります。,非水溶性の代表例は試験でどんなふうに問われますか？,ガソリンは非水溶性、アセトンは水溶性。アセトン・メタノール・エタノールは水溶性。,非水溶性の代表例で間違えやすい点は？,水溶性・非水溶性の代表例を整理する。,非水溶性の代表例と「分類比較」「水溶性・非水溶性の代表例」の違いは？,「分類比較」「水溶性・非水溶性の代表例」は意味や数値・適用場面が異なります。用語ページの比較表と演習で、非水溶性の代表例だけのポイントを確認してください。
非水溶性の基礎,ひすいようせいのきそ,物性・化学,物性・化学;乙4;頻出;詳細記事;実践演習連動;一問一答連動,"非水溶性の基礎は、水溶性とは、水に溶ける性質を指します。

たとえば、引火点・沸点・密度など、数字と単位をセットで覚えると、選択肢の数値の当たり外れを見分けやすくなります。

試験では、定義を一文で説明できる点を押さえると得点源になります。",まず「非水溶性の基礎」は、水溶性とは、水に溶ける性質を指します。ただし、水に溶けることと燃えないことは同じではない。 誤り。水溶性でも引火危険があるものがある。 水溶性とは、水に溶ける性質を指します。ただし、水に溶けることと燃えないことは同じではない。 物性・化学では「有機化合物」の文脈で繰り返し問われます。,有機化合物;水溶性・非水溶性の基礎;水溶性,,B,誤り。酸素放出の性質ではない。 誤り。水より重いことは比重の問題である。 誤り。水溶性でも引火危険があるものがある。,非水溶性の基礎とは？危険物取扱者試験（乙種第4類）で押さえる意味・試験ポイント,このページでは、物性・化学分野の「非水溶性の基礎」を、試験に出る形で整理します。ひとことで言うと、水溶性とは、水に溶ける性質を指します。ただし、水に溶けることと燃えないことは同じではない。下の目次の順に読むと、定義から演習のポイントまでつながって理解できます。,"非水溶性の基礎は、水溶性とは、水に溶ける性質を指します。ただし、水に溶けることと燃えないことは同じではない。

誤り。酸素放出の性質ではない。

誤り。水より重いことは比重の問題である。

誤り。水溶性でも引火危険があるものがある。

誤り。蒸気比重の問題である。

物性・化学では「有機化合物」「水溶性・非水溶性の基礎」など近い用語とセットで出題されます。定義・数値・主体の違いを表で対比し、非水溶性の基礎だけの特徴を一言で言えるようにしてください。",定義を一文で説明できる。;適用する場面（製造・貯蔵・取扱・消火）を挙げられる。;関連する法令名を意識できる。,類似語と混同する。;数字や条件を取り違える。;すべての危険物に当てはめる。,"「非水溶性の基礎」は、物性・化学の頻出語です。

整理のコツ：関連する「有機化合物」「水溶性・非水溶性の基礎」「水溶性」と、「同じ点・違う点」を表に書き出し、非水溶性の基礎だけの特徴を一行で言えるようにします。

覚え方：間違えたら「類似語と混同する」のパターンか確認し、同じ型の誤りが出た問題を2問だけ繰り返します。

復習のしかた：丸暗記より、選択肢の「誤り。」の理由を声に出して説明できるかを目標にします。",水溶性について、「必ず燃えない性質をいう。」は正しい。,×。誤り。,非水溶性の基礎とは何ですか？,非水溶性の基礎は、水溶性とは、水に溶ける性質を指します。 たとえば、引火点・沸点・密度など、数字と単位をセットで覚えると、選択肢の数値の当たり外れを見分けやすくなります。 試験では、定義を一文で説明できる点を押さえると得点源になります。,非水溶性の基礎は試験でどんなふうに問われますか？,定義を一文で説明できる。適用する場面（製造・貯蔵・取扱・消火）を挙げられる。関連する法令名を意識できる。,非水溶性の基礎で間違えやすい点は？,類似語と混同する。数字や条件を取り違える。,非水溶性の基礎と「有機化合物」「水溶性・非水溶性の基礎」の違いは？,「有機化合物」「水溶性・非水溶性の基礎」は意味や数値・適用場面が異なります。用語ページの比較表と演習で、非水溶性の基礎だけのポイントを確認してください。
非水溶性の違い,ひすいようせいのちがい,火災・消火・漏えい,火災・消火・漏えい;乙4;頻出;詳細記事;実践演習連動;一問一答連動,"非水溶性の違いは、第4類危険物には、水溶性のものと非水溶性のものがある。

たとえば、危険物の性質（水溶性か、蒸気がたまりやすいか）に合った消火・漏えい対策かどうかが、正誤の判断ポイントになります。

試験では、非水溶性液体火災では注水方法に注意点を押さえると得点源になります。",まず「非水溶性の違い」は、第4類危険物には、水溶性のものと非水溶性のものがある。水に溶けることと引火危険がないことは同じではない。 水溶性の第4類危険物でも、引火危険があるものがある。水に溶けることは不燃性を意味しない。 火災・消火・漏えいでは「第4類共通性質」の文脈で繰り返し問われます。,第4類共通性質;水溶性・非水溶性の違い;水溶性,,B,水に溶けるかと燃えるかを混同しない。 非水溶性液体火災では注水方法に注意。 誤り。水溶性でも引火危険はある。 誤り。水に浮くものもある。,非水溶性の違いとは？危険物取扱者試験（乙種第4類）で押さえる意味・試験ポイント,このページでは、火災・消火・漏えい分野の「非水溶性の違い」を、試験に出る形で整理します。ひとことで言うと、第4類危険物には、水溶性のものと非水溶性のものがある。水に溶けることと引火危険がないことは同じではない。下の目次の順に読むと、定義から演習のポイントまでつながって理解できます。,"非水溶性の違いは、第4類危険物には、水溶性のものと非水溶性のものがある。水に溶けることと引火危険がないことは同じではない。 水溶性の第4類危険物でも、引火危険があるものがある。水に溶けることは不燃性を意味しない。

試験では、非水溶性液体火災では注水方法に注意点が問われます。

誤り。水溶性でも引火危険はある。

誤り。水に浮くものもある。

誤り。すべてが水に溶けるわけではない。

誤り。酸素を放出する性質ではない。

水に溶けるかと燃えるかを混同しない。

非水溶性液体火災では注水方法に注意。

よくある誤りは、水に溶けるかと燃えるかを混同しない。

火災・消火・漏えいでは「第4類共通性質」「水溶性・非水溶性の違い」など近い用語とセットで出題されます。定義・数値・主体の違いを表で対比し、非水溶性の違いだけの特徴を一言で言えるようにしてください。

水溶性液体でも引火危険があるものがある。

非水溶性で水より軽い液体では、棒状注水により燃焼液面を広げるおそれがある。",非水溶性液体火災では注水方法に注意。,水に溶けるかと燃えるかを混同しない。,"「非水溶性の違い」は、火災・消火・漏えいの頻出語です。

整理のコツ：関連する「第4類共通性質」「水溶性・非水溶性の違い」「水溶性」と、「同じ点・違う点」を表に書き出し、非水溶性の違いだけの特徴を一行で言えるようにします。

覚え方：間違えたら「水に溶けるかと燃えるかを混同しない」のパターンか確認し、同じ型の誤りが出た問題を2問だけ繰り返します。

復習のしかた：丸暗記より、選択肢の「誤り。」の理由を声に出して説明できるかを目標にします。",第4類危険物の水溶性・非水溶性について、「水に溶けるものと水に溶けにくいものがある。」は正しい。,○。正しい。,非水溶性の違いとは何ですか？,非水溶性の違いは、第4類危険物には、水溶性のものと非水溶性のものがある。 たとえば、危険物の性質（水溶性か、蒸気がたまりやすいか）に合った消火・漏えい対策かどうかが、正誤の判断ポイントになります。 試験では、非水溶性液体火災では注水方法に注意点を押さえると得点源になります。,非水溶性の違いは試験でどんなふうに問われますか？,非水溶性液体火災では注水方法に注意。,非水溶性の違いで間違えやすい点は？,水に溶けるかと燃えるかを混同しない。,非水溶性の違いと「第4類共通性質」「水溶性・非水溶性の違い」の違いは？,「第4類共通性質」「水溶性・非水溶性の違い」は意味や数値・適用場面が異なります。用語ページの比較表と演習で、非水溶性の違いだけのポイントを確認してください。
飽和炭化水素,ほうわたんかすいそ,物性・化学,物性・化学;乙4;頻出;詳細記事;実践演習連動;一問一答連動,"飽和炭化水素は、不飽和炭化水素は二重結合・三重結合をもつものがある。

たとえば、引火点・沸点・密度など、数字と単位をセットで覚えると、選択肢の数値の当たり外れを見分けやすくなります。

試験では、不飽和炭化水素は二重結合・三重結合をもつものがある点を押さえると得点源になります。",まず「飽和炭化水素」は、不飽和炭化水素は二重結合・三重結合をもつものがある。 正しい。不飽和炭化水素の特徴である。 不飽和炭化水素には、炭素原子間に二重結合や三重結合をもつものがある。 物性・化学では「有機化合物」の文脈で繰り返し問われます。,有機化合物;飽和炭化水素・不飽和炭化水素;不飽和炭化水素,,B,不飽和炭化水素は二重結合・三重結合をもつものがある。 誤り。水だけで構成されるわけではない。 誤り。金属元素だけではない。 誤り。酸素を放出する液体ではない。,飽和炭化水素とは？危険物取扱者試験（乙種第4類）で押さえる意味・試験ポイント,このページでは、物性・化学分野の「飽和炭化水素」を、試験に出る形で整理します。ひとことで言うと、不飽和炭化水素は二重結合・三重結合をもつものがある。下の目次の順に読むと、定義から演習のポイントまでつながって理解できます。,"飽和炭化水素は、不飽和炭化水素は二重結合・三重結合をもつものがある。 不飽和炭化水素には、炭素原子間に二重結合や三重結合をもつものがある。

試験では、不飽和炭化水素は二重結合・三重結合をもつものがある点が問われます。

誤り。水だけで構成されるわけではない。

誤り。金属元素だけではない。

誤り。酸素を放出する液体ではない。

誤り。指定数量の単位ではない。

不飽和炭化水素は二重結合・三重結合をもつものがある。

物性・化学では「有機化合物」「飽和炭化水素・不飽和炭化水素」など近い用語とセットで出題されます。定義・数値・主体の違いを表で対比し、飽和炭化水素だけの特徴を一言で言えるようにしてください。",不飽和炭化水素は二重結合・三重結合をもつものがある。,類似語と混同する。;数字や条件を取り違える。;すべての危険物に当てはめる。,"「飽和炭化水素」は、物性・化学の頻出語です。

整理のコツ：関連する「有機化合物」「飽和炭化水素・不飽和炭化水素」「不飽和炭化水素」と、「同じ点・違う点」を表に書き出し、飽和炭化水素だけの特徴を一行で言えるようにします。

覚え方：間違えたら「類似語と混同する」のパターンか確認し、同じ型の誤りが出た問題を2問だけ繰り返します。

復習のしかた：丸暗記より、選択肢の「誤り。」の理由を声に出して説明できるかを目標にします。",不飽和炭化水素について、「炭素原子間に二重結合や三重結合をもつものがある。」は正しい。,○。正しい。,飽和炭化水素とは何ですか？,飽和炭化水素は、不飽和炭化水素は二重結合・三重結合をもつものがある。 たとえば、引火点・沸点・密度など、数字と単位をセットで覚えると、選択肢の数値の当たり外れを見分けやすくなります。 試験では、不飽和炭化水素は二重結合・三重結合をもつものがある点を押さえると得点源になります。,飽和炭化水素は試験でどんなふうに問われますか？,不飽和炭化水素は二重結合・三重結合をもつものがある。,飽和炭化水素で間違えやすい点は？,類似語と混同する。数字や条件を取り違える。,飽和炭化水素と「有機化合物」「飽和炭化水素・不飽和炭化水素」の違いは？,「有機化合物」「飽和炭化水素・不飽和炭化水素」は意味や数値・適用場面が異なります。用語ページの比較表と演習で、飽和炭化水素だけのポイントを確認してください。
飽和炭化水素・不飽和炭化水素,ほうわたんかすいそ・ふほうわたんかすいそ,物性・化学,物性・化学;乙4;頻出;詳細記事;実践演習連動;一問一答連動,"飽和炭化水素・不飽和炭化水素は、不飽和炭化水素には、炭素原子間に二重結合や三重結合をもつものがある。

たとえば、引火点・沸点・密度など、数字と単位をセットで覚えると、選択肢の数値の当たり外れを見分けやすくなります。

試験では、不飽和炭化水素は二重結合・三重結合をもつものがある点を押さえると得点源になります。",まず「飽和炭化水素・不飽和炭化水素」は、不飽和炭化水素には、炭素原子間に二重結合や三重結合をもつものがある。 正しい。不飽和炭化水素の特徴である。 不飽和炭化水素には、炭素原子間に二重結合や三重結合をもつものがある。 物性・化学では「有機化合物」の文脈で繰り返し問われます。,pH;アルカリの性質;アルコール類の基礎,,B,不飽和炭化水素は二重結合・三重結合をもつものがある。 誤り。水だけで構成されるわけではない。 誤り。金属元素だけではない。 誤り。酸素を放出する液体ではない。,飽和炭化水素・不飽和炭化水素とは？危険物取扱者試験（乙種第4類）で押さえる意味・試験ポイント,このページでは、物性・化学分野の「飽和炭化水素・不飽和炭化水素」を、試験に出る形で整理します。ひとことで言うと、不飽和炭化水素には、炭素原子間に二重結合や三重結合をもつものがある。下の目次の順に読むと、定義から演習のポイントまでつながって理解できます。,"飽和炭化水素・不飽和炭化水素は、不飽和炭化水素には、炭素原子間に二重結合や三重結合をもつものがある。

試験では、不飽和炭化水素は二重結合・三重結合をもつものがある点が問われます。

誤り。水だけで構成されるわけではない。

誤り。金属元素だけではない。

誤り。酸素を放出する液体ではない。

誤り。指定数量の単位ではない。

不飽和炭化水素は二重結合・三重結合をもつものがある。

物性・化学では「pH」「アルカリの性質」など近い用語とセットで出題されます。定義・数値・主体の違いを表で対比し、飽和炭化水素・不飽和炭化水素だけの特徴を一言で言えるようにしてください。",不飽和炭化水素は二重結合・三重結合をもつものがある。,類似語と混同する。;数字や条件を取り違える。;すべての危険物に当てはめる。,"「飽和炭化水素・不飽和炭化水素」は、物性・化学の頻出語です。

整理のコツ：関連する「pH」「アルカリの性質」「アルコール類の基礎」と、「同じ点・違う点」を表に書き出し、飽和炭化水素・不飽和炭化水素だけの特徴を一行で言えるようにします。

覚え方：間違えたら「類似語と混同する」のパターンか確認し、同じ型の誤りが出た問題を2問だけ繰り返します。

復習のしかた：丸暗記より、選択肢の「誤り。」の理由を声に出して説明できるかを目標にします。",不飽和炭化水素について、「炭素原子間に二重結合や三重結合をもつものがある。」は正しい。,○。正しい。,飽和炭化水素・不飽和炭化水素とは何ですか？,飽和炭化水素・不飽和炭化水素は、不飽和炭化水素には、炭素原子間に二重結合や三重結合をもつものがある。 たとえば、引火点・沸点・密度など、数字と単位をセットで覚えると、選択肢の数値の当たり外れを見分けやすくなります。 試験では、不飽和炭化水素は二重結合・三重結合をもつものがある点を押さえると得点源になります。,飽和炭化水素・不飽和炭化水素は試験でどんなふうに問われますか？,不飽和炭化水素は二重結合・三重結合をもつものがある。,飽和炭化水素・不飽和炭化水素で間違えやすい点は？,類似語と混同する。数字や条件を取り違える。,飽和炭化水素・不飽和炭化水素と「pH」「アルカリの性質」の違いは？,「pH」「アルカリの性質」は意味や数値・適用場面が異なります。用語ページの比較表と演習で、飽和炭化水素・不飽和炭化水素だけのポイントを確認してください。
飽和蒸気圧,ほうわじょうきあつ,物性・化学,物性・化学;乙4;頻出;詳細記事;実践演習連動;一問一答連動,"飽和蒸気圧は蒸発しやすさと関係する。

たとえば、密閉空間では蒸気がたまりやすく、換気と火気厳禁が重要です。数値（引火点・爆発下限界など）は品名とセットで確認してください。

試験では、飽和蒸気圧は蒸発しやすさと関係する点を押さえると得点源になります。",まず「飽和蒸気圧」は、飽和蒸気圧は蒸発しやすさと関係する。 誤り。灰の重さではない。 飽和蒸気圧は、一定温度で液体とその蒸気が平衡にあるときの蒸気の圧力である。蒸気圧が高いほど蒸発しやすい傾向がある。 物性・化学では「物質の状態」の文脈で繰り返し問われます。,pH;アルカリの性質;アルコール類の基礎,,B,飽和蒸気圧は蒸発しやすさと関係する。 誤り。灰の重さではない。 誤り。免状番号ではない。 誤り。溶解速度ではない。,飽和蒸気圧とは？危険物取扱者試験（乙種第4類）で押さえる意味・試験ポイント,このページでは、物性・化学分野の「飽和蒸気圧」を、試験に出る形で整理します。ひとことで言うと、飽和蒸気圧は蒸発しやすさと関係する。下の目次の順に読むと、定義から演習のポイントまでつながって理解できます。,"飽和蒸気圧は蒸発しやすさと関係する。 一定温度で液体とその蒸気が平衡にあるときの蒸気の圧力である。蒸気圧が高いほど蒸発しやすい傾向がある。

試験では、飽和蒸気圧は蒸発しやすさと関係する点が問われます。

誤り。灰の重さではない。

誤り。免状番号ではない。

誤り。溶解速度ではない。

誤り。色の濃さではない。

飽和蒸気圧は蒸発しやすさと関係する。

物性・化学では「pH」「アルカリの性質」など近い用語とセットで出題されます。定義・数値・主体の違いを表で対比し、飽和蒸気圧だけの特徴を一言で言えるようにしてください。",飽和蒸気圧は蒸発しやすさと関係する。,類似語と混同する。;数字や条件を取り違える。;すべての危険物に当てはめる。,"「飽和蒸気圧」は、物性・化学の頻出語です。

整理のコツ：関連する「pH」「アルカリの性質」「アルコール類の基礎」と、「同じ点・違う点」を表に書き出し、飽和蒸気圧だけの特徴を一行で言えるようにします。

覚え方：間違えたら「類似語と混同する」のパターンか確認し、同じ型の誤りが出た問題を2問だけ繰り返します。

復習のしかた：丸暗記より、選択肢の「誤り。」の理由を声に出して説明できるかを目標にします。",飽和蒸気圧について、「燃焼後に残る灰の重さである。」は正しい。,×。誤り。,飽和蒸気圧とは何ですか？,飽和蒸気圧は蒸発しやすさと関係する。 たとえば、密閉空間では蒸気がたまりやすく、換気と火気厳禁が重要です。数値（引火点・爆発下限界など）は品名とセットで確認してください。 試験では、飽和蒸気圧は蒸発しやすさと関係する点を押さえると得点源になります。,飽和蒸気圧は試験でどんなふうに問われますか？,飽和蒸気圧は蒸発しやすさと関係する。,飽和蒸気圧で間違えやすい点は？,類似語と混同する。数字や条件を取り違える。,飽和蒸気圧と「pH」「アルカリの性質」の違いは？,「pH」「アルカリの性質」は意味や数値・適用場面が異なります。用語ページの比較表と演習で、飽和蒸気圧だけのポイントを確認してください。
沸点,ふってん,物性・化学,物性・化学;乙4;頻出;詳細記事;実践演習連動;一問一答連動,"沸点は、一般に、外圧が低くなると液体の沸点は下がる傾向がある。

たとえば、引火点・沸点・密度など、数字と単位をセットで覚えると、選択肢の数値の当たり外れを見分けやすくなります。

試験では、融点・沸点・引火点・発火点を区別する点を押さえると得点源になります。",まず「沸点」は、一般に、外圧が低くなると液体の沸点は下がる傾向がある。 一般に、外圧が低くなると液体の沸点は下がる傾向がある。沸騰は蒸気圧と外圧の関係で起こる。 物性・化学では「物質の状態」の文脈で繰り返し問われます。,物質の状態;融点・沸点;沸点と圧力の関係,,B,融点・沸点・引火点・発火点を区別する。 誤り。密度がゼロになる温度ではない。 誤り。引火点の説明ではない。 誤り。色変化だけを示すものではない。,沸点とは？危険物取扱者試験（乙種第4類）で押さえる意味・試験ポイント,このページでは、物性・化学分野の「沸点」を、試験に出る形で整理します。ひとことで言うと、一般に、外圧が低くなると液体の沸点は下がる傾向がある。下の目次の順に読むと、定義から演習のポイントまでつながって理解できます。,"沸点は、一般に、外圧が低くなると液体の沸点は下がる傾向がある。 液体が沸騰し始める温度である。引火点や発火点とは異なる。

試験では、融点・沸点・引火点・発火点を区別する点が問われます。

誤り。密度がゼロになる温度ではない。

誤り。引火点の説明ではない。

誤り。色変化だけを示すものではない。

誤り。発火点の説明に近い。

融点・沸点・引火点・発火点を区別する。

物性・化学では「物質の状態」「融点・沸点」など近い用語とセットで出題されます。定義・数値・主体の違いを表で対比し、沸点だけの特徴を一言で言えるようにしてください。

融点は、固体が液体になり始める温度である。

標高が高くなると外圧が低くなり、一般に水の沸点は下がる。

液体が沸騰して気体になり始める温度を沸点という。",融点・沸点・引火点・発火点を区別する。,類似語と混同する。;数字や条件を取り違える。;すべての危険物に当てはめる。,"「沸点」は、物性・化学の頻出語です。

整理のコツ：関連する「物質の状態」「融点・沸点」「沸点と圧力の関係」と、「同じ点・違う点」を表に書き出し、沸点だけの特徴を一行で言えるようにします。

覚え方：間違えたら「類似語と混同する」のパターンか確認し、同じ型の誤りが出た問題を2問だけ繰り返します。

復習のしかた：丸暗記より、選択肢の「誤り。」の理由を声に出して説明できるかを目標にします。",沸点について、「液体が沸騰し始める温度である。」は正しい。,○。正しい。,沸点とは何ですか？,沸点は、一般に、外圧が低くなると液体の沸点は下がる傾向がある。 たとえば、引火点・沸点・密度など、数字と単位をセットで覚えると、選択肢の数値の当たり外れを見分けやすくなります。 試験では、融点・沸点・引火点・発火点を区別する点を押さえると得点源になります。,沸点は試験でどんなふうに問われますか？,融点・沸点・引火点・発火点を区別する。,沸点で間違えやすい点は？,類似語と混同する。数字や条件を取り違える。,沸点と「物質の状態」「融点・沸点」の違いは？,「物質の状態」「融点・沸点」は意味や数値・適用場面が異なります。用語ページの比較表と演習で、沸点だけのポイントを確認してください。
質量パーセント濃度,しつりょうぱーせんとのうど,物性・化学,物性・化学;乙4;頻出;詳細記事;実践演習連動;一問一答連動,"質量パーセント濃度は、質量パーセント濃度＝溶質÷溶液×100。

たとえば、引火点・沸点・密度など、数字と単位をセットで覚えると、選択肢の数値の当たり外れを見分けやすくなります。

試験では、質量パーセント濃度＝溶質÷溶液×100点を押さえると得点源になります。",まず「質量パーセント濃度」は、質量パーセント濃度＝溶質÷溶液×100。 溶質の質量÷溶液の質量×100で求める。10÷100×100＝10 %である。 物性・化学では「計算問題」の文脈で繰り返し問われます。,濃度の計算;計算問題,,B,質量パーセント濃度＝溶質÷溶液×100。 水の質量ではなく溶液全体の質量で割る。 誤り。計算結果ではない。 誤り。計算結果は10 %である。,質量パーセント濃度とは？危険物取扱者試験（乙種第4類）で押さえる意味・試験ポイント,物性・化学分野の「質量パーセント濃度」は、質量パーセント濃度＝溶質÷溶液×100。試験では定義の言い換えと数値・主体の区別がセットで問われます。,"質量パーセント濃度は、質量パーセント濃度＝溶質÷溶液×100。 溶質の質量÷溶液の質量×100で求める。20÷200×100＝10 %である。

試験では、質量パーセント濃度＝溶質÷溶液×100点が問われます。

誤り。計算結果ではない。

誤り。計算結果は10 %である。

誤り。溶質と溶液の比が違う。

正しい。20÷200×100＝10 %である。

質量パーセント濃度＝溶質÷溶液×100。

水の質量ではなく溶液全体の質量で割る。

よくある誤りは、水の質量ではなく溶液全体の質量で割る。

物性・化学では「濃度の計算」「計算問題」など近い用語とセットで出題されます。定義・数値・主体の違いを表で対比し、質量パーセント濃度だけの特徴を一言で言えるようにしてください。

10÷100×100＝10 %である。

誤り。溶質の質量をそのまま％にしている。",質量パーセント濃度＝溶質÷溶液×100。,水の質量ではなく溶液全体の質量で割る。,"「質量パーセント濃度」は、物性・化学の頻出語です。

整理のコツ：関連する「濃度の計算」「計算問題」と、「同じ点・違う点」を表に書き出し、質量パーセント濃度だけの特徴を一行で言えるようにします。

覚え方：間違えたら「水の質量ではなく溶液全体の質量で割る」のパターンか確認し、同じ型の誤りが出た問題を2問だけ繰り返します。

復習のしかた：丸暗記より、選択肢の「誤り。」の理由を声に出して説明できるかを目標にします。",食塩20 gを水に溶かして全体を200 gの食塩水にした。この食塩水の質量パーセント濃度について、「50 %」は正しい。,×。誤り。,質量パーセント濃度とは何ですか？,質量パーセント濃度は、質量パーセント濃度＝溶質÷溶液×100。 たとえば、引火点・沸点・密度など、数字と単位をセットで覚えると、選択肢の数値の当たり外れを見分けやすくなります。 試験では、質量パーセント濃度＝溶質÷溶液×100点を押さえると得点源になります。,質量パーセント濃度は試験でどんなふうに問われますか？,質量パーセント濃度＝溶質÷溶液×100。,質量パーセント濃度で間違えやすい点は？,水の質量ではなく溶液全体の質量で割る。,質量パーセント濃度と「濃度の計算」「計算問題」の違いは？,「濃度の計算」「計算問題」は意味や数値・適用場面が異なります。用語ページの比較表と演習で、質量パーセント濃度だけのポイントを確認してください。
注水消火,ちゅうすいしょうか,火災・消火・漏えい,火災・消火・漏えい;乙4;頻出;詳細記事;実践演習連動;一問一答連動,"注水消火は、第4類危険物には、水溶性のものと非水溶性のものがある。

たとえば、危険物の性質（水溶性か、蒸気がたまりやすいか）に合った消火・漏えい対策かどうかが、正誤の判断ポイントになります。

試験では、第1石油類は非水溶性200 L、水溶性400 L点を押さえると得点源になります。",まず「注水消火」は、第4類危険物には、水溶性のものと非水溶性のものがある。水に溶けることと引火危険がないことは同じではない。 水溶性とは、水に溶ける性質を指します。ただし、水に溶けることと燃えないことは同じではない。 火災・消火・漏えいでは「指定数量」の文脈で繰り返し問われます。,指定数量;第4類共通性質;分類比較,危険物の規制に関する政令,B,"第1石油類は非水溶性200 L、水溶性400 L。 アセトンは第1石油類・水溶性液体・400 L。 第2石油類は非水溶性1,000 L、水溶性2,000 L。 誤り。水溶性でも引火危険はある。",注水消火とは？危険物取扱者試験（乙種第4類）で押さえる意味・試験ポイント,このページでは、火災・消火・漏えい分野の「注水消火」を、試験に出る形で整理します。ひとことで言うと、第4類危険物には、水溶性のものと非水溶性のものがある。水に溶けることと引火危険がないことは同じではない。下の目次の順に読むと、定義から演習のポイントまでつながって理解できます。,"注水消火は、第4類危険物には、水溶性のものと非水溶性のものがある。水に溶けることと引火危険がないことは同じではない。 水溶性とは、水に溶ける性質を指します。ただし、水に溶けることと燃えないことは同じではない。

試験では、第1石油類は非水溶性200 L、水溶性400 L。アセトンは第1石油類・水溶性液体・400 L。第2石油類は非水溶性1,000 L、水溶性2,000 L。また、第3石油類は非水溶性2,000 L、水溶性4,000 L点も押さえます。

誤り。水溶性でも引火危険はある。

誤り。水に浮くものもある。

誤り。すべてが水に溶けるわけではない。

誤り。酸素を放出する性質ではない。

第1石油類は非水溶性200 L、水溶性400 L。

アセトンは第1石油類・水溶性液体・400 L。

第2石油類は非水溶性1,000 L、水溶性2,000 L。

よくある誤りは、水溶性と非水溶性の指定数量差に注意。グリセリン4,000 Lと重油2,000 Lを区別する。水に溶けるかと燃えるかを混同しない。

火災・消火・漏えいでは「指定数量」「第4類共通性質」など近い用語とセットで出題されます。定義・数値・主体の違いを表で対比し、注水消火だけの特徴を一言で言えるようにしてください。

アセトンは第1石油類の水溶性液体として扱われる。

ガソリン、灯油、軽油、潤滑油は一般に非水溶性として整理される。","第1石油類は非水溶性200 L、水溶性400 L。;アセトンは第1石油類・水溶性液体・400 L。;第2石油類は非水溶性1,000 L、水溶性2,000 L。;第3石油類は非水溶性2,000 L、水溶性4,000 L。;ガソリンは非水溶性、アセトンは水溶性。;アセトン・メタノール・エタノールは水溶性。;非水溶性液体火災では注水方法に注意。","水溶性と非水溶性の指定数量差に注意。;グリセリン4,000 Lと重油2,000 Lを区別する。;水に溶けるかと燃えるかを混同しない。;水溶性・非水溶性の代表例を整理する。","「注水消火」は、火災・消火・漏えいの頻出語です。

整理のコツ：関連する「指定数量」「第4類共通性質」「分類比較」と、「同じ点・違う点」を表に書き出し、注水消火だけの特徴を一行で言えるようにします。

覚え方：間違えたら「水溶性と非水溶性の指定数量差に注意」のパターンか確認し、同じ型の誤りが出た問題を2問だけ繰り返します。

復習のしかた：丸暗記より、選択肢の「誤り。」の理由を声に出して説明できるかを目標にします。",第1石油類の指定数量について、「非水溶性液体と水溶性液体で指定数量が異なる。」は正しい。,○。正しい。,注水消火とは何ですか？,注水消火は、第4類危険物には、水溶性のものと非水溶性のものがある。 たとえば、危険物の性質（水溶性か、蒸気がたまりやすいか）に合った消火・漏えい対策かどうかが、正誤の判断ポイントになります。 試験では、第1石油類は非水溶性200 L、水溶性400 L点を押さえると得点源になります。,注水消火は試験でどんなふうに問われますか？,"第1石油類は非水溶性200 L、水溶性400 L。アセトンは第1石油類・水溶性液体・400 L。第2石油類は非水溶性1,000 L、水溶性2,000 L。",注水消火で間違えやすい点は？,"水溶性と非水溶性の指定数量差に注意。グリセリン4,000 Lと重油2,000 Lを区別する。",注水消火と「指定数量」「第4類共通性質」の違いは？,「指定数量」「第4類共通性質」は意味や数値・適用場面が異なります。用語ページの比較表と演習で、注水消火だけのポイントを確認してください。
水上泡消火,すいじょうあわしょうか,火災・消火・漏えい,火災・消火・漏えい;乙4;頻出;詳細記事;実践演習連動;一問一答連動,"水上泡消火は、窒息消火は、酸素の供給を断つことで燃焼を止める方法である。

たとえば、危険物の性質（水溶性か、蒸気がたまりやすいか）に合った消火・漏えい対策かどうかが、正誤の判断ポイントになります。

試験では、非水溶性の第4類火災では泡消火が重要点を押さえると得点源になります。",まず「水上泡消火」は、窒息消火は、酸素の供給を断つことで燃焼を止める方法である。泡消火剤や二酸化炭素消火剤は窒息効果を利用する。 非水溶性の第4類危険物火災では、泡で液面を覆い、可燃性蒸気の発生と酸素供給を抑える方法が有効である。流出拡大や火気使用は危険である。 火災・消火・漏えいでは「消火」の文脈で繰り返し問われます。,消火;窒息消火;物質別の消火方法,,B,除去消火・冷却消火との違いを区別する。 非水溶性の第4類火災では泡消火が重要。 水溶性液体では耐アルコール泡などの区別が必要になる。 誤り。静電気は着火源となる危険がある。,水上泡消火とは？危険物取扱者試験（乙種第4類）で押さえる意味・試験ポイント,火災・消火・漏えい分野の「水上泡消火」は、窒息消火は、酸素の供給を断つことで燃焼を止める方法である。泡消火剤や二酸化炭素消火剤は窒息効果を利用する。試験では定義の言い換えと数値・主体の区別がセットで問われます。,"水上泡消火は、窒息消火は、酸素の供給を断つことで燃焼を止める方法である。泡消火剤や二酸化炭素消火剤は窒息効果を利用する。 非水溶性の第4類危険物火災では、泡で液面を覆い、可燃性蒸気の発生と酸素供給を抑える方法が有効である。流出拡大や火気使用は危険である。

試験では、非水溶性の第4類火災では泡消火が重要点が問われます。

誤り。静電気は着火源となる危険がある。

誤り。温度を下げる方法は冷却消火である。

誤り。可燃物を取り除く方法は除去消火である。

誤り。可燃性蒸気を増やすことは危険を高める。

除去消火・冷却消火との違いを区別する。

非水溶性の第4類火災では泡消火が重要。

水溶性液体では耐アルコール泡などの区別が必要になる。

よくある誤りは、除去消火・冷却消火との違いを区別する。水溶性液体では耐アルコール泡などの区別が必要になる。

火災・消火・漏えいでは「消火」「窒息消火」など近い用語とセットで出題されます。定義・数値・主体の違いを表で対比し、水上泡消火だけの特徴を一言で言えるようにしてください。",非水溶性の第4類火災では泡消火が重要。,除去消火・冷却消火との違いを区別する。;水溶性液体では耐アルコール泡などの区別が必要になる。,"「水上泡消火」は、火災・消火・漏えいの頻出語です。

整理のコツ：関連する「消火」「窒息消火」「物質別の消火方法」と、「同じ点・違う点」を表に書き出し、水上泡消火だけの特徴を一行で言えるようにします。

覚え方：間違えたら「除去消火・冷却消火との違いを区別する」のパターンか確認し、同じ型の誤りが出た問題を2問だけ繰り返します。

復習のしかた：丸暗記より、選択肢の「誤り。」の理由を声に出して説明できるかを目標にします。",窒息消火の説明について、「酸素の供給を断って燃焼を止める方法である。」は正しい。,○。正しい。,水上泡消火とは何ですか？,水上泡消火は、窒息消火は、酸素の供給を断つことで燃焼を止める方法である。 たとえば、危険物の性質（水溶性か、蒸気がたまりやすいか）に合った消火・漏えい対策かどうかが、正誤の判断ポイントになります。 試験では、非水溶性の第4類火災では泡消火が重要点を押さえると得点源になります。,水上泡消火は試験でどんなふうに問われますか？,非水溶性の第4類火災では泡消火が重要。,水上泡消火で間違えやすい点は？,除去消火・冷却消火との違いを区別する。水溶性液体では耐アルコール泡などの区別が必要になる。,水上泡消火と「消火」「窒息消火」の違いは？,「消火」「窒息消火」は意味や数値・適用場面が異なります。用語ページの比較表と演習で、水上泡消火だけのポイントを確認してください。
密閉空間火災,みっぺいくうかんかさい,火災・消火・漏えい,火災・消火・漏えい;乙4;頻出;詳細記事;実践演習連動;一問一答連動,"密閉空間火災は、二酸化炭素消火剤は窒息効果で消火するため、密閉空間では人体への窒息影響にも注意が必要である。

たとえば、危険物の性質（水溶性か、蒸気がたまりやすいか）に合った消火・漏えい対策かどうかが、正誤の判断ポイントになります。

試験では、定義を一文で説明できる点を押さえると得点源になります。",まず「密閉空間火災」は、二酸化炭素消火剤は窒息効果で消火するため、密閉空間では人体への窒息影響にも注意が必要である。 誤り。酸素を供給しない。 二酸化炭素消火剤は窒息効果で消火するため、密閉空間では人体への窒息影響にも注意が必要である。 火災・消火・漏えいでは「消火方法」の文脈で繰り返し問われます。,物質別の消火方法;消火方法,,B,誤り。指定数量は変わらない。 誤り。火花を発生させない。 誤り。不燃性にするものではない。,密閉空間火災とは？危険物取扱者試験（乙種第4類）で押さえる意味・試験ポイント,火災・消火・漏えい分野の「密閉空間火災」は、二酸化炭素消火剤は窒息効果で消火するため、密閉空間では人体への窒息影響にも注意が必要である。試験では定義の言い換えと数値・主体の区別がセットで問われます。,"密閉空間火災は、二酸化炭素消火剤は窒息効果で消火するため、密閉空間では人体への窒息影響にも注意が必要である。

誤り。指定数量は変わらない。

誤り。火花を発生させない。

誤り。不燃性にするものではない。

誤り。酸素を供給しない。

火災・消火・漏えいでは「物質別の消火方法」「消火方法」など近い用語とセットで出題されます。定義・数値・主体の違いを表で対比し、密閉空間火災だけの特徴を一言で言えるようにしてください。",定義を一文で説明できる。;適用する場面（製造・貯蔵・取扱・消火）を挙げられる。;関連する法令名を意識できる。,類似語と混同する。;数字や条件を取り違える。;すべての危険物に当てはめる。,"「密閉空間火災」は、火災・消火・漏えいの頻出語です。

整理のコツ：関連する「物質別の消火方法」「消火方法」と、「同じ点・違う点」を表に書き出し、密閉空間火災だけの特徴を一行で言えるようにします。

覚え方：間違えたら「類似語と混同する」のパターンか確認し、同じ型の誤りが出た問題を2問だけ繰り返します。

復習のしかた：丸暗記より、選択肢の「誤り。」の理由を声に出して説明できるかを目標にします。",二酸化炭素消火剤を使用する際の注意として、適切なものについて、「酸素を大量に供給するため安全である。」は正しい。,×。誤り。,密閉空間火災とは何ですか？,密閉空間火災は、二酸化炭素消火剤は窒息効果で消火するため、密閉空間では人体への窒息影響にも注意が必要である。 たとえば、危険物の性質（水溶性か、蒸気がたまりやすいか）に合った消火・漏えい対策かどうかが、正誤の判断ポイントになります。 試験では、定義を一文で説明できる点を押さえると得点源になります。,密閉空間火災は試験でどんなふうに問われますか？,定義を一文で説明できる。適用する場面（製造・貯蔵・取扱・消火）を挙げられる。関連する法令名を意識できる。,密閉空間火災で間違えやすい点は？,類似語と混同する。数字や条件を取り違える。,密閉空間火災と「物質別の消火方法」「消火方法」の違いは？,「物質別の消火方法」「消火方法」は意味や数値・適用場面が異なります。用語ページの比較表と演習で、密閉空間火災だけのポイントを確認してください。
タンクローリー,たんくろーりー,法令・制度,法令・制度;乙4;頻出;詳細記事;実践演習連動;一問一答連動,"タンクローリーは、移動タンク貯蔵所はタンクローリーのイメージ。

たとえば、条文では「消防法で定める」「政令で定める」「施行令で定める」のように、どの法令に書かれているかを選ぶ問題がよく出ます。

試験では、移動タンク貯蔵所は貯蔵所に分類される点を押さえると得点源になります。",まず「タンクローリー」は、移動タンク貯蔵所はタンクローリーのイメージ。 移動タンク貯蔵所は、車両に固定されたタンクで危険物を移送する施設であり、タンクローリーが代表的なイメージである。 法令・制度では「貯蔵所基準」の文脈で繰り返し問われます。,移動タンク貯蔵所の基準;貯蔵所基準,危険物の規制に関する政令,B,移動タンク貯蔵所は貯蔵所に分類される。 『移動』とあるが取扱所ではなく貯蔵所である点に注意。 移動タンク貯蔵所はタンクローリーのイメージ。 誤り。販売取扱所の説明に近い。,タンクローリーとは？危険物取扱者試験（乙種第4類）で押さえる意味・試験ポイント,法令・制度分野の「タンクローリー」は、移動タンク貯蔵所はタンクローリーのイメージ。試験では定義の言い換えと数値・主体の区別がセットで問われます。,"タンクローリーは、移動タンク貯蔵所はタンクローリーのイメージ。 移動タンク貯蔵所は、タンクローリーのように車両に固定されたタンクで危険物を移送する貯蔵所である。

試験では、移動タンク貯蔵所は貯蔵所に分類される。また、移動タンク貯蔵所はタンクローリーのイメージ点も押さえます。

誤り。販売取扱所の説明に近い。

誤り。屋内貯蔵所の説明に近い。

誤り。給油取扱所の説明である。

誤り。試験問題用紙ではない。

移動タンク貯蔵所は貯蔵所に分類される。

『移動』とあるが取扱所ではなく貯蔵所である点に注意。

移動タンク貯蔵所はタンクローリーのイメージ。

よくある誤りは、『移動』とあるが取扱所ではなく貯蔵所である点に注意。

法令・制度では「移動タンク貯蔵所の基準」「貯蔵所基準」など近い用語とセットで出題されます。定義・数値・主体の違いを表で対比し、タンクローリーだけの特徴を一言で言えるようにしてください。

移動タンク貯蔵所は、車両に固定されたタンクで危険物を移送する施設であり、タンクローリーが代表的なイメージである。",移動タンク貯蔵所は貯蔵所に分類される。;移動タンク貯蔵所はタンクローリーのイメージ。,『移動』とあるが取扱所ではなく貯蔵所である点に注意。,"「タンクローリー」は、法令・制度の頻出語です。

整理のコツ：関連する「移動タンク貯蔵所の基準」「貯蔵所基準」と、「同じ点・違う点」を表に書き出し、タンクローリーだけの特徴を一行で言えるようにします。

覚え方：間違えたら「『移動』とあるが取扱所ではなく貯蔵所である点に注意」のパターンか確認し、同じ型の誤りが出た問題を2問だけ繰り返します。

復習のしかた：丸暗記より、選択肢の「誤り。」の理由を声に出して説明できるかを目標にします。",移動タンク貯蔵所について、「固定給油設備により自動車へ給油する取扱所である。」は正しい。,×。誤り。,タンクローリーとは何ですか？,タンクローリーは、移動タンク貯蔵所はタンクローリーのイメージ。 たとえば、条文では「消防法で定める」「政令で定める」「施行令で定める」のように、どの法令に書かれているかを選ぶ問題がよく出ます。 試験では、移動タンク貯蔵所は貯蔵所に分類される点を押さえると得点源になります。,タンクローリーは試験でどんなふうに問われますか？,移動タンク貯蔵所は貯蔵所に分類される。移動タンク貯蔵所はタンクローリーのイメージ。,タンクローリーで間違えやすい点は？,『移動』とあるが取扱所ではなく貯蔵所である点に注意。,タンクローリーと「移動タンク貯蔵所の基準」「貯蔵所基準」の違いは？,「移動タンク貯蔵所の基準」「貯蔵所基準」は意味や数値・適用場面が異なります。用語ページの比較表と演習で、タンクローリーだけのポイントを確認してください。
酢酸エチル,さくさんえちる,火災・消火・漏えい,火災・消火・漏えい;乙4;頻出;詳細記事;実践演習連動;一問一答連動,"酢酸エチルは、第4類危険物の第一石油類に分類される代表的な物質である。

たとえば、危険物の性質（水溶性か、蒸気がたまりやすいか）に合った消火・漏えい対策かどうかが、正誤の判断ポイントになります。

試験では、酢酸は第二石油類、酢酸エチルは第一石油類点を押さえると得点源になります。",まず「酢酸エチル」は、第4類危険物の第一石油類に分類される代表的な物質である。 第一石油類に分類される。酢酸は第二石油類として整理する。 火災・消火・漏えいでは「第一石油類」の文脈で繰り返し問われます。,酢酸エチルなどの第一石油類;第一石油類,危険物の規制に関する政令,B,酢酸と酢酸エチルは分類が異なるため注意する。 誤り。第二石油類ではない。 誤り。動植物油類ではない。 誤り。アルコール類ではない。,酢酸エチルとは？危険物取扱者試験（乙種第4類）で押さえる意味・試験ポイント,このページでは、火災・消火・漏えい分野の「酢酸エチル」を、試験に出る形で整理します。ひとことで言うと、第4類危険物の第一石油類に分類される代表的な物質である。下の目次の順に読むと、定義から演習のポイントまでつながって理解できます。,"酢酸エチルは、第4類危険物の第一石油類に分類される代表的な物質である。 第一石油類に分類される。酢酸は第二石油類として整理する。

誤り。第二石油類ではない。

誤り。動植物油類ではない。

誤り。アルコール類ではない。

誤り。第三石油類ではない。

酢酸と酢酸エチルは分類が異なるため注意する。

よくある誤りは、酢酸と酢酸エチルは分類が異なるため注意する。

火災・消火・漏えいでは「酢酸エチルなどの第一石油類」「第一石油類」など近い用語とセットで出題されます。定義・数値・主体の違いを表で対比し、酢酸エチルだけの特徴を一言で言えるようにしてください。

第一石油類、酢酸は第二石油類として整理する。

酢酸エチルは第一石油類、酢酸は第二石油類として区別する。","酢酸は第二石油類、酢酸エチルは第一石油類。;酢酸は第二石油類・水溶性・2,000 L。",酢酸と酢酸エチルは分類が異なるため注意する。,"「酢酸エチル」は、火災・消火・漏えいの頻出語です。

整理のコツ：関連する「酢酸エチルなどの第一石油類」「第一石油類」と、「同じ点・違う点」を表に書き出し、酢酸エチルだけの特徴を一行で言えるようにします。

覚え方：間違えたら「酢酸と酢酸エチルは分類が異なるため注意する」のパターンか確認し、同じ型の誤りが出た問題を2問だけ繰り返します。

復習のしかた：丸暗記より、選択肢の「誤り。」の理由を声に出して説明できるかを目標にします。",酢酸エチルの分類について、「第一石油類」は正しい。,○。正しい。,酢酸エチルとは何ですか？,酢酸エチルは、第4類危険物の第一石油類に分類される代表的な物質である。 たとえば、危険物の性質（水溶性か、蒸気がたまりやすいか）に合った消火・漏えい対策かどうかが、正誤の判断ポイントになります。 試験では、酢酸は第二石油類、酢酸エチルは第一石油類点を押さえると得点源になります。,酢酸エチルは試験でどんなふうに問われますか？,"酢酸は第二石油類、酢酸エチルは第一石油類。酢酸は第二石油類・水溶性・2,000 L。",酢酸エチルで間違えやすい点は？,酢酸と酢酸エチルは分類が異なるため注意する。,酢酸エチルと「酢酸エチルなどの第一石油類」「第一石油類」の違いは？,「酢酸エチルなどの第一石油類」「第一石油類」は意味や数値・適用場面が異なります。用語ページの比較表と演習で、酢酸エチルだけのポイントを確認してください。
第4石油類,だい4せきゆるい,火災・消火・漏えい,火災・消火・漏えい;乙4;頻出;詳細記事;実践演習連動;一問一答連動,"第4石油類は、第4石油類の指定数量は6,000 Lである。

たとえば、第4石油類は危険物の類別のひとつです。乙4では第4類（引火性液体）が中心ですが、誤り選択肢では他の類の例も出ます。

試験では、アルコール類400 L、第4石油類6,000 L点を押さえると得点源になります。","まず「第4石油類」は、第4石油類の指定数量は6,000 Lである。潤滑油類などが代表例である。 アルコール類の指定数量は400 L、第4石油類の指定数量は6,000 Lである。 火災・消火・漏えいでは「指定数量」の文脈で繰り返し問われます。",第4類危険物の指定数量;指定数量,危険物の規制に関する政令,B,"動植物油類10,000 Lと混同しない。 アルコール類400 L、第4石油類6,000 L。 第4石油類と動植物油類を混同しない。 誤り。1,000 Lは第2石油類の非水溶性液体である。",第4石油類とは？危険物取扱者試験（乙種第4類）で押さえる意味・試験ポイント,"火災・消火・漏えい分野の「第4石油類」は、第4石油類の指定数量は6,000 Lである。潤滑油類などが代表例である。試験では定義の言い換えと数値・主体の区別がセットで問われます。","第4石油類は、第4石油類の指定数量は6,000 Lである。潤滑油類などが代表例である。 アルコール類の指定数量は400 L、第4石油類の指定数量は6,000 Lである。

試験では、アルコール類400 L、第4石油類6,000 L点が問われます。

誤り。1,000 Lは第2石油類の非水溶性液体である。

誤り。400 Lはアルコール類などで問題になる。

誤り。10,000 Lは動植物油類である。

誤り。2,000 Lは第3石油類の非水溶性液体である。

動植物油類10,000 Lと混同しない。

アルコール類400 L、第4石油類6,000 L。

第4石油類と動植物油類を混同しない。

よくある誤りは、動植物油類10,000 Lと混同しない。第4石油類と動植物油類を混同しない。

火災・消火・漏えいでは「第4類危険物の指定数量」「指定数量」など近い用語とセットで出題されます。定義・数値・主体の違いを表で対比し、第4石油類だけの特徴を一言で言えるようにしてください。","アルコール類400 L、第4石油類6,000 L。","動植物油類10,000 Lと混同しない。;第4石油類と動植物油類を混同しない。","「第4石油類」は、火災・消火・漏えいの頻出語です。

整理のコツ：関連する「第4類危険物の指定数量」「指定数量」と、「同じ点・違う点」を表に書き出し、第4石油類だけの特徴を一行で言えるようにします。

覚え方：間違えたら「動植物油類10,000 Lと混同しない」のパターンか確認し、同じ型の誤りが出た問題を2問だけ繰り返します。

復習のしかた：丸暗記より、選択肢の「誤り。」の理由を声に出して説明できるかを目標にします。","第4石油類の指定数量について、「10,000 L」は正しい。",×。誤り。,第4石油類とは何ですか？,"第4石油類は、第4石油類の指定数量は6,000 Lである。 たとえば、第4石油類は危険物の類別のひとつです。乙4では第4類（引火性液体）が中心ですが、誤り選択肢では他の類の例も出ます。 試験では、アルコール類400 L、第4石油類6,000 L点を押さえると得点源になります。",第4石油類は試験でどんなふうに問われますか？,"アルコール類400 L、第4石油類6,000 L。",第4石油類で間違えやすい点は？,"動植物油類10,000 Lと混同しない。第4石油類と動植物油類を混同しない。",第4石油類と「第4類危険物の指定数量」「指定数量」の違いは？,「第4類危険物の指定数量」「指定数量」は意味や数値・適用場面が異なります。用語ページの比較表と演習で、第4石油類だけのポイントを確認してください。
譲渡・引渡し,じょうと・ひきわたし,法令・制度,法令・制度;乙4;頻出;詳細記事;実践演習連動;一問一答連動,"譲渡・引渡しは、製造所等の譲渡または引渡しがあった場合、法令上、届出が必要になります場合がある。

たとえば、条文では「消防法で定める」「政令で定める」「施行令で定める」のように、どの法令に書かれているかを選ぶ問題がよく出ます。

試験では、定義を一文で説明できる点を押さえると得点源になります。",まず「譲渡・引渡し」は、製造所等の譲渡または引渡しがあった場合、法令上、届出が必要になります場合がある。施設の権利移転と免状更新は別の手続きである。 製造所等の譲渡または引渡しがあった場合、法令上、届出が必要になります場合がある。 法令・制度では「届出」の文脈で繰り返し問われます。,譲渡・引渡しの届出;届出;引渡しの届出,消防法,B,免状手続きと施設の届出を混同しない。 誤り。危険物を廃棄すれば常に不要というものではない。 誤り。第4類危険物の施設でも関係し得る。 誤り。免状更新手続きではない。,譲渡・引渡しとは？危険物取扱者試験（乙種第4類）で押さえる意味・試験ポイント,このページでは、法令・制度分野の「譲渡・引渡し」を、試験に出る形で整理します。ひとことで言うと、製造所等の譲渡または引渡しがあった場合、法令上、届出が必要になります場合がある。施設の権利移転と免状更新は別の手続きである。下の目次の順に読むと、定義から演習のポイントまでつながって理解できます。,"譲渡・引渡しは、製造所等の譲渡または引渡しがあった場合、法令上、届出が必要になります場合がある。施設の権利移転と免状更新は別の手続きである。 製造所等の譲渡または引渡しがあった場合、届出が必要になります場合がある。

誤り。危険物を廃棄すれば常に不要というものではない。

誤り。第4類危険物の施設でも関係し得る。

誤り。免状更新手続きではない。

誤り。一切不要とはいえない。

免状手続きと施設の届出を混同しない。

よくある誤りは、免状手続きと施設の届出を混同しない。

法令・制度では「譲渡・引渡しの届出」「届出」など近い用語とセットで出題されます。定義・数値・主体の違いを表で対比し、譲渡・引渡しだけの特徴を一言で言えるようにしてください。",定義を一文で説明できる。;適用する場面（製造・貯蔵・取扱・消火）を挙げられる。;関連する法令名を意識できる。,免状手続きと施設の届出を混同しない。,"「譲渡・引渡し」は、法令・制度の頻出語です。

整理のコツ：関連する「譲渡・引渡しの届出」「届出」「引渡しの届出」と、「同じ点・違う点」を表に書き出し、譲渡・引渡しだけの特徴を一行で言えるようにします。

覚え方：間違えたら「免状手続きと施設の届出を混同しない」のパターンか確認し、同じ型の誤りが出た問題を2問だけ繰り返します。

復習のしかた：丸暗記より、選択肢の「誤り。」の理由を声に出して説明できるかを目標にします。",製造所等を譲り受けた場合などの手続きについて、「譲渡の届出は、危険物取扱者免状の更新手続きだけをいう。」は正しい。,×。誤り。,譲渡・引渡しとは何ですか？,譲渡・引渡しは、製造所等の譲渡または引渡しがあった場合、法令上、届出が必要になります場合がある。 たとえば、条文では「消防法で定める」「政令で定める」「施行令で定める」のように、どの法令に書かれているかを選ぶ問題がよく出ます。 試験では、定義を一文で説明できる点を押さえると得点源になります。,譲渡・引渡しは試験でどんなふうに問われますか？,定義を一文で説明できる。適用する場面（製造・貯蔵・取扱・消火）を挙げられる。関連する法令名を意識できる。,譲渡・引渡しで間違えやすい点は？,免状手続きと施設の届出を混同しない。,譲渡・引渡しと「譲渡・引渡しの届出」「届出」の違いは？,「譲渡・引渡しの届出」「届出」は意味や数値・適用場面が異なります。用語ページの比較表と演習で、譲渡・引渡しだけのポイントを確認してください。
政令,せいれい,法令・制度,法令・制度;乙4;頻出;詳細記事;実践演習連動,"政令は、国会の委任に基づき内閣が制定する命令であり、危険物分野では主に危険物の規制に関する政令が指定数量・貯蔵方法などの具体基準を定める。

たとえば、ガソリン（非水溶性）は200 L、アセトン（水溶性）は400 Lのように、品名ごとに数値が決まります。

試験では、危険物の規制に関する政令が具体基準点を押さえると得点源になります。",まず「政令」は、国会の委任に基づき内閣が制定する命令であり、危険物分野では主に危険物の規制に関する政令が指定数量・貯蔵方法などの具体基準を定める。,指定数量;第4類危険物の指定数量;第二石油類,危険物の規制に関する政令;消防法,B,法令分野の政令は、正しい説明・誤っている説明の判別と、数値・主体・手続の区別が問われやすいです。 誤答の典型は「指定数量を『安全に保管できる最大量』と混同しない。」のように、似た制度や数値と混同することです。 実践演習では「指定数量の説明として、正しいものはどれか。…」のように、一文で正誤を判断する設問もあります。,政令とは？危険物取扱者試験（乙種第4類）で押さえる意味・試験ポイント,法令・制度の根拠となる政令と、危険物の規制に関する政令の役割を整理します。,"乙4でいう政令は、ほぼ「危険物の規制に関する政令」を指します。消防法が大枠、政令が品名ごとの指定数量や貯蔵・取扱いの技術基準、別表第三が品名一覧という役割分担を押さえてください。

正しい。「指定数量は政令で定める」は政令の役割です。誤り。「製造所の構造設備はすべて政令で定める」は誤答で、構造設備の技術基準は消防法施行令が担います。政令と施行令・消防法本則の条文文言を表で整理してください。",危険物の規制に関する政令が具体基準。;指定数量・別表第三は政令で規定。;消防法と政令の役割分担。,政令と消防法本則を混同する。;指定数量を消防法だけで定めると誤解する。;政令と施行令を取り違える。,"「政令」は、法令・制度の頻出語です。

整理のコツ：関連する「指定数量」「第4類危険物の指定数量」「第二石油類」と、「同じ点・違う点」を表に書き出し、政令だけの特徴を一行で言えるようにします。

覚え方：間違えたら「政令と消防法本則を混同する」のパターンか確認し、同じ型の誤りが出た問題を2問だけ繰り返します。

復習のしかた：丸暗記より、選択肢の「誤り。」の理由を声に出して説明できるかを目標にします。",指定数量の説明として、正しいものはどれか。,正解は選択肢ウ。指定数量は、危険物の危険性に応じて政令で定められる基準数量である。,政令とは何ですか？,政令は、国会の委任に基づき内閣が制定する命令であり、危険物分野では主に危険物の規制に関する政令が指定数量・貯蔵方法などの具体基準を定める。 たとえば、ガソリン（非水溶性）は200 L、アセトン（水溶性）は400 Lのように、品名ごとに数値が決まります。 試験では、危険物の規制に関する政令が具体基準点を押さえると得点源になります。,政令は試験でどんなふうに問われますか？,危険物の規制に関する政令が具体基準。指定数量・別表第三は政令で規定。消防法と政令の役割分担。,政令で間違えやすい点は？,政令と消防法本則を混同する。指定数量を消防法だけで定めると誤解する。,政令と「指定数量」「第4類危険物の指定数量」の違いは？,「指定数量」「第4類危険物の指定数量」は意味や数値・適用場面が異なります。用語ページの比較表と演習で、政令だけのポイントを確認してください。
別表第三,べっぴょうだいさん,法令・制度,法令・制度;乙4;頻出;詳細記事;実践演習連動,"別表第三は、危険物の規制に関する政令に付される表で、危険物の品名を列挙し、指定数量の算定に用いる。

たとえば、ガソリン・灯油など、品名ごとの指定数量を調べる表です。

試験では、政令別表第三は品名の一覧点を押さえると得点源になります。",まず「別表第三」は、危険物の規制に関する政令に付される表で、危険物の品名を列挙し、指定数量の算定に用いる。,指定数量;第4類危険物の指定数量;第一石油類,危険物の規制に関する政令,B,法令分野の別表第三は、正しい説明・誤っている説明の判別と、数値・主体・手続の区別が問われやすいです。 誤答の典型は「指定数量を『安全に保管できる最大量』と混同しない。」のように、似た制度や数値と混同することです。 実践演習では「指定数量の説明として、正しいものはどれか。…」のように、一文で正誤を判断する設問もあります。,別表第三とは？危険物取扱者試験（乙種第4類）で押さえる意味・試験ポイント,政令別表第三の意味と、別表第一・第二との違いを整理します。,"危険物かどうかの判断は、消防法別表第一（品名）と別表第二（性状）の組み合わせで行います。別表第三は、すでに危険物とされる物品について、品名ごとの指定数量などを示す表です。

正しい。「ガソリンは別表第三に掲げる品名である」といった記述は政令上の整理です。誤り。「別表第三だけで危険物かどうかを判断する」は誤答で、別表第一・第二との役割分担を問われます。",政令別表第三は品名の一覧。;指定数量算定に用いる。;別表第一・第二との役割の違い。,別表第三を危険物該当性の判断表と誤解する。;別表第一・第二と混同する。,"「別表第三」は、法令・制度の頻出語です。

整理のコツ：関連する「指定数量」「第4類危険物の指定数量」「第一石油類」と、「同じ点・違う点」を表に書き出し、別表第三だけの特徴を一行で言えるようにします。

覚え方：間違えたら「別表第三を危険物該当性の判断表と誤解する」のパターンか確認し、同じ型の誤りが出た問題を2問だけ繰り返します。

復習のしかた：丸暗記より、選択肢の「誤り。」の理由を声に出して説明できるかを目標にします。",指定数量の説明として、正しいものはどれか。,正解は選択肢ウ。指定数量は、危険物の危険性に応じて政令で定められる基準数量である。,別表第三とは何ですか？,別表第三は、危険物の規制に関する政令に付される表で、危険物の品名を列挙し、指定数量の算定に用いる。 たとえば、ガソリン・灯油など、品名ごとの指定数量を調べる表です。 試験では、政令別表第三は品名の一覧点を押さえると得点源になります。,別表第三は試験でどんなふうに問われますか？,政令別表第三は品名の一覧。指定数量算定に用いる。別表第一・第二との役割の違い。,別表第三で間違えやすい点は？,別表第三を危険物該当性の判断表と誤解する。別表第一・第二と混同する。,別表第三と「指定数量」「第4類危険物の指定数量」の違いは？,「指定数量」「第4類危険物の指定数量」は意味や数値・適用場面が異なります。用語ページの比較表と演習で、別表第三だけのポイントを確認してください。
品名,ひんめい,法令・制度,法令・制度;乙4;頻出;詳細記事;実践演習連動;一問一答連動,"品名は、危険物の規制に関する政令別表第三などに掲げられる物質の名称で、指定数量や区分を品目ごとに定める単位となる。

たとえば、ガソリン（非水溶性）は200 L、アセトン（水溶性）は400 Lのように、品名ごとに数値が決まります。

試験では、指定数量は品名・性状ごと点を押さえると得点源になります。",まず「品名」は、危険物の規制に関する政令別表第三などに掲げられる物質の名称で、指定数量や区分を品目ごとに定める単位となる。,品名・数量・指定数量倍数の変更届出;届出;指定数量倍数の変更届出,危険物の規制に関する政令,B,品名・数量・指定数量倍数の変更届出を押さえる。 品名・数量・指定数量倍数の変更届を押さえる。 誤り。届出が必要になります場合がある。 誤り。第4類危険物でも関係する。,品名とは？危険物取扱者試験（乙種第4類）で押さえる意味・試験ポイント,このページでは、法令・制度分野の「品名」を、試験に出る形で整理します。ひとことで言うと、危険物の規制に関する政令別表第三などに掲げられる物質の名称で、指定数量や区分を品目ごとに定める単位となる。下の目次の順に読むと、定義から演習のポイントまでつながって理解できます。,"法令上は「ガソリン」「アセトン」などの品名単位で指定数量が定められます。第4類（引火性液体）の中でも、第一石油類・第二石油類などの類と品名の組み合わせで数値が変わります。

製造所等で貯蔵・取扱う危険物の品名を変更する場合は、届出や許可が必要になります場面もあります。品名の変更と数量変更・倍数計算は別の論点として整理してください。

誤り。届出が必要になります場合がある。

誤り。第4類危険物でも関係する。

誤り。掲示板があれば常に届出不要とはならない。

誤り。免状写真の変更ではない。

品名・数量・指定数量倍数の変更届出を押さえる。

品名・数量・指定数量倍数の変更届を押さえる。",指定数量は品名・性状ごと。;石油類は品名で第一〜第三・特殊引火物を区別。;品名変更時の手続。,類名だけで品名を特定する。;品名変更と数量変更の手続を混同する。,"「品名」は、法令・制度の頻出語です。

整理のコツ：関連する「品名・数量・指定数量倍数の変更届出」「届出」「指定数量倍数の変更届出」と、「同じ点・違う点」を表に書き出し、品名だけの特徴を一行で言えるようにします。

覚え方：間違えたら「類名だけで品名を特定する」のパターンか確認し、同じ型の誤りが出た問題を2問だけ繰り返します。

復習のしかた：丸暗記より、選択肢の「誤り。」の理由を声に出して説明できるかを目標にします。",製造所等で貯蔵し、又は取り扱う危険物の品名、数量または指定数量の倍数を変更する場合について、「危険物取扱者免状の写真を変えるだけで足りる。」は正しい。,×。誤り。,品名とは何ですか？,品名は、危険物の規制に関する政令別表第三などに掲げられる物質の名称で、指定数量や区分を品目ごとに定める単位となる。 たとえば、ガソリン（非水溶性）は200 L、アセトン（水溶性）は400 Lのように、品名ごとに数値が決まります。 試験では、指定数量は品名・性状ごと点を押さえると得点源になります。,品名は試験でどんなふうに問われますか？,指定数量は品名・性状ごと。石油類は品名で第一〜第三・特殊引火物を区別。品名変更時の手続。,品名で間違えやすい点は？,類名だけで品名を特定する。品名変更と数量変更の手続を混同する。,品名と「品名・数量・指定数量倍数の変更届出」「届出」の違いは？,「品名・数量・指定数量倍数の変更届出」「届出」は意味や数値・適用場面が異なります。用語ページの比較表と演習で、品名だけのポイントを確認してください。
性状,せいじょう,法令・制度,法令・制度;乙4;頻出;詳細記事;実践演習連動;一問一答連動,"性状は、危険物が有する化学的・物理的性質の区分であり、消防法別表第二に酸化性固体・引火性液体などとして定められる。

たとえば、条文では「消防法で定める」「政令で定める」「施行令で定める」のように、どの法令に書かれているかを選ぶ問題がよく出ます。

試験では、別表第二が性状区分点を押さえると得点源になります。",まず「性状」は、危険物が有する化学的・物理的性質の区分であり、消防法別表第二に酸化性固体・引火性液体などとして定められる。,危険物各類の共通性状と第4類の位置づけ;分類比較,消防法,B,誤り。第1類は酸化性固体である。 誤り。第5類は自己反応性物質である。 誤り。第6類は酸化性液体である。,性状とは？危険物取扱者試験（乙種第4類）で押さえる意味・試験ポイント,このページでは、法令・制度分野の「性状」を、試験に出る形で整理します。ひとことで言うと、危険物が有する化学的・物理的性質の区分であり、消防法別表第二に酸化性固体・引火性液体などとして定められる。下の目次の順に読むと、定義から演習のポイントまでつながって理解できます。,"危険物該当性は、別表第一の品名に加え、別表第二の性状区分を満たすかで判断します。同じ品名でも性状が異なれば危険物に該当しない場合があります。

乙4では引火性液体（第4類）が中心ですが、他類の性状名（酸化性固体・可燃性固体など）を混同しないよう、類・性状・品名の三層で整理するとよいです。

誤り。第1類は酸化性固体である。

誤り。第5類は自己反応性物質である。

誤り。第6類は酸化性液体である。

誤り。第2類は可燃性固体である。",別表第二が性状区分。;品名＋性状で危険物判断。;第4類は引火性液体の性状。,品名だけで危険物と決めつける。;類と性状を同一視する。,"「性状」は、法令・制度の頻出語です。

整理のコツ：関連する「危険物各類の共通性状と第4類の位置づけ」「分類比較」と、「同じ点・違う点」を表に書き出し、性状だけの特徴を一行で言えるようにします。

覚え方：間違えたら「品名だけで危険物と決めつける」のパターンか確認し、同じ型の誤りが出た問題を2問だけ繰り返します。

復習のしかた：丸暗記より、選択肢の「誤り。」の理由を声に出して説明できるかを目標にします。",危険物の類別と性状の組合せについて、「第4類 — 引火性液体」は正しい。,○。正しい。,性状とは何ですか？,性状は、危険物が有する化学的・物理的性質の区分であり、消防法別表第二に酸化性固体・引火性液体などとして定められる。 たとえば、条文では「消防法で定める」「政令で定める」「施行令で定める」のように、どの法令に書かれているかを選ぶ問題がよく出ます。 試験では、別表第二が性状区分点を押さえると得点源になります。,性状は試験でどんなふうに問われますか？,別表第二が性状区分。品名＋性状で危険物判断。第4類は引火性液体の性状。,性状で間違えやすい点は？,品名だけで危険物と決めつける。類と性状を同一視する。,性状と「危険物各類の共通性状と第4類の位置づけ」「分類比較」の違いは？,「危険物各類の共通性状と第4類の位置づけ」「分類比較」は意味や数値・適用場面が異なります。用語ページの比較表と演習で、性状だけのポイントを確認してください。
類別,るいべつ,法令・制度,法令・制度;乙4;頻出;詳細記事;実践演習連動;一問一答連動,"類別は、危険物を第1類から第6類までの6区分に分けることで、乙種第4類は第4類（引火性液体）を主に扱う。

たとえば、第4類は引火性液体、第2類は可燃性固体など、6つの類に分けられます。

試験では、危険物は第1〜6類点を押さえると得点源になります。",まず「類別」は、危険物を第1類から第6類までの6区分に分けることで、乙種第4類は第4類（引火性液体）を主に扱う。,第4類共通性質;第4類危険物の指定数量;指定数量,消防法,B,法令分野の類別は、正しい説明・誤っている説明の判別と、数値・主体・手続の区別が問われやすいです。 誤答の典型は「第1類から第6類の性質を混同しない。」のように、似た制度や数値と混同することです。 実践演習では「乙種第4類で主に対象となる危険物として、正しいものはどれか。…」のように、一文で正誤を判断する設問もあります。 一問一答では○×形式で素早く定着を確認できます。,類別とは？危険物取扱者試験（乙種第4類）で押さえる意味・試験ポイント,法令・制度分野の「第4類共通性質」でよく出る用語です。下の目次から定義・試験ポイント・例題の順に確認し、演習と往復してください。,"第1類は酸化性固体、第2類は可燃性固体、第3類は自然発火性・禁水性、第4類は引火性液体、第5類は自己反応性、第6類は酸化性液体です。試験では「第○類に属するものはどれか」「誤っている組合せはどれか」が頻出します。

正しい。「第4類危険物は引火性液体である」は乙4の核心です。誤り。「第4類は可燃性固体である」は第2類の説明であり、類別の取り違えとして出題されます。",危険物は第1〜6類。;乙4は第4類（引火性液体）。;各類の代表例を区別。,第4類を可燃性固体と混同する。;第6類と第1類を取り違える。,"「類別」は、法令・制度の頻出語です。

整理のコツ：関連する「第4類共通性質」「第4類危険物の指定数量」「指定数量」と、「同じ点・違う点」を表に書き出し、類別だけの特徴を一行で言えるようにします。

覚え方：間違えたら「第4類を可燃性固体と混同する」のパターンか確認し、同じ型の誤りが出た問題を2問だけ繰り返します。

復習のしかた：丸暗記より、選択肢の「誤り。」の理由を声に出して説明できるかを目標にします。",乙種第4類で主に対象となる危険物について、「引火性液体」は正しい。,○。正しい。,類別とは何ですか？,類別は、危険物を第1類から第6類までの6区分に分けることで、乙種第4類は第4類（引火性液体）を主に扱う。 たとえば、第4類は引火性液体、第2類は可燃性固体など、6つの類に分けられます。 試験では、危険物は第1〜6類点を押さえると得点源になります。,類別は試験でどんなふうに問われますか？,危険物は第1〜6類。乙4は第4類（引火性液体）。各類の代表例を区別。,類別で間違えやすい点は？,第4類を可燃性固体と混同する。第6類と第1類を取り違える。,類別と「第4類共通性質」「第4類危険物の指定数量」の違いは？,「第4類共通性質」「第4類危険物の指定数量」は意味や数値・適用場面が異なります。用語ページの比較表と演習で、類別だけのポイントを確認してください。
倍数計算,ばいすうけいさん,法令・制度,法令・制度;乙4;頻出;詳細記事;実践演習連動;一問一答連動,"倍数計算は、危険物の貯蔵量を指定数量で割った値（倍数）を品名ごとに求め、合算して施設区分を判断する計算を指します。

たとえば、例えば、ガソリン200 Lと灯油400 Lを同じ屋内に置くとき、それぞれ÷指定数量してから合算します（リットル数の単純合計ではありません）。

試験では、貯蔵量÷指定数量を品名ごとに計算点を押さえると得点源になります。",まず「倍数計算」は、危険物の貯蔵量を指定数量で割った値（倍数）を品名ごとに求め、合算して施設区分を判断する計算を指します。,指定数量の倍数計算;指定数量,危険物の規制に関する政令,B,複数危険物では、それぞれの指定数量倍数を求めて合算する。 数量を単純合計するのではなく、各指定数量で割ってから合算する。 指定数量が小さい特殊引火物の計算に注意。 誤り。指定数量そのものを足して計算するのではない。,倍数計算とは？危険物取扱者試験（乙種第4類）で押さえる意味・試験ポイント,このページでは、法令・制度分野の「倍数計算」を、試験に出る形で整理します。ひとことで言うと、危険物の貯蔵量を指定数量で割った値（倍数）を品名ごとに求め、合算して施設区分を判断する計算を指します。下の目次の順に読むと、定義から演習のポイントまでつながって理解できます。,"指定数量は品名・性状ごとに政令で定められます。倍数は「貯蔵量÷指定数量」を各品名で計算し、合計が1を超えるかどうかで屋内貯蔵所・屋外タンク貯蔵所などの基準が変わります。

試験ではリットル数の単純合計と倍数の合算を取り違える誤答が多いです。水溶性・非水溶性で指定数量が異なる品名（第1石油類など）に注意してください。

誤り。指定数量そのものを足して計算するのではない。

誤り。計算結果は1.0倍である。

誤り。ガソリンと灯油の倍数を合算する必要がある。

誤り。ガソリン分だけでも0.5倍である。

複数危険物では、それぞれの指定数量倍数を求めて合算する。

数量を単純合計するのではなく、各指定数量で割ってから合算する。",貯蔵量÷指定数量を品名ごとに計算。;倍数の合算で施設基準を判断。;単純な容量合計ではない。,リットル数をそのまま足す。;指定数量と倍数を混同する。;水溶性・非水溶性の区分を誤る。,"「倍数計算」は、法令・制度の頻出語です。

整理のコツ：関連する「指定数量の倍数計算」「指定数量」と、「同じ点・違う点」を表に書き出し、倍数計算だけの特徴を一行で言えるようにします。

覚え方：間違えたら「リットル数をそのまま足す」のパターンか確認し、同じ型の誤りが出た問題を2問だけ繰り返します。

復習のしかた：丸暗記より、選択肢の「誤り。」の理由を声に出して説明できるかを目標にします。","ガソリン100 Lと灯油500 Lを同一場所で貯蔵する場合、指定数量の倍数として正しいものはどれか。ただし、ガソリンの指定数量は200 L、灯油の指定数量は1,000 Lとするについて、「1.0倍」は正しい。",○。正しい。,倍数計算とは何ですか？,倍数計算は、危険物の貯蔵量を指定数量で割った値（倍数）を品名ごとに求め、合算して施設区分を判断する計算を指します。 たとえば、例えば、ガソリン200 Lと灯油400 Lを同じ屋内に置くとき、それぞれ÷指定数量してから合算します（リットル数の単純合計ではありません）。 試験では、貯蔵量÷指定数量を品名ごとに計算点を押さえると得点源になります。,倍数計算は試験でどんなふうに問われますか？,貯蔵量÷指定数量を品名ごとに計算。倍数の合算で施設基準を判断。単純な容量合計ではない。,倍数計算で間違えやすい点は？,リットル数をそのまま足す。指定数量と倍数を混同する。,倍数計算と「指定数量の倍数計算」「指定数量」の違いは？,「指定数量の倍数計算」「指定数量」は意味や数値・適用場面が異なります。用語ページの比較表と演習で、倍数計算だけのポイントを確認してください。
設置許可,せっちきょか,法令・制度,法令・制度;乙4;頻出;詳細記事;実践演習連動;一問一答連動,"設置許可は、指定数量以上の危険物を扱う製造所等を新設するときに、消防法上必要となる許可手続である。

たとえば、ガソリン（非水溶性）は200 L、アセトン（水溶性）は400 Lのように、品名ごとに数値が決まります。

試験では、指定数量以上で新設時に必要点を押さえると得点源になります。",まず「設置許可」は、指定数量以上の危険物を扱う製造所等を新設するときに、消防法上必要となる許可手続である。,製造所等の設置許可;許可,消防法,B,指定数量以上の危険物を扱う製造所等の設置には許可が必要。 設置許可は指定数量以上の製造所等で重要。 施設許可と人の資格を分けて理解する。 誤り。第4類危険物でも指定数量以上なら製造所等の規制対象になる。,設置許可とは？危険物取扱者試験（乙種第4類）で押さえる意味・試験ポイント,このページでは、法令・制度分野の「設置許可」を、試験に出る形で整理します。ひとことで言うと、指定数量以上の危険物を扱う製造所等を新設するときに、消防法上必要となる許可手続である。下の目次の順に読むと、定義から演習のポイントまでつながって理解できます。,"製造所等の設置許可は、位置・構造・設備が基準に適合するかを審査する手続です。危険物取扱者免状があっても施設許可が不要になるわけではありません。

設置後の完成検査、変更許可・廃止届との流れを時系列で整理すると、手続問題の得点源になります。

誤り。第4類危険物でも指定数量以上なら製造所等の規制対象になる。

誤り。使用開始後の任意報告で足りるものではない。

誤り。免状は取扱者の資格であり、施設許可とは別である。

誤り。表示板の設置だけで許可が不要になるわけではない。

指定数量以上の危険物を扱う製造所等の設置には許可が必要。

設置許可は指定数量以上の製造所等で重要。",指定数量以上で新設時に必要。;免状では代替不可。;完成検査との関係。,免状があれば許可不要と誤解する。;変更許可と混同する。,"「設置許可」は、法令・制度の頻出語です。

整理のコツ：関連する「製造所等の設置許可」「許可」と、「同じ点・違う点」を表に書き出し、設置許可だけの特徴を一行で言えるようにします。

覚え方：間違えたら「免状があれば許可不要と誤解する」のパターンか確認し、同じ型の誤りが出た問題を2問だけ繰り返します。

復習のしかた：丸暗記より、選択肢の「誤り。」の理由を声に出して説明できるかを目標にします。",指定数量以上の危険物を貯蔵し、又は取り扱う製造所等を設置する場合について、「原則として、あらかじめ法令上の許可を受ける必要がある。」は正しい。,○。正しい。,設置許可とは何ですか？,設置許可は、指定数量以上の危険物を扱う製造所等を新設するときに、消防法上必要となる許可手続である。 たとえば、ガソリン（非水溶性）は200 L、アセトン（水溶性）は400 Lのように、品名ごとに数値が決まります。 試験では、指定数量以上で新設時に必要点を押さえると得点源になります。,設置許可は試験でどんなふうに問われますか？,指定数量以上で新設時に必要。免状では代替不可。完成検査との関係。,設置許可で間違えやすい点は？,免状があれば許可不要と誤解する。変更許可と混同する。,設置許可と「製造所等の設置許可」「許可」の違いは？,「製造所等の設置許可」「許可」は意味や数値・適用場面が異なります。用語ページの比較表と演習で、設置許可だけのポイントを確認してください。
変更許可,へんこうきょか,法令・制度,法令・制度;乙4;頻出;詳細記事;実践演習連動;一問一答連動,"変更許可は、製造所等の位置・構造・設備を変更するときに、法令上必要となる許可手続である。

たとえば、条文では「消防法で定める」「政令で定める」「施行令で定める」のように、どの法令に書かれているかを選ぶ問題がよく出ます。

試験では、位置・構造・設備の変更点を押さえると得点源になります。",まず「変更許可」は、製造所等の位置・構造・設備を変更するときに、法令上必要となる許可手続である。,製造所等の変更許可;許可,消防法,B,製造所等の位置・構造・設備の変更は法令手続きの対象。 品名変更だけが変更許可の対象ではない。 変更許可は位置・構造・設備の変更で問題になる。 誤り。品名変更がなくても、設備変更が手続き対象になる場合がある。,変更許可とは？危険物取扱者試験（乙種第4類）で押さえる意味・試験ポイント,このページでは、法令・制度分野の「変更許可」を、試験に出る形で整理します。ひとことで言うと、製造所等の位置・構造・設備を変更するときに、法令上必要となる許可手続である。下の目次の順に読むと、定義から演習のポイントまでつながって理解できます。,"変更許可は新設の設置許可と区別し、既存施設の改築・設備変更・品名・数量の変更が許可・届出の対象かを条文ごとに整理します。取扱者の立会いや標識設置だけでは変更許可が不要になるわけではありません。

品名変更・数量変更は届出で足りる場合と許可が必要な場合があり、試験ではその境界が問われます。

誤り。品名変更がなくても、設備変更が手続き対象になる場合がある。

誤り。工事後の口頭連絡で足りるものではない。

誤り。標識更新だけで変更許可が不要になるわけではない。

誤り。取扱者の立会いと施設変更手続きは別である。

製造所等の位置・構造・設備の変更は法令手続きの対象。

品名変更だけが変更許可の対象ではない。",位置・構造・設備の変更。;設置許可との違い。;品名・数量変更との区別。,届出で済む変更と許可必要な変更を混同する。;標識だけで足りると誤解する。,"「変更許可」は、法令・制度の頻出語です。

整理のコツ：関連する「製造所等の変更許可」「許可」と、「同じ点・違う点」を表に書き出し、変更許可だけの特徴を一行で言えるようにします。

覚え方：間違えたら「届出で済む変更と許可必要な変更を混同する」のパターンか確認し、同じ型の誤りが出た問題を2問だけ繰り返します。

復習のしかた：丸暗記より、選択肢の「誤り。」の理由を声に出して説明できるかを目標にします。",製造所等の位置、構造または設備を変更する場合について、「法令上、変更内容によってはあらかじめ変更許可を受ける必要がある。」は正しい。,○。正しい。,変更許可とは何ですか？,変更許可は、製造所等の位置・構造・設備を変更するときに、法令上必要となる許可手続である。 たとえば、条文では「消防法で定める」「政令で定める」「施行令で定める」のように、どの法令に書かれているかを選ぶ問題がよく出ます。 試験では、位置・構造・設備の変更点を押さえると得点源になります。,変更許可は試験でどんなふうに問われますか？,位置・構造・設備の変更。設置許可との違い。品名・数量変更との区別。,変更許可で間違えやすい点は？,届出で済む変更と許可必要な変更を混同する。標識だけで足りると誤解する。,変更許可と「製造所等の変更許可」「許可」の違いは？,「製造所等の変更許可」「許可」は意味や数値・適用場面が異なります。用語ページの比較表と演習で、変更許可だけのポイントを確認してください。
選任,せんにん,法令・制度,法令・制度;乙4;頻出;詳細記事;実践演習連動;一問一答連動,"選任は、危険物施設保安員や危険物保安監督者など、法令上必要な者を施設・事業所に就けさせること。

たとえば、条文では「消防法で定める」「政令で定める」「施行令で定める」のように、どの法令に書かれているかを選ぶ問題がよく出ます。

試験では、施設保安員・監督者の選任点を押さえると得点源になります。",まず「選任」は、危険物施設保安員や危険物保安監督者など、法令上必要な者を施設・事業所に就けさせること。,危険物施設保安員;選任要件・役割;選任要件,消防法,B,危険物施設保安員は施設保安に関する役割。 危険物取扱者、保安監督者、施設保安員を区別する。 保安監督者や保安統括管理者との違いに注意する。 誤り。消火器の販売員ではない。,選任とは？危険物取扱者試験（乙種第4類）で押さえる意味・試験ポイント,このページでは、法令・制度分野の「選任」を、試験に出る形で整理します。ひとことで言うと、危険物施設保安員や危険物保安監督者など、法令上必要な者を施設・事業所に就けさせること。下の目次の順に読むと、定義から演習のポイントまでつながって理解できます。,"選任は「誰を・どの施設に・どの要件で」就けるかが試験の焦点です。危険物取扱者免状の交付・更新とは別の制度として整理してください。

監督者・統括管理者・施設保安員・取扱者の四層を混同しないよう、主体と要件を表にまとめるとよいです。

誤り。消火器の販売員ではない。

誤り。第4類危険物施設でも関係し得る。

誤り。危険物の分類名ではない。

誤り。免状所有者が自動的になるものではない。

危険物施設保安員は施設保安に関する役割。

危険物取扱者、保安監督者、施設保安員を区別する。",施設保安員・監督者の選任。;免状交付との区別。;選任要件の有無。,選任と免状交付を混同する。;施設保安員と取扱者を同一視する。,"「選任」は、法令・制度の頻出語です。

整理のコツ：関連する「危険物施設保安員」「選任要件・役割」「選任要件」と、「同じ点・違う点」を表に書き出し、選任だけの特徴を一行で言えるようにします。

覚え方：間違えたら「選任と免状交付を混同する」のパターンか確認し、同じ型の誤りが出た問題を2問だけ繰り返します。

復習のしかた：丸暗記より、選択肢の「誤り。」の理由を声に出して説明できるかを目標にします。",危険物施設保安員について、「一定の危険物施設で、施設の構造や設備に関する保安業務に関与する者として選任が必要となる場合がある。」は正しい。,○。正しい。,選任とは何ですか？,選任は、危険物施設保安員や危険物保安監督者など、法令上必要な者を施設・事業所に就けさせること。 たとえば、条文では「消防法で定める」「政令で定める」「施行令で定める」のように、どの法令に書かれているかを選ぶ問題がよく出ます。 試験では、施設保安員・監督者の選任点を押さえると得点源になります。,選任は試験でどんなふうに問われますか？,施設保安員・監督者の選任。免状交付との区別。選任要件の有無。,選任で間違えやすい点は？,選任と免状交付を混同する。施設保安員と取扱者を同一視する。,選任と「危険物施設保安員」「選任要件・役割」の違いは？,「危険物施設保安員」「選任要件・役割」は意味や数値・適用場面が異なります。用語ページの比較表と演習で、選任だけのポイントを確認してください。
譲渡,じょうと,法令・制度,法令・制度;乙4;頻出;詳細記事;実践演習連動;一問一答連動,"譲渡は、製造所等における危険物施設の権利・義務の承継に関する手続で、施設の引渡しとあわせて届出が必要になります場合がある。

たとえば、条文では「消防法で定める」「政令で定める」「施行令で定める」のように、どの法令に書かれているかを選ぶ問題がよく出ます。

試験では、製造所等の権利承継点を押さえると得点源になります。",まず「譲渡」は、製造所等における危険物施設の権利・義務の承継に関する手続で、施設の引渡しとあわせて届出が必要になります場合がある。,譲渡・引渡しの届出;届出;引渡しの届出,消防法,B,免状手続きと施設の届出を混同しない。 誤り。危険物を廃棄すれば常に不要というものではない。 誤り。第4類危険物の施設でも関係し得る。 誤り。免状更新手続きではない。,譲渡とは？危険物取扱者試験（乙種第4類）で押さえる意味・試験ポイント,このページでは、法令・制度分野の「譲渡」を、試験に出る形で整理します。ひとことで言うと、製造所等における危険物施設の権利・義務の承継に関する手続で、施設の引渡しとあわせて届出が必要になります場合がある。下の目次の順に読むと、定義から演習のポイントまでつながって理解できます。,"製造所等の譲渡・引渡しでは、施設の権利移転と危険物取扱者免状の更新は別手続きです。試験では「譲渡・引渡しがあったときの届出」など手続の正誤が問われます。

廃止届・品名変更・数量変更など、施設ライフサイクルごとの届出・許可を一覧化すると整理しやすくなります。

誤り。危険物を廃棄すれば常に不要というものではない。

誤り。第4類危険物の施設でも関係し得る。

誤り。免状更新手続きではない。

誤り。一切不要とはいえない。

免状手続きと施設の届出を混同しない。",製造所等の権利承継。;引渡しとのセット届出。;免状手続きとの区別。,免状の更新だけで施設届出が不要と誤解する。;譲渡と運搬を混同する。,"「譲渡」は、法令・制度の頻出語です。

整理のコツ：関連する「譲渡・引渡しの届出」「届出」「引渡しの届出」と、「同じ点・違う点」を表に書き出し、譲渡だけの特徴を一行で言えるようにします。

覚え方：間違えたら「免状の更新だけで施設届出が不要と誤解する」のパターンか確認し、同じ型の誤りが出た問題を2問だけ繰り返します。

復習のしかた：丸暗記より、選択肢の「誤り。」の理由を声に出して説明できるかを目標にします。",製造所等を譲り受けた場合などの手続きについて、「譲渡の届出は、危険物取扱者免状の更新手続きだけをいう。」は正しい。,×。誤り。,譲渡とは何ですか？,譲渡は、製造所等における危険物施設の権利・義務の承継に関する手続で、施設の引渡しとあわせて届出が必要になります場合がある。 たとえば、条文では「消防法で定める」「政令で定める」「施行令で定める」のように、どの法令に書かれているかを選ぶ問題がよく出ます。 試験では、製造所等の権利承継点を押さえると得点源になります。,譲渡は試験でどんなふうに問われますか？,製造所等の権利承継。引渡しとのセット届出。免状手続きとの区別。,譲渡で間違えやすい点は？,免状の更新だけで施設届出が不要と誤解する。譲渡と運搬を混同する。,譲渡と「譲渡・引渡しの届出」「届出」の違いは？,「譲渡・引渡しの届出」「届出」は意味や数値・適用場面が異なります。用語ページの比較表と演習で、譲渡だけのポイントを確認してください。
引渡し,ひきわたし,法令・制度,法令・制度;乙4;頻出;詳細記事;実践演習連動;一問一答連動,"引渡しは、製造所等の施設を他人に引き渡すことで、譲渡とともに法令上の届出・安全確認が問われる。

たとえば、条文では「消防法で定める」「政令で定める」「施行令で定める」のように、どの法令に書かれているかを選ぶ問題がよく出ます。

試験では、施設の引渡し点を押さえると得点源になります。",まず「引渡し」は、製造所等の施設を他人に引き渡すことで、譲渡とともに法令上の届出・安全確認が問われる。,譲渡・引渡しの届出;届出;引渡しの届出,消防法,B,免状手続きと施設の届出を混同しない。 誤り。危険物を廃棄すれば常に不要というものではない。 誤り。第4類危険物の施設でも関係し得る。 誤り。免状更新手続きではない。,引渡しとは？危険物取扱者試験（乙種第4類）で押さえる意味・試験ポイント,このページでは、法令・制度分野の「引渡し」を、試験に出る形で整理します。ひとことで言うと、製造所等の施設を他人に引き渡すことで、譲渡とともに法令上の届出・安全確認が問われる。下の目次の順に読むと、定義から演習のポイントまでつながって理解できます。,"引渡しは施設の実務上の移転を伴い、譲渡は権利義務の承継を伴う概念として整理されます。試験では両者をまとめて「譲渡または引渡しの届出」として問う場合が多いです。

引渡し後も危険物の残存・安全措置・新たな占有者の義務が問題になるため、手続だけでなく保安の継続に注意してください。

誤り。危険物を廃棄すれば常に不要というものではない。

誤り。第4類危険物の施設でも関係し得る。

誤り。免状更新手続きではない。

誤り。一切不要とはいえない。

免状手続きと施設の届出を混同しない。",施設の引渡し。;譲渡・届出との関係。;残存危険物の安全。,譲渡と同義とみなして細部を省略する。;運搬・移送と混同する。,"「引渡し」は、法令・制度の頻出語です。

整理のコツ：関連する「譲渡・引渡しの届出」「届出」「引渡しの届出」と、「同じ点・違う点」を表に書き出し、引渡しだけの特徴を一行で言えるようにします。

覚え方：間違えたら「譲渡と同義とみなして細部を省略する」のパターンか確認し、同じ型の誤りが出た問題を2問だけ繰り返します。

復習のしかた：丸暗記より、選択肢の「誤り。」の理由を声に出して説明できるかを目標にします。",製造所等を譲り受けた場合などの手続きについて、「譲渡の届出は、危険物取扱者免状の更新手続きだけをいう。」は正しい。,×。誤り。,引渡しとは何ですか？,引渡しは、製造所等の施設を他人に引き渡すことで、譲渡とともに法令上の届出・安全確認が問われる。 たとえば、条文では「消防法で定める」「政令で定める」「施行令で定める」のように、どの法令に書かれているかを選ぶ問題がよく出ます。 試験では、施設の引渡し点を押さえると得点源になります。,引渡しは試験でどんなふうに問われますか？,施設の引渡し。譲渡・届出との関係。残存危険物の安全。,引渡しで間違えやすい点は？,譲渡と同義とみなして細部を省略する。運搬・移送と混同する。,引渡しと「譲渡・引渡しの届出」「届出」の違いは？,「譲渡・引渡しの届出」「届出」は意味や数値・適用場面が異なります。用語ページの比較表と演習で、引渡しだけのポイントを確認してください。
混載,こんさい,法令・制度,法令・制度;乙4;頻出;詳細記事;実践演習連動;一問一答連動,"混載は、危険物の運搬では性質の異なる危険物や指定の物質を同一車両等に積載することで、制限がある場合が多い。

たとえば、条文では「消防法で定める」「政令で定める」「施行令で定める」のように、どの法令に書かれているかを選ぶ問題がよく出ます。

試験では、運搬時の混載制限点を押さえると得点源になります。",まず「混載」は、危険物の運搬では性質の異なる危険物や指定の物質を同一車両等に積載することで、制限がある場合が多い。,運搬時の表示・混載制限;運搬;運搬時の表示,危険物の規制に関する政令,B,運搬では表示・積載・混載・漏えい防止が重要。 表示だけで安全性が保証されるわけではない。 表示だけで安全確保が完了するわけではない。 誤り。容器基準や収納方法も重要である。,混載とは？危険物取扱者試験（乙種第4類）で押さえる意味・試験ポイント,このページでは、法令・制度分野の「混載」を、試験に出る形で整理します。ひとことで言うと、危険物の運搬では性質の異なる危険物や指定の物質を同一車両等に積載することで、制限がある場合が多い。下の目次の順に読むと、定義から演習のポイントまでつながって理解できます。,"運搬では表示・容器・積載方法に加え、混載制限が重要です。混載が禁止または条件付きとなる組み合わせは、品名・類・性状ごとに整理して覚えます。

表示だけ整えれば任意に混載できるわけではなく、容器基準を満たさない積載は誤りとなります。

誤り。容器基準や収納方法も重要である。

誤り。食品との自由な混載が常に認められるわけではない。

誤り。火気は危険である。

誤り。漏えい時は適切な措置が必要である。

運搬では表示・積載・混載・漏えい防止が重要。

表示だけで安全性が保証されるわけではない。",運搬時の混載制限。;品名・類による組合せ。;表示・容器基準とのセット。,表示があれば混載自由と誤解する。;運搬と移送を混同する。,"「混載」は、法令・制度の頻出語です。

整理のコツ：関連する「運搬時の表示・混載制限」「運搬」「運搬時の表示」と、「同じ点・違う点」を表に書き出し、混載だけの特徴を一行で言えるようにします。

覚え方：間違えたら「表示があれば混載自由と誤解する」のパターンか確認し、同じ型の誤りが出た問題を2問だけ繰り返します。

復習のしかた：丸暗記より、選択肢の「誤り。」の理由を声に出して説明できるかを目標にします。",危険物の運搬について、適切なものについて、「危険物の性質に応じて、表示、積載、混載などの基準に従う。」は正しい。,○。正しい。,混載とは何ですか？,混載は、危険物の運搬では性質の異なる危険物や指定の物質を同一車両等に積載することで、制限がある場合が多い。 たとえば、条文では「消防法で定める」「政令で定める」「施行令で定める」のように、どの法令に書かれているかを選ぶ問題がよく出ます。 試験では、運搬時の混載制限点を押さえると得点源になります。,混載は試験でどんなふうに問われますか？,運搬時の混載制限。品名・類による組合せ。表示・容器基準とのセット。,混載で間違えやすい点は？,表示があれば混載自由と誤解する。運搬と移送を混同する。,混載と「運搬時の表示・混載制限」「運搬」の違いは？,「運搬時の表示・混載制限」「運搬」は意味や数値・適用場面が異なります。用語ページの比較表と演習で、混載だけのポイントを確認してください。
屋内貯蔵所,おくないちょぞうところ,法令・制度,法令・制度;乙4;頻出;詳細記事;実践演習連動;一問一答連動,"屋内貯蔵所は、建築物内で危険物を貯蔵する貯蔵所であり、屋内タンク貯蔵所や移動タンク貯蔵所とは設置形態が異なる。

たとえば、条文では「消防法で定める」「政令で定める」「施行令で定める」のように、どの法令に書かれているかを選ぶ問題がよく出ます。

試験では、建築物内の貯蔵所点を押さえると得点源になります。",まず「屋内貯蔵所」は、建築物内で危険物を貯蔵する貯蔵所であり、屋内タンク貯蔵所や移動タンク貯蔵所とは設置形態が異なる。,貯蔵所基準;屋内貯蔵所の基準;移動タンク貯蔵所の基準,危険物の規制に関する政令,B,屋内貯蔵所は建築物内で貯蔵する施設。 屋内貯蔵所と給油取扱所を混同しない。 屋内貯蔵所と屋内タンク貯蔵所を区別する。 誤り。給油取扱所の説明である。,屋内貯蔵所とは？危険物取扱者試験（乙種第4類）で押さえる意味・試験ポイント,このページでは、法令・制度分野の「屋内貯蔵所」を、試験に出る形で整理します。ひとことで言うと、建築物内で危険物を貯蔵する貯蔵所であり、屋内タンク貯蔵所や移動タンク貯蔵所とは設置形態が異なる。下の目次の順に読むと、定義から演習のポイントまでつながって理解できます。,"屋内貯蔵所は建物内の貯蔵施設全般を指す概念として問われ、タンクの有無や構造基準で屋内タンク貯蔵所等と区別されます。名称が似る施設は「何を貯蔵するか」「タンクかどうか」で整理するとよいです。

防火区画・換気・火気管理など、屋内特有の基準が試験の焦点になります。

誤り。給油取扱所の説明である。

誤り。販売取扱所の説明としても不十分である。

誤り。移動タンク貯蔵所の説明である。

誤り。移送取扱所の説明である。

屋内貯蔵所は建築物内で貯蔵する施設。

屋内貯蔵所と給油取扱所を混同しない。",建築物内の貯蔵所。;屋内タンク貯蔵所との違い。;取扱所・屋外施設と区別。,屋内貯蔵所と屋内タンク貯蔵所を同一視する。;給油取扱所を貯蔵所とする。,"「屋内貯蔵所」は、法令・制度の頻出語です。

整理のコツ：関連する「貯蔵所基準」「屋内貯蔵所の基準」「移動タンク貯蔵所の基準」と、「同じ点・違う点」を表に書き出し、屋内貯蔵所だけの特徴を一行で言えるようにします。

覚え方：間違えたら「屋内貯蔵所と屋内タンク貯蔵所を同一視する」のパターンか確認し、同じ型の誤りが出た問題を2問だけ繰り返します。

復習のしかた：丸暗記より、選択肢の「誤り。」の理由を声に出して説明できるかを目標にします。",屋内貯蔵所について、「危険物を建築物内で貯蔵する貯蔵所の一種である。」は正しい。,○。正しい。,屋内貯蔵所とは何ですか？,屋内貯蔵所は、建築物内で危険物を貯蔵する貯蔵所であり、屋内タンク貯蔵所や移動タンク貯蔵所とは設置形態が異なる。 たとえば、条文では「消防法で定める」「政令で定める」「施行令で定める」のように、どの法令に書かれているかを選ぶ問題がよく出ます。 試験では、建築物内の貯蔵所点を押さえると得点源になります。,屋内貯蔵所は試験でどんなふうに問われますか？,建築物内の貯蔵所。屋内タンク貯蔵所との違い。取扱所・屋外施設と区別。,屋内貯蔵所で間違えやすい点は？,屋内貯蔵所と屋内タンク貯蔵所を同一視する。給油取扱所を貯蔵所とする。,屋内貯蔵所と「貯蔵所基準」「屋内貯蔵所の基準」の違いは？,「貯蔵所基準」「屋内貯蔵所の基準」は意味や数値・適用場面が異なります。用語ページの比較表と演習で、屋内貯蔵所だけのポイントを確認してください。
屋外タンク貯蔵所,おくがいたんくちょぞうところ,法令・制度,法令・制度;乙4;頻出;詳細記事;実践演習連動;一問一答連動,"屋外タンク貯蔵所は、屋外に設置したタンクで危険物を貯蔵する貯蔵所である。

たとえば、条文では「消防法で定める」「政令で定める」「施行令で定める」のように、どの法令に書かれているかを選ぶ問題がよく出ます。

試験では、屋外設置のタンク貯蔵点を押さえると得点源になります。",まず「屋外タンク貯蔵所」は、屋外に設置したタンクで危険物を貯蔵する貯蔵所である。,貯蔵所基準;移動タンク貯蔵所の基準;移動タンク貯蔵所による移送基準,危険物の規制に関する政令,B,屋外タンク貯蔵所は屋外タンクで貯蔵する施設。 屋外貯蔵所と屋外タンク貯蔵所を混同しない。 移動タンク貯蔵所は貯蔵所に分類される。 誤り。燃焼範囲の単位ではない。,屋外タンク貯蔵所とは？危険物取扱者試験（乙種第4類）で押さえる意味・試験ポイント,このページでは、法令・制度分野の「屋外タンク貯蔵所」を、試験に出る形で整理します。ひとことで言うと、屋外に設置したタンクで危険物を貯蔵する貯蔵所である。下の目次の順に読むと、定義から演習のポイントまでつながって理解できます。,"屋外タンク貯蔵所は、タンク本体・基礎・囲い・漏えい防止設備など屋外設置ならではの基準が問われます。移動タンク貯蔵所（車両搭載）や屋内タンク貯蔵所と混同しないことが重要です。

保安距離・防火堤・標識表示など、施設ごとの数値・構造要件をセットで覚えると本番で判別しやすくなります。

誤り。燃焼範囲の単位ではない。

誤り。販売取扱所の説明に近い。

誤り。給油取扱所の説明である。

誤り。免状交付窓口ではない。

屋外タンク貯蔵所は屋外タンクで貯蔵する施設。

屋外貯蔵所と屋外タンク貯蔵所を混同しない。",屋外設置のタンク貯蔵。;移動・屋内タンクとの区別。;漏えい防止・防火堤。,屋外貯蔵所（非タンク）と同一視する。;移動タンク貯蔵所と混同。,"「屋外タンク貯蔵所」は、法令・制度の頻出語です。

整理のコツ：関連する「貯蔵所基準」「移動タンク貯蔵所の基準」「移動タンク貯蔵所による移送基準」と、「同じ点・違う点」を表に書き出し、屋外タンク貯蔵所だけの特徴を一行で言えるようにします。

覚え方：間違えたら「屋外貯蔵所（非タンク）と同一視する」のパターンか確認し、同じ型の誤りが出た問題を2問だけ繰り返します。

復習のしかた：丸暗記より、選択肢の「誤り。」の理由を声に出して説明できるかを目標にします。",屋外タンク貯蔵所について、「危険物の燃焼範囲を表す単位である。」は正しい。,×。誤り。,屋外タンク貯蔵所とは何ですか？,屋外タンク貯蔵所は、屋外に設置したタンクで危険物を貯蔵する貯蔵所である。 たとえば、条文では「消防法で定める」「政令で定める」「施行令で定める」のように、どの法令に書かれているかを選ぶ問題がよく出ます。 試験では、屋外設置のタンク貯蔵点を押さえると得点源になります。,屋外タンク貯蔵所は試験でどんなふうに問われますか？,屋外設置のタンク貯蔵。移動・屋内タンクとの区別。漏えい防止・防火堤。,屋外タンク貯蔵所で間違えやすい点は？,屋外貯蔵所（非タンク）と同一視する。移動タンク貯蔵所と混同。,屋外タンク貯蔵所と「貯蔵所基準」「移動タンク貯蔵所の基準」の違いは？,「貯蔵所基準」「移動タンク貯蔵所の基準」は意味や数値・適用場面が異なります。用語ページの比較表と演習で、屋外タンク貯蔵所だけのポイントを確認してください。
タンク貯蔵所,たんくちょぞうところ,法令・制度,法令・制度;乙4;頻出;詳細記事;実践演習連動;一問一答連動,"タンク貯蔵所は、タンクにより危険物を貯蔵する貯蔵所の総称で、屋内・屋外・移動タンクなど形態により名称が分かれる。

たとえば、条文では「消防法で定める」「政令で定める」「施行令で定める」のように、どの法令に書かれているかを選ぶ問題がよく出ます。

試験では、タンクによる貯蔵所の総称点を押さえると得点源になります。",まず「タンク貯蔵所」は、タンクにより危険物を貯蔵する貯蔵所の総称で、屋内・屋外・移動タンクなど形態により名称が分かれる。,貯蔵所基準;移動タンク貯蔵所の基準;移動タンク貯蔵所による移送基準,危険物の規制に関する政令,B,移動タンク貯蔵所は貯蔵所に分類される。 『移動』とあるが取扱所ではなく貯蔵所である点に注意。 移動タンク貯蔵所は貯蔵所。移送中の火気・漏えいに注意。 誤り。販売取扱所の説明に近い。,タンク貯蔵所とは？危険物取扱者試験（乙種第4類）で押さえる意味・試験ポイント,このページでは、法令・制度分野の「タンク貯蔵所」を、試験に出る形で整理します。ひとことで言うと、タンクにより危険物を貯蔵する貯蔵所の総称で、屋内・屋外・移動タンクなど形態により名称が分かれる。下の目次の順に読むと、定義から演習のポイントまでつながって理解できます。,"貯蔵所のうちタンクで貯蔵するものをタンク貯蔵所といい、屋内タンク貯蔵所・屋外タンク貯蔵所・移動タンク貯蔵所に細分されます。屋内貯蔵所（タンク以外の貯蔵方法）や取扱所とは構造基準が異なります。

試験では「移動タンク貯蔵所はタンクローリー等の車両タンク」「屋外タンク貯蔵所は屋外設置のタンク」など、形態ごとの定義の正誤が問われます。

誤り。販売取扱所の説明に近い。

誤り。屋内貯蔵所の説明に近い。

誤り。給油取扱所の説明である。

誤り。試験問題用紙ではない。

移動タンク貯蔵所は貯蔵所に分類される。

『移動』とあるが取扱所ではなく貯蔵所である点に注意。",タンクによる貯蔵所の総称。;屋内・屋外・移動の三分。;取扱所・屋内貯蔵所と区別。,移動タンク貯蔵所だけをタンク貯蔵所とする。;屋内貯蔵所と屋内タンク貯蔵所を混同。,"「タンク貯蔵所」は、法令・制度の頻出語です。

整理のコツ：関連する「貯蔵所基準」「移動タンク貯蔵所の基準」「移動タンク貯蔵所による移送基準」と、「同じ点・違う点」を表に書き出し、タンク貯蔵所だけの特徴を一行で言えるようにします。

覚え方：間違えたら「移動タンク貯蔵所だけをタンク貯蔵所とする」のパターンか確認し、同じ型の誤りが出た問題を2問だけ繰り返します。

復習のしかた：丸暗記より、選択肢の「誤り。」の理由を声に出して説明できるかを目標にします。",屋内タンク貯蔵所について、「屋内に設置したタンクで危険物を貯蔵する貯蔵所である。」は正しい。,○。正しい。,タンク貯蔵所とは何ですか？,タンク貯蔵所は、タンクにより危険物を貯蔵する貯蔵所の総称で、屋内・屋外・移動タンクなど形態により名称が分かれる。 たとえば、条文では「消防法で定める」「政令で定める」「施行令で定める」のように、どの法令に書かれているかを選ぶ問題がよく出ます。 試験では、タンクによる貯蔵所の総称点を押さえると得点源になります。,タンク貯蔵所は試験でどんなふうに問われますか？,タンクによる貯蔵所の総称。屋内・屋外・移動の三分。取扱所・屋内貯蔵所と区別。,タンク貯蔵所で間違えやすい点は？,移動タンク貯蔵所だけをタンク貯蔵所とする。屋内貯蔵所と屋内タンク貯蔵所を混同。,タンク貯蔵所と「貯蔵所基準」「移動タンク貯蔵所の基準」の違いは？,「貯蔵所基準」「移動タンク貯蔵所の基準」は意味や数値・適用場面が異なります。用語ページの比較表と演習で、タンク貯蔵所だけのポイントを確認してください。
移動タンク貯蔵所,いどうたんくちょぞうところ,法令・制度,法令・制度;乙4;頻出;詳細記事;実践演習連動;一問一答連動,"移動タンク貯蔵所は、車両等に固定されたタンクにより危険物を貯蔵・移送する貯蔵所である。

たとえば、条文では「消防法で定める」「政令で定める」「施行令で定める」のように、どの法令に書かれているかを選ぶ問題がよく出ます。

試験では、車両固定タンクによる貯蔵・移送点を押さえると得点源になります。",まず「移動タンク貯蔵所」は、車両等に固定されたタンクにより危険物を貯蔵・移送する貯蔵所である。,移動タンク貯蔵所の基準;貯蔵所基準;移動タンク貯蔵所による移送基準,危険物の規制に関する政令,B,移動タンク貯蔵所は貯蔵所に分類される。 『移動』とあるが取扱所ではなく貯蔵所である点に注意。 移動タンク貯蔵所は貯蔵所。移送中の火気・漏えいに注意。 誤り。販売取扱所の説明に近い。,移動タンク貯蔵所とは？危険物取扱者試験（乙種第4類）で押さえる意味・試験ポイント,このページでは、法令・制度分野の「移動タンク貯蔵所」を、試験に出る形で整理します。ひとことで言うと、車両等に固定されたタンクにより危険物を貯蔵・移送する貯蔵所である。下の目次の順に読むと、定義から演習のポイントまでつながって理解できます。,"タンクローリーに代表される移動タンク貯蔵所では、移送中の漏えい・転倒・静電気・火気管理が試験の定番です。移送取扱所（配管による移送）や運搬（事業所外への輸送）とは区別してください。

設置・変更時の許可・完成検査、運搬時の表示・混載制限など、移動という性質に紐づく論点を関連用語とあわせて確認します。

誤り。販売取扱所の説明に近い。

誤り。屋内貯蔵所の説明に近い。

誤り。給油取扱所の説明である。

誤り。試験問題用紙ではない。

移動タンク貯蔵所は貯蔵所に分類される。

『移動』とあるが取扱所ではなく貯蔵所である点に注意。",車両固定タンクによる貯蔵・移送。;移送取扱所・運搬との区別。;漏えい・火気・静電気対策。,移送取扱所と同一視する。;運搬と混同する。,"「移動タンク貯蔵所」は、法令・制度の頻出語です。

整理のコツ：関連する「移動タンク貯蔵所の基準」「貯蔵所基準」「移動タンク貯蔵所による移送基準」と、「同じ点・違う点」を表に書き出し、移動タンク貯蔵所だけの特徴を一行で言えるようにします。

覚え方：間違えたら「移送取扱所と同一視する」のパターンか確認し、同じ型の誤りが出た問題を2問だけ繰り返します。

復習のしかた：丸暗記より、選択肢の「誤り。」の理由を声に出して説明できるかを目標にします。",移動タンク貯蔵所について、「固定給油設備により自動車へ給油する取扱所である。」は正しい。,×。誤り。,移動タンク貯蔵所とは何ですか？,移動タンク貯蔵所は、車両等に固定されたタンクにより危険物を貯蔵・移送する貯蔵所である。 たとえば、条文では「消防法で定める」「政令で定める」「施行令で定める」のように、どの法令に書かれているかを選ぶ問題がよく出ます。 試験では、車両固定タンクによる貯蔵・移送点を押さえると得点源になります。,移動タンク貯蔵所は試験でどんなふうに問われますか？,車両固定タンクによる貯蔵・移送。移送取扱所・運搬との区別。漏えい・火気・静電気対策。,移動タンク貯蔵所で間違えやすい点は？,移送取扱所と同一視する。運搬と混同する。,移動タンク貯蔵所と「移動タンク貯蔵所の基準」「貯蔵所基準」の違いは？,「移動タンク貯蔵所の基準」「貯蔵所基準」は意味や数値・適用場面が異なります。用語ページの比較表と演習で、移動タンク貯蔵所だけのポイントを確認してください。
給油取扱所,きゅうゆとりあつかいところ,法令・制度,法令・制度;乙4;頻出;詳細記事;実践演習連動;一問一答連動,"給油取扱所は、ガソリン等の危険物を給油機により販売・給油する取扱所を指します。

たとえば、条文では「消防法で定める」「政令で定める」「施行令で定める」のように、どの法令に書かれているかを選ぶ問題がよく出ます。

試験では、給油機による販売・給油点を押さえると得点源になります。",まず「給油取扱所」は、ガソリン等の危険物を給油機により販売・給油する取扱所を指します。,取扱所基準;給油取扱所の基準;セルフ式給油取扱所の基準,危険物の規制に関する政令,B,給油取扱所と移動タンク貯蔵所を混同しない。 セルフ式給油取扱所では監視・安全確保が重要。 給油取扱所では火気・漏えい・静電気に注意。 誤り。免状交付機関ではない。,給油取扱所とは？危険物取扱者試験（乙種第4類）で押さえる意味・試験ポイント,このページでは、法令・制度分野の「給油取扱所」を、試験に出る形で整理します。ひとことで言うと、ガソリン等の危険物を給油機により販売・給油する取扱所を指します。下の目次の順に読むと、定義から演習のポイントまでつながって理解できます。,"給油取扱所は一般取扱所・販売取扱所とは設備・基準が異なります。給油機の設置、防油堤、火気管理、表示、セルフ式の特例などが試験の定番です。

移動タンク貯蔵所からの補給や、給油作業中の静電気対策も関連して問われます。取扱所の種類ごとの違いを表で整理しておくとよいです。

誤り。免状交付機関ではない。

誤り。屋内貯蔵所の説明である。

誤り。移動タンク貯蔵所の説明である。

誤り。移送取扱所の説明に近いが、貯蔵所ではない。

給油取扱所と移動タンク貯蔵所を混同しない。

セルフ式給油取扱所では監視・安全確保が重要。",給油機による販売・給油。;一般・販売取扱所との基準の違い。;セルフ式・静電気・火気管理。,一般取扱所と同一基準とみなす。;販売取扱所と混同する。,"「給油取扱所」は、法令・制度の頻出語です。

整理のコツ：関連する「取扱所基準」「給油取扱所の基準」「セルフ式給油取扱所の基準」と、「同じ点・違う点」を表に書き出し、給油取扱所だけの特徴を一行で言えるようにします。

覚え方：間違えたら「一般取扱所と同一基準とみなす」のパターンか確認し、同じ型の誤りが出た問題を2問だけ繰り返します。

復習のしかた：丸暗記より、選択肢の「誤り。」の理由を声に出して説明できるかを目標にします。",給油取扱所について、「危険物取扱者免状を交付する行政機関である。」は正しい。,×。誤り。,給油取扱所とは何ですか？,給油取扱所は、ガソリン等の危険物を給油機により販売・給油する取扱所を指します。 たとえば、条文では「消防法で定める」「政令で定める」「施行令で定める」のように、どの法令に書かれているかを選ぶ問題がよく出ます。 試験では、給油機による販売・給油点を押さえると得点源になります。,給油取扱所は試験でどんなふうに問われますか？,給油機による販売・給油。一般・販売取扱所との基準の違い。セルフ式・静電気・火気管理。,給油取扱所で間違えやすい点は？,一般取扱所と同一基準とみなす。販売取扱所と混同する。,給油取扱所と「取扱所基準」「給油取扱所の基準」の違いは？,「取扱所基準」「給油取扱所の基準」は意味や数値・適用場面が異なります。用語ページの比較表と演習で、給油取扱所だけのポイントを確認してください。
移送取扱所,いそうとりあつかいところ,法令・制度,法令・制度;乙4;頻出;詳細記事;実践演習連動;一問一答連動,"移送取扱所は、配管・ポンプ等により危険物を移送する取扱所であり、移動タンク貯蔵所（車両タンク）とは仕組みが異なる。

たとえば、条文では「消防法で定める」「政令で定める」「施行令で定める」のように、どの法令に書かれているかを選ぶ問題がよく出ます。

試験では、配管・ポンプによる移送点を押さえると得点源になります。",まず「移送取扱所」は、配管・ポンプ等により危険物を移送する取扱所であり、移動タンク貯蔵所（車両タンク）とは仕組みが異なる。,移動タンク貯蔵所による移送基準;移送,危険物の規制に関する政令,B,移動タンク貯蔵所は貯蔵所。移送中の火気・漏えいに注意。 移送取扱所と移動タンク貯蔵所を区別する。 移送では漏えい・火気・静電気に注意。 誤り。火気を近づけるのは危険である。,移送取扱所とは？危険物取扱者試験（乙種第4類）で押さえる意味・試験ポイント,このページでは、法令・制度分野の「移送取扱所」を、試験に出る形で整理します。ひとことで言うと、配管・ポンプ等により危険物を移送する取扱所であり、移動タンク貯蔵所（車両タンク）とは仕組みが異なる。下の目次の順に読むと、定義から演習のポイントまでつながって理解できます。,"移送は設備間の危険物移動を指し、移送取扱所はその取扱いを行う施設です。移動タンク貯蔵所は車両タンクでの移送、運搬は事業所外への輸送という整理が基本です。

漏えい検知・緊急遮断・火気厳禁・接地など、配管移送に特有の安全対策が問われます。

誤り。火気を近づけるのは危険である。

誤り。移動タンク貯蔵所は貯蔵所である。

誤り。危険物の性質に応じた管理が必要である。

誤り。漏えいは重大な危険である。

移動タンク貯蔵所は貯蔵所。移送中の火気・漏えいに注意。

移送取扱所と移動タンク貯蔵所を区別する。",配管・ポンプによる移送。;移動タンク貯蔵所との違い。;運搬との区別。,移動タンク貯蔵所と混同する。;運搬・譲渡と混同する。,"「移送取扱所」は、法令・制度の頻出語です。

整理のコツ：関連する「移動タンク貯蔵所による移送基準」「移送」と、「同じ点・違う点」を表に書き出し、移送取扱所だけの特徴を一行で言えるようにします。

覚え方：間違えたら「移動タンク貯蔵所と混同する」のパターンか確認し、同じ型の誤りが出た問題を2問だけ繰り返します。

復習のしかた：丸暗記より、選択肢の「誤り。」の理由を声に出して説明できるかを目標にします。",移動タンク貯蔵所による危険物の移送について、適切なものについて、「移送中は、危険物の漏えいや火気に注意し、安全な方法で移送する。」は正しい。,○。正しい。,移送取扱所とは何ですか？,移送取扱所は、配管・ポンプ等により危険物を移送する取扱所であり、移動タンク貯蔵所（車両タンク）とは仕組みが異なる。 たとえば、条文では「消防法で定める」「政令で定める」「施行令で定める」のように、どの法令に書かれているかを選ぶ問題がよく出ます。 試験では、配管・ポンプによる移送点を押さえると得点源になります。,移送取扱所は試験でどんなふうに問われますか？,配管・ポンプによる移送。移動タンク貯蔵所との違い。運搬との区別。,移送取扱所で間違えやすい点は？,移動タンク貯蔵所と混同する。運搬・譲渡と混同する。,移送取扱所と「移動タンク貯蔵所による移送基準」「移送」の違いは？,「移動タンク貯蔵所による移送基準」「移送」は意味や数値・適用場面が異なります。用語ページの比較表と演習で、移送取扱所だけのポイントを確認してください。
一般取扱所,いっぱんとりあつかいところ,法令・制度,法令・制度;乙4;頻出;詳細記事;実践演習連動;一問一答連動,"一般取扱所は、危険物の販売・授与・引渡しなどを行う取扱所の一種で、給油取扱所や移送取扱所とは目的・基準が異なる。

たとえば、条文では「消防法で定める」「政令で定める」「施行令で定める」のように、どの法令に書かれているかを選ぶ問題がよく出ます。

試験では、取扱所の一種点を押さえると得点源になります。",まず「一般取扱所」は、危険物の販売・授与・引渡しなどを行う取扱所の一種で、給油取扱所や移送取扱所とは目的・基準が異なる。,取扱所の種類全体;取扱所,危険物の規制に関する政令;消防法,B,給油取扱所は取扱所、移動タンク貯蔵所は貯蔵所。 名称に『貯蔵所』が付くものと取扱所を混同しない。 移送取扱所と移動タンク貯蔵所を区別する。 誤り。屋内貯蔵所は貯蔵所である。,一般取扱所とは？危険物取扱者試験（乙種第4類）で押さえる意味・試験ポイント,このページでは、法令・制度分野の「一般取扱所」を、試験に出る形で整理します。ひとことで言うと、危険物の販売・授与・引渡しなどを行う取扱所の一種で、給油取扱所や移送取扱所とは目的・基準が異なる。下の目次の順に読むと、定義から演習のポイントまでつながって理解できます。,"製造所等は製造所・貯蔵所・取扱所に大別されます。取扱所には一般取扱所・給油取扱所・移送取扱所・販売取扱所などがあり、それぞれ構造設備や保安の基準が異なります。

試験では施設の分類（貯蔵所か取扱所か）と、一般取扱所に当てはまる行為（販売・授与など）を問う設問が出ます。給油取扱所は自動車等への給油が目的である点が区別の目安です。

誤り。屋内貯蔵所は貯蔵所である。

誤り。屋外タンク貯蔵所は貯蔵所である。

誤り。移動タンク貯蔵所は貯蔵所である。

誤り。地下タンク貯蔵所は貯蔵所である。

給油取扱所は取扱所、移動タンク貯蔵所は貯蔵所。

名称に『貯蔵所』が付くものと取扱所を混同しない。",取扱所の一種。;給油・移送・販売取扱所と区別。;貯蔵所ではない。,一般取扱所を貯蔵所と混同する。;給油取扱所と同一視する。,"「一般取扱所」は、法令・制度の頻出語です。

整理のコツ：関連する「取扱所の種類全体」「取扱所」と、「同じ点・違う点」を表に書き出し、一般取扱所だけの特徴を一行で言えるようにします。

覚え方：間違えたら「一般取扱所を貯蔵所と混同する」のパターンか確認し、同じ型の誤りが出た問題を2問だけ繰り返します。

復習のしかた：丸暗記より、選択肢の「誤り。」の理由を声に出して説明できるかを目標にします。",危険物の取扱所の種類について、「地下タンク貯蔵所」は正しい。,×。誤り。,一般取扱所とは何ですか？,一般取扱所は、危険物の販売・授与・引渡しなどを行う取扱所の一種で、給油取扱所や移送取扱所とは目的・基準が異なる。 たとえば、条文では「消防法で定める」「政令で定める」「施行令で定める」のように、どの法令に書かれているかを選ぶ問題がよく出ます。 試験では、取扱所の一種点を押さえると得点源になります。,一般取扱所は試験でどんなふうに問われますか？,取扱所の一種。給油・移送・販売取扱所と区別。貯蔵所ではない。,一般取扱所で間違えやすい点は？,一般取扱所を貯蔵所と混同する。給油取扱所と同一視する。,一般取扱所と「取扱所の種類全体」「取扱所」の違いは？,「取扱所の種類全体」「取扱所」は意味や数値・適用場面が異なります。用語ページの比較表と演習で、一般取扱所だけのポイントを確認してください。
販売取扱所,はんばいとりあつかいところ,法令・制度,法令・制度;乙4;頻出;詳細記事;実践演習連動;一問一答連動,"販売取扱所は、危険物を販売する取扱所であり、一般取扱所のうち販売を主目的とする施設として整理される。

たとえば、条文では「消防法で定める」「政令で定める」「施行令で定める」のように、どの法令に書かれているかを選ぶ問題がよく出ます。

試験では、販売を行う取扱所点を押さえると得点源になります。",まず「販売取扱所」は、危険物を販売する取扱所であり、一般取扱所のうち販売を主目的とする施設として整理される。,取扱所の種類全体;取扱所,危険物の規制に関する政令,B,給油取扱所は取扱所、移動タンク貯蔵所は貯蔵所。 名称に『貯蔵所』が付くものと取扱所を混同しない。 移送取扱所と移動タンク貯蔵所を区別する。 誤り。屋内貯蔵所は貯蔵所である。,販売取扱所とは？危険物取扱者試験（乙種第4類）で押さえる意味・試験ポイント,このページでは、法令・制度分野の「販売取扱所」を、試験に出る形で整理します。ひとことで言うと、危険物を販売する取扱所であり、一般取扱所のうち販売を主目的とする施設として整理される。下の目次の順に読むと、定義から演習のポイントまでつながって理解できます。,"取扱所は危険物の製造以外の授受・取扱いを行う施設です。販売取扱所は名称どおり販売に重点があり、給油取扱所（給油）・移送取扱所（配管移送）とは異なります。

選択肢では「販売取扱所は取扱所である」「屋外タンク貯蔵所は貯蔵所である」といった施設区分の正誤が問われやすいです。

誤り。屋内貯蔵所は貯蔵所である。

誤り。屋外タンク貯蔵所は貯蔵所である。

誤り。移動タンク貯蔵所は貯蔵所である。

誤り。地下タンク貯蔵所は貯蔵所である。

給油取扱所は取扱所、移動タンク貯蔵所は貯蔵所。

名称に『貯蔵所』が付くものと取扱所を混同しない。",販売を行う取扱所。;貯蔵所・製造所と区別。;取扱所のサブタイプ。,販売取扱所を貯蔵所とみなす。;一般取扱所と完全同一と考える。,"「販売取扱所」は、法令・制度の頻出語です。

整理のコツ：関連する「取扱所の種類全体」「取扱所」と、「同じ点・違う点」を表に書き出し、販売取扱所だけの特徴を一行で言えるようにします。

覚え方：間違えたら「販売取扱所を貯蔵所とみなす」のパターンか確認し、同じ型の誤りが出た問題を2問だけ繰り返します。

復習のしかた：丸暗記より、選択肢の「誤り。」の理由を声に出して説明できるかを目標にします。",危険物の取扱所の種類について、「地下タンク貯蔵所」は正しい。,×。誤り。,販売取扱所とは何ですか？,販売取扱所は、危険物を販売する取扱所であり、一般取扱所のうち販売を主目的とする施設として整理される。 たとえば、条文では「消防法で定める」「政令で定める」「施行令で定める」のように、どの法令に書かれているかを選ぶ問題がよく出ます。 試験では、販売を行う取扱所点を押さえると得点源になります。,販売取扱所は試験でどんなふうに問われますか？,販売を行う取扱所。貯蔵所・製造所と区別。取扱所のサブタイプ。,販売取扱所で間違えやすい点は？,販売取扱所を貯蔵所とみなす。一般取扱所と完全同一と考える。,販売取扱所と「取扱所の種類全体」「取扱所」の違いは？,「取扱所の種類全体」「取扱所」は意味や数値・適用場面が異なります。用語ページの比較表と演習で、販売取扱所だけのポイントを確認してください。
保安員,ほあんいん,法令・制度,法令・制度;乙4;頻出;詳細記事;実践演習連動;一問一答連動,"保安員は、まず「保安員」は試験文脈では主に危険物施設保安員を指し、一定規模の危険物施設で施設保安の業務に従事する者として選任される。

たとえば、条文では「消防法で定める」「政令で定める」「施行令で定める」のように、どの法令に書かれているかを選ぶ問題がよく出ます。

試験では、危険物施設保安員の選任点を押さえると得点源になります。",まず「保安員」は試験文脈では主に危険物施設保安員を指し、一定規模の危険物施設で施設保安の業務に従事する者として選任される。,危険物施設保安員;選任要件・役割;選任要件,消防法,B,危険物施設保安員は施設保安に関する役割。 危険物取扱者、保安監督者、施設保安員を区別する。 保安監督者や保安統括管理者との違いに注意する。 誤り。消火器の販売員ではない。,保安員とは？危険物取扱者試験（乙種第4類）で押さえる意味・試験ポイント,このページでは、法令・制度分野の「保安員」を、試験に出る形で整理します。ひとことで言うと、まず「保安員」は試験文脈では主に危険物施設保安員を指し、一定規模の危険物施設で施設保安の業務に従事する者として選任される。下の目次の順に読むと、定義から演習のポイントまでつながって理解できます。,"危険物取扱者（免状）、危険物保安監督者・統括管理者（選任 managerial）、危険物施設保安員（施設の保安業務）は役割が異なります。保安員は施設側の保安体制の一部として問われます。

選任要件・業務範囲・取扱者との関係を表にまとめると、主体の取り違えを防げます。

誤り。消火器の販売員ではない。

誤り。第4類危険物施設でも関係し得る。

誤り。危険物の分類名ではない。

誤り。免状所有者が自動的になるものではない。

危険物施設保安員は施設保安に関する役割。

危険物取扱者、保安監督者、施設保安員を区別する。",危険物施設保安員の選任。;取扱者・監督者との役割分担。;施設保安の業務。,危険物取扱者と同一視する。;保安監督者と混同する。,"「保安員」は、法令・制度の頻出語です。

整理のコツ：関連する「危険物施設保安員」「選任要件・役割」「選任要件」と、「同じ点・違う点」を表に書き出し、保安員だけの特徴を一行で言えるようにします。

覚え方：間違えたら「危険物取扱者と同一視する」のパターンか確認し、同じ型の誤りが出た問題を2問だけ繰り返します。

復習のしかた：丸暗記より、選択肢の「誤り。」の理由を声に出して説明できるかを目標にします。",危険物施設保安員について、「一定の危険物施設で、施設の構造や設備に関する保安業務に関与する者として選任が必要となる場合がある。」は正しい。,○。正しい。,保安員とは何ですか？,保安員は、まず「保安員」は試験文脈では主に危険物施設保安員を指し、一定規模の危険物施設で施設保安の業務に従事する者として選任される。 たとえば、条文では「消防法で定める」「政令で定める」「施行令で定める」のように、どの法令に書かれているかを選ぶ問題がよく出ます。 試験では、危険物施設保安員の選任点を押さえると得点源になります。,保安員は試験でどんなふうに問われますか？,危険物施設保安員の選任。取扱者・監督者との役割分担。施設保安の業務。,保安員で間違えやすい点は？,危険物取扱者と同一視する。保安監督者と混同する。,保安員と「危険物施設保安員」「選任要件・役割」の違いは？,「危険物施設保安員」「選任要件・役割」は意味や数値・適用場面が異なります。用語ページの比較表と演習で、保安員だけのポイントを確認してください。
可燃性,かねんせい,物性・化学,物性・化学;乙4;頻出;詳細記事;実践演習連動;一問一答連動,"可燃性は、物質が空気中で燃焼しやすい性質を指し、引火性や発火性と関連して用いられる。

たとえば、引火点・沸点・密度など、数字と単位をセットで覚えると、選択肢の数値の当たり外れを見分けやすくなります。

試験では、燃焼しやすい性質点を押さえると得点源になります。",まず「可燃性」は、物質が空気中で燃焼しやすい性質を指し、引火性や発火性と関連して用いられる。,第4類共通性質;可燃性蒸気と空気の混合;引火性液体としての基本性質,,B,可燃性蒸気は空気との混合濃度が重要。 空気で薄まれば常に安全、とは限らない。 液体そのものだけでなく蒸気に注目する。 誤り。水溶性と発火は別である。,可燃性とは？危険物取扱者試験（乙種第4類）で押さえる意味・試験ポイント,このページでは、物性・化学分野の「可燃性」を、試験に出る形で整理します。ひとことで言うと、物質が空気中で燃焼しやすい性質を指し、引火性や発火性と関連して用いられる。下の目次の順に読むと、定義から演習のポイントまでつながって理解できます。,"危険物試験では、可燃性の有無や燃焼の三要素（可燃物・酸素・着火源）との関係が問われます。引火性（少量の火種で着火しやすい）や発火性（自然発火しやすい）とは観点が異なるため、用語を混同しないことが重要です。

第4類の金属粉末など、水と反応して可燃性ガスを発生する事例も関連します。

誤り。水溶性と発火は別である。

誤り。指定数量はゼロにならない。

誤り。燃焼範囲内では燃焼し得る。

誤り。不燃性になるとは限らない。

可燃性蒸気は空気との混合濃度が重要。

空気で薄まれば常に安全、とは限らない。",燃焼しやすい性質。;引火性・発火性との区別。;燃焼の三要素との関係。,引火性・発火性と同一視する。;不燃性と非可燃を混同する。,"「可燃性」は、物性・化学の頻出語です。

整理のコツ：関連する「第4類共通性質」「可燃性蒸気と空気の混合」「引火性液体としての基本性質」と、「同じ点・違う点」を表に書き出し、可燃性だけの特徴を一行で言えるようにします。

覚え方：間違えたら「引火性・発火性と同一視する」のパターンか確認し、同じ型の誤りが出た問題を2問だけ繰り返します。

復習のしかた：丸暗記より、選択肢の「誤り。」の理由を声に出して説明できるかを目標にします。",可燃性蒸気と空気の混合について、「一定の濃度範囲にあると引火・燃焼の危険がある。」は正しい。,○。正しい。,可燃性とは何ですか？,可燃性は、物質が空気中で燃焼しやすい性質を指し、引火性や発火性と関連して用いられる。 たとえば、引火点・沸点・密度など、数字と単位をセットで覚えると、選択肢の数値の当たり外れを見分けやすくなります。 試験では、燃焼しやすい性質点を押さえると得点源になります。,可燃性は試験でどんなふうに問われますか？,燃焼しやすい性質。引火性・発火性との区別。燃焼の三要素との関係。,可燃性で間違えやすい点は？,引火性・発火性と同一視する。不燃性と非可燃を混同する。,可燃性と「第4類共通性質」「可燃性蒸気と空気の混合」の違いは？,「第4類共通性質」「可燃性蒸気と空気の混合」は意味や数値・適用場面が異なります。用語ページの比較表と演習で、可燃性だけのポイントを確認してください。
引火性,いんかせい,物性・化学,物性・化学;乙4;頻出;詳細記事;実践演習連動;一問一答連動,"引火性は、少量の火種で容易に着火する性質を指し、引火点の試験や類別の判断に用いられる。

たとえば、密閉空間では蒸気がたまりやすく、換気と火気厳禁が重要です。数値（引火点・爆発下限界など）は品名とセットで確認してください。

試験では、少量の火種で着火しやすい点を押さえると得点源になります。",まず「引火性」は、少量の火種で容易に着火する性質を指し、引火点の試験や類別の判断に用いられる。,第4類共通性質;引火性液体としての基本性質;可燃性蒸気と空気の混合,,B,液体そのものだけでなく蒸気に注目する。 可燃性蒸気は空気との混合濃度が重要。 空気で薄まれば常に安全、とは限らない。 誤り。不燃性ではない。,引火性とは？危険物取扱者試験（乙種第4類）で押さえる意味・試験ポイント,このページでは、物性・化学分野の「引火性」を、試験に出る形で整理します。ひとことで言うと、少量の火種で容易に着火する性質を指し、引火点の試験や類別の判断に用いられる。下の目次の順に読むと、定義から演習のポイントまでつながって理解できます。,"引火点が低い液体ほど引火性が高いと整理されます。第1石油類・第2石油類の区分や、取扱い時の火気管理の厳しさにもつながります。

可燃性（燃焼しやすいか）や発火性（自然発火しやすいか）とは観点が異なるため、試験では定義文の主語を正確に読む必要があります。

誤り。不燃性ではない。

誤り。禁水性物質の説明ではない。

誤り。酸素放出性ではない。

誤り。液体である。

液体そのものだけでなく蒸気に注目する。

可燃性蒸気は空気との混合濃度が重要。",少量の火種で着火しやすい。;引火点との関係。;可燃性・発火性との区別。,可燃性・発火性と混同する。;引火点の数値と類別を取り違える。,"「引火性」は、物性・化学の頻出語です。

整理のコツ：関連する「第4類共通性質」「引火性液体としての基本性質」「可燃性蒸気と空気の混合」と、「同じ点・違う点」を表に書き出し、引火性だけの特徴を一行で言えるようにします。

覚え方：間違えたら「可燃性・発火性と混同する」のパターンか確認し、同じ型の誤りが出た問題を2問だけ繰り返します。

復習のしかた：丸暗記より、選択肢の「誤り。」の理由を声に出して説明できるかを目標にします。",引火性液体の危険性について、「すべて不燃性である。」は正しい。,×。誤り。,引火性とは何ですか？,引火性は、少量の火種で容易に着火する性質を指し、引火点の試験や類別の判断に用いられる。 たとえば、密閉空間では蒸気がたまりやすく、換気と火気厳禁が重要です。数値（引火点・爆発下限界など）は品名とセットで確認してください。 試験では、少量の火種で着火しやすい点を押さえると得点源になります。,引火性は試験でどんなふうに問われますか？,少量の火種で着火しやすい。引火点との関係。可燃性・発火性との区別。,引火性で間違えやすい点は？,可燃性・発火性と混同する。引火点の数値と類別を取り違える。,引火性と「第4類共通性質」「引火性液体としての基本性質」の違いは？,「第4類共通性質」「引火性液体としての基本性質」は意味や数値・適用場面が異なります。用語ページの比較表と演習で、引火性だけのポイントを確認してください。
非水溶性,ひすいようせい,物性・化学,物性・化学;乙4;頻出;詳細記事;実践演習連動;一問一答連動,"非水溶性は、水に溶けにくい液体の区分を指し、指定数量や消火手段の選択に影響する。

たとえば、ガソリン（非水溶性）は200 L、アセトン（水溶性）は400 Lのように、品名ごとに数値が決まります。

試験では、指定数量が水溶性と異なる点を押さえると得点源になります。",まず「非水溶性」は、水に溶けにくい液体の区分を指し、指定数量や消火手段の選択に影響する。,指定数量;第4類共通性質;分類比較,危険物の規制に関する政令,B,"第1石油類は非水溶性200 L、水溶性400 L。 アセトンは第1石油類・水溶性液体・400 L。 第2石油類は非水溶性1,000 L、水溶性2,000 L。 誤り。水溶性でも引火危険はある。",非水溶性とは？危険物取扱者試験（乙種第4類）で押さえる意味・試験ポイント,このページでは、物性・化学分野の「非水溶性」を、試験に出る形で整理します。ひとことで言うと、水に溶けにくい液体の区分を指し、指定数量や消火手段の選択に影響する。下の目次の順に読むと、定義から演習のポイントまでつながって理解できます。,"第1石油類などは水溶性・非水溶性で指定数量が異なります（例：ガソリンは非水溶性200 L）。消火では非水溶性液体には泡消火剤が有効で、注水だけでは効果が限られる場合があります。

試験では「水溶性液体」「非水溶性液体」との対比、倍数計算時の性状区分、漏えい時の処理がセットで問われます。

誤り。水溶性でも引火危険はある。

誤り。水に浮くものもある。

誤り。すべてが水に溶けるわけではない。

誤り。酸素を放出する性質ではない。

第1石油類は非水溶性200 L、水溶性400 L。

アセトンは第1石油類・水溶性液体・400 L。",指定数量が水溶性と異なる。;泡消火との関係。;第1石油類の区分。,水溶性と指定数量を同一視する。;注水消火が常に有効と誤解する。,"「非水溶性」は、物性・化学の頻出語です。

整理のコツ：関連する「指定数量」「第4類共通性質」「分類比較」と、「同じ点・違う点」を表に書き出し、非水溶性だけの特徴を一行で言えるようにします。

覚え方：間違えたら「水溶性と指定数量を同一視する」のパターンか確認し、同じ型の誤りが出た問題を2問だけ繰り返します。

復習のしかた：丸暗記より、選択肢の「誤り。」の理由を声に出して説明できるかを目標にします。",第1石油類の指定数量について、「非水溶性液体と水溶性液体で指定数量が異なる。」は正しい。,○。正しい。,非水溶性とは何ですか？,非水溶性は、水に溶けにくい液体の区分を指し、指定数量や消火手段の選択に影響する。 たとえば、ガソリン（非水溶性）は200 L、アセトン（水溶性）は400 Lのように、品名ごとに数値が決まります。 試験では、指定数量が水溶性と異なる点を押さえると得点源になります。,非水溶性は試験でどんなふうに問われますか？,指定数量が水溶性と異なる。泡消火との関係。第1石油類の区分。,非水溶性で間違えやすい点は？,水溶性と指定数量を同一視する。注水消火が常に有効と誤解する。,非水溶性と「指定数量」「第4類共通性質」の違いは？,「指定数量」「第4類共通性質」は意味や数値・適用場面が異なります。用語ページの比較表と演習で、非水溶性だけのポイントを確認してください。
水溶性液体,すいようせいえきたい,物性・化学,物性・化学;乙4;頻出;詳細記事;実践演習連動;一問一答連動,"水溶性液体は、水に溶けやすい液体として政令・試験で区分されるものを指します。

たとえば、ガソリン（非水溶性）は200 L、アセトン（水溶性）は400 Lのように、品名ごとに数値が決まります。

試験では、指定数量の区分点を押さえると得点源になります。",まず「水溶性液体」は、水に溶けやすい液体として政令・試験で区分されるものを指します。,指定数量;第4類共通性質;分類比較,危険物の規制に関する政令,B,"第1石油類は非水溶性200 L、水溶性400 L。 アセトンは第1石油類・水溶性液体・400 L。 第2石油類は非水溶性1,000 L、水溶性2,000 L。 誤り。水溶性でも引火危険はある。",水溶性液体とは？危険物取扱者試験（乙種第4類）で押さえる意味・試験ポイント,このページでは、物性・化学分野の「水溶性液体」を、試験に出る形で整理します。ひとことで言うと、水に溶けやすい液体として政令・試験で区分されるものを指します。下の目次の順に読むと、定義から演習のポイントまでつながって理解できます。,"アセトンやメタノールなどは水溶性液体として扱われ、指定数量（例：400 L）や消火・漏えい対策が非水溶性と異なります。水で希釈・洗浄できる一方、拡散や下水への影響にも注意が必要です。

倍数計算では品名とあわせて水溶性・非水溶性の区分を必ず確認してください。

誤り。水溶性でも引火危険はある。

誤り。水に浮くものもある。

誤り。すべてが水に溶けるわけではない。

誤り。酸素を放出する性質ではない。

第1石油類は非水溶性200 L、水溶性400 L。

アセトンは第1石油類・水溶性液体・400 L。",指定数量の区分。;非水溶性との対比。;漏えい・消火時の水の扱い。,非水溶性と数量を混同する。;水で希釈すれば安全と決めつける。,"「水溶性液体」は、物性・化学の頻出語です。

整理のコツ：関連する「指定数量」「第4類共通性質」「分類比較」と、「同じ点・違う点」を表に書き出し、水溶性液体だけの特徴を一行で言えるようにします。

覚え方：間違えたら「非水溶性と数量を混同する」のパターンか確認し、同じ型の誤りが出た問題を2問だけ繰り返します。

復習のしかた：丸暗記より、選択肢の「誤り。」の理由を声に出して説明できるかを目標にします。",第1石油類の指定数量について、「非水溶性液体と水溶性液体で指定数量が異なる。」は正しい。,○。正しい。,水溶性液体とは何ですか？,水溶性液体は、水に溶けやすい液体として政令・試験で区分されるものを指します。 たとえば、ガソリン（非水溶性）は200 L、アセトン（水溶性）は400 Lのように、品名ごとに数値が決まります。 試験では、指定数量の区分点を押さえると得点源になります。,水溶性液体は試験でどんなふうに問われますか？,指定数量の区分。非水溶性との対比。漏えい・消火時の水の扱い。,水溶性液体で間違えやすい点は？,非水溶性と数量を混同する。水で希釈すれば安全と決めつける。,水溶性液体と「指定数量」「第4類共通性質」の違いは？,「指定数量」「第4類共通性質」は意味や数値・適用場面が異なります。用語ページの比較表と演習で、水溶性液体だけのポイントを確認してください。
非水溶性液体,ひすいようせいえきたい,物性・化学,物性・化学;乙4;頻出;詳細記事;実践演習連動;一問一答連動,"非水溶性液体は、水に溶けにくい液体として区分され、指定数量や消火方法の選択に影響する。

たとえば、ガソリン（非水溶性）は200 L、アセトン（水溶性）は400 Lのように、品名ごとに数値が決まります。

試験では、指定数量・倍数計算への影響点を押さえると得点源になります。",まず「非水溶性液体」は、水に溶けにくい液体として区分され、指定数量や消火方法の選択に影響する。,指定数量;第4類共通性質;分類比較,危険物の規制に関する政令,B,"第1石油類は非水溶性200 L、水溶性400 L。 アセトンは第1石油類・水溶性液体・400 L。 第2石油類は非水溶性1,000 L、水溶性2,000 L。 誤り。水溶性でも引火危険はある。",非水溶性液体とは？危険物取扱者試験（乙種第4類）で押さえる意味・試験ポイント,このページでは、物性・化学分野の「非水溶性液体」を、試験に出る形で整理します。ひとことで言うと、水に溶けにくい液体として区分され、指定数量や消火方法の選択に影響する。下の目次の順に読むと、定義から演習のポイントまでつながって理解できます。,"ガソリン・灯油等の石油類の多くは非水溶性液体です。指定数量は水溶性より小さい場合が多く、屋外タンク貯蔵所の倍数計算でも影響します。

漏えい時は防油堤で流出を防ぎ、泡消火剤の選択や火気厳禁などの対策が試験の定番です。

誤り。水溶性でも引火危険はある。

誤り。水に浮くものもある。

誤り。すべてが水に溶けるわけではない。

誤り。酸素を放出する性質ではない。

第1石油類は非水溶性200 L、水溶性400 L。

アセトンは第1石油類・水溶性液体・400 L。",指定数量・倍数計算への影響。;泡消火との関係。;漏えい・防油堤。,水溶性液体と数量を混同する。;注水消火が万能と誤解する。,"「非水溶性液体」は、物性・化学の頻出語です。

整理のコツ：関連する「指定数量」「第4類共通性質」「分類比較」と、「同じ点・違う点」を表に書き出し、非水溶性液体だけの特徴を一行で言えるようにします。

覚え方：間違えたら「水溶性液体と数量を混同する」のパターンか確認し、同じ型の誤りが出た問題を2問だけ繰り返します。

復習のしかた：丸暗記より、選択肢の「誤り。」の理由を声に出して説明できるかを目標にします。",第1石油類の指定数量について、「非水溶性液体と水溶性液体で指定数量が異なる。」は正しい。,○。正しい。,非水溶性液体とは何ですか？,非水溶性液体は、水に溶けにくい液体として区分され、指定数量や消火方法の選択に影響する。 たとえば、ガソリン（非水溶性）は200 L、アセトン（水溶性）は400 Lのように、品名ごとに数値が決まります。 試験では、指定数量・倍数計算への影響点を押さえると得点源になります。,非水溶性液体は試験でどんなふうに問われますか？,指定数量・倍数計算への影響。泡消火との関係。漏えい・防油堤。,非水溶性液体で間違えやすい点は？,水溶性液体と数量を混同する。注水消火が万能と誤解する。,非水溶性液体と「指定数量」「第4類共通性質」の違いは？,「指定数量」「第4類共通性質」は意味や数値・適用場面が異なります。用語ページの比較表と演習で、非水溶性液体だけのポイントを確認してください。
濃度,のうど,物性・化学,物性・化学;乙4;頻出;詳細記事;実践演習連動;一問一答連動,"濃度は、溶液中の溶質の量を表す指標で、質量パーセント濃度などが物性・化学分野で用いられる。

たとえば、引火点・沸点・密度など、数字と単位をセットで覚えると、選択肢の数値の当たり外れを見分けやすくなります。

試験では、質量パーセント濃度の意味点を押さえると得点源になります。",まず「濃度」は、溶液中の溶質の量を表す指標で、質量パーセント濃度などが物性・化学分野で用いられる。,濃度の計算;計算問題;酸素濃度と燃焼,,B,質量パーセント濃度＝溶質÷溶液×100。 水の質量ではなく溶液全体の質量で割る。 酸素が少ないほど燃焼が激しい、とは考えない。 誤り。計算結果ではない。,濃度とは？危険物取扱者試験（乙種第4類）で押さえる意味・試験ポイント,このページでは、物性・化学分野の「濃度」を、試験に出る形で整理します。ひとことで言うと、溶液中の溶質の量を表す指標で、質量パーセント濃度などが物性・化学分野で用いられる。下の目次の順に読むと、定義から演習のポイントまでつながって理解できます。,"危険物試験では質量パーセント濃度の計算や、濃度と引火点・危険性の関係が問われます。単位（％）と分母（溶液全体か溶媒か）を読み違えると誤答になりやすいです。

関連する用語（質量パーセント濃度・モル濃度など）とあわせて、公式と単位をセットで覚えてください。

誤り。計算結果ではない。

誤り。計算結果は10 %である。

誤り。溶質と溶液の比が違う。

誤り。酸素不足では燃焼しにくくなる。

質量パーセント濃度＝溶質÷溶液×100。

水の質量ではなく溶液全体の質量で割る。",質量パーセント濃度の意味。;計算と単位。;引火点・物性との関係。,濃度の定義域を取り違える。;質量と体積の％を混同する。,"「濃度」は、物性・化学の頻出語です。

整理のコツ：関連する「濃度の計算」「計算問題」「酸素濃度と燃焼」と、「同じ点・違う点」を表に書き出し、濃度だけの特徴を一行で言えるようにします。

覚え方：間違えたら「濃度の定義域を取り違える」のパターンか確認し、同じ型の誤りが出た問題を2問だけ繰り返します。

復習のしかた：丸暗記より、選択肢の「誤り。」の理由を声に出して説明できるかを目標にします。",燃焼と酸素濃度について、「酸素の供給が不足すると燃焼しにくくなる。」は正しい。,○。正しい。,濃度とは何ですか？,濃度は、溶液中の溶質の量を表す指標で、質量パーセント濃度などが物性・化学分野で用いられる。 たとえば、引火点・沸点・密度など、数字と単位をセットで覚えると、選択肢の数値の当たり外れを見分けやすくなります。 試験では、質量パーセント濃度の意味点を押さえると得点源になります。,濃度は試験でどんなふうに問われますか？,質量パーセント濃度の意味。計算と単位。引火点・物性との関係。,濃度で間違えやすい点は？,濃度の定義域を取り違える。質量と体積の％を混同する。,濃度と「濃度の計算」「計算問題」の違いは？,「濃度の計算」「計算問題」は意味や数値・適用場面が異なります。用語ページの比較表と演習で、濃度だけのポイントを確認してください。
蒸発,じょうはつ,物性・化学,物性・化学;乙4;頻出;詳細記事;実践演習連動;一問一答連動,"蒸発は、液体が液面から気化して蒸気になる現象を指します。

たとえば、引火点・沸点・密度など、数字と単位をセットで覚えると、選択肢の数値の当たり外れを見分けやすくなります。

試験では、液面からの気化点を押さえると得点源になります。",まず「蒸発」は、液体が液面から気化して蒸気になる現象を指します。,物質の状態;蒸発・沸騰,,B,誤り。酸性になる現象ではない。 誤り。密度変化だけを指すものではない。 誤り。酸素放出ではない。,蒸発とは？危険物取扱者試験（乙種第4類）で押さえる意味・試験ポイント,このページでは、物性・化学分野の「蒸発」を、試験に出る形で整理します。ひとことで言うと、液体が液面から気化して蒸気になる現象を指します。下の目次の順に読むと、定義から演習のポイントまでつながって理解できます。,"危険物の取扱いでは、蒸発により可燃性蒸気が空気中に蓄積し、爆発下限界を超えると着火リスクが高まります。温度・換気・容器の密閉が重要です。

沸騰（内部でも気化が起こる）や揮発性（蒸発しやすさ）と区別して覚えてください。

誤り。酸性になる現象ではない。

誤り。密度変化だけを指すものではない。

誤り。酸素放出ではない。

誤り。燃焼の説明ではない。

飽和蒸気圧は蒸発しやすさと関係する。",液面からの気化。;可燃性蒸気・爆発下限界との関係。;換気・温度の影響。,沸騰と混同する。;揮発性と同一視する。,"「蒸発」は、物性・化学の頻出語です。

整理のコツ：関連する「物質の状態」「蒸発・沸騰」と、「同じ点・違う点」を表に書き出し、蒸発だけの特徴を一行で言えるようにします。

覚え方：間違えたら「沸騰と混同する」のパターンか確認し、同じ型の誤りが出た問題を2問だけ繰り返します。

復習のしかた：丸暗記より、選択肢の「誤り。」の理由を声に出して説明できるかを目標にします。",蒸発について、「液体の表面から気体になる現象である。」は正しい。,○。正しい。,蒸発とは何ですか？,蒸発は、液体が液面から気化して蒸気になる現象を指します。 たとえば、引火点・沸点・密度など、数字と単位をセットで覚えると、選択肢の数値の当たり外れを見分けやすくなります。 試験では、液面からの気化点を押さえると得点源になります。,蒸発は試験でどんなふうに問われますか？,液面からの気化。可燃性蒸気・爆発下限界との関係。換気・温度の影響。,蒸発で間違えやすい点は？,沸騰と混同する。揮発性と同一視する。,蒸発と「物質の状態」「蒸発・沸騰」の違いは？,「物質の状態」「蒸発・沸騰」は意味や数値・適用場面が異なります。用語ページの比較表と演習で、蒸発だけのポイントを確認してください。
沸騰,ふっとう,物性・化学,物性・化学;乙4;頻出;詳細記事;実践演習連動;一問一答連動,"沸騰は、液体の内部でも気化が起こり、液全体が激しく泡立つ現象を指します。

たとえば、引火点・沸点・密度など、数字と単位をセットで覚えると、選択肢の数値の当たり外れを見分けやすくなります。

試験では、液体内部の気化・泡立ち点を押さえると得点源になります。",まず「沸騰」は、液体の内部でも気化が起こり、液全体が激しく泡立つ現象を指します。,物質の状態;蒸発・沸騰,,B,誤り。酸性になる現象ではない。 誤り。密度変化だけを指すものではない。 誤り。酸素放出ではない。,沸騰とは？危険物取扱者試験（乙種第4類）で押さえる意味・試験ポイント,このページでは、物性・化学分野の「沸騰」を、試験に出る形で整理します。ひとことで言うと、液体の内部でも気化が起こり、液全体が激しく泡立つ現象を指します。下の目次の順に読むと、定義から演習のポイントまでつながって理解できます。,"沸騰は沸点に達したときに起こり、火災時の急激な蒸気発生やタンクの過熱破損（BLEVE等）の文脈でも関連します。通常の蒸発（液面からの気化）とはメカニズムが異なります。

試験では物性・化学の基礎用語として、蒸発・揮発性・引火点とセットで整理するとよいです。

誤り。酸性になる現象ではない。

誤り。密度変化だけを指すものではない。

誤り。酸素放出ではない。

誤り。燃焼の説明ではない。",液体内部の気化・泡立ち。;蒸発との違い。;沸点・過熱との関係。,蒸発と同一視する。;引火点と沸点を混同する。,"「沸騰」は、物性・化学の頻出語です。

整理のコツ：関連する「物質の状態」「蒸発・沸騰」と、「同じ点・違う点」を表に書き出し、沸騰だけの特徴を一行で言えるようにします。

覚え方：間違えたら「蒸発と同一視する」のパターンか確認し、同じ型の誤りが出た問題を2問だけ繰り返します。

復習のしかた：丸暗記より、選択肢の「誤り。」の理由を声に出して説明できるかを目標にします。",蒸発について、「液体の表面から気体になる現象である。」は正しい。,○。正しい。,沸騰とは何ですか？,沸騰は、液体の内部でも気化が起こり、液全体が激しく泡立つ現象を指します。 たとえば、引火点・沸点・密度など、数字と単位をセットで覚えると、選択肢の数値の当たり外れを見分けやすくなります。 試験では、液体内部の気化・泡立ち点を押さえると得点源になります。,沸騰は試験でどんなふうに問われますか？,液体内部の気化・泡立ち。蒸発との違い。沸点・過熱との関係。,沸騰で間違えやすい点は？,蒸発と同一視する。引火点と沸点を混同する。,沸騰と「物質の状態」「蒸発・沸騰」の違いは？,「物質の状態」「蒸発・沸騰」は意味や数値・適用場面が異なります。用語ページの比較表と演習で、沸騰だけのポイントを確認してください。
揮発性,きはつせい,物性・化学,物性・化学;乙4;頻出;詳細記事;実践演習連動;一問一答連動,"揮発性は、常温でも蒸発しやすい性質を指し、蒸気の蓄積や火災リスクと関連する。

たとえば、引火点・沸点・密度など、数字と単位をセットで覚えると、選択肢の数値の当たり外れを見分けやすくなります。

試験では、常温で蒸発しやすい点を押さえると得点源になります。",まず「揮発性」は、常温でも蒸発しやすい性質を指し、蒸気の蓄積や火災リスクと関連する。,ガソリン;第一石油類;ジエチルエーテル,,B,誤り。開放・加熱は危険である。 誤り。下水へ流してはならない。 誤り。火気の近くは危険である。,揮発性とは？危険物取扱者試験（乙種第4類）で押さえる意味・試験ポイント,物性・化学分野の「揮発性」は、常温でも蒸発しやすい性質を指し、蒸気の蓄積や火災リスクと関連する。試験では定義の言い換えと数値・主体の区別がセットで問われます。,"揮発性の高い危険物（エーテル・アセトン等）は、密閉空間で可燃性蒸気がたまりやすく、換気と火気厳禁が重要です。蒸発速度は温度・面積・換気にも依存します。

試験では揮発性の高い品名の取扱い注意や、蒸発・蒸気・爆発下限界との連鎖が問われます。

誤り。開放・加熱は危険である。

誤り。下水へ流してはならない。

誤り。火気の近くは危険である。

誤り。ガソリンは水に完全に溶けるわけではなく、引火危険がある。",常温で蒸発しやすい。;換気・火気管理の必要性。;蒸気濃度・爆発下限界。,引火性と混同する。;蒸発現象そのものと同一視する。,"「揮発性」は、物性・化学の頻出語です。

整理のコツ：関連する「ガソリン」「第一石油類」「ジエチルエーテル」と、「同じ点・違う点」を表に書き出し、揮発性だけの特徴を一行で言えるようにします。

覚え方：間違えたら「引火性と混同する」のパターンか確認し、同じ型の誤りが出た問題を2問だけ繰り返します。

復習のしかた：丸暗記より、選択肢の「誤り。」の理由を声に出して説明できるかを目標にします。",ジエチルエーテルの火災予防として、適切なものについて、「火気の近くで加熱する。」は正しい。,×。誤り。,揮発性とは何ですか？,揮発性は、常温でも蒸発しやすい性質を指し、蒸気の蓄積や火災リスクと関連する。 たとえば、引火点・沸点・密度など、数字と単位をセットで覚えると、選択肢の数値の当たり外れを見分けやすくなります。 試験では、常温で蒸発しやすい点を押さえると得点源になります。,揮発性は試験でどんなふうに問われますか？,常温で蒸発しやすい。換気・火気管理の必要性。蒸気濃度・爆発下限界。,揮発性で間違えやすい点は？,引火性と混同する。蒸発現象そのものと同一視する。,揮発性と「ガソリン」「第一石油類」の違いは？,「ガソリン」「第一石油類」は意味や数値・適用場面が異なります。用語ページの比較表と演習で、揮発性だけのポイントを確認してください。
中和,ちゅうわ,物性・化学,物性・化学;乙4;頻出;詳細記事;実践演習連動;一問一答連動,"中和は、酸と塩基が反応して、溶液の性質が中性に近づくことを指します。

たとえば、引火点・沸点・密度など、数字と単位をセットで覚えると、選択肢の数値の当たり外れを見分けやすくなります。

試験では、酸と塩基の反応点を押さえると得点源になります。",まず「中和」は、酸と塩基が反応して、溶液の性質が中性に近づくことを指します。,中和反応;酸・アルカリ;アルカリ,,B,誤り。破砕ではない。 誤り。蒸発ではない。 誤り。指定数量計算ではない。 誤答では任意の薬品を流し込めば中和と誤解する。といった取り違えが選ばれやすいです。,中和とは？危険物取扱者試験（乙種第4類）で押さえる意味・試験ポイント,このページでは、物性・化学分野の「中和」を、試験に出る形で整理します。ひとことで言うと、酸と塩基が反応して、溶液の性質が中性に近づくことを指します。下の目次の順に読むと、定義から演習のポイントまでつながって理解できます。,"危険物の漏えいや廃液処理では、酸性・アルカリ性物質の中和剤使用が安全対策として問われることがあります。中和熱や二次反応（発熱・有毒ガス）に注意が必要です。

試験では化学基礎として、酸性・アルカリ性危険物の取扱いとあわせて覚えてください。

誤り。破砕ではない。

誤り。蒸発ではない。

誤り。指定数量計算ではない。

誤り。浮沈ではない。",酸と塩基の反応。;pHが中性付近に。;中和熱・二次危害への注意。,任意の薬品を流し込めば中和と誤解する。;発熱・ガス発生を無視する。,"「中和」は、物性・化学の頻出語です。

整理のコツ：関連する「中和反応」「酸・アルカリ」「アルカリ」と、「同じ点・違う点」を表に書き出し、中和だけの特徴を一行で言えるようにします。

覚え方：間違えたら「任意の薬品を流し込めば中和と誤解する」のパターンか確認し、同じ型の誤りが出た問題を2問だけ繰り返します。

復習のしかた：丸暗記より、選択肢の「誤り。」の理由を声に出して説明できるかを目標にします。",中和反応について、「危険物の指定数量を計算する方法である。」は正しい。,×。誤り。,中和とは何ですか？,中和は、酸と塩基が反応して、溶液の性質が中性に近づくことを指します。 たとえば、引火点・沸点・密度など、数字と単位をセットで覚えると、選択肢の数値の当たり外れを見分けやすくなります。 試験では、酸と塩基の反応点を押さえると得点源になります。,中和は試験でどんなふうに問われますか？,酸と塩基の反応。pHが中性付近に。中和熱・二次危害への注意。,中和で間違えやすい点は？,任意の薬品を流し込めば中和と誤解する。発熱・ガス発生を無視する。,中和と「中和反応」「酸・アルカリ」の違いは？,「中和反応」「酸・アルカリ」は意味や数値・適用場面が異なります。用語ページの比較表と演習で、中和だけのポイントを確認してください。
対流,たいりゅう,物性・化学,物性・化学;乙4;頻出;詳細記事;実践演習連動;一問一答連動,"対流は、流体中の温度差により密度差が生じ、流体が循環する現象を指します。

たとえば、引火点・沸点・密度など、数字と単位をセットで覚えると、選択肢の数値の当たり外れを見分けやすくなります。

試験では、温度差による流体の循環点を押さえると得点源になります。",まず「対流」は、流体中の温度差により密度差が生じ、流体が循環する現象を指します。,熱伝導・対流・放射;熱;熱伝導,,B,誤り。放射は物質の移動を必要としない。 誤り。いずれも熱の移動に関係する。 誤り。対流は液体や気体など流体の移動によって起こる。,対流とは？危険物取扱者試験（乙種第4類）で押さえる意味・試験ポイント,このページでは、物性・化学分野の「対流」を、試験に出る形で整理します。ひとことで言うと、流体中の温度差により密度差が生じ、流体が循環する現象を指します。下の目次の順に読むと、定義から演習のポイントまでつながって理解できます。,"火災では対流により高温の煙・ガスが上方へ移動し、天井付近の温度上昇やフラッシュオーバーの前提になります。換気計画でも、自然対流と機械換気の違いが重要です。

伝導・放射とあわせて熱の移動の三様式として整理すると試験で扱いやすいです。

誤り。放射は物質の移動を必要としない。

誤り。いずれも熱の移動に関係する。

誤り。対流は液体や気体など流体の移動によって起こる。

誤り。熱は通常、高温側から低温側へ自然に移動する。",温度差による流体の循環。;火災時の煙・熱の移動。;伝導・放射との区別。,伝導・放射と混同する。;換気の機械的送風と同一視する。,"「対流」は、物性・化学の頻出語です。

整理のコツ：関連する「熱伝導・対流・放射」「熱」「熱伝導」と、「同じ点・違う点」を表に書き出し、対流だけの特徴を一行で言えるようにします。

覚え方：間違えたら「伝導・放射と混同する」のパターンか確認し、同じ型の誤りが出た問題を2問だけ繰り返します。

復習のしかた：丸暗記より、選択肢の「誤り。」の理由を声に出して説明できるかを目標にします。",熱の伝わり方について、「熱伝導・対流・放射はいずれも熱の移動とは無関係である。」は正しい。,×。誤り。,対流とは何ですか？,対流は、流体中の温度差により密度差が生じ、流体が循環する現象を指します。 たとえば、引火点・沸点・密度など、数字と単位をセットで覚えると、選択肢の数値の当たり外れを見分けやすくなります。 試験では、温度差による流体の循環点を押さえると得点源になります。,対流は試験でどんなふうに問われますか？,温度差による流体の循環。火災時の煙・熱の移動。伝導・放射との区別。,対流で間違えやすい点は？,伝導・放射と混同する。換気の機械的送風と同一視する。,対流と「熱伝導・対流・放射」「熱」の違いは？,「熱伝導・対流・放射」「熱」は意味や数値・適用場面が異なります。用語ページの比較表と演習で、対流だけのポイントを確認してください。
酸化性,さんかせい,物性・化学,物性・化学;乙4;頻出;詳細記事;実践演習連動;一問一答連動,"酸化性は、他の物質を酸化しやすい性質を指し、酸化性固体・液体などの類別に関係する。

たとえば、引火点・沸点・密度など、数字と単位をセットで覚えると、選択肢の数値の当たり外れを見分けやすくなります。

試験では、他物質を酸化しやすい点を押さえると得点源になります。",まず「酸化性」は、他の物質を酸化しやすい性質を指し、酸化性固体・液体などの類別に関係する。,第4類危険物の共通性質;第4類共通性質;危険物各類の共通性状と第4類の位置づけ,危険物の規制に関する政令,B,酸化性液体や酸化性固体と混同しない。 誤り。可燃性蒸気を発生することがある。 誤り。酸素を放出して他の物質を燃焼させる性質は主に酸化性物質の性質である。 誤り。多くの第4類危険物の蒸気は空気より重い。,酸化性とは？危険物取扱者試験（乙種第4類）で押さえる意味・試験ポイント,物性・化学分野の「酸化性」は、他の物質を酸化しやすい性質を指し、酸化性固体・液体などの類別に関係する。試験では定義の言い換えと数値・主体の区別がセットで問われます。,"酸化性のある危険物は、可燃物や有機物と接触・混合すると発火・爆発のおそれがあります。保管の分離、禁則物との混載禁止、水との反応などが試験の定番です。

「酸化性液体」は性状区分の一つとして別途押さえてください。

誤り。可燃性蒸気を発生することがある。

誤り。酸素を放出して他の物質を燃焼させる性質は主に酸化性物質の性質である。

誤り。多くの第4類危険物の蒸気は空気より重い。

誤り。第4類危険物には水に溶けるものと溶けにくいものがある。

酸化性液体や酸化性固体と混同しない。

第4類は引火性液体。酸化性物質と混同しない。",他物質を酸化しやすい。;第6類・混載・分離保管。;可燃物との接触禁止。,可燃性と混同する。;酸化性液体の性状区分を誤る。,"「酸化性」は、物性・化学の頻出語です。

整理のコツ：関連する「第4類危険物の共通性質」「第4類共通性質」「危険物各類の共通性状と第4類の位置づけ」と、「同じ点・違う点」を表に書き出し、酸化性だけの特徴を一行で言えるようにします。

覚え方：間違えたら「可燃性と混同する」のパターンか確認し、同じ型の誤りが出た問題を2問だけ繰り返します。

復習のしかた：丸暗記より、選択肢の「誤り。」の理由を声に出して説明できるかを目標にします。",第4類危険物の一般的な性質について、「第4類危険物は、引火性液体である。」は正しい。,○。正しい。,酸化性とは何ですか？,酸化性は、他の物質を酸化しやすい性質を指し、酸化性固体・液体などの類別に関係する。 たとえば、引火点・沸点・密度など、数字と単位をセットで覚えると、選択肢の数値の当たり外れを見分けやすくなります。 試験では、他物質を酸化しやすい点を押さえると得点源になります。,酸化性は試験でどんなふうに問われますか？,他物質を酸化しやすい。第6類・混載・分離保管。可燃物との接触禁止。,酸化性で間違えやすい点は？,可燃性と混同する。酸化性液体の性状区分を誤る。,酸化性と「第4類危険物の共通性質」「第4類共通性質」の違いは？,「第4類危険物の共通性質」「第4類共通性質」は意味や数値・適用場面が異なります。用語ページの比較表と演習で、酸化性だけのポイントを確認してください。
酸化性液体,さんかせいえきたい,物性・化学,物性・化学;乙4;頻出;詳細記事;実践演習連動;一問一答連動,"酸化性液体は、危険物の性状区分の一つで、他の物質を酸化しやすい液体を指します。

たとえば、引火点・沸点・密度など、数字と単位をセットで覚えると、選択肢の数値の当たり外れを見分けやすくなります。

試験では、別表第二の性状区分点を押さえると得点源になります。",まず「酸化性液体」は、危険物の性状区分の一つで、他の物質を酸化しやすい液体を指します。,第1類〜第6類の分類概要;危険物の分類,危険物の規制に関する政令,B,第4類は引火性液体。第3類は自然発火性物質及び禁水性物質。 第4類と第5類、第2類と第6類を混同しない。 誤り。第1類は酸化性固体である。 誤り。第2類は可燃性固体である。,酸化性液体とは？危険物取扱者試験（乙種第4類）で押さえる意味・試験ポイント,このページでは、物性・化学分野の「酸化性液体」を、試験に出る形で整理します。ひとことで言うと、危険物の性状区分の一つで、他の物質を酸化しやすい液体を指します。下の目次の順に読むと、定義から演習のポイントまでつながって理解できます。,"品名が別表第一に該当し、性状が酸化性液体に当てはまる場合に危険物となります。過酸化物などは衝撃・摩擦・加熱で分解しやすく、取扱い・保管・混載の制限が厳しいです。

試験では類別（第6類）・性状・品名の三段階で整理する設問が出ます。

誤り。第1類は酸化性固体である。

誤り。第2類は可燃性固体である。

誤り。第4類は引火性液体である。自己反応性物質は第5類である。

誤り。第6類は酸化性液体である。

第4類は引火性液体。第3類は自然発火性物質及び禁水性物質。

第4類と第5類、第2類と第6類を混同しない。",別表第二の性状区分。;第6類との関係。;混載・分離・禁則物。,酸化性固体と混同する。;品名だけで危険物と決めつける。,"「酸化性液体」は、物性・化学の頻出語です。

整理のコツ：関連する「第1類〜第6類の分類概要」「危険物の分類」と、「同じ点・違う点」を表に書き出し、酸化性液体だけの特徴を一行で言えるようにします。

覚え方：間違えたら「酸化性固体と混同する」のパターンか確認し、同じ型の誤りが出た問題を2問だけ繰り返します。

復習のしかた：丸暗記より、選択肢の「誤り。」の理由を声に出して説明できるかを目標にします。",消防法上の危険物の類別と性質の組合せについて、「第3類 — 自然発火性物質及び禁水性物質」は正しい。,○。正しい。,酸化性液体とは何ですか？,酸化性液体は、危険物の性状区分の一つで、他の物質を酸化しやすい液体を指します。 たとえば、引火点・沸点・密度など、数字と単位をセットで覚えると、選択肢の数値の当たり外れを見分けやすくなります。 試験では、別表第二の性状区分点を押さえると得点源になります。,酸化性液体は試験でどんなふうに問われますか？,別表第二の性状区分。第6類との関係。混載・分離・禁則物。,酸化性液体で間違えやすい点は？,酸化性固体と混同する。品名だけで危険物と決めつける。,酸化性液体と「第1類〜第6類の分類概要」「危険物の分類」の違いは？,「第1類〜第6類の分類概要」「危険物の分類」は意味や数値・適用場面が異なります。用語ページの比較表と演習で、酸化性液体だけのポイントを確認してください。
酸素,さんそ,物性・化学,物性・化学;乙4;頻出;詳細記事;実践演習連動;一問一答連動,"酸素は、燃焼に必要な酸化剤であり、空気中の酸素濃度が燃焼・消火の判断に用いられる。

たとえば、引火点・沸点・密度など、数字と単位をセットで覚えると、選択肢の数値の当たり外れを見分けやすくなります。

試験では、燃焼の三要素の酸化剤点を押さえると得点源になります。",まず「酸素」は、燃焼に必要な酸化剤であり、空気中の酸素濃度が燃焼・消火の判断に用いられる。,燃焼の三要素;燃焼,,B,燃焼の三要素は可燃物・酸素供給源・点火源。 誤り。熱だけではなく、可燃物と酸素供給源も必要である。 誤り。酸素だけでは燃焼は成立しない。 誤り。水と窒素は燃焼を成立させる要素ではない。,酸素とは？危険物取扱者試験（乙種第4類）で押さえる意味・試験ポイント,このページでは、物性・化学分野の「酸素」を、試験に出る形で整理します。ひとことで言うと、燃焼に必要な酸化剤であり、空気中の酸素濃度が燃焼・消火の判断に用いられる。下の目次の順に読むと、定義から演習のポイントまでつながって理解できます。,"燃焼の三要素は可燃物・酸素（酸化剤）・着火源です。酸素濃度を下げる（窒素置換など）と窒息消火になります。一方、酸素ボンベの取扱いでは油脂による着火リスクが問われます。

密閉空間火災では酸素の流入がバックドラフトの引き金になるため、換気の段階的実施が重要です。

誤り。熱だけではなく、可燃物と酸素供給源も必要である。

誤り。酸素だけでは燃焼は成立しない。

誤り。水と窒素は燃焼を成立させる要素ではない。

誤り。水と二酸化炭素は燃焼の三要素ではない。

燃焼の三要素は可燃物・酸素供給源・点火源。",燃焼の三要素の酸化剤。;酸素濃度と消火。;酸素ボンベ・油脂の禁止。,窒息消火と冷却消火を混同する。;酸素ボンベに油脂を付着させる。,"「酸素」は、物性・化学の頻出語です。

整理のコツ：関連する「燃焼の三要素」「燃焼」と、「同じ点・違う点」を表に書き出し、酸素だけの特徴を一行で言えるようにします。

覚え方：間違えたら「窒息消火と冷却消火を混同する」のパターンか確認し、同じ型の誤りが出た問題を2問だけ繰り返します。

復習のしかた：丸暗記より、選択肢の「誤り。」の理由を声に出して説明できるかを目標にします。",燃焼が起こるために必要な三要素の組合せについて、「可燃物・水・窒素」は正しい。,×。誤り。,酸素とは何ですか？,酸素は、燃焼に必要な酸化剤であり、空気中の酸素濃度が燃焼・消火の判断に用いられる。 たとえば、引火点・沸点・密度など、数字と単位をセットで覚えると、選択肢の数値の当たり外れを見分けやすくなります。 試験では、燃焼の三要素の酸化剤点を押さえると得点源になります。,酸素は試験でどんなふうに問われますか？,燃焼の三要素の酸化剤。酸素濃度と消火。酸素ボンベ・油脂の禁止。,酸素で間違えやすい点は？,窒息消火と冷却消火を混同する。酸素ボンベに油脂を付着させる。,酸素と「燃焼の三要素」「燃焼」の違いは？,「燃焼の三要素」「燃焼」は意味や数値・適用場面が異なります。用語ページの比較表と演習で、酸素だけのポイントを確認してください。
一酸化炭素,いっさんかたんそ,物性・化学,物性・化学;乙4;頻出;詳細記事;実践演習連動;一問一答連動,"一酸化炭素は、燃料の不完全燃焼などで発生する無色無臭の有毒ガスを指します。

たとえば、引火点・沸点・密度など、数字と単位をセットで覚えると、選択肢の数値の当たり外れを見分けやすくなります。

試験では、不完全燃焼の生成物点を押さえると得点源になります。",まず「一酸化炭素」は、燃料の不完全燃焼などで発生する無色無臭の有毒ガスを指します。,完全燃焼・不完全燃焼;燃焼;完全燃焼,,B,誤り。希ガスである。 誤り。代表的な有毒気体ではない。 誤り。空気中に多い気体である。,一酸化炭素とは？危険物取扱者試験（乙種第4類）で押さえる意味・試験ポイント,このページでは、物性・化学分野の「一酸化炭素」を、試験に出る形で整理します。ひとことで言うと、燃料の不完全燃焼などで発生する無色無臭の有毒ガスを指します。下の目次の順に読むと、定義から演習のポイントまでつながって理解できます。,"一酸化炭素はヘモグロビンと結合しやすく、換気不良の密閉空間で中毒事故が起きやすいです。火災時の煙にも含まれるため、自衛消防・避難時の換気と検知が重要です。

完全燃焼では二酸化炭素が主生成物となるため、酸素不足・換気不足との関係をセットで覚えてください。

誤り。希ガスである。

誤り。代表的な有毒気体ではない。

誤り。空気中に多い気体である。

誤り。不完全燃焼に近い。",不完全燃焼の生成物。;無色無臭・換気不良で危険。;火災煙・中毒対策。,臭いがあると誤解する。;二酸化炭素と混同する。,"「一酸化炭素」は、物性・化学の頻出語です。

整理のコツ：関連する「完全燃焼・不完全燃焼」「燃焼」「完全燃焼」と、「同じ点・違う点」を表に書き出し、一酸化炭素だけの特徴を一行で言えるようにします。

覚え方：間違えたら「臭いがあると誤解する」のパターンか確認し、同じ型の誤りが出た問題を2問だけ繰り返します。

復習のしかた：丸暗記より、選択肢の「誤り。」の理由を声に出して説明できるかを目標にします。",不完全燃焼で発生しやすい有毒な気体として代表的なものについて、「窒素」は正しい。,×。誤り。,一酸化炭素とは何ですか？,一酸化炭素は、燃料の不完全燃焼などで発生する無色無臭の有毒ガスを指します。 たとえば、引火点・沸点・密度など、数字と単位をセットで覚えると、選択肢の数値の当たり外れを見分けやすくなります。 試験では、不完全燃焼の生成物点を押さえると得点源になります。,一酸化炭素は試験でどんなふうに問われますか？,不完全燃焼の生成物。無色無臭・換気不良で危険。火災煙・中毒対策。,一酸化炭素で間違えやすい点は？,臭いがあると誤解する。二酸化炭素と混同する。,一酸化炭素と「完全燃焼・不完全燃焼」「燃焼」の違いは？,「完全燃焼・不完全燃焼」「燃焼」は意味や数値・適用場面が異なります。用語ページの比較表と演習で、一酸化炭素だけのポイントを確認してください。
火気,かき,火災・消火・漏えい,火災・消火・漏えい;乙4;頻出;詳細記事;実践演習連動;一問一答連動,"火気は、裸火・火花・加熱装置など、危険物を着火させうる熱源・火源を指します。

たとえば、危険物の性質（水溶性か、蒸気がたまりやすいか）に合った消火・漏えい対策かどうかが、正誤の判断ポイントになります。

試験では、裸火・火花・加熱が着火源点を押さえると得点源になります。",まず「火気」は、裸火・火花・加熱装置など、危険物を着火させうる熱源・火源を指します。,火災予防;換気・火気管理;火気管理,消防法,B,第4類では換気・火気管理・漏えい防止が重要。 誤り。静電気は着火源となる危険がある。 誤り。裸火の使用は引火の危険がある。 誤り。排水溝へ流すことは危険である。,火気とは？危険物取扱者試験（乙種第4類）で押さえる意味・試験ポイント,このページでは、火災・消火・漏えい分野の「火気」を、試験に出る形で整理します。ひとことで言うと、裸火・火花・加熱装置など、危険物を着火させうる熱源・火源を指します。下の目次の順に読むと、定義から演習のポイントまでつながって理解できます。,"取扱所・貯蔵所では、火気の使用制限や火気作業の届出・立会いが法令上の要点です。給油・塗装・溶剤取扱いでは静電気も着火源になります。

「火気厳禁」は標識・表示の一種であり、火気の使用を全面的に禁止する意味で使われます。

誤り。静電気は着火源となる危険がある。

誤り。裸火の使用は引火の危険がある。

誤り。排水溝へ流すことは危険である。

誤り。加熱や開放は可燃性蒸気を増やす危険がある。

第4類では換気・火気管理・漏えい防止が重要。",裸火・火花・加熱が着火源。;火気管理・作業届出。;静電気も関連。,火気厳禁と火気使用禁止区域を混同する。;加熱作業を火気に含めない。,"「火気」は、火災・消火・漏えいの頻出語です。

整理のコツ：関連する「火災予防」「換気・火気管理」「火気管理」と、「同じ点・違う点」を表に書き出し、火気だけの特徴を一行で言えるようにします。

覚え方：間違えたら「火気厳禁と火気使用禁止区域を混同する」のパターンか確認し、同じ型の誤りが出た問題を2問だけ繰り返します。

復習のしかた：丸暗記より、選択肢の「誤り。」の理由を声に出して説明できるかを目標にします。",第4類危険物の火災予防上、適切なものについて、「可燃性蒸気が滞留しないように換気し、火気を近づけない。」は正しい。,○。正しい。,火気とは何ですか？,火気は、裸火・火花・加熱装置など、危険物を着火させうる熱源・火源を指します。 たとえば、危険物の性質（水溶性か、蒸気がたまりやすいか）に合った消火・漏えい対策かどうかが、正誤の判断ポイントになります。 試験では、裸火・火花・加熱が着火源点を押さえると得点源になります。,火気は試験でどんなふうに問われますか？,裸火・火花・加熱が着火源。火気管理・作業届出。静電気も関連。,火気で間違えやすい点は？,火気厳禁と火気使用禁止区域を混同する。加熱作業を火気に含めない。,火気と「火災予防」「換気・火気管理」の違いは？,「火災予防」「換気・火気管理」は意味や数値・適用場面が異なります。用語ページの比較表と演習で、火気だけのポイントを確認してください。
火気厳禁,かきげんきん,火災・消火・漏えい,火災・消火・漏えい;乙4;頻出;詳細記事;実践演習連動;一問一答連動,"火気厳禁は、当該区域で火気（裸火・火花等）の使用を禁止する旨を示す標識・表示を指します。

たとえば、危険物の性質（水溶性か、蒸気がたまりやすいか）に合った消火・漏えい対策かどうかが、正誤の判断ポイントになります。

試験では、火気使用の全面禁止表示点を押さえると得点源になります。",まず「火気厳禁」は、当該区域で火気（裸火・火花等）の使用を禁止する旨を示す標識・表示を指します。,火災予防;換気・火気管理;火気・静電気・漏えい防止,消防法,B,第4類では換気・火気管理・漏えい防止が重要。 第4類では火気・静電気・漏えい防止が重要。 適切な対策と危険行為を取り違えない。 誤り。静電気は着火源となる危険がある。,火気厳禁とは？危険物取扱者試験（乙種第4類）で押さえる意味・試験ポイント,このページでは、火災・消火・漏えい分野の「火気厳禁」を、試験に出る形で整理します。ひとことで言うと、当該区域で火気（裸火・火花等）の使用を禁止する旨を示す標識・表示を指します。下の目次の順に読むと、定義から演習のポイントまでつながって理解できます。,"火気厳禁の表示は、タンク周辺・給油所・貯蔵所などで設置されます。火気作業が必要な場合は、別途の手続・立会い・防火措置が問われます。

試験では表示の種類（危険物の類・性・数量、火気厳禁など）と設置場所の組合せが正誤問題になりやすいです。

誤り。静電気は着火源となる危険がある。

誤り。裸火の使用は引火の危険がある。

誤り。排水溝へ流すことは危険である。

誤り。加熱や開放は可燃性蒸気を増やす危険がある。

第4類では換気・火気管理・漏えい防止が重要。

第4類では火気・静電気・漏えい防止が重要。",火気使用の全面禁止表示。;給油・貯蔵区域での設置。;火気作業との例外手続。,火気管理区域と同一視する。;表示があれば加熱作業自由と誤解する。,"「火気厳禁」は、火災・消火・漏えいの頻出語です。

整理のコツ：関連する「火災予防」「換気・火気管理」「火気・静電気・漏えい防止」と、「同じ点・違う点」を表に書き出し、火気厳禁だけの特徴を一行で言えるようにします。

覚え方：間違えたら「火気管理区域と同一視する」のパターンか確認し、同じ型の誤りが出た問題を2問だけ繰り返します。

復習のしかた：丸暗記より、選択肢の「誤り。」の理由を声に出して説明できるかを目標にします。",第4類危険物を取り扱う場所での火災予防として、適切なものについて、「可燃性蒸気を確認するため、裸火を近づける。」は正しい。,×。誤り。,火気厳禁とは何ですか？,火気厳禁は、当該区域で火気（裸火・火花等）の使用を禁止する旨を示す標識・表示を指します。 たとえば、危険物の性質（水溶性か、蒸気がたまりやすいか）に合った消火・漏えい対策かどうかが、正誤の判断ポイントになります。 試験では、火気使用の全面禁止表示点を押さえると得点源になります。,火気厳禁は試験でどんなふうに問われますか？,火気使用の全面禁止表示。給油・貯蔵区域での設置。火気作業との例外手続。,火気厳禁で間違えやすい点は？,火気管理区域と同一視する。表示があれば加熱作業自由と誤解する。,火気厳禁と「火災予防」「換気・火気管理」の違いは？,「火災予防」「換気・火気管理」は意味や数値・適用場面が異なります。用語ページの比較表と演習で、火気厳禁だけのポイントを確認してください。
換気,かんき,火災・消火・漏えい,火災・消火・漏えい;乙4;頻出;詳細記事;実践演習連動;一問一答連動,"換気は、室内等の空気を入れ替え、可燃性蒸気・有毒ガス・煙を希釈・排出する措置を指します。

たとえば、危険物の性質（水溶性か、蒸気がたまりやすいか）に合った消火・漏えい対策かどうかが、正誤の判断ポイントになります。

試験では、可燃性蒸気・有毒ガスの希釈点を押さえると得点源になります。",まず「換気」は、室内等の空気を入れ替え、可燃性蒸気・有毒ガス・煙を希釈・排出する措置を指します。,火災予防;換気・火気管理;火気管理,危険物の規制に関する政令,B,第4類では換気・火気管理・漏えい防止が重要。 誤り。静電気は着火源となる危険がある。 誤り。裸火の使用は引火の危険がある。 誤り。排水溝へ流すことは危険である。,換気とは？危険物取扱者試験（乙種第4類）で押さえる意味・試験ポイント,このページでは、火災・消火・漏えい分野の「換気」を、試験に出る形で整理します。ひとことで言うと、室内等の空気を入れ替え、可燃性蒸気・有毒ガス・煙を希釈・排出する措置を指します。下の目次の順に読むと、定義から演習のポイントまでつながって理解できます。,"揮発性の高い危険物を扱う場所では、自然換気・機械換気により爆発下限界を超えないよう管理します。密閉空間火災では、一気の換気がバックドラフトを招くため段階的な実施が重要です。

換気と排気・局部排気装置の違いも、設備基準の問題で問われます。

誤り。静電気は着火源となる危険がある。

誤り。裸火の使用は引火の危険がある。

誤り。排水溝へ流すことは危険である。

誤り。加熱や開放は可燃性蒸気を増やす危険がある。

第4類では換気・火気管理・漏えい防止が重要。",可燃性蒸気・有毒ガスの希釈。;機械換気・自然換気。;密閉空間では段階的換気。,一気に全開換気してバックドラフトを招く。;換気なしで作業する。,"「換気」は、火災・消火・漏えいの頻出語です。

整理のコツ：関連する「火災予防」「換気・火気管理」「火気管理」と、「同じ点・違う点」を表に書き出し、換気だけの特徴を一行で言えるようにします。

覚え方：間違えたら「一気に全開換気してバックドラフトを招く」のパターンか確認し、同じ型の誤りが出た問題を2問だけ繰り返します。

復習のしかた：丸暗記より、選択肢の「誤り。」の理由を声に出して説明できるかを目標にします。",第4類危険物の火災予防上、適切なものについて、「可燃性蒸気が滞留しないように換気し、火気を近づけない。」は正しい。,○。正しい。,換気とは何ですか？,換気は、室内等の空気を入れ替え、可燃性蒸気・有毒ガス・煙を希釈・排出する措置を指します。 たとえば、危険物の性質（水溶性か、蒸気がたまりやすいか）に合った消火・漏えい対策かどうかが、正誤の判断ポイントになります。 試験では、可燃性蒸気・有毒ガスの希釈点を押さえると得点源になります。,換気は試験でどんなふうに問われますか？,可燃性蒸気・有毒ガスの希釈。機械換気・自然換気。密閉空間では段階的換気。,換気で間違えやすい点は？,一気に全開換気してバックドラフトを招く。換気なしで作業する。,換気と「火災予防」「換気・火気管理」の違いは？,「火災予防」「換気・火気管理」は意味や数値・適用場面が異なります。用語ページの比較表と演習で、換気だけのポイントを確認してください。
消火剤,しょうかざい,火災・消火・漏えい,火災・消火・漏えい;乙4;頻出;詳細記事;実践演習連動;一問一答連動,"消火剤は、火災を消火するために用いる水・泡・粉末・二酸化炭素などの薬剤を指します。

たとえば、危険物の性質（水溶性か、蒸気がたまりやすいか）に合った消火・漏えい対策かどうかが、正誤の判断ポイントになります。

試験では、危険物の種類に応じた選択点を押さえると得点源になります。",まず「消火剤」は、火災を消火するために用いる水・泡・粉末・二酸化炭素などの薬剤を指します。,消火方法;泡・二酸化炭素・粉末消火剤の適用;二酸化炭素,消防法,B,第4類火災では泡・二酸化炭素・粉末が重要。 第4類火災では蒸気と空気接触を抑える。 誤り。酸素は燃焼を助ける。 誤り。ガソリンは燃料である。,消火剤とは？危険物取扱者試験（乙種第4類）で押さえる意味・試験ポイント,このページでは、火災・消火・漏えい分野の「消火剤」を、試験に出る形で整理します。ひとことで言うと、火災を消火するために用いる水・泡・粉末・二酸化炭素などの薬剤を指します。下の目次の順に読むと、定義から演習のポイントまでつながって理解できます。,"危険物の種類により適切な消火剤が異なります。非水溶性液体には泡、金属火災には粉末、電気火災には乾燥粉末やCO2などが典型です。誤った消火剤は火災拡大の原因になります。

冷却消火・窒息消火・抑制消火の方式とあわせて、注水・粉末・泡の使い分けを整理してください。

誤り。酸素は燃焼を助ける。

誤り。ガソリンは燃料である。

誤り。火花は着火源である。

誤り。可燃性蒸気は引火危険を高める。

第4類火災では泡・二酸化炭素・粉末が重要。

第4類火災では蒸気と空気接触を抑える。",危険物の種類に応じた選択。;冷却・窒息・抑制。;誤選択による延焼。,すべて水で消火できると誤解する。;金属火災に水を使用する。,"「消火剤」は、火災・消火・漏えいの頻出語です。

整理のコツ：関連する「消火方法」「泡・二酸化炭素・粉末消火剤の適用」「二酸化炭素」と、「同じ点・違う点」を表に書き出し、消火剤だけの特徴を一行で言えるようにします。

覚え方：間違えたら「すべて水で消火できると誤解する」のパターンか確認し、同じ型の誤りが出た問題を2問だけ繰り返します。

復習のしかた：丸暗記より、選択肢の「誤り。」の理由を声に出して説明できるかを目標にします。",泡消火剤の主な作用について、「液面を覆い、可燃性蒸気の発生や空気との接触を抑える。」は正しい。,○。正しい。,消火剤とは何ですか？,消火剤は、火災を消火するために用いる水・泡・粉末・二酸化炭素などの薬剤を指します。 たとえば、危険物の性質（水溶性か、蒸気がたまりやすいか）に合った消火・漏えい対策かどうかが、正誤の判断ポイントになります。 試験では、危険物の種類に応じた選択点を押さえると得点源になります。,消火剤は試験でどんなふうに問われますか？,危険物の種類に応じた選択。冷却・窒息・抑制。誤選択による延焼。,消火剤で間違えやすい点は？,すべて水で消火できると誤解する。金属火災に水を使用する。,消火剤と「消火方法」「泡・二酸化炭素・粉末消火剤の適用」の違いは？,「消火方法」「泡・二酸化炭素・粉末消火剤の適用」は意味や数値・適用場面が異なります。用語ページの比較表と演習で、消火剤だけのポイントを確認してください。
粉末消火剤,ふんまつしょうかざい,火災・消火・漏えい,火災・消火・漏えい;乙4;頻出;詳細記事;実践演習連動;一問一答連動,"粉末消火剤は、粉末状の薬剤を噴射して火災を消火する消火剤を指します。

たとえば、危険物の性質（水溶性か、蒸気がたまりやすいか）に合った消火・漏えい対策かどうかが、正誤の判断ポイントになります。

試験では、金属火災・電気火災への適用点を押さえると得点源になります。",まず「粉末消火剤」は、粉末状の薬剤を噴射して火災を消火する消火剤を指します。,消火方法;泡・二酸化炭素・粉末消火剤の適用;二酸化炭素,消防法,B,第4類火災では泡・二酸化炭素・粉末が重要。 第4類火災では蒸気と空気接触を抑える。 誤り。酸素は燃焼を助ける。 誤り。ガソリンは燃料である。,粉末消火剤とは？危険物取扱者試験（乙種第4類）で押さえる意味・試験ポイント,このページでは、火災・消火・漏えい分野の「粉末消火剤」を、試験に出る形で整理します。ひとことで言うと、粉末状の薬剤を噴射して火災を消火する消火剤を指します。下の目次の順に読むと、定義から演習のポイントまでつながって理解できます。,"第4類の金属火災や電気設備火災では粉末消火剤が有効です。水と反応する危険物には注水が禁忌となるため、消火剤の選択が試験の定番です。

泡消火剤・CO2との使い分け、消火器の種類（粉末・泡・強化液など）も関連して問われます。

誤り。酸素は燃焼を助ける。

誤り。ガソリンは燃料である。

誤り。火花は着火源である。

誤り。可燃性蒸気は引火危険を高める。

第4類火災では泡・二酸化炭素・粉末が重要。

第4類火災では蒸気と空気接触を抑える。",金属火災・電気火災への適用。;水反応性危険物では注水禁忌。;消火器の種類。,金属火災に水を使用する。;粉末と泡を用途なく混同する。,"「粉末消火剤」は、火災・消火・漏えいの頻出語です。

整理のコツ：関連する「消火方法」「泡・二酸化炭素・粉末消火剤の適用」「二酸化炭素」と、「同じ点・違う点」を表に書き出し、粉末消火剤だけの特徴を一行で言えるようにします。

覚え方：間違えたら「金属火災に水を使用する」のパターンか確認し、同じ型の誤りが出た問題を2問だけ繰り返します。

復習のしかた：丸暗記より、選択肢の「誤り。」の理由を声に出して説明できるかを目標にします。",泡消火剤の主な作用について、「液面を覆い、可燃性蒸気の発生や空気との接触を抑える。」は正しい。,○。正しい。,粉末消火剤とは何ですか？,粉末消火剤は、粉末状の薬剤を噴射して火災を消火する消火剤を指します。 たとえば、危険物の性質（水溶性か、蒸気がたまりやすいか）に合った消火・漏えい対策かどうかが、正誤の判断ポイントになります。 試験では、金属火災・電気火災への適用点を押さえると得点源になります。,粉末消火剤は試験でどんなふうに問われますか？,金属火災・電気火災への適用。水反応性危険物では注水禁忌。消火器の種類。,粉末消火剤で間違えやすい点は？,金属火災に水を使用する。粉末と泡を用途なく混同する。,粉末消火剤と「消火方法」「泡・二酸化炭素・粉末消火剤の適用」の違いは？,「消火方法」「泡・二酸化炭素・粉末消火剤の適用」は意味や数値・適用場面が異なります。用語ページの比較表と演習で、粉末消火剤だけのポイントを確認してください。
冷却,れいきゃく,火災・消火・漏えい,火災・消火・漏えい;乙4;頻出;詳細記事;実践演習連動;一問一答連動,"冷却は、燃焼物や周辺の温度を下げて燃焼反応を止める消火方式を指します。

たとえば、危険物の性質（水溶性か、蒸気がたまりやすいか）に合った消火・漏えい対策かどうかが、正誤の判断ポイントになります。

試験では、温度低下による消火点を押さえると得点源になります。",まず「冷却」は、燃焼物や周辺の温度を下げて燃焼反応を止める消火方式を指します。,冷却消火;消火,,B,水による消火は冷却効果を利用することが多い。 水が常に第4類火災に適切とは限らない。 誤り。可燃物を増やすと燃焼が拡大する。 誤り。静電気は着火源となり得る。,冷却とは？危険物取扱者試験（乙種第4類）で押さえる意味・試験ポイント,このページでは、火災・消火・漏えい分野の「冷却」を、試験に出る形で整理します。ひとことで言うと、燃焼物や周辺の温度を下げて燃焼反応を止める消火方式を指します。下の目次の順に読むと、定義から演習のポイントまでつながって理解できます。,"注水消火は冷却の代表です。水は蒸発潜熱により大量の熱を奪います。ただし金属火災や水反応性危険物には適用できません。

窒息・抑制など他方式との違いを整理し、危険物の種類ごとに適切な消火手段を選べるようにしてください。

誤り。可燃物を増やすと燃焼が拡大する。

誤り。静電気は着火源となり得る。

誤り。可燃性蒸気をためるのは危険である。

誤り。酸素濃度を高くすると燃焼しやすくなる場合がある。

水による消火は冷却効果を利用することが多い。

水が常に第4類火災に適切とは限らない。",温度低下による消火。;注水消火。;水反応性・金属火災では不可。,すべての火災に注水できると誤解する。;窒息消火と混同する。,"「冷却」は、火災・消火・漏えいの頻出語です。

整理のコツ：関連する「冷却消火」「消火」と、「同じ点・違う点」を表に書き出し、冷却だけの特徴を一行で言えるようにします。

覚え方：間違えたら「すべての火災に注水できると誤解する」のパターンか確認し、同じ型の誤りが出た問題を2問だけ繰り返します。

復習のしかた：丸暗記より、選択肢の「誤り。」の理由を声に出して説明できるかを目標にします。",冷却消火の説明について、「静電気を発生させて燃焼を止める方法である。」は正しい。,×。誤り。,冷却とは何ですか？,冷却は、燃焼物や周辺の温度を下げて燃焼反応を止める消火方式を指します。 たとえば、危険物の性質（水溶性か、蒸気がたまりやすいか）に合った消火・漏えい対策かどうかが、正誤の判断ポイントになります。 試験では、温度低下による消火点を押さえると得点源になります。,冷却は試験でどんなふうに問われますか？,温度低下による消火。注水消火。水反応性・金属火災では不可。,冷却で間違えやすい点は？,すべての火災に注水できると誤解する。窒息消火と混同する。,冷却と「冷却消火」「消火」の違いは？,「冷却消火」「消火」は意味や数値・適用場面が異なります。用語ページの比較表と演習で、冷却だけのポイントを確認してください。
窒息,ちっそく,火災・消火・漏えい,火災・消火・漏えい;乙4;頻出;詳細記事;実践演習連動;一問一答連動,"窒息は、燃焼に必要な酸素濃度を下げて消火する方式を指します。

たとえば、危険物の性質（水溶性か、蒸気がたまりやすいか）に合った消火・漏えい対策かどうかが、正誤の判断ポイントになります。

試験では、酸素濃度を下げる点を押さえると得点源になります。",まず「窒息」は、燃焼に必要な酸素濃度を下げて消火する方式を指します。,窒息消火;消火,,B,除去消火・冷却消火との違いを区別する。 誤り。静電気は着火源となる危険がある。 誤り。温度を下げる方法は冷却消火である。 誤り。可燃物を取り除く方法は除去消火である。,窒息とは？危険物取扱者試験（乙種第4類）で押さえる意味・試験ポイント,このページでは、火災・消火・漏えい分野の「窒息」を、試験に出る形で整理します。ひとことで言うと、燃焼に必要な酸素濃度を下げて消火する方式を指します。下の目次の順に読むと、定義から演習のポイントまでつながって理解できます。,"二酸化炭素消火、泡の被膜、窒素・不活性ガスによる置換などが窒息の例です。密閉空間での使用時は、人の窒息リスクにも注意が必要です。

冷却（熱除去）との違いが試験で問われやすいため、消火の三方式として整理してください。

誤り。静電気は着火源となる危険がある。

誤り。温度を下げる方法は冷却消火である。

誤り。可燃物を取り除く方法は除去消火である。

誤り。可燃性蒸気を増やすことは危険を高める。

除去消火・冷却消火との違いを区別する。",酸素濃度を下げる。;CO2・泡・不活性ガス。;人の窒息リスク。,冷却消火と混同する。;密閉空間で人がいるのにCO2を大量噴射する。,"「窒息」は、火災・消火・漏えいの頻出語です。

整理のコツ：関連する「窒息消火」「消火」と、「同じ点・違う点」を表に書き出し、窒息だけの特徴を一行で言えるようにします。

覚え方：間違えたら「冷却消火と混同する」のパターンか確認し、同じ型の誤りが出た問題を2問だけ繰り返します。

復習のしかた：丸暗記より、選択肢の「誤り。」の理由を声に出して説明できるかを目標にします。",窒息消火の説明について、「酸素の供給を断って燃焼を止める方法である。」は正しい。,○。正しい。,窒息とは何ですか？,窒息は、燃焼に必要な酸素濃度を下げて消火する方式を指します。 たとえば、危険物の性質（水溶性か、蒸気がたまりやすいか）に合った消火・漏えい対策かどうかが、正誤の判断ポイントになります。 試験では、酸素濃度を下げる点を押さえると得点源になります。,窒息は試験でどんなふうに問われますか？,酸素濃度を下げる。CO2・泡・不活性ガス。人の窒息リスク。,窒息で間違えやすい点は？,冷却消火と混同する。密閉空間で人がいるのにCO2を大量噴射する。,窒息と「窒息消火」「消火」の違いは？,「窒息消火」「消火」は意味や数値・適用場面が異なります。用語ページの比較表と演習で、窒息だけのポイントを確認してください。
注水,ちゅうすい,火災・消火・漏えい,火災・消火・漏えい;乙4;頻出;詳細記事;実践演習連動;一問一答連動,"注水は、水を噴射・散布して燃焼物を冷却し消火する方法を指します。

たとえば、危険物の性質（水溶性か、蒸気がたまりやすいか）に合った消火・漏えい対策かどうかが、正誤の判断ポイントになります。

試験では、冷却消火の代表点を押さえると得点源になります。",まず「注水」は、水を噴射・散布して燃焼物を冷却し消火する方法を指します。,水による消火が不適切な場合;消火方法;第4類共通性質,,B,非水溶性液体火災では注水方法に注意。 誤り。指定数量は変わらない。 誤り。必ず燃焼を止めるとは限らない。 誤り。必ず固体になるわけではない。,注水とは？危険物取扱者試験（乙種第4類）で押さえる意味・試験ポイント,火災・消火・漏えい分野の「注水」は、水を噴射・散布して燃焼物を冷却し消火する方法を指します。試験では定義の言い換えと数値・主体の区別がセットで問われます。,"一般の可燃物火災では注水が有効ですが、非水溶性液体の表面火災では泡消火が優先される場合があります。金属火災（第4類）や水と反応する危険物では注水が禁忌です。

「注水消火」という用語とあわせて、消火方式の分類を整理してください。

誤り。指定数量は変わらない。

誤り。必ず燃焼を止めるとは限らない。

誤り。必ず固体になるわけではない。

誤り。不燃性になるわけではない。

非水溶性液体火災では注水方法に注意。",冷却消火の代表。;非水溶性では泡が有効な場合。;金属・水反応性では禁忌。,すべての危険物火災に注水する。;非水溶性に注水だけで十分と誤解する。,"「注水」は、火災・消火・漏えいの頻出語です。

整理のコツ：関連する「水による消火が不適切な場合」「消火方法」「第4類共通性質」と、「同じ点・違う点」を表に書き出し、注水だけの特徴を一行で言えるようにします。

覚え方：間違えたら「すべての危険物火災に注水する」のパターンか確認し、同じ型の誤りが出た問題を2問だけ繰り返します。

復習のしかた：丸暗記より、選択肢の「誤り。」の理由を声に出して説明できるかを目標にします。",非水溶性液体火災の消火で注意すべきことについて、「水で液面を広げないようにする。」は正しい。,○。正しい。,注水とは何ですか？,注水は、水を噴射・散布して燃焼物を冷却し消火する方法を指します。 たとえば、危険物の性質（水溶性か、蒸気がたまりやすいか）に合った消火・漏えい対策かどうかが、正誤の判断ポイントになります。 試験では、冷却消火の代表点を押さえると得点源になります。,注水は試験でどんなふうに問われますか？,冷却消火の代表。非水溶性では泡が有効な場合。金属・水反応性では禁忌。,注水で間違えやすい点は？,すべての危険物火災に注水する。非水溶性に注水だけで十分と誤解する。,注水と「水による消火が不適切な場合」「消火方法」の違いは？,「水による消火が不適切な場合」「消火方法」は意味や数値・適用場面が異なります。用語ページの比較表と演習で、注水だけのポイントを確認してください。
流出,りゅうしゅつ,火災・消火・漏えい,火災・消火・漏えい;乙4;頻出;詳細記事;実践演習連動;一問一答連動,"流出は、危険物がタンク・配管・容器から外へ漏れ出すことを指します。

たとえば、危険物の性質（水溶性か、蒸気がたまりやすいか）に合った消火・漏えい対策かどうかが、正誤の判断ポイントになります。

試験では、防油堤・流出防止点を押さえると得点源になります。",まず「流出」は、危険物がタンク・配管・容器から外へ漏れ出すことを指します。,火災予防;漏えい・流出時の危険;漏えい,危険物の規制に関する政令,B,漏えい時は火気厳禁・流出防止・回収。 誤り。可燃性蒸気をためてはならない。 誤り。裸火は危険である。 誤り。排水溝へ流すのは危険である。,流出とは？危険物取扱者試験（乙種第4類）で押さえる意味・試験ポイント,このページでは、火災・消火・漏えい分野の「流出」を、試験に出る形で整理します。ひとことで言うと、危険物がタンク・配管・容器から外へ漏れ出すことを指します。下の目次の順に読むと、定義から演習のポイントまでつながって理解できます。,"屋外タンク貯蔵所では防油堤により流出を防ぎます。流出時は火気厳禁、拡散防止、回収、届出・報告などの手順が問われます。土壌・下水への影響も考慮します。

「漏えい」とほぼ同義で使われることが多いですが、試験では設備基準と応急措置の文脈で整理してください。

誤り。可燃性蒸気をためてはならない。

誤り。裸火は危険である。

誤り。排水溝へ流すのは危険である。

誤り。喫煙は火気であり危険である。

漏えい時は火気厳禁・流出防止・回収。",防油堤・流出防止。;火気厳禁・回収・届出。;漏えいとの実務上の整理。,防油堤なしで貯蔵できると誤解する。;流出を報告不要とみなす。,"「流出」は、火災・消火・漏えいの頻出語です。

整理のコツ：関連する「火災予防」「漏えい・流出時の危険」「漏えい」と、「同じ点・違う点」を表に書き出し、流出だけの特徴を一行で言えるようにします。

覚え方：間違えたら「防油堤なしで貯蔵できると誤解する」のパターンか確認し、同じ型の誤りが出た問題を2問だけ繰り返します。

復習のしかた：丸暗記より、選択肢の「誤り。」の理由を声に出して説明できるかを目標にします。",第4類危険物が漏えいした場合の対応として、適切なものについて、「漏えい箇所の周囲で喫煙する。」は正しい。,×。誤り。,流出とは何ですか？,流出は、危険物がタンク・配管・容器から外へ漏れ出すことを指します。 たとえば、危険物の性質（水溶性か、蒸気がたまりやすいか）に合った消火・漏えい対策かどうかが、正誤の判断ポイントになります。 試験では、防油堤・流出防止点を押さえると得点源になります。,流出は試験でどんなふうに問われますか？,防油堤・流出防止。火気厳禁・回収・届出。漏えいとの実務上の整理。,流出で間違えやすい点は？,防油堤なしで貯蔵できると誤解する。流出を報告不要とみなす。,流出と「火災予防」「漏えい・流出時の危険」の違いは？,「火災予防」「漏えい・流出時の危険」は意味や数値・適用場面が異なります。用語ページの比較表と演習で、流出だけのポイントを確認してください。
給油,きゅうゆ,火災・消火・漏えい,火災・消火・漏えい;乙4;頻出;詳細記事;実践演習連動;一問一答連動,"給油は、自動車等にガソリン等の燃料を注入する作業を指します。

たとえば、危険物の性質（水溶性か、蒸気がたまりやすいか）に合った消火・漏えい対策かどうかが、正誤の判断ポイントになります。

試験では、静電気・火気・溢れのリスク点を押さえると得点源になります。",まず「給油」は、自動車等にガソリン等の燃料を注入する作業を指します。,取扱所基準;給油取扱所の基準;セルフ式給油取扱所の基準,危険物の規制に関する政令,B,給油取扱所と移動タンク貯蔵所を混同しない。 セルフ式給油取扱所では監視・安全確保が重要。 給油取扱所では火気・漏えい・静電気に注意。 誤り。免状交付機関ではない。,給油とは？危険物取扱者試験（乙種第4類）で押さえる意味・試験ポイント,このページでは、火災・消火・漏えい分野の「給油」を、試験に出る形で整理します。ひとことで言うと、自動車等にガソリン等の燃料を注入する作業を指します。下の目次の順に読むと、定義から演習のポイントまでつながって理解できます。,"給油作業では、静電気による着火、燃料の溢れ、火気の近接がリスクです。セルフ式給油取扱所では表示・設備・利用者への注意喚起が基準化されています。

「給油取扱所」はその作業を行う施設の種類であり、用語を混同しないでください。

誤り。免状交付機関ではない。

誤り。屋内貯蔵所の説明である。

誤り。移動タンク貯蔵所の説明である。

誤り。移送取扱所の説明に近いが、貯蔵所ではない。

給油取扱所と移動タンク貯蔵所を混同しない。

セルフ式給油取扱所では監視・安全確保が重要。",静電気・火気・溢れのリスク。;セルフ式の基準。;給油取扱所との区別。,給油取扱所と一般取扱所を同一視する。;静電気対策を軽視する。,"「給油」は、火災・消火・漏えいの頻出語です。

整理のコツ：関連する「取扱所基準」「給油取扱所の基準」「セルフ式給油取扱所の基準」と、「同じ点・違う点」を表に書き出し、給油だけの特徴を一行で言えるようにします。

覚え方：間違えたら「給油取扱所と一般取扱所を同一視する」のパターンか確認し、同じ型の誤りが出た問題を2問だけ繰り返します。

復習のしかた：丸暗記より、選択肢の「誤り。」の理由を声に出して説明できるかを目標にします。",給油取扱所について、「危険物取扱者免状を交付する行政機関である。」は正しい。,×。誤り。,給油とは何ですか？,給油は、自動車等にガソリン等の燃料を注入する作業を指します。 たとえば、危険物の性質（水溶性か、蒸気がたまりやすいか）に合った消火・漏えい対策かどうかが、正誤の判断ポイントになります。 試験では、静電気・火気・溢れのリスク点を押さえると得点源になります。,給油は試験でどんなふうに問われますか？,静電気・火気・溢れのリスク。セルフ式の基準。給油取扱所との区別。,給油で間違えやすい点は？,給油取扱所と一般取扱所を同一視する。静電気対策を軽視する。,給油と「取扱所基準」「給油取扱所の基準」の違いは？,「取扱所基準」「給油取扱所の基準」は意味や数値・適用場面が異なります。用語ページの比較表と演習で、給油だけのポイントを確認してください。
第1石油類,だい1せきゆるい,火災・消火・漏えい,火災・消火・漏えい;乙4;頻出;詳細記事;実践演習連動;一問一答連動,"第1石油類は、引火点が21℃未満の石油類を指し、ガソリン等が代表例である。

たとえば、ガソリン（非水溶性）は200 L、アセトン（水溶性）は400 Lのように、品名ごとに数値が決まります。

試験では、引火点21℃未満点を押さえると得点源になります。",まず「第1石油類」は、引火点が21℃未満の石油類を指し、ガソリン等が代表例である。,第一石油類;ガソリン;アセトン,危険物の規制に関する政令,B,酢酸と酢酸エチルは分類が異なるため注意する。 ガソリン・ベンゼン・トルエンは第一石油類。 ガソリンは揮発しやすく、蒸気に引火しやすい。 誤り。第二石油類ではない。,第1石油類とは？危険物取扱者試験（乙種第4類）で押さえる意味・試験ポイント,このページでは、火災・消火・漏えい分野の「第1石油類」を、試験に出る形で整理します。ひとことで言うと、引火点が21℃未満の石油類を指し、ガソリン等が代表例である。下の目次の順に読むと、定義から演習のポイントまでつながって理解できます。,"第1石油類は水溶性200 L・非水溶性200 L（ガソリンは非水溶性）など、指定数量が性状で分かれます。取扱い・貯蔵・運搬では火気管理と換気が特に厳しくなります。

第2石油類・第3石油類との引火点の境界も試験の定番です。

誤り。第二石油類ではない。

誤り。動植物油類ではない。

誤り。アルコール類ではない。

誤り。第三石油類ではない。

酢酸と酢酸エチルは分類が異なるため注意する。

ガソリン・ベンゼン・トルエンは第一石油類。",引火点21℃未満。;ガソリンは非水溶性。;指定数量・倍数計算。,第2石油類と引火点を混同する。;水溶性・非水溶性の数量を誤る。,"「第1石油類」は、火災・消火・漏えいの頻出語です。

整理のコツ：関連する「第一石油類」「ガソリン」「アセトン」と、「同じ点・違う点」を表に書き出し、第1石油類だけの特徴を一行で言えるようにします。

覚え方：間違えたら「第2石油類と引火点を混同する」のパターンか確認し、同じ型の誤りが出た問題を2問だけ繰り返します。

復習のしかた：丸暗記より、選択肢の「誤り。」の理由を声に出して説明できるかを目標にします。",第一石油類の代表例として、適切なものについて、「ガソリン」は正しい。,○。正しい。,第1石油類とは何ですか？,第1石油類は、引火点が21℃未満の石油類を指し、ガソリン等が代表例である。 たとえば、ガソリン（非水溶性）は200 L、アセトン（水溶性）は400 Lのように、品名ごとに数値が決まります。 試験では、引火点21℃未満点を押さえると得点源になります。,第1石油類は試験でどんなふうに問われますか？,引火点21℃未満。ガソリンは非水溶性。指定数量・倍数計算。,第1石油類で間違えやすい点は？,第2石油類と引火点を混同する。水溶性・非水溶性の数量を誤る。,第1石油類と「第一石油類」「ガソリン」の違いは？,「第一石油類」「ガソリン」は意味や数値・適用場面が異なります。用語ページの比較表と演習で、第1石油類だけのポイントを確認してください。
第2石油類,だい2せきゆるい,火災・消火・漏えい,火災・消火・漏えい;乙4;頻出;詳細記事;実践演習連動;一問一答連動,"第2石油類は、引火点が21℃以上70℃未満の石油類を指します。

たとえば、第2石油類は危険物の類別のひとつです。乙4では第4類（引火性液体）が中心ですが、誤り選択肢では他の類の例も出ます。

試験では、引火点21℃以上70℃未満点を押さえると得点源になります。",まず「第2石油類」は、引火点が21℃以上70℃未満の石油類を指します。,第二石油類;第二石油類の性質;キシレン・酢酸などの第二石油類,危険物の規制に関する政令,B,トルエンは第一石油類、キシレンは第二石油類として区別する。 酢酸エチルは第一石油類、酢酸は第二石油類として区別する。 第一石油類・第二石油類を混同しない。 誤り。第一石油類ではない。,第2石油類とは？危険物取扱者試験（乙種第4類）で押さえる意味・試験ポイント,このページでは、火災・消火・漏えい分野の「第2石油類」を、試験に出る形で整理します。ひとことで言うと、引火点が21℃以上70℃未満の石油類を指します。下の目次の順に読むと、定義から演習のポイントまでつながって理解できます。,"灯油・軽油などが第2石油類に該当します。第1石油類より引火点が高いため取扱いのリスクは相対的に低いですが、火気管理・換気は依然として必要です。

酢酸など別表第一の品名と、石油類の類別は別軸で整理してください。

誤り。第一石油類ではない。

誤り。動植物油類ではない。

誤り。アルコール類ではない。

誤り。特殊引火物ではない。

トルエンは第一石油類、キシレンは第二石油類として区別する。

酢酸エチルは第一石油類、酢酸は第二石油類として区別する。",引火点21℃以上70℃未満。;第1・第3石油類との境界。;灯油・軽油。,第1石油類と引火点を混同する。;品名と石油類の類別を混同する。,"「第2石油類」は、火災・消火・漏えいの頻出語です。

整理のコツ：関連する「第二石油類」「第二石油類の性質」「キシレン・酢酸などの第二石油類」と、「同じ点・違う点」を表に書き出し、第2石油類だけの特徴を一行で言えるようにします。

覚え方：間違えたら「第1石油類と引火点を混同する」のパターンか確認し、同じ型の誤りが出た問題を2問だけ繰り返します。

復習のしかた：丸暗記より、選択肢の「誤り。」の理由を声に出して説明できるかを目標にします。",第二石油類の代表例の組合せについて、「灯油・軽油」は正しい。,○。正しい。,第2石油類とは何ですか？,第2石油類は、引火点が21℃以上70℃未満の石油類を指します。 たとえば、第2石油類は危険物の類別のひとつです。乙4では第4類（引火性液体）が中心ですが、誤り選択肢では他の類の例も出ます。 試験では、引火点21℃以上70℃未満点を押さえると得点源になります。,第2石油類は試験でどんなふうに問われますか？,引火点21℃以上70℃未満。第1・第3石油類との境界。灯油・軽油。,第2石油類で間違えやすい点は？,第1石油類と引火点を混同する。品名と石油類の類別を混同する。,第2石油類と「第二石油類」「第二石油類の性質」の違いは？,「第二石油類」「第二石油類の性質」は意味や数値・適用場面が異なります。用語ページの比較表と演習で、第2石油類だけのポイントを確認してください。
酢酸,さくさん,火災・消火・漏えい,火災・消火・漏えい;乙4;頻出;詳細記事;実践演習連動;一問一答連動,"酢酸は、危険物の品名（別表第一）の一つで、性状・引火点により類別・指定数量が決まる。

たとえば、ガソリン（非水溶性）は200 L、アセトン（水溶性）は400 Lのように、品名ごとに数値が決まります。

試験では、別表第一の品名点を押さえると得点源になります。",まず「酢酸」は、危険物の品名（別表第一）の一つで、性状・引火点により類別・指定数量が決まる。,第二石油類;第二石油類の性質;キシレン・酢酸などの第二石油類,危険物の規制に関する政令,B,トルエンは第一石油類、キシレンは第二石油類として区別する。 酢酸エチルは第一石油類、酢酸は第二石油類として区別する。 酢酸は第二石油類、酢酸エチルは第一石油類。 誤り。第一石油類ではない。,酢酸とは？危険物取扱者試験（乙種第4類）で押さえる意味・試験ポイント,このページでは、火災・消火・漏えい分野の「酢酸」を、試験に出る形で整理します。ひとことで言うと、危険物の品名（別表第一）の一つで、性状・引火点により類別・指定数量が決まる。下の目次の順に読むと、定義から演習のポイントまでつながって理解できます。,"酢酸は腐食性・引火性を併せ持つため、容器・保管・漏えい対策が重要です。試験では品名と性状の組合せ、第2石油類への該当、指定数量の数値が問われます。

酢酸エチルなど類似品名と混同しないよう、別表第一の表記どおりに覚えてください。

誤り。第一石油類ではない。

誤り。動植物油類ではない。

誤り。アルコール類ではない。

誤り。特殊引火物ではない。

トルエンは第一石油類、キシレンは第二石油類として区別する。

酢酸エチルは第一石油類、酢酸は第二石油類として区別する。",別表第一の品名。;引火点・類別。;指定数量・取扱い注意。,酢酸エチルと混同する。;品名だけで類別を決めつける。,"「酢酸」は、火災・消火・漏えいの頻出語です。

整理のコツ：関連する「第二石油類」「第二石油類の性質」「キシレン・酢酸などの第二石油類」と、「同じ点・違う点」を表に書き出し、酢酸だけの特徴を一行で言えるようにします。

覚え方：間違えたら「酢酸エチルと混同する」のパターンか確認し、同じ型の誤りが出た問題を2問だけ繰り返します。

復習のしかた：丸暗記より、選択肢の「誤り。」の理由を声に出して説明できるかを目標にします。",キシレンの分類について、「特殊引火物」は正しい。,×。誤り。,酢酸とは何ですか？,酢酸は、危険物の品名（別表第一）の一つで、性状・引火点により類別・指定数量が決まる。 たとえば、ガソリン（非水溶性）は200 L、アセトン（水溶性）は400 Lのように、品名ごとに数値が決まります。 試験では、別表第一の品名点を押さえると得点源になります。,酢酸は試験でどんなふうに問われますか？,別表第一の品名。引火点・類別。指定数量・取扱い注意。,酢酸で間違えやすい点は？,酢酸エチルと混同する。品名だけで類別を決めつける。,酢酸と「第二石油類」「第二石油類の性質」の違いは？,「第二石油類」「第二石油類の性質」は意味や数値・適用場面が異なります。用語ページの比較表と演習で、酢酸だけのポイントを確認してください。
動植物油,どうしょくぶつあぶら,火災・消火・漏えい,火災・消火・漏えい;乙4;頻出;詳細記事;実践演習連動;一問一答連動,"動植物油は、危険物の品名（別表第一）の一つで、食用油等が該当する場合がある。

たとえば、ガソリン（非水溶性）は200 L、アセトン（水溶性）は400 Lのように、品名ごとに数値が決まります。

試験では、別表第一の品名点を押さえると得点源になります。",まず「動植物油」は、危険物の品名（別表第一）の一つで、食用油等が該当する場合がある。,動植物油類;動植物油類の性質;乾性油・自然発火,危険物の規制に関する政令,B,"食用油でも危険物として扱われる場合がある。 動植物油類は10,000 L。油を含んだ布の蓄熱にも注意。 指定数量だけでなく、自然発火の論点も問われる。 誤り。アセトンは第一石油類である。",動植物油とは？危険物取扱者試験（乙種第4類）で押さえる意味・試験ポイント,このページでは、火災・消火・漏えい分野の「動植物油」を、試験に出る形で整理します。ひとことで言うと、危険物の品名（別表第一）の一つで、食用油等が該当する場合がある。下の目次の順に読むと、定義から演習のポイントまでつながって理解できます。,"動植物油類は引火点が比較的高く、第4石油類に当てはまる場合の指定数量は8000 Lなど大きい値が設定されています。加熱・煎炸料理の業務用と、危険物の規制対象の境界も試験で問われます。

「動植物油類」という表記とセットで、品名・性状・類別を確認してください。

誤り。アセトンは第一石油類である。

誤り。ガソリンは第一石油類である。

誤り。メタノールはアルコール類である。

誤り。ジエチルエーテルは特殊引火物である。

食用油でも危険物として扱われる場合がある。

動植物油類は10,000 L。油を含んだ布の蓄熱にも注意。",別表第一の品名。;引火点・第4石油類。;指定数量が大きい場合がある。,すべての食用油が同一数量と誤解する。;可燃物一般と混同する。,"「動植物油」は、火災・消火・漏えいの頻出語です。

整理のコツ：関連する「動植物油類」「動植物油類の性質」「乾性油・自然発火」と、「同じ点・違う点」を表に書き出し、動植物油だけの特徴を一行で言えるようにします。

覚え方：間違えたら「すべての食用油が同一数量と誤解する」のパターンか確認し、同じ型の誤りが出た問題を2問だけ繰り返します。

復習のしかた：丸暗記より、選択肢の「誤り。」の理由を声に出して説明できるかを目標にします。",動植物油類に該当するものとして、適切なものについて、「大豆油」は正しい。,○。正しい。,動植物油とは何ですか？,動植物油は、危険物の品名（別表第一）の一つで、食用油等が該当する場合がある。 たとえば、ガソリン（非水溶性）は200 L、アセトン（水溶性）は400 Lのように、品名ごとに数値が決まります。 試験では、別表第一の品名点を押さえると得点源になります。,動植物油は試験でどんなふうに問われますか？,別表第一の品名。引火点・第4石油類。指定数量が大きい場合がある。,動植物油で間違えやすい点は？,すべての食用油が同一数量と誤解する。可燃物一般と混同する。,動植物油と「動植物油類」「動植物油類の性質」の違いは？,「動植物油類」「動植物油類の性質」は意味や数値・適用場面が異なります。用語ページの比較表と演習で、動植物油だけのポイントを確認してください。
