slug,genre,title,meta_description,lead,priority,tags,author_name,author_profile,reviewer_name,reviewer_profile,fact_checked_at,primary_sources,original_note,user_intent,action_items,update_policy,last_reviewed_at,next_review_at,source_checked_at,content_status,revision_note,section_1_heading,section_1_body,section_2_heading,section_2_body,section_3_heading,section_3_body,section_4_heading,section_4_body,section_5_heading,section_5_body,section_6_heading,section_6_body,section_7_heading,section_7_body,faq_1_question,faq_1_answer,faq_2_question,faq_2_answer,related_links
exam-overview,試験概要,危険物取扱者試験（乙種第4類）の概要と最初に確認するポイント,危険物取扱者試験（乙種第4類）の概要と最初に確認するポイント。公式情報の確認と学習の入口を、危険物取扱者試験（乙種第4類）受験者向けに乙4マスターが整理しました。,危険物取扱者試験（乙種第4類）を初めて検討する人向けに、公式で確認すべき項目と乙4マスターでの学習の進め方を整理します。,10,試験概要;公式情報,乙4マスター編集部,危険物取扱者試験（乙種第4類）向けの学習コンテンツ（演習・用語・試験ガイド）を整理する編集チーム,公式情報確認担当,消防試験研究センター・消防庁の公開情報と照合し、サイト内リンクの整合を確認,2026-05-21,消防試験研究センター 危険物取扱者（公式）|https://www.shoubo-shiken.or.jp/kikenbutsu/;消防庁（公式）|https://www.fdma.go.jp/,exam-overview — populate_o4_guide_articles.py で生成,「概要と最初に確認するポイント」を理解し、乙4マスターの演習・用語・関連ガイドへ進みたい。,公式受験案内を保存する;出題範囲表を確認する;学習計画記事へ進む,試験要項・消防法改正・出題範囲の更新時に本文と参照元を見直します。,2026-05-21,2026-06-20,2026-05-21,published,enrich_o4_guide_articles.py で 2026-05-21 品質更新（スラッグ別本文・FAQ）。,試験の目的と位置づけ,概要と最初に確認するポイントでは、危険物取扱者は甲・乙・丙の区分があり、乙4は第4類（引火性液体中心）の保安知識が中心です。現場の製造・貯蔵・取扱いに直結する資格として位置づけられます。,まず確認する公式情報,概要と最初に確認するポイントを進めるうえで、受験案内・出題範囲・試験日程は消防試験研究センター（危険物取扱者）が一次情報です。都道府県ごとに実施時期が異なるため、受験地の案内PDFを保存してください。,このサイトでできること,ここでは概要と最初に確認するポイントについて、乙4マスターでは実践演習500問・一問一答・過去問（年度別）・用語解説・試験ガイドを組み合わせて学べます。分野チップで弱点を可視化できます。,受験前に押さえる項目,概要と最初に確認するポイントの実務で押さえるのは、申込前に資格・期限・会場・持ち物・合格後手続きをチェックリスト化し、数値論点は用語解説で定義確認後に演習します。制度・数値の最終確認は消防試験研究センター（危険物取扱者）の最新案内で行い、乙4マスターの実践演習・用語解説で理解を固めてください。,次に読む記事,まとめると概要と最初に確認するポイントでは、次は出題範囲・学習計画・演習の使い方の記事へ進み、週間スケジュールを決めてから演習量を増やしてください。制度・数値の最終確認は消防試験研究センター（危険物取扱者）の最新案内で行い、乙4マスターの実践演習・用語解説で理解を固めてください。,,,,,概要と最初に確認するポイントは独学でも対応できますか？,可能な受験者も多いです。公式範囲の把握と演習・復習の仕組みを先に決めてください。,概要と最初に確認するポイントで最初に読むべき公式資料は？,受験案内と出題範囲表です。日程・資格・試験方法をセットで確認してください。,study-plan:学習計画の立て方;past-question-strategy:過去問の使い方
study-plan,学習計画,危険物取扱者試験（乙種第4類）の学習計画の立て方,危険物取扱者試験（乙種第4類）の学習計画の立て方。期間別の学習設計を、危険物取扱者試験（乙種第4類）受験者向けに乙4マスターが整理しました。,学習計画の立て方について、期間・週間表・復習の組み立て方を整理します。,25,学習計画;試験対策,乙4マスター編集部,危険物取扱者試験（乙種第4類）向けの学習コンテンツ（演習・用語・試験ガイド）を整理する編集チーム,公式情報確認担当,消防試験研究センター・消防庁の公開情報と照合し、サイト内リンクの整合を確認,2026-05-21,消防試験研究センター 危険物取扱者（公式）|https://www.shoubo-shiken.or.jp/kikenbutsu/;消防庁（公式）|https://www.fdma.go.jp/,study-plan — populate_o4_guide_articles.py で生成,「学習計画の立て方」を理解し、乙4マスターの演習・用語・関連ガイドへ進みたい。,3分野の週間ローテを決める;実践演習で現在地を測る;復習日を先に確保する,試験要項・消防法改正・出題範囲の更新時に本文と参照元を見直します。,2026-05-21,2026-06-20,2026-05-21,published,enrich_o4_guide_articles.py で 2026-05-21 品質更新（スラッグ別本文・FAQ）。,全体像を分野に分ける,学習計画の立て方では、3分野（法令・物性・火災）をローテーションし、週ごとに「重点分野」を1つだけ決めます。正答率で次週の配分を調整します。制度・数値の最終確認は消防試験研究センター（危険物取扱者）の最新案内で行い、乙4マスターの実践演習・用語解説で理解を固めてください。,学習期間の目安,学習計画の立て方を進めるうえで、学習期間は1日の確保時間と前提知識で決めます。無理な短期化より、復習日を先にカレンダー確保する方が定着しやすいです。,週間スケジュールの例,ここでは学習計画の立て方について、週間表の例：平日は短時間の一問一答、週末は演習まとめ＋解き直し。新規インプットの日と復習のみの日を分けます。制度・数値の最終確認は消防試験研究センター（危険物取扱者）の最新案内で行い、乙4マスターの実践演習・用語解説で理解を固めてください。,復習日の入れ方,学習計画の立て方の実務で押さえるのは、翌日・1週間後・直前の3層復習をセットにします。ブックマーク・誤答フィルタで復習対象を自動的に絞れます。制度・数値の最終確認は消防試験研究センター（危険物取扱者）の最新案内で行い、乙4マスターの実践演習・用語解説で理解を固めてください。,直前期の調整,まとめると学習計画の立て方では、直前2週間は範囲拡大を止め、誤答・数字・混同用語だけを毎日短時間見直します。模擬演習は時間計測を1回だけ行い、残りは誤答と数字表の見直しに充ててください。,,,,,学習計画の立て方の期間の目安は？,1日の学習時間と前提知識で変わります。復習日を先に確保した計画にしてください。,学習計画の立て方で演習はいつから始めますか？,範囲の全体像を掴んだら早めに開始し、弱点は用語解説と併用してください。,exam-overview:試験概要;past-question-strategy:過去問の使い方
past-question-strategy,過去問活用,危険物取扱者試験（乙種第4類）の実践演習・過去問の使い方,危険物取扱者試験（乙種第4類）の実践演習・過去問の使い方。演習・解き直しの手順を、危険物取扱者試験（乙種第4類）受験者向けに乙4マスターが整理しました。,実践演習500問と過去問・一問一答を組み合わせ、弱点を可視化しながら得点につなげる進め方を説明します。,30,過去問;模試;復習,乙4マスター編集部,危険物取扱者試験（乙種第4類）向けの学習コンテンツ（演習・用語・試験ガイド）を整理する編集チーム,公式情報確認担当,消防試験研究センター・消防庁の公開情報と照合し、サイト内リンクの整合を確認,2026-05-21,消防試験研究センター 危険物取扱者（公式）|https://www.shoubo-shiken.or.jp/kikenbutsu/;消防庁（公式）|https://www.fdma.go.jp/,past-question-strategy — populate_o4_guide_articles.py で生成,「実践演習・過去問の使い方」を理解し、乙4マスターの演習・用語・関連ガイドへ進みたい。,最新年度過去問を時間計測で解く;誤答理由を分類する;用語解説で混同を解消する,試験要項・消防法改正・出題範囲の更新時に本文と参照元を見直します。,2026-05-21,2026-06-20,2026-05-21,published,enrich_o4_guide_articles.py で 2026-05-21 品質更新（スラッグ別本文・FAQ）。,最初は年度別に解く,まず最新年度の過去問で本番に近い感覚をつかみ、次に実践演習で分野別の量を確保します。一問一答は移動中の用語チェックに使い、本番形式の演習とは役割を分けてください。,模試・一問一答の位置づけ,実践演習・過去問の使い方を進めるうえで、一問一答は隙間時間の用語確認、本番形式は過去問・実践演習で練習します。役割を混ぜないと効率が落ちます。制度・数値の最終確認は消防試験研究センター（危険物取扱者）の最新案内で行い、乙4マスターの実践演習・用語解説で理解を固めてください。,間違いの理由を分類する,ここでは実践演習・過去問の使い方について、誤答を知識不足・用語混同・計算ミス・読み飛ばしに分類し、同じ理由が続く分野は用語解説へ戻ります。制度・数値の最終確認は消防試験研究センター（危険物取扱者）の最新案内で行い、乙4マスターの実践演習・用語解説で理解を固めてください。,解き直しのタイミング,実践演習・過去問の使い方の実務で押さえるのは、解き直しは翌日以降。1週間空けた再演習で、暗記ではなく理解の確認になります。ブックマーク一覧を週次で空にするまで繰り返し、正答率の推移をメモに残してください。 strategyの観点では、解き直しを翌日以降に必ず行い、誤答ノートへ理由を1行残してください。,用語・分野別学習へ戻る,まとめると実践演習・過去問の使い方では、繰り返し落とす語句は用語解説で混同ペアを確認し、関連リンクで5語セット学習→演習10問で定着させます。演習だけで終わらせず、必ず用語ページで定義を一言で言えるまで確認してから次へ進みます。,,,,,実践演習・過去問の使い方は解き直しが必要ですか？,必要です。翌日以降・1週間後の再演習で理解の確認をしてください。,実践演習・過去問の使い方と一問一答の使い分けは？,一問一答は用語確認、本番形式は過去問・実践演習で役割を分けてください。,study-plan:学習計画;glossary-how-to:用語整理
glossary-how-to,用語整理,危険物取扱者試験（乙種第4類）の用語解説の活用法,危険物取扱者試験（乙種第4類）の用語解説の活用法。用語解説の活用法を、危険物取扱者試験（乙種第4類）受験者向けに乙4マスターが整理しました。,用語解説の活用法について、用語解説を使った知識の整理方法です。,35,用語集;知識整理,乙4マスター編集部,危険物取扱者試験（乙種第4類）向けの学習コンテンツ（演習・用語・試験ガイド）を整理する編集チーム,公式情報確認担当,消防試験研究センター・消防庁の公開情報と照合し、サイト内リンクの整合を確認,2026-05-21,消防試験研究センター 危険物取扱者（公式）|https://www.shoubo-shiken.or.jp/kikenbutsu/;消防庁（公式）|https://www.fdma.go.jp/,glossary-how-to — populate_o4_guide_articles.py で生成,「用語解説の活用法」を理解し、乙4マスターの演習・用語・関連ガイドへ進みたい。,演習で出た語を用語解説で確認する;数字・期限を一覧化する;関連用語を5語セットで読む,試験要項・消防法改正・出題範囲の更新時に本文と参照元を見直します。,2026-05-21,2026-06-20,2026-05-21,published,enrich_o4_guide_articles.py で 2026-05-21 品質更新（スラッグ別本文・FAQ）。,用語集の使い方,用語解説は360語以上を掲載。演習で出た語を起点に、定義→試験のポイント→関連用語の順で読むと効率的です。分野ハブ（法令・物性・火災）から一覧に入る方法もあります。,重要度の見方,用語解説の活用法を進めるうえで、出題範囲表の頻出章に対応する用語を優先します。指定数量・石油類区分・消火の適否は早めに押さえます。制度・数値の最終確認は消防試験研究センター（危険物取扱者）の最新案内で行い、乙4マスターの実践演習・用語解説で理解を固めてください。,数字・期限の整理,ここでは用語解説の活用法について、数字・期限は一覧表にまとめ、出典（政令・規則）を1語メモします。「誰が・いつまでに・何を」型で整理します。制度・数値の最終確認は消防試験研究センター（危険物取扱者）の最新案内で行い、乙4マスターの実践演習・用語解説で理解を固めてください。,関連用語で回遊する,用語解説の活用法の実務で押さえるのは、移送／運搬、標識／表示など混同ペアは関連用語で往復読みし、直後に演習で確認します。制度・数値の最終確認は消防試験研究センター（危険物取扱者）の最新案内で行い、乙4マスターの実践演習・用語解説で理解を固めてください。,過去問との往復,まとめると用語解説の活用法では、用語を読んだら同分野の演習を5〜10問解き、選択肢での言い換えに慣れてから次の語へ進みます。制度・数値の最終確認は消防試験研究センター（危険物取扱者）の最新案内で行い、乙4マスターの実践演習・用語解説で理解を固めてください。,,,,,用語解説の活用法は暗記だけで足りますか？,定義と混同語の理解まで含めて確認し、直後に演習で定着させてください。,用語解説の活用法で最初に読む用語は？,演習で誤答した語と、出題範囲表の頻出章に対応する語から優先してください。,past-question-strategy:過去問の使い方;exam-overview:試験概要
self-study-roadmap,独学対策,危険物取扱者試験（乙種第4類）を独学で進めるロードマップ,危険物取扱者試験（乙種第4類）を独学で進めるロードマップ。独学の教材と進め方を、危険物取扱者試験（乙種第4類）受験者向けに乙4マスターが整理しました。,独学で乙4合格を目指すときの、公式確認→演習→用語→復習の全体ロードマップです。,26,独学;教材;学習計画,乙4マスター編集部,危険物取扱者試験（乙種第4類）向けの学習コンテンツ（演習・用語・試験ガイド）を整理する編集チーム,公式情報確認担当,消防試験研究センター・消防庁の公開情報と照合し、サイト内リンクの整合を確認,2026-05-21,消防試験研究センター 危険物取扱者（公式）|https://www.shoubo-shiken.or.jp/kikenbutsu/;消防庁（公式）|https://www.fdma.go.jp/,self-study-roadmap — populate_o4_guide_articles.py で生成,「を独学で進めるロードマップ」を理解し、乙4マスターの演習・用語・関連ガイドへ進みたい。,公式情報を確認する;演習で現在地を把握する;用語解説で弱点を補う,試験要項・消防法改正・出題範囲の更新時に本文と参照元を見直します。,2026-05-21,2026-06-20,2026-05-21,published,enrich_o4_guide_articles.py で 2026-05-21 品質更新（スラッグ別本文・FAQ）。,独学前に公式情報を確認,を独学で進めるロードマップでは、独学は公式範囲の確定と復習の仕組みが土台です。最初の1時間は教材ではなく受験案内と出題範囲に充ててください。制度・数値の最終確認は消防試験研究センター（危険物取扱者）の最新案内で行い、乙4マスターの実践演習・用語解説で理解を固めてください。,教材・参考書の選び方,を独学で進めるロードマップを進めるうえで、参考書・問題集は各1冊から始め、目次とサンプル章で文体を確認してから追加します。乙4は数字・用語の索引があるかも選定ポイントです。,過去問で現在地を確認,ここではを独学で進めるロードマップについて、実践演習500問で分野別正答率を測り、70%未満の分野からテキストを当てます。正答率が高い分野は維持演習に切り替えます。,復習を計画に入れる,を独学で進めるロードマップの実務で押さえるのは、誤答と「なんとなく正解」を記録し、翌日以降に再演習します。解きっぱなしは同じミスを本番まで持ち込みます。,直前期の絞り込み,まとめるとを独学で進めるロードマップでは、直前は新規教材を増やさず、誤答ノート・指定数量・消火の適否・届出類型に絞って見直します。制度・数値の最終確認は消防試験研究センター（危険物取扱者）の最新案内で行い、乙4マスターの実践演習・用語解説で理解を固めてください。,,,,,を独学で進めるロードマップに予備校は必須ですか？,必須ではありません。公式範囲と演習・復習が回るかで判断してください。,を独学で進めるロードマップで教材は何冊必要ですか？,基本はテキスト1・問題集1から。足りない分野だけ追加する方が続きやすいです。,exam-overview:試験概要;study-plan:学習計画
official-info-sources,試験概要,危険物取扱者試験（乙種第4類）の公式情報の確認先と使い方,危険物取扱者試験（乙種第4類）の公式情報の確認先と使い方。公式情報の確認と学習の入口を、危険物取扱者試験（乙種第4類）受験者向けに乙4マスターが整理しました。,公式情報の確認先と使い方について、公式確認と乙4マスターの学習機能の使い方をまとめます。,10,試験概要;公式情報,乙4マスター編集部,危険物取扱者試験（乙種第4類）向けの学習コンテンツ（演習・用語・試験ガイド）を整理する編集チーム,公式情報確認担当,消防試験研究センター・消防庁の公開情報と照合し、サイト内リンクの整合を確認,2026-05-21,消防試験研究センター 危険物取扱者（公式）|https://www.shoubo-shiken.or.jp/kikenbutsu/;消防庁（公式）|https://www.fdma.go.jp/,official-info-sources — populate_o4_guide_articles.py で生成,「公式情報の確認先と使い方」を理解し、乙4マスターの演習・用語・関連ガイドへ進みたい。,公式受験案内を保存する;出題範囲表を確認する;学習計画記事へ進む,試験要項・消防法改正・出題範囲の更新時に本文と参照元を見直します。,2026-05-21,2026-06-20,2026-05-21,published,enrich_o4_guide_articles.py で 2026-05-21 品質更新（スラッグ別本文・FAQ）。,試験の目的と位置づけ,公式情報の確認先と使い方では、危険物取扱者は甲・乙・丙の区分があり、乙4は第4類（引火性液体中心）の保安知識が中心です。現場の製造・貯蔵・取扱いに直結する資格として位置づけられます。,まず確認する公式情報,公式情報の確認先と使い方を進めるうえで、受験案内・出題範囲・試験日程は消防試験研究センター（危険物取扱者）が一次情報です。都道府県ごとに実施時期が異なるため、受験地の案内PDFを保存してください。,このサイトでできること,ここでは公式情報の確認先と使い方について、乙4マスターでは実践演習500問・一問一答・過去問（年度別）・用語解説・試験ガイドを組み合わせて学べます。分野チップで弱点を可視化できます。,受験前に押さえる項目,公式情報の確認先と使い方の実務で押さえるのは、申込前に資格・期限・会場・持ち物・合格後手続きをチェックリスト化し、数値論点は用語解説で定義確認後に演習します。制度・数値の最終確認は消防試験研究センター（危険物取扱者）の最新案内で行い、乙4マスターの実践演習・用語解説で理解を固めてください。,次に読む記事,まとめると公式情報の確認先と使い方では、次は出題範囲・学習計画・演習の使い方の記事へ進み、週間スケジュールを決めてから演習量を増やしてください。制度・数値の最終確認は消防試験研究センター（危険物取扱者）の最新案内で行い、乙4マスターの実践演習・用語解説で理解を固めてください。,,,,,公式情報の確認先と使い方は独学でも対応できますか？,可能な受験者も多いです。公式範囲の把握と演習・復習の仕組みを先に決めてください。,公式情報の確認先と使い方で最初に読むべき公式資料は？,受験案内と出題範囲表です。日程・資格・試験方法をセットで確認してください。,study-plan:学習計画の立て方;past-question-strategy:過去問の使い方
learning-app-guide,試験概要,乙4マスターの使い方（実践演習・用語・復習）,乙4マスターの使い方（実践演習・用語・復習）。公式情報の確認と学習の入口を、危険物取扱者試験（乙種第4類）受験者向けに乙4マスターが整理しました。,乙4マスターの使い方（実践演習・用語・復習）について、公式確認と乙4マスターの学習機能の使い方をまとめます。,10,試験概要;公式情報,乙4マスター編集部,危険物取扱者試験（乙種第4類）向けの学習コンテンツ（演習・用語・試験ガイド）を整理する編集チーム,公式情報確認担当,消防試験研究センター・消防庁の公開情報と照合し、サイト内リンクの整合を確認,2026-05-21,消防試験研究センター 危険物取扱者（公式）|https://www.shoubo-shiken.or.jp/kikenbutsu/;消防庁（公式）|https://www.fdma.go.jp/,learning-app-guide — populate_o4_guide_articles.py で生成,「乙4マスターの使い方（実践演習・用語・復習）」を理解し、乙4マスターの演習・用語・関連ガイドへ進みたい。,公式受験案内を保存する;出題範囲表を確認する;学習計画記事へ進む,試験要項・消防法改正・出題範囲の更新時に本文と参照元を見直します。,2026-05-21,2026-06-20,2026-05-21,published,enrich_o4_guide_articles.py で 2026-05-21 品質更新（スラッグ別本文・FAQ）。,試験の目的と位置づけ,乙4マスターの使い方（実践演習・用語・復習）では、危険物取扱者は甲・乙・丙の区分があり、乙4は第4類（引火性液体中心）の保安知識が中心です。現場の製造・貯蔵・取扱いに直結する資格として位置づけられます。,まず確認する公式情報,乙4マスターの使い方（実践演習・用語・復習）を進めるうえで、受験案内・出題範囲・試験日程は消防試験研究センター（危険物取扱者）が一次情報です。都道府県ごとに実施時期が異なるため、受験地の案内PDFを保存してください。,このサイトでできること,乙4マスターはブラウザで、実践演習・一問一答・過去問・用語解説・試験ガイドを横断できます。トップの分野チップ、過去問一覧の年度・分野フィルタ、用語の関連リンクを組み合わせ、「演習→誤答→用語→再演習」のループを1セットとして使うのがおすすめです。,受験前に押さえる項目,"乙4マスターの使い方（実践演習・用語・復習）の実務で押さえるのは、申込前に資格・期限・会場・持ち物・合格後手続きをチェックリスト化し、数値論点は用語解説で定義確認後に演習します。

アカウント不要で演習・用語・過去問を試せる範囲を先に確認し、自分の学習フロー（演習→用語→再演習）を1周体験してから計画を立ててください。",次に読む記事,"まとめると乙4マスターの使い方（実践演習・用語・復習）では、次は出題範囲・学習計画・演習の使い方の記事へ進み、週間スケジュールを決めてから演習量を増やしてください。

使い方が分かったら学習計画・過去問活用の記事で週間の回し方を固定し、分野別正答率を記録する習慣をつけてください。",,,,,乙4マスターの使い方（実践演習・用語・復習）は独学でも対応できますか？,可能な受験者も多いです。公式範囲の把握と演習・復習の仕組みを先に決めてください。,乙4マスターの使い方（実践演習・用語・復習）で最初に読むべき公式資料は？,受験案内と出題範囲表です。日程・資格・試験方法をセットで確認してください。,study-plan:学習計画の立て方;past-question-strategy:過去問の使い方
exam-purpose-and-career,試験概要,危険物取扱者試験（乙種第4類）の目的と取得後の活用イメージ,危険物取扱者試験（乙種第4類）の目的と取得後の活用イメージ。公式情報の確認と学習の入口を、危険物取扱者試験（乙種第4類）受験者向けに乙4マスターが整理しました。,目的と取得後の活用イメージについて、公式確認と乙4マスターの学習機能の使い方をまとめます。,10,試験概要;公式情報,乙4マスター編集部,危険物取扱者試験（乙種第4類）向けの学習コンテンツ（演習・用語・試験ガイド）を整理する編集チーム,公式情報確認担当,消防試験研究センター・消防庁の公開情報と照合し、サイト内リンクの整合を確認,2026-05-21,消防試験研究センター 危険物取扱者（公式）|https://www.shoubo-shiken.or.jp/kikenbutsu/;消防庁（公式）|https://www.fdma.go.jp/,exam-purpose-and-career — populate_o4_guide_articles.py で生成,「目的と取得後の活用イメージ」を理解し、乙4マスターの演習・用語・関連ガイドへ進みたい。,公式受験案内を保存する;出題範囲表を確認する;学習計画記事へ進む,試験要項・消防法改正・出題範囲の更新時に本文と参照元を見直します。,2026-05-21,2026-06-20,2026-05-21,published,enrich_o4_guide_articles.py で 2026-05-21 品質更新（スラッグ別本文・FAQ）。,試験の目的と位置づけ,目的と取得後の活用イメージでは、危険物取扱者は甲・乙・丙の区分があり、乙4は第4類（引火性液体中心）の保安知識が中心です。現場の製造・貯蔵・取扱いに直結する資格として位置づけられます。,まず確認する公式情報,目的と取得後の活用イメージを進めるうえで、受験案内・出題範囲・試験日程は消防試験研究センター（危険物取扱者）が一次情報です。都道府県ごとに実施時期が異なるため、受験地の案内PDFを保存してください。,このサイトでできること,ここでは目的と取得後の活用イメージについて、乙4マスターでは実践演習500問・一問一答・過去問（年度別）・用語解説・試験ガイドを組み合わせて学べます。分野チップで弱点を可視化できます。,受験前に押さえる項目,目的と取得後の活用イメージの実務で押さえるのは、申込前に資格・期限・会場・持ち物・合格後手続きをチェックリスト化し、数値論点は用語解説で定義確認後に演習します。制度・数値の最終確認は消防試験研究センター（危険物取扱者）の最新案内で行い、乙4マスターの実践演習・用語解説で理解を固めてください。,次に読む記事,まとめると目的と取得後の活用イメージでは、次は出題範囲・学習計画・演習の使い方の記事へ進み、週間スケジュールを決めてから演習量を増やしてください。制度・数値の最終確認は消防試験研究センター（危険物取扱者）の最新案内で行い、乙4マスターの実践演習・用語解説で理解を固めてください。,,,,,目的と取得後の活用イメージは独学でも対応できますか？,可能な受験者も多いです。公式範囲の把握と演習・復習の仕組みを先に決めてください。,目的と取得後の活用イメージで最初に読むべき公式資料は？,受験案内と出題範囲表です。日程・資格・試験方法をセットで確認してください。,study-plan:学習計画の立て方;past-question-strategy:過去問の使い方
first-time-exam-guide,試験概要,危険物取扱者試験（乙種第4類）を初めて受験する人向けガイド,危険物取扱者試験（乙種第4類）を初めて受験する人向けガイド。公式情報の確認と学習の入口を、危険物取扱者試験（乙種第4類）受験者向けに乙4マスターが整理しました。,を初めて受験する人向けガイドについて、公式確認と乙4マスターの学習機能の使い方をまとめます。,10,試験概要;公式情報,乙4マスター編集部,危険物取扱者試験（乙種第4類）向けの学習コンテンツ（演習・用語・試験ガイド）を整理する編集チーム,公式情報確認担当,消防試験研究センター・消防庁の公開情報と照合し、サイト内リンクの整合を確認,2026-05-21,消防試験研究センター 危険物取扱者（公式）|https://www.shoubo-shiken.or.jp/kikenbutsu/;消防庁（公式）|https://www.fdma.go.jp/,first-time-exam-guide — populate_o4_guide_articles.py で生成,「を初めて受験する人向けガイド」を理解し、乙4マスターの演習・用語・関連ガイドへ進みたい。,公式受験案内を保存する;出題範囲表を確認する;学習計画記事へ進む,試験要項・消防法改正・出題範囲の更新時に本文と参照元を見直します。,2026-05-21,2026-06-20,2026-05-21,published,enrich_o4_guide_articles.py で 2026-05-21 品質更新（スラッグ別本文・FAQ）。,試験の目的と位置づけ,を初めて受験する人向けガイドでは、危険物取扱者は甲・乙・丙の区分があり、乙4は第4類（引火性液体中心）の保安知識が中心です。現場の製造・貯蔵・取扱いに直結する資格として位置づけられます。,まず確認する公式情報,を初めて受験する人向けガイドを進めるうえで、受験案内・出題範囲・試験日程は消防試験研究センター（危険物取扱者）が一次情報です。都道府県ごとに実施時期が異なるため、受験地の案内PDFを保存してください。,このサイトでできること,ここではを初めて受験する人向けガイドについて、乙4マスターでは実践演習500問・一問一答・過去問（年度別）・用語解説・試験ガイドを組み合わせて学べます。分野チップで弱点を可視化できます。,受験前に押さえる項目,を初めて受験する人向けガイドの実務で押さえるのは、申込前に資格・期限・会場・持ち物・合格後手続きをチェックリスト化し、数値論点は用語解説で定義確認後に演習します。制度・数値の最終確認は消防試験研究センター（危険物取扱者）の最新案内で行い、乙4マスターの実践演習・用語解説で理解を固めてください。,次に読む記事,まとめるとを初めて受験する人向けガイドでは、次は出題範囲・学習計画・演習の使い方の記事へ進み、週間スケジュールを決めてから演習量を増やしてください。制度・数値の最終確認は消防試験研究センター（危険物取扱者）の最新案内で行い、乙4マスターの実践演習・用語解説で理解を固めてください。,,,,,を初めて受験する人向けガイドは独学でも対応できますか？,可能な受験者も多いです。公式範囲の把握と演習・復習の仕組みを先に決めてください。,を初めて受験する人向けガイドで最初に読むべき公式資料は？,受験案内と出題範囲表です。日程・資格・試験方法をセットで確認してください。,study-plan:学習計画の立て方;past-question-strategy:過去問の使い方
compare-similar-qualifications,試験概要,危険物取扱者 甲種・乙種・丙種の違い,危険物取扱者 甲種・乙種・丙種の違い。公式情報の確認と学習の入口を、危険物取扱者試験（乙種第4類）受験者向けに乙4マスターが整理しました。,甲種・乙種・丙種の違いについて、公式確認と乙4マスターの学習機能の使い方をまとめます。,10,試験概要;公式情報,乙4マスター編集部,危険物取扱者試験（乙種第4類）向けの学習コンテンツ（演習・用語・試験ガイド）を整理する編集チーム,公式情報確認担当,消防試験研究センター・消防庁の公開情報と照合し、サイト内リンクの整合を確認,2026-05-21,消防試験研究センター 危険物取扱者（公式）|https://www.shoubo-shiken.or.jp/kikenbutsu/;消防庁（公式）|https://www.fdma.go.jp/,compare-similar-qualifications — populate_o4_guide_articles.py で生成,「危険物取扱者 甲種・乙種・丙種の違い」を理解し、乙4マスターの演習・用語・関連ガイドへ進みたい。,公式受験案内を保存する;出題範囲表を確認する;学習計画記事へ進む,試験要項・消防法改正・出題範囲の更新時に本文と参照元を見直します。,2026-05-21,2026-06-20,2026-05-21,published,enrich_o4_guide_articles.py で 2026-05-21 品質更新（スラッグ別本文・FAQ）。,試験の目的と位置づけ,危険物取扱者は甲種・乙種（第1〜6類）・丙種があり、取り扱える危険物の範囲が異なります。乙種第4類は第4類（引火性液体中心）に特化した資格で、ガソリンスタンド・化学プラント周辺などで需要があります。他類を併修する場合は受験資格と実務の関係を公式案内で確認してください。,まず確認する公式情報,甲種・乙種・丙種の違いを進めるうえで、受験案内・出題範囲・試験日程は消防試験研究センター（危険物取扱者）が一次情報です。都道府県ごとに実施時期が異なるため、受験地の案内PDFを保存してください。,このサイトでできること,ここでは甲種・乙種・丙種の違いについて、乙4マスターでは実践演習500問・一問一答・過去問（年度別）・用語解説・試験ガイドを組み合わせて学べます。分野チップで弱点を可視化できます。,受験前に押さえる項目,甲種・乙種・丙種の違いの実務で押さえるのは、申込前に資格・期限・会場・持ち物・合格後手続きをチェックリスト化し、数値論点は用語解説で定義確認後に演習します。制度・数値の最終確認は消防試験研究センター（危険物取扱者）の最新案内で行い、乙4マスターの実践演習・用語解説で理解を固めてください。,次に読む記事,まとめると甲種・乙種・丙種の違いでは、次は出題範囲・学習計画・演習の使い方の記事へ進み、週間スケジュールを決めてから演習量を増やしてください。制度・数値の最終確認は消防試験研究センター（危険物取扱者）の最新案内で行い、乙4マスターの実践演習・用語解説で理解を固めてください。,,,,,甲種・乙種・丙種の違いは独学でも対応できますか？,可能な受験者も多いです。公式範囲の把握と演習・復習の仕組みを先に決めてください。,甲種・乙種・丙種の違いで最初に読むべき公式資料は？,受験案内と出題範囲表です。日程・資格・試験方法をセットで確認してください。,study-plan:学習計画の立て方;past-question-strategy:過去問の使い方
exam-eligibility,受験・申込,危険物取扱者試験（乙種第4類）の受験資格の確認方法,危険物取扱者試験（乙種第4類）の受験資格の確認方法。資格・日程・申込の実務ポイントを、危険物取扱者試験（乙種第4類）受験者向けに乙4マスターが整理しました。,受験資格の要件を公式表で確認する手順と、よくある見落としを整理します。,15,受験資格;申込;公式情報,乙4マスター編集部,危険物取扱者試験（乙種第4類）向けの学習コンテンツ（演習・用語・試験ガイド）を整理する編集チーム,公式情報確認担当,消防試験研究センター・消防庁の公開情報と照合し、サイト内リンクの整合を確認,2026-05-21,消防試験研究センター 危険物取扱者（公式）|https://www.shoubo-shiken.or.jp/kikenbutsu/;消防庁（公式）|https://www.fdma.go.jp/,exam-eligibility — populate_o4_guide_articles.py で生成,「受験資格の確認方法」を理解し、乙4マスターの演習・用語・関連ガイドへ進みたい。,受験資格を公式表で確認する;申込期限をカレンダー登録する;会場・持ち物をメモする,試験要項・消防法改正・出題範囲の更新時に本文と参照元を見直します。,2026-05-21,2026-06-20,2026-05-21,published,enrich_o4_guide_articles.py で 2026-05-21 品質更新（スラッグ別本文・FAQ）。,受験資格の確認,"受験資格の確認方法では、受験資格は学歴・実務・他免状の組み合わせで決まります。公式の資格表で条件を自分の経歴に当てはめ、該当欄にチェックを入れて確認します。

乙4は、丙種・他乙種の保有、実務経験、学歴などの組み合わせで受験可否が決まります。「実務」と認められる職務の範囲も公式で確認し、勤務証明の準備期間も逆算してください。",年間スケジュール,受験資格の確認方法を進めるうえで、年間スケジュールは地域・実施回で異なります。申込開始・締切・試験日・合格発表をカレンダーに一括登録し、学習開始日を逆算します。,申込期間と手数料,ここでは受験資格の確認方法について、受験料・納付方法は年度案内で確認します。振込名義・申込書の不備は不受理の原因になりやすいため、記入例と照合してください。,申込手順と会場,受験資格の確認方法の実務で押さえるのは、申込は案内に沿った書類・写真・会場希望を揃えて提出します。会場アクセスと当日の入場時間も同時にメモしておきます。,申込前チェックリスト,まとめると受験資格の確認方法では、提出前に資格・期限・料金・会場・持ち物を再読みし、変更・欠席時の扱いも公式で確認してから申し込みます。制度・数値の最終確認は消防試験研究センター（危険物取扱者）の最新案内で行い、乙4マスターの実践演習・用語解説で理解を固めてください。,,,,,実務経験はどこまで認められますか？,職務の範囲は受験案内の定義に従います。勤務証明の書式・提出先も公式で確認してください。,他の危険物免状を持っていますが乙4は受けられますか？,保有する免状の種類・類・取得時期によって要件が変わります。資格表で該当欄を必ず確認してください。,exam-overview:試験概要;study-plan:学習計画
exemption-system,受験・申込,危険物取扱者試験（乙種第4類）の免除制度の概要,危険物取扱者試験（乙種第4類）の免除制度の概要。資格・日程・申込の実務ポイントを、危険物取扱者試験（乙種第4類）受験者向けに乙4マスターが整理しました。,免除制度の概要について、申込前に押さえる公式情報と手続きのポイントです。,15,受験資格;申込;公式情報,乙4マスター編集部,危険物取扱者試験（乙種第4類）向けの学習コンテンツ（演習・用語・試験ガイド）を整理する編集チーム,公式情報確認担当,消防試験研究センター・消防庁の公開情報と照合し、サイト内リンクの整合を確認,2026-05-21,消防試験研究センター 危険物取扱者（公式）|https://www.shoubo-shiken.or.jp/kikenbutsu/;消防庁（公式）|https://www.fdma.go.jp/,exemption-system — populate_o4_guide_articles.py で生成,「免除制度の概要」を理解し、乙4マスターの演習・用語・関連ガイドへ進みたい。,受験資格を公式表で確認する;申込期限をカレンダー登録する;会場・持ち物をメモする,試験要項・消防法改正・出題範囲の更新時に本文と参照元を見直します。,2026-05-21,2026-06-20,2026-05-21,published,enrich_o4_guide_articles.py で 2026-05-21 品質更新（スラッグ別本文・FAQ）。,受験資格の確認,"免除制度の概要では、受験資格は学歴・実務・他免状の組み合わせで決まります。公式の資格表で条件を自分の経歴に当てはめ、該当欄にチェックを入れて確認します。

免除・一部科目免除がある場合は、必要書類と申請先が通常申込と異なることがあります。該当するかどうかを公式表で確認し、期限を通常申込より早めに設定してください。",年間スケジュール,免除制度の概要を進めるうえで、年間スケジュールは地域・実施回で異なります。申込開始・締切・試験日・合格発表をカレンダーに一括登録し、学習開始日を逆算します。,申込期間と手数料,ここでは免除制度の概要について、受験料・納付方法は年度案内で確認します。振込名義・申込書の不備は不受理の原因になりやすいため、記入例と照合してください。,申込手順と会場,免除制度の概要の実務で押さえるのは、申込は案内に沿った書類・写真・会場希望を揃えて提出します。会場アクセスと当日の入場時間も同時にメモしておきます。,申込前チェックリスト,まとめると免除制度の概要では、提出前に資格・期限・料金・会場・持ち物を再読みし、変更・欠席時の扱いも公式で確認してから申し込みます。制度・数値の最終確認は消防試験研究センター（危険物取扱者）の最新案内で行い、乙4マスターの実践演習・用語解説で理解を固めてください。,,,,,免除制度はどこで確認できますか？,受験案内の免除・一部科目免除の章を参照してください。必要書類は年度で変更されることがあります。,免除を申請するタイミングは？,通常の申込期限より早い場合があります。案内のスケジュール表で確認してください。,exam-overview:試験概要;study-plan:学習計画
work-experience-requirement,受験・申込,危険物取扱者試験（乙種第4類）と実務経験・職務の関係,危険物取扱者試験（乙種第4類）と実務経験・職務の関係。資格・日程・申込の実務ポイントを、危険物取扱者試験（乙種第4類）受験者向けに乙4マスターが整理しました。,と実務経験・職務の関係について、申込前に押さえる公式情報と手続きのポイントです。,15,受験資格;申込;公式情報,乙4マスター編集部,危険物取扱者試験（乙種第4類）向けの学習コンテンツ（演習・用語・試験ガイド）を整理する編集チーム,公式情報確認担当,消防試験研究センター・消防庁の公開情報と照合し、サイト内リンクの整合を確認,2026-05-21,消防試験研究センター 危険物取扱者（公式）|https://www.shoubo-shiken.or.jp/kikenbutsu/;消防庁（公式）|https://www.fdma.go.jp/,work-experience-requirement — populate_o4_guide_articles.py で生成,「と実務経験・職務の関係」を理解し、乙4マスターの演習・用語・関連ガイドへ進みたい。,受験資格を公式表で確認する;申込期限をカレンダー登録する;会場・持ち物をメモする,試験要項・消防法改正・出題範囲の更新時に本文と参照元を見直します。,2026-05-21,2026-06-20,2026-05-21,published,enrich_o4_guide_articles.py で 2026-05-21 品質更新（スラッグ別本文・FAQ）。,受験資格の確認,と実務経験・職務の関係では、受験資格は学歴・実務・他免状の組み合わせで決まります。公式の資格表で条件を自分の経歴に当てはめ、該当欄にチェックを入れて確認します。,年間スケジュール,と実務経験・職務の関係を進めるうえで、年間スケジュールは地域・実施回で異なります。申込開始・締切・試験日・合格発表をカレンダーに一括登録し、学習開始日を逆算します。,申込期間と手数料,ここではと実務経験・職務の関係について、受験料・納付方法は年度案内で確認します。振込名義・申込書の不備は不受理の原因になりやすいため、記入例と照合してください。,申込手順と会場,と実務経験・職務の関係の実務で押さえるのは、申込は案内に沿った書類・写真・会場希望を揃えて提出します。会場アクセスと当日の入場時間も同時にメモしておきます。,申込前チェックリスト,まとめるとと実務経験・職務の関係では、提出前に資格・期限・料金・会場・持ち物を再読みし、変更・欠席時の扱いも公式で確認してから申し込みます。制度・数値の最終確認は消防試験研究センター（危険物取扱者）の最新案内で行い、乙4マスターの実践演習・用語解説で理解を固めてください。,,,,,と実務経験・職務の関係の情報はどこが公式ですか？,消防試験研究センター（危険物取扱者）の受験案内が一次情報です。都道府県の実施要項も併せて確認してください。,と実務経験・職務の関係で見落としがちな点は？,申込期限・受験料の納付・必要書類の不備です。チェックリストで提出前に再確認してください。,exam-overview:試験概要;study-plan:学習計画
education-requirement,受験・申込,危険物取扱者試験（乙種第4類）の学歴要件の見方,危険物取扱者試験（乙種第4類）の学歴要件の見方。資格・日程・申込の実務ポイントを、危険物取扱者試験（乙種第4類）受験者向けに乙4マスターが整理しました。,学歴要件の見方について、申込前に押さえる公式情報と手続きのポイントです。,15,受験資格;申込;公式情報,乙4マスター編集部,危険物取扱者試験（乙種第4類）向けの学習コンテンツ（演習・用語・試験ガイド）を整理する編集チーム,公式情報確認担当,消防試験研究センター・消防庁の公開情報と照合し、サイト内リンクの整合を確認,2026-05-21,消防試験研究センター 危険物取扱者（公式）|https://www.shoubo-shiken.or.jp/kikenbutsu/;消防庁（公式）|https://www.fdma.go.jp/,education-requirement — populate_o4_guide_articles.py で生成,「学歴要件の見方」を理解し、乙4マスターの演習・用語・関連ガイドへ進みたい。,受験資格を公式表で確認する;申込期限をカレンダー登録する;会場・持ち物をメモする,試験要項・消防法改正・出題範囲の更新時に本文と参照元を見直します。,2026-05-21,2026-06-20,2026-05-21,published,enrich_o4_guide_articles.py で 2026-05-21 品質更新（スラッグ別本文・FAQ）。,受験資格の確認,学歴要件の見方では、受験資格は学歴・実務・他免状の組み合わせで決まります。公式の資格表で条件を自分の経歴に当てはめ、該当欄にチェックを入れて確認します。,年間スケジュール,学歴要件の見方を進めるうえで、年間スケジュールは地域・実施回で異なります。申込開始・締切・試験日・合格発表をカレンダーに一括登録し、学習開始日を逆算します。,申込期間と手数料,ここでは学歴要件の見方について、受験料・納付方法は年度案内で確認します。振込名義・申込書の不備は不受理の原因になりやすいため、記入例と照合してください。,申込手順と会場,学歴要件の見方の実務で押さえるのは、申込は案内に沿った書類・写真・会場希望を揃えて提出します。会場アクセスと当日の入場時間も同時にメモしておきます。,申込前チェックリスト,まとめると学歴要件の見方では、提出前に資格・期限・料金・会場・持ち物を再読みし、変更・欠席時の扱いも公式で確認してから申し込みます。制度・数値の最終確認は消防試験研究センター（危険物取扱者）の最新案内で行い、乙4マスターの実践演習・用語解説で理解を固めてください。,,,,,学歴要件の見方の情報はどこが公式ですか？,消防試験研究センター（危険物取扱者）の受験案内が一次情報です。都道府県の実施要項も併せて確認してください。,学歴要件の見方で見落としがちな点は？,申込期限・受験料の納付・必要書類の不備です。チェックリストで提出前に再確認してください。,exam-overview:試験概要;study-plan:学習計画
concurrent-exam-rules,受験・申込,危険物取扱者と他資格の同時受験の注意点,危険物取扱者と他資格の同時受験の注意点。資格・日程・申込の実務ポイントを、危険物取扱者試験（乙種第4類）受験者向けに乙4マスターが整理しました。,と他資格の同時受験の注意点について、申込前に押さえる公式情報と手続きのポイントです。,15,受験資格;申込;公式情報,乙4マスター編集部,危険物取扱者試験（乙種第4類）向けの学習コンテンツ（演習・用語・試験ガイド）を整理する編集チーム,公式情報確認担当,消防試験研究センター・消防庁の公開情報と照合し、サイト内リンクの整合を確認,2026-05-21,消防試験研究センター 危険物取扱者（公式）|https://www.shoubo-shiken.or.jp/kikenbutsu/;消防庁（公式）|https://www.fdma.go.jp/,concurrent-exam-rules — populate_o4_guide_articles.py で生成,「危険物取扱者と他資格の同時受験の注意点」を理解し、乙4マスターの演習・用語・関連ガイドへ進みたい。,受験資格を公式表で確認する;申込期限をカレンダー登録する;会場・持ち物をメモする,試験要項・消防法改正・出題範囲の更新時に本文と参照元を見直します。,2026-05-21,2026-06-20,2026-05-21,published,enrich_o4_guide_articles.py で 2026-05-21 品質更新（スラッグ別本文・FAQ）。,受験資格の確認,と他資格の同時受験の注意点では、受験資格は学歴・実務・他免状の組み合わせで決まります。公式の資格表で条件を自分の経歴に当てはめ、該当欄にチェックを入れて確認します。,年間スケジュール,と他資格の同時受験の注意点を進めるうえで、年間スケジュールは地域・実施回で異なります。申込開始・締切・試験日・合格発表をカレンダーに一括登録し、学習開始日を逆算します。,申込期間と手数料,ここではと他資格の同時受験の注意点について、受験料・納付方法は年度案内で確認します。振込名義・申込書の不備は不受理の原因になりやすいため、記入例と照合してください。,申込手順と会場,と他資格の同時受験の注意点の実務で押さえるのは、申込は案内に沿った書類・写真・会場希望を揃えて提出します。会場アクセスと当日の入場時間も同時にメモしておきます。,申込前チェックリスト,まとめるとと他資格の同時受験の注意点では、提出前に資格・期限・料金・会場・持ち物を再読みし、変更・欠席時の扱いも公式で確認してから申し込みます。制度・数値の最終確認は消防試験研究センター（危険物取扱者）の最新案内で行い、乙4マスターの実践演習・用語解説で理解を固めてください。,,,,,と他資格の同時受験の注意点の情報はどこが公式ですか？,消防試験研究センター（危険物取扱者）の受験案内が一次情報です。都道府県の実施要項も併せて確認してください。,と他資格の同時受験の注意点で見落としがちな点は？,申込期限・受験料の納付・必要書類の不備です。チェックリストで提出前に再確認してください。,exam-overview:試験概要;study-plan:学習計画
exam-schedule,受験・申込,危険物取扱者試験（乙種第4類）の試験日程と年間スケジュール,危険物取扱者試験（乙種第4類）の試験日程と年間スケジュール。資格・日程・申込の実務ポイントを、危険物取扱者試験（乙種第4類）受験者向けに乙4マスターが整理しました。,試験日程・申込締切・合格発表をカレンダー管理するための確認ポイントです。,15,受験資格;申込;公式情報,乙4マスター編集部,危険物取扱者試験（乙種第4類）向けの学習コンテンツ（演習・用語・試験ガイド）を整理する編集チーム,公式情報確認担当,消防試験研究センター・消防庁の公開情報と照合し、サイト内リンクの整合を確認,2026-05-21,消防試験研究センター 危険物取扱者（公式）|https://www.shoubo-shiken.or.jp/kikenbutsu/;消防庁（公式）|https://www.fdma.go.jp/,exam-schedule — populate_o4_guide_articles.py で生成,「試験日程と年間スケジュール」を理解し、乙4マスターの演習・用語・関連ガイドへ進みたい。,受験資格を公式表で確認する;申込期限をカレンダー登録する;会場・持ち物をメモする,試験要項・消防法改正・出題範囲の更新時に本文と参照元を見直します。,2026-05-21,2026-06-20,2026-05-21,published,enrich_o4_guide_articles.py で 2026-05-21 品質更新（スラッグ別本文・FAQ）。,受験資格の確認,試験日程と年間スケジュールでは、受験資格は学歴・実務・他免状の組み合わせで決まります。公式の資格表で条件を自分の経歴に当てはめ、該当欄にチェックを入れて確認します。,年間スケジュール,試験日程と年間スケジュールを進めるうえで、年間スケジュールは地域・実施回で異なります。申込開始・締切・試験日・合格発表をカレンダーに一括登録し、学習開始日を逆算します。,申込期間と手数料,ここでは試験日程と年間スケジュールについて、受験料・納付方法は年度案内で確認します。振込名義・申込書の不備は不受理の原因になりやすいため、記入例と照合してください。,申込手順と会場,試験日程と年間スケジュールの実務で押さえるのは、申込は案内に沿った書類・写真・会場希望を揃えて提出します。会場アクセスと当日の入場時間も同時にメモしておきます。,申込前チェックリスト,まとめると試験日程と年間スケジュールでは、提出前に資格・期限・料金・会場・持ち物を再読みし、変更・欠席時の扱いも公式で確認してから申し込みます。制度・数値の最終確認は消防試験研究センター（危険物取扱者）の最新案内で行い、乙4マスターの実践演習・用語解説で理解を固めてください。,,,,,試験日程と年間スケジュールの情報はどこが公式ですか？,消防試験研究センター（危険物取扱者）の受験案内が一次情報です。都道府県の実施要項も併せて確認してください。,試験日程と年間スケジュールで見落としがちな点は？,申込期限・受験料の納付・必要書類の不備です。チェックリストで提出前に再確認してください。,exam-overview:試験概要;study-plan:学習計画
exam-fees,受験・申込,危険物取扱者試験（乙種第4類）の受験料と支払い,危険物取扱者試験（乙種第4類）の受験料と支払い。資格・日程・申込の実務ポイントを、危険物取扱者試験（乙種第4類）受験者向けに乙4マスターが整理しました。,受験料と支払いについて、申込前に押さえる公式情報と手続きのポイントです。,15,受験資格;申込;公式情報,乙4マスター編集部,危険物取扱者試験（乙種第4類）向けの学習コンテンツ（演習・用語・試験ガイド）を整理する編集チーム,公式情報確認担当,消防試験研究センター・消防庁の公開情報と照合し、サイト内リンクの整合を確認,2026-05-21,消防試験研究センター 危険物取扱者（公式）|https://www.shoubo-shiken.or.jp/kikenbutsu/;消防庁（公式）|https://www.fdma.go.jp/,exam-fees — populate_o4_guide_articles.py で生成,「受験料と支払い」を理解し、乙4マスターの演習・用語・関連ガイドへ進みたい。,受験資格を公式表で確認する;申込期限をカレンダー登録する;会場・持ち物をメモする,試験要項・消防法改正・出題範囲の更新時に本文と参照元を見直します。,2026-05-21,2026-06-20,2026-05-21,published,enrich_o4_guide_articles.py で 2026-05-21 品質更新（スラッグ別本文・FAQ）。,受験資格の確認,受験料と支払いでは、受験資格は学歴・実務・他免状の組み合わせで決まります。公式の資格表で条件を自分の経歴に当てはめ、該当欄にチェックを入れて確認します。,年間スケジュール,受験料と支払いを進めるうえで、年間スケジュールは地域・実施回で異なります。申込開始・締切・試験日・合格発表をカレンダーに一括登録し、学習開始日を逆算します。,申込期間と手数料,"ここでは受験料と支払いについて、受験料・納付方法は年度案内で確認します。振込名義・申込書の不備は不受理の原因になりやすいため、記入例と照合してください。

受験料は年度・地域で案内されます。振込手数料・納付期限・不受理になる記入ミス（振込名義・金額）を申込チェックリストに含めてください。",申込手順と会場,受験料と支払いの実務で押さえるのは、申込は案内に沿った書類・写真・会場希望を揃えて提出します。会場アクセスと当日の入場時間も同時にメモしておきます。,申込前チェックリスト,まとめると受験料と支払いでは、提出前に資格・期限・料金・会場・持ち物を再読みし、変更・欠席時の扱いも公式で確認してから申し込みます。制度・数値の最終確認は消防試験研究センター（危険物取扱者）の最新案内で行い、乙4マスターの実践演習・用語解説で理解を固めてください。,,,,,受験料と支払いの情報はどこが公式ですか？,消防試験研究センター（危険物取扱者）の受験案内が一次情報です。都道府県の実施要項も併せて確認してください。,受験料と支払いで見落としがちな点は？,申込期限・受験料の納付・必要書類の不備です。チェックリストで提出前に再確認してください。,exam-overview:試験概要;study-plan:学習計画
exam-application-flow,受験・申込,危険物取扱者試験（乙種第4類）の申込手順,危険物取扱者試験（乙種第4類）の申込手順。資格・日程・申込の実務ポイントを、危険物取扱者試験（乙種第4類）受験者向けに乙4マスターが整理しました。,申込手順について、申込前に押さえる公式情報と手続きのポイントです。,15,受験資格;申込;公式情報,乙4マスター編集部,危険物取扱者試験（乙種第4類）向けの学習コンテンツ（演習・用語・試験ガイド）を整理する編集チーム,公式情報確認担当,消防試験研究センター・消防庁の公開情報と照合し、サイト内リンクの整合を確認,2026-05-21,消防試験研究センター 危険物取扱者（公式）|https://www.shoubo-shiken.or.jp/kikenbutsu/;消防庁（公式）|https://www.fdma.go.jp/,exam-application-flow — populate_o4_guide_articles.py で生成,「申込手順」を理解し、乙4マスターの演習・用語・関連ガイドへ進みたい。,受験資格を公式表で確認する;申込期限をカレンダー登録する;会場・持ち物をメモする,試験要項・消防法改正・出題範囲の更新時に本文と参照元を見直します。,2026-05-21,2026-06-20,2026-05-21,published,enrich_o4_guide_articles.py で 2026-05-21 品質更新（スラッグ別本文・FAQ）。,受験資格の確認,申込手順では、受験資格は学歴・実務・他免状の組み合わせで決まります。公式の資格表で条件を自分の経歴に当てはめ、該当欄にチェックを入れて確認します。,年間スケジュール,申込手順を進めるうえで、年間スケジュールは地域・実施回で異なります。申込開始・締切・試験日・合格発表をカレンダーに一括登録し、学習開始日を逆算します。,申込期間と手数料,ここでは申込手順について、受験料・納付方法は年度案内で確認します。振込名義・申込書の不備は不受理の原因になりやすいため、記入例と照合してください。,申込手順と会場,"申込手順の実務で押さえるのは、申込は案内に沿った書類・写真・会場希望を揃えて提出します。会場アクセスと当日の入場時間も同時にメモしておきます。

申込は郵送・窓口・オンラインなど実施団体の指定方法に従います。写真・印鑑・受験地の希望順位など、案内の必須項目を欠かさないようリスト化してください。",申込前チェックリスト,まとめると申込手順では、提出前に資格・期限・料金・会場・持ち物を再読みし、変更・欠席時の扱いも公式で確認してから申し込みます。制度・数値の最終確認は消防試験研究センター（危険物取扱者）の最新案内で行い、乙4マスターの実践演習・用語解説で理解を固めてください。,,,,,申込手順の情報はどこが公式ですか？,消防試験研究センター（危険物取扱者）の受験案内が一次情報です。都道府県の実施要項も併せて確認してください。,申込手順で見落としがちな点は？,申込期限・受験料の納付・必要書類の不備です。チェックリストで提出前に再確認してください。,exam-overview:試験概要;study-plan:学習計画
application-deadline-checklist,受験・申込,危険物取扱者試験（乙種第4類）の申込期限チェックリスト,危険物取扱者試験（乙種第4類）の申込期限チェックリスト。資格・日程・申込の実務ポイントを、危険物取扱者試験（乙種第4類）受験者向けに乙4マスターが整理しました。,申込期限チェックリストについて、申込前に押さえる公式情報と手続きのポイントです。,15,受験資格;申込;公式情報,乙4マスター編集部,危険物取扱者試験（乙種第4類）向けの学習コンテンツ（演習・用語・試験ガイド）を整理する編集チーム,公式情報確認担当,消防試験研究センター・消防庁の公開情報と照合し、サイト内リンクの整合を確認,2026-05-21,消防試験研究センター 危険物取扱者（公式）|https://www.shoubo-shiken.or.jp/kikenbutsu/;消防庁（公式）|https://www.fdma.go.jp/,application-deadline-checklist — populate_o4_guide_articles.py で生成,「申込期限チェックリスト」を理解し、乙4マスターの演習・用語・関連ガイドへ進みたい。,受験資格を公式表で確認する;申込期限をカレンダー登録する;会場・持ち物をメモする,試験要項・消防法改正・出題範囲の更新時に本文と参照元を見直します。,2026-05-21,2026-06-20,2026-05-21,published,enrich_o4_guide_articles.py で 2026-05-21 品質更新（スラッグ別本文・FAQ）。,受験資格の確認,申込期限チェックリストでは、受験資格は学歴・実務・他免状の組み合わせで決まります。公式の資格表で条件を自分の経歴に当てはめ、該当欄にチェックを入れて確認します。,年間スケジュール,申込期限チェックリストを進めるうえで、年間スケジュールは地域・実施回で異なります。申込開始・締切・試験日・合格発表をカレンダーに一括登録し、学習開始日を逆算します。,申込期間と手数料,ここでは申込期限チェックリストについて、受験料・納付方法は年度案内で確認します。振込名義・申込書の不備は不受理の原因になりやすいため、記入例と照合してください。,申込手順と会場,申込期限チェックリストの実務で押さえるのは、申込は案内に沿った書類・写真・会場希望を揃えて提出します。会場アクセスと当日の入場時間も同時にメモしておきます。,申込前チェックリスト,まとめると申込期限チェックリストでは、提出前に資格・期限・料金・会場・持ち物を再読みし、変更・欠席時の扱いも公式で確認してから申し込みます。制度・数値の最終確認は消防試験研究センター（危険物取扱者）の最新案内で行い、乙4マスターの実践演習・用語解説で理解を固めてください。,,,,,申込期限チェックリストの情報はどこが公式ですか？,消防試験研究センター（危険物取扱者）の受験案内が一次情報です。都道府県の実施要項も併せて確認してください。,申込期限チェックリストで見落としがちな点は？,申込期限・受験料の納付・必要書類の不備です。チェックリストで提出前に再確認してください。,exam-overview:試験概要;study-plan:学習計画
exam-venue-and-region,受験・申込,危険物取扱者試験（乙種第4類）の会場・地域の選び方,危険物取扱者試験（乙種第4類）の会場・地域の選び方。資格・日程・申込の実務ポイントを、危険物取扱者試験（乙種第4類）受験者向けに乙4マスターが整理しました。,会場・地域の選び方について、申込前に押さえる公式情報と手続きのポイントです。,15,受験資格;申込;公式情報,乙4マスター編集部,危険物取扱者試験（乙種第4類）向けの学習コンテンツ（演習・用語・試験ガイド）を整理する編集チーム,公式情報確認担当,消防試験研究センター・消防庁の公開情報と照合し、サイト内リンクの整合を確認,2026-05-21,消防試験研究センター 危険物取扱者（公式）|https://www.shoubo-shiken.or.jp/kikenbutsu/;消防庁（公式）|https://www.fdma.go.jp/,exam-venue-and-region — populate_o4_guide_articles.py で生成,「会場・地域の選び方」を理解し、乙4マスターの演習・用語・関連ガイドへ進みたい。,受験資格を公式表で確認する;申込期限をカレンダー登録する;会場・持ち物をメモする,試験要項・消防法改正・出題範囲の更新時に本文と参照元を見直します。,2026-05-21,2026-06-20,2026-05-21,published,enrich_o4_guide_articles.py で 2026-05-21 品質更新（スラッグ別本文・FAQ）。,受験資格の確認,会場・地域の選び方では、受験資格は学歴・実務・他免状の組み合わせで決まります。公式の資格表で条件を自分の経歴に当てはめ、該当欄にチェックを入れて確認します。,年間スケジュール,会場・地域の選び方を進めるうえで、年間スケジュールは地域・実施回で異なります。申込開始・締切・試験日・合格発表をカレンダーに一括登録し、学習開始日を逆算します。,申込期間と手数料,ここでは会場・地域の選び方について、受験料・納付方法は年度案内で確認します。振込名義・申込書の不備は不受理の原因になりやすいため、記入例と照合してください。,申込手順と会場,会場・地域の選び方の実務で押さえるのは、申込は案内に沿った書類・写真・会場希望を揃えて提出します。会場アクセスと当日の入場時間も同時にメモしておきます。,申込前チェックリスト,まとめると会場・地域の選び方では、提出前に資格・期限・料金・会場・持ち物を再読みし、変更・欠席時の扱いも公式で確認してから申し込みます。制度・数値の最終確認は消防試験研究センター（危険物取扱者）の最新案内で行い、乙4マスターの実践演習・用語解説で理解を固めてください。,,,,,会場・地域の選び方の情報はどこが公式ですか？,消防試験研究センター（危険物取扱者）の受験案内が一次情報です。都道府県の実施要項も併せて確認してください。,会場・地域の選び方で見落としがちな点は？,申込期限・受験料の納付・必要書類の不備です。チェックリストで提出前に再確認してください。,exam-overview:試験概要;study-plan:学習計画
reschedule-and-absence,受験・申込,危険物取扱者試験（乙種第4類）の欠席・再受験の扱い,危険物取扱者試験（乙種第4類）の欠席・再受験の扱い。資格・日程・申込の実務ポイントを、危険物取扱者試験（乙種第4類）受験者向けに乙4マスターが整理しました。,欠席・再受験の扱いについて、申込前に押さえる公式情報と手続きのポイントです。,15,受験資格;申込;公式情報,乙4マスター編集部,危険物取扱者試験（乙種第4類）向けの学習コンテンツ（演習・用語・試験ガイド）を整理する編集チーム,公式情報確認担当,消防試験研究センター・消防庁の公開情報と照合し、サイト内リンクの整合を確認,2026-05-21,消防試験研究センター 危険物取扱者（公式）|https://www.shoubo-shiken.or.jp/kikenbutsu/;消防庁（公式）|https://www.fdma.go.jp/,reschedule-and-absence — populate_o4_guide_articles.py で生成,「欠席・再受験の扱い」を理解し、乙4マスターの演習・用語・関連ガイドへ進みたい。,受験資格を公式表で確認する;申込期限をカレンダー登録する;会場・持ち物をメモする,試験要項・消防法改正・出題範囲の更新時に本文と参照元を見直します。,2026-05-21,2026-06-20,2026-05-21,published,enrich_o4_guide_articles.py で 2026-05-21 品質更新（スラッグ別本文・FAQ）。,受験資格の確認,欠席・再受験の扱いでは、受験資格は学歴・実務・他免状の組み合わせで決まります。公式の資格表で条件を自分の経歴に当てはめ、該当欄にチェックを入れて確認します。,年間スケジュール,欠席・再受験の扱いを進めるうえで、年間スケジュールは地域・実施回で異なります。申込開始・締切・試験日・合格発表をカレンダーに一括登録し、学習開始日を逆算します。,申込期間と手数料,ここでは欠席・再受験の扱いについて、受験料・納付方法は年度案内で確認します。振込名義・申込書の不備は不受理の原因になりやすいため、記入例と照合してください。,申込手順と会場,欠席・再受験の扱いの実務で押さえるのは、申込は案内に沿った書類・写真・会場希望を揃えて提出します。会場アクセスと当日の入場時間も同時にメモしておきます。,申込前チェックリスト,まとめると欠席・再受験の扱いでは、提出前に資格・期限・料金・会場・持ち物を再読みし、変更・欠席時の扱いも公式で確認してから申し込みます。制度・数値の最終確認は消防試験研究センター（危険物取扱者）の最新案内で行い、乙4マスターの実践演習・用語解説で理解を固めてください。,,,,,欠席・再受験の扱いの情報はどこが公式ですか？,消防試験研究センター（危険物取扱者）の受験案内が一次情報です。都道府県の実施要項も併せて確認してください。,欠席・再受験の扱いで見落としがちな点は？,申込期限・受験料の納付・必要書類の不備です。チェックリストで提出前に再確認してください。,exam-overview:試験概要;study-plan:学習計画
exam-format-overview,出題・形式,危険物取扱者試験（乙種第4類）の試験形式の全体像,危険物取扱者試験（乙種第4類）の試験形式の全体像。出題範囲と試験形式を、危険物取扱者試験（乙種第4類）受験者向けに乙4マスターが整理しました。,試験形式の全体像について、出題範囲と試験形式を押さえる手順です。,19,出題範囲;試験形式,乙4マスター編集部,危険物取扱者試験（乙種第4類）向けの学習コンテンツ（演習・用語・試験ガイド）を整理する編集チーム,公式情報確認担当,消防試験研究センター・消防庁の公開情報と照合し、サイト内リンクの整合を確認,2026-05-21,消防試験研究センター 危険物取扱者（公式）|https://www.shoubo-shiken.or.jp/kikenbutsu/;消防庁（公式）|https://www.fdma.go.jp/,exam-format-overview — populate_o4_guide_articles.py で生成,「試験形式の全体像」を理解し、乙4マスターの演習・用語・関連ガイドへ進みたい。,公式情報を確認する;演習で現在地を把握する;用語解説で弱点を補う,試験要項・消防法改正・出題範囲の更新時に本文と参照元を見直します。,2026-05-21,2026-06-20,2026-05-21,published,enrich_o4_guide_articles.py で 2026-05-21 品質更新（スラッグ別本文・FAQ）。,出題範囲の確認先,試験形式の全体像では、出題範囲は試験年度の「出題範囲」表が基準です。改定脚注・別紙も読み、教材目次と突き合わせてカバー漏れを防ぎます。制度・数値の最終確認は消防試験研究センター（危険物取扱者）の最新案内で行い、乙4マスターの実践演習・用語解説で理解を固めてください。,範囲の全体像と改定,試験形式の全体像を進めるうえで、乙4は法令・物性・火災予防の3領域が柱です。範囲表の章立てと乙4マスターの分野チップを対応づけると学習が整理しやすくなります。,科目・配点,ここでは試験形式の全体像について、科目配分・問題数は受験案内で確認します。配点の大きい領域ほど演習時間を厚くし、数字問題は用語定義とセットで覚えます。,制限時間と出題形式,試験形式の全体像の実務で押さえるのは、マークシート・制限時間は本番形式の演習で慣れます。見直し時間を残す前提で、普段から1問あたりの目安時間を計ってください。,過去問との対応,まとめると試験形式の全体像では、範囲の各章を演習タグと対応づけ、年度別過去問で形式に慣れたら実践演習で量と弱点補強を行います。制度・数値の最終確認は消防試験研究センター（危険物取扱者）の最新案内で行い、乙4マスターの実践演習・用語解説で理解を固めてください。,,,,,試験形式の全体像はどの公式資料で確認しますか？,出題範囲表と試験方法の章です。改定年度の脚注も読んでください。,試験形式の全体像と教材の目次はどう対応づけますか？,範囲表の章番号と教材目次を並べ、演習タグとも突き合わせると漏れが減ります。,exam-overview:試験概要;glossary-how-to:用語整理
subject-breakdown,出題・形式,危険物取扱者試験（乙種第4類）（乙4）の出題科目と配分,危険物取扱者試験（乙種第4類）（乙4）の出題科目と配分。出題範囲と試験形式を、危険物取扱者試験（乙種第4類）受験者向けに乙4マスターが整理しました。,（乙4）の出題科目と配分について、出題範囲と試験形式を押さえる手順です。,19,出題範囲;試験形式,乙4マスター編集部,危険物取扱者試験（乙種第4類）向けの学習コンテンツ（演習・用語・試験ガイド）を整理する編集チーム,公式情報確認担当,消防試験研究センター・消防庁の公開情報と照合し、サイト内リンクの整合を確認,2026-05-21,消防試験研究センター 危険物取扱者（公式）|https://www.shoubo-shiken.or.jp/kikenbutsu/;消防庁（公式）|https://www.fdma.go.jp/,subject-breakdown — populate_o4_guide_articles.py で生成,「（乙4）の出題科目と配分」を理解し、乙4マスターの演習・用語・関連ガイドへ進みたい。,公式情報を確認する;演習で現在地を把握する;用語解説で弱点を補う,試験要項・消防法改正・出題範囲の更新時に本文と参照元を見直します。,2026-05-21,2026-06-20,2026-05-21,published,enrich_o4_guide_articles.py で 2026-05-21 品質更新（スラッグ別本文・FAQ）。,出題範囲の確認先,（乙4）の出題科目と配分では、出題範囲は試験年度の「出題範囲」表が基準です。改定脚注・別紙も読み、教材目次と突き合わせてカバー漏れを防ぎます。制度・数値の最終確認は消防試験研究センター（危険物取扱者）の最新案内で行い、乙4マスターの実践演習・用語解説で理解を固めてください。,範囲の全体像と改定,（乙4）の出題科目と配分を進めるうえで、乙4は法令・物性・火災予防の3領域が柱です。範囲表の章立てと乙4マスターの分野チップを対応づけると学習が整理しやすくなります。,科目・配点,筆記試験は大きく①危険物に関する法令 ②基礎的な物理学及び基礎的な化学 ③危険物の性質並びにその火災予防及び消火の方法、に対応します。乙4マスターの実践演習では法令211問・物性142問・火災147問（計500問）で分野別に練習できます。配点・問題数は年度の受験案内で必ず確認してください。,制限時間と出題形式,（乙4）の出題科目と配分の実務で押さえるのは、マークシート・制限時間は本番形式の演習で慣れます。見直し時間を残す前提で、普段から1問あたりの目安時間を計ってください。,過去問との対応,まとめると（乙4）の出題科目と配分では、範囲の各章を演習タグと対応づけ、年度別過去問で形式に慣れたら実践演習で量と弱点補強を行います。制度・数値の最終確認は消防試験研究センター（危険物取扱者）の最新案内で行い、乙4マスターの実践演習・用語解説で理解を固めてください。,,,,,（乙4）の出題科目と配分はどの公式資料で確認しますか？,出題範囲表と試験方法の章です。改定年度の脚注も読んでください。,（乙4）の出題科目と配分と教材の目次はどう対応づけますか？,範囲表の章番号と教材目次を並べ、演習タグとも突き合わせると漏れが減ります。,exam-overview:試験概要;glossary-how-to:用語整理
cbt-computer-exam,出題・形式,危険物取扱者試験（乙種第4類）とCBT・マークシートの違い,危険物取扱者試験（乙種第4類）とCBT・マークシートの違い。出題範囲と試験形式を、危険物取扱者試験（乙種第4類）受験者向けに乙4マスターが整理しました。,とCBT・マークシートの違いについて、出題範囲と試験形式を押さえる手順です。,19,出題範囲;試験形式,乙4マスター編集部,危険物取扱者試験（乙種第4類）向けの学習コンテンツ（演習・用語・試験ガイド）を整理する編集チーム,公式情報確認担当,消防試験研究センター・消防庁の公開情報と照合し、サイト内リンクの整合を確認,2026-05-21,消防試験研究センター 危険物取扱者（公式）|https://www.shoubo-shiken.or.jp/kikenbutsu/;消防庁（公式）|https://www.fdma.go.jp/,cbt-computer-exam — populate_o4_guide_articles.py で生成,「とCBT・マークシートの違い」を理解し、乙4マスターの演習・用語・関連ガイドへ進みたい。,公式情報を確認する;演習で現在地を把握する;用語解説で弱点を補う,試験要項・消防法改正・出題範囲の更新時に本文と参照元を見直します。,2026-05-21,2026-06-20,2026-05-21,published,enrich_o4_guide_articles.py で 2026-05-21 品質更新（スラッグ別本文・FAQ）。,出題範囲の確認先,とCBT・マークシートの違いでは、出題範囲は試験年度の「出題範囲」表が基準です。改定脚注・別紙も読み、教材目次と突き合わせてカバー漏れを防ぎます。,範囲の全体像と改定,とCBT・マークシートの違いを進めるうえで、乙4は法令・物性・火災予防の3領域が柱です。範囲表の章立てと乙4マスターの分野チップを対応づけると学習が整理しやすくなります。,科目・配点,ここではとCBT・マークシートの違いについて、科目配分・問題数は受験案内で確認します。配点の大きい領域ほど演習時間を厚くし、数字問題は用語定義とセットで覚えます。,制限時間と出題形式,"とCBT・マークシートの違いの実務で押さえるのは、マークシート・制限時間は本番形式の演習で慣れます。見直し時間を残す前提で、普段から1問あたりの目安時間を計ってください。

CBT実施の有無・対象地域は年度案内で確認します。画面操作・問題の進め方が紙と異なる場合があるため、公式の体験説明やサンプルがあれば事前に確認してください。",過去問との対応,まとめるととCBT・マークシートの違いでは、範囲の各章を演習タグと対応づけ、年度別過去問で形式に慣れたら実践演習で量と弱点補強を行います。制度・数値の最終確認は消防試験研究センター（危険物取扱者）の最新案内で行い、乙4マスターの実践演習・用語解説で理解を固めてください。,,,,,とCBT・マークシートの違いはどの公式資料で確認しますか？,出題範囲表と試験方法の章です。改定年度の脚注も読んでください。,とCBT・マークシートの違いと教材の目次はどう対応づけますか？,範囲表の章番号と教材目次を並べ、演習タグとも突き合わせると漏れが減ります。,exam-overview:試験概要;glossary-how-to:用語整理
written-essay-section,出題・形式,危険物取扱者試験（乙種第4類）に記述試験はあるか,危険物取扱者試験（乙種第4類）に記述試験はあるか。出題範囲と試験形式を、危険物取扱者試験（乙種第4類）受験者向けに乙4マスターが整理しました。,に記述試験はあるかについて、出題範囲と試験形式を押さえる手順です。,19,出題範囲;試験形式,乙4マスター編集部,危険物取扱者試験（乙種第4類）向けの学習コンテンツ（演習・用語・試験ガイド）を整理する編集チーム,公式情報確認担当,消防試験研究センター・消防庁の公開情報と照合し、サイト内リンクの整合を確認,2026-05-21,消防試験研究センター 危険物取扱者（公式）|https://www.shoubo-shiken.or.jp/kikenbutsu/;消防庁（公式）|https://www.fdma.go.jp/,written-essay-section — populate_o4_guide_articles.py で生成,「に記述試験はあるか」を理解し、乙4マスターの演習・用語・関連ガイドへ進みたい。,公式情報を確認する;演習で現在地を把握する;用語解説で弱点を補う,試験要項・消防法改正・出題範囲の更新時に本文と参照元を見直します。,2026-05-21,2026-06-20,2026-05-21,published,enrich_o4_guide_articles.py で 2026-05-21 品質更新（スラッグ別本文・FAQ）。,出題範囲の確認先,に記述試験はあるかでは、出題範囲は試験年度の「出題範囲」表が基準です。改定脚注・別紙も読み、教材目次と突き合わせてカバー漏れを防ぎます。制度・数値の最終確認は消防試験研究センター（危険物取扱者）の最新案内で行い、乙4マスターの実践演習・用語解説で理解を固めてください。,範囲の全体像と改定,に記述試験はあるかを進めるうえで、乙4は法令・物性・火災予防の3領域が柱です。範囲表の章立てと乙4マスターの分野チップを対応づけると学習が整理しやすくなります。,科目・配点,ここではに記述試験はあるかについて、科目配分・問題数は受験案内で確認します。配点の大きい領域ほど演習時間を厚くし、数字問題は用語定義とセットで覚えます。,制限時間と出題形式,"に記述試験はあるかの実務で押さえるのは、マークシート・制限時間は本番形式の演習で慣れます。見直し時間を残す前提で、普段から1問あたりの目安時間を計ってください。

乙4の筆記は原則マークシート式です。記述式がある場合も要項で限定的に定められるため、受験年度の「試験方法」を必ず確認し、記述対策記事は要項と照合してから活用してください。",過去問との対応,まとめるとに記述試験はあるかでは、範囲の各章を演習タグと対応づけ、年度別過去問で形式に慣れたら実践演習で量と弱点補強を行います。制度・数値の最終確認は消防試験研究センター（危険物取扱者）の最新案内で行い、乙4マスターの実践演習・用語解説で理解を固めてください。,,,,,に記述試験はあるかはどの公式資料で確認しますか？,出題範囲表と試験方法の章です。改定年度の脚注も読んでください。,に記述試験はあるかと教材の目次はどう対応づけますか？,範囲表の章番号と教材目次を並べ、演習タグとも突き合わせると漏れが減ります。,exam-overview:試験概要;glossary-how-to:用語整理
time-limit-strategy,出題・形式,危険物取扱者試験（乙種第4類）の時間配分のコツ,危険物取扱者試験（乙種第4類）の時間配分のコツ。出題範囲と試験形式を、危険物取扱者試験（乙種第4類）受験者向けに乙4マスターが整理しました。,時間配分のコツについて、出題範囲と試験形式を押さえる手順です。,19,出題範囲;試験形式,乙4マスター編集部,危険物取扱者試験（乙種第4類）向けの学習コンテンツ（演習・用語・試験ガイド）を整理する編集チーム,公式情報確認担当,消防試験研究センター・消防庁の公開情報と照合し、サイト内リンクの整合を確認,2026-05-21,消防試験研究センター 危険物取扱者（公式）|https://www.shoubo-shiken.or.jp/kikenbutsu/;消防庁（公式）|https://www.fdma.go.jp/,time-limit-strategy — populate_o4_guide_articles.py で生成,「時間配分のコツ」を理解し、乙4マスターの演習・用語・関連ガイドへ進みたい。,公式情報を確認する;演習で現在地を把握する;用語解説で弱点を補う,試験要項・消防法改正・出題範囲の更新時に本文と参照元を見直します。,2026-05-21,2026-06-20,2026-05-21,published,enrich_o4_guide_articles.py で 2026-05-21 品質更新（スラッグ別本文・FAQ）。,出題範囲の確認先,時間配分のコツでは、出題範囲は試験年度の「出題範囲」表が基準です。改定脚注・別紙も読み、教材目次と突き合わせてカバー漏れを防ぎます。制度・数値の最終確認は消防試験研究センター（危険物取扱者）の最新案内で行い、乙4マスターの実践演習・用語解説で理解を固めてください。,範囲の全体像と改定,時間配分のコツを進めるうえで、乙4は法令・物性・火災予防の3領域が柱です。範囲表の章立てと乙4マスターの分野チップを対応づけると学習が整理しやすくなります。,科目・配点,ここでは時間配分のコツについて、科目配分・問題数は受験案内で確認します。配点の大きい領域ほど演習時間を厚くし、数字問題は用語定義とセットで覚えます。,制限時間と出題形式,時間配分のコツの実務で押さえるのは、マークシート・制限時間は本番形式の演習で慣れます。見直し時間を残す前提で、普段から1問あたりの目安時間を計ってください。,過去問との対応,まとめると時間配分のコツでは、範囲の各章を演習タグと対応づけ、年度別過去問で形式に慣れたら実践演習で量と弱点補強を行います。制度・数値の最終確認は消防試験研究センター（危険物取扱者）の最新案内で行い、乙4マスターの実践演習・用語解説で理解を固めてください。,,,,,時間配分のコツはどの公式資料で確認しますか？,出題範囲表と試験方法の章です。改定年度の脚注も読んでください。,時間配分のコツと教材の目次はどう対応づけますか？,範囲表の章番号と教材目次を並べ、演習タグとも突き合わせると漏れが減ります。,exam-overview:試験概要;glossary-how-to:用語整理
exam-scope-overview,出題・形式,危険物取扱者試験（乙種第4類）（乙4）の出題範囲の全体像,危険物取扱者試験（乙種第4類）（乙4）の出題範囲の全体像。出題範囲と試験形式を、危険物取扱者試験（乙種第4類）受験者向けに乙4マスターが整理しました。,（乙4）の出題範囲の全体像について、出題範囲と試験形式を押さえる手順です。,19,出題範囲;試験形式,乙4マスター編集部,危険物取扱者試験（乙種第4類）向けの学習コンテンツ（演習・用語・試験ガイド）を整理する編集チーム,公式情報確認担当,消防試験研究センター・消防庁の公開情報と照合し、サイト内リンクの整合を確認,2026-05-21,消防試験研究センター 危険物取扱者（公式）|https://www.shoubo-shiken.or.jp/kikenbutsu/;消防庁（公式）|https://www.fdma.go.jp/,exam-scope-overview — populate_o4_guide_articles.py で生成,「（乙4）の出題範囲の全体像」を理解し、乙4マスターの演習・用語・関連ガイドへ進みたい。,公式情報を確認する;演習で現在地を把握する;用語解説で弱点を補う,試験要項・消防法改正・出題範囲の更新時に本文と参照元を見直します。,2026-05-21,2026-06-20,2026-05-21,published,enrich_o4_guide_articles.py で 2026-05-21 品質更新（スラッグ別本文・FAQ）。,出題範囲の確認先,（乙4）の出題範囲の全体像では、出題範囲は試験年度の「出題範囲」表が基準です。改定脚注・別紙も読み、教材目次と突き合わせてカバー漏れを防ぎます。,範囲の全体像と改定,（乙4）の出題範囲の全体像を進めるうえで、乙4は法令・物性・火災予防の3領域が柱です。範囲表の章立てと乙4マスターの分野チップを対応づけると学習が整理しやすくなります。,科目・配点,ここでは（乙4）の出題範囲の全体像について、科目配分・問題数は受験案内で確認します。配点の大きい領域ほど演習時間を厚くし、数字問題は用語定義とセットで覚えます。,制限時間と出題形式,（乙4）の出題範囲の全体像の実務で押さえるのは、マークシート・制限時間は本番形式の演習で慣れます。見直し時間を残す前提で、普段から1問あたりの目安時間を計ってください。,過去問との対応,まとめると（乙4）の出題範囲の全体像では、範囲の各章を演習タグと対応づけ、年度別過去問で形式に慣れたら実践演習で量と弱点補強を行います。制度・数値の最終確認は消防試験研究センター（危険物取扱者）の最新案内で行い、乙4マスターの実践演習・用語解説で理解を固めてください。,,,,,（乙4）の出題範囲の全体像はどの公式資料で確認しますか？,出題範囲表と試験方法の章です。改定年度の脚注も読んでください。,（乙4）の出題範囲の全体像と教材の目次はどう対応づけますか？,範囲表の章番号と教材目次を並べ、演習タグとも突き合わせると漏れが減ります。,exam-overview:試験概要;glossary-how-to:用語整理
syllabus-how-to-read,出題・形式,危険物乙4の出題範囲表の読み方,危険物乙4の出題範囲表の読み方。出題範囲と試験形式を、危険物取扱者試験（乙種第4類）受験者向けに乙4マスターが整理しました。,乙4の出題範囲表の読み方について、出題範囲と試験形式を押さえる手順です。,19,出題範囲;試験形式,乙4マスター編集部,危険物取扱者試験（乙種第4類）向けの学習コンテンツ（演習・用語・試験ガイド）を整理する編集チーム,公式情報確認担当,消防試験研究センター・消防庁の公開情報と照合し、サイト内リンクの整合を確認,2026-05-21,消防試験研究センター 危険物取扱者（公式）|https://www.shoubo-shiken.or.jp/kikenbutsu/;消防庁（公式）|https://www.fdma.go.jp/,syllabus-how-to-read — populate_o4_guide_articles.py で生成,「危険物乙4の出題範囲表の読み方」を理解し、乙4マスターの演習・用語・関連ガイドへ進みたい。,公式情報を確認する;演習で現在地を把握する;用語解説で弱点を補う,試験要項・消防法改正・出題範囲の更新時に本文と参照元を見直します。,2026-05-21,2026-06-20,2026-05-21,published,enrich_o4_guide_articles.py で 2026-05-21 品質更新（スラッグ別本文・FAQ）。,出題範囲の確認先,乙4の出題範囲表の読み方では、出題範囲は試験年度の「出題範囲」表が基準です。改定脚注・別紙も読み、教材目次と突き合わせてカバー漏れを防ぎます。制度・数値の最終確認は消防試験研究センター（危険物取扱者）の最新案内で行い、乙4マスターの実践演習・用語解説で理解を固めてください。,範囲の全体像と改定,乙4の出題範囲表の読み方を進めるうえで、乙4は法令・物性・火災予防の3領域が柱です。範囲表の章立てと乙4マスターの分野チップを対応づけると学習が整理しやすくなります。,科目・配点,ここでは乙4の出題範囲表の読み方について、科目配分・問題数は受験案内で確認します。配点の大きい領域ほど演習時間を厚くし、数字問題は用語定義とセットで覚えます。,制限時間と出題形式,乙4の出題範囲表の読み方の実務で押さえるのは、マークシート・制限時間は本番形式の演習で慣れます。見直し時間を残す前提で、普段から1問あたりの目安時間を計ってください。,過去問との対応,まとめると乙4の出題範囲表の読み方では、範囲の各章を演習タグと対応づけ、年度別過去問で形式に慣れたら実践演習で量と弱点補強を行います。制度・数値の最終確認は消防試験研究センター（危険物取扱者）の最新案内で行い、乙4マスターの実践演習・用語解説で理解を固めてください。,,,,,乙4の出題範囲表の読み方はどの公式資料で確認しますか？,出題範囲表と試験方法の章です。改定年度の脚注も読んでください。,乙4の出題範囲表の読み方と教材の目次はどう対応づけますか？,範囲表の章番号と教材目次を並べ、演習タグとも突き合わせると漏れが減ります。,exam-overview:試験概要;glossary-how-to:用語整理
scope-revision-history,出題・形式,危険物取扱者試験（乙種第4類）の出題範囲の改定履歴の見方,危険物取扱者試験（乙種第4類）の出題範囲の改定履歴の見方。出題範囲と試験形式を、危険物取扱者試験（乙種第4類）受験者向けに乙4マスターが整理しました。,出題範囲の改定履歴の見方について、出題範囲と試験形式を押さえる手順です。,19,出題範囲;試験形式,乙4マスター編集部,危険物取扱者試験（乙種第4類）向けの学習コンテンツ（演習・用語・試験ガイド）を整理する編集チーム,公式情報確認担当,消防試験研究センター・消防庁の公開情報と照合し、サイト内リンクの整合を確認,2026-05-21,消防試験研究センター 危険物取扱者（公式）|https://www.shoubo-shiken.or.jp/kikenbutsu/;消防庁（公式）|https://www.fdma.go.jp/,scope-revision-history — populate_o4_guide_articles.py で生成,「出題範囲の改定履歴の見方」を理解し、乙4マスターの演習・用語・関連ガイドへ進みたい。,公式情報を確認する;演習で現在地を把握する;用語解説で弱点を補う,試験要項・消防法改正・出題範囲の更新時に本文と参照元を見直します。,2026-05-21,2026-06-20,2026-05-21,published,enrich_o4_guide_articles.py で 2026-05-21 品質更新（スラッグ別本文・FAQ）。,出題範囲の確認先,出題範囲の改定履歴の見方では、出題範囲は試験年度の「出題範囲」表が基準です。改定脚注・別紙も読み、教材目次と突き合わせてカバー漏れを防ぎます。制度・数値の最終確認は消防試験研究センター（危険物取扱者）の最新案内で行い、乙4マスターの実践演習・用語解説で理解を固めてください。,範囲の全体像と改定,出題範囲の改定履歴の見方を進めるうえで、乙4は法令・物性・火災予防の3領域が柱です。範囲表の章立てと乙4マスターの分野チップを対応づけると学習が整理しやすくなります。,科目・配点,ここでは出題範囲の改定履歴の見方について、科目配分・問題数は受験案内で確認します。配点の大きい領域ほど演習時間を厚くし、数字問題は用語定義とセットで覚えます。,制限時間と出題形式,出題範囲の改定履歴の見方の実務で押さえるのは、マークシート・制限時間は本番形式の演習で慣れます。見直し時間を残す前提で、普段から1問あたりの目安時間を計ってください。,過去問との対応,まとめると出題範囲の改定履歴の見方では、範囲の各章を演習タグと対応づけ、年度別過去問で形式に慣れたら実践演習で量と弱点補強を行います。制度・数値の最終確認は消防試験研究センター（危険物取扱者）の最新案内で行い、乙4マスターの実践演習・用語解説で理解を固めてください。,,,,,出題範囲の改定履歴の見方はどの公式資料で確認しますか？,出題範囲表と試験方法の章です。改定年度の脚注も読んでください。,出題範囲の改定履歴の見方と教材の目次はどう対応づけますか？,範囲表の章番号と教材目次を並べ、演習タグとも突き合わせると漏れが減ります。,exam-overview:試験概要;glossary-how-to:用語整理
weight-by-topic,出題・形式,危険物取扱者試験（乙種第4類）の分野別の出題比重,危険物取扱者試験（乙種第4類）の分野別の出題比重。出題範囲と試験形式を、危険物取扱者試験（乙種第4類）受験者向けに乙4マスターが整理しました。,分野別の出題比重について、出題範囲と試験形式を押さえる手順です。,19,出題範囲;試験形式,乙4マスター編集部,危険物取扱者試験（乙種第4類）向けの学習コンテンツ（演習・用語・試験ガイド）を整理する編集チーム,公式情報確認担当,消防試験研究センター・消防庁の公開情報と照合し、サイト内リンクの整合を確認,2026-05-21,消防試験研究センター 危険物取扱者（公式）|https://www.shoubo-shiken.or.jp/kikenbutsu/;消防庁（公式）|https://www.fdma.go.jp/,weight-by-topic — populate_o4_guide_articles.py で生成,「分野別の出題比重」を理解し、乙4マスターの演習・用語・関連ガイドへ進みたい。,公式情報を確認する;演習で現在地を把握する;用語解説で弱点を補う,試験要項・消防法改正・出題範囲の更新時に本文と参照元を見直します。,2026-05-21,2026-06-20,2026-05-21,published,enrich_o4_guide_articles.py で 2026-05-21 品質更新（スラッグ別本文・FAQ）。,出題範囲の確認先,分野別の出題比重では、出題範囲は試験年度の「出題範囲」表が基準です。改定脚注・別紙も読み、教材目次と突き合わせてカバー漏れを防ぎます。制度・数値の最終確認は消防試験研究センター（危険物取扱者）の最新案内で行い、乙4マスターの実践演習・用語解説で理解を固めてください。,範囲の全体像と改定,分野別の出題比重を進めるうえで、乙4は法令・物性・火災予防の3領域が柱です。範囲表の章立てと乙4マスターの分野チップを対応づけると学習が整理しやすくなります。,科目・配点,ここでは分野別の出題比重について、科目配分・問題数は受験案内で確認します。配点の大きい領域ほど演習時間を厚くし、数字問題は用語定義とセットで覚えます。,制限時間と出題形式,分野別の出題比重の実務で押さえるのは、マークシート・制限時間は本番形式の演習で慣れます。見直し時間を残す前提で、普段から1問あたりの目安時間を計ってください。,過去問との対応,まとめると分野別の出題比重では、範囲の各章を演習タグと対応づけ、年度別過去問で形式に慣れたら実践演習で量と弱点補強を行います。制度・数値の最終確認は消防試験研究センター（危険物取扱者）の最新案内で行い、乙4マスターの実践演習・用語解説で理解を固めてください。,,,,,分野別の出題比重はどの公式資料で確認しますか？,出題範囲表と試験方法の章です。改定年度の脚注も読んでください。,分野別の出題比重と教材の目次はどう対応づけますか？,範囲表の章番号と教材目次を並べ、演習タグとも突き合わせると漏れが減ります。,exam-overview:試験概要;glossary-how-to:用語整理
new-topics-trend,出題・形式,危険物取扱者試験（乙種第4類）の近年の出題傾向,危険物取扱者試験（乙種第4類）の近年の出題傾向。出題範囲と試験形式を、危険物取扱者試験（乙種第4類）受験者向けに乙4マスターが整理しました。,近年の出題傾向について、出題範囲と試験形式を押さえる手順です。,19,出題範囲;試験形式,乙4マスター編集部,危険物取扱者試験（乙種第4類）向けの学習コンテンツ（演習・用語・試験ガイド）を整理する編集チーム,公式情報確認担当,消防試験研究センター・消防庁の公開情報と照合し、サイト内リンクの整合を確認,2026-05-21,消防試験研究センター 危険物取扱者（公式）|https://www.shoubo-shiken.or.jp/kikenbutsu/;消防庁（公式）|https://www.fdma.go.jp/,new-topics-trend — populate_o4_guide_articles.py で生成,「近年の出題傾向」を理解し、乙4マスターの演習・用語・関連ガイドへ進みたい。,公式情報を確認する;演習で現在地を把握する;用語解説で弱点を補う,試験要項・消防法改正・出題範囲の更新時に本文と参照元を見直します。,2026-05-21,2026-06-20,2026-05-21,published,enrich_o4_guide_articles.py で 2026-05-21 品質更新（スラッグ別本文・FAQ）。,出題範囲の確認先,近年の出題傾向では、出題範囲は試験年度の「出題範囲」表が基準です。改定脚注・別紙も読み、教材目次と突き合わせてカバー漏れを防ぎます。制度・数値の最終確認は消防試験研究センター（危険物取扱者）の最新案内で行い、乙4マスターの実践演習・用語解説で理解を固めてください。,範囲の全体像と改定,近年の出題傾向を進めるうえで、乙4は法令・物性・火災予防の3領域が柱です。範囲表の章立てと乙4マスターの分野チップを対応づけると学習が整理しやすくなります。,科目・配点,ここでは近年の出題傾向について、科目配分・問題数は受験案内で確認します。配点の大きい領域ほど演習時間を厚くし、数字問題は用語定義とセットで覚えます。,制限時間と出題形式,近年の出題傾向の実務で押さえるのは、マークシート・制限時間は本番形式の演習で慣れます。見直し時間を残す前提で、普段から1問あたりの目安時間を計ってください。,過去問との対応,まとめると近年の出題傾向では、範囲の各章を演習タグと対応づけ、年度別過去問で形式に慣れたら実践演習で量と弱点補強を行います。制度・数値の最終確認は消防試験研究センター（危険物取扱者）の最新案内で行い、乙4マスターの実践演習・用語解説で理解を固めてください。,,,,,近年の出題傾向はどの公式資料で確認しますか？,出題範囲表と試験方法の章です。改定年度の脚注も読んでください。,近年の出題傾向と教材の目次はどう対応づけますか？,範囲表の章番号と教材目次を並べ、演習タグとも突き合わせると漏れが減ります。,exam-overview:試験概要;glossary-how-to:用語整理
scope-vs-past-questions,出題・形式,出題範囲と実践演習・過去問の対応,出題範囲と実践演習・過去問の対応。出題範囲と試験形式を、危険物取扱者試験（乙種第4類）受験者向けに乙4マスターが整理しました。,出題範囲と実践演習・過去問の対応について、出題範囲と試験形式を押さえる手順です。,19,出題範囲;試験形式,乙4マスター編集部,危険物取扱者試験（乙種第4類）向けの学習コンテンツ（演習・用語・試験ガイド）を整理する編集チーム,公式情報確認担当,消防試験研究センター・消防庁の公開情報と照合し、サイト内リンクの整合を確認,2026-05-21,消防試験研究センター 危険物取扱者（公式）|https://www.shoubo-shiken.or.jp/kikenbutsu/;消防庁（公式）|https://www.fdma.go.jp/,scope-vs-past-questions — populate_o4_guide_articles.py で生成,「出題範囲と実践演習・過去問の対応」を理解し、乙4マスターの演習・用語・関連ガイドへ進みたい。,公式情報を確認する;演習で現在地を把握する;用語解説で弱点を補う,試験要項・消防法改正・出題範囲の更新時に本文と参照元を見直します。,2026-05-21,2026-06-20,2026-05-21,published,enrich_o4_guide_articles.py で 2026-05-21 品質更新（スラッグ別本文・FAQ）。,出題範囲の確認先,出題範囲と実践演習・過去問の対応では、出題範囲は試験年度の「出題範囲」表が基準です。改定脚注・別紙も読み、教材目次と突き合わせてカバー漏れを防ぎます。,範囲の全体像と改定,出題範囲と実践演習・過去問の対応を進めるうえで、乙4は法令・物性・火災予防の3領域が柱です。範囲表の章立てと乙4マスターの分野チップを対応づけると学習が整理しやすくなります。,科目・配点,ここでは出題範囲と実践演習・過去問の対応について、科目配分・問題数は受験案内で確認します。配点の大きい領域ほど演習時間を厚くし、数字問題は用語定義とセットで覚えます。,制限時間と出題形式,出題範囲と実践演習・過去問の対応の実務で押さえるのは、マークシート・制限時間は本番形式の演習で慣れます。見直し時間を残す前提で、普段から1問あたりの目安時間を計ってください。,過去問との対応,まとめると出題範囲と実践演習・過去問の対応では、範囲の各章を演習タグと対応づけ、年度別過去問で形式に慣れたら実践演習で量と弱点補強を行います。制度・数値の最終確認は消防試験研究センター（危険物取扱者）の最新案内で行い、乙4マスターの実践演習・用語解説で理解を固めてください。,,,,,出題範囲と実践演習・過去問の対応はどの公式資料で確認しますか？,出題範囲表と試験方法の章です。改定年度の脚注も読んでください。,出題範囲と実践演習・過去問の対応と教材の目次はどう対応づけますか？,範囲表の章番号と教材目次を並べ、演習タグとも突き合わせると漏れが減ります。,exam-overview:試験概要;glossary-how-to:用語整理
pass-rate,合格・難易度,危険物取扱者試験（乙種第4類）の合格率の見方,危険物取扱者試験（乙種第4類）の合格率の見方。合格率・合格点の読み方を、危険物取扱者試験（乙種第4類）受験者向けに乙4マスターが整理しました。,合格率の見方について、合格率・合格点の読み方と学習への活かし方を解説します。,20,合格率;難易度,乙4マスター編集部,危険物取扱者試験（乙種第4類）向けの学習コンテンツ（演習・用語・試験ガイド）を整理する編集チーム,公式情報確認担当,消防試験研究センター・消防庁の公開情報と照合し、サイト内リンクの整合を確認,2026-05-21,消防試験研究センター 危険物取扱者（公式）|https://www.shoubo-shiken.or.jp/kikenbutsu/;消防庁（公式）|https://www.fdma.go.jp/,pass-rate — populate_o4_guide_articles.py で生成,「合格率の見方」を理解し、乙4マスターの演習・用語・関連ガイドへ進みたい。,公式情報を確認する;演習で現在地を把握する;用語解説で弱点を補う,試験要項・消防法改正・出題範囲の更新時に本文と参照元を見直します。,2026-05-21,2026-06-20,2026-05-21,published,enrich_o4_guide_articles.py で 2026-05-21 品質更新（スラッグ別本文・FAQ）。,合格率の確認先,合格率の見方では、合格率は消防試験研究センター（危険物取扱者）等の統計で確認します。直近複数年度の推移を見て、自分の演習正答率とは別指標として扱ってください。,合格点・基準の意味,合格率の見方を進めるうえで、合格点・合格基準は試験要項に明記されています。模試の得点をそのまま本番合格ラインと同一視しないことが重要です。制度・数値の最終確認は消防試験研究センター（危険物取扱者）の最新案内で行い、乙4マスターの実践演習・用語解説で理解を固めてください。,難易度の考え方,ここでは合格率の見方について、難易度は前提知識・学習時間・演習量で体感が変わります。乙4は範囲が広いため、計画的な演習が合格率に直結しやすいです。,統計の読み方,合格率の見方の実務で押さえるのは、統計は「全体の結果」です。分野別正答率・誤答タグの方が、自分の次の一手を決める指標として使えます。制度・数値の最終確認は消防試験研究センター（危険物取扱者）の最新案内で行い、乙4マスターの実践演習・用語解説で理解を固めてください。,学習計画への反映,まとめると合格率の見方では、数字を見たら、学習計画の期間と週間演習問数に落とし込み、最も正答率の低い分野に時間を再配分してください。制度・数値の最終確認は消防試験研究センター（危険物取扱者）の最新案内で行い、乙4マスターの実践演習・用語解説で理解を固めてください。,,,,,合格率の見方の数字は毎年変わりますか？,試験要項と統計の公表単位を確認してください。直近複数年度を見ると安心です。,合格率の見方と演習の正答率の違いは？,合格率は全体統計、正答率は個人の学習指標です。混同せず別々に記録してください。,exam-overview:試験概要;study-plan:学習計画
exam-difficulty,合格・難易度,危険物取扱者試験（乙種第4類）（乙4）の難易度,危険物取扱者試験（乙種第4類）（乙4）の難易度。合格率・合格点の読み方を、危険物取扱者試験（乙種第4類）受験者向けに乙4マスターが整理しました。,（乙4）の難易度について、合格率・合格点の読み方と学習への活かし方を解説します。,20,合格率;難易度,乙4マスター編集部,危険物取扱者試験（乙種第4類）向けの学習コンテンツ（演習・用語・試験ガイド）を整理する編集チーム,公式情報確認担当,消防試験研究センター・消防庁の公開情報と照合し、サイト内リンクの整合を確認,2026-05-21,消防試験研究センター 危険物取扱者（公式）|https://www.shoubo-shiken.or.jp/kikenbutsu/;消防庁（公式）|https://www.fdma.go.jp/,exam-difficulty — populate_o4_guide_articles.py で生成,「（乙4）の難易度」を理解し、乙4マスターの演習・用語・関連ガイドへ進みたい。,公式情報を確認する;演習で現在地を把握する;用語解説で弱点を補う,試験要項・消防法改正・出題範囲の更新時に本文と参照元を見直します。,2026-05-21,2026-06-20,2026-05-21,published,enrich_o4_guide_articles.py で 2026-05-21 品質更新（スラッグ別本文・FAQ）。,合格率の確認先,（乙4）の難易度では、合格率は消防試験研究センター（危険物取扱者）等の統計で確認します。直近複数年度の推移を見て、自分の演習正答率とは別指標として扱ってください。,合格点・基準の意味,（乙4）の難易度を進めるうえで、合格点・合格基準は試験要項に明記されています。模試の得点をそのまま本番合格ラインと同一視しないことが重要です。制度・数値の最終確認は消防試験研究センター（危険物取扱者）の最新案内で行い、乙4マスターの実践演習・用語解説で理解を固めてください。,難易度の考え方,ここでは（乙4）の難易度について、難易度は前提知識・学習時間・演習量で体感が変わります。乙4は範囲が広いため、計画的な演習が合格率に直結しやすいです。,統計の読み方,（乙4）の難易度の実務で押さえるのは、統計は「全体の結果」です。分野別正答率・誤答タグの方が、自分の次の一手を決める指標として使えます。制度・数値の最終確認は消防試験研究センター（危険物取扱者）の最新案内で行い、乙4マスターの実践演習・用語解説で理解を固めてください。,学習計画への反映,まとめると（乙4）の難易度では、数字を見たら、学習計画の期間と週間演習問数に落とし込み、最も正答率の低い分野に時間を再配分してください。制度・数値の最終確認は消防試験研究センター（危険物取扱者）の最新案内で行い、乙4マスターの実践演習・用語解説で理解を固めてください。,,,,,（乙4）の難易度の数字は毎年変わりますか？,試験要項と統計の公表単位を確認してください。直近複数年度を見ると安心です。,（乙4）の難易度と演習の正答率の違いは？,合格率は全体統計、正答率は個人の学習指標です。混同せず別々に記録してください。,exam-overview:試験概要;study-plan:学習計画
pass-score,合格・難易度,危険物取扱者試験（乙種第4類）の合格点・合格基準,危険物取扱者試験（乙種第4類）の合格点・合格基準。合格率・合格点の読み方を、危険物取扱者試験（乙種第4類）受験者向けに乙4マスターが整理しました。,合格点・合格基準の意味と、演習の正答率との違いを説明します。,20,合格率;難易度,乙4マスター編集部,危険物取扱者試験（乙種第4類）向けの学習コンテンツ（演習・用語・試験ガイド）を整理する編集チーム,公式情報確認担当,消防試験研究センター・消防庁の公開情報と照合し、サイト内リンクの整合を確認,2026-05-21,消防試験研究センター 危険物取扱者（公式）|https://www.shoubo-shiken.or.jp/kikenbutsu/;消防庁（公式）|https://www.fdma.go.jp/,pass-score — populate_o4_guide_articles.py で生成,「合格点・合格基準」を理解し、乙4マスターの演習・用語・関連ガイドへ進みたい。,公式情報を確認する;演習で現在地を把握する;用語解説で弱点を補う,試験要項・消防法改正・出題範囲の更新時に本文と参照元を見直します。,2026-05-21,2026-06-20,2026-05-21,published,enrich_o4_guide_articles.py で 2026-05-21 品質更新（スラッグ別本文・FAQ）。,合格率の確認先,合格点・合格基準では、合格率は消防試験研究センター（危険物取扱者）等の統計で確認します。直近複数年度の推移を見て、自分の演習正答率とは別指標として扱ってください。,合格点・基準の意味,"合格点・合格基準を進めるうえで、合格点・合格基準は試験要項に明記されています。模試の得点をそのまま本番合格ラインと同一視しないことが重要です。

合格基準は総合点・科目別最低点など、要項で定義されます。演習では分野別正答率を別紙で記録し、最低点制がある場合は苦手分野を早めに立て直してください。",難易度の考え方,ここでは合格点・合格基準について、難易度は前提知識・学習時間・演習量で体感が変わります。乙4は範囲が広いため、計画的な演習が合格率に直結しやすいです。,統計の読み方,合格点・合格基準の実務で押さえるのは、統計は「全体の結果」です。分野別正答率・誤答タグの方が、自分の次の一手を決める指標として使えます。制度・数値の最終確認は消防試験研究センター（危険物取扱者）の最新案内で行い、乙4マスターの実践演習・用語解説で理解を固めてください。,学習計画への反映,まとめると合格点・合格基準では、数字を見たら、学習計画の期間と週間演習問数に落とし込み、最も正答率の低い分野に時間を再配分してください。制度・数値の最終確認は消防試験研究センター（危険物取扱者）の最新案内で行い、乙4マスターの実践演習・用語解説で理解を固めてください。,,,,,合格点は毎年変わりますか？,試験要項で定められます。年度の受験案内を開き、総合点・科目別基準の有無を確認してください。,演習で何割取れれば合格できますか？,演習と本番は出題構成が異なるため、目安に過ぎません。公式合格基準と分野別正答率を併用してください。,exam-overview:試験概要;study-plan:学習計画
pass-rate-how-to-read,合格・難易度,危険物試験の合格率統計の読み方,危険物試験の合格率統計の読み方。合格率・合格点の読み方を、危険物取扱者試験（乙種第4類）受験者向けに乙4マスターが整理しました。,合格率統計の読み方について、合格率・合格点の読み方と学習への活かし方を解説します。,20,合格率;難易度,乙4マスター編集部,危険物取扱者試験（乙種第4類）向けの学習コンテンツ（演習・用語・試験ガイド）を整理する編集チーム,公式情報確認担当,消防試験研究センター・消防庁の公開情報と照合し、サイト内リンクの整合を確認,2026-05-21,消防試験研究センター 危険物取扱者（公式）|https://www.shoubo-shiken.or.jp/kikenbutsu/;消防庁（公式）|https://www.fdma.go.jp/,pass-rate-how-to-read — populate_o4_guide_articles.py で生成,「危険物試験の合格率統計の読み方」を理解し、乙4マスターの演習・用語・関連ガイドへ進みたい。,公式情報を確認する;演習で現在地を把握する;用語解説で弱点を補う,試験要項・消防法改正・出題範囲の更新時に本文と参照元を見直します。,2026-05-21,2026-06-20,2026-05-21,published,enrich_o4_guide_articles.py で 2026-05-21 品質更新（スラッグ別本文・FAQ）。,合格率の確認先,合格率統計の読み方では、合格率は消防試験研究センター（危険物取扱者）等の統計で確認します。直近複数年度の推移を見て、自分の演習正答率とは別指標として扱ってください。,合格点・基準の意味,合格率統計の読み方を進めるうえで、合格点・合格基準は試験要項に明記されています。模試の得点をそのまま本番合格ラインと同一視しないことが重要です。,難易度の考え方,ここでは合格率統計の読み方について、難易度は前提知識・学習時間・演習量で体感が変わります。乙4は範囲が広いため、計画的な演習が合格率に直結しやすいです。,統計の読み方,合格率統計の読み方の実務で押さえるのは、統計は「全体の結果」です。分野別正答率・誤答タグの方が、自分の次の一手を決める指標として使えます。制度・数値の最終確認は消防試験研究センター（危険物取扱者）の最新案内で行い、乙4マスターの実践演習・用語解説で理解を固めてください。,学習計画への反映,まとめると合格率統計の読み方では、数字を見たら、学習計画の期間と週間演習問数に落とし込み、最も正答率の低い分野に時間を再配分してください。制度・数値の最終確認は消防試験研究センター（危険物取扱者）の最新案内で行い、乙4マスターの実践演習・用語解説で理解を固めてください。,,,,,合格率統計の読み方の数字は毎年変わりますか？,試験要項と統計の公表単位を確認してください。直近複数年度を見ると安心です。,合格率統計の読み方と演習の正答率の違いは？,合格率は全体統計、正答率は個人の学習指標です。混同せず別々に記録してください。,exam-overview:試験概要;study-plan:学習計画
difficulty-for-beginners,合格・難易度,危険物取扱者試験（乙種第4類）は初学者でも受かるか,危険物取扱者試験（乙種第4類）は初学者でも受かるか。合格率・合格点の読み方を、危険物取扱者試験（乙種第4類）受験者向けに乙4マスターが整理しました。,は初学者でも受かるかについて、合格率・合格点の読み方と学習への活かし方を解説します。,20,合格率;難易度,乙4マスター編集部,危険物取扱者試験（乙種第4類）向けの学習コンテンツ（演習・用語・試験ガイド）を整理する編集チーム,公式情報確認担当,消防試験研究センター・消防庁の公開情報と照合し、サイト内リンクの整合を確認,2026-05-21,消防試験研究センター 危険物取扱者（公式）|https://www.shoubo-shiken.or.jp/kikenbutsu/;消防庁（公式）|https://www.fdma.go.jp/,difficulty-for-beginners — populate_o4_guide_articles.py で生成,「は初学者でも受かるか」を理解し、乙4マスターの演習・用語・関連ガイドへ進みたい。,公式情報を確認する;演習で現在地を把握する;用語解説で弱点を補う,試験要項・消防法改正・出題範囲の更新時に本文と参照元を見直します。,2026-05-21,2026-06-20,2026-05-21,published,enrich_o4_guide_articles.py で 2026-05-21 品質更新（スラッグ別本文・FAQ）。,合格率の確認先,は初学者でも受かるかでは、合格率は消防試験研究センター（危険物取扱者）等の統計で確認します。直近複数年度の推移を見て、自分の演習正答率とは別指標として扱ってください。,合格点・基準の意味,は初学者でも受かるかを進めるうえで、合格点・合格基準は試験要項に明記されています。模試の得点をそのまま本番合格ラインと同一視しないことが重要です。,難易度の考え方,ここではは初学者でも受かるかについて、難易度は前提知識・学習時間・演習量で体感が変わります。乙4は範囲が広いため、計画的な演習が合格率に直結しやすいです。,統計の読み方,は初学者でも受かるかの実務で押さえるのは、統計は「全体の結果」です。分野別正答率・誤答タグの方が、自分の次の一手を決める指標として使えます。制度・数値の最終確認は消防試験研究センター（危険物取扱者）の最新案内で行い、乙4マスターの実践演習・用語解説で理解を固めてください。,学習計画への反映,まとめるとは初学者でも受かるかでは、数字を見たら、学習計画の期間と週間演習問数に落とし込み、最も正答率の低い分野に時間を再配分してください。制度・数値の最終確認は消防試験研究センター（危険物取扱者）の最新案内で行い、乙4マスターの実践演習・用語解説で理解を固めてください。,,,,,は初学者でも受かるかの数字は毎年変わりますか？,試験要項と統計の公表単位を確認してください。直近複数年度を見ると安心です。,は初学者でも受かるかと演習の正答率の違いは？,合格率は全体統計、正答率は個人の学習指標です。混同せず別々に記録してください。,exam-overview:試験概要;study-plan:学習計画
study-plan-3months,学習計画,危険物取扱者試験（乙種第4類）の3か月学習計画,危険物取扱者試験（乙種第4類）の3か月学習計画。期間別の学習設計を、危険物取扱者試験（乙種第4類）受験者向けに乙4マスターが整理しました。,3か月学習計画について、期間・週間表・復習の組み立て方を整理します。,25,学習計画;試験対策,乙4マスター編集部,危険物取扱者試験（乙種第4類）向けの学習コンテンツ（演習・用語・試験ガイド）を整理する編集チーム,公式情報確認担当,消防試験研究センター・消防庁の公開情報と照合し、サイト内リンクの整合を確認,2026-05-21,消防試験研究センター 危険物取扱者（公式）|https://www.shoubo-shiken.or.jp/kikenbutsu/;消防庁（公式）|https://www.fdma.go.jp/,study-plan-3months — populate_o4_guide_articles.py で生成,「3か月学習計画」を理解し、乙4マスターの演習・用語・関連ガイドへ進みたい。,3分野の週間ローテを決める;実践演習で現在地を測る;復習日を先に確保する,試験要項・消防法改正・出題範囲の更新時に本文と参照元を見直します。,2026-05-21,2026-06-20,2026-05-21,published,enrich_o4_guide_articles.py で 2026-05-21 品質更新（スラッグ別本文・FAQ）。,全体像を分野に分ける,3か月学習計画では、3分野（法令・物性・火災）をローテーションし、週ごとに「重点分野」を1つだけ決めます。正答率で次週の配分を調整します。制度・数値の最終確認は消防試験研究センター（危険物取扱者）の最新案内で行い、乙4マスターの実践演習・用語解説で理解を固めてください。,学習期間の目安,"3か月プランの目安：1か月目は3分野の基礎＋演習150問、2か月目は弱点集中＋演習200問、3か月目は過去問・解き直し＋模擬時間計測。週5日・1日60〜90分を想定しています。

3か月の目安：1か月目は3分野の基礎＋演習150問、2か月目は弱点集中＋200問、3か月目は過去問・解き直し＋時間計測。週5日・1日60〜90分を想定しています。",週間スケジュールの例,ここでは3か月学習計画について、週間表の例：平日は短時間の一問一答、週末は演習まとめ＋解き直し。新規インプットの日と復習のみの日を分けます。制度・数値の最終確認は消防試験研究センター（危険物取扱者）の最新案内で行い、乙4マスターの実践演習・用語解説で理解を固めてください。,復習日の入れ方,3か月学習計画の実務で押さえるのは、翌日・1週間後・直前の3層復習をセットにします。ブックマーク・誤答フィルタで復習対象を自動的に絞れます。制度・数値の最終確認は消防試験研究センター（危険物取扱者）の最新案内で行い、乙4マスターの実践演習・用語解説で理解を固めてください。,直前期の調整,"まとめると3か月学習計画では、直前2週間は範囲拡大を止め、誤答・数字・混同用語だけを毎日短時間見直します。模擬演習は時間計測を1回だけ行い、残りは誤答と数字表の見直しに充ててください。

最終2週間は新規テキストを止め、誤答・数字・混同用語と過去問の解き直しに集中します。",,,,,3か月学習計画の期間の目安は？,1日の学習時間と前提知識で変わります。復習日を先に確保した計画にしてください。,3か月学習計画で演習はいつから始めますか？,範囲の全体像を掴んだら早めに開始し、弱点は用語解説と併用してください。,exam-overview:試験概要;past-question-strategy:過去問の使い方
study-plan-6months,学習計画,危険物取扱者試験（乙種第4類）の6か月学習計画,危険物取扱者試験（乙種第4類）の6か月学習計画。期間別の学習設計を、危険物取扱者試験（乙種第4類）受験者向けに乙4マスターが整理しました。,6か月学習計画について、期間・週間表・復習の組み立て方を整理します。,25,学習計画;試験対策,乙4マスター編集部,危険物取扱者試験（乙種第4類）向けの学習コンテンツ（演習・用語・試験ガイド）を整理する編集チーム,公式情報確認担当,消防試験研究センター・消防庁の公開情報と照合し、サイト内リンクの整合を確認,2026-05-21,消防試験研究センター 危険物取扱者（公式）|https://www.shoubo-shiken.or.jp/kikenbutsu/;消防庁（公式）|https://www.fdma.go.jp/,study-plan-6months — populate_o4_guide_articles.py で生成,「6か月学習計画」を理解し、乙4マスターの演習・用語・関連ガイドへ進みたい。,3分野の週間ローテを決める;実践演習で現在地を測る;復習日を先に確保する,試験要項・消防法改正・出題範囲の更新時に本文と参照元を見直します。,2026-05-21,2026-06-20,2026-05-21,published,enrich_o4_guide_articles.py で 2026-05-21 品質更新（スラッグ別本文・FAQ）。,全体像を分野に分ける,6か月学習計画では、3分野（法令・物性・火災）をローテーションし、週ごとに「重点分野」を1つだけ決めます。正答率で次週の配分を調整します。制度・数値の最終確認は消防試験研究センター（危険物取扱者）の最新案内で行い、乙4マスターの実践演習・用語解説で理解を固めてください。,学習期間の目安,"6か月プランは週3〜4日・1日45分でも継続しやすいペースです。前半はテキストと用語、後半は演習比率を7割まで上げ、最後の1か月は過去問中心に切り替えます。

6か月は週3〜4日・1日45分でも継続しやすいペースです。前半はインプットと用語、後半は演習比率を7割まで上げ、最後の1か月は過去問中心に切り替えます。",週間スケジュールの例,ここでは6か月学習計画について、週間表の例：平日は短時間の一問一答、週末は演習まとめ＋解き直し。新規インプットの日と復習のみの日を分けます。制度・数値の最終確認は消防試験研究センター（危険物取扱者）の最新案内で行い、乙4マスターの実践演習・用語解説で理解を固めてください。,復習日の入れ方,6か月学習計画の実務で押さえるのは、翌日・1週間後・直前の3層復習をセットにします。ブックマーク・誤答フィルタで復習対象を自動的に絞れます。制度・数値の最終確認は消防試験研究センター（危険物取扱者）の最新案内で行い、乙4マスターの実践演習・用語解説で理解を固めてください。,直前期の調整,まとめると6か月学習計画では、直前2週間は範囲拡大を止め、誤答・数字・混同用語だけを毎日短時間見直します。模擬演習は時間計測を1回だけ行い、残りは誤答と数字表の見直しに充ててください。 6か月目の最後は週2回の時間計測演習を入れ、体調管理も計画に含めます。,,,,,6か月学習計画の期間の目安は？,1日の学習時間と前提知識で変わります。復習日を先に確保した計画にしてください。,6か月学習計画で演習はいつから始めますか？,範囲の全体像を掴んだら早めに開始し、弱点は用語解説と併用してください。,exam-overview:試験概要;past-question-strategy:過去問の使い方
study-plan-1year,学習計画,危険物取扱者試験（乙種第4類）の1年学習計画,危険物取扱者試験（乙種第4類）の1年学習計画。期間別の学習設計を、危険物取扱者試験（乙種第4類）受験者向けに乙4マスターが整理しました。,1年学習計画について、期間・週間表・復習の組み立て方を整理します。,25,学習計画;試験対策,乙4マスター編集部,危険物取扱者試験（乙種第4類）向けの学習コンテンツ（演習・用語・試験ガイド）を整理する編集チーム,公式情報確認担当,消防試験研究センター・消防庁の公開情報と照合し、サイト内リンクの整合を確認,2026-05-21,消防試験研究センター 危険物取扱者（公式）|https://www.shoubo-shiken.or.jp/kikenbutsu/;消防庁（公式）|https://www.fdma.go.jp/,study-plan-1year — populate_o4_guide_articles.py で生成,「1年学習計画」を理解し、乙4マスターの演習・用語・関連ガイドへ進みたい。,3分野の週間ローテを決める;実践演習で現在地を測る;復習日を先に確保する,試験要項・消防法改正・出題範囲の更新時に本文と参照元を見直します。,2026-05-21,2026-06-20,2026-05-21,published,enrich_o4_guide_articles.py で 2026-05-21 品質更新（スラッグ別本文・FAQ）。,全体像を分野に分ける,1年学習計画では、3分野（法令・物性・火災）をローテーションし、週ごとに「重点分野」を1つだけ決めます。正答率で次週の配分を調整します。制度・数値の最終確認は消防試験研究センター（危険物取扱者）の最新案内で行い、乙4マスターの実践演習・用語解説で理解を固めてください。,学習期間の目安,1年学習計画を進めるうえで、学習期間は1日の確保時間と前提知識で決めます。無理な短期化より、復習日を先にカレンダー確保する方が定着しやすいです。,週間スケジュールの例,ここでは1年学習計画について、週間表の例：平日は短時間の一問一答、週末は演習まとめ＋解き直し。新規インプットの日と復習のみの日を分けます。制度・数値の最終確認は消防試験研究センター（危険物取扱者）の最新案内で行い、乙4マスターの実践演習・用語解説で理解を固めてください。,復習日の入れ方,1年学習計画の実務で押さえるのは、翌日・1週間後・直前の3層復習をセットにします。ブックマーク・誤答フィルタで復習対象を自動的に絞れます。制度・数値の最終確認は消防試験研究センター（危険物取扱者）の最新案内で行い、乙4マスターの実践演習・用語解説で理解を固めてください。,直前期の調整,まとめると1年学習計画では、直前2週間は範囲拡大を止め、誤答・数字・混同用語だけを毎日短時間見直します。模擬演習は時間計測を1回だけ行い、残りは誤答と数字表の見直しに充ててください。 1年プランは四半期ごとに演習比率を見直し、後半は過去問中心に切り替えます。,,,,,1年学習計画の期間の目安は？,1日の学習時間と前提知識で変わります。復習日を先に確保した計画にしてください。,1年学習計画で演習はいつから始めますか？,範囲の全体像を掴んだら早めに開始し、弱点は用語解説と併用してください。,exam-overview:試験概要;past-question-strategy:過去問の使い方
study-plan-working,学習計画,危険物取扱者試験（乙種第4類）を働きながら受ける学習計画,危険物取扱者試験（乙種第4類）を働きながら受ける学習計画。期間別の学習設計を、危険物取扱者試験（乙種第4類）受験者向けに乙4マスターが整理しました。,を働きながら受ける学習計画について、期間・週間表・復習の組み立て方を整理します。,25,学習計画;試験対策,乙4マスター編集部,危険物取扱者試験（乙種第4類）向けの学習コンテンツ（演習・用語・試験ガイド）を整理する編集チーム,公式情報確認担当,消防試験研究センター・消防庁の公開情報と照合し、サイト内リンクの整合を確認,2026-05-21,消防試験研究センター 危険物取扱者（公式）|https://www.shoubo-shiken.or.jp/kikenbutsu/;消防庁（公式）|https://www.fdma.go.jp/,study-plan-working — populate_o4_guide_articles.py で生成,「を働きながら受ける学習計画」を理解し、乙4マスターの演習・用語・関連ガイドへ進みたい。,3分野の週間ローテを決める;実践演習で現在地を測る;復習日を先に確保する,試験要項・消防法改正・出題範囲の更新時に本文と参照元を見直します。,2026-05-21,2026-06-20,2026-05-21,published,enrich_o4_guide_articles.py で 2026-05-21 品質更新（スラッグ別本文・FAQ）。,全体像を分野に分ける,を働きながら受ける学習計画では、3分野（法令・物性・火災）をローテーションし、週ごとに「重点分野」を1つだけ決めます。正答率で次週の配分を調整します。,学習期間の目安,を働きながら受ける学習計画を進めるうえで、学習期間は1日の確保時間と前提知識で決めます。無理な短期化より、復習日を先にカレンダー確保する方が定着しやすいです。,週間スケジュールの例,"働きながらの例：平日朝20分（一問一答）・通勤中10分（用語1語）・週末90分（演習30問＋解き直し）。疲れた日は演習を5問だけに減らし、ゼロにしないことが継続のコツです。

働きながらの例：平日朝20分（一問一答）・通勤中10分（用語1語）・週末90分（演習30問＋解き直し）。疲れた日は演習5問だけに減らし、ゼロにしないことが継続のコツです。",復習日の入れ方,を働きながら受ける学習計画の実務で押さえるのは、翌日・1週間後・直前の3層復習をセットにします。ブックマーク・誤答フィルタで復習対象を自動的に絞れます。,直前期の調整,まとめるとを働きながら受ける学習計画では、直前2週間は範囲拡大を止め、誤答・数字・混同用語だけを毎日短時間見直します。模擬演習は時間計測を1回だけ行い、残りは誤答と数字表の見直しに充ててください。 働きながらの直前期は平日15分の誤答確認だけでも継続してください。,,,,,仕事が忙しくても合格できますか？,可能な人もいますが、週あたりの最低演習量を先に決め、続かない計画は避けてください。,最短で必要な演習量は？,個人差が大きいです。分野別正答率が安定するまで量を確保し、数字だけで判断しないでください。,exam-overview:試験概要;past-question-strategy:過去問の使い方
study-plan-beginner,学習計画,危険物取扱者試験（乙種第4類）初学者向け学習計画,危険物取扱者試験（乙種第4類）初学者向け学習計画。期間別の学習設計を、危険物取扱者試験（乙種第4類）受験者向けに乙4マスターが整理しました。,初学者向け学習計画について、期間・週間表・復習の組み立て方を整理します。,25,学習計画;試験対策,乙4マスター編集部,危険物取扱者試験（乙種第4類）向けの学習コンテンツ（演習・用語・試験ガイド）を整理する編集チーム,公式情報確認担当,消防試験研究センター・消防庁の公開情報と照合し、サイト内リンクの整合を確認,2026-05-21,消防試験研究センター 危険物取扱者（公式）|https://www.shoubo-shiken.or.jp/kikenbutsu/;消防庁（公式）|https://www.fdma.go.jp/,study-plan-beginner — populate_o4_guide_articles.py で生成,「初学者向け学習計画」を理解し、乙4マスターの演習・用語・関連ガイドへ進みたい。,3分野の週間ローテを決める;実践演習で現在地を測る;復習日を先に確保する,試験要項・消防法改正・出題範囲の更新時に本文と参照元を見直します。,2026-05-21,2026-06-20,2026-05-21,published,enrich_o4_guide_articles.py で 2026-05-21 品質更新（スラッグ別本文・FAQ）。,全体像を分野に分ける,初学者向け学習計画では、3分野（法令・物性・火災）をローテーションし、週ごとに「重点分野」を1つだけ決めます。正答率で次週の配分を調整します。制度・数値の最終確認は消防試験研究センター（危険物取扱者）の最新案内で行い、乙4マスターの実践演習・用語解説で理解を固めてください。,学習期間の目安,初学者向け学習計画を進めるうえで、学習期間は1日の確保時間と前提知識で決めます。無理な短期化より、復習日を先にカレンダー確保する方が定着しやすいです。,週間スケジュールの例,ここでは初学者向け学習計画について、週間表の例：平日は短時間の一問一答、週末は演習まとめ＋解き直し。新規インプットの日と復習のみの日を分けます。,復習日の入れ方,初学者向け学習計画の実務で押さえるのは、翌日・1週間後・直前の3層復習をセットにします。ブックマーク・誤答フィルタで復習対象を自動的に絞れます。,直前期の調整,まとめると初学者向け学習計画では、直前2週間は範囲拡大を止め、誤答・数字・混同用語だけを毎日短時間見直します。模擬演習は時間計測を1回だけ行い、残りは誤答と数字表の見直しに充ててください。 初学者は直前に混同用語ペア10組だけを毎日見る運用が効果的です。,,,,,初学者向け学習計画の期間の目安は？,1日の学習時間と前提知識で変わります。復習日を先に確保した計画にしてください。,初学者向け学習計画で演習はいつから始めますか？,範囲の全体像を掴んだら早めに開始し、弱点は用語解説と併用してください。,exam-overview:試験概要;past-question-strategy:過去問の使い方
first-30-days-plan,学習計画,危険物取扱者試験（乙種第4類）の最初の30日プラン,危険物取扱者試験（乙種第4類）の最初の30日プラン。期間別の学習設計を、危険物取扱者試験（乙種第4類）受験者向けに乙4マスターが整理しました。,最初の30日プランについて、期間・週間表・復習の組み立て方を整理します。,25,学習計画;試験対策,乙4マスター編集部,危険物取扱者試験（乙種第4類）向けの学習コンテンツ（演習・用語・試験ガイド）を整理する編集チーム,公式情報確認担当,消防試験研究センター・消防庁の公開情報と照合し、サイト内リンクの整合を確認,2026-05-21,消防試験研究センター 危険物取扱者（公式）|https://www.shoubo-shiken.or.jp/kikenbutsu/;消防庁（公式）|https://www.fdma.go.jp/,first-30-days-plan — populate_o4_guide_articles.py で生成,「最初の30日プラン」を理解し、乙4マスターの演習・用語・関連ガイドへ進みたい。,3分野の週間ローテを決める;実践演習で現在地を測る;復習日を先に確保する,試験要項・消防法改正・出題範囲の更新時に本文と参照元を見直します。,2026-05-21,2026-06-20,2026-05-21,published,enrich_o4_guide_articles.py で 2026-05-21 品質更新（スラッグ別本文・FAQ）。,全体像を分野に分ける,最初の30日プランでは、3分野（法令・物性・火災）をローテーションし、週ごとに「重点分野」を1つだけ決めます。正答率で次週の配分を調整します。制度・数値の最終確認は消防試験研究センター（危険物取扱者）の最新案内で行い、乙4マスターの実践演習・用語解説で理解を固めてください。,学習期間の目安,最初の30日プランを進めるうえで、学習期間は1日の確保時間と前提知識で決めます。無理な短期化より、復習日を先にカレンダー確保する方が定着しやすいです。,週間スケジュールの例,ここでは最初の30日プランについて、週間表の例：平日は短時間の一問一答、週末は演習まとめ＋解き直し。新規インプットの日と復習のみの日を分けます。,復習日の入れ方,最初の30日プランの実務で押さえるのは、翌日・1週間後・直前の3層復習をセットにします。ブックマーク・誤答フィルタで復習対象を自動的に絞れます。,直前期の調整,まとめると最初の30日プランでは、直前2週間は範囲拡大を止め、誤答・数字・混同用語だけを毎日短時間見直します。模擬演習は時間計測を1回だけ行い、残りは誤答と数字表の見直しに充ててください。 最初の30日の終わりに分野別正答率を測り、2か月目の重点分野を1つ決めます。,,,,,最初の30日プランの期間の目安は？,1日の学習時間と前提知識で変わります。復習日を先に確保した計画にしてください。,最初の30日プランで演習はいつから始めますか？,範囲の全体像を掴んだら早めに開始し、弱点は用語解説と併用してください。,exam-overview:試験概要;past-question-strategy:過去問の使い方
balance-work-study,学習計画,危険物取扱者試験（乙種第4類）の仕事と勉強の両立,危険物取扱者試験（乙種第4類）の仕事と勉強の両立。期間別の学習設計を、危険物取扱者試験（乙種第4類）受験者向けに乙4マスターが整理しました。,仕事と勉強の両立について、期間・週間表・復習の組み立て方を整理します。,25,学習計画;試験対策,乙4マスター編集部,危険物取扱者試験（乙種第4類）向けの学習コンテンツ（演習・用語・試験ガイド）を整理する編集チーム,公式情報確認担当,消防試験研究センター・消防庁の公開情報と照合し、サイト内リンクの整合を確認,2026-05-21,消防試験研究センター 危険物取扱者（公式）|https://www.shoubo-shiken.or.jp/kikenbutsu/;消防庁（公式）|https://www.fdma.go.jp/,balance-work-study — populate_o4_guide_articles.py で生成,「仕事と勉強の両立」を理解し、乙4マスターの演習・用語・関連ガイドへ進みたい。,3分野の週間ローテを決める;実践演習で現在地を測る;復習日を先に確保する,試験要項・消防法改正・出題範囲の更新時に本文と参照元を見直します。,2026-05-21,2026-06-20,2026-05-21,published,enrich_o4_guide_articles.py で 2026-05-21 品質更新（スラッグ別本文・FAQ）。,全体像を分野に分ける,仕事と勉強の両立では、3分野（法令・物性・火災）をローテーションし、週ごとに「重点分野」を1つだけ決めます。正答率で次週の配分を調整します。制度・数値の最終確認は消防試験研究センター（危険物取扱者）の最新案内で行い、乙4マスターの実践演習・用語解説で理解を固めてください。,学習期間の目安,仕事と勉強の両立を進めるうえで、学習期間は1日の確保時間と前提知識で決めます。無理な短期化より、復習日を先にカレンダー確保する方が定着しやすいです。,週間スケジュールの例,ここでは仕事と勉強の両立について、週間表の例：平日は短時間の一問一答、週末は演習まとめ＋解き直し。新規インプットの日と復習のみの日を分けます。制度・数値の最終確認は消防試験研究センター（危険物取扱者）の最新案内で行い、乙4マスターの実践演習・用語解説で理解を固めてください。,復習日の入れ方,仕事と勉強の両立の実務で押さえるのは、翌日・1週間後・直前の3層復習をセットにします。ブックマーク・誤答フィルタで復習対象を自動的に絞れます。制度・数値の最終確認は消防試験研究センター（危険物取扱者）の最新案内で行い、乙4マスターの実践演習・用語解説で理解を固めてください。,直前期の調整,まとめると仕事と勉強の両立では、直前2週間は範囲拡大を止め、誤答・数字・混同用語だけを毎日短時間見直します。模擬演習は時間計測を1回だけ行い、残りは誤答と数字表の見直しに充ててください。 仕事との両立では直前に残業を増やさないよう、試験2週間前から調整を始めます。,,,,,仕事と勉強の両立の期間の目安は？,1日の学習時間と前提知識で変わります。復習日を先に確保した計画にしてください。,仕事と勉強の両立で演習はいつから始めますか？,範囲の全体像を掴んだら早めに開始し、弱点は用語解説と併用してください。,exam-overview:試験概要;past-question-strategy:過去問の使い方
time-management,学習計画,危険物取扱者試験（乙種第4類）の学習時間の作り方,危険物取扱者試験（乙種第4類）の学習時間の作り方。期間別の学習設計を、危険物取扱者試験（乙種第4類）受験者向けに乙4マスターが整理しました。,学習時間の作り方について、期間・週間表・復習の組み立て方を整理します。,25,学習計画;試験対策,乙4マスター編集部,危険物取扱者試験（乙種第4類）向けの学習コンテンツ（演習・用語・試験ガイド）を整理する編集チーム,公式情報確認担当,消防試験研究センター・消防庁の公開情報と照合し、サイト内リンクの整合を確認,2026-05-21,消防試験研究センター 危険物取扱者（公式）|https://www.shoubo-shiken.or.jp/kikenbutsu/;消防庁（公式）|https://www.fdma.go.jp/,time-management — populate_o4_guide_articles.py で生成,「学習時間の作り方」を理解し、乙4マスターの演習・用語・関連ガイドへ進みたい。,3分野の週間ローテを決める;実践演習で現在地を測る;復習日を先に確保する,試験要項・消防法改正・出題範囲の更新時に本文と参照元を見直します。,2026-05-21,2026-06-20,2026-05-21,published,enrich_o4_guide_articles.py で 2026-05-21 品質更新（スラッグ別本文・FAQ）。,全体像を分野に分ける,学習時間の作り方では、3分野（法令・物性・火災）をローテーションし、週ごとに「重点分野」を1つだけ決めます。正答率で次週の配分を調整します。制度・数値の最終確認は消防試験研究センター（危険物取扱者）の最新案内で行い、乙4マスターの実践演習・用語解説で理解を固めてください。,学習期間の目安,学習時間の作り方を進めるうえで、学習期間は1日の確保時間と前提知識で決めます。無理な短期化より、復習日を先にカレンダー確保する方が定着しやすいです。,週間スケジュールの例,ここでは学習時間の作り方について、週間表の例：平日は短時間の一問一答、週末は演習まとめ＋解き直し。新規インプットの日と復習のみの日を分けます。制度・数値の最終確認は消防試験研究センター（危険物取扱者）の最新案内で行い、乙4マスターの実践演習・用語解説で理解を固めてください。,復習日の入れ方,学習時間の作り方の実務で押さえるのは、翌日・1週間後・直前の3層復習をセットにします。ブックマーク・誤答フィルタで復習対象を自動的に絞れます。制度・数値の最終確認は消防試験研究センター（危険物取扱者）の最新案内で行い、乙4マスターの実践演習・用語解説で理解を固めてください。,直前期の調整,まとめると学習時間の作り方では、直前2週間は範囲拡大を止め、誤答・数字・混同用語だけを毎日短時間見直します。模擬演習は時間計測を1回だけ行い、残りは誤答と数字表の見直しに充ててください。 時間管理の直前期は「演習量を減らす」より「復習対象を絞る」ことを優先します。,,,,,学習時間の作り方の期間の目安は？,1日の学習時間と前提知識で変わります。復習日を先に確保した計画にしてください。,学習時間の作り方で演習はいつから始めますか？,範囲の全体像を掴んだら早めに開始し、弱点は用語解説と併用してください。,exam-overview:試験概要;past-question-strategy:過去問の使い方
self-study-start,独学対策,危険物取扱者試験（乙種第4類）の独学の始め方,危険物取扱者試験（乙種第4類）の独学の始め方。独学の教材と進め方を、危険物取扱者試験（乙種第4類）受験者向けに乙4マスターが整理しました。,独学の始め方について、独学の進め方と教材の選び方を説明します。,26,独学;教材;学習計画,乙4マスター編集部,危険物取扱者試験（乙種第4類）向けの学習コンテンツ（演習・用語・試験ガイド）を整理する編集チーム,公式情報確認担当,消防試験研究センター・消防庁の公開情報と照合し、サイト内リンクの整合を確認,2026-05-21,消防試験研究センター 危険物取扱者（公式）|https://www.shoubo-shiken.or.jp/kikenbutsu/;消防庁（公式）|https://www.fdma.go.jp/,self-study-start — populate_o4_guide_articles.py で生成,「独学の始め方」を理解し、乙4マスターの演習・用語・関連ガイドへ進みたい。,公式情報を確認する;演習で現在地を把握する;用語解説で弱点を補う,試験要項・消防法改正・出題範囲の更新時に本文と参照元を見直します。,2026-05-21,2026-06-20,2026-05-21,published,enrich_o4_guide_articles.py で 2026-05-21 品質更新（スラッグ別本文・FAQ）。,独学前に公式情報を確認,独学の始め方では、独学は公式範囲の確定と復習の仕組みが土台です。最初の1時間は教材ではなく受験案内と出題範囲に充ててください。制度・数値の最終確認は消防試験研究センター（危険物取扱者）の最新案内で行い、乙4マスターの実践演習・用語解説で理解を固めてください。,教材・参考書の選び方,独学の始め方を進めるうえで、参考書・問題集は各1冊から始め、目次とサンプル章で文体を確認してから追加します。乙4は数字・用語の索引があるかも選定ポイントです。,過去問で現在地を確認,ここでは独学の始め方について、実践演習500問で分野別正答率を測り、70%未満の分野からテキストを当てます。正答率が高い分野は維持演習に切り替えます。,復習を計画に入れる,独学の始め方の実務で押さえるのは、誤答と「なんとなく正解」を記録し、翌日以降に再演習します。解きっぱなしは同じミスを本番まで持ち込みます。制度・数値の最終確認は消防試験研究センター（危険物取扱者）の最新案内で行い、乙4マスターの実践演習・用語解説で理解を固めてください。,直前期の絞り込み,まとめると独学の始め方では、直前は新規教材を増やさず、誤答ノート・指定数量・消火の適否・届出類型に絞って見直します。制度・数値の最終確認は消防試験研究センター（危険物取扱者）の最新案内で行い、乙4マスターの実践演習・用語解説で理解を固めてください。,,,,,独学の始め方に予備校は必須ですか？,必須ではありません。公式範囲と演習・復習が回るかで判断してください。,独学の始め方で教材は何冊必要ですか？,基本はテキスト1・問題集1から。足りない分野だけ追加する方が続きやすいです。,exam-overview:試験概要;study-plan:学習計画
self-study-schedule,独学対策,危険物取扱者試験（乙種第4類）の独学スケジュール例,危険物取扱者試験（乙種第4類）の独学スケジュール例。独学の教材と進め方を、危険物取扱者試験（乙種第4類）受験者向けに乙4マスターが整理しました。,独学スケジュール例について、独学の進め方と教材の選び方を説明します。,26,独学;教材;学習計画,乙4マスター編集部,危険物取扱者試験（乙種第4類）向けの学習コンテンツ（演習・用語・試験ガイド）を整理する編集チーム,公式情報確認担当,消防試験研究センター・消防庁の公開情報と照合し、サイト内リンクの整合を確認,2026-05-21,消防試験研究センター 危険物取扱者（公式）|https://www.shoubo-shiken.or.jp/kikenbutsu/;消防庁（公式）|https://www.fdma.go.jp/,self-study-schedule — populate_o4_guide_articles.py で生成,「独学スケジュール例」を理解し、乙4マスターの演習・用語・関連ガイドへ進みたい。,公式情報を確認する;演習で現在地を把握する;用語解説で弱点を補う,試験要項・消防法改正・出題範囲の更新時に本文と参照元を見直します。,2026-05-21,2026-06-20,2026-05-21,published,enrich_o4_guide_articles.py で 2026-05-21 品質更新（スラッグ別本文・FAQ）。,独学前に公式情報を確認,独学スケジュール例では、独学は公式範囲の確定と復習の仕組みが土台です。最初の1時間は教材ではなく受験案内と出題範囲に充ててください。制度・数値の最終確認は消防試験研究センター（危険物取扱者）の最新案内で行い、乙4マスターの実践演習・用語解説で理解を固めてください。,教材・参考書の選び方,独学スケジュール例を進めるうえで、参考書・問題集は各1冊から始め、目次とサンプル章で文体を確認してから追加します。乙4は数字・用語の索引があるかも選定ポイントです。,過去問で現在地を確認,ここでは独学スケジュール例について、実践演習500問で分野別正答率を測り、70%未満の分野からテキストを当てます。正答率が高い分野は維持演習に切り替えます。,復習を計画に入れる,独学スケジュール例の実務で押さえるのは、誤答と「なんとなく正解」を記録し、翌日以降に再演習します。解きっぱなしは同じミスを本番まで持ち込みます。,直前期の絞り込み,まとめると独学スケジュール例では、直前は新規教材を増やさず、誤答ノート・指定数量・消火の適否・届出類型に絞って見直します。制度・数値の最終確認は消防試験研究センター（危険物取扱者）の最新案内で行い、乙4マスターの実践演習・用語解説で理解を固めてください。,,,,,独学スケジュール例に予備校は必須ですか？,必須ではありません。公式範囲と演習・復習が回るかで判断してください。,独学スケジュール例で教材は何冊必要ですか？,基本はテキスト1・問題集1から。足りない分野だけ追加する方が続きやすいです。,exam-overview:試験概要;study-plan:学習計画
self-study-mistakes,独学対策,危険物取扱者試験（乙種第4類）独学でよくある失敗,危険物取扱者試験（乙種第4類）独学でよくある失敗。独学の教材と進め方を、危険物取扱者試験（乙種第4類）受験者向けに乙4マスターが整理しました。,独学でよくある失敗について、独学の進め方と教材の選び方を説明します。,26,独学;教材;学習計画,乙4マスター編集部,危険物取扱者試験（乙種第4類）向けの学習コンテンツ（演習・用語・試験ガイド）を整理する編集チーム,公式情報確認担当,消防試験研究センター・消防庁の公開情報と照合し、サイト内リンクの整合を確認,2026-05-21,消防試験研究センター 危険物取扱者（公式）|https://www.shoubo-shiken.or.jp/kikenbutsu/;消防庁（公式）|https://www.fdma.go.jp/,self-study-mistakes — populate_o4_guide_articles.py で生成,「独学でよくある失敗」を理解し、乙4マスターの演習・用語・関連ガイドへ進みたい。,公式情報を確認する;演習で現在地を把握する;用語解説で弱点を補う,試験要項・消防法改正・出題範囲の更新時に本文と参照元を見直します。,2026-05-21,2026-06-20,2026-05-21,published,enrich_o4_guide_articles.py で 2026-05-21 品質更新（スラッグ別本文・FAQ）。,独学前に公式情報を確認,独学でよくある失敗では、独学は公式範囲の確定と復習の仕組みが土台です。最初の1時間は教材ではなく受験案内と出題範囲に充ててください。制度・数値の最終確認は消防試験研究センター（危険物取扱者）の最新案内で行い、乙4マスターの実践演習・用語解説で理解を固めてください。,教材・参考書の選び方,独学でよくある失敗を進めるうえで、参考書・問題集は各1冊から始め、目次とサンプル章で文体を確認してから追加します。乙4は数字・用語の索引があるかも選定ポイントです。,過去問で現在地を確認,ここでは独学でよくある失敗について、実践演習500問で分野別正答率を測り、70%未満の分野からテキストを当てます。正答率が高い分野は維持演習に切り替えます。,復習を計画に入れる,独学でよくある失敗の実務で押さえるのは、誤答と「なんとなく正解」を記録し、翌日以降に再演習します。解きっぱなしは同じミスを本番まで持ち込みます。,直前期の絞り込み,まとめると独学でよくある失敗では、直前は新規教材を増やさず、誤答ノート・指定数量・消火の適否・届出類型に絞って見直します。制度・数値の最終確認は消防試験研究センター（危険物取扱者）の最新案内で行い、乙4マスターの実践演習・用語解説で理解を固めてください。,,,,,独学でよくある失敗に予備校は必須ですか？,必須ではありません。公式範囲と演習・復習が回るかで判断してください。,独学でよくある失敗で教材は何冊必要ですか？,基本はテキスト1・問題集1から。足りない分野だけ追加する方が続きやすいです。,exam-overview:試験概要;study-plan:学習計画
self-study-environment,独学対策,危険物取扱者試験（乙種第4類）独学の環境づくり,危険物取扱者試験（乙種第4類）独学の環境づくり。独学の教材と進め方を、危険物取扱者試験（乙種第4類）受験者向けに乙4マスターが整理しました。,独学の環境づくりについて、独学の進め方と教材の選び方を説明します。,26,独学;教材;学習計画,乙4マスター編集部,危険物取扱者試験（乙種第4類）向けの学習コンテンツ（演習・用語・試験ガイド）を整理する編集チーム,公式情報確認担当,消防試験研究センター・消防庁の公開情報と照合し、サイト内リンクの整合を確認,2026-05-21,消防試験研究センター 危険物取扱者（公式）|https://www.shoubo-shiken.or.jp/kikenbutsu/;消防庁（公式）|https://www.fdma.go.jp/,self-study-environment — populate_o4_guide_articles.py で生成,「独学の環境づくり」を理解し、乙4マスターの演習・用語・関連ガイドへ進みたい。,公式情報を確認する;演習で現在地を把握する;用語解説で弱点を補う,試験要項・消防法改正・出題範囲の更新時に本文と参照元を見直します。,2026-05-21,2026-06-20,2026-05-21,published,enrich_o4_guide_articles.py で 2026-05-21 品質更新（スラッグ別本文・FAQ）。,独学前に公式情報を確認,独学の環境づくりでは、独学は公式範囲の確定と復習の仕組みが土台です。最初の1時間は教材ではなく受験案内と出題範囲に充ててください。制度・数値の最終確認は消防試験研究センター（危険物取扱者）の最新案内で行い、乙4マスターの実践演習・用語解説で理解を固めてください。,教材・参考書の選び方,独学の環境づくりを進めるうえで、参考書・問題集は各1冊から始め、目次とサンプル章で文体を確認してから追加します。乙4は数字・用語の索引があるかも選定ポイントです。,過去問で現在地を確認,ここでは独学の環境づくりについて、実践演習500問で分野別正答率を測り、70%未満の分野からテキストを当てます。正答率が高い分野は維持演習に切り替えます。,復習を計画に入れる,独学の環境づくりの実務で押さえるのは、誤答と「なんとなく正解」を記録し、翌日以降に再演習します。解きっぱなしは同じミスを本番まで持ち込みます。制度・数値の最終確認は消防試験研究センター（危険物取扱者）の最新案内で行い、乙4マスターの実践演習・用語解説で理解を固めてください。,直前期の絞り込み,まとめると独学の環境づくりでは、直前は新規教材を増やさず、誤答ノート・指定数量・消火の適否・届出類型に絞って見直します。制度・数値の最終確認は消防試験研究センター（危険物取扱者）の最新案内で行い、乙4マスターの実践演習・用語解説で理解を固めてください。,,,,,独学の環境づくりに予備校は必須ですか？,必須ではありません。公式範囲と演習・復習が回るかで判断してください。,独学の環境づくりで教材は何冊必要ですか？,基本はテキスト1・問題集1から。足りない分野だけ追加する方が続きやすいです。,exam-overview:試験概要;study-plan:学習計画
self-study-motivation,独学対策,危険物取扱者試験（乙種第4類）独学のモチベーション維持,危険物取扱者試験（乙種第4類）独学のモチベーション維持。独学の教材と進め方を、危険物取扱者試験（乙種第4類）受験者向けに乙4マスターが整理しました。,独学のモチベーション維持について、独学の進め方と教材の選び方を説明します。,26,独学;教材;学習計画,乙4マスター編集部,危険物取扱者試験（乙種第4類）向けの学習コンテンツ（演習・用語・試験ガイド）を整理する編集チーム,公式情報確認担当,消防試験研究センター・消防庁の公開情報と照合し、サイト内リンクの整合を確認,2026-05-21,消防試験研究センター 危険物取扱者（公式）|https://www.shoubo-shiken.or.jp/kikenbutsu/;消防庁（公式）|https://www.fdma.go.jp/,self-study-motivation — populate_o4_guide_articles.py で生成,「独学のモチベーション維持」を理解し、乙4マスターの演習・用語・関連ガイドへ進みたい。,公式情報を確認する;演習で現在地を把握する;用語解説で弱点を補う,試験要項・消防法改正・出題範囲の更新時に本文と参照元を見直します。,2026-05-21,2026-06-20,2026-05-21,published,enrich_o4_guide_articles.py で 2026-05-21 品質更新（スラッグ別本文・FAQ）。,独学前に公式情報を確認,独学のモチベーション維持では、独学は公式範囲の確定と復習の仕組みが土台です。最初の1時間は教材ではなく受験案内と出題範囲に充ててください。制度・数値の最終確認は消防試験研究センター（危険物取扱者）の最新案内で行い、乙4マスターの実践演習・用語解説で理解を固めてください。,教材・参考書の選び方,独学のモチベーション維持を進めるうえで、参考書・問題集は各1冊から始め、目次とサンプル章で文体を確認してから追加します。乙4は数字・用語の索引があるかも選定ポイントです。,過去問で現在地を確認,ここでは独学のモチベーション維持について、実践演習500問で分野別正答率を測り、70%未満の分野からテキストを当てます。正答率が高い分野は維持演習に切り替えます。,復習を計画に入れる,独学のモチベーション維持の実務で押さえるのは、誤答と「なんとなく正解」を記録し、翌日以降に再演習します。解きっぱなしは同じミスを本番まで持ち込みます。,直前期の絞り込み,まとめると独学のモチベーション維持では、直前は新規教材を増やさず、誤答ノート・指定数量・消火の適否・届出類型に絞って見直します。制度・数値の最終確認は消防試験研究センター（危険物取扱者）の最新案内で行い、乙4マスターの実践演習・用語解説で理解を固めてください。,,,,,独学のモチベーション維持に予備校は必須ですか？,必須ではありません。公式範囲と演習・復習が回るかで判断してください。,独学のモチベーション維持で教材は何冊必要ですか？,基本はテキスト1・問題集1から。足りない分野だけ追加する方が続きやすいです。,exam-overview:試験概要;study-plan:学習計画
self-study-without-school,独学対策,危険物取扱者試験（乙種第4類）を予備校なしで受ける,危険物取扱者試験（乙種第4類）を予備校なしで受ける。独学の教材と進め方を、危険物取扱者試験（乙種第4類）受験者向けに乙4マスターが整理しました。,を予備校なしで受けるについて、独学の進め方と教材の選び方を説明します。,26,独学;教材;学習計画,乙4マスター編集部,危険物取扱者試験（乙種第4類）向けの学習コンテンツ（演習・用語・試験ガイド）を整理する編集チーム,公式情報確認担当,消防試験研究センター・消防庁の公開情報と照合し、サイト内リンクの整合を確認,2026-05-21,消防試験研究センター 危険物取扱者（公式）|https://www.shoubo-shiken.or.jp/kikenbutsu/;消防庁（公式）|https://www.fdma.go.jp/,self-study-without-school — populate_o4_guide_articles.py で生成,「を予備校なしで受ける」を理解し、乙4マスターの演習・用語・関連ガイドへ進みたい。,公式情報を確認する;演習で現在地を把握する;用語解説で弱点を補う,試験要項・消防法改正・出題範囲の更新時に本文と参照元を見直します。,2026-05-21,2026-06-20,2026-05-21,published,enrich_o4_guide_articles.py で 2026-05-21 品質更新（スラッグ別本文・FAQ）。,独学前に公式情報を確認,を予備校なしで受けるでは、独学は公式範囲の確定と復習の仕組みが土台です。最初の1時間は教材ではなく受験案内と出題範囲に充ててください。制度・数値の最終確認は消防試験研究センター（危険物取扱者）の最新案内で行い、乙4マスターの実践演習・用語解説で理解を固めてください。,教材・参考書の選び方,を予備校なしで受けるを進めるうえで、参考書・問題集は各1冊から始め、目次とサンプル章で文体を確認してから追加します。乙4は数字・用語の索引があるかも選定ポイントです。,過去問で現在地を確認,ここではを予備校なしで受けるについて、実践演習500問で分野別正答率を測り、70%未満の分野からテキストを当てます。正答率が高い分野は維持演習に切り替えます。,復習を計画に入れる,を予備校なしで受けるの実務で押さえるのは、誤答と「なんとなく正解」を記録し、翌日以降に再演習します。解きっぱなしは同じミスを本番まで持ち込みます。,直前期の絞り込み,まとめるとを予備校なしで受けるでは、直前は新規教材を増やさず、誤答ノート・指定数量・消火の適否・届出類型に絞って見直します。制度・数値の最終確認は消防試験研究センター（危険物取扱者）の最新案内で行い、乙4マスターの実践演習・用語解説で理解を固めてください。,,,,,を予備校なしで受けるに予備校は必須ですか？,必須ではありません。公式範囲と演習・復習が回るかで判断してください。,を予備校なしで受けるで教材は何冊必要ですか？,基本はテキスト1・問題集1から。足りない分野だけ追加する方が続きやすいです。,exam-overview:試験概要;study-plan:学習計画
textbook-selection,独学対策,危険物取扱者試験（乙種第4類）の参考書の選び方,危険物取扱者試験（乙種第4類）の参考書の選び方。独学の教材と進め方を、危険物取扱者試験（乙種第4類）受験者向けに乙4マスターが整理しました。,乙4向け参考書の選び方と、1冊から始める判断基準をまとめます。,26,独学;教材;学習計画,乙4マスター編集部,危険物取扱者試験（乙種第4類）向けの学習コンテンツ（演習・用語・試験ガイド）を整理する編集チーム,公式情報確認担当,消防試験研究センター・消防庁の公開情報と照合し、サイト内リンクの整合を確認,2026-05-21,消防試験研究センター 危険物取扱者（公式）|https://www.shoubo-shiken.or.jp/kikenbutsu/;消防庁（公式）|https://www.fdma.go.jp/,textbook-selection — populate_o4_guide_articles.py で生成,「参考書の選び方」を理解し、乙4マスターの演習・用語・関連ガイドへ進みたい。,公式情報を確認する;演習で現在地を把握する;用語解説で弱点を補う,試験要項・消防法改正・出題範囲の更新時に本文と参照元を見直します。,2026-05-21,2026-06-20,2026-05-21,published,enrich_o4_guide_articles.py で 2026-05-21 品質更新（スラッグ別本文・FAQ）。,独学前に公式情報を確認,参考書の選び方では、独学は公式範囲の確定と復習の仕組みが土台です。最初の1時間は教材ではなく受験案内と出題範囲に充ててください。制度・数値の最終確認は消防試験研究センター（危険物取扱者）の最新案内で行い、乙4マスターの実践演習・用語解説で理解を固めてください。,教材・参考書の選び方,"参考書の選び方を進めるうえで、参考書・問題集は各1冊から始め、目次とサンプル章で文体を確認してから追加します。乙4は数字・用語の索引があるかも選定ポイントです。

乙4向けテキストは「出題範囲との対応」「数字・別表の索引」「解説の文体」の3点で選びます。最新改定年度の奥付を必ず確認し、1冊を完走してから追加を検討してください。",過去問で現在地を確認,ここでは参考書の選び方について、実践演習500問で分野別正答率を測り、70%未満の分野からテキストを当てます。正答率が高い分野は維持演習に切り替えます。,復習を計画に入れる,参考書の選び方の実務で押さえるのは、誤答と「なんとなく正解」を記録し、翌日以降に再演習します。解きっぱなしは同じミスを本番まで持ち込みます。制度・数値の最終確認は消防試験研究センター（危険物取扱者）の最新案内で行い、乙4マスターの実践演習・用語解説で理解を固めてください。,直前期の絞り込み,まとめると参考書の選び方では、直前は新規教材を増やさず、誤答ノート・指定数量・消火の適否・届出類型に絞って見直します。制度・数値の最終確認は消防試験研究センター（危険物取扱者）の最新案内で行い、乙4マスターの実践演習・用語解説で理解を固めてください。,,,,,参考書の選び方に予備校は必須ですか？,必須ではありません。公式範囲と演習・復習が回るかで判断してください。,参考書の選び方で教材は何冊必要ですか？,基本はテキスト1・問題集1から。足りない分野だけ追加する方が続きやすいです。,exam-overview:試験概要;study-plan:学習計画
problem-book-selection,独学対策,危険物取扱者試験（乙種第4類）の問題集の選び方,危険物取扱者試験（乙種第4類）の問題集の選び方。独学の教材と進め方を、危険物取扱者試験（乙種第4類）受験者向けに乙4マスターが整理しました。,問題集の選び方について、独学の進め方と教材の選び方を説明します。,26,独学;教材;学習計画,乙4マスター編集部,危険物取扱者試験（乙種第4類）向けの学習コンテンツ（演習・用語・試験ガイド）を整理する編集チーム,公式情報確認担当,消防試験研究センター・消防庁の公開情報と照合し、サイト内リンクの整合を確認,2026-05-21,消防試験研究センター 危険物取扱者（公式）|https://www.shoubo-shiken.or.jp/kikenbutsu/;消防庁（公式）|https://www.fdma.go.jp/,problem-book-selection — populate_o4_guide_articles.py で生成,「問題集の選び方」を理解し、乙4マスターの演習・用語・関連ガイドへ進みたい。,公式情報を確認する;演習で現在地を把握する;用語解説で弱点を補う,試験要項・消防法改正・出題範囲の更新時に本文と参照元を見直します。,2026-05-21,2026-06-20,2026-05-21,published,enrich_o4_guide_articles.py で 2026-05-21 品質更新（スラッグ別本文・FAQ）。,独学前に公式情報を確認,問題集の選び方では、独学は公式範囲の確定と復習の仕組みが土台です。最初の1時間は教材ではなく受験案内と出題範囲に充ててください。制度・数値の最終確認は消防試験研究センター（危険物取扱者）の最新案内で行い、乙4マスターの実践演習・用語解説で理解を固めてください。,教材・参考書の選び方,問題集の選び方を進めるうえで、参考書・問題集は各1冊から始め、目次とサンプル章で文体を確認してから追加します。乙4は数字・用語の索引があるかも選定ポイントです。,過去問で現在地を確認,ここでは問題集の選び方について、実践演習500問で分野別正答率を測り、70%未満の分野からテキストを当てます。正答率が高い分野は維持演習に切り替えます。,復習を計画に入れる,問題集の選び方の実務で押さえるのは、誤答と「なんとなく正解」を記録し、翌日以降に再演習します。解きっぱなしは同じミスを本番まで持ち込みます。制度・数値の最終確認は消防試験研究センター（危険物取扱者）の最新案内で行い、乙4マスターの実践演習・用語解説で理解を固めてください。,直前期の絞り込み,まとめると問題集の選び方では、直前は新規教材を増やさず、誤答ノート・指定数量・消火の適否・届出類型に絞って見直します。制度・数値の最終確認は消防試験研究センター（危険物取扱者）の最新案内で行い、乙4マスターの実践演習・用語解説で理解を固めてください。,,,,,問題集の選び方に予備校は必須ですか？,必須ではありません。公式範囲と演習・復習が回るかで判断してください。,問題集の選び方で教材は何冊必要ですか？,基本はテキスト1・問題集1から。足りない分野だけ追加する方が続きやすいです。,exam-overview:試験概要;study-plan:学習計画
correspondence-course-guide,独学対策,危険物取扱者試験（乙種第4類）の通信講座の選び方,危険物取扱者試験（乙種第4類）の通信講座の選び方。独学の教材と進め方を、危険物取扱者試験（乙種第4類）受験者向けに乙4マスターが整理しました。,通信講座の選び方について、独学の進め方と教材の選び方を説明します。,26,独学;教材;学習計画,乙4マスター編集部,危険物取扱者試験（乙種第4類）向けの学習コンテンツ（演習・用語・試験ガイド）を整理する編集チーム,公式情報確認担当,消防試験研究センター・消防庁の公開情報と照合し、サイト内リンクの整合を確認,2026-05-21,消防試験研究センター 危険物取扱者（公式）|https://www.shoubo-shiken.or.jp/kikenbutsu/;消防庁（公式）|https://www.fdma.go.jp/,correspondence-course-guide — populate_o4_guide_articles.py で生成,「通信講座の選び方」を理解し、乙4マスターの演習・用語・関連ガイドへ進みたい。,公式情報を確認する;演習で現在地を把握する;用語解説で弱点を補う,試験要項・消防法改正・出題範囲の更新時に本文と参照元を見直します。,2026-05-21,2026-06-20,2026-05-21,published,enrich_o4_guide_articles.py で 2026-05-21 品質更新（スラッグ別本文・FAQ）。,独学前に公式情報を確認,通信講座の選び方では、独学は公式範囲の確定と復習の仕組みが土台です。最初の1時間は教材ではなく受験案内と出題範囲に充ててください。制度・数値の最終確認は消防試験研究センター（危険物取扱者）の最新案内で行い、乙4マスターの実践演習・用語解説で理解を固めてください。,教材・参考書の選び方,通信講座の選び方を進めるうえで、参考書・問題集は各1冊から始め、目次とサンプル章で文体を確認してから追加します。乙4は数字・用語の索引があるかも選定ポイントです。,過去問で現在地を確認,ここでは通信講座の選び方について、実践演習500問で分野別正答率を測り、70%未満の分野からテキストを当てます。正答率が高い分野は維持演習に切り替えます。,復習を計画に入れる,通信講座の選び方の実務で押さえるのは、誤答と「なんとなく正解」を記録し、翌日以降に再演習します。解きっぱなしは同じミスを本番まで持ち込みます。制度・数値の最終確認は消防試験研究センター（危険物取扱者）の最新案内で行い、乙4マスターの実践演習・用語解説で理解を固めてください。,直前期の絞り込み,まとめると通信講座の選び方では、直前は新規教材を増やさず、誤答ノート・指定数量・消火の適否・届出類型に絞って見直します。制度・数値の最終確認は消防試験研究センター（危険物取扱者）の最新案内で行い、乙4マスターの実践演習・用語解説で理解を固めてください。,,,,,通信講座の選び方に予備校は必須ですか？,必須ではありません。公式範囲と演習・復習が回るかで判断してください。,通信講座の選び方で教材は何冊必要ですか？,基本はテキスト1・問題集1から。足りない分野だけ追加する方が続きやすいです。,exam-overview:試験概要;study-plan:学習計画
free-materials-online,独学対策,危険物取扱者試験（乙種第4類）の無料学習コンテンツの活用法,危険物取扱者試験（乙種第4類）の無料学習コンテンツの活用法。独学の教材と進め方を、危険物取扱者試験（乙種第4類）受験者向けに乙4マスターが整理しました。,無料学習コンテンツの活用法について、独学の進め方と教材の選び方を説明します。,26,独学;教材;学習計画,乙4マスター編集部,危険物取扱者試験（乙種第4類）向けの学習コンテンツ（演習・用語・試験ガイド）を整理する編集チーム,公式情報確認担当,消防試験研究センター・消防庁の公開情報と照合し、サイト内リンクの整合を確認,2026-05-21,消防試験研究センター 危険物取扱者（公式）|https://www.shoubo-shiken.or.jp/kikenbutsu/;消防庁（公式）|https://www.fdma.go.jp/,free-materials-online — populate_o4_guide_articles.py で生成,「無料学習コンテンツの活用法」を理解し、乙4マスターの演習・用語・関連ガイドへ進みたい。,公式情報を確認する;演習で現在地を把握する;用語解説で弱点を補う,試験要項・消防法改正・出題範囲の更新時に本文と参照元を見直します。,2026-05-21,2026-06-20,2026-05-21,published,enrich_o4_guide_articles.py で 2026-05-21 品質更新（スラッグ別本文・FAQ）。,独学前に公式情報を確認,無料学習コンテンツの活用法では、独学は公式範囲の確定と復習の仕組みが土台です。最初の1時間は教材ではなく受験案内と出題範囲に充ててください。制度・数値の最終確認は消防試験研究センター（危険物取扱者）の最新案内で行い、乙4マスターの実践演習・用語解説で理解を固めてください。,教材・参考書の選び方,無料学習コンテンツの活用法を進めるうえで、参考書・問題集は各1冊から始め、目次とサンプル章で文体を確認してから追加します。乙4は数字・用語の索引があるかも選定ポイントです。,過去問で現在地を確認,ここでは無料学習コンテンツの活用法について、実践演習500問で分野別正答率を測り、70%未満の分野からテキストを当てます。正答率が高い分野は維持演習に切り替えます。,復習を計画に入れる,無料学習コンテンツの活用法の実務で押さえるのは、誤答と「なんとなく正解」を記録し、翌日以降に再演習します。解きっぱなしは同じミスを本番まで持ち込みます。,直前期の絞り込み,まとめると無料学習コンテンツの活用法では、直前は新規教材を増やさず、誤答ノート・指定数量・消火の適否・届出類型に絞って見直します。制度・数値の最終確認は消防試験研究センター（危険物取扱者）の最新案内で行い、乙4マスターの実践演習・用語解説で理解を固めてください。,,,,,無料学習コンテンツの活用法に予備校は必須ですか？,必須ではありません。公式範囲と演習・復習が回るかで判断してください。,無料学習コンテンツの活用法で教材は何冊必要ですか？,基本はテキスト1・問題集1から。足りない分野だけ追加する方が続きやすいです。,exam-overview:試験概要;study-plan:学習計画
textbook-vs-past-questions,独学対策,危険物取扱者試験（乙種第4類）は参考書と演習どちらを優先するか,危険物取扱者試験（乙種第4類）は参考書と演習どちらを優先するか。独学の教材と進め方を、危険物取扱者試験（乙種第4類）受験者向けに乙4マスターが整理しました。,は参考書と演習どちらを優先するかについて、独学の進め方と教材の選び方を説明します。,26,独学;教材;学習計画,乙4マスター編集部,危険物取扱者試験（乙種第4類）向けの学習コンテンツ（演習・用語・試験ガイド）を整理する編集チーム,公式情報確認担当,消防試験研究センター・消防庁の公開情報と照合し、サイト内リンクの整合を確認,2026-05-21,消防試験研究センター 危険物取扱者（公式）|https://www.shoubo-shiken.or.jp/kikenbutsu/;消防庁（公式）|https://www.fdma.go.jp/,textbook-vs-past-questions — populate_o4_guide_articles.py で生成,「は参考書と演習どちらを優先するか」を理解し、乙4マスターの演習・用語・関連ガイドへ進みたい。,公式情報を確認する;演習で現在地を把握する;用語解説で弱点を補う,試験要項・消防法改正・出題範囲の更新時に本文と参照元を見直します。,2026-05-21,2026-06-20,2026-05-21,published,enrich_o4_guide_articles.py で 2026-05-21 品質更新（スラッグ別本文・FAQ）。,独学前に公式情報を確認,は参考書と演習どちらを優先するかでは、独学は公式範囲の確定と復習の仕組みが土台です。最初の1時間は教材ではなく受験案内と出題範囲に充ててください。,教材・参考書の選び方,は参考書と演習どちらを優先するかを進めるうえで、参考書・問題集は各1冊から始め、目次とサンプル章で文体を確認してから追加します。乙4は数字・用語の索引があるかも選定ポイントです。,過去問で現在地を確認,ここではは参考書と演習どちらを優先するかについて、実践演習500問で分野別正答率を測り、70%未満の分野からテキストを当てます。正答率が高い分野は維持演習に切り替えます。,復習を計画に入れる,は参考書と演習どちらを優先するかの実務で押さえるのは、誤答と「なんとなく正解」を記録し、翌日以降に再演習します。解きっぱなしは同じミスを本番まで持ち込みます。,直前期の絞り込み,まとめるとは参考書と演習どちらを優先するかでは、直前は新規教材を増やさず、誤答ノート・指定数量・消火の適否・届出類型に絞って見直します。制度・数値の最終確認は消防試験研究センター（危険物取扱者）の最新案内で行い、乙4マスターの実践演習・用語解説で理解を固めてください。,,,,,は参考書と演習どちらを優先するかに予備校は必須ですか？,必須ではありません。公式範囲と演習・復習が回るかで判断してください。,は参考書と演習どちらを優先するかで教材は何冊必要ですか？,基本はテキスト1・問題集1から。足りない分野だけ追加する方が続きやすいです。,exam-overview:試験概要;study-plan:学習計画
material-update-cycle,独学対策,危険物取扱者試験（乙種第4類）教材の改訂と買い替え,危険物取扱者試験（乙種第4類）教材の改訂と買い替え。独学の教材と進め方を、危険物取扱者試験（乙種第4類）受験者向けに乙4マスターが整理しました。,教材の改訂と買い替えについて、独学の進め方と教材の選び方を説明します。,26,独学;教材;学習計画,乙4マスター編集部,危険物取扱者試験（乙種第4類）向けの学習コンテンツ（演習・用語・試験ガイド）を整理する編集チーム,公式情報確認担当,消防試験研究センター・消防庁の公開情報と照合し、サイト内リンクの整合を確認,2026-05-21,消防試験研究センター 危険物取扱者（公式）|https://www.shoubo-shiken.or.jp/kikenbutsu/;消防庁（公式）|https://www.fdma.go.jp/,material-update-cycle — populate_o4_guide_articles.py で生成,「教材の改訂と買い替え」を理解し、乙4マスターの演習・用語・関連ガイドへ進みたい。,公式情報を確認する;演習で現在地を把握する;用語解説で弱点を補う,試験要項・消防法改正・出題範囲の更新時に本文と参照元を見直します。,2026-05-21,2026-06-20,2026-05-21,published,enrich_o4_guide_articles.py で 2026-05-21 品質更新（スラッグ別本文・FAQ）。,独学前に公式情報を確認,教材の改訂と買い替えでは、独学は公式範囲の確定と復習の仕組みが土台です。最初の1時間は教材ではなく受験案内と出題範囲に充ててください。制度・数値の最終確認は消防試験研究センター（危険物取扱者）の最新案内で行い、乙4マスターの実践演習・用語解説で理解を固めてください。,教材・参考書の選び方,教材の改訂と買い替えを進めるうえで、参考書・問題集は各1冊から始め、目次とサンプル章で文体を確認してから追加します。乙4は数字・用語の索引があるかも選定ポイントです。,過去問で現在地を確認,ここでは教材の改訂と買い替えについて、実践演習500問で分野別正答率を測り、70%未満の分野からテキストを当てます。正答率が高い分野は維持演習に切り替えます。,復習を計画に入れる,教材の改訂と買い替えの実務で押さえるのは、誤答と「なんとなく正解」を記録し、翌日以降に再演習します。解きっぱなしは同じミスを本番まで持ち込みます。,直前期の絞り込み,まとめると教材の改訂と買い替えでは、直前は新規教材を増やさず、誤答ノート・指定数量・消火の適否・届出類型に絞って見直します。制度・数値の最終確認は消防試験研究センター（危険物取扱者）の最新案内で行い、乙4マスターの実践演習・用語解説で理解を固めてください。,,,,,教材の改訂と買い替えに予備校は必須ですか？,必須ではありません。公式範囲と演習・復習が回るかで判断してください。,教材の改訂と買い替えで教材は何冊必要ですか？,基本はテキスト1・問題集1から。足りない分野だけ追加する方が続きやすいです。,exam-overview:試験概要;study-plan:学習計画
past-questions-by-year,過去問活用,危険物取扱者試験（乙種第4類）の年度別過去問の進め方,危険物取扱者試験（乙種第4類）の年度別過去問の進め方。演習・解き直しの手順を、危険物取扱者試験（乙種第4類）受験者向けに乙4マスターが整理しました。,年度別過去問の進め方について、演習・解き直し・弱点の見つけ方をまとめます。,30,過去問;模試;復習,乙4マスター編集部,危険物取扱者試験（乙種第4類）向けの学習コンテンツ（演習・用語・試験ガイド）を整理する編集チーム,公式情報確認担当,消防試験研究センター・消防庁の公開情報と照合し、サイト内リンクの整合を確認,2026-05-21,消防試験研究センター 危険物取扱者（公式）|https://www.shoubo-shiken.or.jp/kikenbutsu/;消防庁（公式）|https://www.fdma.go.jp/,past-questions-by-year — populate_o4_guide_articles.py で生成,「年度別過去問の進め方」を理解し、乙4マスターの演習・用語・関連ガイドへ進みたい。,最新年度過去問を時間計測で解く;誤答理由を分類する;用語解説で混同を解消する,試験要項・消防法改正・出題範囲の更新時に本文と参照元を見直します。,2026-05-21,2026-06-20,2026-05-21,published,enrich_o4_guide_articles.py で 2026-05-21 品質更新（スラッグ別本文・FAQ）。,最初は年度別に解く,"年度別過去問の進め方では、最新年度の過去問で本番形式に慣れ、続けて実践演習で分野別の量を確保する二段構えが効率的です。

年度ごとに正答率と所要時間を記録し、最新年度で現在地を測ってから旧年度へ広げます。年度をまたいで同じ論点を落とす場合は用語解説で混同を解消してください。",模試・一問一答の位置づけ,年度別過去問の進め方を進めるうえで、一問一答は隙間時間の用語確認、本番形式は過去問・実践演習で練習します。役割を混ぜないと効率が落ちます。制度・数値の最終確認は消防試験研究センター（危険物取扱者）の最新案内で行い、乙4マスターの実践演習・用語解説で理解を固めてください。,間違いの理由を分類する,ここでは年度別過去問の進め方について、誤答を知識不足・用語混同・計算ミス・読み飛ばしに分類し、同じ理由が続く分野は用語解説へ戻ります。制度・数値の最終確認は消防試験研究センター（危険物取扱者）の最新案内で行い、乙4マスターの実践演習・用語解説で理解を固めてください。,解き直しのタイミング,年度別過去問の進め方の実務で押さえるのは、解き直しは翌日以降。1週間空けた再演習で、暗記ではなく理解の確認になります。ブックマーク一覧を週次で空にするまで繰り返し、正答率の推移をメモに残してください。 by・yearの観点では、解き直しを翌日以降に必ず行い、誤答ノートへ理由を1行残してください。,用語・分野別学習へ戻る,まとめると年度別過去問の進め方では、繰り返し落とす語句は用語解説で混同ペアを確認し、関連リンクで5語セット学習→演習10問で定着させます。演習だけで終わらせず、必ず用語ページで定義を一言で言えるまで確認してから次へ進みます。,,,,,年度別過去問の進め方は解き直しが必要ですか？,必要です。翌日以降・1週間後の再演習で理解の確認をしてください。,年度別過去問の進め方と一問一答の使い分けは？,一問一答は用語確認、本番形式は過去問・実践演習で役割を分けてください。,study-plan:学習計画;glossary-how-to:用語整理
past-questions-by-field,過去問活用,危険物取扱者試験（乙種第4類）の分野別演習の進め方,危険物取扱者試験（乙種第4類）の分野別演習の進め方。演習・解き直しの手順を、危険物取扱者試験（乙種第4類）受験者向けに乙4マスターが整理しました。,分野別演習の進め方について、演習・解き直し・弱点の見つけ方をまとめます。,30,過去問;模試;復習,乙4マスター編集部,危険物取扱者試験（乙種第4類）向けの学習コンテンツ（演習・用語・試験ガイド）を整理する編集チーム,公式情報確認担当,消防試験研究センター・消防庁の公開情報と照合し、サイト内リンクの整合を確認,2026-05-21,消防試験研究センター 危険物取扱者（公式）|https://www.shoubo-shiken.or.jp/kikenbutsu/;消防庁（公式）|https://www.fdma.go.jp/,past-questions-by-field — populate_o4_guide_articles.py で生成,「分野別演習の進め方」を理解し、乙4マスターの演習・用語・関連ガイドへ進みたい。,最新年度過去問を時間計測で解く;誤答理由を分類する;用語解説で混同を解消する,試験要項・消防法改正・出題範囲の更新時に本文と参照元を見直します。,2026-05-21,2026-06-20,2026-05-21,published,enrich_o4_guide_articles.py で 2026-05-21 品質更新（スラッグ別本文・FAQ）。,最初は年度別に解く,分野別演習の進め方では、最新年度の過去問で本番形式に慣れ、続けて実践演習で分野別の量を確保する二段構えが効率的です。制度・数値の最終確認は消防試験研究センター（危険物取扱者）の最新案内で行い、乙4マスターの実践演習・用語解説で理解を固めてください。,模試・一問一答の位置づけ,分野別演習の進め方を進めるうえで、一問一答は隙間時間の用語確認、本番形式は過去問・実践演習で練習します。役割を混ぜないと効率が落ちます。制度・数値の最終確認は消防試験研究センター（危険物取扱者）の最新案内で行い、乙4マスターの実践演習・用語解説で理解を固めてください。,間違いの理由を分類する,ここでは分野別演習の進め方について、誤答を知識不足・用語混同・計算ミス・読み飛ばしに分類し、同じ理由が続く分野は用語解説へ戻ります。制度・数値の最終確認は消防試験研究センター（危険物取扱者）の最新案内で行い、乙4マスターの実践演習・用語解説で理解を固めてください。,解き直しのタイミング,分野別演習の進め方の実務で押さえるのは、解き直しは翌日以降。1週間空けた再演習で、暗記ではなく理解の確認になります。ブックマーク一覧を週次で空にするまで繰り返し、正答率の推移をメモに残してください。 by・fieldの観点では、解き直しを翌日以降に必ず行い、誤答ノートへ理由を1行残してください。,用語・分野別学習へ戻る,まとめると分野別演習の進め方では、繰り返し落とす語句は用語解説で混同ペアを確認し、関連リンクで5語セット学習→演習10問で定着させます。演習だけで終わらせず、必ず用語ページで定義を一言で言えるまで確認してから次へ進みます。,,,,,分野別演習はどう始めますか？,乙4マスターの分野チップでフィルタし、10問×3セットから始め、正答率が安定するまで繰り返してください。,1分野だけ先に勉強してもよいですか？,全体像把握後なら有効です。他分野を完全に止めず、週1回は全体の短い演習を入れてください。,study-plan:学習計画;glossary-how-to:用語整理
past-questions-review-cycle,過去問活用,危険物取扱者試験（乙種第4類）の解き直しサイクル,危険物取扱者試験（乙種第4類）の解き直しサイクル。演習・解き直しの手順を、危険物取扱者試験（乙種第4類）受験者向けに乙4マスターが整理しました。,解き直しサイクルについて、演習・解き直し・弱点の見つけ方をまとめます。,30,過去問;模試;復習,乙4マスター編集部,危険物取扱者試験（乙種第4類）向けの学習コンテンツ（演習・用語・試験ガイド）を整理する編集チーム,公式情報確認担当,消防試験研究センター・消防庁の公開情報と照合し、サイト内リンクの整合を確認,2026-05-21,消防試験研究センター 危険物取扱者（公式）|https://www.shoubo-shiken.or.jp/kikenbutsu/;消防庁（公式）|https://www.fdma.go.jp/,past-questions-review-cycle — populate_o4_guide_articles.py で生成,「解き直しサイクル」を理解し、乙4マスターの演習・用語・関連ガイドへ進みたい。,最新年度過去問を時間計測で解く;誤答理由を分類する;用語解説で混同を解消する,試験要項・消防法改正・出題範囲の更新時に本文と参照元を見直します。,2026-05-21,2026-06-20,2026-05-21,published,enrich_o4_guide_articles.py で 2026-05-21 品質更新（スラッグ別本文・FAQ）。,最初は年度別に解く,解き直しサイクルでは、最新年度の過去問で本番形式に慣れ、続けて実践演習で分野別の量を確保する二段構えが効率的です。制度・数値の最終確認は消防試験研究センター（危険物取扱者）の最新案内で行い、乙4マスターの実践演習・用語解説で理解を固めてください。,模試・一問一答の位置づけ,解き直しサイクルを進めるうえで、一問一答は隙間時間の用語確認、本番形式は過去問・実践演習で練習します。役割を混ぜないと効率が落ちます。制度・数値の最終確認は消防試験研究センター（危険物取扱者）の最新案内で行い、乙4マスターの実践演習・用語解説で理解を固めてください。,間違いの理由を分類する,ここでは解き直しサイクルについて、誤答を知識不足・用語混同・計算ミス・読み飛ばしに分類し、同じ理由が続く分野は用語解説へ戻ります。制度・数値の最終確認は消防試験研究センター（危険物取扱者）の最新案内で行い、乙4マスターの実践演習・用語解説で理解を固めてください。,解き直しのタイミング,解き直しサイクルの実務で押さえるのは、解き直しは翌日以降。1週間空けた再演習で、暗記ではなく理解の確認になります。ブックマーク一覧を週次で空にするまで繰り返し、正答率の推移をメモに残してください。 解き直しは週次でカレンダー登録し、ブックマークを空にするまで同型を繰り返します。,用語・分野別学習へ戻る,まとめると解き直しサイクルでは、繰り返し落とす語句は用語解説で混同ペアを確認し、関連リンクで5語セット学習→演習10問で定着させます。演習だけで終わらせず、必ず用語ページで定義を一言で言えるまで確認してから次へ進みます。,,,,,解き直しサイクルは解き直しが必要ですか？,必要です。翌日以降・1週間後の再演習で理解の確認をしてください。,解き直しサイクルと一問一答の使い分けは？,一問一答は用語確認、本番形式は過去問・実践演習で役割を分けてください。,study-plan:学習計画;glossary-how-to:用語整理
past-questions-score-analysis,過去問活用,危険物取扱者試験（乙種第4類）演習の正答率の見方,危険物取扱者試験（乙種第4類）演習の正答率の見方。演習・解き直しの手順を、危険物取扱者試験（乙種第4類）受験者向けに乙4マスターが整理しました。,演習の正答率の見方について、演習・解き直し・弱点の見つけ方をまとめます。,30,過去問;模試;復習,乙4マスター編集部,危険物取扱者試験（乙種第4類）向けの学習コンテンツ（演習・用語・試験ガイド）を整理する編集チーム,公式情報確認担当,消防試験研究センター・消防庁の公開情報と照合し、サイト内リンクの整合を確認,2026-05-21,消防試験研究センター 危険物取扱者（公式）|https://www.shoubo-shiken.or.jp/kikenbutsu/;消防庁（公式）|https://www.fdma.go.jp/,past-questions-score-analysis — populate_o4_guide_articles.py で生成,「演習の正答率の見方」を理解し、乙4マスターの演習・用語・関連ガイドへ進みたい。,最新年度過去問を時間計測で解く;誤答理由を分類する;用語解説で混同を解消する,試験要項・消防法改正・出題範囲の更新時に本文と参照元を見直します。,2026-05-21,2026-06-20,2026-05-21,published,enrich_o4_guide_articles.py で 2026-05-21 品質更新（スラッグ別本文・FAQ）。,最初は年度別に解く,演習の正答率の見方では、最新年度の過去問で本番形式に慣れ、続けて実践演習で分野別の量を確保する二段構えが効率的です。制度・数値の最終確認は消防試験研究センター（危険物取扱者）の最新案内で行い、乙4マスターの実践演習・用語解説で理解を固めてください。,模試・一問一答の位置づけ,演習の正答率の見方を進めるうえで、一問一答は隙間時間の用語確認、本番形式は過去問・実践演習で練習します。役割を混ぜないと効率が落ちます。制度・数値の最終確認は消防試験研究センター（危険物取扱者）の最新案内で行い、乙4マスターの実践演習・用語解説で理解を固めてください。,間違いの理由を分類する,ここでは演習の正答率の見方について、誤答を知識不足・用語混同・計算ミス・読み飛ばしに分類し、同じ理由が続く分野は用語解説へ戻ります。制度・数値の最終確認は消防試験研究センター（危険物取扱者）の最新案内で行い、乙4マスターの実践演習・用語解説で理解を固めてください。,解き直しのタイミング,演習の正答率の見方の実務で押さえるのは、解き直しは翌日以降。1週間空けた再演習で、暗記ではなく理解の確認になります。ブックマーク一覧を週次で空にするまで繰り返し、正答率の推移をメモに残してください。 正答率は分野別・週別にグラフ化し、伸び悩み週はインプットに切り替えます。,用語・分野別学習へ戻る,まとめると演習の正答率の見方では、繰り返し落とす語句は用語解説で混同ペアを確認し、関連リンクで5語セット学習→演習10問で定着させます。演習だけで終わらせず、必ず用語ページで定義を一言で言えるまで確認してから次へ進みます。,,,,,演習の正答率の見方は解き直しが必要ですか？,必要です。翌日以降・1週間後の再演習で理解の確認をしてください。,演習の正答率の見方と一問一答の使い分けは？,一問一答は用語確認、本番形式は過去問・実践演習で役割を分けてください。,study-plan:学習計画;glossary-how-to:用語整理
bookmark-review-method,過去問活用,乙4マスターのブックマーク復習,乙4マスターのブックマーク復習。演習・解き直しの手順を、危険物取扱者試験（乙種第4類）受験者向けに乙4マスターが整理しました。,乙4マスターのブックマーク復習について、演習・解き直し・弱点の見つけ方をまとめます。,30,過去問;模試;復習,乙4マスター編集部,危険物取扱者試験（乙種第4類）向けの学習コンテンツ（演習・用語・試験ガイド）を整理する編集チーム,公式情報確認担当,消防試験研究センター・消防庁の公開情報と照合し、サイト内リンクの整合を確認,2026-05-21,消防試験研究センター 危険物取扱者（公式）|https://www.shoubo-shiken.or.jp/kikenbutsu/;消防庁（公式）|https://www.fdma.go.jp/,bookmark-review-method — populate_o4_guide_articles.py で生成,「乙4マスターのブックマーク復習」を理解し、乙4マスターの演習・用語・関連ガイドへ進みたい。,最新年度過去問を時間計測で解く;誤答理由を分類する;用語解説で混同を解消する,試験要項・消防法改正・出題範囲の更新時に本文と参照元を見直します。,2026-05-21,2026-06-20,2026-05-21,published,enrich_o4_guide_articles.py で 2026-05-21 品質更新（スラッグ別本文・FAQ）。,最初は年度別に解く,乙4マスターのブックマーク復習では、最新年度の過去問で本番形式に慣れ、続けて実践演習で分野別の量を確保する二段構えが効率的です。制度・数値の最終確認は消防試験研究センター（危険物取扱者）の最新案内で行い、乙4マスターの実践演習・用語解説で理解を固めてください。,模試・一問一答の位置づけ,乙4マスターのブックマーク復習を進めるうえで、一問一答は隙間時間の用語確認、本番形式は過去問・実践演習で練習します。役割を混ぜないと効率が落ちます。,間違いの理由を分類する,ここでは乙4マスターのブックマーク復習について、誤答を知識不足・用語混同・計算ミス・読み飛ばしに分類し、同じ理由が続く分野は用語解説へ戻ります。制度・数値の最終確認は消防試験研究センター（危険物取扱者）の最新案内で行い、乙4マスターの実践演習・用語解説で理解を固めてください。,解き直しのタイミング,"乙4マスターのブックマーク復習の実務で押さえるのは、解き直しは翌日以降。1週間空けた再演習で、暗記ではなく理解の確認になります。ブックマーク一覧を週次で空にするまで繰り返し、正答率の推移をメモに残してください。

乙4マスターのブックマークは「後で見る」リストとして使えます。週末にブックマークのみを解き直し、解除した問題は翌週の演習で再確認してください。",用語・分野別学習へ戻る,まとめると乙4マスターのブックマーク復習では、繰り返し落とす語句は用語解説で混同ペアを確認し、関連リンクで5語セット学習→演習10問で定着させます。演習だけで終わらせず、必ず用語ページで定義を一言で言えるまで確認してから次へ進みます。,,,,,乙4マスターのブックマーク復習は解き直しが必要ですか？,必要です。翌日以降・1週間後の再演習で理解の確認をしてください。,乙4マスターのブックマーク復習と一問一答の使い分けは？,一問一答は用語確認、本番形式は過去問・実践演習で役割を分けてください。,study-plan:学習計画;glossary-how-to:用語整理
past-questions-first-attempt,過去問活用,危険物取扱者試験（乙種第4類）で最初に解く演習の選び方,危険物取扱者試験（乙種第4類）で最初に解く演習の選び方。演習・解き直しの手順を、危険物取扱者試験（乙種第4類）受験者向けに乙4マスターが整理しました。,で最初に解く演習の選び方について、演習・解き直し・弱点の見つけ方をまとめます。,30,過去問;模試;復習,乙4マスター編集部,危険物取扱者試験（乙種第4類）向けの学習コンテンツ（演習・用語・試験ガイド）を整理する編集チーム,公式情報確認担当,消防試験研究センター・消防庁の公開情報と照合し、サイト内リンクの整合を確認,2026-05-21,消防試験研究センター 危険物取扱者（公式）|https://www.shoubo-shiken.or.jp/kikenbutsu/;消防庁（公式）|https://www.fdma.go.jp/,past-questions-first-attempt — populate_o4_guide_articles.py で生成,「で最初に解く演習の選び方」を理解し、乙4マスターの演習・用語・関連ガイドへ進みたい。,最新年度過去問を時間計測で解く;誤答理由を分類する;用語解説で混同を解消する,試験要項・消防法改正・出題範囲の更新時に本文と参照元を見直します。,2026-05-21,2026-06-20,2026-05-21,published,enrich_o4_guide_articles.py で 2026-05-21 品質更新（スラッグ別本文・FAQ）。,最初は年度別に解く,で最初に解く演習の選び方では、最新年度の過去問で本番形式に慣れ、続けて実践演習で分野別の量を確保する二段構えが効率的です。制度・数値の最終確認は消防試験研究センター（危険物取扱者）の最新案内で行い、乙4マスターの実践演習・用語解説で理解を固めてください。,模試・一問一答の位置づけ,で最初に解く演習の選び方を進めるうえで、一問一答は隙間時間の用語確認、本番形式は過去問・実践演習で練習します。役割を混ぜないと効率が落ちます。制度・数値の最終確認は消防試験研究センター（危険物取扱者）の最新案内で行い、乙4マスターの実践演習・用語解説で理解を固めてください。,間違いの理由を分類する,ここではで最初に解く演習の選び方について、誤答を知識不足・用語混同・計算ミス・読み飛ばしに分類し、同じ理由が続く分野は用語解説へ戻ります。制度・数値の最終確認は消防試験研究センター（危険物取扱者）の最新案内で行い、乙4マスターの実践演習・用語解説で理解を固めてください。,解き直しのタイミング,で最初に解く演習の選び方の実務で押さえるのは、解き直しは翌日以降。1週間空けた再演習で、暗記ではなく理解の確認になります。ブックマーク一覧を週次で空にするまで繰り返し、正答率の推移をメモに残してください。 first・attemptの観点では、解き直しを翌日以降に必ず行い、誤答ノートへ理由を1行残してください。,用語・分野別学習へ戻る,まとめるとで最初に解く演習の選び方では、繰り返し落とす語句は用語解説で混同ペアを確認し、関連リンクで5語セット学習→演習10問で定着させます。演習だけで終わらせず、必ず用語ページで定義を一言で言えるまで確認してから次へ進みます。,,,,,で最初に解く演習の選び方は解き直しが必要ですか？,必要です。翌日以降・1週間後の再演習で理解の確認をしてください。,で最初に解く演習の選び方と一問一答の使い分けは？,一問一答は用語確認、本番形式は過去問・実践演習で役割を分けてください。,study-plan:学習計画;glossary-how-to:用語整理
past-questions-wrong-reasons,過去問活用,危険物取扱者試験（乙種第4類）の誤答理由の分類,危険物取扱者試験（乙種第4類）の誤答理由の分類。演習・解き直しの手順を、危険物取扱者試験（乙種第4類）受験者向けに乙4マスターが整理しました。,誤答理由の分類について、演習・解き直し・弱点の見つけ方をまとめます。,30,過去問;模試;復習,乙4マスター編集部,危険物取扱者試験（乙種第4類）向けの学習コンテンツ（演習・用語・試験ガイド）を整理する編集チーム,公式情報確認担当,消防試験研究センター・消防庁の公開情報と照合し、サイト内リンクの整合を確認,2026-05-21,消防試験研究センター 危険物取扱者（公式）|https://www.shoubo-shiken.or.jp/kikenbutsu/;消防庁（公式）|https://www.fdma.go.jp/,past-questions-wrong-reasons — populate_o4_guide_articles.py で生成,「誤答理由の分類」を理解し、乙4マスターの演習・用語・関連ガイドへ進みたい。,最新年度過去問を時間計測で解く;誤答理由を分類する;用語解説で混同を解消する,試験要項・消防法改正・出題範囲の更新時に本文と参照元を見直します。,2026-05-21,2026-06-20,2026-05-21,published,enrich_o4_guide_articles.py で 2026-05-21 品質更新（スラッグ別本文・FAQ）。,最初は年度別に解く,誤答理由の分類では、最新年度の過去問で本番形式に慣れ、続けて実践演習で分野別の量を確保する二段構えが効率的です。制度・数値の最終確認は消防試験研究センター（危険物取扱者）の最新案内で行い、乙4マスターの実践演習・用語解説で理解を固めてください。,模試・一問一答の位置づけ,誤答理由の分類を進めるうえで、一問一答は隙間時間の用語確認、本番形式は過去問・実践演習で練習します。役割を混ぜないと効率が落ちます。制度・数値の最終確認は消防試験研究センター（危険物取扱者）の最新案内で行い、乙4マスターの実践演習・用語解説で理解を固めてください。,間違いの理由を分類する,"ここでは誤答理由の分類について、誤答を知識不足・用語混同・計算ミス・読み飛ばしに分類し、同じ理由が続く分野は用語解説へ戻ります。

誤答理由に「条文の読み違え」「品名の取り違え」を追加すると、法令分野と火災分野の復習配分を調整しやすくなります。",解き直しのタイミング,誤答理由の分類の実務で押さえるのは、解き直しは翌日以降。1週間空けた再演習で、暗記ではなく理解の確認になります。ブックマーク一覧を週次で空にするまで繰り返し、正答率の推移をメモに残してください。 誤答理由のタグ付けを週1回見直し、同じタグが3回続く分野は用語解説へ戻ります。,用語・分野別学習へ戻る,まとめると誤答理由の分類では、繰り返し落とす語句は用語解説で混同ペアを確認し、関連リンクで5語セット学習→演習10問で定着させます。演習だけで終わらせず、必ず用語ページで定義を一言で言えるまで確認してから次へ進みます。,,,,,誤答理由の分類は解き直しが必要ですか？,必要です。翌日以降・1週間後の再演習で理解の確認をしてください。,誤答理由の分類と一問一答の使い分けは？,一問一答は用語確認、本番形式は過去問・実践演習で役割を分けてください。,study-plan:学習計画;glossary-how-to:用語整理
past-questions-latest-year,過去問活用,危険物取扱者試験（乙種第4類）の直近年度演習の扱い,危険物取扱者試験（乙種第4類）の直近年度演習の扱い。演習・解き直しの手順を、危険物取扱者試験（乙種第4類）受験者向けに乙4マスターが整理しました。,直近年度演習の扱いについて、演習・解き直し・弱点の見つけ方をまとめます。,30,過去問;模試;復習,乙4マスター編集部,危険物取扱者試験（乙種第4類）向けの学習コンテンツ（演習・用語・試験ガイド）を整理する編集チーム,公式情報確認担当,消防試験研究センター・消防庁の公開情報と照合し、サイト内リンクの整合を確認,2026-05-21,消防試験研究センター 危険物取扱者（公式）|https://www.shoubo-shiken.or.jp/kikenbutsu/;消防庁（公式）|https://www.fdma.go.jp/,past-questions-latest-year — populate_o4_guide_articles.py で生成,「直近年度演習の扱い」を理解し、乙4マスターの演習・用語・関連ガイドへ進みたい。,最新年度過去問を時間計測で解く;誤答理由を分類する;用語解説で混同を解消する,試験要項・消防法改正・出題範囲の更新時に本文と参照元を見直します。,2026-05-21,2026-06-20,2026-05-21,published,enrich_o4_guide_articles.py で 2026-05-21 品質更新（スラッグ別本文・FAQ）。,最初は年度別に解く,当サイトでは2026年度の過去問35問を掲載しています（出典は公式サンプル等に基づく学習用データ）。最新年度で時間を計って解き、分野別の正答率を記録してから旧年度や実践演習に広げてください。,模試・一問一答の位置づけ,直近年度演習の扱いを進めるうえで、一問一答は隙間時間の用語確認、本番形式は過去問・実践演習で練習します。役割を混ぜないと効率が落ちます。制度・数値の最終確認は消防試験研究センター（危険物取扱者）の最新案内で行い、乙4マスターの実践演習・用語解説で理解を固めてください。,間違いの理由を分類する,ここでは直近年度演習の扱いについて、誤答を知識不足・用語混同・計算ミス・読み飛ばしに分類し、同じ理由が続く分野は用語解説へ戻ります。制度・数値の最終確認は消防試験研究センター（危険物取扱者）の最新案内で行い、乙4マスターの実践演習・用語解説で理解を固めてください。,解き直しのタイミング,直近年度演習の扱いの実務で押さえるのは、解き直しは翌日以降。1週間空けた再演習で、暗記ではなく理解の確認になります。ブックマーク一覧を週次で空にするまで繰り返し、正答率の推移をメモに残してください。 最新年度は時間を計って解き、分野別正答率を記録してから旧年度へ広げます。,用語・分野別学習へ戻る,まとめると直近年度演習の扱いでは、繰り返し落とす語句は用語解説で混同ペアを確認し、関連リンクで5語セット学習→演習10問で定着させます。演習だけで終わらせず、必ず用語ページで定義を一言で言えるまで確認してから次へ進みます。,,,,,最新年度の過去問はどこで解けますか？,乙4マスターの過去問一覧（2026年度35問など）から解説付きで確認できます。,実践演習と過去問はどう使い分けますか？,過去問で本番形式に慣れ、実践演習500問で分野別の量と弱点補強を行ってください。,study-plan:学習計画;glossary-how-to:用語整理
mock-exam-how-to,過去問活用,危険物取扱者試験（乙種第4類）の模擬試験の使い方,危険物取扱者試験（乙種第4類）の模擬試験の使い方。演習・解き直しの手順を、危険物取扱者試験（乙種第4類）受験者向けに乙4マスターが整理しました。,模擬試験の使い方について、演習・解き直し・弱点の見つけ方をまとめます。,30,過去問;模試;復習,乙4マスター編集部,危険物取扱者試験（乙種第4類）向けの学習コンテンツ（演習・用語・試験ガイド）を整理する編集チーム,公式情報確認担当,消防試験研究センター・消防庁の公開情報と照合し、サイト内リンクの整合を確認,2026-05-21,消防試験研究センター 危険物取扱者（公式）|https://www.shoubo-shiken.or.jp/kikenbutsu/;消防庁（公式）|https://www.fdma.go.jp/,mock-exam-how-to — populate_o4_guide_articles.py で生成,「模擬試験の使い方」を理解し、乙4マスターの演習・用語・関連ガイドへ進みたい。,最新年度過去問を時間計測で解く;誤答理由を分類する;用語解説で混同を解消する,試験要項・消防法改正・出題範囲の更新時に本文と参照元を見直します。,2026-05-21,2026-06-20,2026-05-21,published,enrich_o4_guide_articles.py で 2026-05-21 品質更新（スラッグ別本文・FAQ）。,最初は年度別に解く,模擬試験の使い方では、最新年度の過去問で本番形式に慣れ、続けて実践演習で分野別の量を確保する二段構えが効率的です。制度・数値の最終確認は消防試験研究センター（危険物取扱者）の最新案内で行い、乙4マスターの実践演習・用語解説で理解を固めてください。,模試・一問一答の位置づけ,模擬試験の使い方を進めるうえで、一問一答は隙間時間の用語確認、本番形式は過去問・実践演習で練習します。役割を混ぜないと効率が落ちます。制度・数値の最終確認は消防試験研究センター（危険物取扱者）の最新案内で行い、乙4マスターの実践演習・用語解説で理解を固めてください。,間違いの理由を分類する,ここでは模擬試験の使い方について、誤答を知識不足・用語混同・計算ミス・読み飛ばしに分類し、同じ理由が続く分野は用語解説へ戻ります。制度・数値の最終確認は消防試験研究センター（危険物取扱者）の最新案内で行い、乙4マスターの実践演習・用語解説で理解を固めてください。,解き直しのタイミング,模擬試験の使い方の実務で押さえるのは、解き直しは翌日以降。1週間空けた再演習で、暗記ではなく理解の確認になります。ブックマーク一覧を週次で空にするまで繰り返し、正答率の推移をメモに残してください。 模擬試験は直前1回を本番同様の時間配分で行い、以降は解き直しのみにします。,用語・分野別学習へ戻る,まとめると模擬試験の使い方では、繰り返し落とす語句は用語解説で混同ペアを確認し、関連リンクで5語セット学習→演習10問で定着させます。演習だけで終わらせず、必ず用語ページで定義を一言で言えるまで確認してから次へ進みます。,,,,,模擬試験の使い方は解き直しが必要ですか？,必要です。翌日以降・1週間後の再演習で理解の確認をしてください。,模擬試験の使い方と一問一答の使い分けは？,一問一答は用語確認、本番形式は過去問・実践演習で役割を分けてください。,study-plan:学習計画;glossary-how-to:用語整理
ichimon-practice,過去問活用,危険物取扱者試験（乙種第4類）の一問一答の活用法,危険物取扱者試験（乙種第4類）の一問一答の活用法。演習・解き直しの手順を、危険物取扱者試験（乙種第4類）受験者向けに乙4マスターが整理しました。,一問一答の活用法について、演習・解き直し・弱点の見つけ方をまとめます。,30,過去問;模試;復習,乙4マスター編集部,危険物取扱者試験（乙種第4類）向けの学習コンテンツ（演習・用語・試験ガイド）を整理する編集チーム,公式情報確認担当,消防試験研究センター・消防庁の公開情報と照合し、サイト内リンクの整合を確認,2026-05-21,消防試験研究センター 危険物取扱者（公式）|https://www.shoubo-shiken.or.jp/kikenbutsu/;消防庁（公式）|https://www.fdma.go.jp/,ichimon-practice — populate_o4_guide_articles.py で生成,「一問一答の活用法」を理解し、乙4マスターの演習・用語・関連ガイドへ進みたい。,最新年度過去問を時間計測で解く;誤答理由を分類する;用語解説で混同を解消する,試験要項・消防法改正・出題範囲の更新時に本文と参照元を見直します。,2026-05-21,2026-06-20,2026-05-21,published,enrich_o4_guide_articles.py で 2026-05-21 品質更新（スラッグ別本文・FAQ）。,最初は年度別に解く,一問一答の活用法では、最新年度の過去問で本番形式に慣れ、続けて実践演習で分野別の量を確保する二段構えが効率的です。制度・数値の最終確認は消防試験研究センター（危険物取扱者）の最新案内で行い、乙4マスターの実践演習・用語解説で理解を固めてください。,模試・一問一答の位置づけ,一問一答の活用法を進めるうえで、一問一答は隙間時間の用語確認、本番形式は過去問・実践演習で練習します。役割を混ぜないと効率が落ちます。制度・数値の最終確認は消防試験研究センター（危険物取扱者）の最新案内で行い、乙4マスターの実践演習・用語解説で理解を固めてください。,間違いの理由を分類する,ここでは一問一答の活用法について、誤答を知識不足・用語混同・計算ミス・読み飛ばしに分類し、同じ理由が続く分野は用語解説へ戻ります。制度・数値の最終確認は消防試験研究センター（危険物取扱者）の最新案内で行い、乙4マスターの実践演習・用語解説で理解を固めてください。,解き直しのタイミング,一問一答の活用法の実務で押さえるのは、解き直しは翌日以降。1週間空けた再演習で、暗記ではなく理解の確認になります。ブックマーク一覧を週次で空にするまで繰り返し、正答率の推移をメモに残してください。 一問一答は10問×3セットを通勤時間に回し、本番形式演習とは別日に行います。,用語・分野別学習へ戻る,まとめると一問一答の活用法では、繰り返し落とす語句は用語解説で混同ペアを確認し、関連リンクで5語セット学習→演習10問で定着させます。演習だけで終わらせず、必ず用語ページで定義を一言で言えるまで確認してから次へ進みます。,,,,,一問一答の活用法は解き直しが必要ですか？,必要です。翌日以降・1週間後の再演習で理解の確認をしてください。,一問一答の活用法と一問一答の使い分けは？,一問一答は用語確認、本番形式は過去問・実践演習で役割を分けてください。,study-plan:学習計画;glossary-how-to:用語整理
drill-volume-guide,過去問活用,危険物取扱者試験（乙種第4類）の演習量の目安,危険物取扱者試験（乙種第4類）の演習量の目安。演習・解き直しの手順を、危険物取扱者試験（乙種第4類）受験者向けに乙4マスターが整理しました。,演習量の目安について、演習・解き直し・弱点の見つけ方をまとめます。,30,過去問;模試;復習,乙4マスター編集部,危険物取扱者試験（乙種第4類）向けの学習コンテンツ（演習・用語・試験ガイド）を整理する編集チーム,公式情報確認担当,消防試験研究センター・消防庁の公開情報と照合し、サイト内リンクの整合を確認,2026-05-21,消防試験研究センター 危険物取扱者（公式）|https://www.shoubo-shiken.or.jp/kikenbutsu/;消防庁（公式）|https://www.fdma.go.jp/,drill-volume-guide — populate_o4_guide_articles.py で生成,「演習量の目安」を理解し、乙4マスターの演習・用語・関連ガイドへ進みたい。,最新年度過去問を時間計測で解く;誤答理由を分類する;用語解説で混同を解消する,試験要項・消防法改正・出題範囲の更新時に本文と参照元を見直します。,2026-05-21,2026-06-20,2026-05-21,published,enrich_o4_guide_articles.py で 2026-05-21 品質更新（スラッグ別本文・FAQ）。,最初は年度別に解く,演習量の目安では、最新年度の過去問で本番形式に慣れ、続けて実践演習で分野別の量を確保する二段構えが効率的です。制度・数値の最終確認は消防試験研究センター（危険物取扱者）の最新案内で行い、乙4マスターの実践演習・用語解説で理解を固めてください。,模試・一問一答の位置づけ,演習量の目安を進めるうえで、一問一答は隙間時間の用語確認、本番形式は過去問・実践演習で練習します。役割を混ぜないと効率が落ちます。制度・数値の最終確認は消防試験研究センター（危険物取扱者）の最新案内で行い、乙4マスターの実践演習・用語解説で理解を固めてください。,間違いの理由を分類する,ここでは演習量の目安について、誤答を知識不足・用語混同・計算ミス・読み飛ばしに分類し、同じ理由が続く分野は用語解説へ戻ります。制度・数値の最終確認は消防試験研究センター（危険物取扱者）の最新案内で行い、乙4マスターの実践演習・用語解説で理解を固めてください。,解き直しのタイミング,演習量の目安の実務で押さえるのは、解き直しは翌日以降。1週間空けた再演習で、暗記ではなく理解の確認になります。ブックマーク一覧を週次で空にするまで繰り返し、正答率の推移をメモに残してください。,用語・分野別学習へ戻る,まとめると演習量の目安では、繰り返し落とす語句は用語解説で混同ペアを確認し、関連リンクで5語セット学習→演習10問で定着させます。演習だけで終わらせず、必ず用語ページで定義を一言で言えるまで確認してから次へ進みます。,,,,,演習量の目安は解き直しが必要ですか？,必要です。翌日以降・1週間後の再演習で理解の確認をしてください。,演習量の目安と一問一答の使い分けは？,一問一答は用語確認、本番形式は過去問・実践演習で役割を分けてください。,study-plan:学習計画;glossary-how-to:用語整理
timed-practice,過去問活用,危険物取扱者試験（乙種第4類）の時間計測演習,危険物取扱者試験（乙種第4類）の時間計測演習。演習・解き直しの手順を、危険物取扱者試験（乙種第4類）受験者向けに乙4マスターが整理しました。,時間計測演習について、演習・解き直し・弱点の見つけ方をまとめます。,30,過去問;模試;復習,乙4マスター編集部,危険物取扱者試験（乙種第4類）向けの学習コンテンツ（演習・用語・試験ガイド）を整理する編集チーム,公式情報確認担当,消防試験研究センター・消防庁の公開情報と照合し、サイト内リンクの整合を確認,2026-05-21,消防試験研究センター 危険物取扱者（公式）|https://www.shoubo-shiken.or.jp/kikenbutsu/;消防庁（公式）|https://www.fdma.go.jp/,timed-practice — populate_o4_guide_articles.py で生成,「時間計測演習」を理解し、乙4マスターの演習・用語・関連ガイドへ進みたい。,最新年度過去問を時間計測で解く;誤答理由を分類する;用語解説で混同を解消する,試験要項・消防法改正・出題範囲の更新時に本文と参照元を見直します。,2026-05-21,2026-06-20,2026-05-21,published,enrich_o4_guide_articles.py で 2026-05-21 品質更新（スラッグ別本文・FAQ）。,最初は年度別に解く,時間計測演習では、最新年度の過去問で本番形式に慣れ、続けて実践演習で分野別の量を確保する二段構えが効率的です。制度・数値の最終確認は消防試験研究センター（危険物取扱者）の最新案内で行い、乙4マスターの実践演習・用語解説で理解を固めてください。,模試・一問一答の位置づけ,時間計測演習を進めるうえで、一問一答は隙間時間の用語確認、本番形式は過去問・実践演習で練習します。役割を混ぜないと効率が落ちます。制度・数値の最終確認は消防試験研究センター（危険物取扱者）の最新案内で行い、乙4マスターの実践演習・用語解説で理解を固めてください。,間違いの理由を分類する,ここでは時間計測演習について、誤答を知識不足・用語混同・計算ミス・読み飛ばしに分類し、同じ理由が続く分野は用語解説へ戻ります。制度・数値の最終確認は消防試験研究センター（危険物取扱者）の最新案内で行い、乙4マスターの実践演習・用語解説で理解を固めてください。,解き直しのタイミング,時間計測演習の実務で押さえるのは、解き直しは翌日以降。1週間空けた再演習で、暗記ではなく理解の確認になります。ブックマーク一覧を週次で空にするまで繰り返し、正答率の推移をメモに残してください。 時間計測演習は週1回、見直し5分を残す前提で実施します。,用語・分野別学習へ戻る,まとめると時間計測演習では、繰り返し落とす語句は用語解説で混同ペアを確認し、関連リンクで5語セット学習→演習10問で定着させます。演習だけで終わらせず、必ず用語ページで定義を一言で言えるまで確認してから次へ進みます。,,,,,時間計測演習は解き直しが必要ですか？,必要です。翌日以降・1週間後の再演習で理解の確認をしてください。,時間計測演習と一問一答の使い分けは？,一問一答は用語確認、本番形式は過去問・実践演習で役割を分けてください。,study-plan:学習計画;glossary-how-to:用語整理
essay-practice-method,過去問活用,危険物取扱者試験（乙種第4類）と記述対策の要否,危険物取扱者試験（乙種第4類）と記述対策の要否。演習・解き直しの手順を、危険物取扱者試験（乙種第4類）受験者向けに乙4マスターが整理しました。,と記述対策の要否について、演習・解き直し・弱点の見つけ方をまとめます。,30,過去問;模試;復習,乙4マスター編集部,危険物取扱者試験（乙種第4類）向けの学習コンテンツ（演習・用語・試験ガイド）を整理する編集チーム,公式情報確認担当,消防試験研究センター・消防庁の公開情報と照合し、サイト内リンクの整合を確認,2026-05-21,消防試験研究センター 危険物取扱者（公式）|https://www.shoubo-shiken.or.jp/kikenbutsu/;消防庁（公式）|https://www.fdma.go.jp/,essay-practice-method — populate_o4_guide_articles.py で生成,「と記述対策の要否」を理解し、乙4マスターの演習・用語・関連ガイドへ進みたい。,最新年度過去問を時間計測で解く;誤答理由を分類する;用語解説で混同を解消する,試験要項・消防法改正・出題範囲の更新時に本文と参照元を見直します。,2026-05-21,2026-06-20,2026-05-21,published,enrich_o4_guide_articles.py で 2026-05-21 品質更新（スラッグ別本文・FAQ）。,最初は年度別に解く,と記述対策の要否では、最新年度の過去問で本番形式に慣れ、続けて実践演習で分野別の量を確保する二段構えが効率的です。制度・数値の最終確認は消防試験研究センター（危険物取扱者）の最新案内で行い、乙4マスターの実践演習・用語解説で理解を固めてください。,模試・一問一答の位置づけ,と記述対策の要否を進めるうえで、一問一答は隙間時間の用語確認、本番形式は過去問・実践演習で練習します。役割を混ぜないと効率が落ちます。制度・数値の最終確認は消防試験研究センター（危険物取扱者）の最新案内で行い、乙4マスターの実践演習・用語解説で理解を固めてください。,間違いの理由を分類する,ここではと記述対策の要否について、誤答を知識不足・用語混同・計算ミス・読み飛ばしに分類し、同じ理由が続く分野は用語解説へ戻ります。制度・数値の最終確認は消防試験研究センター（危険物取扱者）の最新案内で行い、乙4マスターの実践演習・用語解説で理解を固めてください。,解き直しのタイミング,と記述対策の要否の実務で押さえるのは、解き直しは翌日以降。1週間空けた再演習で、暗記ではなく理解の確認になります。ブックマーク一覧を週次で空にするまで繰り返し、正答率の推移をメモに残してください。,用語・分野別学習へ戻る,まとめるとと記述対策の要否では、繰り返し落とす語句は用語解説で混同ペアを確認し、関連リンクで5語セット学習→演習10問で定着させます。演習だけで終わらせず、必ず用語ページで定義を一言で言えるまで確認してから次へ進みます。,,,,,と記述対策の要否は解き直しが必要ですか？,必要です。翌日以降・1週間後の再演習で理解の確認をしてください。,と記述対策の要否と一問一答の使い分けは？,一問一答は用語確認、本番形式は過去問・実践演習で役割を分けてください。,study-plan:学習計画;glossary-how-to:用語整理
simulation-exam-schedule,過去問活用,危険物取扱者試験（乙種第4類）の模試日程の組み込み,危険物取扱者試験（乙種第4類）の模試日程の組み込み。演習・解き直しの手順を、危険物取扱者試験（乙種第4類）受験者向けに乙4マスターが整理しました。,模試日程の組み込みについて、演習・解き直し・弱点の見つけ方をまとめます。,30,過去問;模試;復習,乙4マスター編集部,危険物取扱者試験（乙種第4類）向けの学習コンテンツ（演習・用語・試験ガイド）を整理する編集チーム,公式情報確認担当,消防試験研究センター・消防庁の公開情報と照合し、サイト内リンクの整合を確認,2026-05-21,消防試験研究センター 危険物取扱者（公式）|https://www.shoubo-shiken.or.jp/kikenbutsu/;消防庁（公式）|https://www.fdma.go.jp/,simulation-exam-schedule — populate_o4_guide_articles.py で生成,「模試日程の組み込み」を理解し、乙4マスターの演習・用語・関連ガイドへ進みたい。,最新年度過去問を時間計測で解く;誤答理由を分類する;用語解説で混同を解消する,試験要項・消防法改正・出題範囲の更新時に本文と参照元を見直します。,2026-05-21,2026-06-20,2026-05-21,published,enrich_o4_guide_articles.py で 2026-05-21 品質更新（スラッグ別本文・FAQ）。,最初は年度別に解く,模試日程の組み込みでは、最新年度の過去問で本番形式に慣れ、続けて実践演習で分野別の量を確保する二段構えが効率的です。制度・数値の最終確認は消防試験研究センター（危険物取扱者）の最新案内で行い、乙4マスターの実践演習・用語解説で理解を固めてください。,模試・一問一答の位置づけ,模試日程の組み込みを進めるうえで、一問一答は隙間時間の用語確認、本番形式は過去問・実践演習で練習します。役割を混ぜないと効率が落ちます。制度・数値の最終確認は消防試験研究センター（危険物取扱者）の最新案内で行い、乙4マスターの実践演習・用語解説で理解を固めてください。,間違いの理由を分類する,ここでは模試日程の組み込みについて、誤答を知識不足・用語混同・計算ミス・読み飛ばしに分類し、同じ理由が続く分野は用語解説へ戻ります。制度・数値の最終確認は消防試験研究センター（危険物取扱者）の最新案内で行い、乙4マスターの実践演習・用語解説で理解を固めてください。,解き直しのタイミング,模試日程の組み込みの実務で押さえるのは、解き直しは翌日以降。1週間空けた再演習で、暗記ではなく理解の確認になります。ブックマーク一覧を週次で空にするまで繰り返し、正答率の推移をメモに残してください。,用語・分野別学習へ戻る,まとめると模試日程の組み込みでは、繰り返し落とす語句は用語解説で混同ペアを確認し、関連リンクで5語セット学習→演習10問で定着させます。演習だけで終わらせず、必ず用語ページで定義を一言で言えるまで確認してから次へ進みます。,,,,,模試日程の組み込みは解き直しが必要ですか？,必要です。翌日以降・1週間後の再演習で理解の確認をしてください。,模試日程の組み込みと一問一答の使い分けは？,一問一答は用語確認、本番形式は過去問・実践演習で役割を分けてください。,study-plan:学習計画;glossary-how-to:用語整理
field-law-basics,分野別対策,危険物取扱者試験（乙種第4類）の法令・制度｜基礎,危険物取扱者試験（乙種第4類）の法令・制度｜基礎。分野別の演習と用語を、危険物取扱者試験（乙種第4類）受験者向けに乙4マスターが整理しました。,法令・制度｜基礎について、分野別の演習と用語解説の使い方です。,40,分野別;法令・制度;試験対策,乙4マスター編集部,危険物取扱者試験（乙種第4類）向けの学習コンテンツ（演習・用語・試験ガイド）を整理する編集チーム,公式情報確認担当,消防試験研究センター・消防庁の公開情報と照合し、サイト内リンクの整合を確認,2026-05-21,消防試験研究センター 危険物取扱者（公式）|https://www.shoubo-shiken.or.jp/kikenbutsu/;消防庁（公式）|https://www.fdma.go.jp/,field-law-basics — populate_o4_guide_articles.py で生成,「法令・制度｜基礎」を理解し、乙4マスターの演習・用語・関連ガイドへ進みたい。,分野チップ固定で演習する;用語ハブから関連語を読む;正答率80%まで深掘りする,試験要項・消防法改正・出題範囲の更新時に本文と参照元を見直します。,2026-05-21,2026-06-20,2026-05-21,published,enrich_o4_guide_articles.py で 2026-05-21 品質更新（スラッグ別本文・FAQ）。,分野の位置づけ,法令・制度｜基礎では、法令・制度分野は消防法・政令・指定数量・設備・届出・検査が中心です。実践演習では約211問がこの分野に分類されています（学習用集計）。,押さえる基礎知識,法令・制度｜基礎を進めるうえで、用語の定義と制度の骨格を先に固め、応用問題は用語解説→短い演習セットの順で進めます。制度・数値の最終確認は消防試験研究センター（危険物取扱者）の最新案内で行い、乙4マスターの実践演習・用語解説で理解を固めてください。,頻出論点,ここでは法令・制度｜基礎について、基礎が曖昧なまま応用を解くと、選択肢の言い換えで迷いやすくなります。制度・数値の最終確認は消防試験研究センター（危険物取扱者）の最新案内で行い、乙4マスターの実践演習・用語解説で理解を固めてください。,過去問での確認方法,法令・制度｜基礎の実務で押さえるのは、分野チップ固定の演習10問を週1回入れ、正答率の推移を記録します。制度・数値の最終確認は消防試験研究センター（危険物取扱者）の最新案内で行い、乙4マスターの実践演習・用語解説で理解を固めてください。,他分野との関連,まとめると法令・制度｜基礎では、他分野の前提語（燃焼・指定数量・消火）とセットで読むと理解が速くなります。制度・数値の最終確認は消防試験研究センター（危険物取扱者）の最新案内で行い、乙4マスターの実践演習・用語解説で理解を固めてください。,,,,,法令・制度｜基礎だけで合格できますか？,他分野も出題されます。重点分野を決めつつ、全体の維持演習は続けてください。,法令・制度｜基礎の演習量の目安は？,正答率が安定するまで同分野を繰り返し、80%前後を目安に深掘りしてください。,study-plan:学習計画;past-question-strategy:過去問の使い方
field-law-frequent-topics,分野別対策,危険物取扱者試験（乙種第4類）の法令・制度｜頻出論点,危険物取扱者試験（乙種第4類）の法令・制度｜頻出論点。分野別の演習と用語を、危険物取扱者試験（乙種第4類）受験者向けに乙4マスターが整理しました。,法令・制度｜頻出論点について、分野別の演習と用語解説の使い方です。,40,分野別;法令・制度;試験対策,乙4マスター編集部,危険物取扱者試験（乙種第4類）向けの学習コンテンツ（演習・用語・試験ガイド）を整理する編集チーム,公式情報確認担当,消防試験研究センター・消防庁の公開情報と照合し、サイト内リンクの整合を確認,2026-05-21,消防試験研究センター 危険物取扱者（公式）|https://www.shoubo-shiken.or.jp/kikenbutsu/;消防庁（公式）|https://www.fdma.go.jp/,field-law-frequent-topics — populate_o4_guide_articles.py で生成,「法令・制度｜頻出論点」を理解し、乙4マスターの演習・用語・関連ガイドへ進みたい。,分野チップ固定で演習する;用語ハブから関連語を読む;正答率80%まで深掘りする,試験要項・消防法改正・出題範囲の更新時に本文と参照元を見直します。,2026-05-21,2026-06-20,2026-05-21,published,enrich_o4_guide_articles.py で 2026-05-21 品質更新（スラッグ別本文・FAQ）。,分野の位置づけ,法令・制度｜頻出論点では、法令・制度分野は消防法・政令・指定数量・設備・届出・検査が中心です。実践演習では約211問がこの分野に分類されています（学習用集計）。,押さえる基礎知識,法令・制度｜頻出論点を進めるうえで、頻出の前に関連用語を5語だけ用語解説で確認してから演習に入ります。制度・数値の最終確認は消防試験研究センター（危険物取扱者）の最新案内で行い、乙4マスターの実践演習・用語解説で理解を固めてください。,頻出論点,ここでは法令・制度｜頻出論点について、演習で繰り返し出る論点を優先し、正答率80%超まで深掘りします。制度・数値の最終確認は消防試験研究センター（危険物取扱者）の最新案内で行い、乙4マスターの実践演習・用語解説で理解を固めてください。,過去問での確認方法,法令・制度｜頻出論点の実務で押さえるのは、誤答は同分野の別問で即再確認し、タグの偏りを週次で見直します。制度・数値の最終確認は消防試験研究センター（危険物取扱者）の最新案内で行い、乙4マスターの実践演習・用語解説で理解を固めてください。,他分野との関連,まとめると法令・制度｜頻出論点では、関連用語リンクで横断的に読み、ひっかけペアをまとめて演習します。制度・数値の最終確認は消防試験研究センター（危険物取扱者）の最新案内で行い、乙4マスターの実践演習・用語解説で理解を固めてください。,,,,,法令・制度｜頻出論点だけで合格できますか？,他分野も出題されます。重点分野を決めつつ、全体の維持演習は続けてください。,法令・制度｜頻出論点の演習量の目安は？,正答率が安定するまで同分野を繰り返し、80%前後を目安に深掘りしてください。,study-plan:学習計画;past-question-strategy:過去問の使い方
field-law-calculation,分野別対策,危険物取扱者試験（乙種第4類）の法令・制度｜計算・指定数量,危険物取扱者試験（乙種第4類）の法令・制度｜計算・指定数量。分野別の演習と用語を、危険物取扱者試験（乙種第4類）受験者向けに乙4マスターが整理しました。,法令・制度｜計算・指定数量について、分野別の演習と用語解説の使い方です。,40,分野別;法令・制度;試験対策,乙4マスター編集部,危険物取扱者試験（乙種第4類）向けの学習コンテンツ（演習・用語・試験ガイド）を整理する編集チーム,公式情報確認担当,消防試験研究センター・消防庁の公開情報と照合し、サイト内リンクの整合を確認,2026-05-21,消防試験研究センター 危険物取扱者（公式）|https://www.shoubo-shiken.or.jp/kikenbutsu/;消防庁（公式）|https://www.fdma.go.jp/,field-law-calculation — populate_o4_guide_articles.py で生成,「法令・制度｜計算・指定数量」を理解し、乙4マスターの演習・用語・関連ガイドへ進みたい。,分野チップ固定で演習する;用語ハブから関連語を読む;正答率80%まで深掘りする,試験要項・消防法改正・出題範囲の更新時に本文と参照元を見直します。,2026-05-21,2026-06-20,2026-05-21,published,enrich_o4_guide_articles.py で 2026-05-21 品質更新（スラッグ別本文・FAQ）。,分野の位置づけ,法令・制度｜計算・指定数量では、法令・制度分野は消防法・政令・指定数量・設備・届出・検査が中心です。実践演習では約211問がこの分野に分類されています（学習用集計）。,押さえる基礎知識,法令・制度｜計算・指定数量を進めるうえで、指定数量・倍数は政令の表を写し、何を合算するかを式でメモします。制度・数値の最終確認は消防試験研究センター（危険物取扱者）の最新案内で行い、乙4マスターの実践演習・用語解説で理解を固めてください。,頻出論点,ここでは法令・制度｜計算・指定数量について、単位・桁ミスを別欄で記録し、見直しは計算手順だけ再確認します。制度・数値の最終確認は消防試験研究センター（危険物取扱者）の最新案内で行い、乙4マスターの実践演習・用語解説で理解を固めてください。,過去問での確認方法,法令・制度｜計算・指定数量の実務で押さえるのは、計算含む演習は時間計測し、週2セットを継続します。制度・数値の最終確認は消防試験研究センター（危険物取扱者）の最新案内で行い、乙4マスターの実践演習・用語解説で理解を固めてください。,他分野との関連,まとめると法令・制度｜計算・指定数量では、法令の区分と物性の数値を混同しないよう、定義欄を併読します。制度・数値の最終確認は消防試験研究センター（危険物取扱者）の最新案内で行い、乙4マスターの実践演習・用語解説で理解を固めてください。,,,,,法令・制度｜計算・指定数量だけで合格できますか？,他分野も出題されます。重点分野を決めつつ、全体の維持演習は続けてください。,法令・制度｜計算・指定数量の演習量の目安は？,正答率が安定するまで同分野を繰り返し、80%前後を目安に深掘りしてください。,study-plan:学習計画;past-question-strategy:過去問の使い方
field-law-case-study,分野別対策,危険物取扱者試験（乙種第4類）の法令・制度｜事例・場面問題,危険物取扱者試験（乙種第4類）の法令・制度｜事例・場面問題。分野別の演習と用語を、危険物取扱者試験（乙種第4類）受験者向けに乙4マスターが整理しました。,法令・制度｜事例・場面問題について、分野別の演習と用語解説の使い方です。,40,分野別;法令・制度;試験対策,乙4マスター編集部,危険物取扱者試験（乙種第4類）向けの学習コンテンツ（演習・用語・試験ガイド）を整理する編集チーム,公式情報確認担当,消防試験研究センター・消防庁の公開情報と照合し、サイト内リンクの整合を確認,2026-05-21,消防試験研究センター 危険物取扱者（公式）|https://www.shoubo-shiken.or.jp/kikenbutsu/;消防庁（公式）|https://www.fdma.go.jp/,field-law-case-study — populate_o4_guide_articles.py で生成,「法令・制度｜事例・場面問題」を理解し、乙4マスターの演習・用語・関連ガイドへ進みたい。,分野チップ固定で演習する;用語ハブから関連語を読む;正答率80%まで深掘りする,試験要項・消防法改正・出題範囲の更新時に本文と参照元を見直します。,2026-05-21,2026-06-20,2026-05-21,published,enrich_o4_guide_articles.py で 2026-05-21 品質更新（スラッグ別本文・FAQ）。,分野の位置づけ,法令・制度｜事例・場面問題では、法令・制度分野は消防法・政令・指定数量・設備・届出・検査が中心です。実践演習では約211問がこの分野に分類されています（学習用集計）。,押さえる基礎知識,法令・制度｜事例・場面問題を進めるうえで、製造所・貯蔵所・給油所など場面ごとの規制差を表にまとめます。制度・数値の最終確認は消防試験研究センター（危険物取扱者）の最新案内で行い、乙4マスターの実践演習・用語解説で理解を固めてください。,頻出論点,ここでは法令・制度｜事例・場面問題について、長文は「違反／適切／届出」のどれを問うかを先にメモします。制度・数値の最終確認は消防試験研究センター（危険物取扱者）の最新案内で行い、乙4マスターの実践演習・用語解説で理解を固めてください。,過去問での確認方法,法令・制度｜事例・場面問題の実務で押さえるのは、解説後に類似の別問を3問続けて解き、パターン認識を固めます。制度・数値の最終確認は消防試験研究センター（危険物取扱者）の最新案内で行い、乙4マスターの実践演習・用語解説で理解を固めてください。,他分野との関連,まとめると法令・制度｜事例・場面問題では、法令の場面と火災の現場対策は切り口が異なるため、用語で整理します。制度・数値の最終確認は消防試験研究センター（危険物取扱者）の最新案内で行い、乙4マスターの実践演習・用語解説で理解を固めてください。,,,,,法令・制度｜事例・場面問題だけで合格できますか？,他分野も出題されます。重点分野を決めつつ、全体の維持演習は続けてください。,法令・制度｜事例・場面問題の演習量の目安は？,正答率が安定するまで同分野を繰り返し、80%前後を目安に深掘りしてください。,study-plan:学習計画;past-question-strategy:過去問の使い方
field-law-past-question-focus,分野別対策,危険物取扱者試験（乙種第4類）の法令・制度｜演習の活かし方,危険物取扱者試験（乙種第4類）の法令・制度｜演習の活かし方。分野別の演習と用語を、危険物取扱者試験（乙種第4類）受験者向けに乙4マスターが整理しました。,法令・制度｜演習の活かし方について、分野別の演習と用語解説の使い方です。,40,分野別;法令・制度;試験対策,乙4マスター編集部,危険物取扱者試験（乙種第4類）向けの学習コンテンツ（演習・用語・試験ガイド）を整理する編集チーム,公式情報確認担当,消防試験研究センター・消防庁の公開情報と照合し、サイト内リンクの整合を確認,2026-05-21,消防試験研究センター 危険物取扱者（公式）|https://www.shoubo-shiken.or.jp/kikenbutsu/;消防庁（公式）|https://www.fdma.go.jp/,field-law-past-question-focus — populate_o4_guide_articles.py で生成,「法令・制度｜演習の活かし方」を理解し、乙4マスターの演習・用語・関連ガイドへ進みたい。,分野チップ固定で演習する;用語ハブから関連語を読む;正答率80%まで深掘りする,試験要項・消防法改正・出題範囲の更新時に本文と参照元を見直します。,2026-05-21,2026-06-20,2026-05-21,published,enrich_o4_guide_articles.py で 2026-05-21 品質更新（スラッグ別本文・FAQ）。,分野の位置づけ,法令・制度｜演習の活かし方では、法令・制度分野は消防法・政令・指定数量・設備・届出・検査が中心です。実践演習では約211問がこの分野に分類されています（学習用集計）。,押さえる基礎知識,法令・制度｜演習の活かし方を進めるうえで、演習前に範囲表の該当章と用語3語を確認します。制度・数値の最終確認は消防試験研究センター（危険物取扱者）の最新案内で行い、乙4マスターの実践演習・用語解説で理解を固めてください。,頻出論点,ここでは法令・制度｜演習の活かし方について、誤答タグが集中する論点を次週の最優先に指定します。制度・数値の最終確認は消防試験研究センター（危険物取扱者）の最新案内で行い、乙4マスターの実践演習・用語解説で理解を固めてください。,過去問での確認方法,法令・制度｜演習の活かし方の実務で押さえるのは、ブックマーク・誤答フィルタで同分野を繰り返し記録します。制度・数値の最終確認は消防試験研究センター（危険物取扱者）の最新案内で行い、乙4マスターの実践演習・用語解説で理解を固めてください。,他分野との関連,まとめると法令・制度｜演習の活かし方では、弱点が他分野に波及している場合は前提語から立て直します。制度・数値の最終確認は消防試験研究センター（危険物取扱者）の最新案内で行い、乙4マスターの実践演習・用語解説で理解を固めてください。,,,,,法令・制度｜演習の活かし方だけで合格できますか？,他分野も出題されます。重点分野を決めつつ、全体の維持演習は続けてください。,法令・制度｜演習の活かし方の演習量の目安は？,正答率が安定するまで同分野を繰り返し、80%前後を目安に深掘りしてください。,study-plan:学習計画;past-question-strategy:過去問の使い方
field-rights-basics,分野別対策,危険物取扱者試験（乙種第4類）の物性・化学｜基礎,危険物取扱者試験（乙種第4類）の物性・化学｜基礎。分野別の演習と用語を、危険物取扱者試験（乙種第4類）受験者向けに乙4マスターが整理しました。,性・化学｜基礎について、分野別の演習と用語解説の使い方です。,40,分野別;物性・化学;試験対策,乙4マスター編集部,危険物取扱者試験（乙種第4類）向けの学習コンテンツ（演習・用語・試験ガイド）を整理する編集チーム,公式情報確認担当,消防試験研究センター・消防庁の公開情報と照合し、サイト内リンクの整合を確認,2026-05-21,消防試験研究センター 危険物取扱者（公式）|https://www.shoubo-shiken.or.jp/kikenbutsu/;消防庁（公式）|https://www.fdma.go.jp/,field-rights-basics — populate_o4_guide_articles.py で生成,「物性・化学｜基礎」を理解し、乙4マスターの演習・用語・関連ガイドへ進みたい。,分野チップ固定で演習する;用語ハブから関連語を読む;正答率80%まで深掘りする,試験要項・消防法改正・出題範囲の更新時に本文と参照元を見直します。,2026-05-21,2026-06-20,2026-05-21,published,enrich_o4_guide_articles.py で 2026-05-21 品質更新（スラッグ別本文・FAQ）。,分野の位置づけ,性・化学｜基礎では、物性・化学分野は燃焼・引火点・蒸気・反応・静電気・状態変化が中心です。実践演習では約142問がこの分野に分類されています（学習用集計）。,押さえる基礎知識,性・化学｜基礎を進めるうえで、用語の定義と制度の骨格を先に固め、応用問題は用語解説→短い演習セットの順で進めます。制度・数値の最終確認は消防試験研究センター（危険物取扱者）の最新案内で行い、乙4マスターの実践演習・用語解説で理解を固めてください。,頻出論点,ここでは性・化学｜基礎について、基礎が曖昧なまま応用を解くと、選択肢の言い換えで迷いやすくなります。制度・数値の最終確認は消防試験研究センター（危険物取扱者）の最新案内で行い、乙4マスターの実践演習・用語解説で理解を固めてください。,過去問での確認方法,性・化学｜基礎の実務で押さえるのは、分野チップ固定の演習10問を週1回入れ、正答率の推移を記録します。制度・数値の最終確認は消防試験研究センター（危険物取扱者）の最新案内で行い、乙4マスターの実践演習・用語解説で理解を固めてください。,他分野との関連,まとめると性・化学｜基礎では、他分野の前提語（燃焼・指定数量・消火）とセットで読むと理解が速くなります。制度・数値の最終確認は消防試験研究センター（危険物取扱者）の最新案内で行い、乙4マスターの実践演習・用語解説で理解を固めてください。,,,,,性・化学｜基礎だけで合格できますか？,他分野も出題されます。重点分野を決めつつ、全体の維持演習は続けてください。,性・化学｜基礎の演習量の目安は？,正答率が安定するまで同分野を繰り返し、80%前後を目安に深掘りしてください。,study-plan:学習計画;past-question-strategy:過去問の使い方
field-rights-frequent-topics,分野別対策,危険物取扱者試験（乙種第4類）の物性・化学｜頻出論点,危険物取扱者試験（乙種第4類）の物性・化学｜頻出論点。分野別の演習と用語を、危険物取扱者試験（乙種第4類）受験者向けに乙4マスターが整理しました。,性・化学｜頻出論点について、分野別の演習と用語解説の使い方です。,40,分野別;物性・化学;試験対策,乙4マスター編集部,危険物取扱者試験（乙種第4類）向けの学習コンテンツ（演習・用語・試験ガイド）を整理する編集チーム,公式情報確認担当,消防試験研究センター・消防庁の公開情報と照合し、サイト内リンクの整合を確認,2026-05-21,消防試験研究センター 危険物取扱者（公式）|https://www.shoubo-shiken.or.jp/kikenbutsu/;消防庁（公式）|https://www.fdma.go.jp/,field-rights-frequent-topics — populate_o4_guide_articles.py で生成,「物性・化学｜頻出論点」を理解し、乙4マスターの演習・用語・関連ガイドへ進みたい。,分野チップ固定で演習する;用語ハブから関連語を読む;正答率80%まで深掘りする,試験要項・消防法改正・出題範囲の更新時に本文と参照元を見直します。,2026-05-21,2026-06-20,2026-05-21,published,enrich_o4_guide_articles.py で 2026-05-21 品質更新（スラッグ別本文・FAQ）。,分野の位置づけ,性・化学｜頻出論点では、物性・化学分野は燃焼・引火点・蒸気・反応・静電気・状態変化が中心です。実践演習では約142問がこの分野に分類されています（学習用集計）。,押さえる基礎知識,性・化学｜頻出論点を進めるうえで、頻出の前に関連用語を5語だけ用語解説で確認してから演習に入ります。制度・数値の最終確認は消防試験研究センター（危険物取扱者）の最新案内で行い、乙4マスターの実践演習・用語解説で理解を固めてください。,頻出論点,ここでは性・化学｜頻出論点について、演習で繰り返し出る論点を優先し、正答率80%超まで深掘りします。制度・数値の最終確認は消防試験研究センター（危険物取扱者）の最新案内で行い、乙4マスターの実践演習・用語解説で理解を固めてください。,過去問での確認方法,性・化学｜頻出論点の実務で押さえるのは、誤答は同分野の別問で即再確認し、タグの偏りを週次で見直します。制度・数値の最終確認は消防試験研究センター（危険物取扱者）の最新案内で行い、乙4マスターの実践演習・用語解説で理解を固めてください。,他分野との関連,まとめると性・化学｜頻出論点では、関連用語リンクで横断的に読み、ひっかけペアをまとめて演習します。制度・数値の最終確認は消防試験研究センター（危険物取扱者）の最新案内で行い、乙4マスターの実践演習・用語解説で理解を固めてください。,,,,,性・化学｜頻出論点だけで合格できますか？,他分野も出題されます。重点分野を決めつつ、全体の維持演習は続けてください。,性・化学｜頻出論点の演習量の目安は？,正答率が安定するまで同分野を繰り返し、80%前後を目安に深掘りしてください。,study-plan:学習計画;past-question-strategy:過去問の使い方
field-rights-calculation,分野別対策,危険物取扱者試験（乙種第4類）の物性・化学｜計算・指定数量,危険物取扱者試験（乙種第4類）の物性・化学｜計算・指定数量。分野別の演習と用語を、危険物取扱者試験（乙種第4類）受験者向けに乙4マスターが整理しました。,性・化学｜計算・指定数量について、分野別の演習と用語解説の使い方です。,40,分野別;物性・化学;試験対策,乙4マスター編集部,危険物取扱者試験（乙種第4類）向けの学習コンテンツ（演習・用語・試験ガイド）を整理する編集チーム,公式情報確認担当,消防試験研究センター・消防庁の公開情報と照合し、サイト内リンクの整合を確認,2026-05-21,消防試験研究センター 危険物取扱者（公式）|https://www.shoubo-shiken.or.jp/kikenbutsu/;消防庁（公式）|https://www.fdma.go.jp/,field-rights-calculation — populate_o4_guide_articles.py で生成,「物性・化学｜計算・指定数量」を理解し、乙4マスターの演習・用語・関連ガイドへ進みたい。,分野チップ固定で演習する;用語ハブから関連語を読む;正答率80%まで深掘りする,試験要項・消防法改正・出題範囲の更新時に本文と参照元を見直します。,2026-05-21,2026-06-20,2026-05-21,published,enrich_o4_guide_articles.py で 2026-05-21 品質更新（スラッグ別本文・FAQ）。,分野の位置づけ,性・化学｜計算・指定数量では、物性・化学分野は燃焼・引火点・蒸気・反応・静電気・状態変化が中心です。実践演習では約142問がこの分野に分類されています（学習用集計）。,押さえる基礎知識,性・化学｜計算・指定数量を進めるうえで、指定数量・倍数は政令の表を写し、何を合算するかを式でメモします。制度・数値の最終確認は消防試験研究センター（危険物取扱者）の最新案内で行い、乙4マスターの実践演習・用語解説で理解を固めてください。,頻出論点,ここでは性・化学｜計算・指定数量について、単位・桁ミスを別欄で記録し、見直しは計算手順だけ再確認します。制度・数値の最終確認は消防試験研究センター（危険物取扱者）の最新案内で行い、乙4マスターの実践演習・用語解説で理解を固めてください。,過去問での確認方法,性・化学｜計算・指定数量の実務で押さえるのは、計算含む演習は時間計測し、週2セットを継続します。制度・数値の最終確認は消防試験研究センター（危険物取扱者）の最新案内で行い、乙4マスターの実践演習・用語解説で理解を固めてください。,他分野との関連,まとめると性・化学｜計算・指定数量では、法令の区分と物性の数値を混同しないよう、定義欄を併読します。制度・数値の最終確認は消防試験研究センター（危険物取扱者）の最新案内で行い、乙4マスターの実践演習・用語解説で理解を固めてください。,,,,,性・化学｜計算・指定数量だけで合格できますか？,他分野も出題されます。重点分野を決めつつ、全体の維持演習は続けてください。,性・化学｜計算・指定数量の演習量の目安は？,正答率が安定するまで同分野を繰り返し、80%前後を目安に深掘りしてください。,study-plan:学習計画;past-question-strategy:過去問の使い方
field-rights-case-study,分野別対策,危険物取扱者試験（乙種第4類）の物性・化学｜事例・場面問題,危険物取扱者試験（乙種第4類）の物性・化学｜事例・場面問題。分野別の演習と用語を、危険物取扱者試験（乙種第4類）受験者向けに乙4マスターが整理しました。,性・化学｜事例・場面問題について、分野別の演習と用語解説の使い方です。,40,分野別;物性・化学;試験対策,乙4マスター編集部,危険物取扱者試験（乙種第4類）向けの学習コンテンツ（演習・用語・試験ガイド）を整理する編集チーム,公式情報確認担当,消防試験研究センター・消防庁の公開情報と照合し、サイト内リンクの整合を確認,2026-05-21,消防試験研究センター 危険物取扱者（公式）|https://www.shoubo-shiken.or.jp/kikenbutsu/;消防庁（公式）|https://www.fdma.go.jp/,field-rights-case-study — populate_o4_guide_articles.py で生成,「物性・化学｜事例・場面問題」を理解し、乙4マスターの演習・用語・関連ガイドへ進みたい。,分野チップ固定で演習する;用語ハブから関連語を読む;正答率80%まで深掘りする,試験要項・消防法改正・出題範囲の更新時に本文と参照元を見直します。,2026-05-21,2026-06-20,2026-05-21,published,enrich_o4_guide_articles.py で 2026-05-21 品質更新（スラッグ別本文・FAQ）。,分野の位置づけ,性・化学｜事例・場面問題では、物性・化学分野は燃焼・引火点・蒸気・反応・静電気・状態変化が中心です。実践演習では約142問がこの分野に分類されています（学習用集計）。,押さえる基礎知識,性・化学｜事例・場面問題を進めるうえで、製造所・貯蔵所・給油所など場面ごとの規制差を表にまとめます。制度・数値の最終確認は消防試験研究センター（危険物取扱者）の最新案内で行い、乙4マスターの実践演習・用語解説で理解を固めてください。,頻出論点,ここでは性・化学｜事例・場面問題について、長文は「違反／適切／届出」のどれを問うかを先にメモします。制度・数値の最終確認は消防試験研究センター（危険物取扱者）の最新案内で行い、乙4マスターの実践演習・用語解説で理解を固めてください。,過去問での確認方法,性・化学｜事例・場面問題の実務で押さえるのは、解説後に類似の別問を3問続けて解き、パターン認識を固めます。制度・数値の最終確認は消防試験研究センター（危険物取扱者）の最新案内で行い、乙4マスターの実践演習・用語解説で理解を固めてください。,他分野との関連,まとめると性・化学｜事例・場面問題では、法令の場面と火災の現場対策は切り口が異なるため、用語で整理します。制度・数値の最終確認は消防試験研究センター（危険物取扱者）の最新案内で行い、乙4マスターの実践演習・用語解説で理解を固めてください。,,,,,性・化学｜事例・場面問題だけで合格できますか？,他分野も出題されます。重点分野を決めつつ、全体の維持演習は続けてください。,性・化学｜事例・場面問題の演習量の目安は？,正答率が安定するまで同分野を繰り返し、80%前後を目安に深掘りしてください。,study-plan:学習計画;past-question-strategy:過去問の使い方
field-rights-past-question-focus,分野別対策,危険物取扱者試験（乙種第4類）の物性・化学｜演習の活かし方,危険物取扱者試験（乙種第4類）の物性・化学｜演習の活かし方。分野別の演習と用語を、危険物取扱者試験（乙種第4類）受験者向けに乙4マスターが整理しました。,性・化学｜演習の活かし方について、分野別の演習と用語解説の使い方です。,40,分野別;物性・化学;試験対策,乙4マスター編集部,危険物取扱者試験（乙種第4類）向けの学習コンテンツ（演習・用語・試験ガイド）を整理する編集チーム,公式情報確認担当,消防試験研究センター・消防庁の公開情報と照合し、サイト内リンクの整合を確認,2026-05-21,消防試験研究センター 危険物取扱者（公式）|https://www.shoubo-shiken.or.jp/kikenbutsu/;消防庁（公式）|https://www.fdma.go.jp/,field-rights-past-question-focus — populate_o4_guide_articles.py で生成,「物性・化学｜演習の活かし方」を理解し、乙4マスターの演習・用語・関連ガイドへ進みたい。,分野チップ固定で演習する;用語ハブから関連語を読む;正答率80%まで深掘りする,試験要項・消防法改正・出題範囲の更新時に本文と参照元を見直します。,2026-05-21,2026-06-20,2026-05-21,published,enrich_o4_guide_articles.py で 2026-05-21 品質更新（スラッグ別本文・FAQ）。,分野の位置づけ,性・化学｜演習の活かし方では、物性・化学分野は燃焼・引火点・蒸気・反応・静電気・状態変化が中心です。実践演習では約142問がこの分野に分類されています（学習用集計）。,押さえる基礎知識,性・化学｜演習の活かし方を進めるうえで、演習前に範囲表の該当章と用語3語を確認します。制度・数値の最終確認は消防試験研究センター（危険物取扱者）の最新案内で行い、乙4マスターの実践演習・用語解説で理解を固めてください。,頻出論点,ここでは性・化学｜演習の活かし方について、誤答タグが集中する論点を次週の最優先に指定します。制度・数値の最終確認は消防試験研究センター（危険物取扱者）の最新案内で行い、乙4マスターの実践演習・用語解説で理解を固めてください。,過去問での確認方法,性・化学｜演習の活かし方の実務で押さえるのは、ブックマーク・誤答フィルタで同分野を繰り返し記録します。制度・数値の最終確認は消防試験研究センター（危険物取扱者）の最新案内で行い、乙4マスターの実践演習・用語解説で理解を固めてください。,他分野との関連,まとめると性・化学｜演習の活かし方では、弱点が他分野に波及している場合は前提語から立て直します。制度・数値の最終確認は消防試験研究センター（危険物取扱者）の最新案内で行い、乙4マスターの実践演習・用語解説で理解を固めてください。,,,,,性・化学｜演習の活かし方だけで合格できますか？,他分野も出題されます。重点分野を決めつつ、全体の維持演習は続けてください。,性・化学｜演習の活かし方の演習量の目安は？,正答率が安定するまで同分野を繰り返し、80%前後を目安に深掘りしてください。,study-plan:学習計画;past-question-strategy:過去問の使い方
field-limit-basics,分野別対策,危険物取扱者試験（乙種第4類）の火災・消火・漏えい｜基礎,危険物取扱者試験（乙種第4類）の火災・消火・漏えい｜基礎。分野別の演習と用語を、危険物取扱者試験（乙種第4類）受験者向けに乙4マスターが整理しました。,火災・消火・漏えい｜基礎について、分野別の演習と用語解説の使い方です。,40,分野別;火災・消火・漏えい;試験対策,乙4マスター編集部,危険物取扱者試験（乙種第4類）向けの学習コンテンツ（演習・用語・試験ガイド）を整理する編集チーム,公式情報確認担当,消防試験研究センター・消防庁の公開情報と照合し、サイト内リンクの整合を確認,2026-05-21,消防試験研究センター 危険物取扱者（公式）|https://www.shoubo-shiken.or.jp/kikenbutsu/;消防庁（公式）|https://www.fdma.go.jp/,field-limit-basics — populate_o4_guide_articles.py で生成,「火災・消火・漏えい｜基礎」を理解し、乙4マスターの演習・用語・関連ガイドへ進みたい。,分野チップ固定で演習する;用語ハブから関連語を読む;正答率80%まで深掘りする,試験要項・消防法改正・出題範囲の更新時に本文と参照元を見直します。,2026-05-21,2026-06-20,2026-05-21,published,enrich_o4_guide_articles.py で 2026-05-21 品質更新（スラッグ別本文・FAQ）。,分野の位置づけ,火災・消火・漏えい｜基礎では、火災・消火・漏えい分野は性状・消火方法・漏えい・貯蔵・品名別注意が中心です。実践演習では約147問がこの分野に分類されています（学習用集計）。,押さえる基礎知識,火災・消火・漏えい｜基礎を進めるうえで、用語の定義と制度の骨格を先に固め、応用問題は用語解説→短い演習セットの順で進めます。制度・数値の最終確認は消防試験研究センター（危険物取扱者）の最新案内で行い、乙4マスターの実践演習・用語解説で理解を固めてください。,頻出論点,ここでは火災・消火・漏えい｜基礎について、基礎が曖昧なまま応用を解くと、選択肢の言い換えで迷いやすくなります。制度・数値の最終確認は消防試験研究センター（危険物取扱者）の最新案内で行い、乙4マスターの実践演習・用語解説で理解を固めてください。,過去問での確認方法,火災・消火・漏えい｜基礎の実務で押さえるのは、分野チップ固定の演習10問を週1回入れ、正答率の推移を記録します。制度・数値の最終確認は消防試験研究センター（危険物取扱者）の最新案内で行い、乙4マスターの実践演習・用語解説で理解を固めてください。,他分野との関連,まとめると火災・消火・漏えい｜基礎では、他分野の前提語（燃焼・指定数量・消火）とセットで読むと理解が速くなります。制度・数値の最終確認は消防試験研究センター（危険物取扱者）の最新案内で行い、乙4マスターの実践演習・用語解説で理解を固めてください。,,,,,火災・消火・漏えい｜基礎だけで合格できますか？,他分野も出題されます。重点分野を決めつつ、全体の維持演習は続けてください。,火災・消火・漏えい｜基礎の演習量の目安は？,正答率が安定するまで同分野を繰り返し、80%前後を目安に深掘りしてください。,study-plan:学習計画;past-question-strategy:過去問の使い方
field-limit-frequent-topics,分野別対策,危険物取扱者試験（乙種第4類）の火災・消火・漏えい｜頻出論点,危険物取扱者試験（乙種第4類）の火災・消火・漏えい｜頻出論点。分野別の演習と用語を、危険物取扱者試験（乙種第4類）受験者向けに乙4マスターが整理しました。,火災・消火・漏えい｜頻出論点について、分野別の演習と用語解説の使い方です。,40,分野別;火災・消火・漏えい;試験対策,乙4マスター編集部,危険物取扱者試験（乙種第4類）向けの学習コンテンツ（演習・用語・試験ガイド）を整理する編集チーム,公式情報確認担当,消防試験研究センター・消防庁の公開情報と照合し、サイト内リンクの整合を確認,2026-05-21,消防試験研究センター 危険物取扱者（公式）|https://www.shoubo-shiken.or.jp/kikenbutsu/;消防庁（公式）|https://www.fdma.go.jp/,field-limit-frequent-topics — populate_o4_guide_articles.py で生成,「火災・消火・漏えい｜頻出論点」を理解し、乙4マスターの演習・用語・関連ガイドへ進みたい。,分野チップ固定で演習する;用語ハブから関連語を読む;正答率80%まで深掘りする,試験要項・消防法改正・出題範囲の更新時に本文と参照元を見直します。,2026-05-21,2026-06-20,2026-05-21,published,enrich_o4_guide_articles.py で 2026-05-21 品質更新（スラッグ別本文・FAQ）。,分野の位置づけ,火災・消火・漏えい｜頻出論点では、火災・消火・漏えい分野は性状・消火方法・漏えい・貯蔵・品名別注意が中心です。実践演習では約147問がこの分野に分類されています（学習用集計）。,押さえる基礎知識,火災・消火・漏えい｜頻出論点を進めるうえで、頻出の前に関連用語を5語だけ用語解説で確認してから演習に入ります。制度・数値の最終確認は消防試験研究センター（危険物取扱者）の最新案内で行い、乙4マスターの実践演習・用語解説で理解を固めてください。,頻出論点,ここでは火災・消火・漏えい｜頻出論点について、演習で繰り返し出る論点を優先し、正答率80%超まで深掘りします。制度・数値の最終確認は消防試験研究センター（危険物取扱者）の最新案内で行い、乙4マスターの実践演習・用語解説で理解を固めてください。,過去問での確認方法,火災・消火・漏えい｜頻出論点の実務で押さえるのは、誤答は同分野の別問で即再確認し、タグの偏りを週次で見直します。制度・数値の最終確認は消防試験研究センター（危険物取扱者）の最新案内で行い、乙4マスターの実践演習・用語解説で理解を固めてください。,他分野との関連,まとめると火災・消火・漏えい｜頻出論点では、関連用語リンクで横断的に読み、ひっかけペアをまとめて演習します。制度・数値の最終確認は消防試験研究センター（危険物取扱者）の最新案内で行い、乙4マスターの実践演習・用語解説で理解を固めてください。,,,,,火災・消火・漏えい｜頻出論点だけで合格できますか？,他分野も出題されます。重点分野を決めつつ、全体の維持演習は続けてください。,火災・消火・漏えい｜頻出論点の演習量の目安は？,正答率が安定するまで同分野を繰り返し、80%前後を目安に深掘りしてください。,study-plan:学習計画;past-question-strategy:過去問の使い方
field-limit-calculation,分野別対策,危険物取扱者試験（乙種第4類）の火災・消火・漏えい｜計算・指定数量,危険物取扱者試験（乙種第4類）の火災・消火・漏えい｜計算・指定数量。分野別の演習と用語を、危険物取扱者試験（乙種第4類）受験者向けに乙4マスターが整理しました。,火災・消火・漏えい｜計算・指定数量について、分野別の演習と用語解説の使い方です。,40,分野別;火災・消火・漏えい;試験対策,乙4マスター編集部,危険物取扱者試験（乙種第4類）向けの学習コンテンツ（演習・用語・試験ガイド）を整理する編集チーム,公式情報確認担当,消防試験研究センター・消防庁の公開情報と照合し、サイト内リンクの整合を確認,2026-05-21,消防試験研究センター 危険物取扱者（公式）|https://www.shoubo-shiken.or.jp/kikenbutsu/;消防庁（公式）|https://www.fdma.go.jp/,field-limit-calculation — populate_o4_guide_articles.py で生成,「火災・消火・漏えい｜計算・指定数量」を理解し、乙4マスターの演習・用語・関連ガイドへ進みたい。,分野チップ固定で演習する;用語ハブから関連語を読む;正答率80%まで深掘りする,試験要項・消防法改正・出題範囲の更新時に本文と参照元を見直します。,2026-05-21,2026-06-20,2026-05-21,published,enrich_o4_guide_articles.py で 2026-05-21 品質更新（スラッグ別本文・FAQ）。,分野の位置づけ,火災・消火・漏えい｜計算・指定数量では、火災・消火・漏えい分野は性状・消火方法・漏えい・貯蔵・品名別注意が中心です。実践演習では約147問がこの分野に分類されています（学習用集計）。,押さえる基礎知識,火災・消火・漏えい｜計算・指定数量を進めるうえで、指定数量・倍数は政令の表を写し、何を合算するかを式でメモします。制度・数値の最終確認は消防試験研究センター（危険物取扱者）の最新案内で行い、乙4マスターの実践演習・用語解説で理解を固めてください。,頻出論点,ここでは火災・消火・漏えい｜計算・指定数量について、単位・桁ミスを別欄で記録し、見直しは計算手順だけ再確認します。制度・数値の最終確認は消防試験研究センター（危険物取扱者）の最新案内で行い、乙4マスターの実践演習・用語解説で理解を固めてください。,過去問での確認方法,火災・消火・漏えい｜計算・指定数量の実務で押さえるのは、計算含む演習は時間計測し、週2セットを継続します。制度・数値の最終確認は消防試験研究センター（危険物取扱者）の最新案内で行い、乙4マスターの実践演習・用語解説で理解を固めてください。,他分野との関連,まとめると火災・消火・漏えい｜計算・指定数量では、法令の区分と物性の数値を混同しないよう、定義欄を併読します。制度・数値の最終確認は消防試験研究センター（危険物取扱者）の最新案内で行い、乙4マスターの実践演習・用語解説で理解を固めてください。,,,,,火災・消火・漏えい｜計算・指定数量だけで合格できますか？,他分野も出題されます。重点分野を決めつつ、全体の維持演習は続けてください。,火災・消火・漏えい｜計算・指定数量の演習量の目安は？,正答率が安定するまで同分野を繰り返し、80%前後を目安に深掘りしてください。,study-plan:学習計画;past-question-strategy:過去問の使い方
field-limit-case-study,分野別対策,危険物取扱者試験（乙種第4類）の火災・消火・漏えい｜事例・場面問題,危険物取扱者試験（乙種第4類）の火災・消火・漏えい｜事例・場面問題。分野別の演習と用語を、危険物取扱者試験（乙種第4類）受験者向けに乙4マスターが整理しました。,火災・消火・漏えい｜事例・場面問題について、分野別の演習と用語解説の使い方です。,40,分野別;火災・消火・漏えい;試験対策,乙4マスター編集部,危険物取扱者試験（乙種第4類）向けの学習コンテンツ（演習・用語・試験ガイド）を整理する編集チーム,公式情報確認担当,消防試験研究センター・消防庁の公開情報と照合し、サイト内リンクの整合を確認,2026-05-21,消防試験研究センター 危険物取扱者（公式）|https://www.shoubo-shiken.or.jp/kikenbutsu/;消防庁（公式）|https://www.fdma.go.jp/,field-limit-case-study — populate_o4_guide_articles.py で生成,「火災・消火・漏えい｜事例・場面問題」を理解し、乙4マスターの演習・用語・関連ガイドへ進みたい。,分野チップ固定で演習する;用語ハブから関連語を読む;正答率80%まで深掘りする,試験要項・消防法改正・出題範囲の更新時に本文と参照元を見直します。,2026-05-21,2026-06-20,2026-05-21,published,enrich_o4_guide_articles.py で 2026-05-21 品質更新（スラッグ別本文・FAQ）。,分野の位置づけ,火災・消火・漏えい｜事例・場面問題では、火災・消火・漏えい分野は性状・消火方法・漏えい・貯蔵・品名別注意が中心です。実践演習では約147問がこの分野に分類されています（学習用集計）。,押さえる基礎知識,火災・消火・漏えい｜事例・場面問題を進めるうえで、製造所・貯蔵所・給油所など場面ごとの規制差を表にまとめます。制度・数値の最終確認は消防試験研究センター（危険物取扱者）の最新案内で行い、乙4マスターの実践演習・用語解説で理解を固めてください。,頻出論点,ここでは火災・消火・漏えい｜事例・場面問題について、長文は「違反／適切／届出」のどれを問うかを先にメモします。制度・数値の最終確認は消防試験研究センター（危険物取扱者）の最新案内で行い、乙4マスターの実践演習・用語解説で理解を固めてください。,過去問での確認方法,火災・消火・漏えい｜事例・場面問題の実務で押さえるのは、解説後に類似の別問を3問続けて解き、パターン認識を固めます。制度・数値の最終確認は消防試験研究センター（危険物取扱者）の最新案内で行い、乙4マスターの実践演習・用語解説で理解を固めてください。,他分野との関連,まとめると火災・消火・漏えい｜事例・場面問題では、法令の場面と火災の現場対策は切り口が異なるため、用語で整理します。制度・数値の最終確認は消防試験研究センター（危険物取扱者）の最新案内で行い、乙4マスターの実践演習・用語解説で理解を固めてください。,,,,,火災・消火・漏えい｜事例・場面問題だけで合格できますか？,他分野も出題されます。重点分野を決めつつ、全体の維持演習は続けてください。,火災・消火・漏えい｜事例・場面問題の演習量の目安は？,正答率が安定するまで同分野を繰り返し、80%前後を目安に深掘りしてください。,study-plan:学習計画;past-question-strategy:過去問の使い方
field-limit-past-question-focus,分野別対策,危険物取扱者試験（乙種第4類）の火災・消火・漏えい｜演習の活かし方,危険物取扱者試験（乙種第4類）の火災・消火・漏えい｜演習の活かし方。分野別の演習と用語を、危険物取扱者試験（乙種第4類）受験者向けに乙4マスターが整理しました。,火災・消火・漏えい｜演習の活かし方について、分野別の演習と用語解説の使い方です。,40,分野別;火災・消火・漏えい;試験対策,乙4マスター編集部,危険物取扱者試験（乙種第4類）向けの学習コンテンツ（演習・用語・試験ガイド）を整理する編集チーム,公式情報確認担当,消防試験研究センター・消防庁の公開情報と照合し、サイト内リンクの整合を確認,2026-05-21,消防試験研究センター 危険物取扱者（公式）|https://www.shoubo-shiken.or.jp/kikenbutsu/;消防庁（公式）|https://www.fdma.go.jp/,field-limit-past-question-focus — populate_o4_guide_articles.py で生成,「火災・消火・漏えい｜演習の活かし方」を理解し、乙4マスターの演習・用語・関連ガイドへ進みたい。,分野チップ固定で演習する;用語ハブから関連語を読む;正答率80%まで深掘りする,試験要項・消防法改正・出題範囲の更新時に本文と参照元を見直します。,2026-05-21,2026-06-20,2026-05-21,published,enrich_o4_guide_articles.py で 2026-05-21 品質更新（スラッグ別本文・FAQ）。,分野の位置づけ,火災・消火・漏えい｜演習の活かし方では、火災・消火・漏えい分野は性状・消火方法・漏えい・貯蔵・品名別注意が中心です。実践演習では約147問がこの分野に分類されています（学習用集計）。,押さえる基礎知識,火災・消火・漏えい｜演習の活かし方を進めるうえで、演習前に範囲表の該当章と用語3語を確認します。制度・数値の最終確認は消防試験研究センター（危険物取扱者）の最新案内で行い、乙4マスターの実践演習・用語解説で理解を固めてください。,頻出論点,ここでは火災・消火・漏えい｜演習の活かし方について、誤答タグが集中する論点を次週の最優先に指定します。制度・数値の最終確認は消防試験研究センター（危険物取扱者）の最新案内で行い、乙4マスターの実践演習・用語解説で理解を固めてください。,過去問での確認方法,火災・消火・漏えい｜演習の活かし方の実務で押さえるのは、ブックマーク・誤答フィルタで同分野を繰り返し記録します。制度・数値の最終確認は消防試験研究センター（危険物取扱者）の最新案内で行い、乙4マスターの実践演習・用語解説で理解を固めてください。,他分野との関連,まとめると火災・消火・漏えい｜演習の活かし方では、弱点が他分野に波及している場合は前提語から立て直します。制度・数値の最終確認は消防試験研究センター（危険物取扱者）の最新案内で行い、乙4マスターの実践演習・用語解説で理解を固めてください。,,,,,火災・消火・漏えい｜演習の活かし方だけで合格できますか？,他分野も出題されます。重点分野を決めつつ、全体の維持演習は続けてください。,火災・消火・漏えい｜演習の活かし方の演習量の目安は？,正答率が安定するまで同分野を繰り返し、80%前後を目安に深掘りしてください。,study-plan:学習計画;past-question-strategy:過去問の使い方
glossary-study-method,用語整理,危険物取扱者試験（乙種第4類）の用語解説の使い方,危険物取扱者試験（乙種第4類）の用語解説の使い方。用語解説の活用法を、危険物取扱者試験（乙種第4類）受験者向けに乙4マスターが整理しました。,用語解説の使い方について、用語解説を使った知識の整理方法です。,35,用語集;知識整理,乙4マスター編集部,危険物取扱者試験（乙種第4類）向けの学習コンテンツ（演習・用語・試験ガイド）を整理する編集チーム,公式情報確認担当,消防試験研究センター・消防庁の公開情報と照合し、サイト内リンクの整合を確認,2026-05-21,消防試験研究センター 危険物取扱者（公式）|https://www.shoubo-shiken.or.jp/kikenbutsu/;消防庁（公式）|https://www.fdma.go.jp/,glossary-study-method — populate_o4_guide_articles.py で生成,「用語解説の使い方」を理解し、乙4マスターの演習・用語・関連ガイドへ進みたい。,演習で出た語を用語解説で確認する;数字・期限を一覧化する;関連用語を5語セットで読む,試験要項・消防法改正・出題範囲の更新時に本文と参照元を見直します。,2026-05-21,2026-06-20,2026-05-21,published,enrich_o4_guide_articles.py で 2026-05-21 品質更新（スラッグ別本文・FAQ）。,用語集の使い方,用語解説の使い方では、用語解説は演習で出た語を起点に開き、定義→試験ポイント→関連用語の順で読むと効率が良いです。制度・数値の最終確認は消防試験研究センター（危険物取扱者）の最新案内で行い、乙4マスターの実践演習・用語解説で理解を固めてください。,重要度の見方,用語解説の使い方を進めるうえで、出題範囲表の頻出章に対応する用語を優先します。指定数量・石油類区分・消火の適否は早めに押さえます。制度・数値の最終確認は消防試験研究センター（危険物取扱者）の最新案内で行い、乙4マスターの実践演習・用語解説で理解を固めてください。,数字・期限の整理,ここでは用語解説の使い方について、数字・期限は一覧表にまとめ、出典（政令・規則）を1語メモします。「誰が・いつまでに・何を」型で整理します。制度・数値の最終確認は消防試験研究センター（危険物取扱者）の最新案内で行い、乙4マスターの実践演習・用語解説で理解を固めてください。,関連用語で回遊する,用語解説の使い方の実務で押さえるのは、移送／運搬、標識／表示など混同ペアは関連用語で往復読みし、直後に演習で確認します。制度・数値の最終確認は消防試験研究センター（危険物取扱者）の最新案内で行い、乙4マスターの実践演習・用語解説で理解を固めてください。,過去問との往復,まとめると用語解説の使い方では、用語を読んだら同分野の演習を5〜10問解き、選択肢での言い換えに慣れてから次の語へ進みます。制度・数値の最終確認は消防試験研究センター（危険物取扱者）の最新案内で行い、乙4マスターの実践演習・用語解説で理解を固めてください。,,,,,用語解説の使い方は暗記だけで足りますか？,定義と混同語の理解まで含めて確認し、直後に演習で定着させてください。,用語解説の使い方で最初に読む用語は？,演習で誤答した語と、出題範囲表の頻出章に対応する語から優先してください。,past-question-strategy:過去問の使い方;exam-overview:試験概要
important-terms-list,用語整理,危険物取扱者試験（乙種第4類）で押さえる重要用語,危険物取扱者試験（乙種第4類）で押さえる重要用語。用語解説の活用法を、危険物取扱者試験（乙種第4類）受験者向けに乙4マスターが整理しました。,で押さえる重要用語について、用語解説を使った知識の整理方法です。,35,用語集;知識整理,乙4マスター編集部,危険物取扱者試験（乙種第4類）向けの学習コンテンツ（演習・用語・試験ガイド）を整理する編集チーム,公式情報確認担当,消防試験研究センター・消防庁の公開情報と照合し、サイト内リンクの整合を確認,2026-05-21,消防試験研究センター 危険物取扱者（公式）|https://www.shoubo-shiken.or.jp/kikenbutsu/;消防庁（公式）|https://www.fdma.go.jp/,important-terms-list — populate_o4_guide_articles.py で生成,「で押さえる重要用語」を理解し、乙4マスターの演習・用語・関連ガイドへ進みたい。,演習で出た語を用語解説で確認する;数字・期限を一覧化する;関連用語を5語セットで読む,試験要項・消防法改正・出題範囲の更新時に本文と参照元を見直します。,2026-05-21,2026-06-20,2026-05-21,published,enrich_o4_guide_articles.py で 2026-05-21 品質更新（スラッグ別本文・FAQ）。,用語集の使い方,で押さえる重要用語では、用語解説は演習で出た語を起点に開き、定義→試験ポイント→関連用語の順で読むと効率が良いです。制度・数値の最終確認は消防試験研究センター（危険物取扱者）の最新案内で行い、乙4マスターの実践演習・用語解説で理解を固めてください。,重要度の見方,で押さえる重要用語を進めるうえで、出題範囲表の頻出章に対応する用語を優先します。指定数量・石油類区分・消火の適否は早めに押さえます。制度・数値の最終確認は消防試験研究センター（危険物取扱者）の最新案内で行い、乙4マスターの実践演習・用語解説で理解を固めてください。,数字・期限の整理,ここではで押さえる重要用語について、数字・期限は一覧表にまとめ、出典（政令・規則）を1語メモします。「誰が・いつまでに・何を」型で整理します。制度・数値の最終確認は消防試験研究センター（危険物取扱者）の最新案内で行い、乙4マスターの実践演習・用語解説で理解を固めてください。,関連用語で回遊する,で押さえる重要用語の実務で押さえるのは、移送／運搬、標識／表示など混同ペアは関連用語で往復読みし、直後に演習で確認します。制度・数値の最終確認は消防試験研究センター（危険物取扱者）の最新案内で行い、乙4マスターの実践演習・用語解説で理解を固めてください。,過去問との往復,まとめるとで押さえる重要用語では、用語を読んだら同分野の演習を5〜10問解き、選択肢での言い換えに慣れてから次の語へ進みます。制度・数値の最終確認は消防試験研究センター（危険物取扱者）の最新案内で行い、乙4マスターの実践演習・用語解説で理解を固めてください。,,,,,で押さえる重要用語は暗記だけで足りますか？,定義と混同語の理解まで含めて確認し、直後に演習で定着させてください。,で押さえる重要用語で最初に読む用語は？,演習で誤答した語と、出題範囲表の頻出章に対応する語から優先してください。,past-question-strategy:過去問の使い方;exam-overview:試験概要
confusing-terms,用語整理,危険物取扱者試験（乙種第4類）で混同しやすい用語,危険物取扱者試験（乙種第4類）で混同しやすい用語。用語解説の活用法を、危険物取扱者試験（乙種第4類）受験者向けに乙4マスターが整理しました。,で混同しやすい用語について、用語解説を使った知識の整理方法です。,35,用語集;知識整理,乙4マスター編集部,危険物取扱者試験（乙種第4類）向けの学習コンテンツ（演習・用語・試験ガイド）を整理する編集チーム,公式情報確認担当,消防試験研究センター・消防庁の公開情報と照合し、サイト内リンクの整合を確認,2026-05-21,消防試験研究センター 危険物取扱者（公式）|https://www.shoubo-shiken.or.jp/kikenbutsu/;消防庁（公式）|https://www.fdma.go.jp/,confusing-terms — populate_o4_guide_articles.py で生成,「で混同しやすい用語」を理解し、乙4マスターの演習・用語・関連ガイドへ進みたい。,演習で出た語を用語解説で確認する;数字・期限を一覧化する;関連用語を5語セットで読む,試験要項・消防法改正・出題範囲の更新時に本文と参照元を見直します。,2026-05-21,2026-06-20,2026-05-21,published,enrich_o4_guide_articles.py で 2026-05-21 品質更新（スラッグ別本文・FAQ）。,用語集の使い方,で混同しやすい用語では、用語解説は演習で出た語を起点に開き、定義→試験ポイント→関連用語の順で読むと効率が良いです。制度・数値の最終確認は消防試験研究センター（危険物取扱者）の最新案内で行い、乙4マスターの実践演習・用語解説で理解を固めてください。,重要度の見方,で混同しやすい用語を進めるうえで、出題範囲表の頻出章に対応する用語を優先します。指定数量・石油類区分・消火の適否は早めに押さえます。制度・数値の最終確認は消防試験研究センター（危険物取扱者）の最新案内で行い、乙4マスターの実践演習・用語解説で理解を固めてください。,数字・期限の整理,ここではで混同しやすい用語について、数字・期限は一覧表にまとめ、出典（政令・規則）を1語メモします。「誰が・いつまでに・何を」型で整理します。制度・数値の最終確認は消防試験研究センター（危険物取扱者）の最新案内で行い、乙4マスターの実践演習・用語解説で理解を固めてください。,関連用語で回遊する,"移送／運搬、標識／表示、製造所／貯蔵所、第4類／第1石油類など、混同ペアを用語解説の関連リンクで往復読みし、直後に各5問ずつ演習します。

乙4で混同されやすい例：移送と運搬、標識と表示、製造所と貯蔵所、第4類と第1石油類、泡消火と粉末消火。各ペアを用語解説で往復し、直後に5問ずつ演習します。1日1ペア×2週間で回せば、選択肢の言い換えに強くなります。",過去問との往復,まとめるとで混同しやすい用語では、用語を読んだら同分野の演習を5〜10問解き、選択肢での言い換えに慣れてから次の語へ進みます。制度・数値の最終確認は消防試験研究センター（危険物取扱者）の最新案内で行い、乙4マスターの実践演習・用語解説で理解を固めてください。,,,,,で混同しやすい用語は暗記だけで足りますか？,定義と混同語の理解まで含めて確認し、直後に演習で定着させてください。,で混同しやすい用語で最初に読む用語は？,演習で誤答した語と、出題範囲表の頻出章に対応する語から優先してください。,past-question-strategy:過去問の使い方;exam-overview:試験概要
related-terms-navigation,用語整理,危険物取扱者試験（乙種第4類）の関連用語のたどり方,危険物取扱者試験（乙種第4類）の関連用語のたどり方。用語解説の活用法を、危険物取扱者試験（乙種第4類）受験者向けに乙4マスターが整理しました。,関連用語のたどり方について、用語解説を使った知識の整理方法です。,35,用語集;知識整理,乙4マスター編集部,危険物取扱者試験（乙種第4類）向けの学習コンテンツ（演習・用語・試験ガイド）を整理する編集チーム,公式情報確認担当,消防試験研究センター・消防庁の公開情報と照合し、サイト内リンクの整合を確認,2026-05-21,消防試験研究センター 危険物取扱者（公式）|https://www.shoubo-shiken.or.jp/kikenbutsu/;消防庁（公式）|https://www.fdma.go.jp/,related-terms-navigation — populate_o4_guide_articles.py で生成,「関連用語のたどり方」を理解し、乙4マスターの演習・用語・関連ガイドへ進みたい。,演習で出た語を用語解説で確認する;数字・期限を一覧化する;関連用語を5語セットで読む,試験要項・消防法改正・出題範囲の更新時に本文と参照元を見直します。,2026-05-21,2026-06-20,2026-05-21,published,enrich_o4_guide_articles.py で 2026-05-21 品質更新（スラッグ別本文・FAQ）。,用語集の使い方,関連用語のたどり方では、用語解説は演習で出た語を起点に開き、定義→試験ポイント→関連用語の順で読むと効率が良いです。制度・数値の最終確認は消防試験研究センター（危険物取扱者）の最新案内で行い、乙4マスターの実践演習・用語解説で理解を固めてください。,重要度の見方,関連用語のたどり方を進めるうえで、出題範囲表の頻出章に対応する用語を優先します。指定数量・石油類区分・消火の適否は早めに押さえます。制度・数値の最終確認は消防試験研究センター（危険物取扱者）の最新案内で行い、乙4マスターの実践演習・用語解説で理解を固めてください。,数字・期限の整理,ここでは関連用語のたどり方について、数字・期限は一覧表にまとめ、出典（政令・規則）を1語メモします。「誰が・いつまでに・何を」型で整理します。制度・数値の最終確認は消防試験研究センター（危険物取扱者）の最新案内で行い、乙4マスターの実践演習・用語解説で理解を固めてください。,関連用語で回遊する,関連用語のたどり方の実務で押さえるのは、移送／運搬、標識／表示など混同ペアは関連用語で往復読みし、直後に演習で確認します。制度・数値の最終確認は消防試験研究センター（危険物取扱者）の最新案内で行い、乙4マスターの実践演習・用語解説で理解を固めてください。,過去問との往復,まとめると関連用語のたどり方では、用語を読んだら同分野の演習を5〜10問解き、選択肢での言い換えに慣れてから次の語へ進みます。制度・数値の最終確認は消防試験研究センター（危険物取扱者）の最新案内で行い、乙4マスターの実践演習・用語解説で理解を固めてください。,,,,,関連用語のたどり方は暗記だけで足りますか？,定義と混同語の理解まで含めて確認し、直後に演習で定着させてください。,関連用語のたどり方で最初に読む用語は？,演習で誤答した語と、出題範囲表の頻出章に対応する語から優先してください。,past-question-strategy:過去問の使い方;exam-overview:試験概要
terms-with-past-questions,用語整理,演習と用語解説の往復学習,演習と用語解説の往復学習。用語解説の活用法を、危険物取扱者試験（乙種第4類）受験者向けに乙4マスターが整理しました。,演習と用語解説の往復学習について、用語解説を使った知識の整理方法です。,35,用語集;知識整理,乙4マスター編集部,危険物取扱者試験（乙種第4類）向けの学習コンテンツ（演習・用語・試験ガイド）を整理する編集チーム,公式情報確認担当,消防試験研究センター・消防庁の公開情報と照合し、サイト内リンクの整合を確認,2026-05-21,消防試験研究センター 危険物取扱者（公式）|https://www.shoubo-shiken.or.jp/kikenbutsu/;消防庁（公式）|https://www.fdma.go.jp/,terms-with-past-questions — populate_o4_guide_articles.py で生成,「演習と用語解説の往復学習」を理解し、乙4マスターの演習・用語・関連ガイドへ進みたい。,演習で出た語を用語解説で確認する;数字・期限を一覧化する;関連用語を5語セットで読む,試験要項・消防法改正・出題範囲の更新時に本文と参照元を見直します。,2026-05-21,2026-06-20,2026-05-21,published,enrich_o4_guide_articles.py で 2026-05-21 品質更新（スラッグ別本文・FAQ）。,用語集の使い方,演習と用語解説の往復学習では、用語解説は演習で出た語を起点に開き、定義→試験ポイント→関連用語の順で読むと効率が良いです。制度・数値の最終確認は消防試験研究センター（危険物取扱者）の最新案内で行い、乙4マスターの実践演習・用語解説で理解を固めてください。,重要度の見方,演習と用語解説の往復学習を進めるうえで、出題範囲表の頻出章に対応する用語を優先します。指定数量・石油類区分・消火の適否は早めに押さえます。制度・数値の最終確認は消防試験研究センター（危険物取扱者）の最新案内で行い、乙4マスターの実践演習・用語解説で理解を固めてください。,数字・期限の整理,ここでは演習と用語解説の往復学習について、数字・期限は一覧表にまとめ、出典（政令・規則）を1語メモします。「誰が・いつまでに・何を」型で整理します。,関連用語で回遊する,演習と用語解説の往復学習の実務で押さえるのは、移送／運搬、標識／表示など混同ペアは関連用語で往復読みし、直後に演習で確認します。制度・数値の最終確認は消防試験研究センター（危険物取扱者）の最新案内で行い、乙4マスターの実践演習・用語解説で理解を固めてください。,過去問との往復,まとめると演習と用語解説の往復学習では、用語を読んだら同分野の演習を5〜10問解き、選択肢での言い換えに慣れてから次の語へ進みます。制度・数値の最終確認は消防試験研究センター（危険物取扱者）の最新案内で行い、乙4マスターの実践演習・用語解説で理解を固めてください。,,,,,演習と用語解説の往復学習は暗記だけで足りますか？,定義と混同語の理解まで含めて確認し、直後に演習で定着させてください。,演習と用語解説の往復学習で最初に読む用語は？,演習で誤答した語と、出題範囲表の頻出章に対応する語から優先してください。,past-question-strategy:過去問の使い方;exam-overview:試験概要
terms-importance-levels,用語整理,危険物取扱者試験（乙種第4類）用語の重要度の見方,危険物取扱者試験（乙種第4類）用語の重要度の見方。用語解説の活用法を、危険物取扱者試験（乙種第4類）受験者向けに乙4マスターが整理しました。,用語の重要度の見方について、用語解説を使った知識の整理方法です。,35,用語集;知識整理,乙4マスター編集部,危険物取扱者試験（乙種第4類）向けの学習コンテンツ（演習・用語・試験ガイド）を整理する編集チーム,公式情報確認担当,消防試験研究センター・消防庁の公開情報と照合し、サイト内リンクの整合を確認,2026-05-21,消防試験研究センター 危険物取扱者（公式）|https://www.shoubo-shiken.or.jp/kikenbutsu/;消防庁（公式）|https://www.fdma.go.jp/,terms-importance-levels — populate_o4_guide_articles.py で生成,「用語の重要度の見方」を理解し、乙4マスターの演習・用語・関連ガイドへ進みたい。,演習で出た語を用語解説で確認する;数字・期限を一覧化する;関連用語を5語セットで読む,試験要項・消防法改正・出題範囲の更新時に本文と参照元を見直します。,2026-05-21,2026-06-20,2026-05-21,published,enrich_o4_guide_articles.py で 2026-05-21 品質更新（スラッグ別本文・FAQ）。,用語集の使い方,用語の重要度の見方では、用語解説は演習で出た語を起点に開き、定義→試験ポイント→関連用語の順で読むと効率が良いです。制度・数値の最終確認は消防試験研究センター（危険物取扱者）の最新案内で行い、乙4マスターの実践演習・用語解説で理解を固めてください。,重要度の見方,用語の重要度の見方を進めるうえで、出題範囲表の頻出章に対応する用語を優先します。指定数量・石油類区分・消火の適否は早めに押さえます。制度・数値の最終確認は消防試験研究センター（危険物取扱者）の最新案内で行い、乙4マスターの実践演習・用語解説で理解を固めてください。,数字・期限の整理,ここでは用語の重要度の見方について、数字・期限は一覧表にまとめ、出典（政令・規則）を1語メモします。「誰が・いつまでに・何を」型で整理します。制度・数値の最終確認は消防試験研究センター（危険物取扱者）の最新案内で行い、乙4マスターの実践演習・用語解説で理解を固めてください。,関連用語で回遊する,用語の重要度の見方の実務で押さえるのは、移送／運搬、標識／表示など混同ペアは関連用語で往復読みし、直後に演習で確認します。制度・数値の最終確認は消防試験研究センター（危険物取扱者）の最新案内で行い、乙4マスターの実践演習・用語解説で理解を固めてください。,過去問との往復,まとめると用語の重要度の見方では、用語を読んだら同分野の演習を5〜10問解き、選択肢での言い換えに慣れてから次の語へ進みます。制度・数値の最終確認は消防試験研究センター（危険物取扱者）の最新案内で行い、乙4マスターの実践演習・用語解説で理解を固めてください。,,,,,用語の重要度の見方は暗記だけで足りますか？,定義と混同語の理解まで含めて確認し、直後に演習で定着させてください。,用語の重要度の見方で最初に読む用語は？,演習で誤答した語と、出題範囲表の頻出章に対応する語から優先してください。,past-question-strategy:過去問の使い方;exam-overview:試験概要
numbers-and-deadlines,用語整理,危険物取扱者試験（乙種第4類）の数字・期限の整理,危険物取扱者試験（乙種第4類）の数字・期限の整理。用語解説の活用法を、危険物取扱者試験（乙種第4類）受験者向けに乙4マスターが整理しました。,数字・期限の整理について、用語解説を使った知識の整理方法です。,35,用語集;知識整理,乙4マスター編集部,危険物取扱者試験（乙種第4類）向けの学習コンテンツ（演習・用語・試験ガイド）を整理する編集チーム,公式情報確認担当,消防試験研究センター・消防庁の公開情報と照合し、サイト内リンクの整合を確認,2026-05-21,消防試験研究センター 危険物取扱者（公式）|https://www.shoubo-shiken.or.jp/kikenbutsu/;消防庁（公式）|https://www.fdma.go.jp/,numbers-and-deadlines — populate_o4_guide_articles.py で生成,「数字・期限の整理」を理解し、乙4マスターの演習・用語・関連ガイドへ進みたい。,演習で出た語を用語解説で確認する;数字・期限を一覧化する;関連用語を5語セットで読む,試験要項・消防法改正・出題範囲の更新時に本文と参照元を見直します。,2026-05-21,2026-06-20,2026-05-21,published,enrich_o4_guide_articles.py で 2026-05-21 品質更新（スラッグ別本文・FAQ）。,用語集の使い方,数字・期限の整理では、用語解説は演習で出た語を起点に開き、定義→試験ポイント→関連用語の順で読むと効率が良いです。制度・数値の最終確認は消防試験研究センター（危険物取扱者）の最新案内で行い、乙4マスターの実践演習・用語解説で理解を固めてください。,重要度の見方,数字・期限の整理を進めるうえで、出題範囲表の頻出章に対応する用語を優先します。指定数量・石油類区分・消火の適否は早めに押さえます。制度・数値の最終確認は消防試験研究センター（危険物取扱者）の最新案内で行い、乙4マスターの実践演習・用語解説で理解を固めてください。,数字・期限の整理,ここでは数字・期限の整理について、数字・期限は一覧表にまとめ、出典（政令・規則）を1語メモします。「誰が・いつまでに・何を」型で整理します。制度・数値の最終確認は消防試験研究センター（危険物取扱者）の最新案内で行い、乙4マスターの実践演習・用語解説で理解を固めてください。,関連用語で回遊する,数字・期限の整理の実務で押さえるのは、移送／運搬、標識／表示など混同ペアは関連用語で往復読みし、直後に演習で確認します。制度・数値の最終確認は消防試験研究センター（危険物取扱者）の最新案内で行い、乙4マスターの実践演習・用語解説で理解を固めてください。,過去問との往復,まとめると数字・期限の整理では、用語を読んだら同分野の演習を5〜10問解き、選択肢での言い換えに慣れてから次の語へ進みます。制度・数値の最終確認は消防試験研究センター（危険物取扱者）の最新案内で行い、乙4マスターの実践演習・用語解説で理解を固めてください。,,,,,数字・期限の整理は暗記だけで足りますか？,定義と混同語の理解まで含めて確認し、直後に演習で定着させてください。,数字・期限の整理で最初に読む用語は？,演習で誤答した語と、出題範囲表の頻出章に対応する語から優先してください。,past-question-strategy:過去問の使い方;exam-overview:試験概要
formula-memorization,用語整理,危険物取扱者試験（乙種第4類）の計算・公式の覚え方,危険物取扱者試験（乙種第4類）の計算・公式の覚え方。用語解説の活用法を、危険物取扱者試験（乙種第4類）受験者向けに乙4マスターが整理しました。,計算・公式の覚え方について、用語解説を使った知識の整理方法です。,35,用語集;知識整理,乙4マスター編集部,危険物取扱者試験（乙種第4類）向けの学習コンテンツ（演習・用語・試験ガイド）を整理する編集チーム,公式情報確認担当,消防試験研究センター・消防庁の公開情報と照合し、サイト内リンクの整合を確認,2026-05-21,消防試験研究センター 危険物取扱者（公式）|https://www.shoubo-shiken.or.jp/kikenbutsu/;消防庁（公式）|https://www.fdma.go.jp/,formula-memorization — populate_o4_guide_articles.py で生成,「計算・公式の覚え方」を理解し、乙4マスターの演習・用語・関連ガイドへ進みたい。,演習で出た語を用語解説で確認する;数字・期限を一覧化する;関連用語を5語セットで読む,試験要項・消防法改正・出題範囲の更新時に本文と参照元を見直します。,2026-05-21,2026-06-20,2026-05-21,published,enrich_o4_guide_articles.py で 2026-05-21 品質更新（スラッグ別本文・FAQ）。,用語集の使い方,計算・公式の覚え方では、用語解説は演習で出た語を起点に開き、定義→試験ポイント→関連用語の順で読むと効率が良いです。制度・数値の最終確認は消防試験研究センター（危険物取扱者）の最新案内で行い、乙4マスターの実践演習・用語解説で理解を固めてください。,重要度の見方,計算・公式の覚え方を進めるうえで、出題範囲表の頻出章に対応する用語を優先します。指定数量・石油類区分・消火の適否は早めに押さえます。制度・数値の最終確認は消防試験研究センター（危険物取扱者）の最新案内で行い、乙4マスターの実践演習・用語解説で理解を固めてください。,数字・期限の整理,ここでは計算・公式の覚え方について、数字・期限は一覧表にまとめ、出典（政令・規則）を1語メモします。「誰が・いつまでに・何を」型で整理します。制度・数値の最終確認は消防試験研究センター（危険物取扱者）の最新案内で行い、乙4マスターの実践演習・用語解説で理解を固めてください。,関連用語で回遊する,計算・公式の覚え方の実務で押さえるのは、移送／運搬、標識／表示など混同ペアは関連用語で往復読みし、直後に演習で確認します。制度・数値の最終確認は消防試験研究センター（危険物取扱者）の最新案内で行い、乙4マスターの実践演習・用語解説で理解を固めてください。,過去問との往復,まとめると計算・公式の覚え方では、用語を読んだら同分野の演習を5〜10問解き、選択肢での言い換えに慣れてから次の語へ進みます。制度・数値の最終確認は消防試験研究センター（危険物取扱者）の最新案内で行い、乙4マスターの実践演習・用語解説で理解を固めてください。,,,,,計算・公式の覚え方は暗記だけで足りますか？,定義と混同語の理解まで含めて確認し、直後に演習で定着させてください。,計算・公式の覚え方で最初に読む用語は？,演習で誤答した語と、出題範囲表の頻出章に対応する語から優先してください。,past-question-strategy:過去問の使い方;exam-overview:試験概要
calculation-drill,用語整理,危険物取扱者試験（乙種第4類）の指定数量・倍数の演習,危険物取扱者試験（乙種第4類）の指定数量・倍数の演習。用語解説の活用法を、危険物取扱者試験（乙種第4類）受験者向けに乙4マスターが整理しました。,指定数量・倍数の演習について、用語解説を使った知識の整理方法です。,35,用語集;知識整理,乙4マスター編集部,危険物取扱者試験（乙種第4類）向けの学習コンテンツ（演習・用語・試験ガイド）を整理する編集チーム,公式情報確認担当,消防試験研究センター・消防庁の公開情報と照合し、サイト内リンクの整合を確認,2026-05-21,消防試験研究センター 危険物取扱者（公式）|https://www.shoubo-shiken.or.jp/kikenbutsu/;消防庁（公式）|https://www.fdma.go.jp/,calculation-drill — populate_o4_guide_articles.py で生成,「指定数量・倍数の演習」を理解し、乙4マスターの演習・用語・関連ガイドへ進みたい。,演習で出た語を用語解説で確認する;数字・期限を一覧化する;関連用語を5語セットで読む,試験要項・消防法改正・出題範囲の更新時に本文と参照元を見直します。,2026-05-21,2026-06-20,2026-05-21,published,enrich_o4_guide_articles.py で 2026-05-21 品質更新（スラッグ別本文・FAQ）。,用語集の使い方,指定数量・倍数の演習では、用語解説は演習で出た語を起点に開き、定義→試験ポイント→関連用語の順で読むと効率が良いです。制度・数値の最終確認は消防試験研究センター（危険物取扱者）の最新案内で行い、乙4マスターの実践演習・用語解説で理解を固めてください。,重要度の見方,指定数量・倍数の演習を進めるうえで、出題範囲表の頻出章に対応する用語を優先します。指定数量・石油類区分・消火の適否は早めに押さえます。制度・数値の最終確認は消防試験研究センター（危険物取扱者）の最新案内で行い、乙4マスターの実践演習・用語解説で理解を固めてください。,数字・期限の整理,指定数量・倍数・混合計算は、政令の表を写して自分用の計算シートを作ります。演習では計算問題だけを10問×週2セット入れ、単位ミスを別欄で記録してください。,関連用語で回遊する,指定数量・倍数の演習の実務で押さえるのは、移送／運搬、標識／表示など混同ペアは関連用語で往復読みし、直後に演習で確認します。制度・数値の最終確認は消防試験研究センター（危険物取扱者）の最新案内で行い、乙4マスターの実践演習・用語解説で理解を固めてください。,過去問との往復,まとめると指定数量・倍数の演習では、用語を読んだら同分野の演習を5〜10問解き、選択肢での言い換えに慣れてから次の語へ進みます。制度・数値の最終確認は消防試験研究センター（危険物取扱者）の最新案内で行い、乙4マスターの実践演習・用語解説で理解を固めてください。,,,,,指定数量・倍数の演習は暗記だけで足りますか？,定義と混同語の理解まで含めて確認し、直後に演習で定着させてください。,指定数量・倍数の演習で最初に読む用語は？,演習で誤答した語と、出題範囲表の頻出章に対応する語から優先してください。,past-question-strategy:過去問の使い方;exam-overview:試験概要
rate-and-percentage,用語整理,危険物取扱者試験（乙種第4類）の割合・濃度の問題,危険物取扱者試験（乙種第4類）の割合・濃度の問題。用語解説の活用法を、危険物取扱者試験（乙種第4類）受験者向けに乙4マスターが整理しました。,割合・濃度の問題について、用語解説を使った知識の整理方法です。,35,用語集;知識整理,乙4マスター編集部,危険物取扱者試験（乙種第4類）向けの学習コンテンツ（演習・用語・試験ガイド）を整理する編集チーム,公式情報確認担当,消防試験研究センター・消防庁の公開情報と照合し、サイト内リンクの整合を確認,2026-05-21,消防試験研究センター 危険物取扱者（公式）|https://www.shoubo-shiken.or.jp/kikenbutsu/;消防庁（公式）|https://www.fdma.go.jp/,rate-and-percentage — populate_o4_guide_articles.py で生成,「割合・濃度の問題」を理解し、乙4マスターの演習・用語・関連ガイドへ進みたい。,演習で出た語を用語解説で確認する;数字・期限を一覧化する;関連用語を5語セットで読む,試験要項・消防法改正・出題範囲の更新時に本文と参照元を見直します。,2026-05-21,2026-06-20,2026-05-21,published,enrich_o4_guide_articles.py で 2026-05-21 品質更新（スラッグ別本文・FAQ）。,用語集の使い方,割合・濃度の問題では、用語解説は演習で出た語を起点に開き、定義→試験ポイント→関連用語の順で読むと効率が良いです。制度・数値の最終確認は消防試験研究センター（危険物取扱者）の最新案内で行い、乙4マスターの実践演習・用語解説で理解を固めてください。,重要度の見方,割合・濃度の問題を進めるうえで、出題範囲表の頻出章に対応する用語を優先します。指定数量・石油類区分・消火の適否は早めに押さえます。制度・数値の最終確認は消防試験研究センター（危険物取扱者）の最新案内で行い、乙4マスターの実践演習・用語解説で理解を固めてください。,数字・期限の整理,ここでは割合・濃度の問題について、数字・期限は一覧表にまとめ、出典（政令・規則）を1語メモします。「誰が・いつまでに・何を」型で整理します。制度・数値の最終確認は消防試験研究センター（危険物取扱者）の最新案内で行い、乙4マスターの実践演習・用語解説で理解を固めてください。,関連用語で回遊する,割合・濃度の問題の実務で押さえるのは、移送／運搬、標識／表示など混同ペアは関連用語で往復読みし、直後に演習で確認します。制度・数値の最終確認は消防試験研究センター（危険物取扱者）の最新案内で行い、乙4マスターの実践演習・用語解説で理解を固めてください。,過去問との往復,まとめると割合・濃度の問題では、用語を読んだら同分野の演習を5〜10問解き、選択肢での言い換えに慣れてから次の語へ進みます。制度・数値の最終確認は消防試験研究センター（危険物取扱者）の最新案内で行い、乙4マスターの実践演習・用語解説で理解を固めてください。,,,,,割合・濃度の問題は暗記だけで足りますか？,定義と混同語の理解まで含めて確認し、直後に演習で定着させてください。,割合・濃度の問題で最初に読む用語は？,演習で誤答した語と、出題範囲表の頻出章に対応する語から優先してください。,past-question-strategy:過去問の使い方;exam-overview:試験概要
numeric-trap-choices,用語整理,危険物取扱者試験（乙種第4類）の数値ひっかけ選択肢,危険物取扱者試験（乙種第4類）の数値ひっかけ選択肢。用語解説の活用法を、危険物取扱者試験（乙種第4類）受験者向けに乙4マスターが整理しました。,数値ひっかけ選択肢について、用語解説を使った知識の整理方法です。,35,用語集;知識整理,乙4マスター編集部,危険物取扱者試験（乙種第4類）向けの学習コンテンツ（演習・用語・試験ガイド）を整理する編集チーム,公式情報確認担当,消防試験研究センター・消防庁の公開情報と照合し、サイト内リンクの整合を確認,2026-05-21,消防試験研究センター 危険物取扱者（公式）|https://www.shoubo-shiken.or.jp/kikenbutsu/;消防庁（公式）|https://www.fdma.go.jp/,numeric-trap-choices — populate_o4_guide_articles.py で生成,「数値ひっかけ選択肢」を理解し、乙4マスターの演習・用語・関連ガイドへ進みたい。,演習で出た語を用語解説で確認する;数字・期限を一覧化する;関連用語を5語セットで読む,試験要項・消防法改正・出題範囲の更新時に本文と参照元を見直します。,2026-05-21,2026-06-20,2026-05-21,published,enrich_o4_guide_articles.py で 2026-05-21 品質更新（スラッグ別本文・FAQ）。,用語集の使い方,数値ひっかけ選択肢では、用語解説は演習で出た語を起点に開き、定義→試験ポイント→関連用語の順で読むと効率が良いです。制度・数値の最終確認は消防試験研究センター（危険物取扱者）の最新案内で行い、乙4マスターの実践演習・用語解説で理解を固めてください。,重要度の見方,数値ひっかけ選択肢を進めるうえで、出題範囲表の頻出章に対応する用語を優先します。指定数量・石油類区分・消火の適否は早めに押さえます。制度・数値の最終確認は消防試験研究センター（危険物取扱者）の最新案内で行い、乙4マスターの実践演習・用語解説で理解を固めてください。,数字・期限の整理,ここでは数値ひっかけ選択肢について、数字・期限は一覧表にまとめ、出典（政令・規則）を1語メモします。「誰が・いつまでに・何を」型で整理します。制度・数値の最終確認は消防試験研究センター（危険物取扱者）の最新案内で行い、乙4マスターの実践演習・用語解説で理解を固めてください。,関連用語で回遊する,数値ひっかけ選択肢の実務で押さえるのは、移送／運搬、標識／表示など混同ペアは関連用語で往復読みし、直後に演習で確認します。制度・数値の最終確認は消防試験研究センター（危険物取扱者）の最新案内で行い、乙4マスターの実践演習・用語解説で理解を固めてください。,過去問との往復,まとめると数値ひっかけ選択肢では、用語を読んだら同分野の演習を5〜10問解き、選択肢での言い換えに慣れてから次の語へ進みます。制度・数値の最終確認は消防試験研究センター（危険物取扱者）の最新案内で行い、乙4マスターの実践演習・用語解説で理解を固めてください。,,,,,数値ひっかけ選択肢は暗記だけで足りますか？,定義と混同語の理解まで含めて確認し、直後に演習で定着させてください。,数値ひっかけ選択肢で最初に読む用語は？,演習で誤答した語と、出題範囲表の頻出章に対応する語から優先してください。,past-question-strategy:過去問の使い方;exam-overview:試験概要
review-cycle-spaced,復習・苦手克服,危険物取扱者試験（乙種第4類）の間隔復習,危険物取扱者試験（乙種第4類）の間隔復習。復習サイクルと誤答管理を、危険物取扱者試験（乙種第4類）受験者向けに乙4マスターが整理しました。,間隔復習について、復習の仕組みと苦手の立て直し方です。,36,復習;苦手克服,乙4マスター編集部,危険物取扱者試験（乙種第4類）向けの学習コンテンツ（演習・用語・試験ガイド）を整理する編集チーム,公式情報確認担当,消防試験研究センター・消防庁の公開情報と照合し、サイト内リンクの整合を確認,2026-05-21,消防試験研究センター 危険物取扱者（公式）|https://www.shoubo-shiken.or.jp/kikenbutsu/;消防庁（公式）|https://www.fdma.go.jp/,review-cycle-spaced — populate_o4_guide_articles.py で生成,「間隔復習」を理解し、乙4マスターの演習・用語・関連ガイドへ進みたい。,公式情報を確認する;演習で現在地を把握する;用語解説で弱点を補う,試験要項・消防法改正・出題範囲の更新時に本文と参照元を見直します。,2026-05-21,2026-06-20,2026-05-21,published,enrich_o4_guide_articles.py で 2026-05-21 品質更新（スラッグ別本文・FAQ）。,復習サイクルの作り方,間隔復習では、演習翌日・週末・試験2週間前の3層で復習日を確保します。新規インプットに押し流されないよう先にカレンダー登録します。制度・数値の最終確認は消防試験研究センター（危険物取扱者）の最新案内で行い、乙4マスターの実践演習・用語解説で理解を固めてください。,間違いの分類,間隔復習を進めるうえで、間違いノートには正解だけでなく、誤選択肢が魅力的だった理由を1行書きます。制度・数値の最終確認は消防試験研究センター（危険物取扱者）の最新案内で行い、乙4マスターの実践演習・用語解説で理解を固めてください。,苦手分野の優先順位,ここでは間隔復習について、3分野の正答率を比較し、最低分野に週の40%を割り当てます。60%超えたら配分を見直します。制度・数値の最終確認は消防試験研究センター（危険物取扱者）の最新案内で行い、乙4マスターの実践演習・用語解説で理解を固めてください。,偶然正解の見直し,間隔復習の実務で押さえるのは、説明できない正答は「要復習」に分類し、用語解説で一言要約できるまで戻ります。制度・数値の最終確認は消防試験研究センター（危険物取扱者）の最新案内で行い、乙4マスターの実践演習・用語解説で理解を固めてください。,直前までの維持,まとめると間隔復習では、直前は新規分野を開かず、誤答・数字・混同語を毎日15分見る運用が有効です。制度・数値の最終確認は消防試験研究センター（危険物取扱者）の最新案内で行い、乙4マスターの実践演習・用語解説で理解を固めてください。,,,,,間隔復習の復習は何回必要ですか？,間隔を空けた反復が有効です。翌日・数日後・直前の3層を目安にしてください。,間隔復習のノートはどう書きますか？,誤選択肢が魅力的だった理由を1行残せれば十分です。,past-question-strategy:過去問の使い方;study-plan:学習計画
mistake-notebook,復習・苦手克服,危険物取扱者試験（乙種第4類）の間違いノート,危険物取扱者試験（乙種第4類）の間違いノート。復習サイクルと誤答管理を、危険物取扱者試験（乙種第4類）受験者向けに乙4マスターが整理しました。,間違いノートについて、復習の仕組みと苦手の立て直し方です。,36,復習;苦手克服,乙4マスター編集部,危険物取扱者試験（乙種第4類）向けの学習コンテンツ（演習・用語・試験ガイド）を整理する編集チーム,公式情報確認担当,消防試験研究センター・消防庁の公開情報と照合し、サイト内リンクの整合を確認,2026-05-21,消防試験研究センター 危険物取扱者（公式）|https://www.shoubo-shiken.or.jp/kikenbutsu/;消防庁（公式）|https://www.fdma.go.jp/,mistake-notebook — populate_o4_guide_articles.py で生成,「間違いノート」を理解し、乙4マスターの演習・用語・関連ガイドへ進みたい。,公式情報を確認する;演習で現在地を把握する;用語解説で弱点を補う,試験要項・消防法改正・出題範囲の更新時に本文と参照元を見直します。,2026-05-21,2026-06-20,2026-05-21,published,enrich_o4_guide_articles.py で 2026-05-21 品質更新（スラッグ別本文・FAQ）。,復習サイクルの作り方,間違いノートでは、演習翌日・週末・試験2週間前の3層で復習日を確保します。新規インプットに押し流されないよう先にカレンダー登録します。制度・数値の最終確認は消防試験研究センター（危険物取扱者）の最新案内で行い、乙4マスターの実践演習・用語解説で理解を固めてください。,間違いの分類,間違いノートを進めるうえで、間違いノートには正解だけでなく、誤選択肢が魅力的だった理由を1行書きます。制度・数値の最終確認は消防試験研究センター（危険物取扱者）の最新案内で行い、乙4マスターの実践演習・用語解説で理解を固めてください。,苦手分野の優先順位,ここでは間違いノートについて、3分野の正答率を比較し、最低分野に週の40%を割り当てます。60%超えたら配分を見直します。制度・数値の最終確認は消防試験研究センター（危険物取扱者）の最新案内で行い、乙4マスターの実践演習・用語解説で理解を固めてください。,偶然正解の見直し,間違いノートの実務で押さえるのは、説明できない正答は「要復習」に分類し、用語解説で一言要約できるまで戻ります。制度・数値の最終確認は消防試験研究センター（危険物取扱者）の最新案内で行い、乙4マスターの実践演習・用語解説で理解を固めてください。,直前までの維持,まとめると間違いノートでは、直前は新規分野を開かず、誤答・数字・混同語を毎日15分見る運用が有効です。制度・数値の最終確認は消防試験研究センター（危険物取扱者）の最新案内で行い、乙4マスターの実践演習・用語解説で理解を固めてください。,,,,,間違いノートの復習は何回必要ですか？,間隔を空けた反復が有効です。翌日・数日後・直前の3層を目安にしてください。,間違いノートのノートはどう書きますか？,誤選択肢が魅力的だった理由を1行残せれば十分です。,past-question-strategy:過去問の使い方;study-plan:学習計画
weak-field-recovery,復習・苦手克服,危険物取扱者試験（乙種第4類）の苦手分野の立て直し,危険物取扱者試験（乙種第4類）の苦手分野の立て直し。復習サイクルと誤答管理を、危険物取扱者試験（乙種第4類）受験者向けに乙4マスターが整理しました。,分野別正答率から苦手を特定し、1分野に集中して立て直す手順です。,36,復習;苦手克服,乙4マスター編集部,危険物取扱者試験（乙種第4類）向けの学習コンテンツ（演習・用語・試験ガイド）を整理する編集チーム,公式情報確認担当,消防試験研究センター・消防庁の公開情報と照合し、サイト内リンクの整合を確認,2026-05-21,消防試験研究センター 危険物取扱者（公式）|https://www.shoubo-shiken.or.jp/kikenbutsu/;消防庁（公式）|https://www.fdma.go.jp/,weak-field-recovery — populate_o4_guide_articles.py で生成,「苦手分野の立て直し」を理解し、乙4マスターの演習・用語・関連ガイドへ進みたい。,公式情報を確認する;演習で現在地を把握する;用語解説で弱点を補う,試験要項・消防法改正・出題範囲の更新時に本文と参照元を見直します。,2026-05-21,2026-06-20,2026-05-21,published,enrich_o4_guide_articles.py で 2026-05-21 品質更新（スラッグ別本文・FAQ）。,復習サイクルの作り方,苦手分野の立て直しでは、演習翌日・週末・試験2週間前の3層で復習日を確保します。新規インプットに押し流されないよう先にカレンダー登録します。制度・数値の最終確認は消防試験研究センター（危険物取扱者）の最新案内で行い、乙4マスターの実践演習・用語解説で理解を固めてください。,間違いの分類,苦手分野の立て直しを進めるうえで、間違いノートには正解だけでなく、誤選択肢が魅力的だった理由を1行書きます。制度・数値の最終確認は消防試験研究センター（危険物取扱者）の最新案内で行い、乙4マスターの実践演習・用語解説で理解を固めてください。,苦手分野の優先順位,ここでは苦手分野の立て直しについて、3分野の正答率を比較し、最低分野に週の40%を割り当てます。60%超えたら配分を見直します。制度・数値の最終確認は消防試験研究センター（危険物取扱者）の最新案内で行い、乙4マスターの実践演習・用語解説で理解を固めてください。,偶然正解の見直し,苦手分野の立て直しの実務で押さえるのは、説明できない正答は「要復習」に分類し、用語解説で一言要約できるまで戻ります。制度・数値の最終確認は消防試験研究センター（危険物取扱者）の最新案内で行い、乙4マスターの実践演習・用語解説で理解を固めてください。,直前までの維持,まとめると苦手分野の立て直しでは、直前は新規分野を開かず、誤答・数字・混同語を毎日15分見る運用が有効です。制度・数値の最終確認は消防試験研究センター（危険物取扱者）の最新案内で行い、乙4マスターの実践演習・用語解説で理解を固めてください。,,,,,苦手分野の立て直しの復習は何回必要ですか？,間隔を空けた反復が有効です。翌日・数日後・直前の3層を目安にしてください。,苦手分野の立て直しのノートはどう書きますか？,誤選択肢が魅力的だった理由を1行残せれば十分です。,past-question-strategy:過去問の使い方;study-plan:学習計画
note-taking-method,復習・苦手克服,危険物取扱者試験（乙種第4類）の学習メモの取り方,危険物取扱者試験（乙種第4類）の学習メモの取り方。復習サイクルと誤答管理を、危険物取扱者試験（乙種第4類）受験者向けに乙4マスターが整理しました。,学習メモの取り方について、復習の仕組みと苦手の立て直し方です。,36,復習;苦手克服,乙4マスター編集部,危険物取扱者試験（乙種第4類）向けの学習コンテンツ（演習・用語・試験ガイド）を整理する編集チーム,公式情報確認担当,消防試験研究センター・消防庁の公開情報と照合し、サイト内リンクの整合を確認,2026-05-21,消防試験研究センター 危険物取扱者（公式）|https://www.shoubo-shiken.or.jp/kikenbutsu/;消防庁（公式）|https://www.fdma.go.jp/,note-taking-method — populate_o4_guide_articles.py で生成,「学習メモの取り方」を理解し、乙4マスターの演習・用語・関連ガイドへ進みたい。,公式情報を確認する;演習で現在地を把握する;用語解説で弱点を補う,試験要項・消防法改正・出題範囲の更新時に本文と参照元を見直します。,2026-05-21,2026-06-20,2026-05-21,published,enrich_o4_guide_articles.py で 2026-05-21 品質更新（スラッグ別本文・FAQ）。,復習サイクルの作り方,学習メモの取り方では、演習翌日・週末・試験2週間前の3層で復習日を確保します。新規インプットに押し流されないよう先にカレンダー登録します。制度・数値の最終確認は消防試験研究センター（危険物取扱者）の最新案内で行い、乙4マスターの実践演習・用語解説で理解を固めてください。,間違いの分類,学習メモの取り方を進めるうえで、間違いノートには正解だけでなく、誤選択肢が魅力的だった理由を1行書きます。制度・数値の最終確認は消防試験研究センター（危険物取扱者）の最新案内で行い、乙4マスターの実践演習・用語解説で理解を固めてください。,苦手分野の優先順位,ここでは学習メモの取り方について、3分野の正答率を比較し、最低分野に週の40%を割り当てます。60%超えたら配分を見直します。制度・数値の最終確認は消防試験研究センター（危険物取扱者）の最新案内で行い、乙4マスターの実践演習・用語解説で理解を固めてください。,偶然正解の見直し,学習メモの取り方の実務で押さえるのは、説明できない正答は「要復習」に分類し、用語解説で一言要約できるまで戻ります。制度・数値の最終確認は消防試験研究センター（危険物取扱者）の最新案内で行い、乙4マスターの実践演習・用語解説で理解を固めてください。,直前までの維持,まとめると学習メモの取り方では、直前は新規分野を開かず、誤答・数字・混同語を毎日15分見る運用が有効です。制度・数値の最終確認は消防試験研究センター（危険物取扱者）の最新案内で行い、乙4マスターの実践演習・用語解説で理解を固めてください。,,,,,学習メモの取り方の復習は何回必要ですか？,間隔を空けた反復が有効です。翌日・数日後・直前の3層を目安にしてください。,学習メモの取り方のノートはどう書きますか？,誤選択肢が魅力的だった理由を1行残せれば十分です。,past-question-strategy:過去問の使い方;study-plan:学習計画
almost-correct-review,復習・苦手克服,危険物取扱者試験（乙種第4類）の「なんとなく正解」の見直し,危険物取扱者試験（乙種第4類）の「なんとなく正解」の見直し。復習サイクルと誤答管理を、危険物取扱者試験（乙種第4類）受験者向けに乙4マスターが整理しました。,「なんとなく正解」の見直しについて、復習の仕組みと苦手の立て直し方です。,36,復習;苦手克服,乙4マスター編集部,危険物取扱者試験（乙種第4類）向けの学習コンテンツ（演習・用語・試験ガイド）を整理する編集チーム,公式情報確認担当,消防試験研究センター・消防庁の公開情報と照合し、サイト内リンクの整合を確認,2026-05-21,消防試験研究センター 危険物取扱者（公式）|https://www.shoubo-shiken.or.jp/kikenbutsu/;消防庁（公式）|https://www.fdma.go.jp/,almost-correct-review — populate_o4_guide_articles.py で生成,「「なんとなく正解」の見直し」を理解し、乙4マスターの演習・用語・関連ガイドへ進みたい。,公式情報を確認する;演習で現在地を把握する;用語解説で弱点を補う,試験要項・消防法改正・出題範囲の更新時に本文と参照元を見直します。,2026-05-21,2026-06-20,2026-05-21,published,enrich_o4_guide_articles.py で 2026-05-21 品質更新（スラッグ別本文・FAQ）。,復習サイクルの作り方,「なんとなく正解」の見直しでは、演習翌日・週末・試験2週間前の3層で復習日を確保します。新規インプットに押し流されないよう先にカレンダー登録します。,間違いの分類,「なんとなく正解」の見直しを進めるうえで、間違いノートには正解だけでなく、誤選択肢が魅力的だった理由を1行書きます。制度・数値の最終確認は消防試験研究センター（危険物取扱者）の最新案内で行い、乙4マスターの実践演習・用語解説で理解を固めてください。,苦手分野の優先順位,ここでは「なんとなく正解」の見直しについて、3分野の正答率を比較し、最低分野に週の40%を割り当てます。60%超えたら配分を見直します。制度・数値の最終確認は消防試験研究センター（危険物取扱者）の最新案内で行い、乙4マスターの実践演習・用語解説で理解を固めてください。,偶然正解の見直し,「なんとなく正解」の見直しの実務で押さえるのは、説明できない正答は「要復習」に分類し、用語解説で一言要約できるまで戻ります。制度・数値の最終確認は消防試験研究センター（危険物取扱者）の最新案内で行い、乙4マスターの実践演習・用語解説で理解を固めてください。,直前までの維持,まとめると「なんとなく正解」の見直しでは、直前は新規分野を開かず、誤答・数字・混同語を毎日15分見る運用が有効です。制度・数値の最終確認は消防試験研究センター（危険物取扱者）の最新案内で行い、乙4マスターの実践演習・用語解説で理解を固めてください。,,,,,「なんとなく正解」の見直しの復習は何回必要ですか？,間隔を空けた反復が有効です。翌日・数日後・直前の3層を目安にしてください。,「なんとなく正解」の見直しのノートはどう書きますか？,誤選択肢が魅力的だった理由を1行残せれば十分です。,past-question-strategy:過去問の使い方;study-plan:学習計画
plateau-breakthrough,復習・苦手克服,危険物取扱者試験（乙種第4類）学習の伸び悩み対策,危険物取扱者試験（乙種第4類）学習の伸び悩み対策。復習サイクルと誤答管理を、危険物取扱者試験（乙種第4類）受験者向けに乙4マスターが整理しました。,学習の伸び悩み対策について、復習の仕組みと苦手の立て直し方です。,36,復習;苦手克服,乙4マスター編集部,危険物取扱者試験（乙種第4類）向けの学習コンテンツ（演習・用語・試験ガイド）を整理する編集チーム,公式情報確認担当,消防試験研究センター・消防庁の公開情報と照合し、サイト内リンクの整合を確認,2026-05-21,消防試験研究センター 危険物取扱者（公式）|https://www.shoubo-shiken.or.jp/kikenbutsu/;消防庁（公式）|https://www.fdma.go.jp/,plateau-breakthrough — populate_o4_guide_articles.py で生成,「学習の伸び悩み対策」を理解し、乙4マスターの演習・用語・関連ガイドへ進みたい。,公式情報を確認する;演習で現在地を把握する;用語解説で弱点を補う,試験要項・消防法改正・出題範囲の更新時に本文と参照元を見直します。,2026-05-21,2026-06-20,2026-05-21,published,enrich_o4_guide_articles.py で 2026-05-21 品質更新（スラッグ別本文・FAQ）。,復習サイクルの作り方,学習の伸び悩み対策では、演習翌日・週末・試験2週間前の3層で復習日を確保します。新規インプットに押し流されないよう先にカレンダー登録します。制度・数値の最終確認は消防試験研究センター（危険物取扱者）の最新案内で行い、乙4マスターの実践演習・用語解説で理解を固めてください。,間違いの分類,学習の伸び悩み対策を進めるうえで、間違いノートには正解だけでなく、誤選択肢が魅力的だった理由を1行書きます。制度・数値の最終確認は消防試験研究センター（危険物取扱者）の最新案内で行い、乙4マスターの実践演習・用語解説で理解を固めてください。,苦手分野の優先順位,ここでは学習の伸び悩み対策について、3分野の正答率を比較し、最低分野に週の40%を割り当てます。60%超えたら配分を見直します。制度・数値の最終確認は消防試験研究センター（危険物取扱者）の最新案内で行い、乙4マスターの実践演習・用語解説で理解を固めてください。,偶然正解の見直し,学習の伸び悩み対策の実務で押さえるのは、説明できない正答は「要復習」に分類し、用語解説で一言要約できるまで戻ります。制度・数値の最終確認は消防試験研究センター（危険物取扱者）の最新案内で行い、乙4マスターの実践演習・用語解説で理解を固めてください。,直前までの維持,まとめると学習の伸び悩み対策では、直前は新規分野を開かず、誤答・数字・混同語を毎日15分見る運用が有効です。制度・数値の最終確認は消防試験研究センター（危険物取扱者）の最新案内で行い、乙4マスターの実践演習・用語解説で理解を固めてください。,,,,,学習の伸び悩み対策の復習は何回必要ですか？,間隔を空けた反復が有効です。翌日・数日後・直前の3層を目安にしてください。,学習の伸び悩み対策のノートはどう書きますか？,誤選択肢が魅力的だった理由を1行残せれば十分です。,past-question-strategy:過去問の使い方;study-plan:学習計画
final-week-prep,直前・当日,危険物取扱者試験（乙種第4類）直前1週間の対策,危険物取扱者試験（乙種第4類）直前1週間の対策。直前・当日のチェックを、危険物取扱者試験（乙種第4類）受験者向けに乙4マスターが整理しました。,直前1週間の対策について、直前の絞り込みと当日の流れを整理します。,70,直前対策;試験当日,乙4マスター編集部,危険物取扱者試験（乙種第4類）向けの学習コンテンツ（演習・用語・試験ガイド）を整理する編集チーム,公式情報確認担当,消防試験研究センター・消防庁の公開情報と照合し、サイト内リンクの整合を確認,2026-05-21,消防試験研究センター 危険物取扱者（公式）|https://www.shoubo-shiken.or.jp/kikenbutsu/;消防庁（公式）|https://www.fdma.go.jp/,final-week-prep — populate_o4_guide_articles.py で生成,「直前1週間の対策」を理解し、乙4マスターの演習・用語・関連ガイドへ進みたい。,公式情報を確認する;演習で現在地を把握する;用語解説で弱点を補う,試験要項・消防法改正・出題範囲の更新時に本文と参照元を見直します。,2026-05-21,2026-06-20,2026-05-21,published,enrich_o4_guide_articles.py で 2026-05-21 品質更新（スラッグ別本文・FAQ）。,直前1〜2週間の絞り込み,直前1週間の対策では、直前1〜2週間は範囲拡大禁止。誤答・数字・届出・持ち物に絞り、模擬は時間配分確認の1回だけ行います。制度・数値の最終確認は消防試験研究センター（危険物取扱者）の最新案内で行い、乙4マスターの実践演習・用語解説で理解を固めてください。,最終確認リスト,直前1週間の対策を進めるうえで、受験票・身分証・筆記用具・会場・体調を前日にバッグへ。会場住所と交通の最終確認も書き添えます。制度・数値の最終確認は消防試験研究センター（危険物取扱者）の最新案内で行い、乙4マスターの実践演習・用語解説で理解を固めてください。,当日のタイムライン,ここでは直前1週間の対策について、到着は開始30分前目安。当日朝は新しい知識を読まず、誤答ノートの軽い確認だけに留めます。制度・数値の最終確認は消防試験研究センター（危険物取扱者）の最新案内で行い、乙4マスターの実践演習・用語解説で理解を固めてください。,持ち物と時間配分,直前1週間の対策の実務で押さえるのは、マークシート記入は事前練習済みに。難問は飛ばして後で戻る判断を普段から訓練します。制度・数値の最終確認は消防試験研究センター（危険物取扱者）の最新案内で行い、乙4マスターの実践演習・用語解説で理解を固めてください。,メンタル・トラブル対応,まとめると直前1週間の対策では、トラブル時の連絡先をメモし、試験中のミスは次の問題で取り返す前提で切り替えます。制度・数値の最終確認は消防試験研究センター（危険物取扱者）の最新案内で行い、乙4マスターの実践演習・用語解説で理解を固めてください。,,,,,直前1週間の対策直前に新しい参考書を増やしてよいですか？,基本は絞り込み優先。追加する場合も範囲を限定してください。,直前1週間の対策当日に持ち物で確認することは？,受験票・身分証・筆記用具・会場・時間です。公式案内を再確認してください。,past-question-strategy:過去問の使い方;glossary-how-to:用語整理
final-day-checklist,直前・当日,危険物取扱者試験（乙種第4類）前日チェックリスト,危険物取扱者試験（乙種第4類）前日チェックリスト。直前・当日のチェックを、危険物取扱者試験（乙種第4類）受験者向けに乙4マスターが整理しました。,前日チェックリストについて、直前の絞り込みと当日の流れを整理します。,70,直前対策;試験当日,乙4マスター編集部,危険物取扱者試験（乙種第4類）向けの学習コンテンツ（演習・用語・試験ガイド）を整理する編集チーム,公式情報確認担当,消防試験研究センター・消防庁の公開情報と照合し、サイト内リンクの整合を確認,2026-05-21,消防試験研究センター 危険物取扱者（公式）|https://www.shoubo-shiken.or.jp/kikenbutsu/;消防庁（公式）|https://www.fdma.go.jp/,final-day-checklist — populate_o4_guide_articles.py で生成,「前日チェックリスト」を理解し、乙4マスターの演習・用語・関連ガイドへ進みたい。,公式情報を確認する;演習で現在地を把握する;用語解説で弱点を補う,試験要項・消防法改正・出題範囲の更新時に本文と参照元を見直します。,2026-05-21,2026-06-20,2026-05-21,published,enrich_o4_guide_articles.py で 2026-05-21 品質更新（スラッグ別本文・FAQ）。,直前1〜2週間の絞り込み,前日チェックリストでは、直前1〜2週間は範囲拡大禁止。誤答・数字・届出・持ち物に絞り、模擬は時間配分確認の1回だけ行います。制度・数値の最終確認は消防試験研究センター（危険物取扱者）の最新案内で行い、乙4マスターの実践演習・用語解説で理解を固めてください。,最終確認リスト,前日チェックリストを進めるうえで、受験票・身分証・筆記用具・会場・体調を前日にバッグへ。会場住所と交通の最終確認も書き添えます。制度・数値の最終確認は消防試験研究センター（危険物取扱者）の最新案内で行い、乙4マスターの実践演習・用語解説で理解を固めてください。,当日のタイムライン,ここでは前日チェックリストについて、到着は開始30分前目安。当日朝は新しい知識を読まず、誤答ノートの軽い確認だけに留めます。制度・数値の最終確認は消防試験研究センター（危険物取扱者）の最新案内で行い、乙4マスターの実践演習・用語解説で理解を固めてください。,持ち物と時間配分,前日チェックリストの実務で押さえるのは、マークシート記入は事前練習済みに。難問は飛ばして後で戻る判断を普段から訓練します。制度・数値の最終確認は消防試験研究センター（危険物取扱者）の最新案内で行い、乙4マスターの実践演習・用語解説で理解を固めてください。,メンタル・トラブル対応,まとめると前日チェックリストでは、トラブル時の連絡先をメモし、試験中のミスは次の問題で取り返す前提で切り替えます。制度・数値の最終確認は消防試験研究センター（危険物取扱者）の最新案内で行い、乙4マスターの実践演習・用語解説で理解を固めてください。,,,,,前日チェックリスト直前に新しい参考書を増やしてよいですか？,基本は絞り込み優先。追加する場合も範囲を限定してください。,前日チェックリスト当日に持ち物で確認することは？,受験票・身分証・筆記用具・会場・時間です。公式案内を再確認してください。,past-question-strategy:過去問の使い方;glossary-how-to:用語整理
final-scope-narrowing,直前・当日,危険物取扱者試験（乙種第4類）直前の範囲の絞り方,危険物取扱者試験（乙種第4類）直前の範囲の絞り方。直前・当日のチェックを、危険物取扱者試験（乙種第4類）受験者向けに乙4マスターが整理しました。,直前の範囲の絞り方について、直前の絞り込みと当日の流れを整理します。,70,直前対策;試験当日,乙4マスター編集部,危険物取扱者試験（乙種第4類）向けの学習コンテンツ（演習・用語・試験ガイド）を整理する編集チーム,公式情報確認担当,消防試験研究センター・消防庁の公開情報と照合し、サイト内リンクの整合を確認,2026-05-21,消防試験研究センター 危険物取扱者（公式）|https://www.shoubo-shiken.or.jp/kikenbutsu/;消防庁（公式）|https://www.fdma.go.jp/,final-scope-narrowing — populate_o4_guide_articles.py で生成,「直前の範囲の絞り方」を理解し、乙4マスターの演習・用語・関連ガイドへ進みたい。,公式情報を確認する;演習で現在地を把握する;用語解説で弱点を補う,試験要項・消防法改正・出題範囲の更新時に本文と参照元を見直します。,2026-05-21,2026-06-20,2026-05-21,published,enrich_o4_guide_articles.py で 2026-05-21 品質更新（スラッグ別本文・FAQ）。,直前1〜2週間の絞り込み,直前の範囲の絞り方では、直前1〜2週間は範囲拡大禁止。誤答・数字・届出・持ち物に絞り、模擬は時間配分確認の1回だけ行います。制度・数値の最終確認は消防試験研究センター（危険物取扱者）の最新案内で行い、乙4マスターの実践演習・用語解説で理解を固めてください。,最終確認リスト,直前の範囲の絞り方を進めるうえで、受験票・身分証・筆記用具・会場・体調を前日にバッグへ。会場住所と交通の最終確認も書き添えます。制度・数値の最終確認は消防試験研究センター（危険物取扱者）の最新案内で行い、乙4マスターの実践演習・用語解説で理解を固めてください。,当日のタイムライン,ここでは直前の範囲の絞り方について、到着は開始30分前目安。当日朝は新しい知識を読まず、誤答ノートの軽い確認だけに留めます。制度・数値の最終確認は消防試験研究センター（危険物取扱者）の最新案内で行い、乙4マスターの実践演習・用語解説で理解を固めてください。,持ち物と時間配分,直前の範囲の絞り方の実務で押さえるのは、マークシート記入は事前練習済みに。難問は飛ばして後で戻る判断を普段から訓練します。制度・数値の最終確認は消防試験研究センター（危険物取扱者）の最新案内で行い、乙4マスターの実践演習・用語解説で理解を固めてください。,メンタル・トラブル対応,まとめると直前の範囲の絞り方では、トラブル時の連絡先をメモし、試験中のミスは次の問題で取り返す前提で切り替えます。制度・数値の最終確認は消防試験研究センター（危険物取扱者）の最新案内で行い、乙4マスターの実践演習・用語解説で理解を固めてください。,,,,,直前の範囲の絞り方直前に新しい参考書を増やしてよいですか？,基本は絞り込み優先。追加する場合も範囲を限定してください。,直前の範囲の絞り方当日に持ち物で確認することは？,受験票・身分証・筆記用具・会場・時間です。公式案内を再確認してください。,past-question-strategy:過去問の使い方;glossary-how-to:用語整理
final-sleep-and-health,直前・当日,危険物取扱者試験（乙種第4類）直前の睡眠と体調,危険物取扱者試験（乙種第4類）直前の睡眠と体調。直前・当日のチェックを、危険物取扱者試験（乙種第4類）受験者向けに乙4マスターが整理しました。,直前の睡眠と体調について、直前の絞り込みと当日の流れを整理します。,70,直前対策;試験当日,乙4マスター編集部,危険物取扱者試験（乙種第4類）向けの学習コンテンツ（演習・用語・試験ガイド）を整理する編集チーム,公式情報確認担当,消防試験研究センター・消防庁の公開情報と照合し、サイト内リンクの整合を確認,2026-05-21,消防試験研究センター 危険物取扱者（公式）|https://www.shoubo-shiken.or.jp/kikenbutsu/;消防庁（公式）|https://www.fdma.go.jp/,final-sleep-and-health — populate_o4_guide_articles.py で生成,「直前の睡眠と体調」を理解し、乙4マスターの演習・用語・関連ガイドへ進みたい。,公式情報を確認する;演習で現在地を把握する;用語解説で弱点を補う,試験要項・消防法改正・出題範囲の更新時に本文と参照元を見直します。,2026-05-21,2026-06-20,2026-05-21,published,enrich_o4_guide_articles.py で 2026-05-21 品質更新（スラッグ別本文・FAQ）。,直前1〜2週間の絞り込み,直前の睡眠と体調では、直前1〜2週間は範囲拡大禁止。誤答・数字・届出・持ち物に絞り、模擬は時間配分確認の1回だけ行います。制度・数値の最終確認は消防試験研究センター（危険物取扱者）の最新案内で行い、乙4マスターの実践演習・用語解説で理解を固めてください。,最終確認リスト,直前の睡眠と体調を進めるうえで、受験票・身分証・筆記用具・会場・体調を前日にバッグへ。会場住所と交通の最終確認も書き添えます。制度・数値の最終確認は消防試験研究センター（危険物取扱者）の最新案内で行い、乙4マスターの実践演習・用語解説で理解を固めてください。,当日のタイムライン,ここでは直前の睡眠と体調について、到着は開始30分前目安。当日朝は新しい知識を読まず、誤答ノートの軽い確認だけに留めます。制度・数値の最終確認は消防試験研究センター（危険物取扱者）の最新案内で行い、乙4マスターの実践演習・用語解説で理解を固めてください。,持ち物と時間配分,直前の睡眠と体調の実務で押さえるのは、マークシート記入は事前練習済みに。難問は飛ばして後で戻る判断を普段から訓練します。制度・数値の最終確認は消防試験研究センター（危険物取扱者）の最新案内で行い、乙4マスターの実践演習・用語解説で理解を固めてください。,メンタル・トラブル対応,まとめると直前の睡眠と体調では、トラブル時の連絡先をメモし、試験中のミスは次の問題で取り返す前提で切り替えます。制度・数値の最終確認は消防試験研究センター（危険物取扱者）の最新案内で行い、乙4マスターの実践演習・用語解説で理解を固めてください。,,,,,直前の睡眠と体調直前に新しい参考書を増やしてよいですか？,基本は絞り込み優先。追加する場合も範囲を限定してください。,直前の睡眠と体調当日に持ち物で確認することは？,受験票・身分証・筆記用具・会場・時間です。公式案内を再確認してください。,past-question-strategy:過去問の使い方;glossary-how-to:用語整理
final-mock-last-run,直前・当日,危険物取扱者試験（乙種第4類）直前の最終演習,危険物取扱者試験（乙種第4類）直前の最終演習。直前・当日のチェックを、危険物取扱者試験（乙種第4類）受験者向けに乙4マスターが整理しました。,直前の最終演習について、直前の絞り込みと当日の流れを整理します。,70,直前対策;試験当日,乙4マスター編集部,危険物取扱者試験（乙種第4類）向けの学習コンテンツ（演習・用語・試験ガイド）を整理する編集チーム,公式情報確認担当,消防試験研究センター・消防庁の公開情報と照合し、サイト内リンクの整合を確認,2026-05-21,消防試験研究センター 危険物取扱者（公式）|https://www.shoubo-shiken.or.jp/kikenbutsu/;消防庁（公式）|https://www.fdma.go.jp/,final-mock-last-run — populate_o4_guide_articles.py で生成,「直前の最終演習」を理解し、乙4マスターの演習・用語・関連ガイドへ進みたい。,公式情報を確認する;演習で現在地を把握する;用語解説で弱点を補う,試験要項・消防法改正・出題範囲の更新時に本文と参照元を見直します。,2026-05-21,2026-06-20,2026-05-21,published,enrich_o4_guide_articles.py で 2026-05-21 品質更新（スラッグ別本文・FAQ）。,直前1〜2週間の絞り込み,直前の最終演習では、直前1〜2週間は範囲拡大禁止。誤答・数字・届出・持ち物に絞り、模擬は時間配分確認の1回だけ行います。制度・数値の最終確認は消防試験研究センター（危険物取扱者）の最新案内で行い、乙4マスターの実践演習・用語解説で理解を固めてください。,最終確認リスト,直前の最終演習を進めるうえで、受験票・身分証・筆記用具・会場・体調を前日にバッグへ。会場住所と交通の最終確認も書き添えます。制度・数値の最終確認は消防試験研究センター（危険物取扱者）の最新案内で行い、乙4マスターの実践演習・用語解説で理解を固めてください。,当日のタイムライン,ここでは直前の最終演習について、到着は開始30分前目安。当日朝は新しい知識を読まず、誤答ノートの軽い確認だけに留めます。制度・数値の最終確認は消防試験研究センター（危険物取扱者）の最新案内で行い、乙4マスターの実践演習・用語解説で理解を固めてください。,持ち物と時間配分,直前の最終演習の実務で押さえるのは、マークシート記入は事前練習済みに。難問は飛ばして後で戻る判断を普段から訓練します。制度・数値の最終確認は消防試験研究センター（危険物取扱者）の最新案内で行い、乙4マスターの実践演習・用語解説で理解を固めてください。,メンタル・トラブル対応,まとめると直前の最終演習では、トラブル時の連絡先をメモし、試験中のミスは次の問題で取り返す前提で切り替えます。制度・数値の最終確認は消防試験研究センター（危険物取扱者）の最新案内で行い、乙4マスターの実践演習・用語解説で理解を固めてください。,,,,,直前の最終演習直前に新しい参考書を増やしてよいですか？,基本は絞り込み優先。追加する場合も範囲を限定してください。,直前の最終演習当日に持ち物で確認することは？,受験票・身分証・筆記用具・会場・時間です。公式案内を再確認してください。,past-question-strategy:過去問の使い方;glossary-how-to:用語整理
exam-day-items,直前・当日,危険物取扱者試験（乙種第4類）当日の持ち物,危険物取扱者試験（乙種第4類）当日の持ち物。直前・当日のチェックを、危険物取扱者試験（乙種第4類）受験者向けに乙4マスターが整理しました。,当日の持ちについて、直前の絞り込みと当日の流れを整理します。,70,直前対策;試験当日,乙4マスター編集部,危険物取扱者試験（乙種第4類）向けの学習コンテンツ（演習・用語・試験ガイド）を整理する編集チーム,公式情報確認担当,消防試験研究センター・消防庁の公開情報と照合し、サイト内リンクの整合を確認,2026-05-21,消防試験研究センター 危険物取扱者（公式）|https://www.shoubo-shiken.or.jp/kikenbutsu/;消防庁（公式）|https://www.fdma.go.jp/,exam-day-items — populate_o4_guide_articles.py で生成,「当日の持ち物」を理解し、乙4マスターの演習・用語・関連ガイドへ進みたい。,公式情報を確認する;演習で現在地を把握する;用語解説で弱点を補う,試験要項・消防法改正・出題範囲の更新時に本文と参照元を見直します。,2026-05-21,2026-06-20,2026-05-21,published,enrich_o4_guide_articles.py で 2026-05-21 品質更新（スラッグ別本文・FAQ）。,直前1〜2週間の絞り込み,当日の持ちでは、直前1〜2週間は範囲拡大禁止。誤答・数字・届出・持ち物に絞り、模擬は時間配分確認の1回だけ行います。制度・数値の最終確認は消防試験研究センター（危険物取扱者）の最新案内で行い、乙4マスターの実践演習・用語解説で理解を固めてください。,最終確認リスト,当日の持ちを進めるうえで、受験票・身分証・筆記用具・会場・体調を前日にバッグへ。会場住所と交通の最終確認も書き添えます。制度・数値の最終確認は消防試験研究センター（危険物取扱者）の最新案内で行い、乙4マスターの実践演習・用語解説で理解を固めてください。,当日のタイムライン,ここでは当日の持ちについて、到着は開始30分前目安。当日朝は新しい知識を読まず、誤答ノートの軽い確認だけに留めます。制度・数値の最終確認は消防試験研究センター（危険物取扱者）の最新案内で行い、乙4マスターの実践演習・用語解説で理解を固めてください。,持ち物と時間配分,当日の持ちの実務で押さえるのは、マークシート記入は事前練習済みに。難問は飛ばして後で戻る判断を普段から訓練します。制度・数値の最終確認は消防試験研究センター（危険物取扱者）の最新案内で行い、乙4マスターの実践演習・用語解説で理解を固めてください。,メンタル・トラブル対応,まとめると当日の持ちでは、トラブル時の連絡先をメモし、試験中のミスは次の問題で取り返す前提で切り替えます。制度・数値の最終確認は消防試験研究センター（危険物取扱者）の最新案内で行い、乙4マスターの実践演習・用語解説で理解を固めてください。,,,,,当日の持ち直前に新しい参考書を増やしてよいですか？,基本は絞り込み優先。追加する場合も範囲を限定してください。,当日の持ち当日に持ち物で確認することは？,受験票・身分証・筆記用具・会場・時間です。公式案内を再確認してください。,past-question-strategy:過去問の使い方;glossary-how-to:用語整理
exam-day-flow,直前・当日,危険物取扱者試験（乙種第4類）当日の流れ,危険物取扱者試験（乙種第4類）当日の流れ。直前・当日のチェックを、危険物取扱者試験（乙種第4類）受験者向けに乙4マスターが整理しました。,当日の流れについて、直前の絞り込みと当日の流れを整理します。,70,直前対策;試験当日,乙4マスター編集部,危険物取扱者試験（乙種第4類）向けの学習コンテンツ（演習・用語・試験ガイド）を整理する編集チーム,公式情報確認担当,消防試験研究センター・消防庁の公開情報と照合し、サイト内リンクの整合を確認,2026-05-21,消防試験研究センター 危険物取扱者（公式）|https://www.shoubo-shiken.or.jp/kikenbutsu/;消防庁（公式）|https://www.fdma.go.jp/,exam-day-flow — populate_o4_guide_articles.py で生成,「当日の流れ」を理解し、乙4マスターの演習・用語・関連ガイドへ進みたい。,公式情報を確認する;演習で現在地を把握する;用語解説で弱点を補う,試験要項・消防法改正・出題範囲の更新時に本文と参照元を見直します。,2026-05-21,2026-06-20,2026-05-21,published,enrich_o4_guide_articles.py で 2026-05-21 品質更新（スラッグ別本文・FAQ）。,直前1〜2週間の絞り込み,当日の流れでは、直前1〜2週間は範囲拡大禁止。誤答・数字・届出・持ち物に絞り、模擬は時間配分確認の1回だけ行います。制度・数値の最終確認は消防試験研究センター（危険物取扱者）の最新案内で行い、乙4マスターの実践演習・用語解説で理解を固めてください。,最終確認リスト,当日の流れを進めるうえで、受験票・身分証・筆記用具・会場・体調を前日にバッグへ。会場住所と交通の最終確認も書き添えます。制度・数値の最終確認は消防試験研究センター（危険物取扱者）の最新案内で行い、乙4マスターの実践演習・用語解説で理解を固めてください。,当日のタイムライン,ここでは当日の流れについて、到着は開始30分前目安。当日朝は新しい知識を読まず、誤答ノートの軽い確認だけに留めます。制度・数値の最終確認は消防試験研究センター（危険物取扱者）の最新案内で行い、乙4マスターの実践演習・用語解説で理解を固めてください。,持ち物と時間配分,当日の流れの実務で押さえるのは、マークシート記入は事前練習済みに。難問は飛ばして後で戻る判断を普段から訓練します。制度・数値の最終確認は消防試験研究センター（危険物取扱者）の最新案内で行い、乙4マスターの実践演習・用語解説で理解を固めてください。,メンタル・トラブル対応,まとめると当日の流れでは、トラブル時の連絡先をメモし、試験中のミスは次の問題で取り返す前提で切り替えます。制度・数値の最終確認は消防試験研究センター（危険物取扱者）の最新案内で行い、乙4マスターの実践演習・用語解説で理解を固めてください。,,,,,当日の流れ直前に新しい参考書を増やしてよいですか？,基本は絞り込み優先。追加する場合も範囲を限定してください。,当日の流れ当日に持ち物で確認することは？,受験票・身分証・筆記用具・会場・時間です。公式案内を再確認してください。,past-question-strategy:過去問の使い方;glossary-how-to:用語整理
exam-day-time-allocation,直前・当日,危険物取扱者試験（乙種第4類）当日の時間配分,危険物取扱者試験（乙種第4類）当日の時間配分。直前・当日のチェックを、危険物取扱者試験（乙種第4類）受験者向けに乙4マスターが整理しました。,当日の時間配分について、直前の絞り込みと当日の流れを整理します。,70,直前対策;試験当日,乙4マスター編集部,危険物取扱者試験（乙種第4類）向けの学習コンテンツ（演習・用語・試験ガイド）を整理する編集チーム,公式情報確認担当,消防試験研究センター・消防庁の公開情報と照合し、サイト内リンクの整合を確認,2026-05-21,消防試験研究センター 危険物取扱者（公式）|https://www.shoubo-shiken.or.jp/kikenbutsu/;消防庁（公式）|https://www.fdma.go.jp/,exam-day-time-allocation — populate_o4_guide_articles.py で生成,「当日の時間配分」を理解し、乙4マスターの演習・用語・関連ガイドへ進みたい。,公式情報を確認する;演習で現在地を把握する;用語解説で弱点を補う,試験要項・消防法改正・出題範囲の更新時に本文と参照元を見直します。,2026-05-21,2026-06-20,2026-05-21,published,enrich_o4_guide_articles.py で 2026-05-21 品質更新（スラッグ別本文・FAQ）。,直前1〜2週間の絞り込み,当日の時間配分では、直前1〜2週間は範囲拡大禁止。誤答・数字・届出・持ち物に絞り、模擬は時間配分確認の1回だけ行います。制度・数値の最終確認は消防試験研究センター（危険物取扱者）の最新案内で行い、乙4マスターの実践演習・用語解説で理解を固めてください。,最終確認リスト,当日の時間配分を進めるうえで、受験票・身分証・筆記用具・会場・体調を前日にバッグへ。会場住所と交通の最終確認も書き添えます。制度・数値の最終確認は消防試験研究センター（危険物取扱者）の最新案内で行い、乙4マスターの実践演習・用語解説で理解を固めてください。,当日のタイムライン,ここでは当日の時間配分について、到着は開始30分前目安。当日朝は新しい知識を読まず、誤答ノートの軽い確認だけに留めます。制度・数値の最終確認は消防試験研究センター（危険物取扱者）の最新案内で行い、乙4マスターの実践演習・用語解説で理解を固めてください。,持ち物と時間配分,当日の時間配分の実務で押さえるのは、マークシート記入は事前練習済みに。難問は飛ばして後で戻る判断を普段から訓練します。制度・数値の最終確認は消防試験研究センター（危険物取扱者）の最新案内で行い、乙4マスターの実践演習・用語解説で理解を固めてください。,メンタル・トラブル対応,まとめると当日の時間配分では、トラブル時の連絡先をメモし、試験中のミスは次の問題で取り返す前提で切り替えます。制度・数値の最終確認は消防試験研究センター（危険物取扱者）の最新案内で行い、乙4マスターの実践演習・用語解説で理解を固めてください。,,,,,当日の時間配分直前に新しい参考書を増やしてよいですか？,基本は絞り込み優先。追加する場合も範囲を限定してください。,当日の時間配分当日に持ち物で確認することは？,受験票・身分証・筆記用具・会場・時間です。公式案内を再確認してください。,past-question-strategy:過去問の使い方;glossary-how-to:用語整理
mental-prep-exam-day,直前・当日,危険物取扱者試験（乙種第4類）当日のメンタル対策,危険物取扱者試験（乙種第4類）当日のメンタル対策。直前・当日のチェックを、危険物取扱者試験（乙種第4類）受験者向けに乙4マスターが整理しました。,当日のメンタル対策について、直前の絞り込みと当日の流れを整理します。,70,直前対策;試験当日,乙4マスター編集部,危険物取扱者試験（乙種第4類）向けの学習コンテンツ（演習・用語・試験ガイド）を整理する編集チーム,公式情報確認担当,消防試験研究センター・消防庁の公開情報と照合し、サイト内リンクの整合を確認,2026-05-21,消防試験研究センター 危険物取扱者（公式）|https://www.shoubo-shiken.or.jp/kikenbutsu/;消防庁（公式）|https://www.fdma.go.jp/,mental-prep-exam-day — populate_o4_guide_articles.py で生成,「当日のメンタル対策」を理解し、乙4マスターの演習・用語・関連ガイドへ進みたい。,公式情報を確認する;演習で現在地を把握する;用語解説で弱点を補う,試験要項・消防法改正・出題範囲の更新時に本文と参照元を見直します。,2026-05-21,2026-06-20,2026-05-21,published,enrich_o4_guide_articles.py で 2026-05-21 品質更新（スラッグ別本文・FAQ）。,直前1〜2週間の絞り込み,当日のメンタル対策では、直前1〜2週間は範囲拡大禁止。誤答・数字・届出・持ち物に絞り、模擬は時間配分確認の1回だけ行います。制度・数値の最終確認は消防試験研究センター（危険物取扱者）の最新案内で行い、乙4マスターの実践演習・用語解説で理解を固めてください。,最終確認リスト,当日のメンタル対策を進めるうえで、受験票・身分証・筆記用具・会場・体調を前日にバッグへ。会場住所と交通の最終確認も書き添えます。制度・数値の最終確認は消防試験研究センター（危険物取扱者）の最新案内で行い、乙4マスターの実践演習・用語解説で理解を固めてください。,当日のタイムライン,ここでは当日のメンタル対策について、到着は開始30分前目安。当日朝は新しい知識を読まず、誤答ノートの軽い確認だけに留めます。制度・数値の最終確認は消防試験研究センター（危険物取扱者）の最新案内で行い、乙4マスターの実践演習・用語解説で理解を固めてください。,持ち物と時間配分,当日のメンタル対策の実務で押さえるのは、マークシート記入は事前練習済みに。難問は飛ばして後で戻る判断を普段から訓練します。制度・数値の最終確認は消防試験研究センター（危険物取扱者）の最新案内で行い、乙4マスターの実践演習・用語解説で理解を固めてください。,メンタル・トラブル対応,まとめると当日のメンタル対策では、トラブル時の連絡先をメモし、試験中のミスは次の問題で取り返す前提で切り替えます。制度・数値の最終確認は消防試験研究センター（危険物取扱者）の最新案内で行い、乙4マスターの実践演習・用語解説で理解を固めてください。,,,,,当日のメンタル対策直前に新しい参考書を増やしてよいですか？,基本は絞り込み優先。追加する場合も範囲を限定してください。,当日のメンタル対策当日に持ち物で確認することは？,受験票・身分証・筆記用具・会場・時間です。公式案内を再確認してください。,past-question-strategy:過去問の使い方;glossary-how-to:用語整理
exam-day-troubleshooting,直前・当日,危険物取扱者試験（乙種第4類）当日のトラブル対応,危険物取扱者試験（乙種第4類）当日のトラブル対応。直前・当日のチェックを、危険物取扱者試験（乙種第4類）受験者向けに乙4マスターが整理しました。,当日のトラブル対応について、直前の絞り込みと当日の流れを整理します。,70,直前対策;試験当日,乙4マスター編集部,危険物取扱者試験（乙種第4類）向けの学習コンテンツ（演習・用語・試験ガイド）を整理する編集チーム,公式情報確認担当,消防試験研究センター・消防庁の公開情報と照合し、サイト内リンクの整合を確認,2026-05-21,消防試験研究センター 危険物取扱者（公式）|https://www.shoubo-shiken.or.jp/kikenbutsu/;消防庁（公式）|https://www.fdma.go.jp/,exam-day-troubleshooting — populate_o4_guide_articles.py で生成,「当日のトラブル対応」を理解し、乙4マスターの演習・用語・関連ガイドへ進みたい。,公式情報を確認する;演習で現在地を把握する;用語解説で弱点を補う,試験要項・消防法改正・出題範囲の更新時に本文と参照元を見直します。,2026-05-21,2026-06-20,2026-05-21,published,enrich_o4_guide_articles.py で 2026-05-21 品質更新（スラッグ別本文・FAQ）。,直前1〜2週間の絞り込み,当日のトラブル対応では、直前1〜2週間は範囲拡大禁止。誤答・数字・届出・持ち物に絞り、模擬は時間配分確認の1回だけ行います。制度・数値の最終確認は消防試験研究センター（危険物取扱者）の最新案内で行い、乙4マスターの実践演習・用語解説で理解を固めてください。,最終確認リスト,当日のトラブル対応を進めるうえで、受験票・身分証・筆記用具・会場・体調を前日にバッグへ。会場住所と交通の最終確認も書き添えます。制度・数値の最終確認は消防試験研究センター（危険物取扱者）の最新案内で行い、乙4マスターの実践演習・用語解説で理解を固めてください。,当日のタイムライン,ここでは当日のトラブル対応について、到着は開始30分前目安。当日朝は新しい知識を読まず、誤答ノートの軽い確認だけに留めます。制度・数値の最終確認は消防試験研究センター（危険物取扱者）の最新案内で行い、乙4マスターの実践演習・用語解説で理解を固めてください。,持ち物と時間配分,当日のトラブル対応の実務で押さえるのは、マークシート記入は事前練習済みに。難問は飛ばして後で戻る判断を普段から訓練します。制度・数値の最終確認は消防試験研究センター（危険物取扱者）の最新案内で行い、乙4マスターの実践演習・用語解説で理解を固めてください。,メンタル・トラブル対応,まとめると当日のトラブル対応では、トラブル時の連絡先をメモし、試験中のミスは次の問題で取り返す前提で切り替えます。制度・数値の最終確認は消防試験研究センター（危険物取扱者）の最新案内で行い、乙4マスターの実践演習・用語解説で理解を固めてください。,,,,,当日のトラブル対応直前に新しい参考書を増やしてよいですか？,基本は絞り込み優先。追加する場合も範囲を限定してください。,当日のトラブル対応当日に持ち物で確認することは？,受験票・身分証・筆記用具・会場・時間です。公式案内を再確認してください。,past-question-strategy:過去問の使い方;glossary-how-to:用語整理
after-pass-procedure,注意点・更新,危険物取扱者試験（乙種第4類）合格後の手続き,危険物取扱者試験（乙種第4類）合格後の手続き。誤解防止と制度更新を、危険物取扱者試験（乙種第4類）受験者向けに乙4マスターが整理しました。,合格後の手続きについて、よくある誤解と制度更新の追い方です。,12,誤解;制度変更;合格後,乙4マスター編集部,危険物取扱者試験（乙種第4類）向けの学習コンテンツ（演習・用語・試験ガイド）を整理する編集チーム,公式情報確認担当,消防試験研究センター・消防庁の公開情報と照合し、サイト内リンクの整合を確認,2026-05-21,消防試験研究センター 危険物取扱者（公式）|https://www.shoubo-shiken.or.jp/kikenbutsu/;消防庁（公式）|https://www.fdma.go.jp/,after-pass-procedure — populate_o4_guide_articles.py で生成,「合格後の手続き」を理解し、乙4マスターの演習・用語・関連ガイドへ進みたい。,公式情報を確認する;演習で現在地を把握する;用語解説で弱点を補う,試験要項・消防法改正・出題範囲の更新時に本文と参照元を見直します。,2026-05-21,2026-06-20,2026-05-21,published,enrich_o4_guide_articles.py で 2026-05-21 品質更新（スラッグ別本文・FAQ）。,よくある誤解,合格後の手続きでは、体験談だけで判断せず、公式の範囲・合格基準・自分の正答率で意思決定します。制度・数値の最終確認は消防試験研究センター（危険物取扱者）の最新案内で行い、乙4マスターの実践演習・用語解説で理解を固めてください。,制度・出題の改定,合格後の手続きを進めるうえで、消防法・政令改定は出題に反映されます。教材の奥付と範囲表の改定欄を必ず照合します。制度・数値の最終確認は消防試験研究センター（危険物取扱者）の最新案内で行い、乙4マスターの実践演習・用語解説で理解を固めてください。,合格後の手続き,ここでは合格後の手続きについて、合格後は免状交付・講習・届出など案内順に進め、期限付き手続きは発表日にカレンダー登録します。制度・数値の最終確認は消防試験研究センター（危険物取扱者）の最新案内で行い、乙4マスターの実践演習・用語解説で理解を固めてください。,不合格後の立て直し,合格後の手続きの実務で押さえるのは、不合格時は分野別得点差を見て主戦場を1分野に絞り、教材全入れ替えより誤答ログの分析を優先します。制度・数値の最終確認は消防試験研究センター（危険物取扱者）の最新案内で行い、乙4マスターの実践演習・用語解説で理解を固めてください。,公式情報の優先,まとめると合格後の手続きでは、制度・数値・日程は消防試験研究センター（危険物取扱者）と消防庁が優先。当サイトは学習整理用で、最終確認は公式文書で行います。,,,,,合格後の手続きはネット情報だけで判断してよいですか？,参考程度にし、制度・数値は公式情報を優先してください。,合格後の手続きで去年の教材は使えますか？,改定範囲を確認し、古い論点が残っていないか点検してください。,exam-overview:試験概要;self-study-roadmap:独学ロードマップ
pass-announcement-guide,注意点・更新,危険物取扱者試験（乙種第4類）の合格発表の見方,危険物取扱者試験（乙種第4類）の合格発表の見方。誤解防止と制度更新を、危険物取扱者試験（乙種第4類）受験者向けに乙4マスターが整理しました。,合格発表の見方について、よくある誤解と制度更新の追い方です。,12,誤解;制度変更;合格後,乙4マスター編集部,危険物取扱者試験（乙種第4類）向けの学習コンテンツ（演習・用語・試験ガイド）を整理する編集チーム,公式情報確認担当,消防試験研究センター・消防庁の公開情報と照合し、サイト内リンクの整合を確認,2026-05-21,消防試験研究センター 危険物取扱者（公式）|https://www.shoubo-shiken.or.jp/kikenbutsu/;消防庁（公式）|https://www.fdma.go.jp/,pass-announcement-guide — populate_o4_guide_articles.py で生成,「合格発表の見方」を理解し、乙4マスターの演習・用語・関連ガイドへ進みたい。,公式情報を確認する;演習で現在地を把握する;用語解説で弱点を補う,試験要項・消防法改正・出題範囲の更新時に本文と参照元を見直します。,2026-05-21,2026-06-20,2026-05-21,published,enrich_o4_guide_articles.py で 2026-05-21 品質更新（スラッグ別本文・FAQ）。,よくある誤解,合格発表の見方では、体験談だけで判断せず、公式の範囲・合格基準・自分の正答率で意思決定します。制度・数値の最終確認は消防試験研究センター（危険物取扱者）の最新案内で行い、乙4マスターの実践演習・用語解説で理解を固めてください。,制度・出題の改定,合格発表の見方を進めるうえで、消防法・政令改定は出題に反映されます。教材の奥付と範囲表の改定欄を必ず照合します。制度・数値の最終確認は消防試験研究センター（危険物取扱者）の最新案内で行い、乙4マスターの実践演習・用語解説で理解を固めてください。,合格後の手続き,ここでは合格発表の見方について、合格後は免状交付・講習・届出など案内順に進め、期限付き手続きは発表日にカレンダー登録します。制度・数値の最終確認は消防試験研究センター（危険物取扱者）の最新案内で行い、乙4マスターの実践演習・用語解説で理解を固めてください。,不合格後の立て直し,合格発表の見方の実務で押さえるのは、不合格時は分野別得点差を見て主戦場を1分野に絞り、教材全入れ替えより誤答ログの分析を優先します。制度・数値の最終確認は消防試験研究センター（危険物取扱者）の最新案内で行い、乙4マスターの実践演習・用語解説で理解を固めてください。,公式情報の優先,まとめると合格発表の見方では、制度・数値・日程は消防試験研究センター（危険物取扱者）と消防庁が優先。当サイトは学習整理用で、最終確認は公式文書で行います。,,,,,合格発表の見方はネット情報だけで判断してよいですか？,参考程度にし、制度・数値は公式情報を優先してください。,合格発表の見方で去年の教材は使えますか？,改定範囲を確認し、古い論点が残っていないか点検してください。,exam-overview:試験概要;self-study-roadmap:独学ロードマップ
registration-after-pass,注意点・更新,危険物取扱者免状の交付・登録,危険物取扱者免状の交付・登録。誤解防止と制度更新を、危険物取扱者試験（乙種第4類）受験者向けに乙4マスターが整理しました。,免状の交付・登録について、よくある誤解と制度更新の追い方です。,12,誤解;制度変更;合格後,乙4マスター編集部,危険物取扱者試験（乙種第4類）向けの学習コンテンツ（演習・用語・試験ガイド）を整理する編集チーム,公式情報確認担当,消防試験研究センター・消防庁の公開情報と照合し、サイト内リンクの整合を確認,2026-05-21,消防試験研究センター 危険物取扱者（公式）|https://www.shoubo-shiken.or.jp/kikenbutsu/;消防庁（公式）|https://www.fdma.go.jp/,registration-after-pass — populate_o4_guide_articles.py で生成,「危険物取扱者免状の交付・登録」を理解し、乙4マスターの演習・用語・関連ガイドへ進みたい。,公式情報を確認する;演習で現在地を把握する;用語解説で弱点を補う,試験要項・消防法改正・出題範囲の更新時に本文と参照元を見直します。,2026-05-21,2026-06-20,2026-05-21,published,enrich_o4_guide_articles.py で 2026-05-21 品質更新（スラッグ別本文・FAQ）。,よくある誤解,免状の交付・登録では、体験談だけで判断せず、公式の範囲・合格基準・自分の正答率で意思決定します。制度・数値の最終確認は消防試験研究センター（危険物取扱者）の最新案内で行い、乙4マスターの実践演習・用語解説で理解を固めてください。,制度・出題の改定,免状の交付・登録を進めるうえで、消防法・政令改定は出題に反映されます。教材の奥付と範囲表の改定欄を必ず照合します。制度・数値の最終確認は消防試験研究センター（危険物取扱者）の最新案内で行い、乙4マスターの実践演習・用語解説で理解を固めてください。,合格後の手続き,"ここでは免状の交付・登録について、合格後は免状交付・講習・届出など案内順に進め、期限付き手続きは発表日にカレンダー登録します。

危険物取扱者免状の交付申請・写真・手数料・講習の要否は合格後案内に従います。申請期限を過ぎると手続きが遅れるため、合格発表日にタスクをすべてカレンダー登録してください。",不合格後の立て直し,免状の交付・登録の実務で押さえるのは、不合格時は分野別得点差を見て主戦場を1分野に絞り、教材全入れ替えより誤答ログの分析を優先します。制度・数値の最終確認は消防試験研究センター（危険物取扱者）の最新案内で行い、乙4マスターの実践演習・用語解説で理解を固めてください。,公式情報の優先,まとめると免状の交付・登録では、制度・数値・日程は消防試験研究センター（危険物取扱者）と消防庁が優先。当サイトは学習整理用で、最終確認は公式文書で行います。,,,,,免状の交付・登録はネット情報だけで判断してよいですか？,参考程度にし、制度・数値は公式情報を優先してください。,免状の交付・登録で去年の教材は使えますか？,改定範囲を確認し、古い論点が残っていないか点検してください。,exam-overview:試験概要;self-study-roadmap:独学ロードマップ
career-after-qualification,注意点・更新,危険物取扱者試験（乙種第4類）取得後のキャリア,危険物取扱者試験（乙種第4類）取得後のキャリア。誤解防止と制度更新を、危険物取扱者試験（乙種第4類）受験者向けに乙4マスターが整理しました。,得後のキャリアについて、よくある誤解と制度更新の追い方です。,12,誤解;制度変更;合格後,乙4マスター編集部,危険物取扱者試験（乙種第4類）向けの学習コンテンツ（演習・用語・試験ガイド）を整理する編集チーム,公式情報確認担当,消防試験研究センター・消防庁の公開情報と照合し、サイト内リンクの整合を確認,2026-05-21,消防試験研究センター 危険物取扱者（公式）|https://www.shoubo-shiken.or.jp/kikenbutsu/;消防庁（公式）|https://www.fdma.go.jp/,career-after-qualification — populate_o4_guide_articles.py で生成,「取得後のキャリア」を理解し、乙4マスターの演習・用語・関連ガイドへ進みたい。,公式情報を確認する;演習で現在地を把握する;用語解説で弱点を補う,試験要項・消防法改正・出題範囲の更新時に本文と参照元を見直します。,2026-05-21,2026-06-20,2026-05-21,published,enrich_o4_guide_articles.py で 2026-05-21 品質更新（スラッグ別本文・FAQ）。,よくある誤解,得後のキャリアでは、体験談だけで判断せず、公式の範囲・合格基準・自分の正答率で意思決定します。制度・数値の最終確認は消防試験研究センター（危険物取扱者）の最新案内で行い、乙4マスターの実践演習・用語解説で理解を固めてください。,制度・出題の改定,得後のキャリアを進めるうえで、消防法・政令改定は出題に反映されます。教材の奥付と範囲表の改定欄を必ず照合します。制度・数値の最終確認は消防試験研究センター（危険物取扱者）の最新案内で行い、乙4マスターの実践演習・用語解説で理解を固めてください。,合格後の手続き,ここでは得後のキャリアについて、合格後は免状交付・講習・届出など案内順に進め、期限付き手続きは発表日にカレンダー登録します。制度・数値の最終確認は消防試験研究センター（危険物取扱者）の最新案内で行い、乙4マスターの実践演習・用語解説で理解を固めてください。,不合格後の立て直し,得後のキャリアの実務で押さえるのは、不合格時は分野別得点差を見て主戦場を1分野に絞り、教材全入れ替えより誤答ログの分析を優先します。制度・数値の最終確認は消防試験研究センター（危険物取扱者）の最新案内で行い、乙4マスターの実践演習・用語解説で理解を固めてください。,公式情報の優先,まとめると得後のキャリアでは、制度・数値・日程は消防試験研究センター（危険物取扱者）と消防庁が優先。当サイトは学習整理用で、最終確認は公式文書で行います。,,,,,得後のキャリアはネット情報だけで判断してよいですか？,参考程度にし、制度・数値は公式情報を優先してください。,得後のキャリアで去年の教材は使えますか？,改定範囲を確認し、古い論点が残っていないか点検してください。,exam-overview:試験概要;self-study-roadmap:独学ロードマップ
fail-retry-plan,注意点・更新,危険物取扱者試験（乙種第4類）不合格後の学習計画,危険物取扱者試験（乙種第4類）不合格後の学習計画。誤解防止と制度更新を、危険物取扱者試験（乙種第4類）受験者向けに乙4マスターが整理しました。,不合格後の学習計画について、よくある誤解と制度更新の追い方です。,12,誤解;制度変更;合格後,乙4マスター編集部,危険物取扱者試験（乙種第4類）向けの学習コンテンツ（演習・用語・試験ガイド）を整理する編集チーム,公式情報確認担当,消防試験研究センター・消防庁の公開情報と照合し、サイト内リンクの整合を確認,2026-05-21,消防試験研究センター 危険物取扱者（公式）|https://www.shoubo-shiken.or.jp/kikenbutsu/;消防庁（公式）|https://www.fdma.go.jp/,fail-retry-plan — populate_o4_guide_articles.py で生成,「不合格後の学習計画」を理解し、乙4マスターの演習・用語・関連ガイドへ進みたい。,公式情報を確認する;演習で現在地を把握する;用語解説で弱点を補う,試験要項・消防法改正・出題範囲の更新時に本文と参照元を見直します。,2026-05-21,2026-06-20,2026-05-21,published,enrich_o4_guide_articles.py で 2026-05-21 品質更新（スラッグ別本文・FAQ）。,よくある誤解,不合格後の学習計画では、体験談だけで判断せず、公式の範囲・合格基準・自分の正答率で意思決定します。制度・数値の最終確認は消防試験研究センター（危険物取扱者）の最新案内で行い、乙4マスターの実践演習・用語解説で理解を固めてください。,制度・出題の改定,不合格後の学習計画を進めるうえで、消防法・政令改定は出題に反映されます。教材の奥付と範囲表の改定欄を必ず照合します。制度・数値の最終確認は消防試験研究センター（危険物取扱者）の最新案内で行い、乙4マスターの実践演習・用語解説で理解を固めてください。,合格後の手続き,ここでは不合格後の学習計画について、合格後は免状交付・講習・届出など案内順に進め、期限付き手続きは発表日にカレンダー登録します。制度・数値の最終確認は消防試験研究センター（危険物取扱者）の最新案内で行い、乙4マスターの実践演習・用語解説で理解を固めてください。,不合格後の立て直し,不合格後の学習計画の実務で押さえるのは、不合格時は分野別得点差を見て主戦場を1分野に絞り、教材全入れ替えより誤答ログの分析を優先します。制度・数値の最終確認は消防試験研究センター（危険物取扱者）の最新案内で行い、乙4マスターの実践演習・用語解説で理解を固めてください。,公式情報の優先,まとめると不合格後の学習計画では、制度・数値・日程は消防試験研究センター（危険物取扱者）と消防庁が優先。当サイトは学習整理用で、最終確認は公式文書で行います。,,,,,不合格後の学習計画はネット情報だけで判断してよいですか？,参考程度にし、制度・数値は公式情報を優先してください。,不合格後の学習計画で去年の教材は使えますか？,改定範囲を確認し、古い論点が残っていないか点検してください。,exam-overview:試験概要;self-study-roadmap:独学ロードマップ
retake-strategy,注意点・更新,危険物取扱者試験（乙種第4類）の再受験戦略,危険物取扱者試験（乙種第4類）の再受験戦略。誤解防止と制度更新を、危険物取扱者試験（乙種第4類）受験者向けに乙4マスターが整理しました。,再受験戦略について、よくある誤解と制度更新の追い方です。,12,誤解;制度変更;合格後,乙4マスター編集部,危険物取扱者試験（乙種第4類）向けの学習コンテンツ（演習・用語・試験ガイド）を整理する編集チーム,公式情報確認担当,消防試験研究センター・消防庁の公開情報と照合し、サイト内リンクの整合を確認,2026-05-21,消防試験研究センター 危険物取扱者（公式）|https://www.shoubo-shiken.or.jp/kikenbutsu/;消防庁（公式）|https://www.fdma.go.jp/,retake-strategy — populate_o4_guide_articles.py で生成,「再受験戦略」を理解し、乙4マスターの演習・用語・関連ガイドへ進みたい。,公式情報を確認する;演習で現在地を把握する;用語解説で弱点を補う,試験要項・消防法改正・出題範囲の更新時に本文と参照元を見直します。,2026-05-21,2026-06-20,2026-05-21,published,enrich_o4_guide_articles.py で 2026-05-21 品質更新（スラッグ別本文・FAQ）。,よくある誤解,再受験戦略では、体験談だけで判断せず、公式の範囲・合格基準・自分の正答率で意思決定します。制度・数値の最終確認は消防試験研究センター（危険物取扱者）の最新案内で行い、乙4マスターの実践演習・用語解説で理解を固めてください。,制度・出題の改定,再受験戦略を進めるうえで、消防法・政令改定は出題に反映されます。教材の奥付と範囲表の改定欄を必ず照合します。制度・数値の最終確認は消防試験研究センター（危険物取扱者）の最新案内で行い、乙4マスターの実践演習・用語解説で理解を固めてください。,合格後の手続き,ここでは再受験戦略について、合格後は免状交付・講習・届出など案内順に進め、期限付き手続きは発表日にカレンダー登録します。制度・数値の最終確認は消防試験研究センター（危険物取扱者）の最新案内で行い、乙4マスターの実践演習・用語解説で理解を固めてください。,不合格後の立て直し,再受験戦略の実務で押さえるのは、不合格時は分野別得点差を見て主戦場を1分野に絞り、教材全入れ替えより誤答ログの分析を優先します。制度・数値の最終確認は消防試験研究センター（危険物取扱者）の最新案内で行い、乙4マスターの実践演習・用語解説で理解を固めてください。,公式情報の優先,まとめると再受験戦略では、制度・数値・日程は消防試験研究センター（危険物取扱者）と消防庁が優先。当サイトは学習整理用で、最終確認は公式文書で行います。,,,,,再受験戦略はネット情報だけで判断してよいですか？,参考程度にし、制度・数値は公式情報を優先してください。,再受験戦略で去年の教材は使えますか？,改定範囲を確認し、古い論点が残っていないか点検してください。,exam-overview:試験概要;self-study-roadmap:独学ロードマップ
retake-schedule-adjustment,注意点・更新,危険物取扱者試験（乙種第4類）再受験の日程調整,危険物取扱者試験（乙種第4類）再受験の日程調整。誤解防止と制度更新を、危険物取扱者試験（乙種第4類）受験者向けに乙4マスターが整理しました。,再受験の日程調整について、よくある誤解と制度更新の追い方です。,12,誤解;制度変更;合格後,乙4マスター編集部,危険物取扱者試験（乙種第4類）向けの学習コンテンツ（演習・用語・試験ガイド）を整理する編集チーム,公式情報確認担当,消防試験研究センター・消防庁の公開情報と照合し、サイト内リンクの整合を確認,2026-05-21,消防試験研究センター 危険物取扱者（公式）|https://www.shoubo-shiken.or.jp/kikenbutsu/;消防庁（公式）|https://www.fdma.go.jp/,retake-schedule-adjustment — populate_o4_guide_articles.py で生成,「再受験の日程調整」を理解し、乙4マスターの演習・用語・関連ガイドへ進みたい。,公式情報を確認する;演習で現在地を把握する;用語解説で弱点を補う,試験要項・消防法改正・出題範囲の更新時に本文と参照元を見直します。,2026-05-21,2026-06-20,2026-05-21,published,enrich_o4_guide_articles.py で 2026-05-21 品質更新（スラッグ別本文・FAQ）。,よくある誤解,再受験の日程調整では、体験談だけで判断せず、公式の範囲・合格基準・自分の正答率で意思決定します。制度・数値の最終確認は消防試験研究センター（危険物取扱者）の最新案内で行い、乙4マスターの実践演習・用語解説で理解を固めてください。,制度・出題の改定,再受験の日程調整を進めるうえで、消防法・政令改定は出題に反映されます。教材の奥付と範囲表の改定欄を必ず照合します。制度・数値の最終確認は消防試験研究センター（危険物取扱者）の最新案内で行い、乙4マスターの実践演習・用語解説で理解を固めてください。,合格後の手続き,ここでは再受験の日程調整について、合格後は免状交付・講習・届出など案内順に進め、期限付き手続きは発表日にカレンダー登録します。制度・数値の最終確認は消防試験研究センター（危険物取扱者）の最新案内で行い、乙4マスターの実践演習・用語解説で理解を固めてください。,不合格後の立て直し,再受験の日程調整の実務で押さえるのは、不合格時は分野別得点差を見て主戦場を1分野に絞り、教材全入れ替えより誤答ログの分析を優先します。制度・数値の最終確認は消防試験研究センター（危険物取扱者）の最新案内で行い、乙4マスターの実践演習・用語解説で理解を固めてください。,公式情報の優先,まとめると再受験の日程調整では、制度・数値・日程は消防試験研究センター（危険物取扱者）と消防庁が優先。当サイトは学習整理用で、最終確認は公式文書で行います。,,,,,再受験の日程調整はネット情報だけで判断してよいですか？,参考程度にし、制度・数値は公式情報を優先してください。,再受験の日程調整で去年の教材は使えますか？,改定範囲を確認し、古い論点が残っていないか点検してください。,exam-overview:試験概要;self-study-roadmap:独学ロードマップ
score-gap-analysis,注意点・更新,危険物取扱者試験（乙種第4類）の得点差の分析,危険物取扱者試験（乙種第4類）の得点差の分析。誤解防止と制度更新を、危険物取扱者試験（乙種第4類）受験者向けに乙4マスターが整理しました。,得点差の分析について、よくある誤解と制度更新の追い方です。,12,誤解;制度変更;合格後,乙4マスター編集部,危険物取扱者試験（乙種第4類）向けの学習コンテンツ（演習・用語・試験ガイド）を整理する編集チーム,公式情報確認担当,消防試験研究センター・消防庁の公開情報と照合し、サイト内リンクの整合を確認,2026-05-21,消防試験研究センター 危険物取扱者（公式）|https://www.shoubo-shiken.or.jp/kikenbutsu/;消防庁（公式）|https://www.fdma.go.jp/,score-gap-analysis — populate_o4_guide_articles.py で生成,「得点差の分析」を理解し、乙4マスターの演習・用語・関連ガイドへ進みたい。,公式情報を確認する;演習で現在地を把握する;用語解説で弱点を補う,試験要項・消防法改正・出題範囲の更新時に本文と参照元を見直します。,2026-05-21,2026-06-20,2026-05-21,published,enrich_o4_guide_articles.py で 2026-05-21 品質更新（スラッグ別本文・FAQ）。,よくある誤解,得点差の分析では、体験談だけで判断せず、公式の範囲・合格基準・自分の正答率で意思決定します。制度・数値の最終確認は消防試験研究センター（危険物取扱者）の最新案内で行い、乙4マスターの実践演習・用語解説で理解を固めてください。,制度・出題の改定,得点差の分析を進めるうえで、消防法・政令改定は出題に反映されます。教材の奥付と範囲表の改定欄を必ず照合します。制度・数値の最終確認は消防試験研究センター（危険物取扱者）の最新案内で行い、乙4マスターの実践演習・用語解説で理解を固めてください。,合格後の手続き,ここでは得点差の分析について、合格後は免状交付・講習・届出など案内順に進め、期限付き手続きは発表日にカレンダー登録します。制度・数値の最終確認は消防試験研究センター（危険物取扱者）の最新案内で行い、乙4マスターの実践演習・用語解説で理解を固めてください。,不合格後の立て直し,得点差の分析の実務で押さえるのは、不合格時は分野別得点差を見て主戦場を1分野に絞り、教材全入れ替えより誤答ログの分析を優先します。制度・数値の最終確認は消防試験研究センター（危険物取扱者）の最新案内で行い、乙4マスターの実践演習・用語解説で理解を固めてください。,公式情報の優先,まとめると得点差の分析では、制度・数値・日程は消防試験研究センター（危険物取扱者）と消防庁が優先。当サイトは学習整理用で、最終確認は公式文書で行います。,,,,,得点差の分析はネット情報だけで判断してよいですか？,参考程度にし、制度・数値は公式情報を優先してください。,得点差の分析で去年の教材は使えますか？,改定範囲を確認し、古い論点が残っていないか点検してください。,exam-overview:試験概要;self-study-roadmap:独学ロードマップ
exam-changes,注意点・更新,危険物取扱者試験（乙種第4類）の制度・出題の変更,危険物取扱者試験（乙種第4類）の制度・出題の変更。誤解防止と制度更新を、危険物取扱者試験（乙種第4類）受験者向けに乙4マスターが整理しました。,制度・出題の変更について、よくある誤解と制度更新の追い方です。,12,誤解;制度変更;合格後,乙4マスター編集部,危険物取扱者試験（乙種第4類）向けの学習コンテンツ（演習・用語・試験ガイド）を整理する編集チーム,公式情報確認担当,消防試験研究センター・消防庁の公開情報と照合し、サイト内リンクの整合を確認,2026-05-21,消防試験研究センター 危険物取扱者（公式）|https://www.shoubo-shiken.or.jp/kikenbutsu/;消防庁（公式）|https://www.fdma.go.jp/,exam-changes — populate_o4_guide_articles.py で生成,「制度・出題の変更」を理解し、乙4マスターの演習・用語・関連ガイドへ進みたい。,公式情報を確認する;演習で現在地を把握する;用語解説で弱点を補う,試験要項・消防法改正・出題範囲の更新時に本文と参照元を見直します。,2026-05-21,2026-06-20,2026-05-21,published,enrich_o4_guide_articles.py で 2026-05-21 品質更新（スラッグ別本文・FAQ）。,よくある誤解,制度・出題の変更では、体験談だけで判断せず、公式の範囲・合格基準・自分の正答率で意思決定します。制度・数値の最終確認は消防試験研究センター（危険物取扱者）の最新案内で行い、乙4マスターの実践演習・用語解説で理解を固めてください。,制度・出題の改定,制度・出題の変更を進めるうえで、消防法・政令改定は出題に反映されます。教材の奥付と範囲表の改定欄を必ず照合します。制度・数値の最終確認は消防試験研究センター（危険物取扱者）の最新案内で行い、乙4マスターの実践演習・用語解説で理解を固めてください。,合格後の手続き,ここでは制度・出題の変更について、合格後は免状交付・講習・届出など案内順に進め、期限付き手続きは発表日にカレンダー登録します。制度・数値の最終確認は消防試験研究センター（危険物取扱者）の最新案内で行い、乙4マスターの実践演習・用語解説で理解を固めてください。,不合格後の立て直し,制度・出題の変更の実務で押さえるのは、不合格時は分野別得点差を見て主戦場を1分野に絞り、教材全入れ替えより誤答ログの分析を優先します。制度・数値の最終確認は消防試験研究センター（危険物取扱者）の最新案内で行い、乙4マスターの実践演習・用語解説で理解を固めてください。,公式情報の優先,まとめると制度・出題の変更では、制度・数値・日程は消防試験研究センター（危険物取扱者）と消防庁が優先。当サイトは学習整理用で、最終確認は公式文書で行います。,,,,,制度・出題の変更はネット情報だけで判断してよいですか？,参考程度にし、制度・数値は公式情報を優先してください。,制度・出題の変更で去年の教材は使えますか？,改定範囲を確認し、古い論点が残っていないか点検してください。,exam-overview:試験概要;self-study-roadmap:独学ロードマップ
legal-revision-impact,注意点・更新,消防法・政令改定と試験への影響,消防法・政令改定と試験への影響。誤解防止と制度更新を、危険物取扱者試験（乙種第4類）受験者向けに乙4マスターが整理しました。,消防法・政令改定と試験への影響について、よくある誤解と制度更新の追い方です。,12,誤解;制度変更;合格後,乙4マスター編集部,危険物取扱者試験（乙種第4類）向けの学習コンテンツ（演習・用語・試験ガイド）を整理する編集チーム,公式情報確認担当,消防試験研究センター・消防庁の公開情報と照合し、サイト内リンクの整合を確認,2026-05-21,消防試験研究センター 危険物取扱者（公式）|https://www.shoubo-shiken.or.jp/kikenbutsu/;消防庁（公式）|https://www.fdma.go.jp/,legal-revision-impact — populate_o4_guide_articles.py で生成,「消防法・政令改定と試験への影響」を理解し、乙4マスターの演習・用語・関連ガイドへ進みたい。,公式情報を確認する;演習で現在地を把握する;用語解説で弱点を補う,試験要項・消防法改正・出題範囲の更新時に本文と参照元を見直します。,2026-05-21,2026-06-20,2026-05-21,published,enrich_o4_guide_articles.py で 2026-05-21 品質更新（スラッグ別本文・FAQ）。,よくある誤解,消防法・政令改定と試験への影響では、体験談だけで判断せず、公式の範囲・合格基準・自分の正答率で意思決定します。制度・数値の最終確認は消防試験研究センター（危険物取扱者）の最新案内で行い、乙4マスターの実践演習・用語解説で理解を固めてください。,制度・出題の改定,"消防法・政令改定と試験への影響を進めるうえで、消防法・政令改定は出題に反映されます。教材の奥付と範囲表の改定欄を必ず照合します。

消防法・政令・告示の改正は出題範囲表に反映されます。改正施行日と試験年度の適用関係を公式で確認し、旧テキストの論点が残っていないか教材も点検してください。",合格後の手続き,ここでは消防法・政令改定と試験への影響について、合格後は免状交付・講習・届出など案内順に進め、期限付き手続きは発表日にカレンダー登録します。制度・数値の最終確認は消防試験研究センター（危険物取扱者）の最新案内で行い、乙4マスターの実践演習・用語解説で理解を固めてください。,不合格後の立て直し,消防法・政令改定と試験への影響の実務で押さえるのは、不合格時は分野別得点差を見て主戦場を1分野に絞り、教材全入れ替えより誤答ログの分析を優先します。制度・数値の最終確認は消防試験研究センター（危険物取扱者）の最新案内で行い、乙4マスターの実践演習・用語解説で理解を固めてください。,公式情報の優先,まとめると消防法・政令改定と試験への影響では、制度・数値・日程は消防試験研究センター（危険物取扱者）と消防庁が優先。当サイトは学習整理用で、最終確認は公式文書で行います。,,,,,消防法・政令改定と試験への影響はネット情報だけで判断してよいですか？,参考程度にし、制度・数値は公式情報を優先してください。,消防法・政令改定と試験への影響で去年の教材は使えますか？,改定範囲を確認し、古い論点が残っていないか点検してください。,exam-overview:試験概要;self-study-roadmap:独学ロードマップ
syllabus-update-tracker,注意点・更新,危険物取扱者試験（乙種第4類）出題範囲の更新追跡,危険物取扱者試験（乙種第4類）出題範囲の更新追跡。誤解防止と制度更新を、危険物取扱者試験（乙種第4類）受験者向けに乙4マスターが整理しました。,出題範囲の更新追跡について、よくある誤解と制度更新の追い方です。,12,誤解;制度変更;合格後,乙4マスター編集部,危険物取扱者試験（乙種第4類）向けの学習コンテンツ（演習・用語・試験ガイド）を整理する編集チーム,公式情報確認担当,消防試験研究センター・消防庁の公開情報と照合し、サイト内リンクの整合を確認,2026-05-21,消防試験研究センター 危険物取扱者（公式）|https://www.shoubo-shiken.or.jp/kikenbutsu/;消防庁（公式）|https://www.fdma.go.jp/,syllabus-update-tracker — populate_o4_guide_articles.py で生成,「出題範囲の更新追跡」を理解し、乙4マスターの演習・用語・関連ガイドへ進みたい。,公式情報を確認する;演習で現在地を把握する;用語解説で弱点を補う,試験要項・消防法改正・出題範囲の更新時に本文と参照元を見直します。,2026-05-21,2026-06-20,2026-05-21,published,enrich_o4_guide_articles.py で 2026-05-21 品質更新（スラッグ別本文・FAQ）。,よくある誤解,出題範囲の更新追跡では、体験談だけで判断せず、公式の範囲・合格基準・自分の正答率で意思決定します。制度・数値の最終確認は消防試験研究センター（危険物取扱者）の最新案内で行い、乙4マスターの実践演習・用語解説で理解を固めてください。,制度・出題の改定,出題範囲の更新追跡を進めるうえで、消防法・政令改定は出題に反映されます。教材の奥付と範囲表の改定欄を必ず照合します。制度・数値の最終確認は消防試験研究センター（危険物取扱者）の最新案内で行い、乙4マスターの実践演習・用語解説で理解を固めてください。,合格後の手続き,ここでは出題範囲の更新追跡について、合格後は免状交付・講習・届出など案内順に進め、期限付き手続きは発表日にカレンダー登録します。制度・数値の最終確認は消防試験研究センター（危険物取扱者）の最新案内で行い、乙4マスターの実践演習・用語解説で理解を固めてください。,不合格後の立て直し,出題範囲の更新追跡の実務で押さえるのは、不合格時は分野別得点差を見て主戦場を1分野に絞り、教材全入れ替えより誤答ログの分析を優先します。制度・数値の最終確認は消防試験研究センター（危険物取扱者）の最新案内で行い、乙4マスターの実践演習・用語解説で理解を固めてください。,公式情報の優先,まとめると出題範囲の更新追跡では、制度・数値・日程は消防試験研究センター（危険物取扱者）と消防庁が優先。当サイトは学習整理用で、最終確認は公式文書で行います。,,,,,出題範囲の更新追跡はネット情報だけで判断してよいですか？,参考程度にし、制度・数値は公式情報を優先してください。,出題範囲の更新追跡で去年の教材は使えますか？,改定範囲を確認し、古い論点が残っていないか点検してください。,exam-overview:試験概要;self-study-roadmap:独学ロードマップ
official-info-update-habits,注意点・更新,危険物取扱者試験（乙種第4類）公式情報の定期確認,危険物取扱者試験（乙種第4類）公式情報の定期確認。誤解防止と制度更新を、危険物取扱者試験（乙種第4類）受験者向けに乙4マスターが整理しました。,公式情報の定期確認について、よくある誤解と制度更新の追い方です。,12,誤解;制度変更;合格後,乙4マスター編集部,危険物取扱者試験（乙種第4類）向けの学習コンテンツ（演習・用語・試験ガイド）を整理する編集チーム,公式情報確認担当,消防試験研究センター・消防庁の公開情報と照合し、サイト内リンクの整合を確認,2026-05-21,消防試験研究センター 危険物取扱者（公式）|https://www.shoubo-shiken.or.jp/kikenbutsu/;消防庁（公式）|https://www.fdma.go.jp/,official-info-update-habits — populate_o4_guide_articles.py で生成,「公式情報の定期確認」を理解し、乙4マスターの演習・用語・関連ガイドへ進みたい。,公式情報を確認する;演習で現在地を把握する;用語解説で弱点を補う,試験要項・消防法改正・出題範囲の更新時に本文と参照元を見直します。,2026-05-21,2026-06-20,2026-05-21,published,enrich_o4_guide_articles.py で 2026-05-21 品質更新（スラッグ別本文・FAQ）。,よくある誤解,公式情報の定期確認では、体験談だけで判断せず、公式の範囲・合格基準・自分の正答率で意思決定します。制度・数値の最終確認は消防試験研究センター（危険物取扱者）の最新案内で行い、乙4マスターの実践演習・用語解説で理解を固めてください。,制度・出題の改定,公式情報の定期確認を進めるうえで、消防法・政令改定は出題に反映されます。教材の奥付と範囲表の改定欄を必ず照合します。制度・数値の最終確認は消防試験研究センター（危険物取扱者）の最新案内で行い、乙4マスターの実践演習・用語解説で理解を固めてください。,合格後の手続き,ここでは公式情報の定期確認について、合格後は免状交付・講習・届出など案内順に進め、期限付き手続きは発表日にカレンダー登録します。制度・数値の最終確認は消防試験研究センター（危険物取扱者）の最新案内で行い、乙4マスターの実践演習・用語解説で理解を固めてください。,不合格後の立て直し,公式情報の定期確認の実務で押さえるのは、不合格時は分野別得点差を見て主戦場を1分野に絞り、教材全入れ替えより誤答ログの分析を優先します。制度・数値の最終確認は消防試験研究センター（危険物取扱者）の最新案内で行い、乙4マスターの実践演習・用語解説で理解を固めてください。,公式情報の優先,まとめると公式情報の定期確認では、制度・数値・日程は消防試験研究センター（危険物取扱者）と消防庁が優先。当サイトは学習整理用で、最終確認は公式文書で行います。,,,,,公式情報の定期確認はネット情報だけで判断してよいですか？,参考程度にし、制度・数値は公式情報を優先してください。,公式情報の定期確認で去年の教材は使えますか？,改定範囲を確認し、古い論点が残っていないか点検してください。,exam-overview:試験概要;self-study-roadmap:独学ロードマップ
common-misconceptions,注意点・更新,危険物取扱者試験（乙種第4類）のよくある誤解,危険物取扱者試験（乙種第4類）のよくある誤解。誤解防止と制度更新を、危険物取扱者試験（乙種第4類）受験者向けに乙4マスターが整理しました。,よくある誤解について、よくある誤解と制度更新の追い方です。,12,誤解;制度変更;合格後,乙4マスター編集部,危険物取扱者試験（乙種第4類）向けの学習コンテンツ（演習・用語・試験ガイド）を整理する編集チーム,公式情報確認担当,消防試験研究センター・消防庁の公開情報と照合し、サイト内リンクの整合を確認,2026-05-21,消防試験研究センター 危険物取扱者（公式）|https://www.shoubo-shiken.or.jp/kikenbutsu/;消防庁（公式）|https://www.fdma.go.jp/,common-misconceptions — populate_o4_guide_articles.py で生成,「よくある誤解」を理解し、乙4マスターの演習・用語・関連ガイドへ進みたい。,公式情報を確認する;演習で現在地を把握する;用語解説で弱点を補う,試験要項・消防法改正・出題範囲の更新時に本文と参照元を見直します。,2026-05-21,2026-06-20,2026-05-21,published,enrich_o4_guide_articles.py で 2026-05-21 品質更新（スラッグ別本文・FAQ）。,よくある誤解,よくある誤解では、体験談だけで判断せず、公式の範囲・合格基準・自分の正答率で意思決定します。制度・数値の最終確認は消防試験研究センター（危険物取扱者）の最新案内で行い、乙4マスターの実践演習・用語解説で理解を固めてください。,制度・出題の改定,よくある誤解を進めるうえで、消防法・政令改定は出題に反映されます。教材の奥付と範囲表の改定欄を必ず照合します。制度・数値の最終確認は消防試験研究センター（危険物取扱者）の最新案内で行い、乙4マスターの実践演習・用語解説で理解を固めてください。,合格後の手続き,ここではよくある誤解について、合格後は免状交付・講習・届出など案内順に進め、期限付き手続きは発表日にカレンダー登録します。制度・数値の最終確認は消防試験研究センター（危険物取扱者）の最新案内で行い、乙4マスターの実践演習・用語解説で理解を固めてください。,不合格後の立て直し,よくある誤解の実務で押さえるのは、不合格時は分野別得点差を見て主戦場を1分野に絞り、教材全入れ替えより誤答ログの分析を優先します。制度・数値の最終確認は消防試験研究センター（危険物取扱者）の最新案内で行い、乙4マスターの実践演習・用語解説で理解を固めてください。,公式情報の優先,まとめるとよくある誤解では、制度・数値・日程は消防試験研究センター（危険物取扱者）と消防庁が優先。当サイトは学習整理用で、最終確認は公式文書で行います。,,,,,よくある誤解はネット情報だけで判断してよいですか？,参考程度にし、制度・数値は公式情報を優先してください。,よくある誤解で去年の教材は使えますか？,改定範囲を確認し、古い論点が残っていないか点検してください。,exam-overview:試験概要;self-study-roadmap:独学ロードマップ
pass-only-past-questions-myth,注意点・更新,危険物取扱者試験（乙種第4類）は演習だけで足りるか,危険物取扱者試験（乙種第4類）は演習だけで足りるか。誤解防止と制度更新を、危険物取扱者試験（乙種第4類）受験者向けに乙4マスターが整理しました。,は演習だけで足りるかについて、よくある誤解と制度更新の追い方です。,12,誤解;制度変更;合格後,乙4マスター編集部,危険物取扱者試験（乙種第4類）向けの学習コンテンツ（演習・用語・試験ガイド）を整理する編集チーム,公式情報確認担当,消防試験研究センター・消防庁の公開情報と照合し、サイト内リンクの整合を確認,2026-05-21,消防試験研究センター 危険物取扱者（公式）|https://www.shoubo-shiken.or.jp/kikenbutsu/;消防庁（公式）|https://www.fdma.go.jp/,pass-only-past-questions-myth — populate_o4_guide_articles.py で生成,「は演習だけで足りるか」を理解し、乙4マスターの演習・用語・関連ガイドへ進みたい。,公式情報を確認する;演習で現在地を把握する;用語解説で弱点を補う,試験要項・消防法改正・出題範囲の更新時に本文と参照元を見直します。,2026-05-21,2026-06-20,2026-05-21,published,enrich_o4_guide_articles.py で 2026-05-21 品質更新（スラッグ別本文・FAQ）。,よくある誤解,は演習だけで足りるかでは、体験談だけで判断せず、公式の範囲・合格基準・自分の正答率で意思決定します。制度・数値の最終確認は消防試験研究センター（危険物取扱者）の最新案内で行い、乙4マスターの実践演習・用語解説で理解を固めてください。,制度・出題の改定,は演習だけで足りるかを進めるうえで、消防法・政令改定は出題に反映されます。教材の奥付と範囲表の改定欄を必ず照合します。制度・数値の最終確認は消防試験研究センター（危険物取扱者）の最新案内で行い、乙4マスターの実践演習・用語解説で理解を固めてください。,合格後の手続き,ここではは演習だけで足りるかについて、合格後は免状交付・講習・届出など案内順に進め、期限付き手続きは発表日にカレンダー登録します。制度・数値の最終確認は消防試験研究センター（危険物取扱者）の最新案内で行い、乙4マスターの実践演習・用語解説で理解を固めてください。,不合格後の立て直し,は演習だけで足りるかの実務で押さえるのは、不合格時は分野別得点差を見て主戦場を1分野に絞り、教材全入れ替えより誤答ログの分析を優先します。制度・数値の最終確認は消防試験研究センター（危険物取扱者）の最新案内で行い、乙4マスターの実践演習・用語解説で理解を固めてください。,公式情報の優先,まとめるとは演習だけで足りるかでは、制度・数値・日程は消防試験研究センター（危険物取扱者）と消防庁が優先。当サイトは学習整理用で、最終確認は公式文書で行います。,,,,,は演習だけで足りるかはネット情報だけで判断してよいですか？,参考程度にし、制度・数値は公式情報を優先してください。,は演習だけで足りるかで去年の教材は使えますか？,改定範囲を確認し、古い論点が残っていないか点検してください。,exam-overview:試験概要;self-study-roadmap:独学ロードマップ
study-hours-myth,注意点・更新,危険物取扱者試験（乙種第4類）の勉強時間の神話,危険物取扱者試験（乙種第4類）の勉強時間の神話。誤解防止と制度更新を、危険物取扱者試験（乙種第4類）受験者向けに乙4マスターが整理しました。,勉強時間の神話について、よくある誤解と制度更新の追い方です。,12,誤解;制度変更;合格後,乙4マスター編集部,危険物取扱者試験（乙種第4類）向けの学習コンテンツ（演習・用語・試験ガイド）を整理する編集チーム,公式情報確認担当,消防試験研究センター・消防庁の公開情報と照合し、サイト内リンクの整合を確認,2026-05-21,消防試験研究センター 危険物取扱者（公式）|https://www.shoubo-shiken.or.jp/kikenbutsu/;消防庁（公式）|https://www.fdma.go.jp/,study-hours-myth — populate_o4_guide_articles.py で生成,「勉強時間の神話」を理解し、乙4マスターの演習・用語・関連ガイドへ進みたい。,公式情報を確認する;演習で現在地を把握する;用語解説で弱点を補う,試験要項・消防法改正・出題範囲の更新時に本文と参照元を見直します。,2026-05-21,2026-06-20,2026-05-21,published,enrich_o4_guide_articles.py で 2026-05-21 品質更新（スラッグ別本文・FAQ）。,よくある誤解,勉強時間の神話では、体験談だけで判断せず、公式の範囲・合格基準・自分の正答率で意思決定します。制度・数値の最終確認は消防試験研究センター（危険物取扱者）の最新案内で行い、乙4マスターの実践演習・用語解説で理解を固めてください。,制度・出題の改定,勉強時間の神話を進めるうえで、消防法・政令改定は出題に反映されます。教材の奥付と範囲表の改定欄を必ず照合します。制度・数値の最終確認は消防試験研究センター（危険物取扱者）の最新案内で行い、乙4マスターの実践演習・用語解説で理解を固めてください。,合格後の手続き,ここでは勉強時間の神話について、合格後は免状交付・講習・届出など案内順に進め、期限付き手続きは発表日にカレンダー登録します。制度・数値の最終確認は消防試験研究センター（危険物取扱者）の最新案内で行い、乙4マスターの実践演習・用語解説で理解を固めてください。,不合格後の立て直し,勉強時間の神話の実務で押さえるのは、不合格時は分野別得点差を見て主戦場を1分野に絞り、教材全入れ替えより誤答ログの分析を優先します。制度・数値の最終確認は消防試験研究センター（危険物取扱者）の最新案内で行い、乙4マスターの実践演習・用語解説で理解を固めてください。,公式情報の優先,まとめると勉強時間の神話では、制度・数値・日程は消防試験研究センター（危険物取扱者）と消防庁が優先。当サイトは学習整理用で、最終確認は公式文書で行います。,,,,,勉強時間の神話はネット情報だけで判断してよいですか？,参考程度にし、制度・数値は公式情報を優先してください。,勉強時間の神話で去年の教材は使えますか？,改定範囲を確認し、古い論点が残っていないか点検してください。,exam-overview:試験概要;self-study-roadmap:独学ロードマップ
eligibility-myths,注意点・更新,危険物取扱者試験（乙種第4類）受験資格の誤解,危険物取扱者試験（乙種第4類）受験資格の誤解。誤解防止と制度更新を、危険物取扱者試験（乙種第4類）受験者向けに乙4マスターが整理しました。,受験資格の誤解について、よくある誤解と制度更新の追い方です。,12,誤解;制度変更;合格後,乙4マスター編集部,危険物取扱者試験（乙種第4類）向けの学習コンテンツ（演習・用語・試験ガイド）を整理する編集チーム,公式情報確認担当,消防試験研究センター・消防庁の公開情報と照合し、サイト内リンクの整合を確認,2026-05-21,消防試験研究センター 危険物取扱者（公式）|https://www.shoubo-shiken.or.jp/kikenbutsu/;消防庁（公式）|https://www.fdma.go.jp/,eligibility-myths — populate_o4_guide_articles.py で生成,「受験資格の誤解」を理解し、乙4マスターの演習・用語・関連ガイドへ進みたい。,公式情報を確認する;演習で現在地を把握する;用語解説で弱点を補う,試験要項・消防法改正・出題範囲の更新時に本文と参照元を見直します。,2026-05-21,2026-06-20,2026-05-21,published,enrich_o4_guide_articles.py で 2026-05-21 品質更新（スラッグ別本文・FAQ）。,よくある誤解,受験資格の誤解では、体験談だけで判断せず、公式の範囲・合格基準・自分の正答率で意思決定します。制度・数値の最終確認は消防試験研究センター（危険物取扱者）の最新案内で行い、乙4マスターの実践演習・用語解説で理解を固めてください。,制度・出題の改定,受験資格の誤解を進めるうえで、消防法・政令改定は出題に反映されます。教材の奥付と範囲表の改定欄を必ず照合します。制度・数値の最終確認は消防試験研究センター（危険物取扱者）の最新案内で行い、乙4マスターの実践演習・用語解説で理解を固めてください。,合格後の手続き,ここでは受験資格の誤解について、合格後は免状交付・講習・届出など案内順に進め、期限付き手続きは発表日にカレンダー登録します。制度・数値の最終確認は消防試験研究センター（危険物取扱者）の最新案内で行い、乙4マスターの実践演習・用語解説で理解を固めてください。,不合格後の立て直し,受験資格の誤解の実務で押さえるのは、不合格時は分野別得点差を見て主戦場を1分野に絞り、教材全入れ替えより誤答ログの分析を優先します。制度・数値の最終確認は消防試験研究センター（危険物取扱者）の最新案内で行い、乙4マスターの実践演習・用語解説で理解を固めてください。,公式情報の優先,まとめると受験資格の誤解では、制度・数値・日程は消防試験研究センター（危険物取扱者）と消防庁が優先。当サイトは学習整理用で、最終確認は公式文書で行います。,,,,,受験資格の誤解はネット情報だけで判断してよいですか？,参考程度にし、制度・数値は公式情報を優先してください。,受験資格の誤解で去年の教材は使えますか？,改定範囲を確認し、古い論点が残っていないか点検してください。,exam-overview:試験概要;self-study-roadmap:独学ロードマップ
difficulty-myths,注意点・更新,危険物取扱者試験（乙種第4類）難易度の誤解,危険物取扱者試験（乙種第4類）難易度の誤解。誤解防止と制度更新を、危険物取扱者試験（乙種第4類）受験者向けに乙4マスターが整理しました。,難易度の誤解について、よくある誤解と制度更新の追い方です。,12,誤解;制度変更;合格後,乙4マスター編集部,危険物取扱者試験（乙種第4類）向けの学習コンテンツ（演習・用語・試験ガイド）を整理する編集チーム,公式情報確認担当,消防試験研究センター・消防庁の公開情報と照合し、サイト内リンクの整合を確認,2026-05-21,消防試験研究センター 危険物取扱者（公式）|https://www.shoubo-shiken.or.jp/kikenbutsu/;消防庁（公式）|https://www.fdma.go.jp/,difficulty-myths — populate_o4_guide_articles.py で生成,「難易度の誤解」を理解し、乙4マスターの演習・用語・関連ガイドへ進みたい。,公式情報を確認する;演習で現在地を把握する;用語解説で弱点を補う,試験要項・消防法改正・出題範囲の更新時に本文と参照元を見直します。,2026-05-21,2026-06-20,2026-05-21,published,enrich_o4_guide_articles.py で 2026-05-21 品質更新（スラッグ別本文・FAQ）。,よくある誤解,難易度の誤解では、体験談だけで判断せず、公式の範囲・合格基準・自分の正答率で意思決定します。制度・数値の最終確認は消防試験研究センター（危険物取扱者）の最新案内で行い、乙4マスターの実践演習・用語解説で理解を固めてください。,制度・出題の改定,難易度の誤解を進めるうえで、消防法・政令改定は出題に反映されます。教材の奥付と範囲表の改定欄を必ず照合します。制度・数値の最終確認は消防試験研究センター（危険物取扱者）の最新案内で行い、乙4マスターの実践演習・用語解説で理解を固めてください。,合格後の手続き,ここでは難易度の誤解について、合格後は免状交付・講習・届出など案内順に進め、期限付き手続きは発表日にカレンダー登録します。制度・数値の最終確認は消防試験研究センター（危険物取扱者）の最新案内で行い、乙4マスターの実践演習・用語解説で理解を固めてください。,不合格後の立て直し,難易度の誤解の実務で押さえるのは、不合格時は分野別得点差を見て主戦場を1分野に絞り、教材全入れ替えより誤答ログの分析を優先します。制度・数値の最終確認は消防試験研究センター（危険物取扱者）の最新案内で行い、乙4マスターの実践演習・用語解説で理解を固めてください。,公式情報の優先,まとめると難易度の誤解では、制度・数値・日程は消防試験研究センター（危険物取扱者）と消防庁が優先。当サイトは学習整理用で、最終確認は公式文書で行います。,,,,,難易度の誤解はネット情報だけで判断してよいですか？,参考程度にし、制度・数値は公式情報を優先してください。,難易度の誤解で去年の教材は使えますか？,改定範囲を確認し、古い論点が残っていないか点検してください。,exam-overview:試験概要;self-study-roadmap:独学ロードマップ
affiliate-textbooks-recommend,独学対策,危険物取扱者試験（乙種第4類）のおすすめ参考書の選び方,危険物取扱者試験（乙種第4類）のおすすめ参考書の選び方。独学の教材と進め方を、危険物取扱者試験（乙種第4類）受験者向けに乙4マスターが整理しました。,※本記事には教材・講座の紹介（アフィリエイト）を含みます。価格・内容・返品条件は各公式サイトで必ずご確認ください。おすすめ参考書の選び方について、独学の進め方と教材の選び方を説明します。,26,アフィリエイト;独学;教材;学習計画,乙4マスター編集部,危険物取扱者試験（乙種第4類）向けの学習コンテンツ（演習・用語・試験ガイド）を整理する編集チーム,公式情報確認担当,消防試験研究センター・消防庁の公開情報と照合し、サイト内リンクの整合を確認,2026-05-21,消防試験研究センター 危険物取扱者（公式）|https://www.shoubo-shiken.or.jp/kikenbutsu/;消防庁（公式）|https://www.fdma.go.jp/,affiliate-textbooks-recommend — populate_o4_guide_articles.py で生成,「おすすめ参考書の選び方」を理解し、乙4マスターの演習・用語・関連ガイドへ進みたい。,公式出題範囲を確認する;無料コンテンツで不足を把握する;購入前に目次・サンプルを確認する,試験要項・消防法改正・出題範囲の更新時に本文と参照元を見直します。,2026-05-21,2026-06-20,2026-05-21,published,enrich_o4_guide_articles.py で 2026-05-21 品質更新（スラッグ別本文・FAQ）。,独学前に公式情報を確認,"おすすめ参考書の選び方では、独学は公式範囲の確定と復習の仕組みが土台です。最初の1時間は教材ではなく受験案内と出題範囲に充ててください。制度・数値の最終確認は消防試験研究センター（危険物取扱者）の最新案内で行い、乙4マスターの実践演習・用語解説で理解を固めてください。

比較するときは、出題範囲との対応、解説の丁寧さ、最新改定への追随、自分の分野別弱点に合う章立てかを基準にし、複数を同時に始めないことが大切です。購入前に目次とサンプル章で文体を確認してください。",教材・参考書の選び方,"おすすめ参考書の選び方を進めるうえで、参考書・問題集は各1冊から始め、目次とサンプル章で文体を確認してから追加します。乙4は数字・用語の索引があるかも選定ポイントです。

比較するときは、出題範囲との対応、解説の丁寧さ、最新改定への追随、自分の分野別弱点に合う章立てかを基準にし、複数を同時に始めないことが大切です。購入前に目次とサンプル章で文体を確認してください。",過去問で現在地を確認,"ここではおすすめ参考書の選び方について、実践演習500問で分野別正答率を測り、70%未満の分野からテキストを当てます。正答率が高い分野は維持演習に切り替えます。

比較するときは、出題範囲との対応、解説の丁寧さ、最新改定への追随、自分の分野別弱点に合う章立てかを基準にし、複数を同時に始めないことが大切です。購入前に目次とサンプル章で文体を確認してください。",復習を計画に入れる,"おすすめ参考書の選び方の実務で押さえるのは、誤答と「なんとなく正解」を記録し、翌日以降に再演習します。解きっぱなしは同じミスを本番まで持ち込みます。

比較するときは、出題範囲との対応、解説の丁寧さ、最新改定への追随、自分の分野別弱点に合う章立てかを基準にし、複数を同時に始めないことが大切です。購入前に目次とサンプル章で文体を確認してください。",直前期の絞り込み,"まとめるとおすすめ参考書の選び方では、直前は新規教材を増やさず、誤答ノート・指定数量・消火の適否・届出類型に絞って見直します。制度・数値の最終確認は消防試験研究センター（危険物取扱者）の最新案内で行い、乙4マスターの実践演習・用語解説で理解を固めてください。

比較するときは、出題範囲との対応、解説の丁寧さ、最新改定への追随、自分の分野別弱点に合う章立てかを基準にし、複数を同時に始めないことが大切です。購入前に目次とサンプル章で文体を確認してください。",,,,,教材は必ず購入が必要ですか？,必須ではありません。公式範囲と当サイトの演習・用語で足りる場合もあります。,アフィリエイト記事の信頼性は？,選定基準を明示していますが、価格・契約条件は各販売元の公式情報を優先してください。,exam-overview:試験概要;study-plan:学習計画
affiliate-problem-books,独学対策,危険物取扱者試験（乙種第4類）のおすすめ問題集,危険物取扱者試験（乙種第4類）のおすすめ問題集。独学の教材と進め方を、危険物取扱者試験（乙種第4類）受験者向けに乙4マスターが整理しました。,※本記事には教材・講座の紹介（アフィリエイト）を含みます。価格・内容・返品条件は各公式サイトで必ずご確認ください。おすすめ問題集について、独学の進め方と教材の選び方を説明します。,26,アフィリエイト;独学;教材;学習計画,乙4マスター編集部,危険物取扱者試験（乙種第4類）向けの学習コンテンツ（演習・用語・試験ガイド）を整理する編集チーム,公式情報確認担当,消防試験研究センター・消防庁の公開情報と照合し、サイト内リンクの整合を確認,2026-05-21,消防試験研究センター 危険物取扱者（公式）|https://www.shoubo-shiken.or.jp/kikenbutsu/;消防庁（公式）|https://www.fdma.go.jp/,affiliate-problem-books — populate_o4_guide_articles.py で生成,「おすすめ問題集」を理解し、乙4マスターの演習・用語・関連ガイドへ進みたい。,公式出題範囲を確認する;無料コンテンツで不足を把握する;購入前に目次・サンプルを確認する,試験要項・消防法改正・出題範囲の更新時に本文と参照元を見直します。,2026-05-21,2026-06-20,2026-05-21,published,enrich_o4_guide_articles.py で 2026-05-21 品質更新（スラッグ別本文・FAQ）。,独学前に公式情報を確認,"おすすめ問題集では、独学は公式範囲の確定と復習の仕組みが土台です。最初の1時間は教材ではなく受験案内と出題範囲に充ててください。制度・数値の最終確認は消防試験研究センター（危険物取扱者）の最新案内で行い、乙4マスターの実践演習・用語解説で理解を固めてください。

比較するときは、出題範囲との対応、解説の丁寧さ、最新改定への追随、自分の分野別弱点に合う章立てかを基準にし、複数を同時に始めないことが大切です。購入前に目次とサンプル章で文体を確認してください。",教材・参考書の選び方,"おすすめ問題集を進めるうえで、参考書・問題集は各1冊から始め、目次とサンプル章で文体を確認してから追加します。乙4は数字・用語の索引があるかも選定ポイントです。

比較するときは、出題範囲との対応、解説の丁寧さ、最新改定への追随、自分の分野別弱点に合う章立てかを基準にし、複数を同時に始めないことが大切です。購入前に目次とサンプル章で文体を確認してください。",過去問で現在地を確認,"ここではおすすめ問題集について、実践演習500問で分野別正答率を測り、70%未満の分野からテキストを当てます。正答率が高い分野は維持演習に切り替えます。

比較するときは、出題範囲との対応、解説の丁寧さ、最新改定への追随、自分の分野別弱点に合う章立てかを基準にし、複数を同時に始めないことが大切です。購入前に目次とサンプル章で文体を確認してください。",復習を計画に入れる,"おすすめ問題集の実務で押さえるのは、誤答と「なんとなく正解」を記録し、翌日以降に再演習します。解きっぱなしは同じミスを本番まで持ち込みます。制度・数値の最終確認は消防試験研究センター（危険物取扱者）の最新案内で行い、乙4マスターの実践演習・用語解説で理解を固めてください。

比較するときは、出題範囲との対応、解説の丁寧さ、最新改定への追随、自分の分野別弱点に合う章立てかを基準にし、複数を同時に始めないことが大切です。購入前に目次とサンプル章で文体を確認してください。",直前期の絞り込み,"まとめるとおすすめ問題集では、直前は新規教材を増やさず、誤答ノート・指定数量・消火の適否・届出類型に絞って見直します。制度・数値の最終確認は消防試験研究センター（危険物取扱者）の最新案内で行い、乙4マスターの実践演習・用語解説で理解を固めてください。

比較するときは、出題範囲との対応、解説の丁寧さ、最新改定への追随、自分の分野別弱点に合う章立てかを基準にし、複数を同時に始めないことが大切です。購入前に目次とサンプル章で文体を確認してください。",,,,,教材は必ず購入が必要ですか？,必須ではありません。公式範囲と当サイトの演習・用語で足りる場合もあります。,アフィリエイト記事の信頼性は？,選定基準を明示していますが、価格・契約条件は各販売元の公式情報を優先してください。,exam-overview:試験概要;study-plan:学習計画
affiliate-online-course-compare,独学対策,危険物取扱者試験（乙種第4類）のオンライン講座比較,危険物取扱者試験（乙種第4類）のオンライン講座比較。独学の教材と進め方を、危険物取扱者試験（乙種第4類）受験者向けに乙4マスターが整理しました。,※本記事には教材・講座の紹介（アフィリエイト）を含みます。価格・内容・返品条件は各公式サイトで必ずご確認ください。オンライン講座比較について、独学の進め方と教材の選び方を説明します。,26,アフィリエイト;独学;教材;学習計画,乙4マスター編集部,危険物取扱者試験（乙種第4類）向けの学習コンテンツ（演習・用語・試験ガイド）を整理する編集チーム,公式情報確認担当,消防試験研究センター・消防庁の公開情報と照合し、サイト内リンクの整合を確認,2026-05-21,消防試験研究センター 危険物取扱者（公式）|https://www.shoubo-shiken.or.jp/kikenbutsu/;消防庁（公式）|https://www.fdma.go.jp/,affiliate-online-course-compare — populate_o4_guide_articles.py で生成,「オンライン講座比較」を理解し、乙4マスターの演習・用語・関連ガイドへ進みたい。,公式出題範囲を確認する;無料コンテンツで不足を把握する;購入前に目次・サンプルを確認する,試験要項・消防法改正・出題範囲の更新時に本文と参照元を見直します。,2026-05-21,2026-06-20,2026-05-21,published,enrich_o4_guide_articles.py で 2026-05-21 品質更新（スラッグ別本文・FAQ）。,独学前に公式情報を確認,"オンライン講座比較では、独学は公式範囲の確定と復習の仕組みが土台です。最初の1時間は教材ではなく受験案内と出題範囲に充ててください。制度・数値の最終確認は消防試験研究センター（危険物取扱者）の最新案内で行い、乙4マスターの実践演習・用語解説で理解を固めてください。

比較するときは、出題範囲との対応、解説の丁寧さ、最新改定への追随、自分の分野別弱点に合う章立てかを基準にし、複数を同時に始めないことが大切です。購入前に目次とサンプル章で文体を確認してください。",教材・参考書の選び方,"オンライン講座比較を進めるうえで、参考書・問題集は各1冊から始め、目次とサンプル章で文体を確認してから追加します。乙4は数字・用語の索引があるかも選定ポイントです。

比較するときは、出題範囲との対応、解説の丁寧さ、最新改定への追随、自分の分野別弱点に合う章立てかを基準にし、複数を同時に始めないことが大切です。購入前に目次とサンプル章で文体を確認してください。",過去問で現在地を確認,"ここではオンライン講座比較について、実践演習500問で分野別正答率を測り、70%未満の分野からテキストを当てます。正答率が高い分野は維持演習に切り替えます。

比較するときは、出題範囲との対応、解説の丁寧さ、最新改定への追随、自分の分野別弱点に合う章立てかを基準にし、複数を同時に始めないことが大切です。購入前に目次とサンプル章で文体を確認してください。",復習を計画に入れる,"オンライン講座比較の実務で押さえるのは、誤答と「なんとなく正解」を記録し、翌日以降に再演習します。解きっぱなしは同じミスを本番まで持ち込みます。

比較するときは、出題範囲との対応、解説の丁寧さ、最新改定への追随、自分の分野別弱点に合う章立てかを基準にし、複数を同時に始めないことが大切です。購入前に目次とサンプル章で文体を確認してください。",直前期の絞り込み,"まとめるとオンライン講座比較では、直前は新規教材を増やさず、誤答ノート・指定数量・消火の適否・届出類型に絞って見直します。制度・数値の最終確認は消防試験研究センター（危険物取扱者）の最新案内で行い、乙4マスターの実践演習・用語解説で理解を固めてください。

比較するときは、出題範囲との対応、解説の丁寧さ、最新改定への追随、自分の分野別弱点に合う章立てかを基準にし、複数を同時に始めないことが大切です。購入前に目次とサンプル章で文体を確認してください。",,,,,教材は必ず購入が必要ですか？,必須ではありません。公式範囲と当サイトの演習・用語で足りる場合もあります。,アフィリエイト記事の信頼性は？,選定基準を明示していますが、価格・契約条件は各販売元の公式情報を優先してください。,exam-overview:試験概要;study-plan:学習計画
affiliate-correspondence-course,独学対策,危険物取扱者試験（乙種第4類）の通信講座比較,危険物取扱者試験（乙種第4類）の通信講座比較。独学の教材と進め方を、危険物取扱者試験（乙種第4類）受験者向けに乙4マスターが整理しました。,※本記事には教材・講座の紹介（アフィリエイト）を含みます。価格・内容・返品条件は各公式サイトで必ずご確認ください。通信講座比較について、独学の進め方と教材の選び方を説明します。,26,アフィリエイト;独学;教材;学習計画,乙4マスター編集部,危険物取扱者試験（乙種第4類）向けの学習コンテンツ（演習・用語・試験ガイド）を整理する編集チーム,公式情報確認担当,消防試験研究センター・消防庁の公開情報と照合し、サイト内リンクの整合を確認,2026-05-21,消防試験研究センター 危険物取扱者（公式）|https://www.shoubo-shiken.or.jp/kikenbutsu/;消防庁（公式）|https://www.fdma.go.jp/,affiliate-correspondence-course — populate_o4_guide_articles.py で生成,「通信講座比較」を理解し、乙4マスターの演習・用語・関連ガイドへ進みたい。,公式出題範囲を確認する;無料コンテンツで不足を把握する;購入前に目次・サンプルを確認する,試験要項・消防法改正・出題範囲の更新時に本文と参照元を見直します。,2026-05-21,2026-06-20,2026-05-21,published,enrich_o4_guide_articles.py で 2026-05-21 品質更新（スラッグ別本文・FAQ）。,独学前に公式情報を確認,"通信講座比較では、独学は公式範囲の確定と復習の仕組みが土台です。最初の1時間は教材ではなく受験案内と出題範囲に充ててください。制度・数値の最終確認は消防試験研究センター（危険物取扱者）の最新案内で行い、乙4マスターの実践演習・用語解説で理解を固めてください。

比較するときは、出題範囲との対応、解説の丁寧さ、最新改定への追随、自分の分野別弱点に合う章立てかを基準にし、複数を同時に始めないことが大切です。購入前に目次とサンプル章で文体を確認してください。",教材・参考書の選び方,"通信講座比較を進めるうえで、参考書・問題集は各1冊から始め、目次とサンプル章で文体を確認してから追加します。乙4は数字・用語の索引があるかも選定ポイントです。

比較するときは、出題範囲との対応、解説の丁寧さ、最新改定への追随、自分の分野別弱点に合う章立てかを基準にし、複数を同時に始めないことが大切です。購入前に目次とサンプル章で文体を確認してください。",過去問で現在地を確認,"ここでは通信講座比較について、実践演習500問で分野別正答率を測り、70%未満の分野からテキストを当てます。正答率が高い分野は維持演習に切り替えます。

比較するときは、出題範囲との対応、解説の丁寧さ、最新改定への追随、自分の分野別弱点に合う章立てかを基準にし、複数を同時に始めないことが大切です。購入前に目次とサンプル章で文体を確認してください。",復習を計画に入れる,"通信講座比較の実務で押さえるのは、誤答と「なんとなく正解」を記録し、翌日以降に再演習します。解きっぱなしは同じミスを本番まで持ち込みます。制度・数値の最終確認は消防試験研究センター（危険物取扱者）の最新案内で行い、乙4マスターの実践演習・用語解説で理解を固めてください。

比較するときは、出題範囲との対応、解説の丁寧さ、最新改定への追随、自分の分野別弱点に合う章立てかを基準にし、複数を同時に始めないことが大切です。購入前に目次とサンプル章で文体を確認してください。",直前期の絞り込み,"まとめると通信講座比較では、直前は新規教材を増やさず、誤答ノート・指定数量・消火の適否・届出類型に絞って見直します。制度・数値の最終確認は消防試験研究センター（危険物取扱者）の最新案内で行い、乙4マスターの実践演習・用語解説で理解を固めてください。

比較するときは、出題範囲との対応、解説の丁寧さ、最新改定への追随、自分の分野別弱点に合う章立てかを基準にし、複数を同時に始めないことが大切です。購入前に目次とサンプル章で文体を確認してください。",,,,,教材は必ず購入が必要ですか？,必須ではありません。公式範囲と当サイトの演習・用語で足りる場合もあります。,アフィリエイト記事の信頼性は？,選定基準を明示していますが、価格・契約条件は各販売元の公式情報を優先してください。,exam-overview:試験概要;study-plan:学習計画
affiliate-cram-school,独学対策,危険物取扱者試験（乙種第4類）の予備校・講座の選び方,危険物取扱者試験（乙種第4類）の予備校・講座の選び方。独学の教材と進め方を、危険物取扱者試験（乙種第4類）受験者向けに乙4マスターが整理しました。,※本記事には教材・講座の紹介（アフィリエイト）を含みます。価格・内容・返品条件は各公式サイトで必ずご確認ください。予備校・講座の選び方について、独学の進め方と教材の選び方を説明します。,26,アフィリエイト;独学;教材;学習計画,乙4マスター編集部,危険物取扱者試験（乙種第4類）向けの学習コンテンツ（演習・用語・試験ガイド）を整理する編集チーム,公式情報確認担当,消防試験研究センター・消防庁の公開情報と照合し、サイト内リンクの整合を確認,2026-05-21,消防試験研究センター 危険物取扱者（公式）|https://www.shoubo-shiken.or.jp/kikenbutsu/;消防庁（公式）|https://www.fdma.go.jp/,affiliate-cram-school — populate_o4_guide_articles.py で生成,「予備校・講座の選び方」を理解し、乙4マスターの演習・用語・関連ガイドへ進みたい。,公式出題範囲を確認する;無料コンテンツで不足を把握する;購入前に目次・サンプルを確認する,試験要項・消防法改正・出題範囲の更新時に本文と参照元を見直します。,2026-05-21,2026-06-20,2026-05-21,published,enrich_o4_guide_articles.py で 2026-05-21 品質更新（スラッグ別本文・FAQ）。,独学前に公式情報を確認,"予備校・講座の選び方では、独学は公式範囲の確定と復習の仕組みが土台です。最初の1時間は教材ではなく受験案内と出題範囲に充ててください。制度・数値の最終確認は消防試験研究センター（危険物取扱者）の最新案内で行い、乙4マスターの実践演習・用語解説で理解を固めてください。

比較するときは、出題範囲との対応、解説の丁寧さ、最新改定への追随、自分の分野別弱点に合う章立てかを基準にし、複数を同時に始めないことが大切です。購入前に目次とサンプル章で文体を確認してください。",教材・参考書の選び方,"予備校・講座の選び方を進めるうえで、参考書・問題集は各1冊から始め、目次とサンプル章で文体を確認してから追加します。乙4は数字・用語の索引があるかも選定ポイントです。

比較するときは、出題範囲との対応、解説の丁寧さ、最新改定への追随、自分の分野別弱点に合う章立てかを基準にし、複数を同時に始めないことが大切です。購入前に目次とサンプル章で文体を確認してください。",過去問で現在地を確認,"ここでは予備校・講座の選び方について、実践演習500問で分野別正答率を測り、70%未満の分野からテキストを当てます。正答率が高い分野は維持演習に切り替えます。

比較するときは、出題範囲との対応、解説の丁寧さ、最新改定への追随、自分の分野別弱点に合う章立てかを基準にし、複数を同時に始めないことが大切です。購入前に目次とサンプル章で文体を確認してください。",復習を計画に入れる,"予備校・講座の選び方の実務で押さえるのは、誤答と「なんとなく正解」を記録し、翌日以降に再演習します。解きっぱなしは同じミスを本番まで持ち込みます。

比較するときは、出題範囲との対応、解説の丁寧さ、最新改定への追随、自分の分野別弱点に合う章立てかを基準にし、複数を同時に始めないことが大切です。購入前に目次とサンプル章で文体を確認してください。",直前期の絞り込み,"まとめると予備校・講座の選び方では、直前は新規教材を増やさず、誤答ノート・指定数量・消火の適否・届出類型に絞って見直します。制度・数値の最終確認は消防試験研究センター（危険物取扱者）の最新案内で行い、乙4マスターの実践演習・用語解説で理解を固めてください。

比較するときは、出題範囲との対応、解説の丁寧さ、最新改定への追随、自分の分野別弱点に合う章立てかを基準にし、複数を同時に始めないことが大切です。購入前に目次とサンプル章で文体を確認してください。",,,,,教材は必ず購入が必要ですか？,必須ではありません。公式範囲と当サイトの演習・用語で足りる場合もあります。,アフィリエイト記事の信頼性は？,選定基準を明示していますが、価格・契約条件は各販売元の公式情報を優先してください。,exam-overview:試験概要;study-plan:学習計画
affiliate-mock-exam-materials,過去問活用,危険物取扱者試験（乙種第4類）の模試教材の選び方,危険物取扱者試験（乙種第4類）の模試教材の選び方。演習・解き直しの手順を、危険物取扱者試験（乙種第4類）受験者向けに乙4マスターが整理しました。,※本記事には教材・講座の紹介（アフィリエイト）を含みます。価格・内容・返品条件は各公式サイトで必ずご確認ください。模試教材の選び方について、演習・解き直し・弱点の見つけ方をまとめます。,30,アフィリエイト;過去問;模試;復習,乙4マスター編集部,危険物取扱者試験（乙種第4類）向けの学習コンテンツ（演習・用語・試験ガイド）を整理する編集チーム,公式情報確認担当,消防試験研究センター・消防庁の公開情報と照合し、サイト内リンクの整合を確認,2026-05-21,消防試験研究センター 危険物取扱者（公式）|https://www.shoubo-shiken.or.jp/kikenbutsu/;消防庁（公式）|https://www.fdma.go.jp/,affiliate-mock-exam-materials — populate_o4_guide_articles.py で生成,「模試教材の選び方」を理解し、乙4マスターの演習・用語・関連ガイドへ進みたい。,公式出題範囲を確認する;無料コンテンツで不足を把握する;購入前に目次・サンプルを確認する,試験要項・消防法改正・出題範囲の更新時に本文と参照元を見直します。,2026-05-21,2026-06-20,2026-05-21,published,enrich_o4_guide_articles.py で 2026-05-21 品質更新（スラッグ別本文・FAQ）。,最初は年度別に解く,"模試教材の選び方では、最新年度の過去問で本番形式に慣れ、続けて実践演習で分野別の量を確保する二段構えが効率的です。制度・数値の最終確認は消防試験研究センター（危険物取扱者）の最新案内で行い、乙4マスターの実践演習・用語解説で理解を固めてください。

比較するときは、出題範囲との対応、解説の丁寧さ、最新改定への追随、自分の分野別弱点に合う章立てかを基準にし、複数を同時に始めないことが大切です。購入前に目次とサンプル章で文体を確認してください。",模試・一問一答の位置づけ,"模試教材の選び方を進めるうえで、一問一答は隙間時間の用語確認、本番形式は過去問・実践演習で練習します。役割を混ぜないと効率が落ちます。制度・数値の最終確認は消防試験研究センター（危険物取扱者）の最新案内で行い、乙4マスターの実践演習・用語解説で理解を固めてください。

比較するときは、出題範囲との対応、解説の丁寧さ、最新改定への追随、自分の分野別弱点に合う章立てかを基準にし、複数を同時に始めないことが大切です。購入前に目次とサンプル章で文体を確認してください。",間違いの理由を分類する,"ここでは模試教材の選び方について、誤答を知識不足・用語混同・計算ミス・読み飛ばしに分類し、同じ理由が続く分野は用語解説へ戻ります。制度・数値の最終確認は消防試験研究センター（危険物取扱者）の最新案内で行い、乙4マスターの実践演習・用語解説で理解を固めてください。

比較するときは、出題範囲との対応、解説の丁寧さ、最新改定への追随、自分の分野別弱点に合う章立てかを基準にし、複数を同時に始めないことが大切です。購入前に目次とサンプル章で文体を確認してください。",解き直しのタイミング,"模試教材の選び方の実務で押さえるのは、解き直しは翌日以降。1週間空けた再演習で、暗記ではなく理解の確認になります。ブックマーク一覧を週次で空にするまで繰り返し、正答率の推移をメモに残してください。

比較するときは、出題範囲との対応、解説の丁寧さ、最新改定への追随、自分の分野別弱点に合う章立てかを基準にし、複数を同時に始めないことが大切です。購入前に目次とサンプル章で文体を確認してください。",用語・分野別学習へ戻る,"まとめると模試教材の選び方では、繰り返し落とす語句は用語解説で混同ペアを確認し、関連リンクで5語セット学習→演習10問で定着させます。演習だけで終わらせず、必ず用語ページで定義を一言で言えるまで確認してから次へ進みます。

比較するときは、出題範囲との対応、解説の丁寧さ、最新改定への追随、自分の分野別弱点に合う章立てかを基準にし、複数を同時に始めないことが大切です。購入前に目次とサンプル章で文体を確認してください。",,,,,教材は必ず購入が必要ですか？,必須ではありません。公式範囲と当サイトの演習・用語で足りる場合もあります。,アフィリエイト記事の信頼性は？,選定基準を明示していますが、価格・契約条件は各販売元の公式情報を優先してください。,study-plan:学習計画;glossary-how-to:用語整理
affiliate-free-vs-paid-study,独学対策,危険物取扱者試験（乙種第4類）無料と有料教材の使い分け,危険物取扱者試験（乙種第4類）無料と有料教材の使い分け。独学の教材と進め方を、危険物取扱者試験（乙種第4類）受験者向けに乙4マスターが整理しました。,※本記事には教材・講座の紹介（アフィリエイト）を含みます。価格・内容・返品条件は各公式サイトで必ずご確認ください。無料と有料教材の使い分けについて、独学の進め方と教材の選び方を説明します。,26,アフィリエイト;独学;教材;学習計画,乙4マスター編集部,危険物取扱者試験（乙種第4類）向けの学習コンテンツ（演習・用語・試験ガイド）を整理する編集チーム,公式情報確認担当,消防試験研究センター・消防庁の公開情報と照合し、サイト内リンクの整合を確認,2026-05-21,消防試験研究センター 危険物取扱者（公式）|https://www.shoubo-shiken.or.jp/kikenbutsu/;消防庁（公式）|https://www.fdma.go.jp/,affiliate-free-vs-paid-study — populate_o4_guide_articles.py で生成,「無料と有料教材の使い分け」を理解し、乙4マスターの演習・用語・関連ガイドへ進みたい。,公式出題範囲を確認する;無料コンテンツで不足を把握する;購入前に目次・サンプルを確認する,試験要項・消防法改正・出題範囲の更新時に本文と参照元を見直します。,2026-05-21,2026-06-20,2026-05-21,published,enrich_o4_guide_articles.py で 2026-05-21 品質更新（スラッグ別本文・FAQ）。,独学前に公式情報を確認,"無料と有料教材の使い分けでは、独学は公式範囲の確定と復習の仕組みが土台です。最初の1時間は教材ではなく受験案内と出題範囲に充ててください。制度・数値の最終確認は消防試験研究センター（危険物取扱者）の最新案内で行い、乙4マスターの実践演習・用語解説で理解を固めてください。

比較するときは、出題範囲との対応、解説の丁寧さ、最新改定への追随、自分の分野別弱点に合う章立てかを基準にし、複数を同時に始めないことが大切です。購入前に目次とサンプル章で文体を確認してください。",教材・参考書の選び方,"無料と有料教材の使い分けを進めるうえで、参考書・問題集は各1冊から始め、目次とサンプル章で文体を確認してから追加します。乙4は数字・用語の索引があるかも選定ポイントです。

比較するときは、出題範囲との対応、解説の丁寧さ、最新改定への追随、自分の分野別弱点に合う章立てかを基準にし、複数を同時に始めないことが大切です。購入前に目次とサンプル章で文体を確認してください。",過去問で現在地を確認,"ここでは無料と有料教材の使い分けについて、実践演習500問で分野別正答率を測り、70%未満の分野からテキストを当てます。正答率が高い分野は維持演習に切り替えます。

比較するときは、出題範囲との対応、解説の丁寧さ、最新改定への追随、自分の分野別弱点に合う章立てかを基準にし、複数を同時に始めないことが大切です。購入前に目次とサンプル章で文体を確認してください。",復習を計画に入れる,"無料と有料教材の使い分けの実務で押さえるのは、誤答と「なんとなく正解」を記録し、翌日以降に再演習します。解きっぱなしは同じミスを本番まで持ち込みます。

比較するときは、出題範囲との対応、解説の丁寧さ、最新改定への追随、自分の分野別弱点に合う章立てかを基準にし、複数を同時に始めないことが大切です。購入前に目次とサンプル章で文体を確認してください。",直前期の絞り込み,"まとめると無料と有料教材の使い分けでは、直前は新規教材を増やさず、誤答ノート・指定数量・消火の適否・届出類型に絞って見直します。制度・数値の最終確認は消防試験研究センター（危険物取扱者）の最新案内で行い、乙4マスターの実践演習・用語解説で理解を固めてください。

比較するときは、出題範囲との対応、解説の丁寧さ、最新改定への追随、自分の分野別弱点に合う章立てかを基準にし、複数を同時に始めないことが大切です。購入前に目次とサンプル章で文体を確認してください。",,,,,教材は必ず購入が必要ですか？,必須ではありません。公式範囲と当サイトの演習・用語で足りる場合もあります。,アフィリエイト記事の信頼性は？,選定基準を明示していますが、価格・契約条件は各販売元の公式情報を優先してください。,exam-overview:試験概要;study-plan:学習計画
affiliate-beginner-material-set,学習計画,危険物取扱者試験（乙種第4類）初学者の教材セット,危険物取扱者試験（乙種第4類）初学者の教材セット。期間別の学習設計を、危険物取扱者試験（乙種第4類）受験者向けに乙4マスターが整理しました。,※本記事には教材・講座の紹介（アフィリエイト）を含みます。価格・内容・返品条件は各公式サイトで必ずご確認ください。初学者の教材セットについて、期間・週間表・復習の組み立て方を整理します。,25,アフィリエイト;学習計画;試験対策,乙4マスター編集部,危険物取扱者試験（乙種第4類）向けの学習コンテンツ（演習・用語・試験ガイド）を整理する編集チーム,公式情報確認担当,消防試験研究センター・消防庁の公開情報と照合し、サイト内リンクの整合を確認,2026-05-21,消防試験研究センター 危険物取扱者（公式）|https://www.shoubo-shiken.or.jp/kikenbutsu/;消防庁（公式）|https://www.fdma.go.jp/,affiliate-beginner-material-set — populate_o4_guide_articles.py で生成,「初学者の教材セット」を理解し、乙4マスターの演習・用語・関連ガイドへ進みたい。,公式出題範囲を確認する;無料コンテンツで不足を把握する;購入前に目次・サンプルを確認する,試験要項・消防法改正・出題範囲の更新時に本文と参照元を見直します。,2026-05-21,2026-06-20,2026-05-21,published,enrich_o4_guide_articles.py で 2026-05-21 品質更新（スラッグ別本文・FAQ）。,全体像を分野に分ける,"初学者の教材セットでは、3分野（法令・物性・火災）をローテーションし、週ごとに「重点分野」を1つだけ決めます。正答率で次週の配分を調整します。制度・数値の最終確認は消防試験研究センター（危険物取扱者）の最新案内で行い、乙4マスターの実践演習・用語解説で理解を固めてください。

比較するときは、出題範囲との対応、解説の丁寧さ、最新改定への追随、自分の分野別弱点に合う章立てかを基準にし、複数を同時に始めないことが大切です。購入前に目次とサンプル章で文体を確認してください。",学習期間の目安,"初学者の教材セットを進めるうえで、学習期間は1日の確保時間と前提知識で決めます。無理な短期化より、復習日を先にカレンダー確保する方が定着しやすいです。

比較するときは、出題範囲との対応、解説の丁寧さ、最新改定への追随、自分の分野別弱点に合う章立てかを基準にし、複数を同時に始めないことが大切です。購入前に目次とサンプル章で文体を確認してください。",週間スケジュールの例,"ここでは初学者の教材セットについて、週間表の例：平日は短時間の一問一答、週末は演習まとめ＋解き直し。新規インプットの日と復習のみの日を分けます。

比較するときは、出題範囲との対応、解説の丁寧さ、最新改定への追随、自分の分野別弱点に合う章立てかを基準にし、複数を同時に始めないことが大切です。購入前に目次とサンプル章で文体を確認してください。",復習日の入れ方,"初学者の教材セットの実務で押さえるのは、翌日・1週間後・直前の3層復習をセットにします。ブックマーク・誤答フィルタで復習対象を自動的に絞れます。

比較するときは、出題範囲との対応、解説の丁寧さ、最新改定への追随、自分の分野別弱点に合う章立てかを基準にし、複数を同時に始めないことが大切です。購入前に目次とサンプル章で文体を確認してください。",直前期の調整,"まとめると初学者の教材セットでは、直前2週間は範囲拡大を止め、誤答・数字・混同用語だけを毎日短時間見直します。模擬演習は時間計測を1回だけ行い、残りは誤答と数字表の見直しに充ててください。

比較するときは、出題範囲との対応、解説の丁寧さ、最新改定への追随、自分の分野別弱点に合う章立てかを基準にし、複数を同時に始めないことが大切です。購入前に目次とサンプル章で文体を確認してください。",,,,,教材は必ず購入が必要ですか？,必須ではありません。公式範囲と当サイトの演習・用語で足りる場合もあります。,アフィリエイト記事の信頼性は？,選定基準を明示していますが、価格・契約条件は各販売元の公式情報を優先してください。,exam-overview:試験概要;past-question-strategy:過去問の使い方
affiliate-retake-short-course,学習計画,危険物取扱者試験（乙種第4類）再受験者向け短期講座,危険物取扱者試験（乙種第4類）再受験者向け短期講座。期間別の学習設計を、危険物取扱者試験（乙種第4類）受験者向けに乙4マスターが整理しました。,※本記事には教材・講座の紹介（アフィリエイト）を含みます。価格・内容・返品条件は各公式サイトで必ずご確認ください。再受験者向け短期講座について、期間・週間表・復習の組み立て方を整理します。,25,アフィリエイト;学習計画;試験対策,乙4マスター編集部,危険物取扱者試験（乙種第4類）向けの学習コンテンツ（演習・用語・試験ガイド）を整理する編集チーム,公式情報確認担当,消防試験研究センター・消防庁の公開情報と照合し、サイト内リンクの整合を確認,2026-05-21,消防試験研究センター 危険物取扱者（公式）|https://www.shoubo-shiken.or.jp/kikenbutsu/;消防庁（公式）|https://www.fdma.go.jp/,affiliate-retake-short-course — populate_o4_guide_articles.py で生成,「再受験者向け短期講座」を理解し、乙4マスターの演習・用語・関連ガイドへ進みたい。,公式出題範囲を確認する;無料コンテンツで不足を把握する;購入前に目次・サンプルを確認する,試験要項・消防法改正・出題範囲の更新時に本文と参照元を見直します。,2026-05-21,2026-06-20,2026-05-21,published,enrich_o4_guide_articles.py で 2026-05-21 品質更新（スラッグ別本文・FAQ）。,全体像を分野に分ける,"再受験者向け短期講座では、3分野（法令・物性・火災）をローテーションし、週ごとに「重点分野」を1つだけ決めます。正答率で次週の配分を調整します。

比較するときは、出題範囲との対応、解説の丁寧さ、最新改定への追随、自分の分野別弱点に合う章立てかを基準にし、複数を同時に始めないことが大切です。購入前に目次とサンプル章で文体を確認してください。",学習期間の目安,"再受験者向け短期講座を進めるうえで、学習期間は1日の確保時間と前提知識で決めます。無理な短期化より、復習日を先にカレンダー確保する方が定着しやすいです。

比較するときは、出題範囲との対応、解説の丁寧さ、最新改定への追随、自分の分野別弱点に合う章立てかを基準にし、複数を同時に始めないことが大切です。購入前に目次とサンプル章で文体を確認してください。",週間スケジュールの例,"ここでは再受験者向け短期講座について、週間表の例：平日は短時間の一問一答、週末は演習まとめ＋解き直し。新規インプットの日と復習のみの日を分けます。

比較するときは、出題範囲との対応、解説の丁寧さ、最新改定への追随、自分の分野別弱点に合う章立てかを基準にし、複数を同時に始めないことが大切です。購入前に目次とサンプル章で文体を確認してください。",復習日の入れ方,"再受験者向け短期講座の実務で押さえるのは、翌日・1週間後・直前の3層復習をセットにします。ブックマーク・誤答フィルタで復習対象を自動的に絞れます。

比較するときは、出題範囲との対応、解説の丁寧さ、最新改定への追随、自分の分野別弱点に合う章立てかを基準にし、複数を同時に始めないことが大切です。購入前に目次とサンプル章で文体を確認してください。",直前期の調整,"まとめると再受験者向け短期講座では、直前2週間は範囲拡大を止め、誤答・数字・混同用語だけを毎日短時間見直します。模擬演習は時間計測を1回だけ行い、残りは誤答と数字表の見直しに充ててください。

比較するときは、出題範囲との対応、解説の丁寧さ、最新改定への追随、自分の分野別弱点に合う章立てかを基準にし、複数を同時に始めないことが大切です。購入前に目次とサンプル章で文体を確認してください。",,,,,教材は必ず購入が必要ですか？,必須ではありません。公式範囲と当サイトの演習・用語で足りる場合もあります。,アフィリエイト記事の信頼性は？,選定基準を明示していますが、価格・契約条件は各販売元の公式情報を優先してください。,exam-overview:試験概要;past-question-strategy:過去問の使い方
affiliate-qualification-support-service,受験・申込,危険物取扱者試験（乙種第4類）の受験サポートサービス,危険物取扱者試験（乙種第4類）の受験サポートサービス。資格・日程・申込の実務ポイントを、危険物取扱者試験（乙種第4類）受験者向けに乙4マスターが整理しました。,※本記事には教材・講座の紹介（アフィリエイト）を含みます。価格・内容・返品条件は各公式サイトで必ずご確認ください。受験サポートサービスについて、申込前に押さえる公式情報と手続きのポイントです。,15,アフィリエイト;受験資格;申込;公式情報,乙4マスター編集部,危険物取扱者試験（乙種第4類）向けの学習コンテンツ（演習・用語・試験ガイド）を整理する編集チーム,公式情報確認担当,消防試験研究センター・消防庁の公開情報と照合し、サイト内リンクの整合を確認,2026-05-21,消防試験研究センター 危険物取扱者（公式）|https://www.shoubo-shiken.or.jp/kikenbutsu/;消防庁（公式）|https://www.fdma.go.jp/,affiliate-qualification-support-service — populate_o4_guide_articles.py で生成,「受験サポートサービス」を理解し、乙4マスターの演習・用語・関連ガイドへ進みたい。,公式出題範囲を確認する;無料コンテンツで不足を把握する;購入前に目次・サンプルを確認する,試験要項・消防法改正・出題範囲の更新時に本文と参照元を見直します。,2026-05-21,2026-06-20,2026-05-21,published,enrich_o4_guide_articles.py で 2026-05-21 品質更新（スラッグ別本文・FAQ）。,受験資格の確認,"受験サポートサービスでは、受験資格は学歴・実務・他免状の組み合わせで決まります。公式の資格表で条件を自分の経歴に当てはめ、該当欄にチェックを入れて確認します。

比較するときは、出題範囲との対応、解説の丁寧さ、最新改定への追随、自分の分野別弱点に合う章立てかを基準にし、複数を同時に始めないことが大切です。購入前に目次とサンプル章で文体を確認してください。",年間スケジュール,"受験サポートサービスを進めるうえで、年間スケジュールは地域・実施回で異なります。申込開始・締切・試験日・合格発表をカレンダーに一括登録し、学習開始日を逆算します。

比較するときは、出題範囲との対応、解説の丁寧さ、最新改定への追随、自分の分野別弱点に合う章立てかを基準にし、複数を同時に始めないことが大切です。購入前に目次とサンプル章で文体を確認してください。",申込期間と手数料,"ここでは受験サポートサービスについて、受験料・納付方法は年度案内で確認します。振込名義・申込書の不備は不受理の原因になりやすいため、記入例と照合してください。

比較するときは、出題範囲との対応、解説の丁寧さ、最新改定への追随、自分の分野別弱点に合う章立てかを基準にし、複数を同時に始めないことが大切です。購入前に目次とサンプル章で文体を確認してください。",申込手順と会場,"受験サポートサービスの実務で押さえるのは、申込は案内に沿った書類・写真・会場希望を揃えて提出します。会場アクセスと当日の入場時間も同時にメモしておきます。

比較するときは、出題範囲との対応、解説の丁寧さ、最新改定への追随、自分の分野別弱点に合う章立てかを基準にし、複数を同時に始めないことが大切です。購入前に目次とサンプル章で文体を確認してください。",申込前チェックリスト,"まとめると受験サポートサービスでは、提出前に資格・期限・料金・会場・持ち物を再読みし、変更・欠席時の扱いも公式で確認してから申し込みます。制度・数値の最終確認は消防試験研究センター（危険物取扱者）の最新案内で行い、乙4マスターの実践演習・用語解説で理解を固めてください。

比較するときは、出題範囲との対応、解説の丁寧さ、最新改定への追随、自分の分野別弱点に合う章立てかを基準にし、複数を同時に始めないことが大切です。購入前に目次とサンプル章で文体を確認してください。",,,,,教材は必ず購入が必要ですか？,必須ではありません。公式範囲と当サイトの演習・用語で足りる場合もあります。,アフィリエイト記事の信頼性は？,選定基準を明示していますが、価格・契約条件は各販売元の公式情報を優先してください。,exam-overview:試験概要;study-plan:学習計画
