slug,title,category,tags,summary,confusion_point,pattern_rows,article_title,article_lead,exam_points,common_mistakes,memory_tip,related_terms,faq_1_question,faq_1_answer,faq_2_question,faq_2_answer,faq_3_question,faq_3_answer,faq_4_question,faq_4_answer
gosyu-chigai,甲種乙種丙種の取り違え,法令・制度,甲種;乙種;丙種;誤答,3種類の免状の取扱範囲・受験資格を取り違える典型誤答を整理します。,「どれもガソリンが扱える」から丙種でも全第4類可と誤解しやすい。,"[{""topic"": ""取扱範囲について教えてください"", ""wrong"": ""丙種でも第4類すべて取扱える"", ""correct"": ""丙種は指定品目のみ。乙4は第4類全般"", ""trap"": ""乙4人気から丙種＝乙4と誤解""}, {""topic"": ""受験資格について教えてください"", ""wrong"": ""甲種も誰でも受験できる"", ""correct"": ""甲種は受験資格が必要"", ""trap"": ""乙・丙は不要と混同""}, {""topic"": ""手数料について教えてください"", ""wrong"": ""乙種は4200円"", ""correct"": ""乙種5300円・丙4200円"", ""trap"": ""丙種と乙種の入替""}, {""topic"": ""類の取得について教えてください"", ""wrong"": ""乙1取得で乙4も取得"", ""correct"": ""類ごとに試験が必要"", ""trap"": ""類の独立を無視""}]",甲種乙種丙種の誤答パターン｜乙4,甲・乙・丙は取扱範囲・受験資格・手数料がすべて異なります。特に丙種は指定危険物に限定され、乙4より狭い点が試験の定番引っかけです。,丙種は指定品目のみ;甲種は受験資格要;乙種は類別試験;手数料は甲>乙>丙,丙種＝乙4;甲種も資格不要;1類取得で全類可,「丙＝指定のみ」を必ずセットで覚える。,甲種・乙種・丙種の違い;丙種危険物取扱者;乙種第4類,最も多い誤答は？,丙種で第4類すべてを扱えるとする誤りです。丙種は指定された危険物に限られます。 乙4試験では丙種は指定品目のみを条文・政令とセットで確認し、過去問の正誤肢を用語集ページと照合しながら分類してください。,甲種の誤答は？,甲種も誰でも受験できるとする肢。甲種は受験資格が必要です。 乙4試験では丙種は指定品目のみを条文・政令とセットで確認し、過去問の正誤肢を用語集ページと照合しながら分類してください。 本ページは学習整理用です。最新の試験要項・政令改正は必ず公式情報で確認してください。,試験対策はについて教えてください？,3種類比較表を暗記し、比較・整理表記事と用語解説で確認してください。 乙4試験では丙種は指定品目のみを条文・政令とセットで確認し、過去問の正誤肢を用語集ページと照合しながら分類してください。 本ページは学習整理用です。最新の試験要項・政令改正は必ず公式情報で確認してください。,公式確認はについて教えてください？,消防試験研究センターの受験案内を参照してください。 乙4試験では丙種は指定品目のみを条文・政令とセットで確認し、過去問の正誤肢を用語集ページと照合しながら分類してください。 本ページは学習整理用です。最新の試験要項・政令改正は必ず公式情報で確認してください。
inka-hakka-kon,引火点と発火点の混同,物性・化学,引火点;発火点;誤答,引火点と発火点の定義・数値を混同する誤答パターンを整理します。,どちらも「着く温度」で同じと誤解しやすい。,"[{""topic"": ""定義について教えてください"", ""wrong"": ""引火点＝発火点である"", ""correct"": ""引火点は外部火源、発火点は自然発火"", ""trap"": ""温度概念の同一視""}, {""topic"": ""第4類について教えてください"", ""wrong"": ""発火点で液体を分類する"", ""correct"": ""引火点で分類する"", ""trap"": ""用語の取替""}, {""topic"": ""ガソリンについて教えてください"", ""wrong"": ""200℃以上の第4類"", ""correct"": ""特殊引火点として別扱い"", ""trap"": ""分類表の誤適用""}, {""topic"": ""自然発火について教えてください"", ""wrong"": ""引火点が低いだけで自然発火"", ""correct"": ""自己発熱等の別現象"", ""trap"": ""第3類問題との混同""}]",引火点と発火点の誤答｜乙4,引火点は外部火源による着火温度、発火点は自然発火温度です。同じ「温度」でも物理現象が異なります。,引火点＝分類基準;発火点＝自然発火;同一視しない;ガソリンは特殊引火点,両者同一;発火点で第4類分類;引火点が高い＝危険,「引火＝外の火」「発火＝自然」と短語で区別。,引火点;発火点;引火・発火・自然発火の違い,典型誤答はについて教えてください？,引火点と発火点を同じ定義・同じ数値とする肢です。 乙4試験では引火点＝分類基準を条文・政令とセットで確認し、過去問の正誤肢を用語集ページと照合しながら分類してください。 本ページは学習整理用です。最新の試験要項・政令改正は必ず公式情報で確認してください。,第4類ではについて教えてください？,液体分類は引火点が基準です。発火点で分類する肢は誤りです。 乙4試験では引火点＝分類基準を条文・政令とセットで確認し、過去問の正誤肢を用語集ページと照合しながら分類してください。 本ページは学習整理用です。最新の試験要項・政令改正は必ず公式情報で確認してください。,対策はについて教えてください,引火点による分類表とセットで暗記。比較記事も参照してください。 乙4試験では引火点＝分類基準を条文・政令とセットで確認し、過去問の正誤肢を用語集ページと照合しながら分類してください。 本ページは学習整理用です。最新の試験要項・政令改正は必ず公式情報で確認してください。,関連する論点は？,自然発火性物質（第3類）の問題と混同しないでください。 乙4試験では引火点＝分類基準を条文・政令とセットで確認し、過去問の正誤肢を用語集ページと照合しながら分類してください。 本ページは学習整理用です。最新の試験要項・政令改正は必ず公式情報で確認してください。
shitei-kitei-kon,指定数量と規定数量の混同,法令・制度,指定数量;規定数量;倍数,指定数量と規定数量を同一視する、倍数計算を誤る典型パターンを整理します。,どちらも「数量基準」に見えるため混同しやすい。,"[{""topic"": ""意味について教えてください"", ""wrong"": ""指定数量＝規定数量"", ""correct"": ""指定＝基準、規定＝倍数で算定"", ""trap"": ""用語の同一視""}, {""topic"": ""ガソリンについて教えてください"", ""wrong"": ""規定数量200L"", ""correct"": ""指定数量200L"", ""trap"": ""倍数前後の取替""}, {""topic"": ""防火堤について教えてください"", ""wrong"": ""指定数量の1.1倍"", ""correct"": ""規定数量の1.1倍"", ""trap"": ""基数の誤り""}, {""topic"": ""届出について教えてください"", ""wrong"": ""規定数量以上で届出"", ""correct"": ""指定数量以上等で区分"", ""trap"": ""閾値の混同""}]",指定数量と規定数量の誤答｜乙4,指定数量は政令の基準量、規定数量はその倍数で決まる量です。倍数計算の基数を間違えると防火堤・届出問題がすべて誤ります。,指定＝基準;規定＝倍数;ガソリン指定200L;計算基数を間違えない,同一視;倍数の掛け先ミス;品目数量の入替,「指定→規定は×倍数」と計算順を固定。,指定数量;指定数量の倍数;指定数量の意味,なぜ混同する？,どちらもL単位の数量で、問題文に「数量」だけが出るためです。 乙4試験では指定＝基準を条文・政令とセットで確認し、過去問の正誤肢を用語集ページと照合しながら分類してください。 本ページは学習整理用です。最新の試験要項・政令改正は必ず公式情報で確認してください。,対策はについて教えてください,品目→指定数量→規定数量→防火堤の計算ドリルを繰り返してください。 乙4試験では指定＝基準を条文・政令とセットで確認し、過去問の正誤肢を用語集ページと照合しながら分類してください。 本ページは学習整理用です。最新の試験要項・政令改正は必ず公式情報で確認してください。,試験頻度はについて教えてください？,倍数・届出区分でほぼ毎年級の出題です。 乙4試験では指定＝基準を条文・政令とセットで確認し、過去問の正誤肢を用語集ページと照合しながら分類してください。 本ページは学習整理用です。最新の試験要項・政令改正は必ず公式情報で確認してください。,确认先はどこですか？,危険物の規定数量等を定める政令を参照してください。 乙4試験では指定＝基準を条文・政令とセットで確認し、過去問の正誤肢を用語集ページと照合しながら分類してください。 本ページは学習整理用です。最新の試験要項・政令改正は必ず公式情報で確認してください。
kinzoku-mizu,金属火災に水消火を選ぶ誤り,火災・消火・漏えい,金属火災;水消火;マグネシウム,マグネシウム等の金属火災に水消火を適用する誤答を整理します。,「火災＝水」という一般常識が邪魔をする。,"[{""topic"": ""マグネシウム"", ""wrong"": ""水消火が最適"", ""correct"": ""水と反応し危険・粉末等を使用"", ""trap"": ""一般火災の延長""}, {""topic"": ""第2類について教えてください"", ""wrong"": ""硫黄火災に水が無条件で最適"", ""correct"": ""状況により適否が異なる"", ""trap"": ""一律判断""}, {""topic"": ""金属について教えてください"", ""wrong"": ""すべて粉末で消火"", ""correct"": ""品目により適切消火剤が異なる"", ""trap"": ""過剰一般化""}, {""topic"": ""禁水について教えてください"", ""wrong"": ""禁水性物質に水消火"", ""correct"": ""禁水・反応注意"", ""trap"": ""第3類との混同""}]",金属火災と水消火の誤答｜乙4,マグネシウム等の金属火災では水消火が危険な場合があります。水と反応して水素発生等のおそれがあるため、適切な消火剤を選びます。,金属火災に水は危険な場合あり;マグネシウムは代表;消火剤適否表を暗記;第2類・第3類も関連,すべての火災に水;金属火災＝泡のみ;禁水性に注水,「金属・禁水＝水禁止」を赤線で覚える。,水による消火が不適切な場合;危険物;粉末消火,なぜ誤りについて教えてください,水が金属と反応し、火災拡大や爆発のおそれがあるためです。 乙4試験では金属火災に水は危険な場合ありを条文・政令とセットで確認し、過去問の正誤肢を用語集ページと照合しながら分類してください。 本ページは学習整理用です。最新の試験要項・政令改正は必ず公式情報で確認してください。,正しい消火は？,粉末消火剤等、品目に応じた方法です。適否表で確認してください。 乙4試験では金属火災に水は危険な場合ありを条文・政令とセットで確認し、過去問の正誤肢を用語集ページと照合しながら分類してください。 本ページは学習整理用です。最新の試験要項・政令改正は必ず公式情報で確認してください。,試験対策はについて教えてください？,水による消火が不適切な場合の一覧を暗記してください。 乙4試験では金属火災に水は危険な場合ありを条文・政令とセットで確認し、過去問の正誤肢を用語集ページと照合しながら分類してください。 本ページは学習整理用です。最新の試験要項・政令改正は必ず公式情報で確認してください。,関連する論点は？,第2類可燃性固体、第3類禁水性物質もセットで復習。 乙4試験では金属火災に水は危険な場合ありを条文・政令とセットで確認し、過去問の正誤肢を用語集ページと照合しながら分類してください。 本ページは学習整理用です。最新の試験要項・政令改正は必ず公式情報で確認してください。
todoke-kyoka-kon,届出と許可の混同,法令・制度,届出;許可;誤答,届出で足りる行為と許可が必要な行為を取り違える誤答を整理します。,「届出すれば何でもできる」と過剰一般化しやすい。,"[{""topic"": ""製造所について教えてください"", ""wrong"": ""届出のみで設置可"", ""correct"": ""設置許可が必要"", ""trap"": ""手続の軽視""}, {""topic"": ""開始について教えてください"", ""wrong"": ""許可前に試験運転可"", ""correct"": ""許可後に開始"", ""trap"": ""タイミング誤り""}, {""topic"": ""変更について教えてください"", ""wrong"": ""変更届出ですべて可"", ""correct"": ""変更許可が必要な場合あり"", ""trap"": ""変更手続の混同""}, {""topic"": ""虚偽について教えてください"", ""wrong"": ""届出なら内容不問"", ""correct"": ""虚偽届出は命令・罰則"", ""trap"": ""届出の意味誤解""}]",届出と許可の誤答｜乙4,危険物の取扱いでは、届出で足りる行為と許可が必要な行為が法令上明確に分かれています。施設の新設・大規模変更は許可が必要な場合が多いです。,製造所設置は許可;届出＝すべて可ではない;変更許可と変更届出を区別;虚偽届出禁止,すべて届出;許可不要設置;変更は届出のみ,「新設大規模＝許可」と大きい変更を許可側に。,届出;設置許可;変更許可,典型誤答はについて教えてください？,製造所を届出だけで設置できるとする肢です。 乙4試験では製造所設置は許可を条文・政令とセットで確認し、過去問の正誤肢を用語集ページと照合しながら分類してください。 本ページは学習整理用です。最新の試験要項・政令改正は必ず公式情報で確認してください。,変更時はについて教えてください,変更届出と変更許可が混同されます。規模・内容で異なります。 乙4試験では製造所設置は許可を条文・政令とセットで確認し、過去問の正誤肢を用語集ページと照合しながら分類してください。 本ページは学習整理用です。最新の試験要項・政令改正は必ず公式情報で確認してください。,対策はについて教えてください,手続一覧表を作成し、比較・整理表記事で確認してください。 乙4試験では製造所設置は許可を条文・政令とセットで確認し、過去問の正誤肢を用語集ページと照合しながら分類してください。 本ページは学習整理用です。最新の試験要項・政令改正は必ず公式情報で確認してください。,确认先はどこですか？,消防法・危険物の規制に関する規則を参照してください。 乙4試験では製造所設置は許可を条文・政令とセットで確認し、過去問の正誤肢を用語集ページと照合しながら分類してください。 本ページは学習整理用です。最新の試験要項・政令改正は必ず公式情報で確認してください。
shizen-kin-sui,自然発火性物質と禁水性物質の混同,物性・化学,自然発火;禁水性;第3類,第3類の自然発火性物質と禁水性物質の性質・取扱いを混同する誤答を整理します。,どちらも第3類で「水に注意」と覚えて混同しやすい。,"[{""topic"": ""自然発火について教えてください"", ""wrong"": ""水をかければ安全"", ""correct"": ""水が反応・危険な場合あり"", ""trap"": ""水＝安全の誤解""}, {""topic"": ""禁水性について教えてください"", ""wrong"": ""自然発火性と同じ"", ""correct"": ""水と接触で分解・発熱等"", ""trap"": ""類型の混同""}, {""topic"": ""カリウムについて教えてください"", ""wrong"": ""空气中で安定"", ""correct"": ""酸化・自然発火のおそれ"", ""trap"": ""性質の誤り""}, {""topic"": ""黄りんについて教えてください"", ""wrong"": ""水に溶けて無害"", ""correct"": ""禁水・取扱注意"", ""trap"": ""代表品目の誤解""}]",自然発火性と禁水性の誤答｜乙4,自然発火性物質は自己発熱により着火し、禁水性物質は水と反応して危険です。どちらも水消火が適切でない場合がありますが、理由が異なります。,自然発火＝自己発熱;禁水＝水と反応;水消火が無条件適切ではない;第3類代表品目を暗記,同じ第3類＝同じ対策;水で消火;自然発火＝引火点問題,「自然＝熱」「禁水＝反応」と理由で分ける。,自然発火性物質;自然発火;危険物,違いはについて教えてください,自然発火性は自己発熱による着火、禁水性は水接触による危険です。 乙4試験では自然発火＝自己発熱を条文・政令とセットで確認し、過去問の正誤肢を用語集ページと照合しながら分類してください。 本ページは学習整理用です。最新の試験要項・政令改正は必ず公式情報で確認してください。,消火はについて教えてください,両者とも水消火が適切でない場合があります。適否表で確認してください。 乙4試験では自然発火＝自己発熱を条文・政令とセットで確認し、過去問の正誤肢を用語集ページと照合しながら分類してください。 本ページは学習整理用です。最新の試験要項・政令改正は必ず公式情報で確認してください。,試験対策はについて教えてください？,第3類代表品目表と、自然発火・禁水の用語解説をセットで暗記。 乙4試験では自然発火＝自己発熱を条文・政令とセットで確認し、過去問の正誤肢を用語集ページと照合しながら分類してください。 本ページは学習整理用です。最新の試験要項・政令改正は必ず公式情報で確認してください。,関連する論点は？,引火・発火・自然発火の違いも参照してください。 乙4試験では自然発火＝自己発熱を条文・政令とセットで確認し、過去問の正誤肢を用語集ページと照合しながら分類してください。 本ページは学習整理用です。最新の試験要項・政令改正は必ず公式情報で確認してください。
bakuhatsu-gen-kagen,爆発下限と上限の混同,物性・化学,爆発下限;爆発上限;可燃性ガス,可燃性ガスの爆発限界（下限・上限）の意味を逆に覚える誤答を整理します。,「下限＝低い濃度で安全」と逆に解釈しやすい。,"[{""topic"": ""下限について教えてください"", ""wrong"": ""下限が高いほど爆発しやすい"", ""correct"": ""下限は爆発する最小濃度"", ""trap"": ""上下の意味逆転""}, {""topic"": ""上限について教えてください"", ""wrong"": ""上限は下限より低い"", ""correct"": ""上限は爆発する最大濃度"", ""trap"": ""数値大小の混同""}, {""topic"": ""換気について教えてください"", ""wrong"": ""上限超えで爆発"", ""correct"": ""下限未満・上限超で爆発しない"", ""trap"": ""安全域の誤解""}, {""topic"": ""試験について教えてください"", ""wrong"": ""数値だけ暗記"", ""correct"": ""定義理解が必要"", ""trap"": ""丸暗記の限界""}]",爆発下限・上限の誤答｜乙4,爆発下限は爆発する最小濃度、上限は最大濃度です。下限〜上限の範囲が爆発域となります。定義を逆にすると換気・漏えい問題がすべて誤ります。,下限＝最小濃度;上限＝最大濃度;範囲外は爆発しない;換気問題と連動,下限上限の逆;下限が高い＝危険;濃度0%で必ず爆発,「下＝少ない方から爆発」「上＝多いと爆発しない」と幅で覚える。,危険物;爆発範囲;化学反応,下限とはについて教えてください,可燃性ガスが空気と混合して爆発する最小濃度です。 乙4試験では下限＝最小濃度を条文・政令とセットで確認し、過去問の正誤肢を用語集ページと照合しながら分類してください。 本ページは学習整理用です。最新の試験要項・政令改正は必ず公式情報で確認してください。,上限とはについて教えてください,爆発する最大濃度です。これを超えると酸素不足等で爆発しません。 乙4試験では下限＝最小濃度を条文・政令とセットで確認し、過去問の正誤肢を用語集ページと照合しながら分類してください。 本ページは学習整理用です。最新の試験要項・政令改正は必ず公式情報で確認してください。,試験対策はについて教えてください？,定義→図→数値の順で覚え、漏えい・換気問題とセットで解く。 乙4試験では下限＝最小濃度を条文・政令とセットで確認し、過去問の正誤肢を用語集ページと照合しながら分類してください。 本ページは学習整理用です。最新の試験要項・政令改正は必ず公式情報で確認してください。,関連する論点は？,化学反応、危険物の性質の用語解説も参照してください。 乙4試験では下限＝最小濃度を条文・政令とセットで確認し、過去問の正誤肢を用語集ページと照合しながら分類してください。 本ページは学習整理用です。最新の試験要項・政令改正は必ず公式情報で確認してください。
shoka-sentaku,消火方法の選択ミス（電気火災等）,火災・消火・漏えい,消火方法;電気火災;CO2,電気火災・油火災等で不適切な消火方法を選ぶ誤答を整理します。,消火剤の適用表を丸暗記せず「水」に寄せやすい。,"[{""topic"": ""電気について教えてください"", ""wrong"": ""電気火災に水消火第一"", ""correct"": ""感電危险・CO2/粉末等"", ""trap"": ""水＝万能""}, {""topic"": ""油類について教えてください"", ""wrong"": ""第4類に注水消火"", ""correct"": ""泡消火が基本"", ""trap"": ""一般火災の延長""}, {""topic"": ""密閉について教えてください"", ""wrong"": ""密閉室でCO2無条件安全"", ""correct"": ""人の窒息危险"", ""trap"": ""消火優先""}, {""topic"": ""再燃について教えてください"", ""wrong"": ""粉末後は再燃なし"", ""correct"": ""再燃のおそれあり"", ""trap"": ""過信""}]",消火方法選択の誤答｜乙4,火災の種類ごとに適切な消火方法が決まっています。電気火災に水、引火性液体に注水などは典型誤答です。,電気火災はCO2/粉末;第4類は泡;密閉CO2は人的危险;適否表必須,すべて水;CO2密閉安全;粉末万能,「電気＝CO2/粉末」「液体＝泡」と最短ルート暗記。,二酸化炭素消火;泡消火;第4類火災の消火方法総論,電気火災はについて教えてください？,水消火は感電のおそれがあります。CO2・粉末等が適切な場合があります。 乙4試験では電気火災はCO2/粉末を条文・政令とセットで確認し、過去問の正誤肢を用語集ページと照合しながら分類してください。 本ページは学習整理用です。最新の試験要項・政令改正は必ず公式情報で確認してください。,第4類はについて教えてください,泡消火が基本です。注水消火を選ぶ肢に注意。 乙4試験では電気火災はCO2/粉末を条文・政令とセットで確認し、過去問の正誤肢を用語集ページと照合しながら分類してください。 本ページは学習整理用です。最新の試験要項・政令改正は必ず公式情報で確認してください。,試験対策はについて教えてください？,泡・CO2・粉末の適用表を完成させ、過去問で確認してください。 乙4試験では電気火災はCO2/粉末を条文・政令とセットで確認し、過去問の正誤肢を用語集ページと照合しながら分類してください。 本ページは学習整理用です。最新の試験要項・政令改正は必ず公式情報で確認してください。,漏えい火災は？,消火に加え漏えい対策・通報が必要です。 乙4試験では電気火災はCO2/粉末を条文・政令とセットで確認し、過去問の正誤肢を用語集ページと照合しながら分類してください。 本ページは学習整理用です。最新の試験要項・政令改正は必ず公式情報で確認してください。
dai4-dai6-kon,第4類と第6類酸化性液体の混同,物性・化学,第4類;第6類;酸化性液体,引火性液体（第4類）と酸化性液体（第6類）の性質・代表例を混同する誤答を整理します。,どちらも「液体」で第4類以外を後回しにしがち。,"[{""topic"": ""第6類について教えてください"", ""wrong"": ""引火点で分類する"", ""correct"": ""酸化性液体（過酸化水素等）"", ""trap"": ""第4類基準の適用誤り""}, {""topic"": ""第4類について教えてください"", ""wrong"": ""酸化性が主性質"", ""correct"": ""引火性液体"", ""trap"": ""性質の取替""}, {""topic"": ""過酸化水素について教えてください"", ""wrong"": ""第4類の灯油類"", ""correct"": ""第6類酸化性液体"", ""trap"": ""代表品目の誤り""}, {""topic"": ""消火について教えてください"", ""wrong"": ""同一消火方法"", ""correct"": ""性質により異なる"", ""trap"": ""消火一律""}]",第4類と第6類の誤答｜乙4,第4類は引火性液体、第6類は酸化性液体です。過酸化水素・硝酸等は第6類として扱い、引火点分類と混同しないでください。,第4類＝引火性;第6類＝酸化性液体;過酸化水素は第6類;消火方法も異なる,第6類を引火点分類;過酸化水素を第4類;液体＝すべて第4類,「4＝燃える液体」「6＝酸化する液体」と番号連想。,第4類危険物;危険物の分類;危険物,第6類とはについて教えてください？,酸化性液体で、過酸化水素・硝酸等が代表例です。 乙4試験では第4類＝引火性を条文・政令とセットで確認し、過去問の正誤肢を用語集ページと照合しながら分類してください。 本ページは学習整理用です。最新の試験要項・政令改正は必ず公式情報で確認してください。,第4類との違いは？,第4類は引火性が主問題、第6類は酸化性・反応性が主問題です。 乙4試験では第4類＝引火性を条文・政令とセットで確認し、過去問の正誤肢を用語集ページと照合しながら分類してください。 本ページは学習整理用です。最新の試験要項・政令改正は必ず公式情報で確認してください。,試験対策はについて教えてください？,類別代表品目表で「液体」を細分化して暗記してください。 乙4試験では第4類＝引火性を条文・政令とセットで確認し、過去問の正誤肢を用語集ページと照合しながら分類してください。 本ページは学習整理用です。最新の試験要項・政令改正は必ず公式情報で確認してください。,消火はについて教えてください,各類の火災予防・消火方法を性消でセット学習。 乙4試験では第4類＝引火性を条文・政令とセットで確認し、過去問の正誤肢を用語集ページと照合しながら分類してください。 本ページは学習整理用です。最新の試験要項・政令改正は必ず公式情報で確認してください。
menjo-gokai,試験免除の誤解,法令・制度,免除;法令;物化;性消,乙種免状保有者の科目免除範囲を誤解する典型パターンを整理します。,「免状がある＝全部免除」と短絡しやすい。,"[{""topic"": ""初回について教えてください"", ""wrong"": ""乙4初受験も25問免除"", ""correct"": ""初回は35問すべて受験"", ""trap"": ""初回・再試験の混同""}, {""topic"": ""性消について教えてください"", ""wrong"": ""性消も免除される"", ""correct"": ""性消10問は受験"", ""trap"": ""免除範囲の過大""}, {""topic"": ""時間について教えてください"", ""wrong"": ""免除後も120分"", ""correct"": ""性消のみ35分"", ""trap"": ""時間短縮の見落とし""}, {""topic"": ""丙種について教えてください"", ""wrong"": ""丙種も同じ免除"", ""correct"": ""乙種免状の特例"", ""trap"": ""種別混同""}]",試験免除の誤答｜乙4,乙種免状保有者が別類を受験する場合のみ法令・物化が免除されます。初回取得時や性消科目は免除されません。,初回35問全部;別類のみ法令・物化免除;性消10問35分;丙種は別ルール,初回から免除;性消免除;120分のまま,「初回＝フル」「別類＝性消だけ」と二段階。,乙種危険物取扱者;乙種第4類;危険物,初回乙4はについて教えてください？,法令15・物化10・性消10の35問すべて受験します。免除はありません。 乙4試験では初回35問全部を条文・政令とセットで確認し、過去問の正誤肢を用語集ページと照合しながら分類してください。 数値・日程・合格基準は消防試験研究センター（https://www.shoubo-shiken.or.jp/kikenbutsu/）の試験要項で必ずご確認ください。,別類受験はについて教えてください？,既に乙種免状があれば法令・物化25問免除、性消10問のみ35分です。 乙4試験では初回35問全部を条文・政令とセットで確認し、過去問の正誤肢を用語集ページと照合しながら分類してください。 数値・日程・合格基準は消防試験研究センター（https://www.shoubo-shiken.or.jp/kikenbutsu/）の試験要項で必ずご確認ください。,試験対策はについて教えてください？,免除問題は数値早見表とセット。要項の表を写経してください。 乙4試験では初回35問全部を条文・政令とセットで確認し、過去問の正誤肢を用語集ページと照合しながら分類してください。 数値・日程・合格基準は消防試験研究センター（https://www.shoubo-shiken.or.jp/kikenbutsu/）の試験要項で必ずご確認ください。,确认先はどこですか？,消防試験研究センターの試験要項を参照してください。 乙4試験では初回35問全部を条文・政令とセットで確認し、過去問の正誤肢を用語集ページと照合しながら分類してください。 数値・日程・合格基準は消防試験研究センター（https://www.shoubo-shiken.or.jp/kikenbutsu/）の試験要項で必ずご確認ください。
hogo-gu-kitai-gokai,保護具の過信,火災・消火・漏えい,保護具;漏えい対策;誤解,保護具着用だけで濃度管理・漏えい対策が不要と誤解する典型パターンを整理します。,「保護具＝万能」と短絡しやすい。,"[{""topic"": ""濃度"", ""wrong"": ""保護具のみ"", ""correct"": ""換気・濃度管理優先"", ""trap"": ""順序誤り""}, {""topic"": ""漏えい"", ""wrong"": ""保護具で作業継続"", ""correct"": ""停止・対策優先"", ""trap"": ""初動誤り""}, {""topic"": ""火気"", ""wrong"": ""保護具で火気可"", ""correct"": ""火気厳禁"", ""trap"": ""禁則誤り""}, {""topic"": ""記録"", ""wrong"": ""不要"", ""correct"": ""点検記録保存"", ""trap"": ""記録省略""}]",保護具過信の誤答｜乙4,保護具は個人の安全確保の手段であり、漏えい対策・濃度管理・火気管理の代替にはなりません。,保護具は最終手段;漏えい停止優先;火気静電と併用;記録保存も必要,保護具のみで十分;漏えい続行可;火気可,「設備→管理→保護具」の順。,漏えい対策;火気・静電気・漏えい防止;漏えい,保護具だけで足りる？,換気・濃度管理・漏えい対策が優先です。保護具は補完的手段です。 試験では保護具は最終手段をセットで確認してください。 誤答では保護具のみで十分に注意してください。 覚え方：「設備→管理→保護具」の順。,漏えい時は？,作業停止・通報・避難が先です。 試験では保護具は最終手段をセットで確認してください。 誤答では保護具のみで十分に注意してください。 覚え方：「設備→管理→保護具」の順。 保護具は個人の安全確保の手段であり、漏えい対策・濃度管理・火気管理の代替にはなりません。,試験対策は？,保護具着用の正誤肢を初動手順とセットで整理してください。 試験では保護具は最終手段をセットで確認してください。 誤答では保護具のみで十分に注意してください。 覚え方：「設備→管理→保護具」の順。 保護具は個人の安全確保の手段であり、漏えい対策・濃度管理・火気管理の代替にはなりません。,確認先はどこですか？,危険物の規制に関する規則・予防規程を参照してください。 試験では保護具は最終手段をセットで確認してください。 誤答では保護具のみで十分に注意してください。 覚え方：「設備→管理→保護具」の順。 保護具は個人の安全確保の手段であり、漏えい対策・濃度管理・火気管理の代替にはなりません。
tenso-kiroku-kongou,移送と記録の混同,法令・制度,移送;点検記録の保存;混同,移送基準と点検記録保存を同一視する誤りを整理します。,「転送記録＝点検記録のみ」と短絡しやすい。,"[{""topic"": ""移送"", ""wrong"": ""記録不要"", ""correct"": ""倍数・基準あり"", ""trap"": ""規制混同""}, {""topic"": ""記録"", ""wrong"": ""移送記録のみ"", ""correct"": ""点検・保安記録"", ""trap"": ""範囲混同""}, {""topic"": ""保存"", ""wrong"": ""永久"", ""correct"": ""規則期間"", ""trap"": ""期間混同""}, {""topic"": ""手続"", ""wrong"": ""届出＝記録"", ""correct"": ""別概念"", ""trap"": ""手続混同""}]",移送と記録の混同｜乙4,移送は運搬基準、記録は点検・保安活動の保存です。試験の転送記録論点は両方を含みます。,移送＝倍数基準;記録＝保存義務;別概念;手続も区別,移送記録不要;同一書類;保存期間任意,「運搬＝移送」「残す＝記録」。,移送;点検記録の保存;移動タンク貯蔵所による移送基準,移送記録とは？,移送基準遵守と、点検・保安記録の保存を分けて理解してください。 試験では移送＝倍数基準をセットで確認してください。 誤答では移送記録不要に注意してください。 覚え方：「運搬＝移送」「残す＝記録」。 移送は運搬基準、記録は点検・保安活動の保存です。試験の転送記録論点は両方を含みます。,保存期間は？,規則で定められます。固定値と決めつけないでください。 試験では移送＝倍数基準をセットで確認してください。 誤答では移送記録不要に注意してください。 覚え方：「運搬＝移送」「残す＝記録」。 移送は運搬基準、記録は点検・保安活動の保存です。試験の転送記録論点は両方を含みます。,試験対策は？,移送倍数と記録保存を別タグで過去問整理してください。 試験では移送＝倍数基準をセットで確認してください。 誤答では移送記録不要に注意してください。 覚え方：「運搬＝移送」「残す＝記録」。 移送は運搬基準、記録は点検・保安活動の保存です。試験の転送記録論点は両方を含みます。,確認先はどこですか？,危険物の規制に関する規則を参照してください。 試験では移送＝倍数基準をセットで確認してください。 誤答では移送記録不要に注意してください。 覚え方：「運搬＝移送」「残す＝記録」。 移送は運搬基準、記録は点検・保安活動の保存です。試験の転送記録論点は両方を含みます。
hoan-kitei-yobou-kongou,保安規程と予防規程,法令・制度,予防規程;予防規程の作成;混同,試験用語「保安規程」を予防規程と無関係とする誤りを整理します。,保安規程＝別名称の消防法と短絡しやすい。,"[{""topic"": ""用語"", ""wrong"": ""保安規程＝消防法"", ""correct"": ""試験上は予防規程"", ""trap"": ""用語混同""}, {""topic"": ""作成"", ""wrong"": ""不要"", ""correct"": ""一定規模で作成"", ""trap"": ""義務混同""}, {""topic"": ""認可"", ""wrong"": ""不要"", ""correct"": ""認可必要"", ""trap"": ""手続混同""}, {""topic"": ""内容"", ""wrong"": ""口頭"", ""correct"": ""書面・認可"", ""trap"": ""形式混同""}]",保安規程論点の誤答｜乙4,試験の保安規程論点は予防規程の作成・認可・内容が中心です。用語の対応を確認してください。,保安規程＝予防規程論点;作成・認可;書面化;法令遵守,予防規程不要;口頭で可;認可＝届出,「試験上の保安規程＝予防規程」。,予防規程;予防規程の作成;予防規程の作成・認可,保安規程とは？,試験では予防規程の作成・認可が該当します。 試験では保安規程＝予防規程論点をセットで確認してください。 誤答では予防規程不要に注意してください。 覚え方：「試験上の保安規程＝予防規程」。 試験の保安規程論点は予防規程の作成・認可・内容が中心です。用語の対応を確認してください。,作成義務は？,一定規模以上で必要です。規則で確認してください。 試験では保安規程＝予防規程論点をセットで確認してください。 誤答では予防規程不要に注意してください。 覚え方：「試験上の保安規程＝予防規程」。 試験の保安規程論点は予防規程の作成・認可・内容が中心です。用語の対応を確認してください。,試験対策は？,予防規程の正誤問題を保安規程タグで検索してください。 試験では保安規程＝予防規程論点をセットで確認してください。 誤答では予防規程不要に注意してください。 覚え方：「試験上の保安規程＝予防規程」。 試験の保安規程論点は予防規程の作成・認可・内容が中心です。用語の対応を確認してください。,確認先はどこですか？,危険物の規制に関する規則を参照してください。 試験では保安規程＝予防規程論点をセットで確認してください。 誤答では予防規程不要に注意してください。 覚え方：「試験上の保安規程＝予防規程」。 試験の保安規程論点は予防規程の作成・認可・内容が中心です。用語の対応を確認してください。
seidenki-chikyu-kongou,静電気と接地の混同,物性・化学,静電気;接地;混同,静電気対策を接地のみとする、または接地不要とする誤りを整理します。,「接地＝静電気対策の全部」と短絡しやすい。,"[{""topic"": ""対策"", ""wrong"": ""接地のみ"", ""correct"": ""流速・加湿等も"", ""trap"": ""手段混同""}, {""topic"": ""接地"", ""wrong"": ""不要"", ""correct"": ""導通確認必要"", ""trap"": ""義務混同""}, {""topic"": ""火気"", ""wrong"": ""接地で可"", ""correct"": ""火気厳禁"", ""trap"": ""禁則混同""}, {""topic"": ""漏えい"", ""wrong"": ""無関係"", ""correct"": ""セット論点"", ""trap"": ""分野混同""}]",静電気と接地の混同｜乙4,静電気対策は発生抑制と接地による除去の両方が重要です。接地だけでは不十分な場合があります。,発生抑制＋接地;導通確認;火気管理併用;漏えい論点とセット,接地のみで十分とする;接地不要とする;火気使用可とする,「抑える＋逃がす」の両方必要。,静電気;接地;静電気対策・接地,接地だけで十分？,流速制限・加湿等の発生抑制も重要です。 試験では発生抑制＋接地をセットで確認してください。 誤答では接地のみで十分とするに注意してください。 覚え方：「抑える＋逃がす」の両方必要。 静電気対策は発生抑制と接地による除去の両方が重要です。接地だけでは不十分な場合があります。,導通確認は？,接地の効果確認として必要です。 試験では発生抑制＋接地をセットで確認してください。 誤答では接地のみで十分とするに注意してください。 覚え方：「抑える＋逃がす」の両方必要。 静電気対策は発生抑制と接地による除去の両方が重要です。接地だけでは不十分な場合があります。,試験対策は？,静電気・接地・火気の三列表を作成してください。 試験では発生抑制＋接地をセットで確認してください。 誤答では接地のみで十分とするに注意してください。 覚え方：「抑える＋逃がす」の両方必要。 静電気対策は発生抑制と接地による除去の両方が重要です。接地だけでは不十分な場合があります。,関連する論点は？,火気・静電気・漏えい防止の用語解説を参照してください。 試験では発生抑制＋接地をセットで確認してください。 誤答では接地のみで十分とするに注意してください。 覚え方：「抑える＋逃がす」の両方必要。 静電気対策は発生抑制と接地による除去の両方が重要です。接地だけでは不十分な場合があります。
shoubo-kisei-junjo,消防法と規則の順序誤り,法令・制度,消防法;危険物の規制に関する政令;混同,数量基準を消防法条文のみで説明する誤りを整理します。,「すべて消防法に書いてある」と短絡しやすい。,"[{""topic"": ""数量"", ""wrong"": ""消防法のみ"", ""correct"": ""政令で定める"", ""trap"": ""条文混同""}, {""topic"": ""順序"", ""wrong"": ""規則が先"", ""correct"": ""法律→政令→規則"", ""trap"": ""順序逆転""}, {""topic"": ""試験"", ""wrong"": ""消防法で200L"", ""correct"": ""政令で200L"", ""trap"": ""引用混同""}, {""topic"": ""確認"", ""wrong"": ""教科書のみ"", ""correct"": ""条文・政令"", ""trap"": ""確認不足""}]",法令順序の誤答｜乙4,指定数量等の数値は政令が詳細を定めます。「消防法で定める」「政令で定める」を区別してください。,法律→政令→規則;数量は政令;引用肢の主語確認,数量は消防法のみ;規則が最上位;政令不要,「数値基準＝政令で定める」。,消防法;危険物の規制に関する政令;指定数量,200Lはどこ？,指定数量は危険物の規制に関する政令等で定められます。 試験では法律→政令→規則をセットで確認してください。 誤答では数量は消防法のみに注意してください。 覚え方：「数値基準＝政令で定める」。 指定数量等の数値は政令が詳細を定めます。「消防法で定める」「政令で定める」を区別してください。,試験対策は？,条文引用肢の「消防法／政令」を色分けしてください。 試験では法律→政令→規則をセットで確認してください。 誤答では数量は消防法のみに注意してください。 覚え方：「数値基準＝政令で定める」。 指定数量等の数値は政令が詳細を定めます。「消防法で定める」「政令で定める」を区別してください。,確認先はどこですか？,消防法と政令原文を参照してください。数値・日程・合格基準は消防試験研究センター（https://www.shoubo-shiken.or.jp/kikenbutsu/）の試験要項で必ずご確認ください。,関連する論点は？,指定数量の意味の用語解説も確認してください。 試験では法律→政令→規則をセットで確認してください。 誤答では数量は消防法のみに注意してください。 覚え方：「数値基準＝政令で定める」。 指定数量等の数値は政令が詳細を定めます。「消防法で定める」「政令で定める」を区別してください。
shitei-kitei-bai-kongou,指定数量倍数の計算誤り,法令・制度,指定数量;指定数量の倍数;混同,指定数量と規定数量の倍数計算を逆にする典型パターンを整理します。,基数・倍数を取り違えやすい。,"[{""topic"": ""基数"", ""wrong"": ""規定数量"", ""correct"": ""指定数量"", ""trap"": ""基数逆転""}, {""topic"": ""倍数"", ""wrong"": ""掛け算逆"", ""correct"": ""指定×倍数"", ""trap"": ""計算誤り""}, {""topic"": ""堤容量"", ""wrong"": ""指定数量"", ""correct"": ""規定数量ベース"", ""trap"": ""用途混同""}, {""topic"": ""結果"", ""wrong"": ""1桁違い"", ""correct"": ""桁確認"", ""trap"": ""検算不足""}]",倍数計算の誤答｜乙4,規定数量・防火堤容量等は指定数量の倍数で算定します。基数を取り違えると全問誤りになります。,指定数量が基数;倍数は規則;堤容量連動;検算習慣,規定数量が基数;倍数逆;検算省略,「指定×倍数＝規定等」。,指定数量;指定数量の倍数;指定数量の倍数計算,倍数計算の基数は？,指定数量です。品目ごとに異なります。 試験では指定数量が基数をセットで確認してください。 誤答では規定数量が基数に注意してください。 覚え方：「指定×倍数＝規定等」。 規定数量・防火堤容量等は指定数量の倍数で算定します。基数を取り違えると全問誤りになります。,計算ミスを防ぐには？,200L×倍数等、単位と桁を確認してください。 試験では指定数量が基数をセットで確認してください。 誤答では規定数量が基数に注意してください。 覚え方：「指定×倍数＝規定等」。 規定数量・防火堤容量等は指定数量の倍数で算定します。基数を取り違えると全問誤りになります。,試験対策は？,倍数計算ドリルを毎日10問してください。 試験では指定数量が基数をセットで確認してください。 誤答では規定数量が基数に注意してください。 覚え方：「指定×倍数＝規定等」。 規定数量・防火堤容量等は指定数量の倍数で算定します。基数を取り違えると全問誤りになります。,確認先はどこですか？,政令・規則の算定表を参照してください。 試験では指定数量が基数をセットで確認してください。 誤答では規定数量が基数に注意してください。 覚え方：「指定×倍数＝規定等」。 規定数量・防火堤容量等は指定数量の倍数で算定します。基数を取り違えると全問誤りになります。
morei-mushi-kongou,漏えい対策の軽視,火災・消火・漏えい,漏えい;漏えい対策;誤解,漏えい防止堤・検知設備を不要とする誤りを整理します。,小規模だから不要と短絡しやすい。,"[{""topic"": ""防火堤"", ""wrong"": ""不要"", ""correct"": ""規模により必要"", ""trap"": ""設備混同""}, {""topic"": ""検知"", ""wrong"": ""任意"", ""correct"": ""設備基準あり"", ""trap"": ""義務混同""}, {""topic"": ""初動"", ""wrong"": ""消火のみ"", ""correct"": ""停止・通報"", ""trap"": ""順序混同""}, {""topic"": ""記録"", ""wrong"": ""不要"", ""correct"": ""保存義務"", ""trap"": ""記録混同""}]",漏えい対策軽視の誤答｜乙4,タンク貯蔵所等では防火堤・検知等の漏えい対策が規則上重要です。規模・施設で要件が変わります。,防火堤・検知;初動手順;記録保存;規模で要件変動,漏えい対策不要;消火のみ;記録不要,「堤・検知・初動・記録」。,漏えい防止堤;漏えい対策;漏えい・流出時の危険,防火堤の要点は？,屋外タンク等で規定数量に連動した容量が必要な場合があります。 試験では防火堤・検知をセットで確認してください。 誤答では漏えい対策不要に注意してください。 覚え方：「堤・検知・初動・記録」。 タンク貯蔵所等では防火堤・検知等の漏えい対策が規則上重要です。規模・施設で要件が変わります。,漏えい時の初動は？,停止・火気除去・通報・避難が基本です。 試験では防火堤・検知をセットで確認してください。 誤答では漏えい対策不要に注意してください。 覚え方：「堤・検知・初動・記録」。 タンク貯蔵所等では防火堤・検知等の漏えい対策が規則上重要です。規模・施設で要件が変わります。,試験対策は？,漏えい対策チェックリストを作成してください。 試験では防火堤・検知をセットで確認してください。 誤答では漏えい対策不要に注意してください。 覚え方：「堤・検知・初動・記録」。 タンク貯蔵所等では防火堤・検知等の漏えい対策が規則上重要です。規模・施設で要件が変わります。,確認先はどこですか？,危険物の規制に関する規則を参照してください。 試験では防火堤・検知をセットで確認してください。 誤答では漏えい対策不要に注意してください。 覚え方：「堤・検知・初動・記録」。 タンク貯蔵所等では防火堤・検知等の漏えい対策が規則上重要です。規模・施設で要件が変わります。
inka-ten-gyaku-kongou,引火点の高低逆転,物性・化学,引火点;引火点による分類;混同,引火点が高いほど引火性が高いとする誤りを整理します。,温度と危険性の関係を逆に覚えやすい。,"[{""topic"": ""危険性"", ""wrong"": ""高い＝安全"", ""correct"": ""低い＝引火性高"", ""trap"": ""逆転""}, {""topic"": ""境界"", ""wrong"": ""70-21-200"", ""correct"": ""21-70-200"", ""trap"": ""数値混同""}, {""topic"": ""ガソリン"", ""wrong"": ""第4類200℃"", ""correct"": ""特殊引火点"", ""trap"": ""分類混同""}, {""topic"": ""発火点"", ""wrong"": ""同一"", ""correct"": ""別概念"", ""trap"": ""概念混同""}]",引火点逆転の誤答｜乙4,引火点が低いほど引火性が高い（危険）です。境界温度とガソリン特殊枠を正しく暗記してください。,低い＝危険;21-70-200;ガソリン特殊;発火点別,高い＝危険;境界逆;発火点同一,「低い＝危険」「21-70-200」。,引火点;引火点による分類;引火・発火・自然発火の違い,引火点と危険性は？,引火点が低いほど引火性が高く危険です。 試験では低い＝危険をセットで確認してください。 誤答では高い＝危険に注意してください。 覚え方：「低い＝危険」「21-70-200」。 引火点が低いほど引火性が高い（危険）です。境界温度とガソリン特殊枠を正しく暗記してください。,ガソリンの引火点区分は？,特殊引火点として別表で扱います。 試験では低い＝危険をセットで確認してください。 誤答では高い＝危険に注意してください。 覚え方：「低い＝危険」「21-70-200」。 引火点が低いほど引火性が高い（危険）です。境界温度とガソリン特殊枠を正しく暗記してください。,試験対策は？,液体名称と引火点区分カードを作成してください。 試験では低い＝危険をセットで確認してください。 誤答では高い＝危険に注意してください。 覚え方：「低い＝危険」「21-70-200」。 引火点が低いほど引火性が高い（危険）です。境界温度とガソリン特殊枠を正しく暗記してください。,発火点との違いは？,別概念です。混同しないでください。 試験では低い＝危険をセットで確認してください。 誤答では高い＝危険に注意してください。 覚え方：「低い＝危険」「21-70-200」。 引火点が低いほど引火性が高い（危険）です。境界温度とガソリン特殊枠を正しく暗記してください。
yobou-shoubo-douitsu,予防規程と消防法の同一視,法令・制度,予防規程;消防法;混同,予防規程が消防法そのものと同一視される誤りを整理します。,予防規程＝消防法と短絡しやすい。,"[{""topic"": ""効力"", ""wrong"": ""予防規程＝法律"", ""correct"": ""予防規程は事業所規則"", ""trap"": ""効力混同""}, {""topic"": ""作成"", ""wrong"": ""消防署が作成"", ""correct"": ""事業者が作成"", ""trap"": ""主体混同""}, {""topic"": ""認可"", ""wrong"": ""不要"", ""correct"": ""認可必要"", ""trap"": ""手続混同""}, {""topic"": ""変更"", ""wrong"": ""自由"", ""correct"": ""認可・届出"", ""trap"": ""変更混同""}]",予防規程同一視の誤答｜乙4,予防規程は事業所が作成する内部規則で、消防法に基づき認可を受けます。法律そのものではありません。,事業所規則;認可必要;消防法遵守;変更手続あり,予防規程＝法律と誤解;認可不要とする;自由に変更できると誤解,「似ている語も定義は異なる」。,予防規程;予防規程の作成・認可;消防法,予防規程は法律ですか？,事業所の取扱規程で、消防法に基づき認可を受けます。 試験では事業所規則をセットで確認してください。 誤答では予防規程＝法律と誤解に注意してください。 覚え方：「似ている語も定義は異なる」。 予防規程は事業所が作成する内部規則で、消防法に基づき認可を受けます。法律そのものではありません。,予防規程の作成者は？,事業者（事業所）が作成します。 試験では事業所規則をセットで確認してください。 誤答では予防規程＝法律と誤解に注意してください。 覚え方：「似ている語も定義は異なる」。 予防規程は事業所が作成する内部規則で、消防法に基づき認可を受けます。法律そのものではありません。,試験対策は？,予防規程の作成・認可・内容の正誤を整理してください。 試験では事業所規則をセットで確認してください。 誤答では予防規程＝法律と誤解に注意してください。 覚え方：「似ている語も定義は異なる」。 予防規程は事業所が作成する内部規則で、消防法に基づき認可を受けます。法律そのものではありません。,確認先はどこですか？,危険物の規制に関する規則を参照してください。 試験では事業所規則をセットで確認してください。 誤答では予防規程＝法律と誤解に注意してください。 覚え方：「似ている語も定義は異なる」。 予防規程は事業所が作成する内部規則で、消防法に基づき認可を受けます。法律そのものではありません。
kiken-glossary-chigai,類似用語の取り違え,法令・制度,危険物;乙種第4類;混同,乙4試験で類似用語（指定数量／規定数量、引火点／発火点等）を取り違える典型パターンを整理します。,用語の微妙な差を見落としやすい。,"[{""topic"": ""数量"", ""wrong"": ""指定＝規定"", ""correct"": ""倍数関係"", ""trap"": ""用語混同""}, {""topic"": ""温度"", ""wrong"": ""引火＝発火"", ""correct"": ""別定義"", ""trap"": ""概念混同""}, {""topic"": ""施設"", ""wrong"": ""移動タンク＝タンクローリー"", ""correct"": ""別区分"", ""trap"": ""施設混同""}, {""topic"": ""手続"", ""wrong"": ""届出＝許可"", ""correct"": ""別要件"", ""trap"": ""手続混同""}]",類似用語取り違え｜乙4,乙4は用語の定義問題が多いです。用語集ページで類似語を並べ、差分を1行で言えるようにしてください。,用語集で差分確認;類似語は表比較;過去問タグ付け;定義文暗記,定義省略;類似語同一視;用語集未確認,「似ている≠同じ」。,指定数量;引火点;危険物,指定数量と規定数量は？,指定数量が基数、規定数量は倍数で定まる数量です。 試験では用語集で差分確認をセットで確認してください。 誤答では定義省略に注意してください。 覚え方：「似ている≠同じ」。 乙4は用語の定義問題が多いです。用語集ページで類似語を並べ、差分を1行で言えるようにしてください。,引火点と発火点は？,引火点は外部火源、発火点は自然発火の温度です。 試験では用語集で差分確認をセットで確認してください。 誤答では定義省略に注意してください。 覚え方：「似ている≠同じ」。 乙4は用語の定義問題が多いです。用語集ページで類似語を並べ、差分を1行で言えるようにしてください。,試験対策は？,用語集の類似語を週1で音読復習してください。 試験では用語集で差分確認をセットで確認してください。 誤答では定義省略に注意してください。 覚え方：「似ている≠同じ」。 乙4は用語の定義問題が多いです。用語集ページで類似語を並べ、差分を1行で言えるようにしてください。,確認先はどこですか？,glossary_terms.csv の用語解説と試験要項を参照してください。 試験では用語集で差分確認をセットで確認してください。 誤答では定義省略に注意してください。 覚え方：「似ている≠同じ」。
bunrui-fuyo-s32,危険物分類が不要とする誤り,法令・制度,危険物の分類,すべて同一類・分類不要とする誤り。,6類体系の無視。,"[{""topic"": ""分類"", ""wrong"": ""不要"", ""correct"": ""6類"", ""trap"": ""分類誤""}, {""topic"": ""第4類"", ""wrong"": ""すべて"", ""correct"": ""品名別"", ""trap"": ""類誤""}, {""topic"": ""政令"", ""wrong"": ""不要"", ""correct"": ""指定数量"", ""trap"": ""政令誤""}, {""topic"": ""品名"", ""wrong"": ""不要"", ""correct"": ""品名表"", ""trap"": ""品名誤""}]",分類不要の誤解｜乙4,危険物は6類に分類され、品名表・指定数量が試験の基礎です。数値・日程・合格基準は消防試験研究センター（https://www.shoubo-shiken.or.jp/kikenbutsu/）の試験要項で必ずご確認ください。,6類;品名表;第4類重点;政令,不要;全第4類;政令無視;試験の正誤肢に注意,「6類から始める」。,危険物の分類;第1類〜第6類の分類概要;指定数量,誤りの内容は何ですか？,分類・品名表が不要とする点です。 試験では6類をセットで確認してください。 覚え方：「6類から始める」。 危険物は6類に分類され、品名表・指定数量が試験の基礎です。数値・日程・合格基準は消防試験研究センター（https://w。,正しい理解は何ですか？,6類・品名・指定数量の三層です。 誤答では不要に注意してください。 覚え方：「6類から始める」。 危険物は6類に分類され、品名表・指定数量が試験の基礎です。数値・日程・合格基準は消防試験研究センター（https://w。,試験対策は？,分類表を暗記してください。 試験では6類をセットで確認してください。 誤答では不要に注意してください。 覚え方：「6類から始める」。 危険物は6類に分類され、品名表・指定数量が試験の基礎です。数値・日程・合格基準は消防試験研究センター（https://w。,確認先はどこですか？,用語集を参照してください。 試験では6類をセットで確認してください。 誤答では不要に注意してください。 覚え方：「6類から始める」。 危険物は6類に分類され、品名表・指定数量が試験の基礎です。数値・日程・合格基準は消防試験研究センター（https://w。
mizu-dai4-s32,第4類に水消火が最適とする誤り,物性・化学,第4類;水消火,第4類火災に水消火が最適とする誤り。,消火方法の誤選択。,"[{""topic"": ""消火"", ""wrong"": ""水最適"", ""correct"": ""泡・粉末"", ""trap"": ""消火誤""}, {""topic"": ""性質"", ""wrong"": ""無視"", ""correct"": ""浮燃"", ""trap"": ""性質誤""}, {""topic"": ""設備"", ""wrong"": ""放水"", ""correct"": ""泡設備"", ""trap"": ""設備誤""}, {""topic"": ""試験"", ""wrong"": ""水万能"", ""correct"": ""類別"", ""trap"": ""万能誤""}]",第4類に水最適の誤解｜乙4,第4類には水消火が不適切な場合があります。数値・日程・合格基準は消防試験研究センター（https://www.shoubo-shiken.or.jp/kikenbutsu/）の試験要項で必ずご確認ください。,水不適切;泡等;物性;設備,水最適;水万能;性質無視;試験の正誤肢に注意,「第4類は水注意」。,水による消火が不適切な場合;第4類危険物;泡消火,誤りの内容は何ですか？,水が最適とする点です。 試験では水不適切をセットで確認してください。 誤答では水最適に注意してください。 覚え方：「第4類は水注意」。 第4類には水消火が不適切な場合があります。数値・日程・合格基準は消防試験研究センター（https://www.shoub。,正しい理解は何ですか？,泡・粉末等を選択します。 試験では水不適切をセットで確認してください。 誤答では水最適に注意してください。 覚え方：「第4類は水注意」。 第4類には水消火が不適切な場合があります。数値・日程・合格基準は消防試験研究センター（https://www.shoub。,試験対策は？,類・消火対応表を作成してください。 試験では水不適切をセットで確認してください。 誤答では水最適に注意してください。 覚え方：「第4類は水注意」。 第4類には水消火が不適切な場合があります。数値・日程・合格基準は消防試験研究センター（https://www.shoub。,確認先はどこですか？,用語集を参照してください。 試験では水不適切をセットで確認してください。 誤答では水最適に注意してください。 覚え方：「第4類は水注意」。 第4類には水消火が不適切な場合があります。数値・日程・合格基準は消防試験研究センター（https://www.shoub。
tank-kyoyo-s32,タンク貯蔵基準を同一視する誤り,法令・制度,タンク貯蔵所,屋外・屋内・移動タンクの基準を同一とする誤り。,貯蔵所区分の混同。,"[{""topic"": ""屋外"", ""wrong"": ""屋内同一"", ""correct"": ""基準別"", ""trap"": ""屋外誤""}, {""topic"": ""移動"", ""wrong"": ""固定同一"", ""correct"": ""移動基準"", ""trap"": ""移動誤""}, {""topic"": ""地下"", ""wrong"": ""屋外同一"", ""correct"": ""地下基準"", ""trap"": ""地下誤""}, {""topic"": ""届出"", ""wrong"": ""不要"", ""correct"": ""検査届"", ""trap"": ""届出誤""}]",タンク基準同一の誤解｜乙4,タンクは屋外・屋内・地下・移動で基準が異なります。数値・日程・合格基準は消防試験研究センター（https://www.shoubo-shiken.or.jp/kikenbutsu/）の試験要項で必ずご確認ください。,四区分;基準別;防火堤;政令,同一;不要;固定のみ;試験の正誤肢に注意,「場所で基準変更」。,タンク貯蔵所;屋外タンク貯蔵所;移動タンク貯蔵所,誤りの内容は何ですか？,すべて同一基準とする点です。 試験では四区分をセットで確認してください。 覚え方：「場所で基準変更」。 タンクは屋外・屋内・地下・移動で基準が異なります。数値・日程・合格基準は消防試験研究センター（https://www.s。,正しい理解は何ですか？,貯蔵所の区分ごとに基準が異なります。 試験では四区分をセットで確認してください。 誤答では同一に注意してください。 覚え方：「場所で基準変更」。 タンクは屋外・屋内・地下・移動で基準が異なります。数値・日程・合格基準は消防試験研究センター（https://www.s。,試験対策は？,四区分表を作成してください。 誤答では同一に注意してください。 覚え方：「場所で基準変更」。 タンクは屋外・屋内・地下・移動で基準が異なります。数値・日程・合格基準は消防試験研究センター（https://www.s。,確認先はどこですか？,政令を参照してください。 試験では四区分をセットで確認してください。 誤答では同一に注意してください。 覚え方：「場所で基準変更」。 タンクは屋外・屋内・地下・移動で基準が異なります。数値・日程・合格基準は消防試験研究センター（https://www.s。
iso-hikiwatashi-s32,移送と引渡しを同一視する誤り,法令・制度,移送;引渡し,移送届と引渡し届を同一とする誤り。,届出類型の混同。,"[{""topic"": ""手続"", ""wrong"": ""同一"", ""correct"": ""別届"", ""trap"": ""手続誤""}, {""topic"": ""期限"", ""wrong"": ""同一"", ""correct"": ""別期限"", ""trap"": ""期限誤""}, {""topic"": ""対象"", ""wrong"": ""同一"", ""correct"": ""運搬/引渡"", ""trap"": ""対象誤""}, {""topic"": ""不要"", ""wrong"": ""届出不要"", ""correct"": ""必要"", ""trap"": ""不要誤""}]",移送＝引渡しの誤解｜乙4,移送は運搬、引渡しは権利移転・引渡しで届出が異なります。数値・日程・合格基準は消防試験研究センター（https://www.shoubo-shiken.or.jp/kikenbutsu/）の試験要項で必ずご確認ください。,移送≠引渡し;届出別;記録;条文,同一;不要;期限同一;試験の正誤肢に注意,「運ぶ≠渡す」。（暗記用フレーズ）,移送;譲渡・引渡し;譲渡・引渡しの届出,誤りの内容は何ですか？,移送と引渡しを同一手続とする点です。 試験では移送≠引渡しをセットで確認してください。 覚え方：「運ぶ≠渡す」。（暗記用フレーズ） 移送は運搬、引渡しは権利移転・引渡しで届出が異なります。数値・日程・合格基準は消防試験研究センター（https://ww。,正しい理解は何ですか？,届出類型・期限が異なります。 試験では移送≠引渡しをセットで確認してください。 誤答では同一に注意してください。 覚え方：「運ぶ≠渡す」。（暗記用フレーズ） 移送は運搬、引渡しは権利移転・引渡しで届出が異なります。数値・日程・合格基準は消防試験研究センター（https://ww。,試験対策は？,届出一覧表を作成してください。 試験では移送≠引渡しをセットで確認してください。 誤答では同一に注意してください。 覚え方：「運ぶ≠渡す」。（暗記用フレーズ） 移送は運搬、引渡しは権利移転・引渡しで届出が異なります。数値・日程・合格基準は消防試験研究センター（https://ww。,確認先はどこですか？,消防法を参照してください。 試験では移送≠引渡しをセットで確認してください。 誤答では同一に注意してください。 覚え方：「運ぶ≠渡す」。（暗記用フレーズ） 移送は運搬、引渡しは権利移転・引渡しで届出が異なります。数値・日程・合格基準は消防試験研究センター（https://ww。
shitei-seirei-s32,指定数量を消防法のみとする誤り,法令・制度,指定数量;政令,指定数量を消防法条文のみで定めるとする誤り。,法・政令の読み分け誤り。,"[{""topic"": ""数量"", ""wrong"": ""消防法のみ"", ""correct"": ""政令"", ""trap"": ""数量誤""}, {""topic"": ""倍数"", ""wrong"": ""法のみ"", ""correct"": ""政令"", ""trap"": ""倍数誤""}, {""topic"": ""品名"", ""wrong"": ""不要"", ""correct"": ""品名表"", ""trap"": ""品名誤""}, {""topic"": ""試験"", ""wrong"": ""政令不要"", ""correct"": ""政令頻出"", ""trap"": ""政令誤""}]",数量＝消防法のみの誤解｜乙4,指定数量・倍数は政令で定められます。数値・日程・合格基準は消防試験研究センター（https://www.shoubo-shiken.or.jp/kikenbutsu/）の試験要項で必ずご確認ください。,政令で数量;倍数;品名表;法は基本,法のみ;政令不要;一括数量;試験の正誤肢に注意,「数量は政令」。（暗記用フレーズ）,指定数量;危険物の規制に関する政令;消防法,誤りの内容は何ですか？,指定数量が消防法のみとする点です。 試験では政令で数量をセットで確認してください。 覚え方：「数量は政令」。（暗記用フレーズ） 指定数量・倍数は政令で定められます。数値・日程・合格基準は消防試験研究センター（https://www.shoubo-s。,正しい理解は何ですか？,政令・品名表で定められます。 試験では政令で数量をセットで確認してください。 誤答では法のみに注意してください。 覚え方：「数量は政令」。（暗記用フレーズ） 指定数量・倍数は政令で定められます。数値・日程・合格基準は消防試験研究センター（https://www.shoubo-s。,試験対策は？,法・政令の三層表を作成してください。 試験では政令で数量をセットで確認してください。 誤答では法のみに注意してください。 覚え方：「数量は政令」。（暗記用フレーズ） 指定数量・倍数は政令で定められます。数値・日程・合格基準は消防試験研究センター（https://www.shoubo-s。,確認先はどこですか？,政令を参照してください。 試験では政令で数量をセットで確認してください。 誤答では法のみに注意してください。 覚え方：「数量は政令」。（暗記用フレーズ） 指定数量・倍数は政令で定められます。数値・日程・合格基準は消防試験研究センター（https://www.shoubo-s。
yobo-fuyo-s32,予防規程が不要とする誤り,法令・制度,予防規程,予防規程作成・認可が不要とする誤り。,規模基準の無視。,"[{""topic"": ""作成"", ""wrong"": ""不要"", ""correct"": ""一定規模で必要"", ""trap"": ""作成誤""}, {""topic"": ""認可"", ""wrong"": ""不要"", ""correct"": ""認可必要"", ""trap"": ""認可誤""}, {""topic"": ""日常"", ""wrong"": ""不要"", ""correct"": ""保安管理"", ""trap"": ""日常誤""}, {""topic"": ""名称"", ""wrong"": ""保安規程同一"", ""correct"": ""予防規程"", ""trap"": ""名称誤""}]",予防規程不要の誤解｜乙4,一定規模以上では予防規程の作成・認可が必要です。数値・日程・合格基準は消防試験研究センター（https://www.shoubo-shiken.or.jp/kikenbutsu/）の試験要項で必ずご確認ください。,規模基準;認可;日常遵守;名称,不要;認可不要;名称混同;試験の正誤肢に注意,「大規模＝予防規程」。,予防規程;予防規程の作成;予防規程,誤りの内容は何ですか？,予防規程が不要とする点です。 試験では規模基準をセットで確認してください。 覚え方：「大規模＝予防規程」。 一定規模以上では予防規程の作成・認可が必要です。数値・日程・合格基準は消防試験研究センター（https://www.sh。,正しい理解は何ですか？,規模・認可・保安管理がセットです。 試験では規模基準をセットで確認してください。 誤答では不要に注意してください。 覚え方：「大規模＝予防規程」。 一定規模以上では予防規程の作成・認可が必要です。数値・日程・合格基準は消防試験研究センター（https://www.sh。,試験対策は？,キーワード正誤を反復してください。 試験では規模基準をセットで確認してください。 誤答では不要に注意してください。 覚え方：「大規模＝予防規程」。 一定規模以上では予防規程の作成・認可が必要です。数値・日程・合格基準は消防試験研究センター（https://www.sh。,確認先はどこですか？,消防法を参照してください。 試験では規模基準をセットで確認してください。 誤答では不要に注意してください。 覚え方：「大規模＝予防規程」。 一定規模以上では予防規程の作成・認可が必要です。数値・日程・合格基準は消防試験研究センター（https://www.sh。
shoka-awa-co2-s32,泡とCO2の作用を同一視する誤り,火災・消火・漏えい,泡消火;二酸化炭素,泡消火とCO2消火の作用・適用を同一とする誤り。,消火剤の混同。,"[{""topic"": ""作用"", ""wrong"": ""同一"", ""correct"": ""窒息・冷却差"", ""trap"": ""作用誤""}, {""topic"": ""適用"", ""wrong"": ""同一"", ""correct"": ""第4類/電気"", ""trap"": ""適用誤""}, {""topic"": ""水"", ""wrong"": ""万能"", ""correct"": ""第4類注意"", ""trap"": ""水誤""}, {""topic"": ""設備"", ""wrong"": ""不要"", ""correct"": ""区分"", ""trap"": ""設備誤""}]",泡＝CO2の誤解｜乙4,消火剤ごとに作用と適用場面が異なります。数値・日程・合格基準は消防試験研究センター（https://www.shoubo-shiken.or.jp/kikenbutsu/）の試験要項で必ずご確認ください。,作用別;適用別;第4類;電気,同一;万能;設備不要;試験の正誤肢に注意,「剤で作用が変わる」。,泡消火;二酸化炭素消火;抑制消火,誤りの内容は何ですか？,泡とCO2を同一作用とする点です。 試験では作用別をセットで確認してください。 覚え方：「剤で作用が変わる」。 消火剤ごとに作用と適用場面が異なります。数値・日程・合格基準は消防試験研究センター（https://www.shoubo。,正しい理解は何ですか？,適用火災・作用が異なります。 試験では作用別をセットで確認してください。 誤答では同一に注意してください。 覚え方：「剤で作用が変わる」。 消火剤ごとに作用と適用場面が異なります。数値・日程・合格基準は消防試験研究センター（https://www.shoubo。,試験対策は？,消火剤三列表を作成してください。 試験では作用別をセットで確認してください。 誤答では同一に注意してください。 覚え方：「剤で作用が変わる」。 消火剤ごとに作用と適用場面が異なります。数値・日程・合格基準は消防試験研究センター（https://www.shoubo。,確認先はどこですか？,用語集を参照してください。 試験では作用別をセットで確認してください。 誤答では同一に注意してください。 覚え方：「剤で作用が変わる」。 消火剤ごとに作用と適用場面が異なります。数値・日程・合格基準は消防試験研究センター（https://www.shoubo。
ido-tank-kotei-s32,移動タンクを固定と同一視する誤り,法令・制度,移動タンク,移動タンクに固定タンクと同一基準を適用する誤り。,タンク区分の混同。,"[{""topic"": ""基準"", ""wrong"": ""固定同一"", ""correct"": ""移動別"", ""trap"": ""基準誤""}, {""topic"": ""検査"", ""wrong"": ""不要"", ""correct"": ""移動検査"", ""trap"": ""検査誤""}, {""topic"": ""移送"", ""wrong"": ""不要"", ""correct"": ""移送基準"", ""trap"": ""移送誤""}, {""topic"": ""届出"", ""wrong"": ""不要"", ""correct"": ""必要"", ""trap"": ""届出誤""}]",移動＝固定の誤解｜乙4,移動タンクは専用基準・移送基準があります。数値・日程・合格基準は消防試験研究センター（https://www.shoubo-shiken.or.jp/kikenbutsu/）の試験要項で必ずご確認ください。,移動別;検査;移送;届出,同一;不要;固定のみ;試験の正誤肢に注意,「動くタンクは別」。,予防規程;予防規程の作成;危険物の貯蔵,誤りの内容は何ですか？,移動と固定を同一基準とする点です。 試験では移動別をセットで確認してください。 覚え方：「動くタンクは別」。 移動タンクは専用基準・移送基準があります。数値・日程・合格基準は消防試験研究センター（https://www.shoub。,正しい理解は何ですか？,移動タンク専用基準があります。 試験では移動別をセットで確認してください。 誤答では同一に注意してください。 覚え方：「動くタンクは別」。 移動タンクは専用基準・移送基準があります。数値・日程・合格基準は消防試験研究センター（https://www.shoub。,試験対策は？,タンク区分表を作成してください。 試験では移動別をセットで確認してください。 誤答では同一に注意してください。 覚え方：「動くタンクは別」。 移動タンクは専用基準・移送基準があります。数値・日程・合格基準は消防試験研究センター（https://www.shoub。,確認先はどこですか？,政令を参照してください。 試験では移動別をセットで確認してください。 誤答では同一に注意してください。 覚え方：「動くタンクは別」。 移動タンクは専用基準・移送基準があります。数値・日程・合格基準は消防試験研究センター（https://www.shoub。
seirei-hiyo-s32,政令が試験に出ないとする誤り,法令・制度,政令,乙4は消防法のみで足りるとする誤り。,出題範囲の誤解。,"[{""topic"": ""出題"", ""wrong"": ""法のみ"", ""correct"": ""政令頻出"", ""trap"": ""出題誤""}, {""topic"": ""数量"", ""wrong"": ""法のみ"", ""correct"": ""政令"", ""trap"": ""数量誤""}, {""topic"": ""設備"", ""wrong"": ""法のみ"", ""correct"": ""政令"", ""trap"": ""設備誤""}, {""topic"": ""倍数"", ""wrong"": ""不要"", ""correct"": ""倍数計算"", ""trap"": ""倍数誤""}]",政令不出題の誤解｜乙4,指定数量・設備基準は政令が試験頻出です。数値・日程・合格基準は消防試験研究センター（https://www.shoubo-shiken.or.jp/kikenbutsu/）の試験要項で必ずご確認ください。,政令必須;数量;倍数;設備,法のみ;政令不要;試験の正誤肢に注意,「乙4＝法＋政令」。,危険物の規制に関する政令;指定数量;消防法,誤りの内容は何ですか？,政令が不要とする点です。 試験では政令必須をセットで確認してください。 誤答では法のみに注意してください。 覚え方：「乙4＝法＋政令」。 指定数量・設備基準は政令が試験頻出です。数値・日程・合格基準は消防試験研究センター（https://www.shoubo。,正しい理解は何ですか？,政令・品名表が数量問題の中心です。 試験では政令必須をセットで確認してください。 誤答では法のみに注意してください。 覚え方：「乙4＝法＋政令」。 指定数量・設備基準は政令が試験頻出です。数値・日程・合格基準は消防試験研究センター（https://www.shoubo。,試験対策は？,法・政令の条文読みを練習してください。 試験では政令必須をセットで確認してください。 誤答では法のみに注意してください。 覚え方：「乙4＝法＋政令」。 指定数量・設備基準は政令が試験頻出です。数値・日程・合格基準は消防試験研究センター（https://www.shoubo。,確認先はどこですか？,出題範囲を参照してください。 試験では政令必須をセットで確認してください。 誤答では法のみに注意してください。 覚え方：「乙4＝法＋政令」。 指定数量・設備基準は政令が試験頻出です。数値・日程・合格基準は消防試験研究センター（https://www.shoubo。
miman-museigen-s32,指定数量未満は無規制とする誤り,法令・制度,指定数量未満,指定数量未満なら一切規制なしとする誤り。,緩和の過大解釈。,"[{""topic"": ""規制"", ""wrong"": ""なし"", ""correct"": ""緩和あり"", ""trap"": ""規制誤""}, {""topic"": ""合算"", ""wrong"": ""無視"", ""correct"": ""超過あり"", ""trap"": ""合算誤""}, {""topic"": ""届出"", ""wrong"": ""一切不要"", ""correct"": ""限定的必要"", ""trap"": ""届出誤""}, {""topic"": ""取扱"", ""wrong"": ""自由"", ""correct"": ""共通基準"", ""trap"": ""取扱誤""}]",未満＝無規制の誤解｜乙4,未満は基準緩和であり、無規制ではありません。数値・日程・合格基準は消防試験研究センター（https://www.shoubo-shiken.or.jp/kikenbutsu/）の試験要項で必ずご確認ください。,緩和限定;合算;共通基準;政令,無規制;合算無視;届出不要;試験の正誤肢に注意,「未満≠自由」。（暗記用フレーズ）,指定数量未満;指定数量未満の危険物の扱い;指定数量,誤りの内容は何ですか？,未満＝完全自由とする点です。 試験では緩和限定をセットで確認してください。 誤答では無規制に注意してください。 覚え方：「未満≠自由」。（暗記用フレーズ） 未満は基準緩和であり、無規制ではありません。数値・日程・合格基準は消防試験研究センター（https://www.shou。,正しい理解は何ですか？,緩和の範囲内でも規制・合算があります。 試験では緩和限定をセットで確認してください。 誤答では無規制に注意してください。 覚え方：「未満≠自由」。（暗記用フレーズ） 未満は基準緩和であり、無規制ではありません。数値・日程・合格基準は消防試験研究センター（https://www.shou。,試験対策は？,未満・倍数表を作成してください。 試験では緩和限定をセットで確認してください。 誤答では無規制に注意してください。 覚え方：「未満≠自由」。（暗記用フレーズ） 未満は基準緩和であり、無規制ではありません。数値・日程・合格基準は消防試験研究センター（https://www.shou。,確認先はどこですか？,政令を参照してください。 試験では緩和限定をセットで確認してください。 誤答では無規制に注意してください。 覚え方：「未満≠自由」。（暗記用フレーズ） 未満は基準緩和であり、無規制ではありません。数値・日程・合格基準は消防試験研究センター（https://www.shou。
toriatsukai-kantoku-same-s33,取扱者と監督者を同一視する誤り（S33）,法令・制度,危険物取扱者;危険物保安監督者,選任要件・業務・届出を同一とみなす誤り。,危険物取扱者と危険物保安監督者の混同。,"[{""topic"": ""基準"", ""wrong"": ""同一"", ""correct"": ""別基準"", ""trap"": ""基準誤""}, {""topic"": ""数量"", ""wrong"": ""無視"", ""correct"": ""指定数量"", ""trap"": ""数量誤""}, {""topic"": ""設備"", ""wrong"": ""不要"", ""correct"": ""政令基準"", ""trap"": ""設備誤""}, {""topic"": ""届出"", ""wrong"": ""不要"", ""correct"": ""必要"", ""trap"": ""届出誤""}]",取扱者と監督者を同一視する誤り（S33）｜乙4,選任要件・業務・届出を同一とみなす誤り。正しい整理を表にまとめてください。数値・日程・合格基準は消防試験研究センター（https://www.shoubo-shiken.or.jp/kikenbutsu/）の試験要項で必ずご確認ください。,危険物取扱者≠危険物保安監督者;倍数・設備;品名表;試験の正誤肢に注意,同一視;倍数無視;設備不要;試験の正誤肢に注意,「危険物取扱者と危険物保安監督者は別」。,危険物取扱者;危険物保安監督者,誤りの内容は何ですか？,選任要件・業務・届出を同一とみなす誤り。典型誤答として頻出です。乙4試験では用語集と消防法・政令の対応づけが得点の鍵になります。最新の試験要項もあわせて確認してください。賃管試験では用語集と条文の対応づけが得点の鍵になります。最新の試験要項もあわせて確認してください。,正しい理解は何ですか？,危険物取扱者と危険物保安監督者を基準・数量・設備で分けてください。乙4試験では用語集と消防法・政令の対応づけが得点の鍵になります。最新の試験要項もあわせて確認してください。賃管試験では用語集と条文の対応づけが得点の鍵になります。最新の試験要項もあわせて確認してください。,試験対策の進め方は？,誤答パターン表を作成し、過去問を反復してください。乙4試験では用語集と消防法・政令の対応づけが得点の鍵になります。最新の試験要項もあわせて確認してください。賃管試験では用語集と条文の対応づけが得点の鍵になります。最新の試験要項もあわせて確認してください。,確認先はどこですか？,消防法・政令・用語集を参照してください。乙4試験では用語集と消防法・政令の対応づけが得点の鍵になります。最新の試験要項もあわせて確認してください。賃管試験では用語集と条文の対応づけが得点の鍵になります。最新の試験要項もあわせて確認してください。
dai2-shitei-same-s33,倍数計算を無視する誤り（S33）,法令・制度,指定数量;指定数量の倍数,倍数計算・設備基準を無視する誤り。,指定数量と指定数量の倍数の混同。,"[{""topic"": ""基準"", ""wrong"": ""同一"", ""correct"": ""別基準"", ""trap"": ""基準誤""}, {""topic"": ""数量"", ""wrong"": ""無視"", ""correct"": ""指定数量"", ""trap"": ""数量誤""}, {""topic"": ""設備"", ""wrong"": ""不要"", ""correct"": ""政令基準"", ""trap"": ""設備誤""}, {""topic"": ""届出"", ""wrong"": ""不要"", ""correct"": ""必要"", ""trap"": ""届出誤""}]",倍数計算を無視する誤り（S33）｜乙4,倍数計算・設備基準を無視する誤り。正しい整理を表にまとめてください。数値・日程・合格基準は消防試験研究センター（https://www.shoubo-shiken.or.jp/kikenbutsu/）の試験要項で必ずご確認ください。,指定数量≠指定数量の倍数;倍数・設備;品名表;試験の正誤肢に注意,同一視;倍数無視;設備不要;試験の正誤肢に注意,「指定数量と指定数量の倍数は別」。,指定数量;指定数量の倍数,誤りの内容は何ですか？,倍数計算・設備基準を無視する誤り。典型誤答として頻出です。乙4試験では用語集と消防法・政令の対応づけが得点の鍵になります。最新の試験要項もあわせて確認してください。賃管試験では用語集と条文の対応づけが得点の鍵になります。最新の試験要項もあわせて確認してください。,正しい理解は何ですか？,指定数量と指定数量の倍数を基準・数量・設備で分けてください。乙4試験では用語集と消防法・政令の対応づけが得点の鍵になります。最新の試験要項もあわせて確認してください。賃管試験では用語集と条文の対応づけが得点の鍵になります。最新の試験要項もあわせて確認してください。,試験対策の進め方は？,誤答パターン表を作成し、過去問を反復してください。乙4試験では用語集と消防法・政令の対応づけが得点の鍵になります。最新の試験要項もあわせて確認してください。賃管試験では用語集と条文の対応づけが得点の鍵になります。最新の試験要項もあわせて確認してください。,確認先はどこですか？,消防法・政令・用語集を参照してください。乙4試験では用語集と消防法・政令の対応づけが得点の鍵になります。最新の試験要項もあわせて確認してください。賃管試験では用語集と条文の対応づけが得点の鍵になります。最新の試験要項もあわせて確認してください。
shoka-bouka-same-s33,消火と防火を同一視する誤り（S33）,火災・消火・漏えい,消火活動;火災予防,消火活動と火災予防・予防規程を混同する誤り。,消火活動と火災予防の混同。,"[{""topic"": ""基準"", ""wrong"": ""同一"", ""correct"": ""別基準"", ""trap"": ""基準誤""}, {""topic"": ""数量"", ""wrong"": ""無視"", ""correct"": ""指定数量"", ""trap"": ""数量誤""}, {""topic"": ""設備"", ""wrong"": ""不要"", ""correct"": ""政令基準"", ""trap"": ""設備誤""}, {""topic"": ""届出"", ""wrong"": ""不要"", ""correct"": ""必要"", ""trap"": ""届出誤""}]",消火と防火を同一視する誤り（S33）｜乙4,消火活動と火災予防・予防規程を混同する誤り。正しい整理を表にまとめてください。数値・日程・合格基準は消防試験研究センター（https://www.shoubo-shiken.or.jp/kikenbutsu/）の試験要項で必ずご確認ください。,消火活動≠火災予防;倍数・設備;品名表;試験の正誤肢に注意,同一視;倍数無視;設備不要;試験の正誤肢に注意,「消火活動と火災予防は別」。,消火活動;火災予防,誤りの内容は何ですか？,消火活動と火災予防・予防規程を混同する誤り。典型誤答として頻出です。乙4試験では用語集と消防法・政令の対応づけが得点の鍵になります。最新の試験要項もあわせて確認してください。賃管試験では用語集と条文の対応づけが得点の鍵になります。最新の試験要項もあわせて確認してください。,正しい理解は何ですか？,消火活動と火災予防を基準・数量・設備で分けてください。乙4試験では用語集と消防法・政令の対応づけが得点の鍵になります。最新の試験要項もあわせて確認してください。賃管試験では用語集と条文の対応づけが得点の鍵になります。最新の試験要項もあわせて確認してください。,試験対策の進め方は？,誤答パターン表を作成し、過去問を反復してください。乙4試験では用語集と消防法・政令の対応づけが得点の鍵になります。最新の試験要項もあわせて確認してください。賃管試験では用語集と条文の対応づけが得点の鍵になります。最新の試験要項もあわせて確認してください。,確認先はどこですか？,消防法・政令・用語集を参照してください。乙4試験では用語集と消防法・政令の対応づけが得点の鍵になります。最新の試験要項もあわせて確認してください。賃管試験では用語集と条文の対応づけが得点の鍵になります。最新の試験要項もあわせて確認してください。
lorry-idou-same-s33,タンクローリーと移動タンクを混同する誤り（S33）,法令・制度,タンクローリー;移動タンク貯蔵所,基準・届出・容量規制の混同。,タンクローリーと移動タンク貯蔵所の混同。,"[{""topic"": ""基準"", ""wrong"": ""同一"", ""correct"": ""別基準"", ""trap"": ""基準誤""}, {""topic"": ""数量"", ""wrong"": ""無視"", ""correct"": ""指定数量"", ""trap"": ""数量誤""}, {""topic"": ""設備"", ""wrong"": ""不要"", ""correct"": ""政令基準"", ""trap"": ""設備誤""}, {""topic"": ""届出"", ""wrong"": ""不要"", ""correct"": ""必要"", ""trap"": ""届出誤""}]",タンクローリーと移動タンクを混同する誤り（S33）｜乙4,基準・届出・容量規制の混同。正しい整理を表にまとめてください。数値・日程・合格基準は消防試験研究センター（https://www.shoubo-shiken.or.jp/kikenbutsu/）の試験要項で必ずご確認ください。,タンクローリー≠移動タンク貯蔵所;倍数・設備;品名表;試験の正誤肢に注意,同一視;倍数無視;設備不要;試験の正誤肢に注意,「タンクローリーと移動タンク貯蔵所は別」。,タンクローリー;移動タンク貯蔵所,誤りの内容は何ですか？,基準・届出・容量規制の混同。典型誤答として頻出です。乙4試験では用語集と消防法・政令の対応づけが得点の鍵になります。最新の試験要項もあわせて確認してください。賃管試験では用語集と条文の対応づけが得点の鍵になります。最新の試験要項もあわせて確認してください。,正しい理解は何ですか？,タンクローリーと移動タンク貯蔵所を基準・数量・設備で分けてください。乙4試験では用語集と消防法・政令の対応づけが得点の鍵になります。最新の試験要項もあわせて確認してください。賃管試験では用語集と条文の対応づけが得点の鍵になります。最新の試験要項もあわせて確認してください。,試験対策の進め方は？,誤答パターン表を作成し、過去問を反復してください。乙4試験では用語集と消防法・政令の対応づけが得点の鍵になります。最新の試験要項もあわせて確認してください。賃管試験では用語集と条文の対応づけが得点の鍵になります。最新の試験要項もあわせて確認してください。,確認先はどこですか？,消防法・政令・用語集を参照してください。乙4試験では用語集と消防法・政令の対応づけが得点の鍵になります。最新の試験要項もあわせて確認してください。賃管試験では用語集と条文の対応づけが得点の鍵になります。最新の試験要項もあわせて確認してください。
yobou-kanri-same-s33,予防規程と火災予防を混同する誤り（S33）,法令・制度,予防規程;火災予防,規程作成・認可と予防活動の混同。,予防規程と火災予防の混同。,"[{""topic"": ""基準"", ""wrong"": ""同一"", ""correct"": ""別基準"", ""trap"": ""基準誤""}, {""topic"": ""数量"", ""wrong"": ""無視"", ""correct"": ""指定数量"", ""trap"": ""数量誤""}, {""topic"": ""設備"", ""wrong"": ""不要"", ""correct"": ""政令基準"", ""trap"": ""設備誤""}, {""topic"": ""届出"", ""wrong"": ""不要"", ""correct"": ""必要"", ""trap"": ""届出誤""}]",予防規程と火災予防を混同する誤り（S33）｜乙4,規程作成・認可と予防活動の混同。正しい整理を表にまとめてください。数値・日程・合格基準は消防試験研究センター（https://www.shoubo-shiken.or.jp/kikenbutsu/）の試験要項で必ずご確認ください。,予防規程≠火災予防;倍数・設備;品名表;試験の正誤肢に注意,同一視;倍数無視;設備不要;試験の正誤肢に注意,「予防規程と火災予防は別」。,予防規程;火災予防,誤りの内容は何ですか？,規程作成・認可と予防活動の混同。典型誤答として頻出です。乙4試験では用語集と消防法・政令の対応づけが得点の鍵になります。最新の試験要項もあわせて確認してください。賃管試験では用語集と条文の対応づけが得点の鍵になります。最新の試験要項もあわせて確認してください。,正しい理解は何ですか？,予防規程と火災予防を基準・数量・設備で分けてください。乙4試験では用語集と消防法・政令の対応づけが得点の鍵になります。最新の試験要項もあわせて確認してください。賃管試験では用語集と条文の対応づけが得点の鍵になります。最新の試験要項もあわせて確認してください。,試験対策の進め方は？,誤答パターン表を作成し、過去問を反復してください。乙4試験では用語集と消防法・政令の対応づけが得点の鍵になります。最新の試験要項もあわせて確認してください。賃管試験では用語集と条文の対応づけが得点の鍵になります。最新の試験要項もあわせて確認してください。,確認先はどこですか？,消防法・政令・用語集を参照してください。乙4試験では用語集と消防法・政令の対応づけが得点の鍵になります。最新の試験要項もあわせて確認してください。賃管試験では用語集と条文の対応づけが得点の鍵になります。最新の試験要項もあわせて確認してください。
dai4-all-same-s33,すべて第4類とする誤り（S33）,法令・制度,第4類危険物;危険物の分類,6類分類を無視し全品目第4類とする誤り。,第4類危険物と危険物の分類の混同。,"[{""topic"": ""基準"", ""wrong"": ""同一"", ""correct"": ""別基準"", ""trap"": ""基準誤""}, {""topic"": ""数量"", ""wrong"": ""無視"", ""correct"": ""指定数量"", ""trap"": ""数量誤""}, {""topic"": ""設備"", ""wrong"": ""不要"", ""correct"": ""政令基準"", ""trap"": ""設備誤""}, {""topic"": ""届出"", ""wrong"": ""不要"", ""correct"": ""必要"", ""trap"": ""届出誤""}]",すべて第4類とする誤り（S33）｜乙4,6類分類を無視し全品目第4類とする誤り。正しい整理を表にまとめてください。数値・日程・合格基準は消防試験研究センター（https://www.shoubo-shiken.or.jp/kikenbutsu/）の試験要項で必ずご確認ください。,第4類危険物≠危険物の分類;倍数・設備;品名表;試験の正誤肢に注意,同一視;倍数無視;設備不要;試験の正誤肢に注意,「第4類危険物と危険物の分類は別」。,第4類危険物;危険物の分類,誤りの内容は何ですか？,6類分類を無視し全品目第4類とする誤り。典型誤答として頻出です。乙4試験では用語集と消防法・政令の対応づけが得点の鍵になります。最新の試験要項もあわせて確認してください。賃管試験では用語集と条文の対応づけが得点の鍵になります。最新の試験要項もあわせて確認してください。,正しい理解は何ですか？,第4類危険物と危険物の分類を基準・数量・設備で分けてください。乙4試験では用語集と消防法・政令の対応づけが得点の鍵になります。最新の試験要項もあわせて確認してください。賃管試験では用語集と条文の対応づけが得点の鍵になります。最新の試験要項もあわせて確認してください。,試験対策の進め方は？,誤答パターン表を作成し、過去問を反復してください。乙4試験では用語集と消防法・政令の対応づけが得点の鍵になります。最新の試験要項もあわせて確認してください。賃管試験では用語集と条文の対応づけが得点の鍵になります。最新の試験要項もあわせて確認してください。,確認先はどこですか？,消防法・政令・用語集を参照してください。乙4試験では用語集と消防法・政令の対応づけが得点の鍵になります。最新の試験要項もあわせて確認してください。賃管試験では用語集と条文の対応づけが得点の鍵になります。最新の試験要項もあわせて確認してください。
tank-same-s33,屋外・屋内タンク基準同一の誤り（S33）,法令・制度,屋外タンク貯蔵所;屋内タンク貯蔵所の基準,タンク場所による基準差を無視する誤り。,屋外タンク貯蔵所と屋内タンク貯蔵所の基準の混同。,"[{""topic"": ""基準"", ""wrong"": ""同一"", ""correct"": ""別基準"", ""trap"": ""基準誤""}, {""topic"": ""数量"", ""wrong"": ""無視"", ""correct"": ""指定数量"", ""trap"": ""数量誤""}, {""topic"": ""設備"", ""wrong"": ""不要"", ""correct"": ""政令基準"", ""trap"": ""設備誤""}, {""topic"": ""届出"", ""wrong"": ""不要"", ""correct"": ""必要"", ""trap"": ""届出誤""}]",屋外・屋内タンク基準同一の誤り（S33）｜乙4,タンク場所による基準差を無視する誤り。正しい整理を表にまとめてください。数値・日程・合格基準は消防試験研究センター（https://www.shoubo-shiken.or.jp/kikenbutsu/）の試験要項で必ずご確認ください。,屋外タンク貯蔵所≠屋内タンク貯蔵所の基準;倍数・設備;品名表;試験の正誤肢に注意,同一視;倍数無視;設備不要;試験の正誤肢に注意,「屋外タンク貯蔵所と屋内タンク貯蔵所の基準は別」。,屋外タンク貯蔵所;屋内タンク貯蔵所の基準,誤りの内容は何ですか？,タンク場所による基準差を無視する誤り。典型誤答として頻出です。乙4試験では用語集と消防法・政令の対応づけが得点の鍵になります。最新の試験要項もあわせて確認してください。賃管試験では用語集と条文の対応づけが得点の鍵になります。最新の試験要項もあわせて確認してください。,正しい理解は何ですか？,屋外タンク貯蔵所と屋内タンク貯蔵所の基準を基準・数量・設備で分けてください。乙4試験では用語集と消防法・政令の対応づけが得点の鍵になります。最新の試験要項もあわせて確認してください。賃管試験では用語集と条文の対応づけが得点の鍵になります。最新の試験要項もあわせて確認してください。,試験対策の進め方は？,誤答パターン表を作成し、過去問を反復してください。乙4試験では用語集と消防法・政令の対応づけが得点の鍵になります。最新の試験要項もあわせて確認してください。賃管試験では用語集と条文の対応づけが得点の鍵になります。最新の試験要項もあわせて確認してください。,確認先はどこですか？,消防法・政令・用語集を参照してください。乙4試験では用語集と消防法・政令の対応づけが得点の鍵になります。最新の試験要項もあわせて確認してください。賃管試験では用語集と条文の対応づけが得点の鍵になります。最新の試験要項もあわせて確認してください。
ido-hiki-same-s33,移送と引渡しを同一視する誤り（S33）,法令・制度,移送;譲渡・引渡し,届出類型・手続を同一とする誤り。,移送と譲渡・引渡しの混同。,"[{""topic"": ""基準"", ""wrong"": ""同一"", ""correct"": ""別基準"", ""trap"": ""基準誤""}, {""topic"": ""数量"", ""wrong"": ""無視"", ""correct"": ""指定数量"", ""trap"": ""数量誤""}, {""topic"": ""設備"", ""wrong"": ""不要"", ""correct"": ""政令基準"", ""trap"": ""設備誤""}, {""topic"": ""届出"", ""wrong"": ""不要"", ""correct"": ""必要"", ""trap"": ""届出誤""}]",移送と引渡しを同一視する誤り（S33）｜乙4,届出類型・手続を同一とする誤り。正しい整理を表にまとめてください。数値・日程・合格基準は消防試験研究センター（https://www.shoubo-shiken.or.jp/kikenbutsu/）の試験要項で必ずご確認ください。,移送≠譲渡・引渡し;倍数・設備;品名表;試験の正誤肢に注意,同一視;倍数無視;設備不要;試験の正誤肢に注意,「移送と譲渡・引渡しは別」。,移送;譲渡・引渡し,誤りの内容は何ですか？,届出類型・手続を同一とする誤り。典型誤答として頻出です。乙4試験では用語集と消防法・政令の対応づけが得点の鍵になります。最新の試験要項もあわせて確認してください。賃管試験では用語集と条文の対応づけが得点の鍵になります。最新の試験要項もあわせて確認してください。,正しい理解は何ですか？,移送と譲渡・引渡しを基準・数量・設備で分けてください。乙4試験では用語集と消防法・政令の対応づけが得点の鍵になります。最新の試験要項もあわせて確認してください。賃管試験では用語集と条文の対応づけが得点の鍵になります。最新の試験要項もあわせて確認してください。,試験対策の進め方は？,誤答パターン表を作成し、過去問を反復してください。乙4試験では用語集と消防法・政令の対応づけが得点の鍵になります。最新の試験要項もあわせて確認してください。賃管試験では用語集と条文の対応づけが得点の鍵になります。最新の試験要項もあわせて確認してください。,確認先はどこですか？,消防法・政令・用語集を参照してください。乙4試験では用語集と消防法・政令の対応づけが得点の鍵になります。最新の試験要項もあわせて確認してください。賃管試験では用語集と条文の対応づけが得点の鍵になります。最新の試験要項もあわせて確認してください。
setsubi-katsudo-same-s33,消火設備と消火活動を混同する誤り（S33）,火災・消火・漏えい,消火設備;消火活動,設備設置基準と消火行為の混同。,消火設備と消火活動の混同。,"[{""topic"": ""基準"", ""wrong"": ""同一"", ""correct"": ""別基準"", ""trap"": ""基準誤""}, {""topic"": ""数量"", ""wrong"": ""無視"", ""correct"": ""指定数量"", ""trap"": ""数量誤""}, {""topic"": ""設備"", ""wrong"": ""不要"", ""correct"": ""政令基準"", ""trap"": ""設備誤""}, {""topic"": ""届出"", ""wrong"": ""不要"", ""correct"": ""必要"", ""trap"": ""届出誤""}]",消火設備と消火活動を混同する誤り（S33）｜乙4,設備設置基準と消火行為の混同。正しい整理を表にまとめてください。数値・日程・合格基準は消防試験研究センター（https://www.shoubo-shiken.or.jp/kikenbutsu/）の試験要項で必ずご確認ください。,消火設備≠消火活動;倍数・設備;品名表;試験の正誤肢に注意,同一視;倍数無視;設備不要;試験の正誤肢に注意,「消火設備と消火活動は別」。,消火設備;消火活動,誤りの内容は何ですか？,設備設置基準と消火行為の混同。典型誤答として頻出です。乙4試験では用語集と消防法・政令の対応づけが得点の鍵になります。最新の試験要項もあわせて確認してください。賃管試験では用語集と条文の対応づけが得点の鍵になります。最新の試験要項もあわせて確認してください。,正しい理解は何ですか？,消火設備と消火活動を基準・数量・設備で分けてください。乙4試験では用語集と消防法・政令の対応づけが得点の鍵になります。最新の試験要項もあわせて確認してください。賃管試験では用語集と条文の対応づけが得点の鍵になります。最新の試験要項もあわせて確認してください。,試験対策の進め方は？,誤答パターン表を作成し、過去問を反復してください。乙4試験では用語集と消防法・政令の対応づけが得点の鍵になります。最新の試験要項もあわせて確認してください。賃管試験では用語集と条文の対応づけが得点の鍵になります。最新の試験要項もあわせて確認してください。,確認先はどこですか？,消防法・政令・用語集を参照してください。乙4試験では用語集と消防法・政令の対応づけが得点の鍵になります。最新の試験要項もあわせて確認してください。賃管試験では用語集と条文の対応づけが得点の鍵になります。最新の試験要項もあわせて確認してください。
miman-ijou-same-s33,指定数量未満を無視する誤り（S33）,法令・制度,指定数量未満;指定数量,未満での軽減基準を適用しない誤り。,指定数量未満と指定数量の混同。,"[{""topic"": ""基準"", ""wrong"": ""同一"", ""correct"": ""別基準"", ""trap"": ""基準誤""}, {""topic"": ""数量"", ""wrong"": ""無視"", ""correct"": ""指定数量"", ""trap"": ""数量誤""}, {""topic"": ""設備"", ""wrong"": ""不要"", ""correct"": ""政令基準"", ""trap"": ""設備誤""}, {""topic"": ""届出"", ""wrong"": ""不要"", ""correct"": ""必要"", ""trap"": ""届出誤""}]",指定数量未満を無視する誤り（S33）｜乙4,未満での軽減基準を適用しない誤り。正しい整理を表にまとめてください。数値・日程・合格基準は消防試験研究センター（https://www.shoubo-shiken.or.jp/kikenbutsu/）の試験要項で必ずご確認ください。,指定数量未満≠指定数量;倍数・設備;品名表;試験の正誤肢に注意,同一視;倍数無視;設備不要;試験の正誤肢に注意,「指定数量未満と指定数量は別」。,指定数量未満;指定数量,誤りの内容は何ですか？,未満での軽減基準を適用しない誤り。典型誤答として頻出です。乙4試験では用語集と消防法・政令の対応づけが得点の鍵になります。最新の試験要項もあわせて確認してください。賃管試験では用語集と条文の対応づけが得点の鍵になります。最新の試験要項もあわせて確認してください。,正しい理解は何ですか？,指定数量未満と指定数量を基準・数量・設備で分けてください。乙4試験では用語集と消防法・政令の対応づけが得点の鍵になります。最新の試験要項もあわせて確認してください。賃管試験では用語集と条文の対応づけが得点の鍵になります。最新の試験要項もあわせて確認してください。,試験対策の進め方は？,誤答パターン表を作成し、過去問を反復してください。乙4試験では用語集と消防法・政令の対応づけが得点の鍵になります。最新の試験要項もあわせて確認してください。賃管試験では用語集と条文の対応づけが得点の鍵になります。最新の試験要項もあわせて確認してください。,確認先はどこですか？,消防法・政令・用語集を参照してください。乙4試験では用語集と消防法・政令の対応づけが得点の鍵になります。最新の試験要項もあわせて確認してください。賃管試験では用語集と条文の対応づけが得点の鍵になります。最新の試験要項もあわせて確認してください。
seizo-chozo-same-s34,製造所と貯蔵所を混同する誤り（S34）,法令・制度,製造所;タンク貯蔵所,製造・貯蔵の基準・届出混同。,製造所とタンク貯蔵所の混同。,"[{""topic"": ""基準"", ""wrong"": ""同一"", ""correct"": ""別基準"", ""trap"": ""基準誤""}, {""topic"": ""数量"", ""wrong"": ""無視"", ""correct"": ""指定数量"", ""trap"": ""数量誤""}, {""topic"": ""設備"", ""wrong"": ""不要"", ""correct"": ""政令基準"", ""trap"": ""設備誤""}, {""topic"": ""届出"", ""wrong"": ""不要"", ""correct"": ""必要"", ""trap"": ""届出誤""}]",製造所と貯蔵所を混同する誤り（S34）｜乙4,製造・貯蔵の基準・届出混同。正しい整理を表にまとめてください。数値・日程・合格基準は消防試験研究センター（https://www.shoubo-shiken.or.jp/kikenbutsu/）の試験要項で必ずご確認ください。,製造所≠タンク貯蔵所;倍数・設備;品名表;試験の正誤肢に注意,同一視;倍数無視;設備不要;試験の正誤肢に注意,「製造所とタンク貯蔵所は別」。,製造所;タンク貯蔵所,誤りの内容は何ですか？,製造・貯蔵の基準・届出混同。典型誤答として頻出です。乙4試験では用語集と消防法・政令の対応づけが得点の鍵になります。最新の試験要項もあわせて確認してください。賃管試験では用語集と条文の対応づけが得点の鍵になります。最新の試験要項もあわせて確認してください。,正しい理解は何ですか？,製造所とタンク貯蔵所を基準・数量・設備で分けてください。乙4試験では用語集と消防法・政令の対応づけが得点の鍵になります。最新の試験要項もあわせて確認してください。賃管試験では用語集と条文の対応づけが得点の鍵になります。最新の試験要項もあわせて確認してください。,試験対策の進め方は？,誤答パターン表を作成し、過去問を反復してください。乙4試験では用語集と消防法・政令の対応づけが得点の鍵になります。最新の試験要項もあわせて確認してください。賃管試験では用語集と条文の対応づけが得点の鍵になります。最新の試験要項もあわせて確認してください。,確認先はどこですか？,消防法・政令・用語集を参照してください。乙4試験では用語集と消防法・政令の対応づけが得点の鍵になります。最新の試験要項もあわせて確認してください。賃管試験では用語集と条文の対応づけが得点の鍵になります。最新の試験要項もあわせて確認してください。
dai4-infl-same-s34,第4類と引火性液体を混同（S34）,物性・化学,第4類危険物;引火性液体,分類と物性の混同。,第4類危険物と引火性液体の混同。,"[{""topic"": ""基準"", ""wrong"": ""同一"", ""correct"": ""別基準"", ""trap"": ""基準誤""}, {""topic"": ""数量"", ""wrong"": ""無視"", ""correct"": ""指定数量"", ""trap"": ""数量誤""}, {""topic"": ""設備"", ""wrong"": ""不要"", ""correct"": ""政令基準"", ""trap"": ""設備誤""}, {""topic"": ""届出"", ""wrong"": ""不要"", ""correct"": ""必要"", ""trap"": ""届出誤""}]",第4類と引火性液体を混同（S34）｜乙4,分類と物性の混同。正しい整理を表にまとめてください。数値・日程・合格基準は消防試験研究センター（https://www.shoubo-shiken.or.jp/kikenbutsu/）の試験要項で必ずご確認ください。,第4類危険物≠引火性液体;倍数・設備;品名表;試験の正誤肢に注意,同一視;倍数無視;設備不要;試験の正誤肢に注意,「第4類危険物と引火性液体は別」。,第4類危険物;引火性液体,誤りの内容は何ですか？,分類と物性の混同。典型誤答として頻出です。乙4試験では用語集と消防法・政令の対応づけが得点の鍵になります。最新の試験要項もあわせて確認してください。賃管試験では用語集と条文の対応づけが得点の鍵になります。最新の試験要項もあわせて確認してください。,正しい理解は何ですか？,第4類危険物と引火性液体を基準・数量・設備で分けてください。乙4試験では用語集と消防法・政令の対応づけが得点の鍵になります。最新の試験要項もあわせて確認してください。賃管試験では用語集と条文の対応づけが得点の鍵になります。最新の試験要項もあわせて確認してください。,試験対策の進め方は？,誤答パターン表を作成し、過去問を反復してください。乙4試験では用語集と消防法・政令の対応づけが得点の鍵になります。最新の試験要項もあわせて確認してください。賃管試験では用語集と条文の対応づけが得点の鍵になります。最新の試験要項もあわせて確認してください。,確認先はどこですか？,消防法・政令・用語集を参照してください。乙4試験では用語集と消防法・政令の対応づけが得点の鍵になります。最新の試験要項もあわせて確認してください。賃管試験では用語集と条文の対応づけが得点の鍵になります。最新の試験要項もあわせて確認してください。
shoka-awase-same-s34,消火設備を同一視する誤り（S34）,火災・消火・漏えい,消火設備;消火設備の区分,放水・泡等の設備混同。,消火設備と消火設備の区分の混同。,"[{""topic"": ""基準"", ""wrong"": ""同一"", ""correct"": ""別基準"", ""trap"": ""基準誤""}, {""topic"": ""数量"", ""wrong"": ""無視"", ""correct"": ""指定数量"", ""trap"": ""数量誤""}, {""topic"": ""設備"", ""wrong"": ""不要"", ""correct"": ""政令基準"", ""trap"": ""設備誤""}, {""topic"": ""届出"", ""wrong"": ""不要"", ""correct"": ""必要"", ""trap"": ""届出誤""}]",消火設備を同一視する誤り（S34）｜乙4,放水・泡等の設備混同。正しい整理を表にまとめてください。数値・日程・合格基準は消防試験研究センター（https://www.shoubo-shiken.or.jp/kikenbutsu/）の試験要項で必ずご確認ください。,消火設備≠消火設備の区分;倍数・設備;品名表;試験の正誤肢に注意,同一視;倍数無視;設備不要;試験の正誤肢に注意,「消火設備と消火設備の区分は別」。,消火設備;消火設備の区分,誤りの内容は何ですか？,放水・泡等の設備混同。典型誤答として頻出です。乙4試験では用語集と消防法・政令の対応づけが得点の鍵になります。最新の試験要項もあわせて確認してください。賃管試験では用語集と条文の対応づけが得点の鍵になります。最新の試験要項もあわせて確認してください。,正しい理解は何ですか？,消火設備と消火設備の区分を基準・数量・設備で分けてください。乙4試験では用語集と消防法・政令の対応づけが得点の鍵になります。最新の試験要項もあわせて確認してください。賃管試験では用語集と条文の対応づけが得点の鍵になります。最新の試験要項もあわせて確認してください。,試験対策の進め方は？,誤答パターン表を作成し、過去問を反復してください。乙4試験では用語集と消防法・政令の対応づけが得点の鍵になります。最新の試験要項もあわせて確認してください。賃管試験では用語集と条文の対応づけが得点の鍵になります。最新の試験要項もあわせて確認してください。,確認先はどこですか？,消防法・政令・用語集を参照してください。乙4試験では用語集と消防法・政令の対応づけが得点の鍵になります。最新の試験要項もあわせて確認してください。賃管試験では用語集と条文の対応づけが得点の鍵になります。最新の試験要項もあわせて確認してください。
chozo-tori-same-s34,貯蔵所と取扱所を混同（S34）,法令・制度,タンク貯蔵所;一般取扱所の基準,基準・届出の混同。,タンク貯蔵所と一般取扱所の基準の混同。,"[{""topic"": ""基準"", ""wrong"": ""同一"", ""correct"": ""別基準"", ""trap"": ""基準誤""}, {""topic"": ""数量"", ""wrong"": ""無視"", ""correct"": ""指定数量"", ""trap"": ""数量誤""}, {""topic"": ""設備"", ""wrong"": ""不要"", ""correct"": ""政令基準"", ""trap"": ""設備誤""}, {""topic"": ""届出"", ""wrong"": ""不要"", ""correct"": ""必要"", ""trap"": ""届出誤""}]",貯蔵所と取扱所を混同（S34）｜乙4,基準・届出の混同。正しい整理を表にまとめてください。数値・日程・合格基準は消防試験研究センター（https://www.shoubo-shiken.or.jp/kikenbutsu/）の試験要項で必ずご確認ください。,タンク貯蔵所≠一般取扱所の基準;倍数・設備;品名表;試験の正誤肢に注意,同一視;倍数無視;設備不要;試験の正誤肢に注意,「タンク貯蔵所と一般取扱所の基準は別」。,タンク貯蔵所;一般取扱所の基準,誤りの内容は何ですか？,基準・届出の混同。典型誤答として頻出です。乙4試験では用語集と消防法・政令の対応づけが得点の鍵になります。最新の試験要項もあわせて確認してください。賃管試験では用語集と条文の対応づけが得点の鍵になります。最新の試験要項もあわせて確認してください。,正しい理解は何ですか？,タンク貯蔵所と一般取扱所の基準を基準・数量・設備で分けてください。乙4試験では用語集と消防法・政令の対応づけが得点の鍵になります。最新の試験要項もあわせて確認してください。賃管試験では用語集と条文の対応づけが得点の鍵になります。最新の試験要項もあわせて確認してください。,試験対策の進め方は？,誤答パターン表を作成し、過去問を反復してください。乙4試験では用語集と消防法・政令の対応づけが得点の鍵になります。最新の試験要項もあわせて確認してください。賃管試験では用語集と条文の対応づけが得点の鍵になります。最新の試験要項もあわせて確認してください。,確認先はどこですか？,消防法・政令・用語集を参照してください。乙4試験では用語集と消防法・政令の対応づけが得点の鍵になります。最新の試験要項もあわせて確認してください。賃管試験では用語集と条文の対応づけが得点の鍵になります。最新の試験要項もあわせて確認してください。
yobou-shoka-same-s34,予防規程と消火活動を混同（S34）,法令・制度,予防規程;消火活動,予防規程で消火不要等の誤り。,予防規程と消火活動の混同。,"[{""topic"": ""基準"", ""wrong"": ""同一"", ""correct"": ""別基準"", ""trap"": ""基準誤""}, {""topic"": ""数量"", ""wrong"": ""無視"", ""correct"": ""指定数量"", ""trap"": ""数量誤""}, {""topic"": ""設備"", ""wrong"": ""不要"", ""correct"": ""政令基準"", ""trap"": ""設備誤""}, {""topic"": ""届出"", ""wrong"": ""不要"", ""correct"": ""必要"", ""trap"": ""届出誤""}]",予防規程と消火活動を混同（S34）｜乙4,予防規程で消火不要等の誤り。正しい整理を表にまとめてください。数値・日程・合格基準は消防試験研究センター（https://www.shoubo-shiken.or.jp/kikenbutsu/）の試験要項で必ずご確認ください。,予防規程≠消火活動;倍数・設備;品名表;試験の正誤肢に注意,同一視;倍数無視;設備不要;試験の正誤肢に注意,「予防規程と消火活動は別」。,予防規程;消火活動,誤りの内容は何ですか？,予防規程で消火不要等の誤り。典型誤答として頻出です。乙4試験では用語集と消防法・政令の対応づけが得点の鍵になります。最新の試験要項もあわせて確認してください。賃管試験では用語集と条文の対応づけが得点の鍵になります。最新の試験要項もあわせて確認してください。,正しい理解は何ですか？,予防規程と消火活動を基準・数量・設備で分けてください。乙4試験では用語集と消防法・政令の対応づけが得点の鍵になります。最新の試験要項もあわせて確認してください。賃管試験では用語集と条文の対応づけが得点の鍵になります。最新の試験要項もあわせて確認してください。,試験対策の進め方は？,誤答パターン表を作成し、過去問を反復してください。乙4試験では用語集と消防法・政令の対応づけが得点の鍵になります。最新の試験要項もあわせて確認してください。賃管試験では用語集と条文の対応づけが得点の鍵になります。最新の試験要項もあわせて確認してください。,確認先はどこですか？,消防法・政令・用語集を参照してください。乙4試験では用語集と消防法・政令の対応づけが得点の鍵になります。最新の試験要項もあわせて確認してください。賃管試験では用語集と条文の対応づけが得点の鍵になります。最新の試験要項もあわせて確認してください。
otoshu-heishi-same-s34,乙種と丙種を混同する誤り（S34）,法令・制度,乙種危険物取扱者;丙種危険物取扱者,取扱類型・試験範囲の混同。,乙種危険物取扱者と丙種危険物取扱者の混同。,"[{""topic"": ""基準"", ""wrong"": ""同一"", ""correct"": ""別基準"", ""trap"": ""基準誤""}, {""topic"": ""数量"", ""wrong"": ""無視"", ""correct"": ""指定数量"", ""trap"": ""数量誤""}, {""topic"": ""設備"", ""wrong"": ""不要"", ""correct"": ""政令基準"", ""trap"": ""設備誤""}, {""topic"": ""届出"", ""wrong"": ""不要"", ""correct"": ""必要"", ""trap"": ""届出誤""}]",乙種と丙種を混同する誤り（S34）｜乙4,取扱類型・試験範囲の混同。正しい整理を表にまとめてください。数値・日程・合格基準は消防試験研究センター（https://www.shoubo-shiken.or.jp/kikenbutsu/）の試験要項で必ずご確認ください。,乙種危険物取扱者≠丙種危険物取扱者;倍数・設備;品名表;試験の正誤肢に注意,同一視;倍数無視;設備不要;試験の正誤肢に注意,「乙種危険物取扱者と丙種危険物取扱者は別」。,乙種危険物取扱者;丙種危険物取扱者,誤りの内容は何ですか？,取扱類型・試験範囲の混同。典型誤答として頻出です。乙4試験では用語集と消防法・政令の対応づけが得点の鍵になります。最新の試験要項もあわせて確認してください。賃管試験では用語集と条文の対応づけが得点の鍵になります。最新の試験要項もあわせて確認してください。,正しい理解は何ですか？,乙種危険物取扱者と丙種危険物取扱者を基準・数量・設備で分けてください。乙4試験では用語集と消防法・政令の対応づけが得点の鍵になります。最新の試験要項もあわせて確認してください。賃管試験では用語集と条文の対応づけが得点の鍵になります。最新の試験要項もあわせて確認してください。,試験対策の進め方は？,誤答パターン表を作成し、過去問を反復してください。乙4試験では用語集と消防法・政令の対応づけが得点の鍵になります。最新の試験要項もあわせて確認してください。賃管試験では用語集と条文の対応づけが得点の鍵になります。最新の試験要項もあわせて確認してください。,確認先はどこですか？,消防法・政令・用語集を参照してください。乙4試験では用語集と消防法・政令の対応づけが得点の鍵になります。最新の試験要項もあわせて確認してください。賃管試験では用語集と条文の対応づけが得点の鍵になります。最新の試験要項もあわせて確認してください。
ido-tank-same-s34,移動タンクと屋外タンク混同（S34）,法令・制度,移動タンク貯蔵所;屋外タンク貯蔵所,基準・防火堤等の混同。,移動タンク貯蔵所と屋外タンク貯蔵所の混同。,"[{""topic"": ""基準"", ""wrong"": ""同一"", ""correct"": ""別基準"", ""trap"": ""基準誤""}, {""topic"": ""数量"", ""wrong"": ""無視"", ""correct"": ""指定数量"", ""trap"": ""数量誤""}, {""topic"": ""設備"", ""wrong"": ""不要"", ""correct"": ""政令基準"", ""trap"": ""設備誤""}, {""topic"": ""届出"", ""wrong"": ""不要"", ""correct"": ""必要"", ""trap"": ""届出誤""}]",移動タンクと屋外タンク混同（S34）｜乙4,基準・防火堤等の混同。正しい整理を表にまとめてください。数値・日程・合格基準は消防試験研究センター（https://www.shoubo-shiken.or.jp/kikenbutsu/）の試験要項で必ずご確認ください。,移動タンク貯蔵所≠屋外タンク貯蔵所;倍数・設備;品名表;試験の正誤肢に注意,同一視;倍数無視;設備不要;試験の正誤肢に注意,「移動タンク貯蔵所と屋外タンク貯蔵所は別」。,移動タンク貯蔵所;屋外タンク貯蔵所,誤りの内容は何ですか？,基準・防火堤等の混同。典型誤答として頻出です。乙4試験では用語集と消防法・政令の対応づけが得点の鍵になります。最新の試験要項もあわせて確認してください。賃管試験では用語集と条文の対応づけが得点の鍵になります。最新の試験要項もあわせて確認してください。,正しい理解は何ですか？,移動タンク貯蔵所と屋外タンク貯蔵所を基準・数量・設備で分けてください。乙4試験では用語集と消防法・政令の対応づけが得点の鍵になります。最新の試験要項もあわせて確認してください。賃管試験では用語集と条文の対応づけが得点の鍵になります。最新の試験要項もあわせて確認してください。,試験対策の進め方は？,誤答パターン表を作成し、過去問を反復してください。乙4試験では用語集と消防法・政令の対応づけが得点の鍵になります。最新の試験要項もあわせて確認してください。賃管試験では用語集と条文の対応づけが得点の鍵になります。最新の試験要項もあわせて確認してください。,確認先はどこですか？,消防法・政令・用語集を参照してください。乙4試験では用語集と消防法・政令の対応づけが得点の鍵になります。最新の試験要項もあわせて確認してください。賃管試験では用語集と条文の対応づけが得点の鍵になります。最新の試験要項もあわせて確認してください。
kantoku-sennin-same-s34,監督者選任を混同する誤り（S34）,法令・制度,危険物保安監督者;危険物保安監督者選任,選任・解任・届出混同。,危険物保安監督者と危険物保安監督者選任の混同。,"[{""topic"": ""基準"", ""wrong"": ""同一"", ""correct"": ""別基準"", ""trap"": ""基準誤""}, {""topic"": ""数量"", ""wrong"": ""無視"", ""correct"": ""指定数量"", ""trap"": ""数量誤""}, {""topic"": ""設備"", ""wrong"": ""不要"", ""correct"": ""政令基準"", ""trap"": ""設備誤""}, {""topic"": ""届出"", ""wrong"": ""不要"", ""correct"": ""必要"", ""trap"": ""届出誤""}]",監督者選任を混同する誤り（S34）｜乙4,選任・解任・届出混同。正しい整理を表にまとめてください。数値・日程・合格基準は消防試験研究センター（https://www.shoubo-shiken.or.jp/kikenbutsu/）の試験要項で必ずご確認ください。,危険物保安監督者≠危険物保安監督者選任;倍数・設備;品名表;試験の正誤肢に注意,同一視;倍数無視;設備不要;試験の正誤肢に注意,「危険物保安監督者と危険物保安監督者選任は別」。,危険物保安監督者;危険物保安監督者選任,誤りの内容は何ですか？,選任・解任・届出混同。典型誤答として頻出です。乙4試験では用語集と消防法・政令の対応づけが得点の鍵になります。最新の試験要項もあわせて確認してください。賃管試験では用語集と条文の対応づけが得点の鍵になります。最新の試験要項もあわせて確認してください。,正しい理解は何ですか？,危険物保安監督者と危険物保安監督者選任を基準・数量・設備で分けてください。乙4試験では用語集と消防法・政令の対応づけが得点の鍵になります。最新の試験要項もあわせて確認してください。賃管試験では用語集と条文の対応づけが得点の鍵になります。最新の試験要項もあわせて確認してください。,試験対策の進め方は？,誤答パターン表を作成し、過去問を反復してください。乙4試験では用語集と消防法・政令の対応づけが得点の鍵になります。最新の試験要項もあわせて確認してください。賃管試験では用語集と条文の対応づけが得点の鍵になります。最新の試験要項もあわせて確認してください。,確認先はどこですか？,消防法・政令・用語集を参照してください。乙4試験では用語集と消防法・政令の対応づけが得点の鍵になります。最新の試験要項もあわせて確認してください。賃管試験では用語集と条文の対応づけが得点の鍵になります。最新の試験要項もあわせて確認してください。
shitei-henko-same-s34,数量変更届を混同する誤り（S34）,法令・制度,指定数量倍数の変更届出;品名・数量・指定数量倍数の変更届出,届出類型の混同。,指定数量倍数の変更届出と品名・数量・指定数量倍数の変更届出の混同。,"[{""topic"": ""基準"", ""wrong"": ""同一"", ""correct"": ""別基準"", ""trap"": ""基準誤""}, {""topic"": ""数量"", ""wrong"": ""無視"", ""correct"": ""指定数量"", ""trap"": ""数量誤""}, {""topic"": ""設備"", ""wrong"": ""不要"", ""correct"": ""政令基準"", ""trap"": ""設備誤""}, {""topic"": ""届出"", ""wrong"": ""不要"", ""correct"": ""必要"", ""trap"": ""届出誤""}]",数量変更届を混同する誤り（S34）｜乙4,届出類型の混同。正しい整理を表にまとめてください。数値・日程・合格基準は消防試験研究センター（https://www.shoubo-shiken.or.jp/kikenbutsu/）の試験要項で必ずご確認ください。,指定数量倍数の変更届出≠品名・数量・指定数量倍数の変更届出;倍数・設備;品名表;試験の正誤肢に注意,同一視;倍数無視;設備不要;試験の正誤肢に注意,「指定数量倍数の変更届出と品名・数量・指定数量倍数の変更届出は別」。,指定数量倍数の変更届出;品名・数量・指定数量倍数の変更届出,誤りの内容は何ですか？,届出類型の混同。典型誤答として頻出です。乙4試験では用語集と消防法・政令の対応づけが得点の鍵になります。最新の試験要項もあわせて確認してください。賃管試験では用語集と条文の対応づけが得点の鍵になります。最新の試験要項もあわせて確認してください。,正しい理解は何ですか？,指定数量倍数の変更届出と品名・数量・指定数量倍数の変更届出を基準・数量・設備で分けてください。乙4試験では用語集と消防法・政令の対応づけが得点の鍵になります。最新の試験要項もあわせて確認してください。,試験対策の進め方は？,誤答パターン表を作成し、過去問を反復してください。乙4試験では用語集と消防法・政令の対応づけが得点の鍵になります。最新の試験要項もあわせて確認してください。賃管試験では用語集と条文の対応づけが得点の鍵になります。最新の試験要項もあわせて確認してください。,確認先はどこですか？,消防法・政令・用語集を参照してください。乙4試験では用語集と消防法・政令の対応づけが得点の鍵になります。最新の試験要項もあわせて確認してください。賃管試験では用語集と条文の対応づけが得点の鍵になります。最新の試験要項もあわせて確認してください。
leak-shoka-same-s34,漏えい対応と消火活動混同（S34）,火災・消火・漏えい,漏えい;消火活動,漏えい時の消火・防火混同。,漏えいと消火活動の混同。,"[{""topic"": ""基準"", ""wrong"": ""同一"", ""correct"": ""別基準"", ""trap"": ""基準誤""}, {""topic"": ""数量"", ""wrong"": ""無視"", ""correct"": ""指定数量"", ""trap"": ""数量誤""}, {""topic"": ""設備"", ""wrong"": ""不要"", ""correct"": ""政令基準"", ""trap"": ""設備誤""}, {""topic"": ""届出"", ""wrong"": ""不要"", ""correct"": ""必要"", ""trap"": ""届出誤""}]",漏えい対応と消火活動混同（S34）｜乙4,漏えい時の消火・防火混同。正しい整理を表にまとめてください。数値・日程・合格基準は消防試験研究センター（https://www.shoubo-shiken.or.jp/kikenbutsu/）の試験要項で必ずご確認ください。,漏えい≠消火活動;倍数・設備;品名表;試験の正誤肢に注意,同一視;倍数無視;設備不要;試験の正誤肢に注意,「漏えいと消火活動は別」。,漏えい;消火活動,誤りの内容は何ですか？,漏えい時の消火・防火混同。典型誤答として頻出です。乙4試験では用語集と消防法・政令の対応づけが得点の鍵になります。最新の試験要項もあわせて確認してください。賃管試験では用語集と条文の対応づけが得点の鍵になります。最新の試験要項もあわせて確認してください。,正しい理解は何ですか？,漏えいと消火活動を基準・数量・設備で分けてください。乙4試験では用語集と消防法・政令の対応づけが得点の鍵になります。最新の試験要項もあわせて確認してください。賃管試験では用語集と条文の対応づけが得点の鍵になります。最新の試験要項もあわせて確認してください。,試験対策の進め方は？,誤答パターン表を作成し、過去問を反復してください。乙4試験では用語集と消防法・政令の対応づけが得点の鍵になります。最新の試験要項もあわせて確認してください。賃管試験では用語集と条文の対応づけが得点の鍵になります。最新の試験要項もあわせて確認してください。,確認先はどこですか？,消防法・政令・用語集を参照してください。乙4試験では用語集と消防法・政令の対応づけが得点の鍵になります。最新の試験要項もあわせて確認してください。賃管試験では用語集と条文の対応づけが得点の鍵になります。最新の試験要項もあわせて確認してください。
kiken-toriatsukai-mis-s35,危険物取扱：危険物取扱者と危険物保安監督者の混同誤り（S35）,法令・制度,危険物取扱者;危険物保安監督者,危険物取扱（基礎整理）で危険物取扱者と危険物保安監督者を同一視する典型誤り。,危険物取扱者と危険物保安監督者の混同。,"[{""topic"": ""基準"", ""wrong"": ""同一"", ""correct"": ""別基準"", ""trap"": ""基準誤""}, {""topic"": ""数量"", ""wrong"": ""無視"", ""correct"": ""指定数量"", ""trap"": ""数量誤""}, {""topic"": ""設備"", ""wrong"": ""不要"", ""correct"": ""政令基準"", ""trap"": ""設備誤""}, {""topic"": ""届出"", ""wrong"": ""不要"", ""correct"": ""必要"", ""trap"": ""届出誤""}]",危険物取扱：危険物取扱者と危険物保安監督者の混同誤り（S35）｜乙4,危険物取扱（基礎整理）で危険物取扱者と危険物保安監督者を同一視する典型誤り。正しい整理を表にまとめてください。数値・日程・合格基準は消防試験研究センター（https://www.shoubo-shiken.or.jp/kikenbutsu/）の試験要項で必ずご確認ください。,危険物取扱者≠危険物保安監督者;倍数・設備;品名表;試験の正誤肢に注意,同一視;倍数無視;設備不要;試験の正誤肢に注意,「危険物取扱者と危険物保安監督者は別」。,危険物取扱者;危険物保安監督者,誤りの内容は何ですか？,危険物取扱（基礎整理）で危険物取扱者と危険物保安監督者を同一視する典型誤り。典型誤答として頻出です。乙4試験では用語集と消防法・政令の対応づけが得点の鍵になります。最新の試験要項もあわせて確認してください。,正しい理解は何ですか？,危険物取扱者と危険物保安監督者を基準・数量・設備で分けてください。乙4試験では用語集と消防法・政令の対応づけが得点の鍵になります。最新の試験要項もあわせて確認してください。賃管試験では用語集と条文の対応づけが得点の鍵になります。最新の試験要項もあわせて確認してください。,試験対策の進め方は？,誤答パターン表を作成し、過去問を反復してください。乙4試験では用語集と消防法・政令の対応づけが得点の鍵になります。最新の試験要項もあわせて確認してください。賃管試験では用語集と条文の対応づけが得点の鍵になります。最新の試験要項もあわせて確認してください。,確認先はどこですか？,消防法・政令・用語集を参照してください。乙4試験では用語集と消防法・政令の対応づけが得点の鍵になります。最新の試験要項もあわせて確認してください。賃管試験では用語集と条文の対応づけが得点の鍵になります。最新の試験要項もあわせて確認してください。
shobou-hou-mis-s35,消防法：消防法と火災予防の混同誤り（S35）,法令・制度,消防法;火災予防,消防法（基礎整理）で消防法と火災予防を同一視する典型誤り。,消防法と火災予防の混同。,"[{""topic"": ""基準"", ""wrong"": ""同一"", ""correct"": ""別基準"", ""trap"": ""基準誤""}, {""topic"": ""数量"", ""wrong"": ""無視"", ""correct"": ""指定数量"", ""trap"": ""数量誤""}, {""topic"": ""設備"", ""wrong"": ""不要"", ""correct"": ""政令基準"", ""trap"": ""設備誤""}, {""topic"": ""届出"", ""wrong"": ""不要"", ""correct"": ""必要"", ""trap"": ""届出誤""}]",消防法：消防法と火災予防の混同誤り（S35）｜乙4,消防法（基礎整理）で消防法と火災予防を同一視する典型誤り。正しい整理を表にまとめてください。数値・日程・合格基準は消防試験研究センター（https://www.shoubo-shiken.or.jp/kikenbutsu/）の試験要項で必ずご確認ください。,消防法≠火災予防;倍数・設備;品名表;試験の正誤肢に注意,同一視;倍数無視;設備不要;試験の正誤肢に注意,「消防法と火災予防は別」。,消防法;火災予防,誤りの内容は何ですか？,消防法（基礎整理）で消防法と火災予防を同一視する典型誤り。典型誤答として頻出です。乙4試験では用語集と消防法・政令の対応づけが得点の鍵になります。最新の試験要項もあわせて確認してください。賃管試験では用語集と条文の対応づけが得点の鍵になります。最新の試験要項もあわせて確認してください。,正しい理解は何ですか？,消防法と火災予防を基準・数量・設備で分けてください。乙4試験では用語集と消防法・政令の対応づけが得点の鍵になります。最新の試験要項もあわせて確認してください。賃管試験では用語集と条文の対応づけが得点の鍵になります。最新の試験要項もあわせて確認してください。,試験対策の進め方は？,誤答パターン表を作成し、過去問を反復してください。乙4試験では用語集と消防法・政令の対応づけが得点の鍵になります。最新の試験要項もあわせて確認してください。賃管試験では用語集と条文の対応づけが得点の鍵になります。最新の試験要項もあわせて確認してください。,確認先はどこですか？,消防法・政令・用語集を参照してください。乙4試験では用語集と消防法・政令の対応づけが得点の鍵になります。最新の試験要項もあわせて確認してください。賃管試験では用語集と条文の対応づけが得点の鍵になります。最新の試験要項もあわせて確認してください。
shitei-suryo-mis-s35,指定数量：指定数量と指定数量の倍数の混同誤り（S35）,法令・制度,指定数量;指定数量の倍数,指定数量（基礎整理）で指定数量と指定数量の倍数を同一視する典型誤り。,指定数量と指定数量の倍数の混同。,"[{""topic"": ""基準"", ""wrong"": ""同一"", ""correct"": ""別基準"", ""trap"": ""基準誤""}, {""topic"": ""数量"", ""wrong"": ""無視"", ""correct"": ""指定数量"", ""trap"": ""数量誤""}, {""topic"": ""設備"", ""wrong"": ""不要"", ""correct"": ""政令基準"", ""trap"": ""設備誤""}, {""topic"": ""届出"", ""wrong"": ""不要"", ""correct"": ""必要"", ""trap"": ""届出誤""}]",指定数量：指定数量と指定数量の倍数の混同誤り（S35）｜乙4,指定数量（基礎整理）で指定数量と指定数量の倍数を同一視する典型誤り。正しい整理を表にまとめてください。数値・日程・合格基準は消防試験研究センター（https://www.shoubo-shiken.or.jp/kikenbutsu/）の試験要項で必ずご確認ください。,指定数量≠指定数量の倍数;倍数・設備;品名表;試験の正誤肢に注意,同一視;倍数無視;設備不要;試験の正誤肢に注意,「指定数量と指定数量の倍数は別」。,指定数量;指定数量の倍数,誤りの内容は何ですか？,指定数量（基礎整理）で指定数量と指定数量の倍数を同一視する典型誤り。典型誤答として頻出です。乙4試験では用語集と消防法・政令の対応づけが得点の鍵になります。最新の試験要項もあわせて確認してください。賃管試験では用語集と条文の対応づけが得点の鍵になります。最新の試験要項もあわせて確認してください。,正しい理解は何ですか？,指定数量と指定数量の倍数を基準・数量・設備で分けてください。乙4試験では用語集と消防法・政令の対応づけが得点の鍵になります。最新の試験要項もあわせて確認してください。賃管試験では用語集と条文の対応づけが得点の鍵になります。最新の試験要項もあわせて確認してください。,試験対策の進め方は？,誤答パターン表を作成し、過去問を反復してください。乙4試験では用語集と消防法・政令の対応づけが得点の鍵になります。最新の試験要項もあわせて確認してください。賃管試験では用語集と条文の対応づけが得点の鍵になります。最新の試験要項もあわせて確認してください。,確認先はどこですか？,消防法・政令・用語集を参照してください。乙4試験では用語集と消防法・政令の対応づけが得点の鍵になります。最新の試験要項もあわせて確認してください。賃管試験では用語集と条文の対応づけが得点の鍵になります。最新の試験要項もあわせて確認してください。
chozo-sho-mis-s35,貯蔵所：屋外タンク貯蔵所と屋内タンク貯蔵所の基準の混同誤り（S35）,法令・制度,屋外タンク貯蔵所;屋内タンク貯蔵所の基準,貯蔵所（基礎整理）で屋外タンク貯蔵所と屋内タンク貯蔵所の基準を同一視する典型誤り。,屋外タンク貯蔵所と屋内タンク貯蔵所の基準の混同。,"[{""topic"": ""基準"", ""wrong"": ""同一"", ""correct"": ""別基準"", ""trap"": ""基準誤""}, {""topic"": ""数量"", ""wrong"": ""無視"", ""correct"": ""指定数量"", ""trap"": ""数量誤""}, {""topic"": ""設備"", ""wrong"": ""不要"", ""correct"": ""政令基準"", ""trap"": ""設備誤""}, {""topic"": ""届出"", ""wrong"": ""不要"", ""correct"": ""必要"", ""trap"": ""届出誤""}]",貯蔵所：屋外タンク貯蔵所と屋内タンク貯蔵所の基準の混同誤り（S35）｜乙4,貯蔵所（基礎整理）で屋外タンク貯蔵所と屋内タンク貯蔵所の基準を同一視する典型誤り。正しい整理を表にまとめてください。数値・日程・合格基準は消防試験研究センター（https://www.shoubo-shiken.or.jp/kikenbutsu/）の試験要項で必ずご確認ください。,屋外タンク貯蔵所≠屋内タンク貯蔵所の基準;倍数・設備;品名表;試験の正誤肢に注意,同一視;倍数無視;設備不要;試験の正誤肢に注意,「屋外タンク貯蔵所と屋内タンク貯蔵所の基準は別」。,屋外タンク貯蔵所;屋内タンク貯蔵所の基準,誤りの内容は何ですか？,貯蔵所（基礎整理）で屋外タンク貯蔵所と屋内タンク貯蔵所の基準を同一視する典型誤り。典型誤答として頻出です。乙4試験では用語集と消防法・政令の対応づけが得点の鍵になります。最新の試験要項もあわせて確認してください。,正しい理解は何ですか？,屋外タンク貯蔵所と屋内タンク貯蔵所の基準を基準・数量・設備で分けてください。乙4試験では用語集と消防法・政令の対応づけが得点の鍵になります。最新の試験要項もあわせて確認してください。賃管試験では用語集と条文の対応づけが得点の鍵になります。最新の試験要項もあわせて確認してください。,試験対策の進め方は？,誤答パターン表を作成し、過去問を反復してください。乙4試験では用語集と消防法・政令の対応づけが得点の鍵になります。最新の試験要項もあわせて確認してください。賃管試験では用語集と条文の対応づけが得点の鍵になります。最新の試験要項もあわせて確認してください。,確認先はどこですか？,消防法・政令・用語集を参照してください。乙4試験では用語集と消防法・政令の対応づけが得点の鍵になります。最新の試験要項もあわせて確認してください。賃管試験では用語集と条文の対応づけが得点の鍵になります。最新の試験要項もあわせて確認してください。
ido-ukewatashi-mis-s35,移動：移送と譲渡・引渡しの混同誤り（S35）,法令・制度,移送;譲渡・引渡し,移動（基礎整理）で移送と譲渡・引渡しを同一視する典型誤り。,移送と譲渡・引渡しの混同。,"[{""topic"": ""基準"", ""wrong"": ""同一"", ""correct"": ""別基準"", ""trap"": ""基準誤""}, {""topic"": ""数量"", ""wrong"": ""無視"", ""correct"": ""指定数量"", ""trap"": ""数量誤""}, {""topic"": ""設備"", ""wrong"": ""不要"", ""correct"": ""政令基準"", ""trap"": ""設備誤""}, {""topic"": ""届出"", ""wrong"": ""不要"", ""correct"": ""必要"", ""trap"": ""届出誤""}]",移動：移送と譲渡・引渡しの混同誤り（S35）｜乙4,移動（基礎整理）で移送と譲渡・引渡しを同一視する典型誤り。正しい整理を表にまとめてください。数値・日程・合格基準は消防試験研究センター（https://www.shoubo-shiken.or.jp/kikenbutsu/）の試験要項で必ずご確認ください。,移送≠譲渡・引渡し;倍数・設備;品名表;試験の正誤肢に注意,同一視;倍数無視;設備不要;試験の正誤肢に注意,「移送と譲渡・引渡しは別」。,移送;譲渡・引渡し,誤りの内容は何ですか？,移動（基礎整理）で移送と譲渡・引渡しを同一視する典型誤り。典型誤答として頻出です。乙4試験では用語集と消防法・政令の対応づけが得点の鍵になります。最新の試験要項もあわせて確認してください。賃管試験では用語集と条文の対応づけが得点の鍵になります。最新の試験要項もあわせて確認してください。,正しい理解は何ですか？,移送と譲渡・引渡しを基準・数量・設備で分けてください。乙4試験では用語集と消防法・政令の対応づけが得点の鍵になります。最新の試験要項もあわせて確認してください。賃管試験では用語集と条文の対応づけが得点の鍵になります。最新の試験要項もあわせて確認してください。,試験対策の進め方は？,誤答パターン表を作成し、過去問を反復してください。乙4試験では用語集と消防法・政令の対応づけが得点の鍵になります。最新の試験要項もあわせて確認してください。賃管試験では用語集と条文の対応づけが得点の鍵になります。最新の試験要項もあわせて確認してください。,確認先はどこですか？,消防法・政令・用語集を参照してください。乙4試験では用語集と消防法・政令の対応づけが得点の鍵になります。最新の試験要項もあわせて確認してください。賃管試験では用語集と条文の対応づけが得点の鍵になります。最新の試験要項もあわせて確認してください。
hoan-kitei-mis-s35,保安規程：予防規程と火災予防の混同誤り（S35）,法令・制度,予防規程;火災予防,保安規程（基礎整理）で予防規程と火災予防を同一視する典型誤り。,予防規程と火災予防の混同。,"[{""topic"": ""基準"", ""wrong"": ""同一"", ""correct"": ""別基準"", ""trap"": ""基準誤""}, {""topic"": ""数量"", ""wrong"": ""無視"", ""correct"": ""指定数量"", ""trap"": ""数量誤""}, {""topic"": ""設備"", ""wrong"": ""不要"", ""correct"": ""政令基準"", ""trap"": ""設備誤""}, {""topic"": ""届出"", ""wrong"": ""不要"", ""correct"": ""必要"", ""trap"": ""届出誤""}]",保安規程：予防規程と火災予防の混同誤り（S35）｜乙4,保安規程（基礎整理）で予防規程と火災予防を同一視する典型誤り。正しい整理を表にまとめてください。数値・日程・合格基準は消防試験研究センター（https://www.shoubo-shiken.or.jp/kikenbutsu/）の試験要項で必ずご確認ください。,予防規程≠火災予防;倍数・設備;品名表;試験の正誤肢に注意,同一視;倍数無視;設備不要;試験の正誤肢に注意,「予防規程と火災予防は別」。,予防規程;火災予防,誤りの内容は何ですか？,保安規程（基礎整理）で予防規程と火災予防を同一視する典型誤り。典型誤答として頻出です。乙4試験では用語集と消防法・政令の対応づけが得点の鍵になります。最新の試験要項もあわせて確認してください。賃管試験では用語集と条文の対応づけが得点の鍵になります。最新の試験要項もあわせて確認してください。,正しい理解は何ですか？,予防規程と火災予防を基準・数量・設備で分けてください。乙4試験では用語集と消防法・政令の対応づけが得点の鍵になります。最新の試験要項もあわせて確認してください。賃管試験では用語集と条文の対応づけが得点の鍵になります。最新の試験要項もあわせて確認してください。,試験対策の進め方は？,誤答パターン表を作成し、過去問を反復してください。乙4試験では用語集と消防法・政令の対応づけが得点の鍵になります。最新の試験要項もあわせて確認してください。賃管試験では用語集と条文の対応づけが得点の鍵になります。最新の試験要項もあわせて確認してください。,確認先はどこですか？,消防法・政令・用語集を参照してください。乙4試験では用語集と消防法・政令の対応づけが得点の鍵になります。最新の試験要項もあわせて確認してください。賃管試験では用語集と条文の対応づけが得点の鍵になります。最新の試験要項もあわせて確認してください。
shoka-mis-s35,消火：消火設備と消火活動の混同誤り（S35）,火災・消火・漏えい,消火設備;消火活動,消火（基礎整理）で消火設備と消火活動を同一視する典型誤り。,消火設備と消火活動の混同。,"[{""topic"": ""基準"", ""wrong"": ""同一"", ""correct"": ""別基準"", ""trap"": ""基準誤""}, {""topic"": ""数量"", ""wrong"": ""無視"", ""correct"": ""指定数量"", ""trap"": ""数量誤""}, {""topic"": ""設備"", ""wrong"": ""不要"", ""correct"": ""政令基準"", ""trap"": ""設備誤""}, {""topic"": ""届出"", ""wrong"": ""不要"", ""correct"": ""必要"", ""trap"": ""届出誤""}]",消火：消火設備と消火活動の混同誤り（S35）｜乙4,消火（基礎整理）で消火設備と消火活動を同一視する典型誤り。正しい整理を表にまとめてください。数値・日程・合格基準は消防試験研究センター（https://www.shoubo-shiken.or.jp/kikenbutsu/）の試験要項で必ずご確認ください。,消火設備≠消火活動;倍数・設備;品名表;試験の正誤肢に注意,同一視;倍数無視;設備不要;試験の正誤肢に注意,「消火設備と消火活動は別」。,消火設備;消火活動,誤りの内容は何ですか？,消火（基礎整理）で消火設備と消火活動を同一視する典型誤り。典型誤答として頻出です。乙4試験では用語集と消防法・政令の対応づけが得点の鍵になります。最新の試験要項もあわせて確認してください。賃管試験では用語集と条文の対応づけが得点の鍵になります。最新の試験要項もあわせて確認してください。,正しい理解は何ですか？,消火設備と消火活動を基準・数量・設備で分けてください。乙4試験では用語集と消防法・政令の対応づけが得点の鍵になります。最新の試験要項もあわせて確認してください。賃管試験では用語集と条文の対応づけが得点の鍵になります。最新の試験要項もあわせて確認してください。,試験対策の進め方は？,誤答パターン表を作成し、過去問を反復してください。乙4試験では用語集と消防法・政令の対応づけが得点の鍵になります。最新の試験要項もあわせて確認してください。賃管試験では用語集と条文の対応づけが得点の鍵になります。最新の試験要項もあわせて確認してください。,確認先はどこですか？,消防法・政令・用語集を参照してください。乙4試験では用語集と消防法・政令の対応づけが得点の鍵になります。最新の試験要項もあわせて確認してください。賃管試験では用語集と条文の対応づけが得点の鍵になります。最新の試験要項もあわせて確認してください。
tank-mis-s35,タンク：タンクローリーと移動タンク貯蔵所の混同誤り（S35）,法令・制度,タンクローリー;移動タンク貯蔵所,タンク（基礎整理）でタンクローリーと移動タンク貯蔵所を同一視する典型誤り。,タンクローリーと移動タンク貯蔵所の混同。,"[{""topic"": ""基準"", ""wrong"": ""同一"", ""correct"": ""別基準"", ""trap"": ""基準誤""}, {""topic"": ""数量"", ""wrong"": ""無視"", ""correct"": ""指定数量"", ""trap"": ""数量誤""}, {""topic"": ""設備"", ""wrong"": ""不要"", ""correct"": ""政令基準"", ""trap"": ""設備誤""}, {""topic"": ""届出"", ""wrong"": ""不要"", ""correct"": ""必要"", ""trap"": ""届出誤""}]",タンク：タンクローリーと移動タンク貯蔵所の混同誤り（S35）｜乙4,タンク（基礎整理）でタンクローリーと移動タンク貯蔵所を同一視する典型誤り。正しい整理を表にまとめてください。数値・日程・合格基準は消防試験研究センター（https://www.shoubo-shiken.or.jp/kikenbutsu/）の試験要項で必ずご確認ください。,タンクローリー≠移動タンク貯蔵所;倍数・設備;品名表;試験の正誤肢に注意,同一視;倍数無視;設備不要;試験の正誤肢に注意,「タンクローリーと移動タンク貯蔵所は別」。,タンクローリー;移動タンク貯蔵所,誤りの内容は何ですか？,タンク（基礎整理）でタンクローリーと移動タンク貯蔵所を同一視する典型誤り。典型誤答として頻出です。乙4試験では用語集と消防法・政令の対応づけが得点の鍵になります。最新の試験要項もあわせて確認してください。,正しい理解は何ですか？,タンクローリーと移動タンク貯蔵所を基準・数量・設備で分けてください。乙4試験では用語集と消防法・政令の対応づけが得点の鍵になります。最新の試験要項もあわせて確認してください。賃管試験では用語集と条文の対応づけが得点の鍵になります。最新の試験要項もあわせて確認してください。,試験対策の進め方は？,誤答パターン表を作成し、過去問を反復してください。乙4試験では用語集と消防法・政令の対応づけが得点の鍵になります。最新の試験要項もあわせて確認してください。賃管試験では用語集と条文の対応づけが得点の鍵になります。最新の試験要項もあわせて確認してください。,確認先はどこですか？,消防法・政令・用語集を参照してください。乙4試験では用語集と消防法・政令の対応づけが得点の鍵になります。最新の試験要項もあわせて確認してください。賃管試験では用語集と条文の対応づけが得点の鍵になります。最新の試験要項もあわせて確認してください。
tensou-kiroku-mis-s35,転送記録：譲渡・引渡しと移送の混同誤り（S35）,法令・制度,譲渡・引渡し;移送,転送記録（基礎整理）で譲渡・引渡しと移送を同一視する典型誤り。,譲渡・引渡しと移送の混同。,"[{""topic"": ""基準"", ""wrong"": ""同一"", ""correct"": ""別基準"", ""trap"": ""基準誤""}, {""topic"": ""数量"", ""wrong"": ""無視"", ""correct"": ""指定数量"", ""trap"": ""数量誤""}, {""topic"": ""設備"", ""wrong"": ""不要"", ""correct"": ""政令基準"", ""trap"": ""設備誤""}, {""topic"": ""届出"", ""wrong"": ""不要"", ""correct"": ""必要"", ""trap"": ""届出誤""}]",転送記録：譲渡・引渡しと移送の混同誤り（S35）｜乙4,転送記録（基礎整理）で譲渡・引渡しと移送を同一視する典型誤り。正しい整理を表にまとめてください。数値・日程・合格基準は消防試験研究センター（https://www.shoubo-shiken.or.jp/kikenbutsu/）の試験要項で必ずご確認ください。,譲渡・引渡し≠移送;倍数・設備;品名表;試験の正誤肢に注意,同一視;倍数無視;設備不要;試験の正誤肢に注意,「譲渡・引渡しと移送は別」。,譲渡・引渡し;移送,誤りの内容は何ですか？,転送記録（基礎整理）で譲渡・引渡しと移送を同一視する典型誤り。典型誤答として頻出です。乙4試験では用語集と消防法・政令の対応づけが得点の鍵になります。最新の試験要項もあわせて確認してください。賃管試験では用語集と条文の対応づけが得点の鍵になります。最新の試験要項もあわせて確認してください。,正しい理解は何ですか？,譲渡・引渡しと移送を基準・数量・設備で分けてください。乙4試験では用語集と消防法・政令の対応づけが得点の鍵になります。最新の試験要項もあわせて確認してください。賃管試験では用語集と条文の対応づけが得点の鍵になります。最新の試験要項もあわせて確認してください。,試験対策の進め方は？,誤答パターン表を作成し、過去問を反復してください。乙4試験では用語集と消防法・政令の対応づけが得点の鍵になります。最新の試験要項もあわせて確認してください。賃管試験では用語集と条文の対応づけが得点の鍵になります。最新の試験要項もあわせて確認してください。,確認先はどこですか？,消防法・政令・用語集を参照してください。乙4試験では用語集と消防法・政令の対応づけが得点の鍵になります。最新の試験要項もあわせて確認してください。賃管試験では用語集と条文の対応づけが得点の鍵になります。最新の試験要項もあわせて確認してください。
ot4-shiken-mis-s35,乙4試験：乙種危険物取扱者と丙種危険物取扱者の混同誤り（S35）,法令・制度,乙種危険物取扱者;丙種危険物取扱者,乙4試験（基礎整理）で乙種危険物取扱者と丙種危険物取扱者を同一視する典型誤り。,乙種危険物取扱者と丙種危険物取扱者の混同。,"[{""topic"": ""基準"", ""wrong"": ""同一"", ""correct"": ""別基準"", ""trap"": ""基準誤""}, {""topic"": ""数量"", ""wrong"": ""無視"", ""correct"": ""指定数量"", ""trap"": ""数量誤""}, {""topic"": ""設備"", ""wrong"": ""不要"", ""correct"": ""政令基準"", ""trap"": ""設備誤""}, {""topic"": ""届出"", ""wrong"": ""不要"", ""correct"": ""必要"", ""trap"": ""届出誤""}]",乙4試験：乙種危険物取扱者と丙種危険物取扱者の混同誤り（S35）｜乙4,乙4試験（基礎整理）で乙種危険物取扱者と丙種危険物取扱者を同一視する典型誤り。正しい整理を表にまとめてください。数値・日程・合格基準は消防試験研究センター（https://www.shoubo-shiken.or.jp/kikenbutsu/）の試験要項で必ずご確認ください。,乙種危険物取扱者≠丙種危険物取扱者;倍数・設備;品名表;試験の正誤肢に注意,同一視;倍数無視;設備不要;試験の正誤肢に注意,「乙種危険物取扱者と丙種危険物取扱者は別」。,乙種危険物取扱者;丙種危険物取扱者,誤りの内容は何ですか？,乙4試験（基礎整理）で乙種危険物取扱者と丙種危険物取扱者を同一視する典型誤り。典型誤答として頻出です。乙4試験では用語集と消防法・政令の対応づけが得点の鍵になります。最新の試験要項もあわせて確認してください。,正しい理解は何ですか？,乙種危険物取扱者と丙種危険物取扱者を基準・数量・設備で分けてください。乙4試験では用語集と消防法・政令の対応づけが得点の鍵になります。最新の試験要項もあわせて確認してください。賃管試験では用語集と条文の対応づけが得点の鍵になります。最新の試験要項もあわせて確認してください。,試験対策の進め方は？,誤答パターン表を作成し、過去問を反復してください。乙4試験では用語集と消防法・政令の対応づけが得点の鍵になります。最新の試験要項もあわせて確認してください。賃管試験では用語集と条文の対応づけが得点の鍵になります。最新の試験要項もあわせて確認してください。,確認先はどこですか？,消防法・政令・用語集を参照してください。乙4試験では用語集と消防法・政令の対応づけが得点の鍵になります。最新の試験要項もあわせて確認してください。賃管試験では用語集と条文の対応づけが得点の鍵になります。最新の試験要項もあわせて確認してください。
kiken-toriatsukai-mis-s36,危険物取扱：危険物取扱者と危険物保安監督者の混同誤り（S36）,法令・制度,危険物取扱者;危険物保安監督者,危険物取扱（実務連動）で危険物取扱者と危険物保安監督者を同一視する典型誤り。,危険物取扱者と危険物保安監督者の混同。,"[{""topic"": ""基準"", ""wrong"": ""同一"", ""correct"": ""別基準"", ""trap"": ""基準誤""}, {""topic"": ""数量"", ""wrong"": ""無視"", ""correct"": ""指定数量"", ""trap"": ""数量誤""}, {""topic"": ""設備"", ""wrong"": ""不要"", ""correct"": ""政令基準"", ""trap"": ""設備誤""}, {""topic"": ""届出"", ""wrong"": ""不要"", ""correct"": ""必要"", ""trap"": ""届出誤""}]",危険物取扱：危険物取扱者と危険物保安監督者の混同誤り（S36）｜乙4,危険物取扱（実務連動）で危険物取扱者と危険物保安監督者を同一視する典型誤り。正しい整理を表にまとめてください。数値・日程・合格基準は消防試験研究センター（https://www.shoubo-shiken.or.jp/kikenbutsu/）の試験要項で必ずご確認ください。,危険物取扱者≠危険物保安監督者;倍数・設備;品名表;試験の正誤肢に注意,同一視;倍数無視;設備不要;試験の正誤肢に注意,「危険物取扱者と危険物保安監督者は別」。,危険物取扱者;危険物保安監督者,誤りの内容は何ですか？,危険物取扱（実務連動）で危険物取扱者と危険物保安監督者を同一視する典型誤り。典型誤答として頻出です。乙4試験では用語集と消防法・政令の対応づけが得点の鍵になります。最新の試験要項もあわせて確認してください。,正しい理解は何ですか？,危険物取扱者と危険物保安監督者を基準・数量・設備で分けてください。乙4試験では用語集と消防法・政令の対応づけが得点の鍵になります。最新の試験要項もあわせて確認してください。賃管試験では用語集と条文の対応づけが得点の鍵になります。最新の試験要項もあわせて確認してください。,試験対策の進め方は？,誤答パターン表を作成し、過去問を反復してください。乙4試験では用語集と消防法・政令の対応づけが得点の鍵になります。最新の試験要項もあわせて確認してください。賃管試験では用語集と条文の対応づけが得点の鍵になります。最新の試験要項もあわせて確認してください。,確認先はどこですか？,消防法・政令・用語集を参照してください。乙4試験では用語集と消防法・政令の対応づけが得点の鍵になります。最新の試験要項もあわせて確認してください。賃管試験では用語集と条文の対応づけが得点の鍵になります。最新の試験要項もあわせて確認してください。
shobou-hou-mis-s36,消防法：消防法と火災予防の混同誤り（S36）,法令・制度,消防法;火災予防,消防法（実務連動）で消防法と火災予防を同一視する典型誤り。,消防法と火災予防の混同。,"[{""topic"": ""基準"", ""wrong"": ""同一"", ""correct"": ""別基準"", ""trap"": ""基準誤""}, {""topic"": ""数量"", ""wrong"": ""無視"", ""correct"": ""指定数量"", ""trap"": ""数量誤""}, {""topic"": ""設備"", ""wrong"": ""不要"", ""correct"": ""政令基準"", ""trap"": ""設備誤""}, {""topic"": ""届出"", ""wrong"": ""不要"", ""correct"": ""必要"", ""trap"": ""届出誤""}]",消防法：消防法と火災予防の混同誤り（S36）｜乙4,消防法（実務連動）で消防法と火災予防を同一視する典型誤り。正しい整理を表にまとめてください。数値・日程・合格基準は消防試験研究センター（https://www.shoubo-shiken.or.jp/kikenbutsu/）の試験要項で必ずご確認ください。,消防法≠火災予防;倍数・設備;品名表;試験の正誤肢に注意,同一視;倍数無視;設備不要;試験の正誤肢に注意,「消防法と火災予防は別」。,消防法;火災予防,誤りの内容は何ですか？,消防法（実務連動）で消防法と火災予防を同一視する典型誤り。典型誤答として頻出です。乙4試験では用語集と消防法・政令の対応づけが得点の鍵になります。最新の試験要項もあわせて確認してください。賃管試験では用語集と条文の対応づけが得点の鍵になります。最新の試験要項もあわせて確認してください。,正しい理解は何ですか？,消防法と火災予防を基準・数量・設備で分けてください。乙4試験では用語集と消防法・政令の対応づけが得点の鍵になります。最新の試験要項もあわせて確認してください。賃管試験では用語集と条文の対応づけが得点の鍵になります。最新の試験要項もあわせて確認してください。,試験対策の進め方は？,誤答パターン表を作成し、過去問を反復してください。乙4試験では用語集と消防法・政令の対応づけが得点の鍵になります。最新の試験要項もあわせて確認してください。賃管試験では用語集と条文の対応づけが得点の鍵になります。最新の試験要項もあわせて確認してください。,確認先はどこですか？,消防法・政令・用語集を参照してください。乙4試験では用語集と消防法・政令の対応づけが得点の鍵になります。最新の試験要項もあわせて確認してください。賃管試験では用語集と条文の対応づけが得点の鍵になります。最新の試験要項もあわせて確認してください。
shitei-suryo-mis-s36,指定数量：指定数量と指定数量の倍数の混同誤り（S36）,法令・制度,指定数量;指定数量の倍数,指定数量（実務連動）で指定数量と指定数量の倍数を同一視する典型誤り。,指定数量と指定数量の倍数の混同。,"[{""topic"": ""基準"", ""wrong"": ""同一"", ""correct"": ""別基準"", ""trap"": ""基準誤""}, {""topic"": ""数量"", ""wrong"": ""無視"", ""correct"": ""指定数量"", ""trap"": ""数量誤""}, {""topic"": ""設備"", ""wrong"": ""不要"", ""correct"": ""政令基準"", ""trap"": ""設備誤""}, {""topic"": ""届出"", ""wrong"": ""不要"", ""correct"": ""必要"", ""trap"": ""届出誤""}]",指定数量：指定数量と指定数量の倍数の混同誤り（S36）｜乙4,指定数量（実務連動）で指定数量と指定数量の倍数を同一視する典型誤り。正しい整理を表にまとめてください。数値・日程・合格基準は消防試験研究センター（https://www.shoubo-shiken.or.jp/kikenbutsu/）の試験要項で必ずご確認ください。,指定数量≠指定数量の倍数;倍数・設備;品名表;試験の正誤肢に注意,同一視;倍数無視;設備不要;試験の正誤肢に注意,「指定数量と指定数量の倍数は別」。,指定数量;指定数量の倍数,誤りの内容は何ですか？,指定数量（実務連動）で指定数量と指定数量の倍数を同一視する典型誤り。典型誤答として頻出です。乙4試験では用語集と消防法・政令の対応づけが得点の鍵になります。最新の試験要項もあわせて確認してください。賃管試験では用語集と条文の対応づけが得点の鍵になります。最新の試験要項もあわせて確認してください。,正しい理解は何ですか？,指定数量と指定数量の倍数を基準・数量・設備で分けてください。乙4試験では用語集と消防法・政令の対応づけが得点の鍵になります。最新の試験要項もあわせて確認してください。賃管試験では用語集と条文の対応づけが得点の鍵になります。最新の試験要項もあわせて確認してください。,試験対策の進め方は？,誤答パターン表を作成し、過去問を反復してください。乙4試験では用語集と消防法・政令の対応づけが得点の鍵になります。最新の試験要項もあわせて確認してください。賃管試験では用語集と条文の対応づけが得点の鍵になります。最新の試験要項もあわせて確認してください。,確認先はどこですか？,消防法・政令・用語集を参照してください。乙4試験では用語集と消防法・政令の対応づけが得点の鍵になります。最新の試験要項もあわせて確認してください。賃管試験では用語集と条文の対応づけが得点の鍵になります。最新の試験要項もあわせて確認してください。
chozo-sho-mis-s36,貯蔵所：屋外タンク貯蔵所と屋内タンク貯蔵所の基準の混同誤り（S36）,法令・制度,屋外タンク貯蔵所;屋内タンク貯蔵所の基準,貯蔵所（実務連動）で屋外タンク貯蔵所と屋内タンク貯蔵所の基準を同一視する典型誤り。,屋外タンク貯蔵所と屋内タンク貯蔵所の基準の混同。,"[{""topic"": ""基準"", ""wrong"": ""同一"", ""correct"": ""別基準"", ""trap"": ""基準誤""}, {""topic"": ""数量"", ""wrong"": ""無視"", ""correct"": ""指定数量"", ""trap"": ""数量誤""}, {""topic"": ""設備"", ""wrong"": ""不要"", ""correct"": ""政令基準"", ""trap"": ""設備誤""}, {""topic"": ""届出"", ""wrong"": ""不要"", ""correct"": ""必要"", ""trap"": ""届出誤""}]",貯蔵所：屋外タンク貯蔵所と屋内タンク貯蔵所の基準の混同誤り（S36）｜乙4,貯蔵所（実務連動）で屋外タンク貯蔵所と屋内タンク貯蔵所の基準を同一視する典型誤り。正しい整理を表にまとめてください。数値・日程・合格基準は消防試験研究センター（https://www.shoubo-shiken.or.jp/kikenbutsu/）の試験要項で必ずご確認ください。,屋外タンク貯蔵所≠屋内タンク貯蔵所の基準;倍数・設備;品名表;試験の正誤肢に注意,同一視;倍数無視;設備不要;試験の正誤肢に注意,「屋外タンク貯蔵所と屋内タンク貯蔵所の基準は別」。,屋外タンク貯蔵所;屋内タンク貯蔵所の基準,誤りの内容は何ですか？,貯蔵所（実務連動）で屋外タンク貯蔵所と屋内タンク貯蔵所の基準を同一視する典型誤り。典型誤答として頻出です。乙4試験では用語集と消防法・政令の対応づけが得点の鍵になります。最新の試験要項もあわせて確認してください。,正しい理解は何ですか？,屋外タンク貯蔵所と屋内タンク貯蔵所の基準を基準・数量・設備で分けてください。乙4試験では用語集と消防法・政令の対応づけが得点の鍵になります。最新の試験要項もあわせて確認してください。賃管試験では用語集と条文の対応づけが得点の鍵になります。最新の試験要項もあわせて確認してください。,試験対策の進め方は？,誤答パターン表を作成し、過去問を反復してください。乙4試験では用語集と消防法・政令の対応づけが得点の鍵になります。最新の試験要項もあわせて確認してください。賃管試験では用語集と条文の対応づけが得点の鍵になります。最新の試験要項もあわせて確認してください。,確認先はどこですか？,消防法・政令・用語集を参照してください。乙4試験では用語集と消防法・政令の対応づけが得点の鍵になります。最新の試験要項もあわせて確認してください。賃管試験では用語集と条文の対応づけが得点の鍵になります。最新の試験要項もあわせて確認してください。
ido-ukewatashi-mis-s36,移動：移送と譲渡・引渡しの混同誤り（S36）,法令・制度,移送;譲渡・引渡し,移動（実務連動）で移送と譲渡・引渡しを同一視する典型誤り。,移送と譲渡・引渡しの混同。,"[{""topic"": ""基準"", ""wrong"": ""同一"", ""correct"": ""別基準"", ""trap"": ""基準誤""}, {""topic"": ""数量"", ""wrong"": ""無視"", ""correct"": ""指定数量"", ""trap"": ""数量誤""}, {""topic"": ""設備"", ""wrong"": ""不要"", ""correct"": ""政令基準"", ""trap"": ""設備誤""}, {""topic"": ""届出"", ""wrong"": ""不要"", ""correct"": ""必要"", ""trap"": ""届出誤""}]",移動：移送と譲渡・引渡しの混同誤り（S36）｜乙4,移動（実務連動）で移送と譲渡・引渡しを同一視する典型誤り。正しい整理を表にまとめてください。数値・日程・合格基準は消防試験研究センター（https://www.shoubo-shiken.or.jp/kikenbutsu/）の試験要項で必ずご確認ください。,移送≠譲渡・引渡し;倍数・設備;品名表;試験の正誤肢に注意,同一視;倍数無視;設備不要;試験の正誤肢に注意,「移送と譲渡・引渡しは別」。,移送;譲渡・引渡し,誤りの内容は何ですか？,移動（実務連動）で移送と譲渡・引渡しを同一視する典型誤り。典型誤答として頻出です。乙4試験では用語集と消防法・政令の対応づけが得点の鍵になります。最新の試験要項もあわせて確認してください。賃管試験では用語集と条文の対応づけが得点の鍵になります。最新の試験要項もあわせて確認してください。,正しい理解は何ですか？,移送と譲渡・引渡しを基準・数量・設備で分けてください。乙4試験では用語集と消防法・政令の対応づけが得点の鍵になります。最新の試験要項もあわせて確認してください。賃管試験では用語集と条文の対応づけが得点の鍵になります。最新の試験要項もあわせて確認してください。,試験対策の進め方は？,誤答パターン表を作成し、過去問を反復してください。乙4試験では用語集と消防法・政令の対応づけが得点の鍵になります。最新の試験要項もあわせて確認してください。賃管試験では用語集と条文の対応づけが得点の鍵になります。最新の試験要項もあわせて確認してください。,確認先はどこですか？,消防法・政令・用語集を参照してください。乙4試験では用語集と消防法・政令の対応づけが得点の鍵になります。最新の試験要項もあわせて確認してください。賃管試験では用語集と条文の対応づけが得点の鍵になります。最新の試験要項もあわせて確認してください。
hoan-kitei-mis-s36,保安規程：予防規程と火災予防の混同誤り（S36）,法令・制度,予防規程;火災予防,保安規程（実務連動）で予防規程と火災予防を同一視する典型誤り。,予防規程と火災予防の混同。,"[{""topic"": ""基準"", ""wrong"": ""同一"", ""correct"": ""別基準"", ""trap"": ""基準誤""}, {""topic"": ""数量"", ""wrong"": ""無視"", ""correct"": ""指定数量"", ""trap"": ""数量誤""}, {""topic"": ""設備"", ""wrong"": ""不要"", ""correct"": ""政令基準"", ""trap"": ""設備誤""}, {""topic"": ""届出"", ""wrong"": ""不要"", ""correct"": ""必要"", ""trap"": ""届出誤""}]",保安規程：予防規程と火災予防の混同誤り（S36）｜乙4,保安規程（実務連動）で予防規程と火災予防を同一視する典型誤り。正しい整理を表にまとめてください。数値・日程・合格基準は消防試験研究センター（https://www.shoubo-shiken.or.jp/kikenbutsu/）の試験要項で必ずご確認ください。,予防規程≠火災予防;倍数・設備;品名表;試験の正誤肢に注意,同一視;倍数無視;設備不要;試験の正誤肢に注意,「予防規程と火災予防は別」。,予防規程;火災予防,誤りの内容は何ですか？,保安規程（実務連動）で予防規程と火災予防を同一視する典型誤り。典型誤答として頻出です。乙4試験では用語集と消防法・政令の対応づけが得点の鍵になります。最新の試験要項もあわせて確認してください。賃管試験では用語集と条文の対応づけが得点の鍵になります。最新の試験要項もあわせて確認してください。,正しい理解は何ですか？,予防規程と火災予防を基準・数量・設備で分けてください。乙4試験では用語集と消防法・政令の対応づけが得点の鍵になります。最新の試験要項もあわせて確認してください。賃管試験では用語集と条文の対応づけが得点の鍵になります。最新の試験要項もあわせて確認してください。,試験対策の進め方は？,誤答パターン表を作成し、過去問を反復してください。乙4試験では用語集と消防法・政令の対応づけが得点の鍵になります。最新の試験要項もあわせて確認してください。賃管試験では用語集と条文の対応づけが得点の鍵になります。最新の試験要項もあわせて確認してください。,確認先はどこですか？,消防法・政令・用語集を参照してください。乙4試験では用語集と消防法・政令の対応づけが得点の鍵になります。最新の試験要項もあわせて確認してください。賃管試験では用語集と条文の対応づけが得点の鍵になります。最新の試験要項もあわせて確認してください。
shoka-mis-s36,消火：消火設備と消火活動の混同誤り（S36）,火災・消火・漏えい,消火設備;消火活動,消火（実務連動）で消火設備と消火活動を同一視する典型誤り。,消火設備と消火活動の混同。,"[{""topic"": ""基準"", ""wrong"": ""同一"", ""correct"": ""別基準"", ""trap"": ""基準誤""}, {""topic"": ""数量"", ""wrong"": ""無視"", ""correct"": ""指定数量"", ""trap"": ""数量誤""}, {""topic"": ""設備"", ""wrong"": ""不要"", ""correct"": ""政令基準"", ""trap"": ""設備誤""}, {""topic"": ""届出"", ""wrong"": ""不要"", ""correct"": ""必要"", ""trap"": ""届出誤""}]",消火：消火設備と消火活動の混同誤り（S36）｜乙4,消火（実務連動）で消火設備と消火活動を同一視する典型誤り。正しい整理を表にまとめてください。数値・日程・合格基準は消防試験研究センター（https://www.shoubo-shiken.or.jp/kikenbutsu/）の試験要項で必ずご確認ください。,消火設備≠消火活動;倍数・設備;品名表;試験の正誤肢に注意,同一視;倍数無視;設備不要;試験の正誤肢に注意,「消火設備と消火活動は別」。,消火設備;消火活動,誤りの内容は何ですか？,消火（実務連動）で消火設備と消火活動を同一視する典型誤り。典型誤答として頻出です。乙4試験では用語集と消防法・政令の対応づけが得点の鍵になります。最新の試験要項もあわせて確認してください。賃管試験では用語集と条文の対応づけが得点の鍵になります。最新の試験要項もあわせて確認してください。,正しい理解は何ですか？,消火設備と消火活動を基準・数量・設備で分けてください。乙4試験では用語集と消防法・政令の対応づけが得点の鍵になります。最新の試験要項もあわせて確認してください。賃管試験では用語集と条文の対応づけが得点の鍵になります。最新の試験要項もあわせて確認してください。,試験対策の進め方は？,誤答パターン表を作成し、過去問を反復してください。乙4試験では用語集と消防法・政令の対応づけが得点の鍵になります。最新の試験要項もあわせて確認してください。賃管試験では用語集と条文の対応づけが得点の鍵になります。最新の試験要項もあわせて確認してください。,確認先はどこですか？,消防法・政令・用語集を参照してください。乙4試験では用語集と消防法・政令の対応づけが得点の鍵になります。最新の試験要項もあわせて確認してください。賃管試験では用語集と条文の対応づけが得点の鍵になります。最新の試験要項もあわせて確認してください。
tank-mis-s36,タンク：タンクローリーと移動タンク貯蔵所の混同誤り（S36）,法令・制度,タンクローリー;移動タンク貯蔵所,タンク（実務連動）でタンクローリーと移動タンク貯蔵所を同一視する典型誤り。,タンクローリーと移動タンク貯蔵所の混同。,"[{""topic"": ""基準"", ""wrong"": ""同一"", ""correct"": ""別基準"", ""trap"": ""基準誤""}, {""topic"": ""数量"", ""wrong"": ""無視"", ""correct"": ""指定数量"", ""trap"": ""数量誤""}, {""topic"": ""設備"", ""wrong"": ""不要"", ""correct"": ""政令基準"", ""trap"": ""設備誤""}, {""topic"": ""届出"", ""wrong"": ""不要"", ""correct"": ""必要"", ""trap"": ""届出誤""}]",タンク：タンクローリーと移動タンク貯蔵所の混同誤り（S36）｜乙4,タンク（実務連動）でタンクローリーと移動タンク貯蔵所を同一視する典型誤り。正しい整理を表にまとめてください。数値・日程・合格基準は消防試験研究センター（https://www.shoubo-shiken.or.jp/kikenbutsu/）の試験要項で必ずご確認ください。,タンクローリー≠移動タンク貯蔵所;倍数・設備;品名表;試験の正誤肢に注意,同一視;倍数無視;設備不要;試験の正誤肢に注意,「タンクローリーと移動タンク貯蔵所は別」。,タンクローリー;移動タンク貯蔵所,誤りの内容は何ですか？,タンク（実務連動）でタンクローリーと移動タンク貯蔵所を同一視する典型誤り。典型誤答として頻出です。乙4試験では用語集と消防法・政令の対応づけが得点の鍵になります。最新の試験要項もあわせて確認してください。,正しい理解は何ですか？,タンクローリーと移動タンク貯蔵所を基準・数量・設備で分けてください。乙4試験では用語集と消防法・政令の対応づけが得点の鍵になります。最新の試験要項もあわせて確認してください。賃管試験では用語集と条文の対応づけが得点の鍵になります。最新の試験要項もあわせて確認してください。,試験対策の進め方は？,誤答パターン表を作成し、過去問を反復してください。乙4試験では用語集と消防法・政令の対応づけが得点の鍵になります。最新の試験要項もあわせて確認してください。賃管試験では用語集と条文の対応づけが得点の鍵になります。最新の試験要項もあわせて確認してください。,確認先はどこですか？,消防法・政令・用語集を参照してください。乙4試験では用語集と消防法・政令の対応づけが得点の鍵になります。最新の試験要項もあわせて確認してください。賃管試験では用語集と条文の対応づけが得点の鍵になります。最新の試験要項もあわせて確認してください。
tensou-kiroku-mis-s36,転送記録：譲渡・引渡しと移送の混同誤り（S36）,法令・制度,譲渡・引渡し;移送,転送記録（実務連動）で譲渡・引渡しと移送を同一視する典型誤り。,譲渡・引渡しと移送の混同。,"[{""topic"": ""基準"", ""wrong"": ""同一"", ""correct"": ""別基準"", ""trap"": ""基準誤""}, {""topic"": ""数量"", ""wrong"": ""無視"", ""correct"": ""指定数量"", ""trap"": ""数量誤""}, {""topic"": ""設備"", ""wrong"": ""不要"", ""correct"": ""政令基準"", ""trap"": ""設備誤""}, {""topic"": ""届出"", ""wrong"": ""不要"", ""correct"": ""必要"", ""trap"": ""届出誤""}]",転送記録：譲渡・引渡しと移送の混同誤り（S36）｜乙4,転送記録（実務連動）で譲渡・引渡しと移送を同一視する典型誤り。正しい整理を表にまとめてください。数値・日程・合格基準は消防試験研究センター（https://www.shoubo-shiken.or.jp/kikenbutsu/）の試験要項で必ずご確認ください。,譲渡・引渡し≠移送;倍数・設備;品名表;試験の正誤肢に注意,同一視;倍数無視;設備不要;試験の正誤肢に注意,「譲渡・引渡しと移送は別」。,譲渡・引渡し;移送,誤りの内容は何ですか？,転送記録（実務連動）で譲渡・引渡しと移送を同一視する典型誤り。典型誤答として頻出です。乙4試験では用語集と消防法・政令の対応づけが得点の鍵になります。最新の試験要項もあわせて確認してください。賃管試験では用語集と条文の対応づけが得点の鍵になります。最新の試験要項もあわせて確認してください。,正しい理解は何ですか？,譲渡・引渡しと移送を基準・数量・設備で分けてください。乙4試験では用語集と消防法・政令の対応づけが得点の鍵になります。最新の試験要項もあわせて確認してください。賃管試験では用語集と条文の対応づけが得点の鍵になります。最新の試験要項もあわせて確認してください。,試験対策の進め方は？,誤答パターン表を作成し、過去問を反復してください。乙4試験では用語集と消防法・政令の対応づけが得点の鍵になります。最新の試験要項もあわせて確認してください。賃管試験では用語集と条文の対応づけが得点の鍵になります。最新の試験要項もあわせて確認してください。,確認先はどこですか？,消防法・政令・用語集を参照してください。乙4試験では用語集と消防法・政令の対応づけが得点の鍵になります。最新の試験要項もあわせて確認してください。賃管試験では用語集と条文の対応づけが得点の鍵になります。最新の試験要項もあわせて確認してください。
ot4-shiken-mis-s36,乙4試験：乙種危険物取扱者と丙種危険物取扱者の混同誤り（S36）,法令・制度,乙種危険物取扱者;丙種危険物取扱者,乙4試験（実務連動）で乙種危険物取扱者と丙種危険物取扱者を同一視する典型誤り。,乙種危険物取扱者と丙種危険物取扱者の混同。,"[{""topic"": ""基準"", ""wrong"": ""同一"", ""correct"": ""別基準"", ""trap"": ""基準誤""}, {""topic"": ""数量"", ""wrong"": ""無視"", ""correct"": ""指定数量"", ""trap"": ""数量誤""}, {""topic"": ""設備"", ""wrong"": ""不要"", ""correct"": ""政令基準"", ""trap"": ""設備誤""}, {""topic"": ""届出"", ""wrong"": ""不要"", ""correct"": ""必要"", ""trap"": ""届出誤""}]",乙4試験：乙種危険物取扱者と丙種危険物取扱者の混同誤り（S36）｜乙4,乙4試験（実務連動）で乙種危険物取扱者と丙種危険物取扱者を同一視する典型誤り。正しい整理を表にまとめてください。数値・日程・合格基準は消防試験研究センター（https://www.shoubo-shiken.or.jp/kikenbutsu/）の試験要項で必ずご確認ください。,乙種危険物取扱者≠丙種危険物取扱者;倍数・設備;品名表;試験の正誤肢に注意,同一視;倍数無視;設備不要;試験の正誤肢に注意,「乙種危険物取扱者と丙種危険物取扱者は別」。,乙種危険物取扱者;丙種危険物取扱者,誤りの内容は何ですか？,乙4試験（実務連動）で乙種危険物取扱者と丙種危険物取扱者を同一視する典型誤り。典型誤答として頻出です。乙4試験では用語集と消防法・政令の対応づけが得点の鍵になります。最新の試験要項もあわせて確認してください。,正しい理解は何ですか？,乙種危険物取扱者と丙種危険物取扱者を基準・数量・設備で分けてください。乙4試験では用語集と消防法・政令の対応づけが得点の鍵になります。最新の試験要項もあわせて確認してください。賃管試験では用語集と条文の対応づけが得点の鍵になります。最新の試験要項もあわせて確認してください。,試験対策の進め方は？,誤答パターン表を作成し、過去問を反復してください。乙4試験では用語集と消防法・政令の対応づけが得点の鍵になります。最新の試験要項もあわせて確認してください。賃管試験では用語集と条文の対応づけが得点の鍵になります。最新の試験要項もあわせて確認してください。,確認先はどこですか？,消防法・政令・用語集を参照してください。乙4試験では用語集と消防法・政令の対応づけが得点の鍵になります。最新の試験要項もあわせて確認してください。賃管試験では用語集と条文の対応づけが得点の鍵になります。最新の試験要項もあわせて確認してください。
kiken-toriatsukai-mis-s37,危険物取扱：危険物取扱者と危険物保安監督者の混同誤り（S37）,法令・制度,危険物取扱者;危険物保安監督者,危険物取扱（試験頻出）で危険物取扱者と危険物保安監督者を同一視する典型誤り。,危険物取扱者と危険物保安監督者の混同。,"[{""topic"": ""基準"", ""wrong"": ""同一"", ""correct"": ""別基準"", ""trap"": ""基準誤""}, {""topic"": ""数量"", ""wrong"": ""無視"", ""correct"": ""指定数量"", ""trap"": ""数量誤""}, {""topic"": ""設備"", ""wrong"": ""不要"", ""correct"": ""政令基準"", ""trap"": ""設備誤""}, {""topic"": ""届出"", ""wrong"": ""不要"", ""correct"": ""必要"", ""trap"": ""届出誤""}]",危険物取扱：危険物取扱者と危険物保安監督者の混同誤り（S37）｜乙4,危険物取扱（試験頻出）で危険物取扱者と危険物保安監督者を同一視する典型誤り。正しい整理を表にまとめてください。数値・日程・合格基準は消防試験研究センター（https://www.shoubo-shiken.or.jp/kikenbutsu/）の試験要項で必ずご確認ください。,危険物取扱者≠危険物保安監督者;倍数・設備;品名表;試験の正誤肢に注意,同一視;倍数無視;設備不要;試験の正誤肢に注意,「危険物取扱者と危険物保安監督者は別」。,危険物取扱者;危険物保安監督者,誤りの内容は何ですか？,危険物取扱（試験頻出）で危険物取扱者と危険物保安監督者を同一視する典型誤り。典型誤答として頻出です。乙4試験では用語集と消防法・政令の対応づけが得点の鍵になります。最新の試験要項もあわせて確認してください。,正しい理解は何ですか？,危険物取扱者と危険物保安監督者を基準・数量・設備で分けてください。乙4試験では用語集と消防法・政令の対応づけが得点の鍵になります。最新の試験要項もあわせて確認してください。賃管試験では用語集と条文の対応づけが得点の鍵になります。最新の試験要項もあわせて確認してください。,試験対策の進め方は？,誤答パターン表を作成し、過去問を反復してください。乙4試験では用語集と消防法・政令の対応づけが得点の鍵になります。最新の試験要項もあわせて確認してください。賃管試験では用語集と条文の対応づけが得点の鍵になります。最新の試験要項もあわせて確認してください。,確認先はどこですか？,消防法・政令・用語集を参照してください。乙4試験では用語集と消防法・政令の対応づけが得点の鍵になります。最新の試験要項もあわせて確認してください。賃管試験では用語集と条文の対応づけが得点の鍵になります。最新の試験要項もあわせて確認してください。
shobou-hou-mis-s37,消防法：消防法と火災予防の混同誤り（S37）,法令・制度,消防法;火災予防,消防法（試験頻出）で消防法と火災予防を同一視する典型誤り。,消防法と火災予防の混同。,"[{""topic"": ""基準"", ""wrong"": ""同一"", ""correct"": ""別基準"", ""trap"": ""基準誤""}, {""topic"": ""数量"", ""wrong"": ""無視"", ""correct"": ""指定数量"", ""trap"": ""数量誤""}, {""topic"": ""設備"", ""wrong"": ""不要"", ""correct"": ""政令基準"", ""trap"": ""設備誤""}, {""topic"": ""届出"", ""wrong"": ""不要"", ""correct"": ""必要"", ""trap"": ""届出誤""}]",消防法：消防法と火災予防の混同誤り（S37）｜乙4,消防法（試験頻出）で消防法と火災予防を同一視する典型誤り。正しい整理を表にまとめてください。数値・日程・合格基準は消防試験研究センター（https://www.shoubo-shiken.or.jp/kikenbutsu/）の試験要項で必ずご確認ください。,消防法≠火災予防;倍数・設備;品名表;試験の正誤肢に注意,同一視;倍数無視;設備不要;試験の正誤肢に注意,「消防法と火災予防は別」。,消防法;火災予防,誤りの内容は何ですか？,消防法（試験頻出）で消防法と火災予防を同一視する典型誤り。典型誤答として頻出です。乙4試験では用語集と消防法・政令の対応づけが得点の鍵になります。最新の試験要項もあわせて確認してください。賃管試験では用語集と条文の対応づけが得点の鍵になります。最新の試験要項もあわせて確認してください。,正しい理解は何ですか？,消防法と火災予防を基準・数量・設備で分けてください。乙4試験では用語集と消防法・政令の対応づけが得点の鍵になります。最新の試験要項もあわせて確認してください。賃管試験では用語集と条文の対応づけが得点の鍵になります。最新の試験要項もあわせて確認してください。,試験対策の進め方は？,誤答パターン表を作成し、過去問を反復してください。乙4試験では用語集と消防法・政令の対応づけが得点の鍵になります。最新の試験要項もあわせて確認してください。賃管試験では用語集と条文の対応づけが得点の鍵になります。最新の試験要項もあわせて確認してください。,確認先はどこですか？,消防法・政令・用語集を参照してください。乙4試験では用語集と消防法・政令の対応づけが得点の鍵になります。最新の試験要項もあわせて確認してください。賃管試験では用語集と条文の対応づけが得点の鍵になります。最新の試験要項もあわせて確認してください。
shitei-suryo-mis-s37,指定数量：指定数量と指定数量の倍数の混同誤り（S37）,法令・制度,指定数量;指定数量の倍数,指定数量（試験頻出）で指定数量と指定数量の倍数を同一視する典型誤り。,指定数量と指定数量の倍数の混同。,"[{""topic"": ""基準"", ""wrong"": ""同一"", ""correct"": ""別基準"", ""trap"": ""基準誤""}, {""topic"": ""数量"", ""wrong"": ""無視"", ""correct"": ""指定数量"", ""trap"": ""数量誤""}, {""topic"": ""設備"", ""wrong"": ""不要"", ""correct"": ""政令基準"", ""trap"": ""設備誤""}, {""topic"": ""届出"", ""wrong"": ""不要"", ""correct"": ""必要"", ""trap"": ""届出誤""}]",指定数量：指定数量と指定数量の倍数の混同誤り（S37）｜乙4,指定数量（試験頻出）で指定数量と指定数量の倍数を同一視する典型誤り。正しい整理を表にまとめてください。数値・日程・合格基準は消防試験研究センター（https://www.shoubo-shiken.or.jp/kikenbutsu/）の試験要項で必ずご確認ください。,指定数量≠指定数量の倍数;倍数・設備;品名表;試験の正誤肢に注意,同一視;倍数無視;設備不要;試験の正誤肢に注意,「指定数量と指定数量の倍数は別」。,指定数量;指定数量の倍数,誤りの内容は何ですか？,指定数量（試験頻出）で指定数量と指定数量の倍数を同一視する典型誤り。典型誤答として頻出です。乙4試験では用語集と消防法・政令の対応づけが得点の鍵になります。最新の試験要項もあわせて確認してください。賃管試験では用語集と条文の対応づけが得点の鍵になります。最新の試験要項もあわせて確認してください。,正しい理解は何ですか？,指定数量と指定数量の倍数を基準・数量・設備で分けてください。乙4試験では用語集と消防法・政令の対応づけが得点の鍵になります。最新の試験要項もあわせて確認してください。賃管試験では用語集と条文の対応づけが得点の鍵になります。最新の試験要項もあわせて確認してください。,試験対策の進め方は？,誤答パターン表を作成し、過去問を反復してください。乙4試験では用語集と消防法・政令の対応づけが得点の鍵になります。最新の試験要項もあわせて確認してください。賃管試験では用語集と条文の対応づけが得点の鍵になります。最新の試験要項もあわせて確認してください。,確認先はどこですか？,消防法・政令・用語集を参照してください。乙4試験では用語集と消防法・政令の対応づけが得点の鍵になります。最新の試験要項もあわせて確認してください。賃管試験では用語集と条文の対応づけが得点の鍵になります。最新の試験要項もあわせて確認してください。
chozo-sho-mis-s37,貯蔵所：屋外タンク貯蔵所と屋内タンク貯蔵所の基準の混同誤り（S37）,法令・制度,屋外タンク貯蔵所;屋内タンク貯蔵所の基準,貯蔵所（試験頻出）で屋外タンク貯蔵所と屋内タンク貯蔵所の基準を同一視する典型誤り。,屋外タンク貯蔵所と屋内タンク貯蔵所の基準の混同。,"[{""topic"": ""基準"", ""wrong"": ""同一"", ""correct"": ""別基準"", ""trap"": ""基準誤""}, {""topic"": ""数量"", ""wrong"": ""無視"", ""correct"": ""指定数量"", ""trap"": ""数量誤""}, {""topic"": ""設備"", ""wrong"": ""不要"", ""correct"": ""政令基準"", ""trap"": ""設備誤""}, {""topic"": ""届出"", ""wrong"": ""不要"", ""correct"": ""必要"", ""trap"": ""届出誤""}]",貯蔵所：屋外タンク貯蔵所と屋内タンク貯蔵所の基準の混同誤り（S37）｜乙4,貯蔵所（試験頻出）で屋外タンク貯蔵所と屋内タンク貯蔵所の基準を同一視する典型誤り。正しい整理を表にまとめてください。数値・日程・合格基準は消防試験研究センター（https://www.shoubo-shiken.or.jp/kikenbutsu/）の試験要項で必ずご確認ください。,屋外タンク貯蔵所≠屋内タンク貯蔵所の基準;倍数・設備;品名表;試験の正誤肢に注意,同一視;倍数無視;設備不要;試験の正誤肢に注意,「屋外タンク貯蔵所と屋内タンク貯蔵所の基準は別」。,屋外タンク貯蔵所;屋内タンク貯蔵所の基準,誤りの内容は何ですか？,貯蔵所（試験頻出）で屋外タンク貯蔵所と屋内タンク貯蔵所の基準を同一視する典型誤り。典型誤答として頻出です。乙4試験では用語集と消防法・政令の対応づけが得点の鍵になります。最新の試験要項もあわせて確認してください。,正しい理解は何ですか？,屋外タンク貯蔵所と屋内タンク貯蔵所の基準を基準・数量・設備で分けてください。乙4試験では用語集と消防法・政令の対応づけが得点の鍵になります。最新の試験要項もあわせて確認してください。賃管試験では用語集と条文の対応づけが得点の鍵になります。最新の試験要項もあわせて確認してください。,試験対策の進め方は？,誤答パターン表を作成し、過去問を反復してください。乙4試験では用語集と消防法・政令の対応づけが得点の鍵になります。最新の試験要項もあわせて確認してください。賃管試験では用語集と条文の対応づけが得点の鍵になります。最新の試験要項もあわせて確認してください。,確認先はどこですか？,消防法・政令・用語集を参照してください。乙4試験では用語集と消防法・政令の対応づけが得点の鍵になります。最新の試験要項もあわせて確認してください。賃管試験では用語集と条文の対応づけが得点の鍵になります。最新の試験要項もあわせて確認してください。
ido-ukewatashi-mis-s37,移動：移送と譲渡・引渡しの混同誤り（S37）,法令・制度,移送;譲渡・引渡し,移動（試験頻出）で移送と譲渡・引渡しを同一視する典型誤り。,移送と譲渡・引渡しの混同。,"[{""topic"": ""基準"", ""wrong"": ""同一"", ""correct"": ""別基準"", ""trap"": ""基準誤""}, {""topic"": ""数量"", ""wrong"": ""無視"", ""correct"": ""指定数量"", ""trap"": ""数量誤""}, {""topic"": ""設備"", ""wrong"": ""不要"", ""correct"": ""政令基準"", ""trap"": ""設備誤""}, {""topic"": ""届出"", ""wrong"": ""不要"", ""correct"": ""必要"", ""trap"": ""届出誤""}]",移動：移送と譲渡・引渡しの混同誤り（S37）｜乙4,移動（試験頻出）で移送と譲渡・引渡しを同一視する典型誤り。正しい整理を表にまとめてください。数値・日程・合格基準は消防試験研究センター（https://www.shoubo-shiken.or.jp/kikenbutsu/）の試験要項で必ずご確認ください。,移送≠譲渡・引渡し;倍数・設備;品名表;試験の正誤肢に注意,同一視;倍数無視;設備不要;試験の正誤肢に注意,「移送と譲渡・引渡しは別」。,移送;譲渡・引渡し,誤りの内容は何ですか？,移動（試験頻出）で移送と譲渡・引渡しを同一視する典型誤り。典型誤答として頻出です。乙4試験では用語集と消防法・政令の対応づけが得点の鍵になります。最新の試験要項もあわせて確認してください。賃管試験では用語集と条文の対応づけが得点の鍵になります。最新の試験要項もあわせて確認してください。,正しい理解は何ですか？,移送と譲渡・引渡しを基準・数量・設備で分けてください。乙4試験では用語集と消防法・政令の対応づけが得点の鍵になります。最新の試験要項もあわせて確認してください。賃管試験では用語集と条文の対応づけが得点の鍵になります。最新の試験要項もあわせて確認してください。,試験対策の進め方は？,誤答パターン表を作成し、過去問を反復してください。乙4試験では用語集と消防法・政令の対応づけが得点の鍵になります。最新の試験要項もあわせて確認してください。賃管試験では用語集と条文の対応づけが得点の鍵になります。最新の試験要項もあわせて確認してください。,確認先はどこですか？,消防法・政令・用語集を参照してください。乙4試験では用語集と消防法・政令の対応づけが得点の鍵になります。最新の試験要項もあわせて確認してください。賃管試験では用語集と条文の対応づけが得点の鍵になります。最新の試験要項もあわせて確認してください。
hoan-kitei-mis-s37,保安規程：予防規程と火災予防の混同誤り（S37）,法令・制度,予防規程;火災予防,保安規程（試験頻出）で予防規程と火災予防を同一視する典型誤り。,予防規程と火災予防の混同。,"[{""topic"": ""基準"", ""wrong"": ""同一"", ""correct"": ""別基準"", ""trap"": ""基準誤""}, {""topic"": ""数量"", ""wrong"": ""無視"", ""correct"": ""指定数量"", ""trap"": ""数量誤""}, {""topic"": ""設備"", ""wrong"": ""不要"", ""correct"": ""政令基準"", ""trap"": ""設備誤""}, {""topic"": ""届出"", ""wrong"": ""不要"", ""correct"": ""必要"", ""trap"": ""届出誤""}]",保安規程：予防規程と火災予防の混同誤り（S37）｜乙4,保安規程（試験頻出）で予防規程と火災予防を同一視する典型誤り。正しい整理を表にまとめてください。数値・日程・合格基準は消防試験研究センター（https://www.shoubo-shiken.or.jp/kikenbutsu/）の試験要項で必ずご確認ください。,予防規程≠火災予防;倍数・設備;品名表;試験の正誤肢に注意,同一視;倍数無視;設備不要;試験の正誤肢に注意,「予防規程と火災予防は別」。,予防規程;火災予防,誤りの内容は何ですか？,保安規程（試験頻出）で予防規程と火災予防を同一視する典型誤り。典型誤答として頻出です。乙4試験では用語集と消防法・政令の対応づけが得点の鍵になります。最新の試験要項もあわせて確認してください。賃管試験では用語集と条文の対応づけが得点の鍵になります。最新の試験要項もあわせて確認してください。,正しい理解は何ですか？,予防規程と火災予防を基準・数量・設備で分けてください。乙4試験では用語集と消防法・政令の対応づけが得点の鍵になります。最新の試験要項もあわせて確認してください。賃管試験では用語集と条文の対応づけが得点の鍵になります。最新の試験要項もあわせて確認してください。,試験対策の進め方は？,誤答パターン表を作成し、過去問を反復してください。乙4試験では用語集と消防法・政令の対応づけが得点の鍵になります。最新の試験要項もあわせて確認してください。賃管試験では用語集と条文の対応づけが得点の鍵になります。最新の試験要項もあわせて確認してください。,確認先はどこですか？,消防法・政令・用語集を参照してください。乙4試験では用語集と消防法・政令の対応づけが得点の鍵になります。最新の試験要項もあわせて確認してください。賃管試験では用語集と条文の対応づけが得点の鍵になります。最新の試験要項もあわせて確認してください。
shoka-mis-s37,消火：消火設備と消火活動の混同誤り（S37）,火災・消火・漏えい,消火設備;消火活動,消火（試験頻出）で消火設備と消火活動を同一視する典型誤り。,消火設備と消火活動の混同。,"[{""topic"": ""基準"", ""wrong"": ""同一"", ""correct"": ""別基準"", ""trap"": ""基準誤""}, {""topic"": ""数量"", ""wrong"": ""無視"", ""correct"": ""指定数量"", ""trap"": ""数量誤""}, {""topic"": ""設備"", ""wrong"": ""不要"", ""correct"": ""政令基準"", ""trap"": ""設備誤""}, {""topic"": ""届出"", ""wrong"": ""不要"", ""correct"": ""必要"", ""trap"": ""届出誤""}]",消火：消火設備と消火活動の混同誤り（S37）｜乙4,消火（試験頻出）で消火設備と消火活動を同一視する典型誤り。正しい整理を表にまとめてください。数値・日程・合格基準は消防試験研究センター（https://www.shoubo-shiken.or.jp/kikenbutsu/）の試験要項で必ずご確認ください。,消火設備≠消火活動;倍数・設備;品名表;試験の正誤肢に注意,同一視;倍数無視;設備不要;試験の正誤肢に注意,「消火設備と消火活動は別」。,消火設備;消火活動,誤りの内容は何ですか？,消火（試験頻出）で消火設備と消火活動を同一視する典型誤り。典型誤答として頻出です。乙4試験では用語集と消防法・政令の対応づけが得点の鍵になります。最新の試験要項もあわせて確認してください。賃管試験では用語集と条文の対応づけが得点の鍵になります。最新の試験要項もあわせて確認してください。,正しい理解は何ですか？,消火設備と消火活動を基準・数量・設備で分けてください。乙4試験では用語集と消防法・政令の対応づけが得点の鍵になります。最新の試験要項もあわせて確認してください。賃管試験では用語集と条文の対応づけが得点の鍵になります。最新の試験要項もあわせて確認してください。,試験対策の進め方は？,誤答パターン表を作成し、過去問を反復してください。乙4試験では用語集と消防法・政令の対応づけが得点の鍵になります。最新の試験要項もあわせて確認してください。賃管試験では用語集と条文の対応づけが得点の鍵になります。最新の試験要項もあわせて確認してください。,確認先はどこですか？,消防法・政令・用語集を参照してください。乙4試験では用語集と消防法・政令の対応づけが得点の鍵になります。最新の試験要項もあわせて確認してください。賃管試験では用語集と条文の対応づけが得点の鍵になります。最新の試験要項もあわせて確認してください。
tank-mis-s37,タンク：タンクローリーと移動タンク貯蔵所の混同誤り（S37）,法令・制度,タンクローリー;移動タンク貯蔵所,タンク（試験頻出）でタンクローリーと移動タンク貯蔵所を同一視する典型誤り。,タンクローリーと移動タンク貯蔵所の混同。,"[{""topic"": ""基準"", ""wrong"": ""同一"", ""correct"": ""別基準"", ""trap"": ""基準誤""}, {""topic"": ""数量"", ""wrong"": ""無視"", ""correct"": ""指定数量"", ""trap"": ""数量誤""}, {""topic"": ""設備"", ""wrong"": ""不要"", ""correct"": ""政令基準"", ""trap"": ""設備誤""}, {""topic"": ""届出"", ""wrong"": ""不要"", ""correct"": ""必要"", ""trap"": ""届出誤""}]",タンク：タンクローリーと移動タンク貯蔵所の混同誤り（S37）｜乙4,タンク（試験頻出）でタンクローリーと移動タンク貯蔵所を同一視する典型誤り。正しい整理を表にまとめてください。数値・日程・合格基準は消防試験研究センター（https://www.shoubo-shiken.or.jp/kikenbutsu/）の試験要項で必ずご確認ください。,タンクローリー≠移動タンク貯蔵所;倍数・設備;品名表;試験の正誤肢に注意,同一視;倍数無視;設備不要;試験の正誤肢に注意,「タンクローリーと移動タンク貯蔵所は別」。,タンクローリー;移動タンク貯蔵所,誤りの内容は何ですか？,タンク（試験頻出）でタンクローリーと移動タンク貯蔵所を同一視する典型誤り。典型誤答として頻出です。乙4試験では用語集と消防法・政令の対応づけが得点の鍵になります。最新の試験要項もあわせて確認してください。,正しい理解は何ですか？,タンクローリーと移動タンク貯蔵所を基準・数量・設備で分けてください。乙4試験では用語集と消防法・政令の対応づけが得点の鍵になります。最新の試験要項もあわせて確認してください。賃管試験では用語集と条文の対応づけが得点の鍵になります。最新の試験要項もあわせて確認してください。,試験対策の進め方は？,誤答パターン表を作成し、過去問を反復してください。乙4試験では用語集と消防法・政令の対応づけが得点の鍵になります。最新の試験要項もあわせて確認してください。賃管試験では用語集と条文の対応づけが得点の鍵になります。最新の試験要項もあわせて確認してください。,確認先はどこですか？,消防法・政令・用語集を参照してください。乙4試験では用語集と消防法・政令の対応づけが得点の鍵になります。最新の試験要項もあわせて確認してください。賃管試験では用語集と条文の対応づけが得点の鍵になります。最新の試験要項もあわせて確認してください。
tensou-kiroku-mis-s37,転送記録：譲渡・引渡しと移送の混同誤り（S37）,法令・制度,譲渡・引渡し;移送,転送記録（試験頻出）で譲渡・引渡しと移送を同一視する典型誤り。,譲渡・引渡しと移送の混同。,"[{""topic"": ""基準"", ""wrong"": ""同一"", ""correct"": ""別基準"", ""trap"": ""基準誤""}, {""topic"": ""数量"", ""wrong"": ""無視"", ""correct"": ""指定数量"", ""trap"": ""数量誤""}, {""topic"": ""設備"", ""wrong"": ""不要"", ""correct"": ""政令基準"", ""trap"": ""設備誤""}, {""topic"": ""届出"", ""wrong"": ""不要"", ""correct"": ""必要"", ""trap"": ""届出誤""}]",転送記録：譲渡・引渡しと移送の混同誤り（S37）｜乙4,転送記録（試験頻出）で譲渡・引渡しと移送を同一視する典型誤り。正しい整理を表にまとめてください。数値・日程・合格基準は消防試験研究センター（https://www.shoubo-shiken.or.jp/kikenbutsu/）の試験要項で必ずご確認ください。,譲渡・引渡し≠移送;倍数・設備;品名表;試験の正誤肢に注意,同一視;倍数無視;設備不要;試験の正誤肢に注意,「譲渡・引渡しと移送は別」。,譲渡・引渡し;移送,誤りの内容は何ですか？,転送記録（試験頻出）で譲渡・引渡しと移送を同一視する典型誤り。典型誤答として頻出です。乙4試験では用語集と消防法・政令の対応づけが得点の鍵になります。最新の試験要項もあわせて確認してください。賃管試験では用語集と条文の対応づけが得点の鍵になります。最新の試験要項もあわせて確認してください。,正しい理解は何ですか？,譲渡・引渡しと移送を基準・数量・設備で分けてください。乙4試験では用語集と消防法・政令の対応づけが得点の鍵になります。最新の試験要項もあわせて確認してください。賃管試験では用語集と条文の対応づけが得点の鍵になります。最新の試験要項もあわせて確認してください。,試験対策の進め方は？,誤答パターン表を作成し、過去問を反復してください。乙4試験では用語集と消防法・政令の対応づけが得点の鍵になります。最新の試験要項もあわせて確認してください。賃管試験では用語集と条文の対応づけが得点の鍵になります。最新の試験要項もあわせて確認してください。,確認先はどこですか？,消防法・政令・用語集を参照してください。乙4試験では用語集と消防法・政令の対応づけが得点の鍵になります。最新の試験要項もあわせて確認してください。賃管試験では用語集と条文の対応づけが得点の鍵になります。最新の試験要項もあわせて確認してください。
ot4-shiken-mis-s37,乙4試験：乙種危険物取扱者と丙種危険物取扱者の混同誤り（S37）,法令・制度,乙種危険物取扱者;丙種危険物取扱者,乙4試験（試験頻出）で乙種危険物取扱者と丙種危険物取扱者を同一視する典型誤り。,乙種危険物取扱者と丙種危険物取扱者の混同。,"[{""topic"": ""基準"", ""wrong"": ""同一"", ""correct"": ""別基準"", ""trap"": ""基準誤""}, {""topic"": ""数量"", ""wrong"": ""無視"", ""correct"": ""指定数量"", ""trap"": ""数量誤""}, {""topic"": ""設備"", ""wrong"": ""不要"", ""correct"": ""政令基準"", ""trap"": ""設備誤""}, {""topic"": ""届出"", ""wrong"": ""不要"", ""correct"": ""必要"", ""trap"": ""届出誤""}]",乙4試験：乙種危険物取扱者と丙種危険物取扱者の混同誤り（S37）｜乙4,乙4試験（試験頻出）で乙種危険物取扱者と丙種危険物取扱者を同一視する典型誤り。正しい整理を表にまとめてください。数値・日程・合格基準は消防試験研究センター（https://www.shoubo-shiken.or.jp/kikenbutsu/）の試験要項で必ずご確認ください。,乙種危険物取扱者≠丙種危険物取扱者;倍数・設備;品名表;試験の正誤肢に注意,同一視;倍数無視;設備不要;試験の正誤肢に注意,「乙種危険物取扱者と丙種危険物取扱者は別」。,乙種危険物取扱者;丙種危険物取扱者,誤りの内容は何ですか？,乙4試験（試験頻出）で乙種危険物取扱者と丙種危険物取扱者を同一視する典型誤り。典型誤答として頻出です。乙4試験では用語集と消防法・政令の対応づけが得点の鍵になります。最新の試験要項もあわせて確認してください。,正しい理解は何ですか？,乙種危険物取扱者と丙種危険物取扱者を基準・数量・設備で分けてください。乙4試験では用語集と消防法・政令の対応づけが得点の鍵になります。最新の試験要項もあわせて確認してください。賃管試験では用語集と条文の対応づけが得点の鍵になります。最新の試験要項もあわせて確認してください。,試験対策の進め方は？,誤答パターン表を作成し、過去問を反復してください。乙4試験では用語集と消防法・政令の対応づけが得点の鍵になります。最新の試験要項もあわせて確認してください。賃管試験では用語集と条文の対応づけが得点の鍵になります。最新の試験要項もあわせて確認してください。,確認先はどこですか？,消防法・政令・用語集を参照してください。乙4試験では用語集と消防法・政令の対応づけが得点の鍵になります。最新の試験要項もあわせて確認してください。賃管試験では用語集と条文の対応づけが得点の鍵になります。最新の試験要項もあわせて確認してください。
kiken-toriatsukai-mis-s38,危険物取扱：危険物取扱者と危険物保安監督者の混同誤り（S38）,法令・制度,危険物取扱者;危険物保安監督者,危険物取扱（判例・ガイド）で危険物取扱者と危険物保安監督者を同一視する典型誤り。,危険物取扱者と危険物保安監督者の混同。,"[{""topic"": ""基準"", ""wrong"": ""同一"", ""correct"": ""別基準"", ""trap"": ""基準誤""}, {""topic"": ""数量"", ""wrong"": ""無視"", ""correct"": ""指定数量"", ""trap"": ""数量誤""}, {""topic"": ""設備"", ""wrong"": ""不要"", ""correct"": ""政令基準"", ""trap"": ""設備誤""}, {""topic"": ""届出"", ""wrong"": ""不要"", ""correct"": ""必要"", ""trap"": ""届出誤""}]",危険物取扱：危険物取扱者と危険物保安監督者の混同誤り（S38）｜乙4,危険物取扱（判例・ガイド）で危険物取扱者と危険物保安監督者を同一視する典型誤り。正しい整理を表にまとめてください。数値・日程・合格基準は消防試験研究センター（https://www.shoubo-shiken.or.jp/kikenbutsu/）の試験要項で必ずご確認ください。,危険物取扱者≠危険物保安監督者;倍数・設備;品名表;試験の正誤肢に注意,同一視;倍数無視;設備不要;試験の正誤肢に注意,「危険物取扱者と危険物保安監督者は別」。,危険物取扱者;危険物保安監督者,誤りの内容は何ですか？,危険物取扱（判例・ガイド）で危険物取扱者と危険物保安監督者を同一視する典型誤り。典型誤答として頻出です。乙4試験では用語集と消防法・政令の対応づけが得点の鍵になります。最新の試験要項もあわせて確認してください。,正しい理解は何ですか？,危険物取扱者と危険物保安監督者を基準・数量・設備で分けてください。乙4試験では用語集と消防法・政令の対応づけが得点の鍵になります。最新の試験要項もあわせて確認してください。賃管試験では用語集と条文の対応づけが得点の鍵になります。最新の試験要項もあわせて確認してください。,試験対策の進め方は？,誤答パターン表を作成し、過去問を反復してください。乙4試験では用語集と消防法・政令の対応づけが得点の鍵になります。最新の試験要項もあわせて確認してください。賃管試験では用語集と条文の対応づけが得点の鍵になります。最新の試験要項もあわせて確認してください。,確認先はどこですか？,消防法・政令・用語集を参照してください。乙4試験では用語集と消防法・政令の対応づけが得点の鍵になります。最新の試験要項もあわせて確認してください。賃管試験では用語集と条文の対応づけが得点の鍵になります。最新の試験要項もあわせて確認してください。
shobou-hou-mis-s38,消防法：消防法と火災予防の混同誤り（S38）,法令・制度,消防法;火災予防,消防法（判例・ガイド）で消防法と火災予防を同一視する典型誤り。,消防法と火災予防の混同。,"[{""topic"": ""基準"", ""wrong"": ""同一"", ""correct"": ""別基準"", ""trap"": ""基準誤""}, {""topic"": ""数量"", ""wrong"": ""無視"", ""correct"": ""指定数量"", ""trap"": ""数量誤""}, {""topic"": ""設備"", ""wrong"": ""不要"", ""correct"": ""政令基準"", ""trap"": ""設備誤""}, {""topic"": ""届出"", ""wrong"": ""不要"", ""correct"": ""必要"", ""trap"": ""届出誤""}]",消防法：消防法と火災予防の混同誤り（S38）｜乙4,消防法（判例・ガイド）で消防法と火災予防を同一視する典型誤り。正しい整理を表にまとめてください。数値・日程・合格基準は消防試験研究センター（https://www.shoubo-shiken.or.jp/kikenbutsu/）の試験要項で必ずご確認ください。,消防法≠火災予防;倍数・設備;品名表;試験の正誤肢に注意,同一視;倍数無視;設備不要;試験の正誤肢に注意,「消防法と火災予防は別」。,消防法;火災予防,誤りの内容は何ですか？,消防法（判例・ガイド）で消防法と火災予防を同一視する典型誤り。典型誤答として頻出です。乙4試験では用語集と消防法・政令の対応づけが得点の鍵になります。最新の試験要項もあわせて確認してください。賃管試験では用語集と条文の対応づけが得点の鍵になります。最新の試験要項もあわせて確認してください。,正しい理解は何ですか？,消防法と火災予防を基準・数量・設備で分けてください。乙4試験では用語集と消防法・政令の対応づけが得点の鍵になります。最新の試験要項もあわせて確認してください。賃管試験では用語集と条文の対応づけが得点の鍵になります。最新の試験要項もあわせて確認してください。,試験対策の進め方は？,誤答パターン表を作成し、過去問を反復してください。乙4試験では用語集と消防法・政令の対応づけが得点の鍵になります。最新の試験要項もあわせて確認してください。賃管試験では用語集と条文の対応づけが得点の鍵になります。最新の試験要項もあわせて確認してください。,確認先はどこですか？,消防法・政令・用語集を参照してください。乙4試験では用語集と消防法・政令の対応づけが得点の鍵になります。最新の試験要項もあわせて確認してください。賃管試験では用語集と条文の対応づけが得点の鍵になります。最新の試験要項もあわせて確認してください。
shitei-suryo-mis-s38,指定数量：指定数量と指定数量の倍数の混同誤り（S38）,法令・制度,指定数量;指定数量の倍数,指定数量（判例・ガイド）で指定数量と指定数量の倍数を同一視する典型誤り。,指定数量と指定数量の倍数の混同。,"[{""topic"": ""基準"", ""wrong"": ""同一"", ""correct"": ""別基準"", ""trap"": ""基準誤""}, {""topic"": ""数量"", ""wrong"": ""無視"", ""correct"": ""指定数量"", ""trap"": ""数量誤""}, {""topic"": ""設備"", ""wrong"": ""不要"", ""correct"": ""政令基準"", ""trap"": ""設備誤""}, {""topic"": ""届出"", ""wrong"": ""不要"", ""correct"": ""必要"", ""trap"": ""届出誤""}]",指定数量：指定数量と指定数量の倍数の混同誤り（S38）｜乙4,指定数量（判例・ガイド）で指定数量と指定数量の倍数を同一視する典型誤り。正しい整理を表にまとめてください。数値・日程・合格基準は消防試験研究センター（https://www.shoubo-shiken.or.jp/kikenbutsu/）の試験要項で必ずご確認ください。,指定数量≠指定数量の倍数;倍数・設備;品名表;試験の正誤肢に注意,同一視;倍数無視;設備不要;試験の正誤肢に注意,「指定数量と指定数量の倍数は別」。,指定数量;指定数量の倍数,誤りの内容は何ですか？,指定数量（判例・ガイド）で指定数量と指定数量の倍数を同一視する典型誤り。典型誤答として頻出です。乙4試験では用語集と消防法・政令の対応づけが得点の鍵になります。最新の試験要項もあわせて確認してください。,正しい理解は何ですか？,指定数量と指定数量の倍数を基準・数量・設備で分けてください。乙4試験では用語集と消防法・政令の対応づけが得点の鍵になります。最新の試験要項もあわせて確認してください。賃管試験では用語集と条文の対応づけが得点の鍵になります。最新の試験要項もあわせて確認してください。,試験対策の進め方は？,誤答パターン表を作成し、過去問を反復してください。乙4試験では用語集と消防法・政令の対応づけが得点の鍵になります。最新の試験要項もあわせて確認してください。賃管試験では用語集と条文の対応づけが得点の鍵になります。最新の試験要項もあわせて確認してください。,確認先はどこですか？,消防法・政令・用語集を参照してください。乙4試験では用語集と消防法・政令の対応づけが得点の鍵になります。最新の試験要項もあわせて確認してください。賃管試験では用語集と条文の対応づけが得点の鍵になります。最新の試験要項もあわせて確認してください。
chozo-sho-mis-s38,貯蔵所：屋外タンク貯蔵所と屋内タンク貯蔵所の基準の混同誤り（S38）,法令・制度,屋外タンク貯蔵所;屋内タンク貯蔵所の基準,貯蔵所（判例・ガイド）で屋外タンク貯蔵所と屋内タンク貯蔵所の基準を同一視する典型誤り。,屋外タンク貯蔵所と屋内タンク貯蔵所の基準の混同。,"[{""topic"": ""基準"", ""wrong"": ""同一"", ""correct"": ""別基準"", ""trap"": ""基準誤""}, {""topic"": ""数量"", ""wrong"": ""無視"", ""correct"": ""指定数量"", ""trap"": ""数量誤""}, {""topic"": ""設備"", ""wrong"": ""不要"", ""correct"": ""政令基準"", ""trap"": ""設備誤""}, {""topic"": ""届出"", ""wrong"": ""不要"", ""correct"": ""必要"", ""trap"": ""届出誤""}]",貯蔵所：屋外タンク貯蔵所と屋内タンク貯蔵所の基準の混同誤り（S38）｜乙4,貯蔵所（判例・ガイド）で屋外タンク貯蔵所と屋内タンク貯蔵所の基準を同一視する典型誤り。正しい整理を表にまとめてください。数値・日程・合格基準は消防試験研究センター（https://www.shoubo-shiken.or.jp/kikenbutsu/）の試験要項で必ずご確認ください。,屋外タンク貯蔵所≠屋内タンク貯蔵所の基準;倍数・設備;品名表;試験の正誤肢に注意,同一視;倍数無視;設備不要;試験の正誤肢に注意,「屋外タンク貯蔵所と屋内タンク貯蔵所の基準は別」。,屋外タンク貯蔵所;屋内タンク貯蔵所の基準,誤りの内容は何ですか？,貯蔵所（判例・ガイド）で屋外タンク貯蔵所と屋内タンク貯蔵所の基準を同一視する典型誤り。典型誤答として頻出です。乙4試験では用語集と消防法・政令の対応づけが得点の鍵になります。最新の試験要項もあわせて確認してください。,正しい理解は何ですか？,屋外タンク貯蔵所と屋内タンク貯蔵所の基準を基準・数量・設備で分けてください。乙4試験では用語集と消防法・政令の対応づけが得点の鍵になります。最新の試験要項もあわせて確認してください。賃管試験では用語集と条文の対応づけが得点の鍵になります。最新の試験要項もあわせて確認してください。,試験対策の進め方は？,誤答パターン表を作成し、過去問を反復してください。乙4試験では用語集と消防法・政令の対応づけが得点の鍵になります。最新の試験要項もあわせて確認してください。賃管試験では用語集と条文の対応づけが得点の鍵になります。最新の試験要項もあわせて確認してください。,確認先はどこですか？,消防法・政令・用語集を参照してください。乙4試験では用語集と消防法・政令の対応づけが得点の鍵になります。最新の試験要項もあわせて確認してください。賃管試験では用語集と条文の対応づけが得点の鍵になります。最新の試験要項もあわせて確認してください。
ido-ukewatashi-mis-s38,移動：移送と譲渡・引渡しの混同誤り（S38）,法令・制度,移送;譲渡・引渡し,移動（判例・ガイド）で移送と譲渡・引渡しを同一視する典型誤り。,移送と譲渡・引渡しの混同。,"[{""topic"": ""基準"", ""wrong"": ""同一"", ""correct"": ""別基準"", ""trap"": ""基準誤""}, {""topic"": ""数量"", ""wrong"": ""無視"", ""correct"": ""指定数量"", ""trap"": ""数量誤""}, {""topic"": ""設備"", ""wrong"": ""不要"", ""correct"": ""政令基準"", ""trap"": ""設備誤""}, {""topic"": ""届出"", ""wrong"": ""不要"", ""correct"": ""必要"", ""trap"": ""届出誤""}]",移動：移送と譲渡・引渡しの混同誤り（S38）｜乙4,移動（判例・ガイド）で移送と譲渡・引渡しを同一視する典型誤り。正しい整理を表にまとめてください。数値・日程・合格基準は消防試験研究センター（https://www.shoubo-shiken.or.jp/kikenbutsu/）の試験要項で必ずご確認ください。,移送≠譲渡・引渡し;倍数・設備;品名表;試験の正誤肢に注意,同一視;倍数無視;設備不要;試験の正誤肢に注意,「移送と譲渡・引渡しは別」。,移送;譲渡・引渡し,誤りの内容は何ですか？,移動（判例・ガイド）で移送と譲渡・引渡しを同一視する典型誤り。典型誤答として頻出です。乙4試験では用語集と消防法・政令の対応づけが得点の鍵になります。最新の試験要項もあわせて確認してください。賃管試験では用語集と条文の対応づけが得点の鍵になります。最新の試験要項もあわせて確認してください。,正しい理解は何ですか？,移送と譲渡・引渡しを基準・数量・設備で分けてください。乙4試験では用語集と消防法・政令の対応づけが得点の鍵になります。最新の試験要項もあわせて確認してください。賃管試験では用語集と条文の対応づけが得点の鍵になります。最新の試験要項もあわせて確認してください。,試験対策の進め方は？,誤答パターン表を作成し、過去問を反復してください。乙4試験では用語集と消防法・政令の対応づけが得点の鍵になります。最新の試験要項もあわせて確認してください。賃管試験では用語集と条文の対応づけが得点の鍵になります。最新の試験要項もあわせて確認してください。,確認先はどこですか？,消防法・政令・用語集を参照してください。乙4試験では用語集と消防法・政令の対応づけが得点の鍵になります。最新の試験要項もあわせて確認してください。賃管試験では用語集と条文の対応づけが得点の鍵になります。最新の試験要項もあわせて確認してください。
hoan-kitei-mis-s38,保安規程：予防規程と火災予防の混同誤り（S38）,法令・制度,予防規程;火災予防,保安規程（判例・ガイド）で予防規程と火災予防を同一視する典型誤り。,予防規程と火災予防の混同。,"[{""topic"": ""基準"", ""wrong"": ""同一"", ""correct"": ""別基準"", ""trap"": ""基準誤""}, {""topic"": ""数量"", ""wrong"": ""無視"", ""correct"": ""指定数量"", ""trap"": ""数量誤""}, {""topic"": ""設備"", ""wrong"": ""不要"", ""correct"": ""政令基準"", ""trap"": ""設備誤""}, {""topic"": ""届出"", ""wrong"": ""不要"", ""correct"": ""必要"", ""trap"": ""届出誤""}]",保安規程：予防規程と火災予防の混同誤り（S38）｜乙4,保安規程（判例・ガイド）で予防規程と火災予防を同一視する典型誤り。正しい整理を表にまとめてください。数値・日程・合格基準は消防試験研究センター（https://www.shoubo-shiken.or.jp/kikenbutsu/）の試験要項で必ずご確認ください。,予防規程≠火災予防;倍数・設備;品名表;試験の正誤肢に注意,同一視;倍数無視;設備不要;試験の正誤肢に注意,「予防規程と火災予防は別」。,予防規程;火災予防,誤りの内容は何ですか？,保安規程（判例・ガイド）で予防規程と火災予防を同一視する典型誤り。典型誤答として頻出です。乙4試験では用語集と消防法・政令の対応づけが得点の鍵になります。最新の試験要項もあわせて確認してください。賃管試験では用語集と条文の対応づけが得点の鍵になります。最新の試験要項もあわせて確認してください。,正しい理解は何ですか？,予防規程と火災予防を基準・数量・設備で分けてください。乙4試験では用語集と消防法・政令の対応づけが得点の鍵になります。最新の試験要項もあわせて確認してください。賃管試験では用語集と条文の対応づけが得点の鍵になります。最新の試験要項もあわせて確認してください。,試験対策の進め方は？,誤答パターン表を作成し、過去問を反復してください。乙4試験では用語集と消防法・政令の対応づけが得点の鍵になります。最新の試験要項もあわせて確認してください。賃管試験では用語集と条文の対応づけが得点の鍵になります。最新の試験要項もあわせて確認してください。,確認先はどこですか？,消防法・政令・用語集を参照してください。乙4試験では用語集と消防法・政令の対応づけが得点の鍵になります。最新の試験要項もあわせて確認してください。賃管試験では用語集と条文の対応づけが得点の鍵になります。最新の試験要項もあわせて確認してください。
shoka-mis-s38,消火：消火設備と消火活動の混同誤り（S38）,火災・消火・漏えい,消火設備;消火活動,消火（判例・ガイド）で消火設備と消火活動を同一視する典型誤り。,消火設備と消火活動の混同。,"[{""topic"": ""基準"", ""wrong"": ""同一"", ""correct"": ""別基準"", ""trap"": ""基準誤""}, {""topic"": ""数量"", ""wrong"": ""無視"", ""correct"": ""指定数量"", ""trap"": ""数量誤""}, {""topic"": ""設備"", ""wrong"": ""不要"", ""correct"": ""政令基準"", ""trap"": ""設備誤""}, {""topic"": ""届出"", ""wrong"": ""不要"", ""correct"": ""必要"", ""trap"": ""届出誤""}]",消火：消火設備と消火活動の混同誤り（S38）｜乙4,消火（判例・ガイド）で消火設備と消火活動を同一視する典型誤り。正しい整理を表にまとめてください。数値・日程・合格基準は消防試験研究センター（https://www.shoubo-shiken.or.jp/kikenbutsu/）の試験要項で必ずご確認ください。,消火設備≠消火活動;倍数・設備;品名表;試験の正誤肢に注意,同一視;倍数無視;設備不要;試験の正誤肢に注意,「消火設備と消火活動は別」。,消火設備;消火活動,誤りの内容は何ですか？,消火（判例・ガイド）で消火設備と消火活動を同一視する典型誤り。典型誤答として頻出です。乙4試験では用語集と消防法・政令の対応づけが得点の鍵になります。最新の試験要項もあわせて確認してください。賃管試験では用語集と条文の対応づけが得点の鍵になります。最新の試験要項もあわせて確認してください。,正しい理解は何ですか？,消火設備と消火活動を基準・数量・設備で分けてください。乙4試験では用語集と消防法・政令の対応づけが得点の鍵になります。最新の試験要項もあわせて確認してください。賃管試験では用語集と条文の対応づけが得点の鍵になります。最新の試験要項もあわせて確認してください。,試験対策の進め方は？,誤答パターン表を作成し、過去問を反復してください。乙4試験では用語集と消防法・政令の対応づけが得点の鍵になります。最新の試験要項もあわせて確認してください。賃管試験では用語集と条文の対応づけが得点の鍵になります。最新の試験要項もあわせて確認してください。,確認先はどこですか？,消防法・政令・用語集を参照してください。乙4試験では用語集と消防法・政令の対応づけが得点の鍵になります。最新の試験要項もあわせて確認してください。賃管試験では用語集と条文の対応づけが得点の鍵になります。最新の試験要項もあわせて確認してください。
tank-mis-s38,タンク：タンクローリーと移動タンク貯蔵所の混同誤り（S38）,法令・制度,タンクローリー;移動タンク貯蔵所,タンク（判例・ガイド）でタンクローリーと移動タンク貯蔵所を同一視する典型誤り。,タンクローリーと移動タンク貯蔵所の混同。,"[{""topic"": ""基準"", ""wrong"": ""同一"", ""correct"": ""別基準"", ""trap"": ""基準誤""}, {""topic"": ""数量"", ""wrong"": ""無視"", ""correct"": ""指定数量"", ""trap"": ""数量誤""}, {""topic"": ""設備"", ""wrong"": ""不要"", ""correct"": ""政令基準"", ""trap"": ""設備誤""}, {""topic"": ""届出"", ""wrong"": ""不要"", ""correct"": ""必要"", ""trap"": ""届出誤""}]",タンク：タンクローリーと移動タンク貯蔵所の混同誤り（S38）｜乙4,タンク（判例・ガイド）でタンクローリーと移動タンク貯蔵所を同一視する典型誤り。正しい整理を表にまとめてください。数値・日程・合格基準は消防試験研究センター（https://www.shoubo-shiken.or.jp/kikenbutsu/）の試験要項で必ずご確認ください。,タンクローリー≠移動タンク貯蔵所;倍数・設備;品名表;試験の正誤肢に注意,同一視;倍数無視;設備不要;試験の正誤肢に注意,「タンクローリーと移動タンク貯蔵所は別」。,タンクローリー;移動タンク貯蔵所,誤りの内容は何ですか？,タンク（判例・ガイド）でタンクローリーと移動タンク貯蔵所を同一視する典型誤り。典型誤答として頻出です。乙4試験では用語集と消防法・政令の対応づけが得点の鍵になります。最新の試験要項もあわせて確認してください。,正しい理解は何ですか？,タンクローリーと移動タンク貯蔵所を基準・数量・設備で分けてください。乙4試験では用語集と消防法・政令の対応づけが得点の鍵になります。最新の試験要項もあわせて確認してください。賃管試験では用語集と条文の対応づけが得点の鍵になります。最新の試験要項もあわせて確認してください。,試験対策の進め方は？,誤答パターン表を作成し、過去問を反復してください。乙4試験では用語集と消防法・政令の対応づけが得点の鍵になります。最新の試験要項もあわせて確認してください。賃管試験では用語集と条文の対応づけが得点の鍵になります。最新の試験要項もあわせて確認してください。,確認先はどこですか？,消防法・政令・用語集を参照してください。乙4試験では用語集と消防法・政令の対応づけが得点の鍵になります。最新の試験要項もあわせて確認してください。賃管試験では用語集と条文の対応づけが得点の鍵になります。最新の試験要項もあわせて確認してください。
tensou-kiroku-mis-s38,転送記録：譲渡・引渡しと移送の混同誤り（S38）,法令・制度,譲渡・引渡し;移送,転送記録（判例・ガイド）で譲渡・引渡しと移送を同一視する典型誤り。,譲渡・引渡しと移送の混同。,"[{""topic"": ""基準"", ""wrong"": ""同一"", ""correct"": ""別基準"", ""trap"": ""基準誤""}, {""topic"": ""数量"", ""wrong"": ""無視"", ""correct"": ""指定数量"", ""trap"": ""数量誤""}, {""topic"": ""設備"", ""wrong"": ""不要"", ""correct"": ""政令基準"", ""trap"": ""設備誤""}, {""topic"": ""届出"", ""wrong"": ""不要"", ""correct"": ""必要"", ""trap"": ""届出誤""}]",転送記録：譲渡・引渡しと移送の混同誤り（S38）｜乙4,転送記録（判例・ガイド）で譲渡・引渡しと移送を同一視する典型誤り。正しい整理を表にまとめてください。数値・日程・合格基準は消防試験研究センター（https://www.shoubo-shiken.or.jp/kikenbutsu/）の試験要項で必ずご確認ください。,譲渡・引渡し≠移送;倍数・設備;品名表;試験の正誤肢に注意,同一視;倍数無視;設備不要;試験の正誤肢に注意,「譲渡・引渡しと移送は別」。,譲渡・引渡し;移送,誤りの内容は何ですか？,転送記録（判例・ガイド）で譲渡・引渡しと移送を同一視する典型誤り。典型誤答として頻出です。乙4試験では用語集と消防法・政令の対応づけが得点の鍵になります。最新の試験要項もあわせて確認してください。賃管試験では用語集と条文の対応づけが得点の鍵になります。最新の試験要項もあわせて確認してください。,正しい理解は何ですか？,譲渡・引渡しと移送を基準・数量・設備で分けてください。乙4試験では用語集と消防法・政令の対応づけが得点の鍵になります。最新の試験要項もあわせて確認してください。賃管試験では用語集と条文の対応づけが得点の鍵になります。最新の試験要項もあわせて確認してください。,試験対策の進め方は？,誤答パターン表を作成し、過去問を反復してください。乙4試験では用語集と消防法・政令の対応づけが得点の鍵になります。最新の試験要項もあわせて確認してください。賃管試験では用語集と条文の対応づけが得点の鍵になります。最新の試験要項もあわせて確認してください。,確認先はどこですか？,消防法・政令・用語集を参照してください。乙4試験では用語集と消防法・政令の対応づけが得点の鍵になります。最新の試験要項もあわせて確認してください。賃管試験では用語集と条文の対応づけが得点の鍵になります。最新の試験要項もあわせて確認してください。
ot4-shiken-mis-s38,乙4試験：乙種危険物取扱者と丙種危険物取扱者の混同誤り（S38）,法令・制度,乙種危険物取扱者;丙種危険物取扱者,乙4試験（判例・ガイド）で乙種危険物取扱者と丙種危険物取扱者を同一視する典型誤り。,乙種危険物取扱者と丙種危険物取扱者の混同。,"[{""topic"": ""基準"", ""wrong"": ""同一"", ""correct"": ""別基準"", ""trap"": ""基準誤""}, {""topic"": ""数量"", ""wrong"": ""無視"", ""correct"": ""指定数量"", ""trap"": ""数量誤""}, {""topic"": ""設備"", ""wrong"": ""不要"", ""correct"": ""政令基準"", ""trap"": ""設備誤""}, {""topic"": ""届出"", ""wrong"": ""不要"", ""correct"": ""必要"", ""trap"": ""届出誤""}]",乙4試験：乙種危険物取扱者と丙種危険物取扱者の混同誤り（S38）｜乙4,乙4試験（判例・ガイド）で乙種危険物取扱者と丙種危険物取扱者を同一視する典型誤り。正しい整理を表にまとめてください。数値・日程・合格基準は消防試験研究センター（https://www.shoubo-shiken.or.jp/kikenbutsu/）の試験要項で必ずご確認ください。,乙種危険物取扱者≠丙種危険物取扱者;倍数・設備;品名表;試験の正誤肢に注意,同一視;倍数無視;設備不要;試験の正誤肢に注意,「乙種危険物取扱者と丙種危険物取扱者は別」。,乙種危険物取扱者;丙種危険物取扱者,誤りの内容は何ですか？,乙4試験（判例・ガイド）で乙種危険物取扱者と丙種危険物取扱者を同一視する典型誤り。典型誤答として頻出です。乙4試験では用語集と消防法・政令の対応づけが得点の鍵になります。最新の試験要項もあわせて確認してください。,正しい理解は何ですか？,乙種危険物取扱者と丙種危険物取扱者を基準・数量・設備で分けてください。乙4試験では用語集と消防法・政令の対応づけが得点の鍵になります。最新の試験要項もあわせて確認してください。賃管試験では用語集と条文の対応づけが得点の鍵になります。最新の試験要項もあわせて確認してください。,試験対策の進め方は？,誤答パターン表を作成し、過去問を反復してください。乙4試験では用語集と消防法・政令の対応づけが得点の鍵になります。最新の試験要項もあわせて確認してください。賃管試験では用語集と条文の対応づけが得点の鍵になります。最新の試験要項もあわせて確認してください。,確認先はどこですか？,消防法・政令・用語集を参照してください。乙4試験では用語集と消防法・政令の対応づけが得点の鍵になります。最新の試験要項もあわせて確認してください。賃管試験では用語集と条文の対応づけが得点の鍵になります。最新の試験要項もあわせて確認してください。
kiken-toriatsukai-mis-s39,危険物取扱：危険物取扱者と危険物保安監督者の混同誤り（S39）,法令・制度,危険物取扱者;危険物保安監督者,危険物取扱（横断総合）で危険物取扱者と危険物保安監督者を同一視する典型誤り。,危険物取扱者と危険物保安監督者の混同。,"[{""topic"": ""基準"", ""wrong"": ""同一"", ""correct"": ""別基準"", ""trap"": ""基準誤""}, {""topic"": ""数量"", ""wrong"": ""無視"", ""correct"": ""指定数量"", ""trap"": ""数量誤""}, {""topic"": ""設備"", ""wrong"": ""不要"", ""correct"": ""政令基準"", ""trap"": ""設備誤""}, {""topic"": ""届出"", ""wrong"": ""不要"", ""correct"": ""必要"", ""trap"": ""届出誤""}]",危険物取扱：危険物取扱者と危険物保安監督者の混同誤り（S39）｜乙4,危険物取扱（横断総合）で危険物取扱者と危険物保安監督者を同一視する典型誤り。正しい整理を表にまとめてください。数値・日程・合格基準は消防試験研究センター（https://www.shoubo-shiken.or.jp/kikenbutsu/）の試験要項で必ずご確認ください。,危険物取扱者≠危険物保安監督者;倍数・設備;品名表;試験の正誤肢に注意,同一視;倍数無視;設備不要;試験の正誤肢に注意,「危険物取扱者と危険物保安監督者は別」。,危険物取扱者;危険物保安監督者,誤りの内容は何ですか？,危険物取扱（横断総合）で危険物取扱者と危険物保安監督者を同一視する典型誤り。典型誤答として頻出です。乙4試験では用語集と消防法・政令の対応づけが得点の鍵になります。最新の試験要項もあわせて確認してください。,正しい理解は何ですか？,危険物取扱者と危険物保安監督者を基準・数量・設備で分けてください。乙4試験では用語集と消防法・政令の対応づけが得点の鍵になります。最新の試験要項もあわせて確認してください。賃管試験では用語集と条文の対応づけが得点の鍵になります。最新の試験要項もあわせて確認してください。,試験対策の進め方は？,誤答パターン表を作成し、過去問を反復してください。乙4試験では用語集と消防法・政令の対応づけが得点の鍵になります。最新の試験要項もあわせて確認してください。賃管試験では用語集と条文の対応づけが得点の鍵になります。最新の試験要項もあわせて確認してください。,確認先はどこですか？,消防法・政令・用語集を参照してください。乙4試験では用語集と消防法・政令の対応づけが得点の鍵になります。最新の試験要項もあわせて確認してください。賃管試験では用語集と条文の対応づけが得点の鍵になります。最新の試験要項もあわせて確認してください。
shobou-hou-mis-s39,消防法：消防法と火災予防の混同誤り（S39）,法令・制度,消防法;火災予防,消防法（横断総合）で消防法と火災予防を同一視する典型誤り。,消防法と火災予防の混同。,"[{""topic"": ""基準"", ""wrong"": ""同一"", ""correct"": ""別基準"", ""trap"": ""基準誤""}, {""topic"": ""数量"", ""wrong"": ""無視"", ""correct"": ""指定数量"", ""trap"": ""数量誤""}, {""topic"": ""設備"", ""wrong"": ""不要"", ""correct"": ""政令基準"", ""trap"": ""設備誤""}, {""topic"": ""届出"", ""wrong"": ""不要"", ""correct"": ""必要"", ""trap"": ""届出誤""}]",消防法：消防法と火災予防の混同誤り（S39）｜乙4,消防法（横断総合）で消防法と火災予防を同一視する典型誤り。正しい整理を表にまとめてください。数値・日程・合格基準は消防試験研究センター（https://www.shoubo-shiken.or.jp/kikenbutsu/）の試験要項で必ずご確認ください。,消防法≠火災予防;倍数・設備;品名表;試験の正誤肢に注意,同一視;倍数無視;設備不要;試験の正誤肢に注意,「消防法と火災予防は別」。,消防法;火災予防,誤りの内容は何ですか？,消防法（横断総合）で消防法と火災予防を同一視する典型誤り。典型誤答として頻出です。乙4試験では用語集と消防法・政令の対応づけが得点の鍵になります。最新の試験要項もあわせて確認してください。賃管試験では用語集と条文の対応づけが得点の鍵になります。最新の試験要項もあわせて確認してください。,正しい理解は何ですか？,消防法と火災予防を基準・数量・設備で分けてください。乙4試験では用語集と消防法・政令の対応づけが得点の鍵になります。最新の試験要項もあわせて確認してください。賃管試験では用語集と条文の対応づけが得点の鍵になります。最新の試験要項もあわせて確認してください。,試験対策の進め方は？,誤答パターン表を作成し、過去問を反復してください。乙4試験では用語集と消防法・政令の対応づけが得点の鍵になります。最新の試験要項もあわせて確認してください。賃管試験では用語集と条文の対応づけが得点の鍵になります。最新の試験要項もあわせて確認してください。,確認先はどこですか？,消防法・政令・用語集を参照してください。乙4試験では用語集と消防法・政令の対応づけが得点の鍵になります。最新の試験要項もあわせて確認してください。賃管試験では用語集と条文の対応づけが得点の鍵になります。最新の試験要項もあわせて確認してください。
shitei-suryo-mis-s39,指定数量：指定数量と指定数量の倍数の混同誤り（S39）,法令・制度,指定数量;指定数量の倍数,指定数量（横断総合）で指定数量と指定数量の倍数を同一視する典型誤り。,指定数量と指定数量の倍数の混同。,"[{""topic"": ""基準"", ""wrong"": ""同一"", ""correct"": ""別基準"", ""trap"": ""基準誤""}, {""topic"": ""数量"", ""wrong"": ""無視"", ""correct"": ""指定数量"", ""trap"": ""数量誤""}, {""topic"": ""設備"", ""wrong"": ""不要"", ""correct"": ""政令基準"", ""trap"": ""設備誤""}, {""topic"": ""届出"", ""wrong"": ""不要"", ""correct"": ""必要"", ""trap"": ""届出誤""}]",指定数量：指定数量と指定数量の倍数の混同誤り（S39）｜乙4,指定数量（横断総合）で指定数量と指定数量の倍数を同一視する典型誤り。正しい整理を表にまとめてください。数値・日程・合格基準は消防試験研究センター（https://www.shoubo-shiken.or.jp/kikenbutsu/）の試験要項で必ずご確認ください。,指定数量≠指定数量の倍数;倍数・設備;品名表;試験の正誤肢に注意,同一視;倍数無視;設備不要;試験の正誤肢に注意,「指定数量と指定数量の倍数は別」。,指定数量;指定数量の倍数,誤りの内容は何ですか？,指定数量（横断総合）で指定数量と指定数量の倍数を同一視する典型誤り。典型誤答として頻出です。乙4試験では用語集と消防法・政令の対応づけが得点の鍵になります。最新の試験要項もあわせて確認してください。賃管試験では用語集と条文の対応づけが得点の鍵になります。最新の試験要項もあわせて確認してください。,正しい理解は何ですか？,指定数量と指定数量の倍数を基準・数量・設備で分けてください。乙4試験では用語集と消防法・政令の対応づけが得点の鍵になります。最新の試験要項もあわせて確認してください。賃管試験では用語集と条文の対応づけが得点の鍵になります。最新の試験要項もあわせて確認してください。,試験対策の進め方は？,誤答パターン表を作成し、過去問を反復してください。乙4試験では用語集と消防法・政令の対応づけが得点の鍵になります。最新の試験要項もあわせて確認してください。賃管試験では用語集と条文の対応づけが得点の鍵になります。最新の試験要項もあわせて確認してください。,確認先はどこですか？,消防法・政令・用語集を参照してください。乙4試験では用語集と消防法・政令の対応づけが得点の鍵になります。最新の試験要項もあわせて確認してください。賃管試験では用語集と条文の対応づけが得点の鍵になります。最新の試験要項もあわせて確認してください。
chozo-sho-mis-s39,貯蔵所：屋外タンク貯蔵所と屋内タンク貯蔵所の基準の混同誤り（S39）,法令・制度,屋外タンク貯蔵所;屋内タンク貯蔵所の基準,貯蔵所（横断総合）で屋外タンク貯蔵所と屋内タンク貯蔵所の基準を同一視する典型誤り。,屋外タンク貯蔵所と屋内タンク貯蔵所の基準の混同。,"[{""topic"": ""基準"", ""wrong"": ""同一"", ""correct"": ""別基準"", ""trap"": ""基準誤""}, {""topic"": ""数量"", ""wrong"": ""無視"", ""correct"": ""指定数量"", ""trap"": ""数量誤""}, {""topic"": ""設備"", ""wrong"": ""不要"", ""correct"": ""政令基準"", ""trap"": ""設備誤""}, {""topic"": ""届出"", ""wrong"": ""不要"", ""correct"": ""必要"", ""trap"": ""届出誤""}]",貯蔵所：屋外タンク貯蔵所と屋内タンク貯蔵所の基準の混同誤り（S39）｜乙4,貯蔵所（横断総合）で屋外タンク貯蔵所と屋内タンク貯蔵所の基準を同一視する典型誤り。正しい整理を表にまとめてください。数値・日程・合格基準は消防試験研究センター（https://www.shoubo-shiken.or.jp/kikenbutsu/）の試験要項で必ずご確認ください。,屋外タンク貯蔵所≠屋内タンク貯蔵所の基準;倍数・設備;品名表;試験の正誤肢に注意,同一視;倍数無視;設備不要;試験の正誤肢に注意,「屋外タンク貯蔵所と屋内タンク貯蔵所の基準は別」。,屋外タンク貯蔵所;屋内タンク貯蔵所の基準,誤りの内容は何ですか？,貯蔵所（横断総合）で屋外タンク貯蔵所と屋内タンク貯蔵所の基準を同一視する典型誤り。典型誤答として頻出です。乙4試験では用語集と消防法・政令の対応づけが得点の鍵になります。最新の試験要項もあわせて確認してください。,正しい理解は何ですか？,屋外タンク貯蔵所と屋内タンク貯蔵所の基準を基準・数量・設備で分けてください。乙4試験では用語集と消防法・政令の対応づけが得点の鍵になります。最新の試験要項もあわせて確認してください。賃管試験では用語集と条文の対応づけが得点の鍵になります。最新の試験要項もあわせて確認してください。,試験対策の進め方は？,誤答パターン表を作成し、過去問を反復してください。乙4試験では用語集と消防法・政令の対応づけが得点の鍵になります。最新の試験要項もあわせて確認してください。賃管試験では用語集と条文の対応づけが得点の鍵になります。最新の試験要項もあわせて確認してください。,確認先はどこですか？,消防法・政令・用語集を参照してください。乙4試験では用語集と消防法・政令の対応づけが得点の鍵になります。最新の試験要項もあわせて確認してください。賃管試験では用語集と条文の対応づけが得点の鍵になります。最新の試験要項もあわせて確認してください。
ido-ukewatashi-mis-s39,移動：移送と譲渡・引渡しの混同誤り（S39）,法令・制度,移送;譲渡・引渡し,移動（横断総合）で移送と譲渡・引渡しを同一視する典型誤り。,移送と譲渡・引渡しの混同。,"[{""topic"": ""基準"", ""wrong"": ""同一"", ""correct"": ""別基準"", ""trap"": ""基準誤""}, {""topic"": ""数量"", ""wrong"": ""無視"", ""correct"": ""指定数量"", ""trap"": ""数量誤""}, {""topic"": ""設備"", ""wrong"": ""不要"", ""correct"": ""政令基準"", ""trap"": ""設備誤""}, {""topic"": ""届出"", ""wrong"": ""不要"", ""correct"": ""必要"", ""trap"": ""届出誤""}]",移動：移送と譲渡・引渡しの混同誤り（S39）｜乙4,移動（横断総合）で移送と譲渡・引渡しを同一視する典型誤り。正しい整理を表にまとめてください。数値・日程・合格基準は消防試験研究センター（https://www.shoubo-shiken.or.jp/kikenbutsu/）の試験要項で必ずご確認ください。,移送≠譲渡・引渡し;倍数・設備;品名表;試験の正誤肢に注意,同一視;倍数無視;設備不要;試験の正誤肢に注意,「移送と譲渡・引渡しは別」。,移送;譲渡・引渡し,誤りの内容は何ですか？,移動（横断総合）で移送と譲渡・引渡しを同一視する典型誤り。典型誤答として頻出です。乙4試験では用語集と消防法・政令の対応づけが得点の鍵になります。最新の試験要項もあわせて確認してください。賃管試験では用語集と条文の対応づけが得点の鍵になります。最新の試験要項もあわせて確認してください。,正しい理解は何ですか？,移送と譲渡・引渡しを基準・数量・設備で分けてください。乙4試験では用語集と消防法・政令の対応づけが得点の鍵になります。最新の試験要項もあわせて確認してください。賃管試験では用語集と条文の対応づけが得点の鍵になります。最新の試験要項もあわせて確認してください。,試験対策の進め方は？,誤答パターン表を作成し、過去問を反復してください。乙4試験では用語集と消防法・政令の対応づけが得点の鍵になります。最新の試験要項もあわせて確認してください。賃管試験では用語集と条文の対応づけが得点の鍵になります。最新の試験要項もあわせて確認してください。,確認先はどこですか？,消防法・政令・用語集を参照してください。乙4試験では用語集と消防法・政令の対応づけが得点の鍵になります。最新の試験要項もあわせて確認してください。賃管試験では用語集と条文の対応づけが得点の鍵になります。最新の試験要項もあわせて確認してください。
hoan-kitei-mis-s39,保安規程：予防規程と火災予防の混同誤り（S39）,法令・制度,予防規程;火災予防,保安規程（横断総合）で予防規程と火災予防を同一視する典型誤り。,予防規程と火災予防の混同。,"[{""topic"": ""基準"", ""wrong"": ""同一"", ""correct"": ""別基準"", ""trap"": ""基準誤""}, {""topic"": ""数量"", ""wrong"": ""無視"", ""correct"": ""指定数量"", ""trap"": ""数量誤""}, {""topic"": ""設備"", ""wrong"": ""不要"", ""correct"": ""政令基準"", ""trap"": ""設備誤""}, {""topic"": ""届出"", ""wrong"": ""不要"", ""correct"": ""必要"", ""trap"": ""届出誤""}]",保安規程：予防規程と火災予防の混同誤り（S39）｜乙4,保安規程（横断総合）で予防規程と火災予防を同一視する典型誤り。正しい整理を表にまとめてください。数値・日程・合格基準は消防試験研究センター（https://www.shoubo-shiken.or.jp/kikenbutsu/）の試験要項で必ずご確認ください。,予防規程≠火災予防;倍数・設備;品名表;試験の正誤肢に注意,同一視;倍数無視;設備不要;試験の正誤肢に注意,「予防規程と火災予防は別」。,予防規程;火災予防,誤りの内容は何ですか？,保安規程（横断総合）で予防規程と火災予防を同一視する典型誤り。典型誤答として頻出です。乙4試験では用語集と消防法・政令の対応づけが得点の鍵になります。最新の試験要項もあわせて確認してください。賃管試験では用語集と条文の対応づけが得点の鍵になります。最新の試験要項もあわせて確認してください。,正しい理解は何ですか？,予防規程と火災予防を基準・数量・設備で分けてください。乙4試験では用語集と消防法・政令の対応づけが得点の鍵になります。最新の試験要項もあわせて確認してください。賃管試験では用語集と条文の対応づけが得点の鍵になります。最新の試験要項もあわせて確認してください。,試験対策の進め方は？,誤答パターン表を作成し、過去問を反復してください。乙4試験では用語集と消防法・政令の対応づけが得点の鍵になります。最新の試験要項もあわせて確認してください。賃管試験では用語集と条文の対応づけが得点の鍵になります。最新の試験要項もあわせて確認してください。,確認先はどこですか？,消防法・政令・用語集を参照してください。乙4試験では用語集と消防法・政令の対応づけが得点の鍵になります。最新の試験要項もあわせて確認してください。賃管試験では用語集と条文の対応づけが得点の鍵になります。最新の試験要項もあわせて確認してください。
shoka-mis-s39,消火：消火設備と消火活動の混同誤り（S39）,火災・消火・漏えい,消火設備;消火活動,消火（横断総合）で消火設備と消火活動を同一視する典型誤り。,消火設備と消火活動の混同。,"[{""topic"": ""基準"", ""wrong"": ""同一"", ""correct"": ""別基準"", ""trap"": ""基準誤""}, {""topic"": ""数量"", ""wrong"": ""無視"", ""correct"": ""指定数量"", ""trap"": ""数量誤""}, {""topic"": ""設備"", ""wrong"": ""不要"", ""correct"": ""政令基準"", ""trap"": ""設備誤""}, {""topic"": ""届出"", ""wrong"": ""不要"", ""correct"": ""必要"", ""trap"": ""届出誤""}]",消火：消火設備と消火活動の混同誤り（S39）｜乙4,消火（横断総合）で消火設備と消火活動を同一視する典型誤り。正しい整理を表にまとめてください。数値・日程・合格基準は消防試験研究センター（https://www.shoubo-shiken.or.jp/kikenbutsu/）の試験要項で必ずご確認ください。,消火設備≠消火活動;倍数・設備;品名表;試験の正誤肢に注意,同一視;倍数無視;設備不要;試験の正誤肢に注意,「消火設備と消火活動は別」。,消火設備;消火活動,誤りの内容は何ですか？,消火（横断総合）で消火設備と消火活動を同一視する典型誤り。典型誤答として頻出です。乙4試験では用語集と消防法・政令の対応づけが得点の鍵になります。最新の試験要項もあわせて確認してください。賃管試験では用語集と条文の対応づけが得点の鍵になります。最新の試験要項もあわせて確認してください。,正しい理解は何ですか？,消火設備と消火活動を基準・数量・設備で分けてください。乙4試験では用語集と消防法・政令の対応づけが得点の鍵になります。最新の試験要項もあわせて確認してください。賃管試験では用語集と条文の対応づけが得点の鍵になります。最新の試験要項もあわせて確認してください。,試験対策の進め方は？,誤答パターン表を作成し、過去問を反復してください。乙4試験では用語集と消防法・政令の対応づけが得点の鍵になります。最新の試験要項もあわせて確認してください。賃管試験では用語集と条文の対応づけが得点の鍵になります。最新の試験要項もあわせて確認してください。,確認先はどこですか？,消防法・政令・用語集を参照してください。乙4試験では用語集と消防法・政令の対応づけが得点の鍵になります。最新の試験要項もあわせて確認してください。賃管試験では用語集と条文の対応づけが得点の鍵になります。最新の試験要項もあわせて確認してください。
tank-mis-s39,タンク：タンクローリーと移動タンク貯蔵所の混同誤り（S39）,法令・制度,タンクローリー;移動タンク貯蔵所,タンク（横断総合）でタンクローリーと移動タンク貯蔵所を同一視する典型誤り。,タンクローリーと移動タンク貯蔵所の混同。,"[{""topic"": ""基準"", ""wrong"": ""同一"", ""correct"": ""別基準"", ""trap"": ""基準誤""}, {""topic"": ""数量"", ""wrong"": ""無視"", ""correct"": ""指定数量"", ""trap"": ""数量誤""}, {""topic"": ""設備"", ""wrong"": ""不要"", ""correct"": ""政令基準"", ""trap"": ""設備誤""}, {""topic"": ""届出"", ""wrong"": ""不要"", ""correct"": ""必要"", ""trap"": ""届出誤""}]",タンク：タンクローリーと移動タンク貯蔵所の混同誤り（S39）｜乙4,タンク（横断総合）でタンクローリーと移動タンク貯蔵所を同一視する典型誤り。正しい整理を表にまとめてください。数値・日程・合格基準は消防試験研究センター（https://www.shoubo-shiken.or.jp/kikenbutsu/）の試験要項で必ずご確認ください。,タンクローリー≠移動タンク貯蔵所;倍数・設備;品名表;試験の正誤肢に注意,同一視;倍数無視;設備不要;試験の正誤肢に注意,「タンクローリーと移動タンク貯蔵所は別」。,タンクローリー;移動タンク貯蔵所,誤りの内容は何ですか？,タンク（横断総合）でタンクローリーと移動タンク貯蔵所を同一視する典型誤り。典型誤答として頻出です。乙4試験では用語集と消防法・政令の対応づけが得点の鍵になります。最新の試験要項もあわせて確認してください。,正しい理解は何ですか？,タンクローリーと移動タンク貯蔵所を基準・数量・設備で分けてください。乙4試験では用語集と消防法・政令の対応づけが得点の鍵になります。最新の試験要項もあわせて確認してください。賃管試験では用語集と条文の対応づけが得点の鍵になります。最新の試験要項もあわせて確認してください。,試験対策の進め方は？,誤答パターン表を作成し、過去問を反復してください。乙4試験では用語集と消防法・政令の対応づけが得点の鍵になります。最新の試験要項もあわせて確認してください。賃管試験では用語集と条文の対応づけが得点の鍵になります。最新の試験要項もあわせて確認してください。,確認先はどこですか？,消防法・政令・用語集を参照してください。乙4試験では用語集と消防法・政令の対応づけが得点の鍵になります。最新の試験要項もあわせて確認してください。賃管試験では用語集と条文の対応づけが得点の鍵になります。最新の試験要項もあわせて確認してください。
tensou-kiroku-mis-s39,転送記録：譲渡・引渡しと移送の混同誤り（S39）,法令・制度,譲渡・引渡し;移送,転送記録（横断総合）で譲渡・引渡しと移送を同一視する典型誤り。,譲渡・引渡しと移送の混同。,"[{""topic"": ""基準"", ""wrong"": ""同一"", ""correct"": ""別基準"", ""trap"": ""基準誤""}, {""topic"": ""数量"", ""wrong"": ""無視"", ""correct"": ""指定数量"", ""trap"": ""数量誤""}, {""topic"": ""設備"", ""wrong"": ""不要"", ""correct"": ""政令基準"", ""trap"": ""設備誤""}, {""topic"": ""届出"", ""wrong"": ""不要"", ""correct"": ""必要"", ""trap"": ""届出誤""}]",転送記録：譲渡・引渡しと移送の混同誤り（S39）｜乙4,転送記録（横断総合）で譲渡・引渡しと移送を同一視する典型誤り。正しい整理を表にまとめてください。数値・日程・合格基準は消防試験研究センター（https://www.shoubo-shiken.or.jp/kikenbutsu/）の試験要項で必ずご確認ください。,譲渡・引渡し≠移送;倍数・設備;品名表;試験の正誤肢に注意,同一視;倍数無視;設備不要;試験の正誤肢に注意,「譲渡・引渡しと移送は別」。,譲渡・引渡し;移送,誤りの内容は何ですか？,転送記録（横断総合）で譲渡・引渡しと移送を同一視する典型誤り。典型誤答として頻出です。乙4試験では用語集と消防法・政令の対応づけが得点の鍵になります。最新の試験要項もあわせて確認してください。賃管試験では用語集と条文の対応づけが得点の鍵になります。最新の試験要項もあわせて確認してください。,正しい理解は何ですか？,譲渡・引渡しと移送を基準・数量・設備で分けてください。乙4試験では用語集と消防法・政令の対応づけが得点の鍵になります。最新の試験要項もあわせて確認してください。賃管試験では用語集と条文の対応づけが得点の鍵になります。最新の試験要項もあわせて確認してください。,試験対策の進め方は？,誤答パターン表を作成し、過去問を反復してください。乙4試験では用語集と消防法・政令の対応づけが得点の鍵になります。最新の試験要項もあわせて確認してください。賃管試験では用語集と条文の対応づけが得点の鍵になります。最新の試験要項もあわせて確認してください。,確認先はどこですか？,消防法・政令・用語集を参照してください。乙4試験では用語集と消防法・政令の対応づけが得点の鍵になります。最新の試験要項もあわせて確認してください。賃管試験では用語集と条文の対応づけが得点の鍵になります。最新の試験要項もあわせて確認してください。
ot4-shiken-mis-s39,乙4試験：乙種危険物取扱者と丙種危険物取扱者の混同誤り（S39）,法令・制度,乙種危険物取扱者;丙種危険物取扱者,乙4試験（横断総合）で乙種危険物取扱者と丙種危険物取扱者を同一視する典型誤り。,乙種危険物取扱者と丙種危険物取扱者の混同。,"[{""topic"": ""基準"", ""wrong"": ""同一"", ""correct"": ""別基準"", ""trap"": ""基準誤""}, {""topic"": ""数量"", ""wrong"": ""無視"", ""correct"": ""指定数量"", ""trap"": ""数量誤""}, {""topic"": ""設備"", ""wrong"": ""不要"", ""correct"": ""政令基準"", ""trap"": ""設備誤""}, {""topic"": ""届出"", ""wrong"": ""不要"", ""correct"": ""必要"", ""trap"": ""届出誤""}]",乙4試験：乙種危険物取扱者と丙種危険物取扱者の混同誤り（S39）｜乙4,乙4試験（横断総合）で乙種危険物取扱者と丙種危険物取扱者を同一視する典型誤り。正しい整理を表にまとめてください。数値・日程・合格基準は消防試験研究センター（https://www.shoubo-shiken.or.jp/kikenbutsu/）の試験要項で必ずご確認ください。,乙種危険物取扱者≠丙種危険物取扱者;倍数・設備;品名表;試験の正誤肢に注意,同一視;倍数無視;設備不要;試験の正誤肢に注意,「乙種危険物取扱者と丙種危険物取扱者は別」。,乙種危険物取扱者;丙種危険物取扱者,誤りの内容は何ですか？,乙4試験（横断総合）で乙種危険物取扱者と丙種危険物取扱者を同一視する典型誤り。典型誤答として頻出です。乙4試験では用語集と消防法・政令の対応づけが得点の鍵になります。最新の試験要項もあわせて確認してください。,正しい理解は何ですか？,乙種危険物取扱者と丙種危険物取扱者を基準・数量・設備で分けてください。乙4試験では用語集と消防法・政令の対応づけが得点の鍵になります。最新の試験要項もあわせて確認してください。賃管試験では用語集と条文の対応づけが得点の鍵になります。最新の試験要項もあわせて確認してください。,試験対策の進め方は？,誤答パターン表を作成し、過去問を反復してください。乙4試験では用語集と消防法・政令の対応づけが得点の鍵になります。最新の試験要項もあわせて確認してください。賃管試験では用語集と条文の対応づけが得点の鍵になります。最新の試験要項もあわせて確認してください。,確認先はどこですか？,消防法・政令・用語集を参照してください。乙4試験では用語集と消防法・政令の対応づけが得点の鍵になります。最新の試験要項もあわせて確認してください。賃管試験では用語集と条文の対応づけが得点の鍵になります。最新の試験要項もあわせて確認してください。
kiken-hoan-mis-s40,危険物保安：危険物取扱者と危険物保安監督者の混同誤り（S40）,法令・制度,危険物取扱者;危険物保安監督者,危険物保安（基礎整理）で危険物取扱者と危険物保安監督者を同一視する典型誤り。,危険物取扱者と危険物保安監督者の混同。,"[{""topic"": ""基準"", ""wrong"": ""同一"", ""correct"": ""別基準"", ""trap"": ""基準誤""}, {""topic"": ""数量"", ""wrong"": ""無視"", ""correct"": ""指定数量"", ""trap"": ""数量誤""}, {""topic"": ""設備"", ""wrong"": ""不要"", ""correct"": ""政令基準"", ""trap"": ""設備誤""}, {""topic"": ""届出"", ""wrong"": ""不要"", ""correct"": ""必要"", ""trap"": ""届出誤""}]",危険物保安：危険物取扱者と危険物保安監督者の混同誤り（S40）｜乙4,危険物保安（基礎整理）で危険物取扱者と危険物保安監督者を同一視する典型誤り。正しい整理を表にまとめてください。数値・日程・合格基準は消防試験研究センター（https://www.shoubo-shiken.or.jp/kikenbutsu/）の試験要項で必ずご確認ください。,危険物取扱者≠危険物保安監督者;倍数・設備;品名表;試験の正誤肢に注意,同一視;倍数無視;設備不要;試験の正誤肢に注意,「危険物取扱者と危険物保安監督者は別」。,危険物取扱者;危険物保安監督者,誤りの内容は何ですか？,危険物保安（基礎整理）で危険物取扱者と危険物保安監督者を同一視する典型誤り。典型誤答として頻出です。乙4試験では用語集と消防法・政令の対応づけが得点の鍵になります。最新の試験要項もあわせて確認してください。,正しい理解は何ですか？,危険物取扱者と危険物保安監督者を基準・数量・設備で分けてください。乙4試験では用語集と消防法・政令の対応づけが得点の鍵になります。最新の試験要項もあわせて確認してください。賃管試験では用語集と条文の対応づけが得点の鍵になります。最新の試験要項もあわせて確認してください。,試験対策の進め方は？,誤答パターン表を作成し、過去問を反復してください。乙4試験では用語集と消防法・政令の対応づけが得点の鍵になります。最新の試験要項もあわせて確認してください。賃管試験では用語集と条文の対応づけが得点の鍵になります。最新の試験要項もあわせて確認してください。,確認先はどこですか？,消防法・政令・用語集を参照してください。乙4試験では用語集と消防法・政令の対応づけが得点の鍵になります。最新の試験要項もあわせて確認してください。賃管試験では用語集と条文の対応づけが得点の鍵になります。最新の試験要項もあわせて確認してください。
shobo-setsubi-mis-s40,消防設備点検：消火設備と消火活動の混同誤り（S40）,火災・消火・漏えい,消火設備;消火活動,消防設備点検（基礎整理）で消火設備と消火活動を同一視する典型誤り。,消火設備と消火活動の混同。,"[{""topic"": ""基準"", ""wrong"": ""同一"", ""correct"": ""別基準"", ""trap"": ""基準誤""}, {""topic"": ""数量"", ""wrong"": ""無視"", ""correct"": ""指定数量"", ""trap"": ""数量誤""}, {""topic"": ""設備"", ""wrong"": ""不要"", ""correct"": ""政令基準"", ""trap"": ""設備誤""}, {""topic"": ""届出"", ""wrong"": ""不要"", ""correct"": ""必要"", ""trap"": ""届出誤""}]",消防設備点検：消火設備と消火活動の混同誤り（S40）｜乙4,消防設備点検（基礎整理）で消火設備と消火活動を同一視する典型誤り。正しい整理を表にまとめてください。数値・日程・合格基準は消防試験研究センター（https://www.shoubo-shiken.or.jp/kikenbutsu/）の試験要項で必ずご確認ください。,消火設備≠消火活動;倍数・設備;品名表;試験の正誤肢に注意,同一視;倍数無視;設備不要;試験の正誤肢に注意,「消火設備と消火活動は別」。,消火設備;消火活動,誤りの内容は何ですか？,消防設備点検（基礎整理）で消火設備と消火活動を同一視する典型誤り。典型誤答として頻出です。乙4試験では用語集と消防法・政令の対応づけが得点の鍵になります。最新の試験要項もあわせて確認してください。賃管試験では用語集と条文の対応づけが得点の鍵になります。最新の試験要項もあわせて確認してください。,正しい理解は何ですか？,消火設備と消火活動を基準・数量・設備で分けてください。乙4試験では用語集と消防法・政令の対応づけが得点の鍵になります。最新の試験要項もあわせて確認してください。賃管試験では用語集と条文の対応づけが得点の鍵になります。最新の試験要項もあわせて確認してください。,試験対策の進め方は？,誤答パターン表を作成し、過去問を反復してください。乙4試験では用語集と消防法・政令の対応づけが得点の鍵になります。最新の試験要項もあわせて確認してください。賃管試験では用語集と条文の対応づけが得点の鍵になります。最新の試験要項もあわせて確認してください。,確認先はどこですか？,消防法・政令・用語集を参照してください。乙4試験では用語集と消防法・政令の対応づけが得点の鍵になります。最新の試験要項もあわせて確認してください。賃管試験では用語集と条文の対応づけが得点の鍵になります。最新の試験要項もあわせて確認してください。
shitei-suryo-santei-mis-s40,指定数量算定：指定数量と指定数量の倍数の混同誤り（S40）,法令・制度,指定数量;指定数量の倍数,指定数量算定（基礎整理）で指定数量と指定数量の倍数を同一視する典型誤り。,指定数量と指定数量の倍数の混同。,"[{""topic"": ""基準"", ""wrong"": ""同一"", ""correct"": ""別基準"", ""trap"": ""基準誤""}, {""topic"": ""数量"", ""wrong"": ""無視"", ""correct"": ""指定数量"", ""trap"": ""数量誤""}, {""topic"": ""設備"", ""wrong"": ""不要"", ""correct"": ""政令基準"", ""trap"": ""設備誤""}, {""topic"": ""届出"", ""wrong"": ""不要"", ""correct"": ""必要"", ""trap"": ""届出誤""}]",指定数量算定：指定数量と指定数量の倍数の混同誤り（S40）｜乙4,指定数量算定（基礎整理）で指定数量と指定数量の倍数を同一視する典型誤り。正しい整理を表にまとめてください。数値・日程・合格基準は消防試験研究センター（https://www.shoubo-shiken.or.jp/kikenbutsu/）の試験要項で必ずご確認ください。,指定数量≠指定数量の倍数;倍数・設備;品名表;試験の正誤肢に注意,同一視;倍数無視;設備不要;試験の正誤肢に注意,「指定数量と指定数量の倍数は別」。,指定数量;指定数量の倍数,誤りの内容は何ですか？,指定数量算定（基礎整理）で指定数量と指定数量の倍数を同一視する典型誤り。典型誤答として頻出です。乙4試験では用語集と消防法・政令の対応づけが得点の鍵になります。最新の試験要項もあわせて確認してください。,正しい理解は何ですか？,指定数量と指定数量の倍数を基準・数量・設備で分けてください。乙4試験では用語集と消防法・政令の対応づけが得点の鍵になります。最新の試験要項もあわせて確認してください。賃管試験では用語集と条文の対応づけが得点の鍵になります。最新の試験要項もあわせて確認してください。,試験対策の進め方は？,誤答パターン表を作成し、過去問を反復してください。乙4試験では用語集と消防法・政令の対応づけが得点の鍵になります。最新の試験要項もあわせて確認してください。賃管試験では用語集と条文の対応づけが得点の鍵になります。最新の試験要項もあわせて確認してください。,確認先はどこですか？,消防法・政令・用語集を参照してください。乙4試験では用語集と消防法・政令の対応づけが得点の鍵になります。最新の試験要項もあわせて確認してください。賃管試験では用語集と条文の対応づけが得点の鍵になります。最新の試験要項もあわせて確認してください。
chozo-sekkei-mis-s40,貯蔵所設計：屋外タンク貯蔵所と屋内タンク貯蔵所の基準の混同誤り（S40）,法令・制度,屋外タンク貯蔵所;屋内タンク貯蔵所の基準,貯蔵所設計（基礎整理）で屋外タンク貯蔵所と屋内タンク貯蔵所の基準を同一視する典型誤り。,屋外タンク貯蔵所と屋内タンク貯蔵所の基準の混同。,"[{""topic"": ""基準"", ""wrong"": ""同一"", ""correct"": ""別基準"", ""trap"": ""基準誤""}, {""topic"": ""数量"", ""wrong"": ""無視"", ""correct"": ""指定数量"", ""trap"": ""数量誤""}, {""topic"": ""設備"", ""wrong"": ""不要"", ""correct"": ""政令基準"", ""trap"": ""設備誤""}, {""topic"": ""届出"", ""wrong"": ""不要"", ""correct"": ""必要"", ""trap"": ""届出誤""}]",貯蔵所設計：屋外タンク貯蔵所と屋内タンク貯蔵所の基準の混同誤り（S40）｜乙4,貯蔵所設計（基礎整理）で屋外タンク貯蔵所と屋内タンク貯蔵所の基準を同一視する典型誤り。正しい整理を表にまとめてください。数値・日程・合格基準は消防試験研究センター（https://www.shoubo-shiken.or.jp/kikenbutsu/）の試験要項で必ずご確認ください。,屋外タンク貯蔵所≠屋内タンク貯蔵所の基準;倍数・設備;品名表;試験の正誤肢に注意,同一視;倍数無視;設備不要;試験の正誤肢に注意,「屋外タンク貯蔵所と屋内タンク貯蔵所の基準は別」。,屋外タンク貯蔵所;屋内タンク貯蔵所の基準,誤りの内容は何ですか？,貯蔵所設計（基礎整理）で屋外タンク貯蔵所と屋内タンク貯蔵所の基準を同一視する典型誤り。典型誤答として頻出です。乙4試験では用語集と消防法・政令の対応づけが得点の鍵になります。最新の試験要項もあわせて確認してください。,正しい理解は何ですか？,屋外タンク貯蔵所と屋内タンク貯蔵所の基準を基準・数量・設備で分けてください。乙4試験では用語集と消防法・政令の対応づけが得点の鍵になります。最新の試験要項もあわせて確認してください。賃管試験では用語集と条文の対応づけが得点の鍵になります。最新の試験要項もあわせて確認してください。,試験対策の進め方は？,誤答パターン表を作成し、過去問を反復してください。乙4試験では用語集と消防法・政令の対応づけが得点の鍵になります。最新の試験要項もあわせて確認してください。賃管試験では用語集と条文の対応づけが得点の鍵になります。最新の試験要項もあわせて確認してください。,確認先はどこですか？,消防法・政令・用語集を参照してください。乙4試験では用語集と消防法・政令の対応づけが得点の鍵になります。最新の試験要項もあわせて確認してください。賃管試験では用語集と条文の対応づけが得点の鍵になります。最新の試験要項もあわせて確認してください。
ido-toriatsukai-mis-s40,移動取扱：移動タンク貯蔵所とタンクローリーの混同誤り（S40）,法令・制度,移動タンク貯蔵所;タンクローリー,移動取扱（基礎整理）で移動タンク貯蔵所とタンクローリーを同一視する典型誤り。,移動タンク貯蔵所とタンクローリーの混同。,"[{""topic"": ""基準"", ""wrong"": ""同一"", ""correct"": ""別基準"", ""trap"": ""基準誤""}, {""topic"": ""数量"", ""wrong"": ""無視"", ""correct"": ""指定数量"", ""trap"": ""数量誤""}, {""topic"": ""設備"", ""wrong"": ""不要"", ""correct"": ""政令基準"", ""trap"": ""設備誤""}, {""topic"": ""届出"", ""wrong"": ""不要"", ""correct"": ""必要"", ""trap"": ""届出誤""}]",移動取扱：移動タンク貯蔵所とタンクローリーの混同誤り（S40）｜乙4,移動取扱（基礎整理）で移動タンク貯蔵所とタンクローリーを同一視する典型誤り。正しい整理を表にまとめてください。数値・日程・合格基準は消防試験研究センター（https://www.shoubo-shiken.or.jp/kikenbutsu/）の試験要項で必ずご確認ください。,移動タンク貯蔵所≠タンクローリー;倍数・設備;品名表;試験の正誤肢に注意,同一視;倍数無視;設備不要;試験の正誤肢に注意,「移動タンク貯蔵所とタンクローリーは別」。,移動タンク貯蔵所;タンクローリー,誤りの内容は何ですか？,移動取扱（基礎整理）で移動タンク貯蔵所とタンクローリーを同一視する典型誤り。典型誤答として頻出です。乙4試験では用語集と消防法・政令の対応づけが得点の鍵になります。最新の試験要項もあわせて確認してください。,正しい理解は何ですか？,移動タンク貯蔵所とタンクローリーを基準・数量・設備で分けてください。乙4試験では用語集と消防法・政令の対応づけが得点の鍵になります。最新の試験要項もあわせて確認してください。賃管試験では用語集と条文の対応づけが得点の鍵になります。最新の試験要項もあわせて確認してください。,試験対策の進め方は？,誤答パターン表を作成し、過去問を反復してください。乙4試験では用語集と消防法・政令の対応づけが得点の鍵になります。最新の試験要項もあわせて確認してください。賃管試験では用語集と条文の対応づけが得点の鍵になります。最新の試験要項もあわせて確認してください。,確認先はどこですか？,消防法・政令・用語集を参照してください。乙4試験では用語集と消防法・政令の対応づけが得点の鍵になります。最新の試験要項もあわせて確認してください。賃管試験では用語集と条文の対応づけが得点の鍵になります。最新の試験要項もあわせて確認してください。
yobo-kitei-mis-s40,予防規程改定：予防規程と火災予防の混同誤り（S40）,法令・制度,予防規程;火災予防,予防規程改定（基礎整理）で予防規程と火災予防を同一視する典型誤り。,予防規程と火災予防の混同。,"[{""topic"": ""基準"", ""wrong"": ""同一"", ""correct"": ""別基準"", ""trap"": ""基準誤""}, {""topic"": ""数量"", ""wrong"": ""無視"", ""correct"": ""指定数量"", ""trap"": ""数量誤""}, {""topic"": ""設備"", ""wrong"": ""不要"", ""correct"": ""政令基準"", ""trap"": ""設備誤""}, {""topic"": ""届出"", ""wrong"": ""不要"", ""correct"": ""必要"", ""trap"": ""届出誤""}]",予防規程改定：予防規程と火災予防の混同誤り（S40）｜乙4,予防規程改定（基礎整理）で予防規程と火災予防を同一視する典型誤り。正しい整理を表にまとめてください。数値・日程・合格基準は消防試験研究センター（https://www.shoubo-shiken.or.jp/kikenbutsu/）の試験要項で必ずご確認ください。,予防規程≠火災予防;倍数・設備;品名表;試験の正誤肢に注意,同一視;倍数無視;設備不要;試験の正誤肢に注意,「予防規程と火災予防は別」。,予防規程;火災予防,誤りの内容は何ですか？,予防規程改定（基礎整理）で予防規程と火災予防を同一視する典型誤り。典型誤答として頻出です。乙4試験では用語集と消防法・政令の対応づけが得点の鍵になります。最新の試験要項もあわせて確認してください。賃管試験では用語集と条文の対応づけが得点の鍵になります。最新の試験要項もあわせて確認してください。,正しい理解は何ですか？,予防規程と火災予防を基準・数量・設備で分けてください。乙4試験では用語集と消防法・政令の対応づけが得点の鍵になります。最新の試験要項もあわせて確認してください。賃管試験では用語集と条文の対応づけが得点の鍵になります。最新の試験要項もあわせて確認してください。,試験対策の進め方は？,誤答パターン表を作成し、過去問を反復してください。乙4試験では用語集と消防法・政令の対応づけが得点の鍵になります。最新の試験要項もあわせて確認してください。賃管試験では用語集と条文の対応づけが得点の鍵になります。最新の試験要項もあわせて確認してください。,確認先はどこですか？,消防法・政令・用語集を参照してください。乙4試験では用語集と消防法・政令の対応づけが得点の鍵になります。最新の試験要項もあわせて確認してください。賃管試験では用語集と条文の対応づけが得点の鍵になります。最新の試験要項もあわせて確認してください。
shoka-kunren-mis-s40,消火訓練：自衛消防組織と消火活動の混同誤り（S40）,火災・消火・漏えい,自衛消防組織;消火活動,消火訓練（基礎整理）で自衛消防組織と消火活動を同一視する典型誤り。,自衛消防組織と消火活動の混同。,"[{""topic"": ""基準"", ""wrong"": ""同一"", ""correct"": ""別基準"", ""trap"": ""基準誤""}, {""topic"": ""数量"", ""wrong"": ""無視"", ""correct"": ""指定数量"", ""trap"": ""数量誤""}, {""topic"": ""設備"", ""wrong"": ""不要"", ""correct"": ""政令基準"", ""trap"": ""設備誤""}, {""topic"": ""届出"", ""wrong"": ""不要"", ""correct"": ""必要"", ""trap"": ""届出誤""}]",消火訓練：自衛消防組織と消火活動の混同誤り（S40）｜乙4,消火訓練（基礎整理）で自衛消防組織と消火活動を同一視する典型誤り。正しい整理を表にまとめてください。数値・日程・合格基準は消防試験研究センター（https://www.shoubo-shiken.or.jp/kikenbutsu/）の試験要項で必ずご確認ください。,自衛消防組織≠消火活動;倍数・設備;品名表;試験の正誤肢に注意,同一視;倍数無視;設備不要;試験の正誤肢に注意,「自衛消防組織と消火活動は別」。,自衛消防組織;消火活動,誤りの内容は何ですか？,消火訓練（基礎整理）で自衛消防組織と消火活動を同一視する典型誤り。典型誤答として頻出です。乙4試験では用語集と消防法・政令の対応づけが得点の鍵になります。最新の試験要項もあわせて確認してください。賃管試験では用語集と条文の対応づけが得点の鍵になります。最新の試験要項もあわせて確認してください。,正しい理解は何ですか？,自衛消防組織と消火活動を基準・数量・設備で分けてください。乙4試験では用語集と消防法・政令の対応づけが得点の鍵になります。最新の試験要項もあわせて確認してください。賃管試験では用語集と条文の対応づけが得点の鍵になります。最新の試験要項もあわせて確認してください。,試験対策の進め方は？,誤答パターン表を作成し、過去問を反復してください。乙4試験では用語集と消防法・政令の対応づけが得点の鍵になります。最新の試験要項もあわせて確認してください。賃管試験では用語集と条文の対応づけが得点の鍵になります。最新の試験要項もあわせて確認してください。,確認先はどこですか？,消防法・政令・用語集を参照してください。乙4試験では用語集と消防法・政令の対応づけが得点の鍵になります。最新の試験要項もあわせて確認してください。賃管試験では用語集と条文の対応づけが得点の鍵になります。最新の試験要項もあわせて確認してください。
tank-kensa-mis-s40,タンク検査：タンクローリーと移動タンク貯蔵所の混同誤り（S40）,法令・制度,タンクローリー;移動タンク貯蔵所,タンク検査（基礎整理）でタンクローリーと移動タンク貯蔵所を同一視する典型誤り。,タンクローリーと移動タンク貯蔵所の混同。,"[{""topic"": ""基準"", ""wrong"": ""同一"", ""correct"": ""別基準"", ""trap"": ""基準誤""}, {""topic"": ""数量"", ""wrong"": ""無視"", ""correct"": ""指定数量"", ""trap"": ""数量誤""}, {""topic"": ""設備"", ""wrong"": ""不要"", ""correct"": ""政令基準"", ""trap"": ""設備誤""}, {""topic"": ""届出"", ""wrong"": ""不要"", ""correct"": ""必要"", ""trap"": ""届出誤""}]",タンク検査：タンクローリーと移動タンク貯蔵所の混同誤り（S40）｜乙4,タンク検査（基礎整理）でタンクローリーと移動タンク貯蔵所を同一視する典型誤り。正しい整理を表にまとめてください。数値・日程・合格基準は消防試験研究センター（https://www.shoubo-shiken.or.jp/kikenbutsu/）の試験要項で必ずご確認ください。,タンクローリー≠移動タンク貯蔵所;倍数・設備;品名表;試験の正誤肢に注意,同一視;倍数無視;設備不要;試験の正誤肢に注意,「タンクローリーと移動タンク貯蔵所は別」。,タンクローリー;移動タンク貯蔵所,誤りの内容は何ですか？,タンク検査（基礎整理）でタンクローリーと移動タンク貯蔵所を同一視する典型誤り。典型誤答として頻出です。乙4試験では用語集と消防法・政令の対応づけが得点の鍵になります。最新の試験要項もあわせて確認してください。,正しい理解は何ですか？,タンクローリーと移動タンク貯蔵所を基準・数量・設備で分けてください。乙4試験では用語集と消防法・政令の対応づけが得点の鍵になります。最新の試験要項もあわせて確認してください。賃管試験では用語集と条文の対応づけが得点の鍵になります。最新の試験要項もあわせて確認してください。,試験対策の進め方は？,誤答パターン表を作成し、過去問を反復してください。乙4試験では用語集と消防法・政令の対応づけが得点の鍵になります。最新の試験要項もあわせて確認してください。賃管試験では用語集と条文の対応づけが得点の鍵になります。最新の試験要項もあわせて確認してください。,確認先はどこですか？,消防法・政令・用語集を参照してください。乙4試験では用語集と消防法・政令の対応づけが得点の鍵になります。最新の試験要項もあわせて確認してください。賃管試験では用語集と条文の対応づけが得点の鍵になります。最新の試験要項もあわせて確認してください。
tensou-kiroku-mis-s40,転送記録保存：譲渡・引渡しと移送の混同誤り（S40）,法令・制度,譲渡・引渡し;移送,転送記録保存（基礎整理）で譲渡・引渡しと移送を同一視する典型誤り。,譲渡・引渡しと移送の混同。,"[{""topic"": ""基準"", ""wrong"": ""同一"", ""correct"": ""別基準"", ""trap"": ""基準誤""}, {""topic"": ""数量"", ""wrong"": ""無視"", ""correct"": ""指定数量"", ""trap"": ""数量誤""}, {""topic"": ""設備"", ""wrong"": ""不要"", ""correct"": ""政令基準"", ""trap"": ""設備誤""}, {""topic"": ""届出"", ""wrong"": ""不要"", ""correct"": ""必要"", ""trap"": ""届出誤""}]",転送記録保存：譲渡・引渡しと移送の混同誤り（S40）｜乙4,転送記録保存（基礎整理）で譲渡・引渡しと移送を同一視する典型誤り。正しい整理を表にまとめてください。数値・日程・合格基準は消防試験研究センター（https://www.shoubo-shiken.or.jp/kikenbutsu/）の試験要項で必ずご確認ください。,譲渡・引渡し≠移送;倍数・設備;品名表;試験の正誤肢に注意,同一視;倍数無視;設備不要;試験の正誤肢に注意,「譲渡・引渡しと移送は別」。,譲渡・引渡し;移送,誤りの内容は何ですか？,転送記録保存（基礎整理）で譲渡・引渡しと移送を同一視する典型誤り。典型誤答として頻出です。乙4試験では用語集と消防法・政令の対応づけが得点の鍵になります。最新の試験要項もあわせて確認してください。賃管試験では用語集と条文の対応づけが得点の鍵になります。最新の試験要項もあわせて確認してください。,正しい理解は何ですか？,譲渡・引渡しと移送を基準・数量・設備で分けてください。乙4試験では用語集と消防法・政令の対応づけが得点の鍵になります。最新の試験要項もあわせて確認してください。賃管試験では用語集と条文の対応づけが得点の鍵になります。最新の試験要項もあわせて確認してください。,試験対策の進め方は？,誤答パターン表を作成し、過去問を反復してください。乙4試験では用語集と消防法・政令の対応づけが得点の鍵になります。最新の試験要項もあわせて確認してください。賃管試験では用語集と条文の対応づけが得点の鍵になります。最新の試験要項もあわせて確認してください。,確認先はどこですか？,消防法・政令・用語集を参照してください。乙4試験では用語集と消防法・政令の対応づけが得点の鍵になります。最新の試験要項もあわせて確認してください。賃管試験では用語集と条文の対応づけが得点の鍵になります。最新の試験要項もあわせて確認してください。
ot4-chokuzen-mis-s40,乙4直前：乙種危険物取扱者と丙種危険物取扱者の混同誤り（S40）,法令・制度,乙種危険物取扱者;丙種危険物取扱者,乙4直前（基礎整理）で乙種危険物取扱者と丙種危険物取扱者を同一視する典型誤り。,乙種危険物取扱者と丙種危険物取扱者の混同。,"[{""topic"": ""基準"", ""wrong"": ""同一"", ""correct"": ""別基準"", ""trap"": ""基準誤""}, {""topic"": ""数量"", ""wrong"": ""無視"", ""correct"": ""指定数量"", ""trap"": ""数量誤""}, {""topic"": ""設備"", ""wrong"": ""不要"", ""correct"": ""政令基準"", ""trap"": ""設備誤""}, {""topic"": ""届出"", ""wrong"": ""不要"", ""correct"": ""必要"", ""trap"": ""届出誤""}]",乙4直前：乙種危険物取扱者と丙種危険物取扱者の混同誤り（S40）｜乙4,乙4直前（基礎整理）で乙種危険物取扱者と丙種危険物取扱者を同一視する典型誤り。正しい整理を表にまとめてください。数値・日程・合格基準は消防試験研究センター（https://www.shoubo-shiken.or.jp/kikenbutsu/）の試験要項で必ずご確認ください。,乙種危険物取扱者≠丙種危険物取扱者;倍数・設備;品名表;試験の正誤肢に注意,同一視;倍数無視;設備不要;試験の正誤肢に注意,「乙種危険物取扱者と丙種危険物取扱者は別」。,乙種危険物取扱者;丙種危険物取扱者,誤りの内容は何ですか？,乙4直前（基礎整理）で乙種危険物取扱者と丙種危険物取扱者を同一視する典型誤り。典型誤答として頻出です。乙4試験では用語集と消防法・政令の対応づけが得点の鍵になります。最新の試験要項もあわせて確認してください。,正しい理解は何ですか？,乙種危険物取扱者と丙種危険物取扱者を基準・数量・設備で分けてください。乙4試験では用語集と消防法・政令の対応づけが得点の鍵になります。最新の試験要項もあわせて確認してください。賃管試験では用語集と条文の対応づけが得点の鍵になります。最新の試験要項もあわせて確認してください。,試験対策の進め方は？,誤答パターン表を作成し、過去問を反復してください。乙4試験では用語集と消防法・政令の対応づけが得点の鍵になります。最新の試験要項もあわせて確認してください。賃管試験では用語集と条文の対応づけが得点の鍵になります。最新の試験要項もあわせて確認してください。,確認先はどこですか？,消防法・政令・用語集を参照してください。乙4試験では用語集と消防法・政令の対応づけが得点の鍵になります。最新の試験要項もあわせて確認してください。賃管試験では用語集と条文の対応づけが得点の鍵になります。最新の試験要項もあわせて確認してください。
kiken-hoan-mis-s41,危険物保安：危険物取扱者と危険物保安監督者の混同誤り（S41）,法令・制度,危険物取扱者;危険物保安監督者,危険物保安（実務連動）で危険物取扱者と危険物保安監督者を同一視する典型誤り。,危険物取扱者と危険物保安監督者の混同。,"[{""topic"": ""基準"", ""wrong"": ""同一"", ""correct"": ""別基準"", ""trap"": ""基準誤""}, {""topic"": ""数量"", ""wrong"": ""無視"", ""correct"": ""指定数量"", ""trap"": ""数量誤""}, {""topic"": ""設備"", ""wrong"": ""不要"", ""correct"": ""政令基準"", ""trap"": ""設備誤""}, {""topic"": ""届出"", ""wrong"": ""不要"", ""correct"": ""必要"", ""trap"": ""届出誤""}]",危険物保安：危険物取扱者と危険物保安監督者の混同誤り（S41）｜乙4,危険物保安（実務連動）で危険物取扱者と危険物保安監督者を同一視する典型誤り。正しい整理を表にまとめてください。数値・日程・合格基準は消防試験研究センター（https://www.shoubo-shiken.or.jp/kikenbutsu/）の試験要項で必ずご確認ください。,危険物取扱者≠危険物保安監督者;倍数・設備;品名表;試験の正誤肢に注意,同一視;倍数無視;設備不要;試験の正誤肢に注意,「危険物取扱者と危険物保安監督者は別」。,危険物取扱者;危険物保安監督者,誤りの内容は何ですか？,危険物保安（実務連動）で危険物取扱者と危険物保安監督者を同一視する典型誤り。典型誤答として頻出です。乙4試験では用語集と消防法・政令の対応づけが得点の鍵になります。最新の試験要項もあわせて確認してください。,正しい理解は何ですか？,危険物取扱者と危険物保安監督者を基準・数量・設備で分けてください。乙4試験では用語集と消防法・政令の対応づけが得点の鍵になります。最新の試験要項もあわせて確認してください。賃管試験では用語集と条文の対応づけが得点の鍵になります。最新の試験要項もあわせて確認してください。,試験対策の進め方は？,誤答パターン表を作成し、過去問を反復してください。乙4試験では用語集と消防法・政令の対応づけが得点の鍵になります。最新の試験要項もあわせて確認してください。賃管試験では用語集と条文の対応づけが得点の鍵になります。最新の試験要項もあわせて確認してください。,確認先はどこですか？,消防法・政令・用語集を参照してください。乙4試験では用語集と消防法・政令の対応づけが得点の鍵になります。最新の試験要項もあわせて確認してください。賃管試験では用語集と条文の対応づけが得点の鍵になります。最新の試験要項もあわせて確認してください。
shobo-setsubi-mis-s41,消防設備点検：消火設備と消火活動の混同誤り（S41）,火災・消火・漏えい,消火設備;消火活動,消防設備点検（実務連動）で消火設備と消火活動を同一視する典型誤り。,消火設備と消火活動の混同。,"[{""topic"": ""基準"", ""wrong"": ""同一"", ""correct"": ""別基準"", ""trap"": ""基準誤""}, {""topic"": ""数量"", ""wrong"": ""無視"", ""correct"": ""指定数量"", ""trap"": ""数量誤""}, {""topic"": ""設備"", ""wrong"": ""不要"", ""correct"": ""政令基準"", ""trap"": ""設備誤""}, {""topic"": ""届出"", ""wrong"": ""不要"", ""correct"": ""必要"", ""trap"": ""届出誤""}]",消防設備点検：消火設備と消火活動の混同誤り（S41）｜乙4,消防設備点検（実務連動）で消火設備と消火活動を同一視する典型誤り。正しい整理を表にまとめてください。数値・日程・合格基準は消防試験研究センター（https://www.shoubo-shiken.or.jp/kikenbutsu/）の試験要項で必ずご確認ください。,消火設備≠消火活動;倍数・設備;品名表;試験の正誤肢に注意,同一視;倍数無視;設備不要;試験の正誤肢に注意,「消火設備と消火活動は別」。,消火設備;消火活動,誤りの内容は何ですか？,消防設備点検（実務連動）で消火設備と消火活動を同一視する典型誤り。典型誤答として頻出です。乙4試験では用語集と消防法・政令の対応づけが得点の鍵になります。最新の試験要項もあわせて確認してください。賃管試験では用語集と条文の対応づけが得点の鍵になります。最新の試験要項もあわせて確認してください。,正しい理解は何ですか？,消火設備と消火活動を基準・数量・設備で分けてください。乙4試験では用語集と消防法・政令の対応づけが得点の鍵になります。最新の試験要項もあわせて確認してください。賃管試験では用語集と条文の対応づけが得点の鍵になります。最新の試験要項もあわせて確認してください。,試験対策の進め方は？,誤答パターン表を作成し、過去問を反復してください。乙4試験では用語集と消防法・政令の対応づけが得点の鍵になります。最新の試験要項もあわせて確認してください。賃管試験では用語集と条文の対応づけが得点の鍵になります。最新の試験要項もあわせて確認してください。,確認先はどこですか？,消防法・政令・用語集を参照してください。乙4試験では用語集と消防法・政令の対応づけが得点の鍵になります。最新の試験要項もあわせて確認してください。賃管試験では用語集と条文の対応づけが得点の鍵になります。最新の試験要項もあわせて確認してください。
shitei-suryo-santei-mis-s41,指定数量算定：指定数量と指定数量の倍数の混同誤り（S41）,法令・制度,指定数量;指定数量の倍数,指定数量算定（実務連動）で指定数量と指定数量の倍数を同一視する典型誤り。,指定数量と指定数量の倍数の混同。,"[{""topic"": ""基準"", ""wrong"": ""同一"", ""correct"": ""別基準"", ""trap"": ""基準誤""}, {""topic"": ""数量"", ""wrong"": ""無視"", ""correct"": ""指定数量"", ""trap"": ""数量誤""}, {""topic"": ""設備"", ""wrong"": ""不要"", ""correct"": ""政令基準"", ""trap"": ""設備誤""}, {""topic"": ""届出"", ""wrong"": ""不要"", ""correct"": ""必要"", ""trap"": ""届出誤""}]",指定数量算定：指定数量と指定数量の倍数の混同誤り（S41）｜乙4,指定数量算定（実務連動）で指定数量と指定数量の倍数を同一視する典型誤り。正しい整理を表にまとめてください。数値・日程・合格基準は消防試験研究センター（https://www.shoubo-shiken.or.jp/kikenbutsu/）の試験要項で必ずご確認ください。,指定数量≠指定数量の倍数;倍数・設備;品名表;試験の正誤肢に注意,同一視;倍数無視;設備不要;試験の正誤肢に注意,「指定数量と指定数量の倍数は別」。,指定数量;指定数量の倍数,誤りの内容は何ですか？,指定数量算定（実務連動）で指定数量と指定数量の倍数を同一視する典型誤り。典型誤答として頻出です。乙4試験では用語集と消防法・政令の対応づけが得点の鍵になります。最新の試験要項もあわせて確認してください。,正しい理解は何ですか？,指定数量と指定数量の倍数を基準・数量・設備で分けてください。乙4試験では用語集と消防法・政令の対応づけが得点の鍵になります。最新の試験要項もあわせて確認してください。賃管試験では用語集と条文の対応づけが得点の鍵になります。最新の試験要項もあわせて確認してください。,試験対策の進め方は？,誤答パターン表を作成し、過去問を反復してください。乙4試験では用語集と消防法・政令の対応づけが得点の鍵になります。最新の試験要項もあわせて確認してください。賃管試験では用語集と条文の対応づけが得点の鍵になります。最新の試験要項もあわせて確認してください。,確認先はどこですか？,消防法・政令・用語集を参照してください。乙4試験では用語集と消防法・政令の対応づけが得点の鍵になります。最新の試験要項もあわせて確認してください。賃管試験では用語集と条文の対応づけが得点の鍵になります。最新の試験要項もあわせて確認してください。
chozo-sekkei-mis-s41,貯蔵所設計：屋外タンク貯蔵所と屋内タンク貯蔵所の基準の混同誤り（S41）,法令・制度,屋外タンク貯蔵所;屋内タンク貯蔵所の基準,貯蔵所設計（実務連動）で屋外タンク貯蔵所と屋内タンク貯蔵所の基準を同一視する典型誤り。,屋外タンク貯蔵所と屋内タンク貯蔵所の基準の混同。,"[{""topic"": ""基準"", ""wrong"": ""同一"", ""correct"": ""別基準"", ""trap"": ""基準誤""}, {""topic"": ""数量"", ""wrong"": ""無視"", ""correct"": ""指定数量"", ""trap"": ""数量誤""}, {""topic"": ""設備"", ""wrong"": ""不要"", ""correct"": ""政令基準"", ""trap"": ""設備誤""}, {""topic"": ""届出"", ""wrong"": ""不要"", ""correct"": ""必要"", ""trap"": ""届出誤""}]",貯蔵所設計：屋外タンク貯蔵所と屋内タンク貯蔵所の基準の混同誤り（S41）｜乙4,貯蔵所設計（実務連動）で屋外タンク貯蔵所と屋内タンク貯蔵所の基準を同一視する典型誤り。正しい整理を表にまとめてください。数値・日程・合格基準は消防試験研究センター（https://www.shoubo-shiken.or.jp/kikenbutsu/）の試験要項で必ずご確認ください。,屋外タンク貯蔵所≠屋内タンク貯蔵所の基準;倍数・設備;品名表;試験の正誤肢に注意,同一視;倍数無視;設備不要;試験の正誤肢に注意,「屋外タンク貯蔵所と屋内タンク貯蔵所の基準は別」。,屋外タンク貯蔵所;屋内タンク貯蔵所の基準,誤りの内容は何ですか？,貯蔵所設計（実務連動）で屋外タンク貯蔵所と屋内タンク貯蔵所の基準を同一視する典型誤り。典型誤答として頻出です。乙4試験では用語集と消防法・政令の対応づけが得点の鍵になります。最新の試験要項もあわせて確認してください。,正しい理解は何ですか？,屋外タンク貯蔵所と屋内タンク貯蔵所の基準を基準・数量・設備で分けてください。乙4試験では用語集と消防法・政令の対応づけが得点の鍵になります。最新の試験要項もあわせて確認してください。賃管試験では用語集と条文の対応づけが得点の鍵になります。最新の試験要項もあわせて確認してください。,試験対策の進め方は？,誤答パターン表を作成し、過去問を反復してください。乙4試験では用語集と消防法・政令の対応づけが得点の鍵になります。最新の試験要項もあわせて確認してください。賃管試験では用語集と条文の対応づけが得点の鍵になります。最新の試験要項もあわせて確認してください。,確認先はどこですか？,消防法・政令・用語集を参照してください。乙4試験では用語集と消防法・政令の対応づけが得点の鍵になります。最新の試験要項もあわせて確認してください。賃管試験では用語集と条文の対応づけが得点の鍵になります。最新の試験要項もあわせて確認してください。
ido-toriatsukai-mis-s41,移動取扱：移動タンク貯蔵所とタンクローリーの混同誤り（S41）,法令・制度,移動タンク貯蔵所;タンクローリー,移動取扱（実務連動）で移動タンク貯蔵所とタンクローリーを同一視する典型誤り。,移動タンク貯蔵所とタンクローリーの混同。,"[{""topic"": ""基準"", ""wrong"": ""同一"", ""correct"": ""別基準"", ""trap"": ""基準誤""}, {""topic"": ""数量"", ""wrong"": ""無視"", ""correct"": ""指定数量"", ""trap"": ""数量誤""}, {""topic"": ""設備"", ""wrong"": ""不要"", ""correct"": ""政令基準"", ""trap"": ""設備誤""}, {""topic"": ""届出"", ""wrong"": ""不要"", ""correct"": ""必要"", ""trap"": ""届出誤""}]",移動取扱：移動タンク貯蔵所とタンクローリーの混同誤り（S41）｜乙4,移動取扱（実務連動）で移動タンク貯蔵所とタンクローリーを同一視する典型誤り。正しい整理を表にまとめてください。数値・日程・合格基準は消防試験研究センター（https://www.shoubo-shiken.or.jp/kikenbutsu/）の試験要項で必ずご確認ください。,移動タンク貯蔵所≠タンクローリー;倍数・設備;品名表;試験の正誤肢に注意,同一視;倍数無視;設備不要;試験の正誤肢に注意,「移動タンク貯蔵所とタンクローリーは別」。,移動タンク貯蔵所;タンクローリー,誤りの内容は何ですか？,移動取扱（実務連動）で移動タンク貯蔵所とタンクローリーを同一視する典型誤り。典型誤答として頻出です。乙4試験では用語集と消防法・政令の対応づけが得点の鍵になります。最新の試験要項もあわせて確認してください。,正しい理解は何ですか？,移動タンク貯蔵所とタンクローリーを基準・数量・設備で分けてください。乙4試験では用語集と消防法・政令の対応づけが得点の鍵になります。最新の試験要項もあわせて確認してください。賃管試験では用語集と条文の対応づけが得点の鍵になります。最新の試験要項もあわせて確認してください。,試験対策の進め方は？,誤答パターン表を作成し、過去問を反復してください。乙4試験では用語集と消防法・政令の対応づけが得点の鍵になります。最新の試験要項もあわせて確認してください。賃管試験では用語集と条文の対応づけが得点の鍵になります。最新の試験要項もあわせて確認してください。,確認先はどこですか？,消防法・政令・用語集を参照してください。乙4試験では用語集と消防法・政令の対応づけが得点の鍵になります。最新の試験要項もあわせて確認してください。賃管試験では用語集と条文の対応づけが得点の鍵になります。最新の試験要項もあわせて確認してください。
yobo-kitei-mis-s41,予防規程改定：予防規程と火災予防の混同誤り（S41）,法令・制度,予防規程;火災予防,予防規程改定（実務連動）で予防規程と火災予防を同一視する典型誤り。,予防規程と火災予防の混同。,"[{""topic"": ""基準"", ""wrong"": ""同一"", ""correct"": ""別基準"", ""trap"": ""基準誤""}, {""topic"": ""数量"", ""wrong"": ""無視"", ""correct"": ""指定数量"", ""trap"": ""数量誤""}, {""topic"": ""設備"", ""wrong"": ""不要"", ""correct"": ""政令基準"", ""trap"": ""設備誤""}, {""topic"": ""届出"", ""wrong"": ""不要"", ""correct"": ""必要"", ""trap"": ""届出誤""}]",予防規程改定：予防規程と火災予防の混同誤り（S41）｜乙4,予防規程改定（実務連動）で予防規程と火災予防を同一視する典型誤り。正しい整理を表にまとめてください。数値・日程・合格基準は消防試験研究センター（https://www.shoubo-shiken.or.jp/kikenbutsu/）の試験要項で必ずご確認ください。,予防規程≠火災予防;倍数・設備;品名表;試験の正誤肢に注意,同一視;倍数無視;設備不要;試験の正誤肢に注意,「予防規程と火災予防は別」。,予防規程;火災予防,誤りの内容は何ですか？,予防規程改定（実務連動）で予防規程と火災予防を同一視する典型誤り。典型誤答として頻出です。乙4試験では用語集と消防法・政令の対応づけが得点の鍵になります。最新の試験要項もあわせて確認してください。賃管試験では用語集と条文の対応づけが得点の鍵になります。最新の試験要項もあわせて確認してください。,正しい理解は何ですか？,予防規程と火災予防を基準・数量・設備で分けてください。乙4試験では用語集と消防法・政令の対応づけが得点の鍵になります。最新の試験要項もあわせて確認してください。賃管試験では用語集と条文の対応づけが得点の鍵になります。最新の試験要項もあわせて確認してください。,試験対策の進め方は？,誤答パターン表を作成し、過去問を反復してください。乙4試験では用語集と消防法・政令の対応づけが得点の鍵になります。最新の試験要項もあわせて確認してください。賃管試験では用語集と条文の対応づけが得点の鍵になります。最新の試験要項もあわせて確認してください。,確認先はどこですか？,消防法・政令・用語集を参照してください。乙4試験では用語集と消防法・政令の対応づけが得点の鍵になります。最新の試験要項もあわせて確認してください。賃管試験では用語集と条文の対応づけが得点の鍵になります。最新の試験要項もあわせて確認してください。
shoka-kunren-mis-s41,消火訓練：自衛消防組織と消火活動の混同誤り（S41）,火災・消火・漏えい,自衛消防組織;消火活動,消火訓練（実務連動）で自衛消防組織と消火活動を同一視する典型誤り。,自衛消防組織と消火活動の混同。,"[{""topic"": ""基準"", ""wrong"": ""同一"", ""correct"": ""別基準"", ""trap"": ""基準誤""}, {""topic"": ""数量"", ""wrong"": ""無視"", ""correct"": ""指定数量"", ""trap"": ""数量誤""}, {""topic"": ""設備"", ""wrong"": ""不要"", ""correct"": ""政令基準"", ""trap"": ""設備誤""}, {""topic"": ""届出"", ""wrong"": ""不要"", ""correct"": ""必要"", ""trap"": ""届出誤""}]",消火訓練：自衛消防組織と消火活動の混同誤り（S41）｜乙4,消火訓練（実務連動）で自衛消防組織と消火活動を同一視する典型誤り。正しい整理を表にまとめてください。数値・日程・合格基準は消防試験研究センター（https://www.shoubo-shiken.or.jp/kikenbutsu/）の試験要項で必ずご確認ください。,自衛消防組織≠消火活動;倍数・設備;品名表;試験の正誤肢に注意,同一視;倍数無視;設備不要;試験の正誤肢に注意,「自衛消防組織と消火活動は別」。,自衛消防組織;消火活動,誤りの内容は何ですか？,消火訓練（実務連動）で自衛消防組織と消火活動を同一視する典型誤り。典型誤答として頻出です。乙4試験では用語集と消防法・政令の対応づけが得点の鍵になります。最新の試験要項もあわせて確認してください。賃管試験では用語集と条文の対応づけが得点の鍵になります。最新の試験要項もあわせて確認してください。,正しい理解は何ですか？,自衛消防組織と消火活動を基準・数量・設備で分けてください。乙4試験では用語集と消防法・政令の対応づけが得点の鍵になります。最新の試験要項もあわせて確認してください。賃管試験では用語集と条文の対応づけが得点の鍵になります。最新の試験要項もあわせて確認してください。,試験対策の進め方は？,誤答パターン表を作成し、過去問を反復してください。乙4試験では用語集と消防法・政令の対応づけが得点の鍵になります。最新の試験要項もあわせて確認してください。賃管試験では用語集と条文の対応づけが得点の鍵になります。最新の試験要項もあわせて確認してください。,確認先はどこですか？,消防法・政令・用語集を参照してください。乙4試験では用語集と消防法・政令の対応づけが得点の鍵になります。最新の試験要項もあわせて確認してください。賃管試験では用語集と条文の対応づけが得点の鍵になります。最新の試験要項もあわせて確認してください。
tank-kensa-mis-s41,タンク検査：タンクローリーと移動タンク貯蔵所の混同誤り（S41）,法令・制度,タンクローリー;移動タンク貯蔵所,タンク検査（実務連動）でタンクローリーと移動タンク貯蔵所を同一視する典型誤り。,タンクローリーと移動タンク貯蔵所の混同。,"[{""topic"": ""基準"", ""wrong"": ""同一"", ""correct"": ""別基準"", ""trap"": ""基準誤""}, {""topic"": ""数量"", ""wrong"": ""無視"", ""correct"": ""指定数量"", ""trap"": ""数量誤""}, {""topic"": ""設備"", ""wrong"": ""不要"", ""correct"": ""政令基準"", ""trap"": ""設備誤""}, {""topic"": ""届出"", ""wrong"": ""不要"", ""correct"": ""必要"", ""trap"": ""届出誤""}]",タンク検査：タンクローリーと移動タンク貯蔵所の混同誤り（S41）｜乙4,タンク検査（実務連動）でタンクローリーと移動タンク貯蔵所を同一視する典型誤り。正しい整理を表にまとめてください。数値・日程・合格基準は消防試験研究センター（https://www.shoubo-shiken.or.jp/kikenbutsu/）の試験要項で必ずご確認ください。,タンクローリー≠移動タンク貯蔵所;倍数・設備;品名表;試験の正誤肢に注意,同一視;倍数無視;設備不要;試験の正誤肢に注意,「タンクローリーと移動タンク貯蔵所は別」。,タンクローリー;移動タンク貯蔵所,誤りの内容は何ですか？,タンク検査（実務連動）でタンクローリーと移動タンク貯蔵所を同一視する典型誤り。典型誤答として頻出です。乙4試験では用語集と消防法・政令の対応づけが得点の鍵になります。最新の試験要項もあわせて確認してください。,正しい理解は何ですか？,タンクローリーと移動タンク貯蔵所を基準・数量・設備で分けてください。乙4試験では用語集と消防法・政令の対応づけが得点の鍵になります。最新の試験要項もあわせて確認してください。賃管試験では用語集と条文の対応づけが得点の鍵になります。最新の試験要項もあわせて確認してください。,試験対策の進め方は？,誤答パターン表を作成し、過去問を反復してください。乙4試験では用語集と消防法・政令の対応づけが得点の鍵になります。最新の試験要項もあわせて確認してください。賃管試験では用語集と条文の対応づけが得点の鍵になります。最新の試験要項もあわせて確認してください。,確認先はどこですか？,消防法・政令・用語集を参照してください。乙4試験では用語集と消防法・政令の対応づけが得点の鍵になります。最新の試験要項もあわせて確認してください。賃管試験では用語集と条文の対応づけが得点の鍵になります。最新の試験要項もあわせて確認してください。
tensou-kiroku-mis-s41,転送記録保存：譲渡・引渡しと移送の混同誤り（S41）,法令・制度,譲渡・引渡し;移送,転送記録保存（実務連動）で譲渡・引渡しと移送を同一視する典型誤り。,譲渡・引渡しと移送の混同。,"[{""topic"": ""基準"", ""wrong"": ""同一"", ""correct"": ""別基準"", ""trap"": ""基準誤""}, {""topic"": ""数量"", ""wrong"": ""無視"", ""correct"": ""指定数量"", ""trap"": ""数量誤""}, {""topic"": ""設備"", ""wrong"": ""不要"", ""correct"": ""政令基準"", ""trap"": ""設備誤""}, {""topic"": ""届出"", ""wrong"": ""不要"", ""correct"": ""必要"", ""trap"": ""届出誤""}]",転送記録保存：譲渡・引渡しと移送の混同誤り（S41）｜乙4,転送記録保存（実務連動）で譲渡・引渡しと移送を同一視する典型誤り。正しい整理を表にまとめてください。数値・日程・合格基準は消防試験研究センター（https://www.shoubo-shiken.or.jp/kikenbutsu/）の試験要項で必ずご確認ください。,譲渡・引渡し≠移送;倍数・設備;品名表;試験の正誤肢に注意,同一視;倍数無視;設備不要;試験の正誤肢に注意,「譲渡・引渡しと移送は別」。,譲渡・引渡し;移送,誤りの内容は何ですか？,転送記録保存（実務連動）で譲渡・引渡しと移送を同一視する典型誤り。典型誤答として頻出です。乙4試験では用語集と消防法・政令の対応づけが得点の鍵になります。最新の試験要項もあわせて確認してください。賃管試験では用語集と条文の対応づけが得点の鍵になります。最新の試験要項もあわせて確認してください。,正しい理解は何ですか？,譲渡・引渡しと移送を基準・数量・設備で分けてください。乙4試験では用語集と消防法・政令の対応づけが得点の鍵になります。最新の試験要項もあわせて確認してください。賃管試験では用語集と条文の対応づけが得点の鍵になります。最新の試験要項もあわせて確認してください。,試験対策の進め方は？,誤答パターン表を作成し、過去問を反復してください。乙4試験では用語集と消防法・政令の対応づけが得点の鍵になります。最新の試験要項もあわせて確認してください。賃管試験では用語集と条文の対応づけが得点の鍵になります。最新の試験要項もあわせて確認してください。,確認先はどこですか？,消防法・政令・用語集を参照してください。乙4試験では用語集と消防法・政令の対応づけが得点の鍵になります。最新の試験要項もあわせて確認してください。賃管試験では用語集と条文の対応づけが得点の鍵になります。最新の試験要項もあわせて確認してください。
ot4-chokuzen-mis-s41,乙4直前：乙種危険物取扱者と丙種危険物取扱者の混同誤り（S41）,法令・制度,乙種危険物取扱者;丙種危険物取扱者,乙4直前（実務連動）で乙種危険物取扱者と丙種危険物取扱者を同一視する典型誤り。,乙種危険物取扱者と丙種危険物取扱者の混同。,"[{""topic"": ""基準"", ""wrong"": ""同一"", ""correct"": ""別基準"", ""trap"": ""基準誤""}, {""topic"": ""数量"", ""wrong"": ""無視"", ""correct"": ""指定数量"", ""trap"": ""数量誤""}, {""topic"": ""設備"", ""wrong"": ""不要"", ""correct"": ""政令基準"", ""trap"": ""設備誤""}, {""topic"": ""届出"", ""wrong"": ""不要"", ""correct"": ""必要"", ""trap"": ""届出誤""}]",乙4直前：乙種危険物取扱者と丙種危険物取扱者の混同誤り（S41）｜乙4,乙4直前（実務連動）で乙種危険物取扱者と丙種危険物取扱者を同一視する典型誤り。正しい整理を表にまとめてください。数値・日程・合格基準は消防試験研究センター（https://www.shoubo-shiken.or.jp/kikenbutsu/）の試験要項で必ずご確認ください。,乙種危険物取扱者≠丙種危険物取扱者;倍数・設備;品名表;試験の正誤肢に注意,同一視;倍数無視;設備不要;試験の正誤肢に注意,「乙種危険物取扱者と丙種危険物取扱者は別」。,乙種危険物取扱者;丙種危険物取扱者,誤りの内容は何ですか？,乙4直前（実務連動）で乙種危険物取扱者と丙種危険物取扱者を同一視する典型誤り。典型誤答として頻出です。乙4試験では用語集と消防法・政令の対応づけが得点の鍵になります。最新の試験要項もあわせて確認してください。,正しい理解は何ですか？,乙種危険物取扱者と丙種危険物取扱者を基準・数量・設備で分けてください。乙4試験では用語集と消防法・政令の対応づけが得点の鍵になります。最新の試験要項もあわせて確認してください。賃管試験では用語集と条文の対応づけが得点の鍵になります。最新の試験要項もあわせて確認してください。,試験対策の進め方は？,誤答パターン表を作成し、過去問を反復してください。乙4試験では用語集と消防法・政令の対応づけが得点の鍵になります。最新の試験要項もあわせて確認してください。賃管試験では用語集と条文の対応づけが得点の鍵になります。最新の試験要項もあわせて確認してください。,確認先はどこですか？,消防法・政令・用語集を参照してください。乙4試験では用語集と消防法・政令の対応づけが得点の鍵になります。最新の試験要項もあわせて確認してください。賃管試験では用語集と条文の対応づけが得点の鍵になります。最新の試験要項もあわせて確認してください。
kiken-hoan-mis-s42,危険物保安：危険物取扱者と危険物保安監督者の混同誤り（S42）,法令・制度,危険物取扱者;危険物保安監督者,危険物保安（試験頻出）で危険物取扱者と危険物保安監督者を同一視する典型誤り。,危険物取扱者と危険物保安監督者の混同。,"[{""topic"": ""基準"", ""wrong"": ""同一"", ""correct"": ""別基準"", ""trap"": ""基準誤""}, {""topic"": ""数量"", ""wrong"": ""無視"", ""correct"": ""指定数量"", ""trap"": ""数量誤""}, {""topic"": ""設備"", ""wrong"": ""不要"", ""correct"": ""政令基準"", ""trap"": ""設備誤""}, {""topic"": ""届出"", ""wrong"": ""不要"", ""correct"": ""必要"", ""trap"": ""届出誤""}]",危険物保安：危険物取扱者と危険物保安監督者の混同誤り（S42）｜乙4,危険物保安（試験頻出）で危険物取扱者と危険物保安監督者を同一視する典型誤り。正しい整理を表にまとめてください。数値・日程・合格基準は消防試験研究センター（https://www.shoubo-shiken.or.jp/kikenbutsu/）の試験要項で必ずご確認ください。,危険物取扱者≠危険物保安監督者;倍数・設備;品名表;試験の正誤肢に注意,同一視;倍数無視;設備不要;試験の正誤肢に注意,「危険物取扱者と危険物保安監督者は別」。,危険物取扱者;危険物保安監督者,誤りの内容は何ですか？,危険物保安（試験頻出）で危険物取扱者と危険物保安監督者を同一視する典型誤り。典型誤答として頻出です。乙4試験では用語集と消防法・政令の対応づけが得点の鍵になります。最新の試験要項もあわせて確認してください。,正しい理解は何ですか？,危険物取扱者と危険物保安監督者を基準・数量・設備で分けてください。乙4試験では用語集と消防法・政令の対応づけが得点の鍵になります。最新の試験要項もあわせて確認してください。賃管試験では用語集と条文の対応づけが得点の鍵になります。最新の試験要項もあわせて確認してください。,試験対策の進め方は？,誤答パターン表を作成し、過去問を反復してください。乙4試験では用語集と消防法・政令の対応づけが得点の鍵になります。最新の試験要項もあわせて確認してください。賃管試験では用語集と条文の対応づけが得点の鍵になります。最新の試験要項もあわせて確認してください。,確認先はどこですか？,消防法・政令・用語集を参照してください。乙4試験では用語集と消防法・政令の対応づけが得点の鍵になります。最新の試験要項もあわせて確認してください。賃管試験では用語集と条文の対応づけが得点の鍵になります。最新の試験要項もあわせて確認してください。
shobo-setsubi-mis-s42,消防設備点検：消火設備と消火活動の混同誤り（S42）,火災・消火・漏えい,消火設備;消火活動,消防設備点検（試験頻出）で消火設備と消火活動を同一視する典型誤り。,消火設備と消火活動の混同。,"[{""topic"": ""基準"", ""wrong"": ""同一"", ""correct"": ""別基準"", ""trap"": ""基準誤""}, {""topic"": ""数量"", ""wrong"": ""無視"", ""correct"": ""指定数量"", ""trap"": ""数量誤""}, {""topic"": ""設備"", ""wrong"": ""不要"", ""correct"": ""政令基準"", ""trap"": ""設備誤""}, {""topic"": ""届出"", ""wrong"": ""不要"", ""correct"": ""必要"", ""trap"": ""届出誤""}]",消防設備点検：消火設備と消火活動の混同誤り（S42）｜乙4,消防設備点検（試験頻出）で消火設備と消火活動を同一視する典型誤り。正しい整理を表にまとめてください。数値・日程・合格基準は消防試験研究センター（https://www.shoubo-shiken.or.jp/kikenbutsu/）の試験要項で必ずご確認ください。,消火設備≠消火活動;倍数・設備;品名表;試験の正誤肢に注意,同一視;倍数無視;設備不要;試験の正誤肢に注意,「消火設備と消火活動は別」。,消火設備;消火活動,誤りの内容は何ですか？,消防設備点検（試験頻出）で消火設備と消火活動を同一視する典型誤り。典型誤答として頻出です。乙4試験では用語集と消防法・政令の対応づけが得点の鍵になります。最新の試験要項もあわせて確認してください。賃管試験では用語集と条文の対応づけが得点の鍵になります。最新の試験要項もあわせて確認してください。,正しい理解は何ですか？,消火設備と消火活動を基準・数量・設備で分けてください。乙4試験では用語集と消防法・政令の対応づけが得点の鍵になります。最新の試験要項もあわせて確認してください。賃管試験では用語集と条文の対応づけが得点の鍵になります。最新の試験要項もあわせて確認してください。,試験対策の進め方は？,誤答パターン表を作成し、過去問を反復してください。乙4試験では用語集と消防法・政令の対応づけが得点の鍵になります。最新の試験要項もあわせて確認してください。賃管試験では用語集と条文の対応づけが得点の鍵になります。最新の試験要項もあわせて確認してください。,確認先はどこですか？,消防法・政令・用語集を参照してください。乙4試験では用語集と消防法・政令の対応づけが得点の鍵になります。最新の試験要項もあわせて確認してください。賃管試験では用語集と条文の対応づけが得点の鍵になります。最新の試験要項もあわせて確認してください。
shitei-suryo-santei-mis-s42,指定数量算定：指定数量と指定数量の倍数の混同誤り（S42）,法令・制度,指定数量;指定数量の倍数,指定数量算定（試験頻出）で指定数量と指定数量の倍数を同一視する典型誤り。,指定数量と指定数量の倍数の混同。,"[{""topic"": ""基準"", ""wrong"": ""同一"", ""correct"": ""別基準"", ""trap"": ""基準誤""}, {""topic"": ""数量"", ""wrong"": ""無視"", ""correct"": ""指定数量"", ""trap"": ""数量誤""}, {""topic"": ""設備"", ""wrong"": ""不要"", ""correct"": ""政令基準"", ""trap"": ""設備誤""}, {""topic"": ""届出"", ""wrong"": ""不要"", ""correct"": ""必要"", ""trap"": ""届出誤""}]",指定数量算定：指定数量と指定数量の倍数の混同誤り（S42）｜乙4,指定数量算定（試験頻出）で指定数量と指定数量の倍数を同一視する典型誤り。正しい整理を表にまとめてください。数値・日程・合格基準は消防試験研究センター（https://www.shoubo-shiken.or.jp/kikenbutsu/）の試験要項で必ずご確認ください。,指定数量≠指定数量の倍数;倍数・設備;品名表;試験の正誤肢に注意,同一視;倍数無視;設備不要;試験の正誤肢に注意,「指定数量と指定数量の倍数は別」。,指定数量;指定数量の倍数,誤りの内容は何ですか？,指定数量算定（試験頻出）で指定数量と指定数量の倍数を同一視する典型誤り。典型誤答として頻出です。乙4試験では用語集と消防法・政令の対応づけが得点の鍵になります。最新の試験要項もあわせて確認してください。,正しい理解は何ですか？,指定数量と指定数量の倍数を基準・数量・設備で分けてください。乙4試験では用語集と消防法・政令の対応づけが得点の鍵になります。最新の試験要項もあわせて確認してください。賃管試験では用語集と条文の対応づけが得点の鍵になります。最新の試験要項もあわせて確認してください。,試験対策の進め方は？,誤答パターン表を作成し、過去問を反復してください。乙4試験では用語集と消防法・政令の対応づけが得点の鍵になります。最新の試験要項もあわせて確認してください。賃管試験では用語集と条文の対応づけが得点の鍵になります。最新の試験要項もあわせて確認してください。,確認先はどこですか？,消防法・政令・用語集を参照してください。乙4試験では用語集と消防法・政令の対応づけが得点の鍵になります。最新の試験要項もあわせて確認してください。賃管試験では用語集と条文の対応づけが得点の鍵になります。最新の試験要項もあわせて確認してください。
chozo-sekkei-mis-s42,貯蔵所設計：屋外タンク貯蔵所と屋内タンク貯蔵所の基準の混同誤り（S42）,法令・制度,屋外タンク貯蔵所;屋内タンク貯蔵所の基準,貯蔵所設計（試験頻出）で屋外タンク貯蔵所と屋内タンク貯蔵所の基準を同一視する典型誤り。,屋外タンク貯蔵所と屋内タンク貯蔵所の基準の混同。,"[{""topic"": ""基準"", ""wrong"": ""同一"", ""correct"": ""別基準"", ""trap"": ""基準誤""}, {""topic"": ""数量"", ""wrong"": ""無視"", ""correct"": ""指定数量"", ""trap"": ""数量誤""}, {""topic"": ""設備"", ""wrong"": ""不要"", ""correct"": ""政令基準"", ""trap"": ""設備誤""}, {""topic"": ""届出"", ""wrong"": ""不要"", ""correct"": ""必要"", ""trap"": ""届出誤""}]",貯蔵所設計：屋外タンク貯蔵所と屋内タンク貯蔵所の基準の混同誤り（S42）｜乙4,貯蔵所設計（試験頻出）で屋外タンク貯蔵所と屋内タンク貯蔵所の基準を同一視する典型誤り。正しい整理を表にまとめてください。数値・日程・合格基準は消防試験研究センター（https://www.shoubo-shiken.or.jp/kikenbutsu/）の試験要項で必ずご確認ください。,屋外タンク貯蔵所≠屋内タンク貯蔵所の基準;倍数・設備;品名表;試験の正誤肢に注意,同一視;倍数無視;設備不要;試験の正誤肢に注意,「屋外タンク貯蔵所と屋内タンク貯蔵所の基準は別」。,屋外タンク貯蔵所;屋内タンク貯蔵所の基準,誤りの内容は何ですか？,貯蔵所設計（試験頻出）で屋外タンク貯蔵所と屋内タンク貯蔵所の基準を同一視する典型誤り。典型誤答として頻出です。乙4試験では用語集と消防法・政令の対応づけが得点の鍵になります。最新の試験要項もあわせて確認してください。,正しい理解は何ですか？,屋外タンク貯蔵所と屋内タンク貯蔵所の基準を基準・数量・設備で分けてください。乙4試験では用語集と消防法・政令の対応づけが得点の鍵になります。最新の試験要項もあわせて確認してください。賃管試験では用語集と条文の対応づけが得点の鍵になります。最新の試験要項もあわせて確認してください。,試験対策の進め方は？,誤答パターン表を作成し、過去問を反復してください。乙4試験では用語集と消防法・政令の対応づけが得点の鍵になります。最新の試験要項もあわせて確認してください。賃管試験では用語集と条文の対応づけが得点の鍵になります。最新の試験要項もあわせて確認してください。,確認先はどこですか？,消防法・政令・用語集を参照してください。乙4試験では用語集と消防法・政令の対応づけが得点の鍵になります。最新の試験要項もあわせて確認してください。賃管試験では用語集と条文の対応づけが得点の鍵になります。最新の試験要項もあわせて確認してください。
ido-toriatsukai-mis-s42,移動取扱：移動タンク貯蔵所とタンクローリーの混同誤り（S42）,法令・制度,移動タンク貯蔵所;タンクローリー,移動取扱（試験頻出）で移動タンク貯蔵所とタンクローリーを同一視する典型誤り。,移動タンク貯蔵所とタンクローリーの混同。,"[{""topic"": ""基準"", ""wrong"": ""同一"", ""correct"": ""別基準"", ""trap"": ""基準誤""}, {""topic"": ""数量"", ""wrong"": ""無視"", ""correct"": ""指定数量"", ""trap"": ""数量誤""}, {""topic"": ""設備"", ""wrong"": ""不要"", ""correct"": ""政令基準"", ""trap"": ""設備誤""}, {""topic"": ""届出"", ""wrong"": ""不要"", ""correct"": ""必要"", ""trap"": ""届出誤""}]",移動取扱：移動タンク貯蔵所とタンクローリーの混同誤り（S42）｜乙4,移動取扱（試験頻出）で移動タンク貯蔵所とタンクローリーを同一視する典型誤り。正しい整理を表にまとめてください。数値・日程・合格基準は消防試験研究センター（https://www.shoubo-shiken.or.jp/kikenbutsu/）の試験要項で必ずご確認ください。,移動タンク貯蔵所≠タンクローリー;倍数・設備;品名表;試験の正誤肢に注意,同一視;倍数無視;設備不要;試験の正誤肢に注意,「移動タンク貯蔵所とタンクローリーは別」。,移動タンク貯蔵所;タンクローリー,誤りの内容は何ですか？,移動取扱（試験頻出）で移動タンク貯蔵所とタンクローリーを同一視する典型誤り。典型誤答として頻出です。乙4試験では用語集と消防法・政令の対応づけが得点の鍵になります。最新の試験要項もあわせて確認してください。,正しい理解は何ですか？,移動タンク貯蔵所とタンクローリーを基準・数量・設備で分けてください。乙4試験では用語集と消防法・政令の対応づけが得点の鍵になります。最新の試験要項もあわせて確認してください。賃管試験では用語集と条文の対応づけが得点の鍵になります。最新の試験要項もあわせて確認してください。,試験対策の進め方は？,誤答パターン表を作成し、過去問を反復してください。乙4試験では用語集と消防法・政令の対応づけが得点の鍵になります。最新の試験要項もあわせて確認してください。賃管試験では用語集と条文の対応づけが得点の鍵になります。最新の試験要項もあわせて確認してください。,確認先はどこですか？,消防法・政令・用語集を参照してください。乙4試験では用語集と消防法・政令の対応づけが得点の鍵になります。最新の試験要項もあわせて確認してください。賃管試験では用語集と条文の対応づけが得点の鍵になります。最新の試験要項もあわせて確認してください。
yobo-kitei-mis-s42,予防規程改定：予防規程と火災予防の混同誤り（S42）,法令・制度,予防規程;火災予防,予防規程改定（試験頻出）で予防規程と火災予防を同一視する典型誤り。,予防規程と火災予防の混同。,"[{""topic"": ""基準"", ""wrong"": ""同一"", ""correct"": ""別基準"", ""trap"": ""基準誤""}, {""topic"": ""数量"", ""wrong"": ""無視"", ""correct"": ""指定数量"", ""trap"": ""数量誤""}, {""topic"": ""設備"", ""wrong"": ""不要"", ""correct"": ""政令基準"", ""trap"": ""設備誤""}, {""topic"": ""届出"", ""wrong"": ""不要"", ""correct"": ""必要"", ""trap"": ""届出誤""}]",予防規程改定：予防規程と火災予防の混同誤り（S42）｜乙4,予防規程改定（試験頻出）で予防規程と火災予防を同一視する典型誤り。正しい整理を表にまとめてください。数値・日程・合格基準は消防試験研究センター（https://www.shoubo-shiken.or.jp/kikenbutsu/）の試験要項で必ずご確認ください。,予防規程≠火災予防;倍数・設備;品名表;試験の正誤肢に注意,同一視;倍数無視;設備不要;試験の正誤肢に注意,「予防規程と火災予防は別」。,予防規程;火災予防,誤りの内容は何ですか？,予防規程改定（試験頻出）で予防規程と火災予防を同一視する典型誤り。典型誤答として頻出です。乙4試験では用語集と消防法・政令の対応づけが得点の鍵になります。最新の試験要項もあわせて確認してください。賃管試験では用語集と条文の対応づけが得点の鍵になります。最新の試験要項もあわせて確認してください。,正しい理解は何ですか？,予防規程と火災予防を基準・数量・設備で分けてください。乙4試験では用語集と消防法・政令の対応づけが得点の鍵になります。最新の試験要項もあわせて確認してください。賃管試験では用語集と条文の対応づけが得点の鍵になります。最新の試験要項もあわせて確認してください。,試験対策の進め方は？,誤答パターン表を作成し、過去問を反復してください。乙4試験では用語集と消防法・政令の対応づけが得点の鍵になります。最新の試験要項もあわせて確認してください。賃管試験では用語集と条文の対応づけが得点の鍵になります。最新の試験要項もあわせて確認してください。,確認先はどこですか？,消防法・政令・用語集を参照してください。乙4試験では用語集と消防法・政令の対応づけが得点の鍵になります。最新の試験要項もあわせて確認してください。賃管試験では用語集と条文の対応づけが得点の鍵になります。最新の試験要項もあわせて確認してください。
shoka-kunren-mis-s42,消火訓練：自衛消防組織と消火活動の混同誤り（S42）,火災・消火・漏えい,自衛消防組織;消火活動,消火訓練（試験頻出）で自衛消防組織と消火活動を同一視する典型誤り。,自衛消防組織と消火活動の混同。,"[{""topic"": ""基準"", ""wrong"": ""同一"", ""correct"": ""別基準"", ""trap"": ""基準誤""}, {""topic"": ""数量"", ""wrong"": ""無視"", ""correct"": ""指定数量"", ""trap"": ""数量誤""}, {""topic"": ""設備"", ""wrong"": ""不要"", ""correct"": ""政令基準"", ""trap"": ""設備誤""}, {""topic"": ""届出"", ""wrong"": ""不要"", ""correct"": ""必要"", ""trap"": ""届出誤""}]",消火訓練：自衛消防組織と消火活動の混同誤り（S42）｜乙4,消火訓練（試験頻出）で自衛消防組織と消火活動を同一視する典型誤り。正しい整理を表にまとめてください。数値・日程・合格基準は消防試験研究センター（https://www.shoubo-shiken.or.jp/kikenbutsu/）の試験要項で必ずご確認ください。,自衛消防組織≠消火活動;倍数・設備;品名表;試験の正誤肢に注意,同一視;倍数無視;設備不要;試験の正誤肢に注意,「自衛消防組織と消火活動は別」。,自衛消防組織;消火活動,誤りの内容は何ですか？,消火訓練（試験頻出）で自衛消防組織と消火活動を同一視する典型誤り。典型誤答として頻出です。乙4試験では用語集と消防法・政令の対応づけが得点の鍵になります。最新の試験要項もあわせて確認してください。賃管試験では用語集と条文の対応づけが得点の鍵になります。最新の試験要項もあわせて確認してください。,正しい理解は何ですか？,自衛消防組織と消火活動を基準・数量・設備で分けてください。乙4試験では用語集と消防法・政令の対応づけが得点の鍵になります。最新の試験要項もあわせて確認してください。賃管試験では用語集と条文の対応づけが得点の鍵になります。最新の試験要項もあわせて確認してください。,試験対策の進め方は？,誤答パターン表を作成し、過去問を反復してください。乙4試験では用語集と消防法・政令の対応づけが得点の鍵になります。最新の試験要項もあわせて確認してください。賃管試験では用語集と条文の対応づけが得点の鍵になります。最新の試験要項もあわせて確認してください。,確認先はどこですか？,消防法・政令・用語集を参照してください。乙4試験では用語集と消防法・政令の対応づけが得点の鍵になります。最新の試験要項もあわせて確認してください。賃管試験では用語集と条文の対応づけが得点の鍵になります。最新の試験要項もあわせて確認してください。
tank-kensa-mis-s42,タンク検査：タンクローリーと移動タンク貯蔵所の混同誤り（S42）,法令・制度,タンクローリー;移動タンク貯蔵所,タンク検査（試験頻出）でタンクローリーと移動タンク貯蔵所を同一視する典型誤り。,タンクローリーと移動タンク貯蔵所の混同。,"[{""topic"": ""基準"", ""wrong"": ""同一"", ""correct"": ""別基準"", ""trap"": ""基準誤""}, {""topic"": ""数量"", ""wrong"": ""無視"", ""correct"": ""指定数量"", ""trap"": ""数量誤""}, {""topic"": ""設備"", ""wrong"": ""不要"", ""correct"": ""政令基準"", ""trap"": ""設備誤""}, {""topic"": ""届出"", ""wrong"": ""不要"", ""correct"": ""必要"", ""trap"": ""届出誤""}]",タンク検査：タンクローリーと移動タンク貯蔵所の混同誤り（S42）｜乙4,タンク検査（試験頻出）でタンクローリーと移動タンク貯蔵所を同一視する典型誤り。正しい整理を表にまとめてください。数値・日程・合格基準は消防試験研究センター（https://www.shoubo-shiken.or.jp/kikenbutsu/）の試験要項で必ずご確認ください。,タンクローリー≠移動タンク貯蔵所;倍数・設備;品名表;試験の正誤肢に注意,同一視;倍数無視;設備不要;試験の正誤肢に注意,「タンクローリーと移動タンク貯蔵所は別」。,タンクローリー;移動タンク貯蔵所,誤りの内容は何ですか？,タンク検査（試験頻出）でタンクローリーと移動タンク貯蔵所を同一視する典型誤り。典型誤答として頻出です。乙4試験では用語集と消防法・政令の対応づけが得点の鍵になります。最新の試験要項もあわせて確認してください。,正しい理解は何ですか？,タンクローリーと移動タンク貯蔵所を基準・数量・設備で分けてください。乙4試験では用語集と消防法・政令の対応づけが得点の鍵になります。最新の試験要項もあわせて確認してください。賃管試験では用語集と条文の対応づけが得点の鍵になります。最新の試験要項もあわせて確認してください。,試験対策の進め方は？,誤答パターン表を作成し、過去問を反復してください。乙4試験では用語集と消防法・政令の対応づけが得点の鍵になります。最新の試験要項もあわせて確認してください。賃管試験では用語集と条文の対応づけが得点の鍵になります。最新の試験要項もあわせて確認してください。,確認先はどこですか？,消防法・政令・用語集を参照してください。乙4試験では用語集と消防法・政令の対応づけが得点の鍵になります。最新の試験要項もあわせて確認してください。賃管試験では用語集と条文の対応づけが得点の鍵になります。最新の試験要項もあわせて確認してください。
tensou-kiroku-mis-s42,転送記録保存：譲渡・引渡しと移送の混同誤り（S42）,法令・制度,譲渡・引渡し;移送,転送記録保存（試験頻出）で譲渡・引渡しと移送を同一視する典型誤り。,譲渡・引渡しと移送の混同。,"[{""topic"": ""基準"", ""wrong"": ""同一"", ""correct"": ""別基準"", ""trap"": ""基準誤""}, {""topic"": ""数量"", ""wrong"": ""無視"", ""correct"": ""指定数量"", ""trap"": ""数量誤""}, {""topic"": ""設備"", ""wrong"": ""不要"", ""correct"": ""政令基準"", ""trap"": ""設備誤""}, {""topic"": ""届出"", ""wrong"": ""不要"", ""correct"": ""必要"", ""trap"": ""届出誤""}]",転送記録保存：譲渡・引渡しと移送の混同誤り（S42）｜乙4,転送記録保存（試験頻出）で譲渡・引渡しと移送を同一視する典型誤り。正しい整理を表にまとめてください。数値・日程・合格基準は消防試験研究センター（https://www.shoubo-shiken.or.jp/kikenbutsu/）の試験要項で必ずご確認ください。,譲渡・引渡し≠移送;倍数・設備;品名表;試験の正誤肢に注意,同一視;倍数無視;設備不要;試験の正誤肢に注意,「譲渡・引渡しと移送は別」。,譲渡・引渡し;移送,誤りの内容は何ですか？,転送記録保存（試験頻出）で譲渡・引渡しと移送を同一視する典型誤り。典型誤答として頻出です。乙4試験では用語集と消防法・政令の対応づけが得点の鍵になります。最新の試験要項もあわせて確認してください。賃管試験では用語集と条文の対応づけが得点の鍵になります。最新の試験要項もあわせて確認してください。,正しい理解は何ですか？,譲渡・引渡しと移送を基準・数量・設備で分けてください。乙4試験では用語集と消防法・政令の対応づけが得点の鍵になります。最新の試験要項もあわせて確認してください。賃管試験では用語集と条文の対応づけが得点の鍵になります。最新の試験要項もあわせて確認してください。,試験対策の進め方は？,誤答パターン表を作成し、過去問を反復してください。乙4試験では用語集と消防法・政令の対応づけが得点の鍵になります。最新の試験要項もあわせて確認してください。賃管試験では用語集と条文の対応づけが得点の鍵になります。最新の試験要項もあわせて確認してください。,確認先はどこですか？,消防法・政令・用語集を参照してください。乙4試験では用語集と消防法・政令の対応づけが得点の鍵になります。最新の試験要項もあわせて確認してください。賃管試験では用語集と条文の対応づけが得点の鍵になります。最新の試験要項もあわせて確認してください。
ot4-chokuzen-mis-s42,乙4直前：乙種危険物取扱者と丙種危険物取扱者の混同誤り（S42）,法令・制度,乙種危険物取扱者;丙種危険物取扱者,乙4直前（試験頻出）で乙種危険物取扱者と丙種危険物取扱者を同一視する典型誤り。,乙種危険物取扱者と丙種危険物取扱者の混同。,"[{""topic"": ""基準"", ""wrong"": ""同一"", ""correct"": ""別基準"", ""trap"": ""基準誤""}, {""topic"": ""数量"", ""wrong"": ""無視"", ""correct"": ""指定数量"", ""trap"": ""数量誤""}, {""topic"": ""設備"", ""wrong"": ""不要"", ""correct"": ""政令基準"", ""trap"": ""設備誤""}, {""topic"": ""届出"", ""wrong"": ""不要"", ""correct"": ""必要"", ""trap"": ""届出誤""}]",乙4直前：乙種危険物取扱者と丙種危険物取扱者の混同誤り（S42）｜乙4,乙4直前（試験頻出）で乙種危険物取扱者と丙種危険物取扱者を同一視する典型誤り。正しい整理を表にまとめてください。数値・日程・合格基準は消防試験研究センター（https://www.shoubo-shiken.or.jp/kikenbutsu/）の試験要項で必ずご確認ください。,乙種危険物取扱者≠丙種危険物取扱者;倍数・設備;品名表;試験の正誤肢に注意,同一視;倍数無視;設備不要;試験の正誤肢に注意,「乙種危険物取扱者と丙種危険物取扱者は別」。,乙種危険物取扱者;丙種危険物取扱者,誤りの内容は何ですか？,乙4直前（試験頻出）で乙種危険物取扱者と丙種危険物取扱者を同一視する典型誤り。典型誤答として頻出です。乙4試験では用語集と消防法・政令の対応づけが得点の鍵になります。最新の試験要項もあわせて確認してください。,正しい理解は何ですか？,乙種危険物取扱者と丙種危険物取扱者を基準・数量・設備で分けてください。乙4試験では用語集と消防法・政令の対応づけが得点の鍵になります。最新の試験要項もあわせて確認してください。賃管試験では用語集と条文の対応づけが得点の鍵になります。最新の試験要項もあわせて確認してください。,試験対策の進め方は？,誤答パターン表を作成し、過去問を反復してください。乙4試験では用語集と消防法・政令の対応づけが得点の鍵になります。最新の試験要項もあわせて確認してください。賃管試験では用語集と条文の対応づけが得点の鍵になります。最新の試験要項もあわせて確認してください。,確認先はどこですか？,消防法・政令・用語集を参照してください。乙4試験では用語集と消防法・政令の対応づけが得点の鍵になります。最新の試験要項もあわせて確認してください。賃管試験では用語集と条文の対応づけが得点の鍵になります。最新の試験要項もあわせて確認してください。
kiken-hoan-mis-s43,危険物保安：危険物取扱者と危険物保安監督者の混同誤り（S43）,法令・制度,危険物取扱者;危険物保安監督者,危険物保安（判例・ガイド）で危険物取扱者と危険物保安監督者を同一視する典型誤り。,危険物取扱者と危険物保安監督者の混同。,"[{""topic"": ""基準"", ""wrong"": ""同一"", ""correct"": ""別基準"", ""trap"": ""基準誤""}, {""topic"": ""数量"", ""wrong"": ""無視"", ""correct"": ""指定数量"", ""trap"": ""数量誤""}, {""topic"": ""設備"", ""wrong"": ""不要"", ""correct"": ""政令基準"", ""trap"": ""設備誤""}, {""topic"": ""届出"", ""wrong"": ""不要"", ""correct"": ""必要"", ""trap"": ""届出誤""}]",危険物保安：危険物取扱者と危険物保安監督者の混同誤り（S43）｜乙4,危険物保安（判例・ガイド）で危険物取扱者と危険物保安監督者を同一視する典型誤り。正しい整理を表にまとめてください。数値・日程・合格基準は消防試験研究センター（https://www.shoubo-shiken.or.jp/kikenbutsu/）の試験要項で必ずご確認ください。,危険物取扱者≠危険物保安監督者;倍数・設備;品名表;試験の正誤肢に注意,同一視;倍数無視;設備不要;試験の正誤肢に注意,「危険物取扱者と危険物保安監督者は別」。,危険物取扱者;危険物保安監督者,誤りの内容は何ですか？,危険物保安（判例・ガイド）で危険物取扱者と危険物保安監督者を同一視する典型誤り。典型誤答として頻出です。乙4試験では用語集と消防法・政令の対応づけが得点の鍵になります。最新の試験要項もあわせて確認してください。,正しい理解は何ですか？,危険物取扱者と危険物保安監督者を基準・数量・設備で分けてください。乙4試験では用語集と消防法・政令の対応づけが得点の鍵になります。最新の試験要項もあわせて確認してください。賃管試験では用語集と条文の対応づけが得点の鍵になります。最新の試験要項もあわせて確認してください。,試験対策の進め方は？,誤答パターン表を作成し、過去問を反復してください。乙4試験では用語集と消防法・政令の対応づけが得点の鍵になります。最新の試験要項もあわせて確認してください。賃管試験では用語集と条文の対応づけが得点の鍵になります。最新の試験要項もあわせて確認してください。,確認先はどこですか？,消防法・政令・用語集を参照してください。乙4試験では用語集と消防法・政令の対応づけが得点の鍵になります。最新の試験要項もあわせて確認してください。賃管試験では用語集と条文の対応づけが得点の鍵になります。最新の試験要項もあわせて確認してください。
shobo-setsubi-mis-s43,消防設備点検：消火設備と消火活動の混同誤り（S43）,火災・消火・漏えい,消火設備;消火活動,消防設備点検（判例・ガイド）で消火設備と消火活動を同一視する典型誤り。,消火設備と消火活動の混同。,"[{""topic"": ""基準"", ""wrong"": ""同一"", ""correct"": ""別基準"", ""trap"": ""基準誤""}, {""topic"": ""数量"", ""wrong"": ""無視"", ""correct"": ""指定数量"", ""trap"": ""数量誤""}, {""topic"": ""設備"", ""wrong"": ""不要"", ""correct"": ""政令基準"", ""trap"": ""設備誤""}, {""topic"": ""届出"", ""wrong"": ""不要"", ""correct"": ""必要"", ""trap"": ""届出誤""}]",消防設備点検：消火設備と消火活動の混同誤り（S43）｜乙4,消防設備点検（判例・ガイド）で消火設備と消火活動を同一視する典型誤り。正しい整理を表にまとめてください。数値・日程・合格基準は消防試験研究センター（https://www.shoubo-shiken.or.jp/kikenbutsu/）の試験要項で必ずご確認ください。,消火設備≠消火活動;倍数・設備;品名表;試験の正誤肢に注意,同一視;倍数無視;設備不要;試験の正誤肢に注意,「消火設備と消火活動は別」。,消火設備;消火活動,誤りの内容は何ですか？,消防設備点検（判例・ガイド）で消火設備と消火活動を同一視する典型誤り。典型誤答として頻出です。乙4試験では用語集と消防法・政令の対応づけが得点の鍵になります。最新の試験要項もあわせて確認してください。,正しい理解は何ですか？,消火設備と消火活動を基準・数量・設備で分けてください。乙4試験では用語集と消防法・政令の対応づけが得点の鍵になります。最新の試験要項もあわせて確認してください。賃管試験では用語集と条文の対応づけが得点の鍵になります。最新の試験要項もあわせて確認してください。,試験対策の進め方は？,誤答パターン表を作成し、過去問を反復してください。乙4試験では用語集と消防法・政令の対応づけが得点の鍵になります。最新の試験要項もあわせて確認してください。賃管試験では用語集と条文の対応づけが得点の鍵になります。最新の試験要項もあわせて確認してください。,確認先はどこですか？,消防法・政令・用語集を参照してください。乙4試験では用語集と消防法・政令の対応づけが得点の鍵になります。最新の試験要項もあわせて確認してください。賃管試験では用語集と条文の対応づけが得点の鍵になります。最新の試験要項もあわせて確認してください。
shitei-suryo-santei-mis-s43,指定数量算定：指定数量と指定数量の倍数の混同誤り（S43）,法令・制度,指定数量;指定数量の倍数,指定数量算定（判例・ガイド）で指定数量と指定数量の倍数を同一視する典型誤り。,指定数量と指定数量の倍数の混同。,"[{""topic"": ""基準"", ""wrong"": ""同一"", ""correct"": ""別基準"", ""trap"": ""基準誤""}, {""topic"": ""数量"", ""wrong"": ""無視"", ""correct"": ""指定数量"", ""trap"": ""数量誤""}, {""topic"": ""設備"", ""wrong"": ""不要"", ""correct"": ""政令基準"", ""trap"": ""設備誤""}, {""topic"": ""届出"", ""wrong"": ""不要"", ""correct"": ""必要"", ""trap"": ""届出誤""}]",指定数量算定：指定数量と指定数量の倍数の混同誤り（S43）｜乙4,指定数量算定（判例・ガイド）で指定数量と指定数量の倍数を同一視する典型誤り。正しい整理を表にまとめてください。数値・日程・合格基準は消防試験研究センター（https://www.shoubo-shiken.or.jp/kikenbutsu/）の試験要項で必ずご確認ください。,指定数量≠指定数量の倍数;倍数・設備;品名表;試験の正誤肢に注意,同一視;倍数無視;設備不要;試験の正誤肢に注意,「指定数量と指定数量の倍数は別」。,指定数量;指定数量の倍数,誤りの内容は何ですか？,指定数量算定（判例・ガイド）で指定数量と指定数量の倍数を同一視する典型誤り。典型誤答として頻出です。乙4試験では用語集と消防法・政令の対応づけが得点の鍵になります。最新の試験要項もあわせて確認してください。,正しい理解は何ですか？,指定数量と指定数量の倍数を基準・数量・設備で分けてください。乙4試験では用語集と消防法・政令の対応づけが得点の鍵になります。最新の試験要項もあわせて確認してください。賃管試験では用語集と条文の対応づけが得点の鍵になります。最新の試験要項もあわせて確認してください。,試験対策の進め方は？,誤答パターン表を作成し、過去問を反復してください。乙4試験では用語集と消防法・政令の対応づけが得点の鍵になります。最新の試験要項もあわせて確認してください。賃管試験では用語集と条文の対応づけが得点の鍵になります。最新の試験要項もあわせて確認してください。,確認先はどこですか？,消防法・政令・用語集を参照してください。乙4試験では用語集と消防法・政令の対応づけが得点の鍵になります。最新の試験要項もあわせて確認してください。賃管試験では用語集と条文の対応づけが得点の鍵になります。最新の試験要項もあわせて確認してください。
chozo-sekkei-mis-s43,貯蔵所設計：屋外タンク貯蔵所と屋内タンク貯蔵所の基準の混同誤り（S43）,法令・制度,屋外タンク貯蔵所;屋内タンク貯蔵所の基準,貯蔵所設計（判例・ガイド）で屋外タンク貯蔵所と屋内タンク貯蔵所の基準を同一視する典型誤り。,屋外タンク貯蔵所と屋内タンク貯蔵所の基準の混同。,"[{""topic"": ""基準"", ""wrong"": ""同一"", ""correct"": ""別基準"", ""trap"": ""基準誤""}, {""topic"": ""数量"", ""wrong"": ""無視"", ""correct"": ""指定数量"", ""trap"": ""数量誤""}, {""topic"": ""設備"", ""wrong"": ""不要"", ""correct"": ""政令基準"", ""trap"": ""設備誤""}, {""topic"": ""届出"", ""wrong"": ""不要"", ""correct"": ""必要"", ""trap"": ""届出誤""}]",貯蔵所設計：屋外タンク貯蔵所と屋内タンク貯蔵所の基準の混同誤り（S43）｜乙4,貯蔵所設計（判例・ガイド）で屋外タンク貯蔵所と屋内タンク貯蔵所の基準を同一視する典型誤り。正しい整理を表にまとめてください。数値・日程・合格基準は消防試験研究センター（https://www.shoubo-shiken.or.jp/kikenbutsu/）の試験要項で必ずご確認ください。,屋外タンク貯蔵所≠屋内タンク貯蔵所の基準;倍数・設備;品名表;試験の正誤肢に注意,同一視;倍数無視;設備不要;試験の正誤肢に注意,「屋外タンク貯蔵所と屋内タンク貯蔵所の基準は別」。,屋外タンク貯蔵所;屋内タンク貯蔵所の基準,誤りの内容は何ですか？,貯蔵所設計（判例・ガイド）で屋外タンク貯蔵所と屋内タンク貯蔵所の基準を同一視する典型誤り。典型誤答として頻出です。乙4試験では用語集と消防法・政令の対応づけが得点の鍵になります。最新の試験要項もあわせて確認してください。,正しい理解は何ですか？,屋外タンク貯蔵所と屋内タンク貯蔵所の基準を基準・数量・設備で分けてください。乙4試験では用語集と消防法・政令の対応づけが得点の鍵になります。最新の試験要項もあわせて確認してください。賃管試験では用語集と条文の対応づけが得点の鍵になります。最新の試験要項もあわせて確認してください。,試験対策の進め方は？,誤答パターン表を作成し、過去問を反復してください。乙4試験では用語集と消防法・政令の対応づけが得点の鍵になります。最新の試験要項もあわせて確認してください。賃管試験では用語集と条文の対応づけが得点の鍵になります。最新の試験要項もあわせて確認してください。,確認先はどこですか？,消防法・政令・用語集を参照してください。乙4試験では用語集と消防法・政令の対応づけが得点の鍵になります。最新の試験要項もあわせて確認してください。賃管試験では用語集と条文の対応づけが得点の鍵になります。最新の試験要項もあわせて確認してください。
ido-toriatsukai-mis-s43,移動取扱：移動タンク貯蔵所とタンクローリーの混同誤り（S43）,法令・制度,移動タンク貯蔵所;タンクローリー,移動取扱（判例・ガイド）で移動タンク貯蔵所とタンクローリーを同一視する典型誤り。,移動タンク貯蔵所とタンクローリーの混同。,"[{""topic"": ""基準"", ""wrong"": ""同一"", ""correct"": ""別基準"", ""trap"": ""基準誤""}, {""topic"": ""数量"", ""wrong"": ""無視"", ""correct"": ""指定数量"", ""trap"": ""数量誤""}, {""topic"": ""設備"", ""wrong"": ""不要"", ""correct"": ""政令基準"", ""trap"": ""設備誤""}, {""topic"": ""届出"", ""wrong"": ""不要"", ""correct"": ""必要"", ""trap"": ""届出誤""}]",移動取扱：移動タンク貯蔵所とタンクローリーの混同誤り（S43）｜乙4,移動取扱（判例・ガイド）で移動タンク貯蔵所とタンクローリーを同一視する典型誤り。正しい整理を表にまとめてください。数値・日程・合格基準は消防試験研究センター（https://www.shoubo-shiken.or.jp/kikenbutsu/）の試験要項で必ずご確認ください。,移動タンク貯蔵所≠タンクローリー;倍数・設備;品名表;試験の正誤肢に注意,同一視;倍数無視;設備不要;試験の正誤肢に注意,「移動タンク貯蔵所とタンクローリーは別」。,移動タンク貯蔵所;タンクローリー,誤りの内容は何ですか？,移動取扱（判例・ガイド）で移動タンク貯蔵所とタンクローリーを同一視する典型誤り。典型誤答として頻出です。乙4試験では用語集と消防法・政令の対応づけが得点の鍵になります。最新の試験要項もあわせて確認してください。,正しい理解は何ですか？,移動タンク貯蔵所とタンクローリーを基準・数量・設備で分けてください。乙4試験では用語集と消防法・政令の対応づけが得点の鍵になります。最新の試験要項もあわせて確認してください。賃管試験では用語集と条文の対応づけが得点の鍵になります。最新の試験要項もあわせて確認してください。,試験対策の進め方は？,誤答パターン表を作成し、過去問を反復してください。乙4試験では用語集と消防法・政令の対応づけが得点の鍵になります。最新の試験要項もあわせて確認してください。賃管試験では用語集と条文の対応づけが得点の鍵になります。最新の試験要項もあわせて確認してください。,確認先はどこですか？,消防法・政令・用語集を参照してください。乙4試験では用語集と消防法・政令の対応づけが得点の鍵になります。最新の試験要項もあわせて確認してください。賃管試験では用語集と条文の対応づけが得点の鍵になります。最新の試験要項もあわせて確認してください。
yobo-kitei-mis-s43,予防規程改定：予防規程と火災予防の混同誤り（S43）,法令・制度,予防規程;火災予防,予防規程改定（判例・ガイド）で予防規程と火災予防を同一視する典型誤り。,予防規程と火災予防の混同。,"[{""topic"": ""基準"", ""wrong"": ""同一"", ""correct"": ""別基準"", ""trap"": ""基準誤""}, {""topic"": ""数量"", ""wrong"": ""無視"", ""correct"": ""指定数量"", ""trap"": ""数量誤""}, {""topic"": ""設備"", ""wrong"": ""不要"", ""correct"": ""政令基準"", ""trap"": ""設備誤""}, {""topic"": ""届出"", ""wrong"": ""不要"", ""correct"": ""必要"", ""trap"": ""届出誤""}]",予防規程改定：予防規程と火災予防の混同誤り（S43）｜乙4,予防規程改定（判例・ガイド）で予防規程と火災予防を同一視する典型誤り。正しい整理を表にまとめてください。数値・日程・合格基準は消防試験研究センター（https://www.shoubo-shiken.or.jp/kikenbutsu/）の試験要項で必ずご確認ください。,予防規程≠火災予防;倍数・設備;品名表;試験の正誤肢に注意,同一視;倍数無視;設備不要;試験の正誤肢に注意,「予防規程と火災予防は別」。,予防規程;火災予防,誤りの内容は何ですか？,予防規程改定（判例・ガイド）で予防規程と火災予防を同一視する典型誤り。典型誤答として頻出です。乙4試験では用語集と消防法・政令の対応づけが得点の鍵になります。最新の試験要項もあわせて確認してください。,正しい理解は何ですか？,予防規程と火災予防を基準・数量・設備で分けてください。乙4試験では用語集と消防法・政令の対応づけが得点の鍵になります。最新の試験要項もあわせて確認してください。賃管試験では用語集と条文の対応づけが得点の鍵になります。最新の試験要項もあわせて確認してください。,試験対策の進め方は？,誤答パターン表を作成し、過去問を反復してください。乙4試験では用語集と消防法・政令の対応づけが得点の鍵になります。最新の試験要項もあわせて確認してください。賃管試験では用語集と条文の対応づけが得点の鍵になります。最新の試験要項もあわせて確認してください。,確認先はどこですか？,消防法・政令・用語集を参照してください。乙4試験では用語集と消防法・政令の対応づけが得点の鍵になります。最新の試験要項もあわせて確認してください。賃管試験では用語集と条文の対応づけが得点の鍵になります。最新の試験要項もあわせて確認してください。
shoka-kunren-mis-s43,消火訓練：自衛消防組織と消火活動の混同誤り（S43）,火災・消火・漏えい,自衛消防組織;消火活動,消火訓練（判例・ガイド）で自衛消防組織と消火活動を同一視する典型誤り。,自衛消防組織と消火活動の混同。,"[{""topic"": ""基準"", ""wrong"": ""同一"", ""correct"": ""別基準"", ""trap"": ""基準誤""}, {""topic"": ""数量"", ""wrong"": ""無視"", ""correct"": ""指定数量"", ""trap"": ""数量誤""}, {""topic"": ""設備"", ""wrong"": ""不要"", ""correct"": ""政令基準"", ""trap"": ""設備誤""}, {""topic"": ""届出"", ""wrong"": ""不要"", ""correct"": ""必要"", ""trap"": ""届出誤""}]",消火訓練：自衛消防組織と消火活動の混同誤り（S43）｜乙4,消火訓練（判例・ガイド）で自衛消防組織と消火活動を同一視する典型誤り。正しい整理を表にまとめてください。数値・日程・合格基準は消防試験研究センター（https://www.shoubo-shiken.or.jp/kikenbutsu/）の試験要項で必ずご確認ください。,自衛消防組織≠消火活動;倍数・設備;品名表;試験の正誤肢に注意,同一視;倍数無視;設備不要;試験の正誤肢に注意,「自衛消防組織と消火活動は別」。,自衛消防組織;消火活動,誤りの内容は何ですか？,消火訓練（判例・ガイド）で自衛消防組織と消火活動を同一視する典型誤り。典型誤答として頻出です。乙4試験では用語集と消防法・政令の対応づけが得点の鍵になります。最新の試験要項もあわせて確認してください。,正しい理解は何ですか？,自衛消防組織と消火活動を基準・数量・設備で分けてください。乙4試験では用語集と消防法・政令の対応づけが得点の鍵になります。最新の試験要項もあわせて確認してください。賃管試験では用語集と条文の対応づけが得点の鍵になります。最新の試験要項もあわせて確認してください。,試験対策の進め方は？,誤答パターン表を作成し、過去問を反復してください。乙4試験では用語集と消防法・政令の対応づけが得点の鍵になります。最新の試験要項もあわせて確認してください。賃管試験では用語集と条文の対応づけが得点の鍵になります。最新の試験要項もあわせて確認してください。,確認先はどこですか？,消防法・政令・用語集を参照してください。乙4試験では用語集と消防法・政令の対応づけが得点の鍵になります。最新の試験要項もあわせて確認してください。賃管試験では用語集と条文の対応づけが得点の鍵になります。最新の試験要項もあわせて確認してください。
tank-kensa-mis-s43,タンク検査：タンクローリーと移動タンク貯蔵所の混同誤り（S43）,法令・制度,タンクローリー;移動タンク貯蔵所,タンク検査（判例・ガイド）でタンクローリーと移動タンク貯蔵所を同一視する典型誤り。,タンクローリーと移動タンク貯蔵所の混同。,"[{""topic"": ""基準"", ""wrong"": ""同一"", ""correct"": ""別基準"", ""trap"": ""基準誤""}, {""topic"": ""数量"", ""wrong"": ""無視"", ""correct"": ""指定数量"", ""trap"": ""数量誤""}, {""topic"": ""設備"", ""wrong"": ""不要"", ""correct"": ""政令基準"", ""trap"": ""設備誤""}, {""topic"": ""届出"", ""wrong"": ""不要"", ""correct"": ""必要"", ""trap"": ""届出誤""}]",タンク検査：タンクローリーと移動タンク貯蔵所の混同誤り（S43）｜乙4,タンク検査（判例・ガイド）でタンクローリーと移動タンク貯蔵所を同一視する典型誤り。正しい整理を表にまとめてください。数値・日程・合格基準は消防試験研究センター（https://www.shoubo-shiken.or.jp/kikenbutsu/）の試験要項で必ずご確認ください。,タンクローリー≠移動タンク貯蔵所;倍数・設備;品名表;試験の正誤肢に注意,同一視;倍数無視;設備不要;試験の正誤肢に注意,「タンクローリーと移動タンク貯蔵所は別」。,タンクローリー;移動タンク貯蔵所,誤りの内容は何ですか？,タンク検査（判例・ガイド）でタンクローリーと移動タンク貯蔵所を同一視する典型誤り。典型誤答として頻出です。乙4試験では用語集と消防法・政令の対応づけが得点の鍵になります。最新の試験要項もあわせて確認してください。,正しい理解は何ですか？,タンクローリーと移動タンク貯蔵所を基準・数量・設備で分けてください。乙4試験では用語集と消防法・政令の対応づけが得点の鍵になります。最新の試験要項もあわせて確認してください。賃管試験では用語集と条文の対応づけが得点の鍵になります。最新の試験要項もあわせて確認してください。,試験対策の進め方は？,誤答パターン表を作成し、過去問を反復してください。乙4試験では用語集と消防法・政令の対応づけが得点の鍵になります。最新の試験要項もあわせて確認してください。賃管試験では用語集と条文の対応づけが得点の鍵になります。最新の試験要項もあわせて確認してください。,確認先はどこですか？,消防法・政令・用語集を参照してください。乙4試験では用語集と消防法・政令の対応づけが得点の鍵になります。最新の試験要項もあわせて確認してください。賃管試験では用語集と条文の対応づけが得点の鍵になります。最新の試験要項もあわせて確認してください。
tensou-kiroku-mis-s43,転送記録保存：譲渡・引渡しと移送の混同誤り（S43）,法令・制度,譲渡・引渡し;移送,転送記録保存（判例・ガイド）で譲渡・引渡しと移送を同一視する典型誤り。,譲渡・引渡しと移送の混同。,"[{""topic"": ""基準"", ""wrong"": ""同一"", ""correct"": ""別基準"", ""trap"": ""基準誤""}, {""topic"": ""数量"", ""wrong"": ""無視"", ""correct"": ""指定数量"", ""trap"": ""数量誤""}, {""topic"": ""設備"", ""wrong"": ""不要"", ""correct"": ""政令基準"", ""trap"": ""設備誤""}, {""topic"": ""届出"", ""wrong"": ""不要"", ""correct"": ""必要"", ""trap"": ""届出誤""}]",転送記録保存：譲渡・引渡しと移送の混同誤り（S43）｜乙4,転送記録保存（判例・ガイド）で譲渡・引渡しと移送を同一視する典型誤り。正しい整理を表にまとめてください。数値・日程・合格基準は消防試験研究センター（https://www.shoubo-shiken.or.jp/kikenbutsu/）の試験要項で必ずご確認ください。,譲渡・引渡し≠移送;倍数・設備;品名表;試験の正誤肢に注意,同一視;倍数無視;設備不要;試験の正誤肢に注意,「譲渡・引渡しと移送は別」。,譲渡・引渡し;移送,誤りの内容は何ですか？,転送記録保存（判例・ガイド）で譲渡・引渡しと移送を同一視する典型誤り。典型誤答として頻出です。乙4試験では用語集と消防法・政令の対応づけが得点の鍵になります。最新の試験要項もあわせて確認してください。,正しい理解は何ですか？,譲渡・引渡しと移送を基準・数量・設備で分けてください。乙4試験では用語集と消防法・政令の対応づけが得点の鍵になります。最新の試験要項もあわせて確認してください。賃管試験では用語集と条文の対応づけが得点の鍵になります。最新の試験要項もあわせて確認してください。,試験対策の進め方は？,誤答パターン表を作成し、過去問を反復してください。乙4試験では用語集と消防法・政令の対応づけが得点の鍵になります。最新の試験要項もあわせて確認してください。賃管試験では用語集と条文の対応づけが得点の鍵になります。最新の試験要項もあわせて確認してください。,確認先はどこですか？,消防法・政令・用語集を参照してください。乙4試験では用語集と消防法・政令の対応づけが得点の鍵になります。最新の試験要項もあわせて確認してください。賃管試験では用語集と条文の対応づけが得点の鍵になります。最新の試験要項もあわせて確認してください。
ot4-chokuzen-mis-s43,乙4直前：乙種危険物取扱者と丙種危険物取扱者の混同誤り（S43）,法令・制度,乙種危険物取扱者;丙種危険物取扱者,乙4直前（判例・ガイド）で乙種危険物取扱者と丙種危険物取扱者を同一視する典型誤り。,乙種危険物取扱者と丙種危険物取扱者の混同。,"[{""topic"": ""基準"", ""wrong"": ""同一"", ""correct"": ""別基準"", ""trap"": ""基準誤""}, {""topic"": ""数量"", ""wrong"": ""無視"", ""correct"": ""指定数量"", ""trap"": ""数量誤""}, {""topic"": ""設備"", ""wrong"": ""不要"", ""correct"": ""政令基準"", ""trap"": ""設備誤""}, {""topic"": ""届出"", ""wrong"": ""不要"", ""correct"": ""必要"", ""trap"": ""届出誤""}]",乙4直前：乙種危険物取扱者と丙種危険物取扱者の混同誤り（S43）｜乙4,乙4直前（判例・ガイド）で乙種危険物取扱者と丙種危険物取扱者を同一視する典型誤り。正しい整理を表にまとめてください。数値・日程・合格基準は消防試験研究センター（https://www.shoubo-shiken.or.jp/kikenbutsu/）の試験要項で必ずご確認ください。,乙種危険物取扱者≠丙種危険物取扱者;倍数・設備;品名表;試験の正誤肢に注意,同一視;倍数無視;設備不要;試験の正誤肢に注意,「乙種危険物取扱者と丙種危険物取扱者は別」。,乙種危険物取扱者;丙種危険物取扱者,誤りの内容は何ですか？,乙4直前（判例・ガイド）で乙種危険物取扱者と丙種危険物取扱者を同一視する典型誤り。典型誤答として頻出です。乙4試験では用語集と消防法・政令の対応づけが得点の鍵になります。最新の試験要項もあわせて確認してください。,正しい理解は何ですか？,乙種危険物取扱者と丙種危険物取扱者を基準・数量・設備で分けてください。乙4試験では用語集と消防法・政令の対応づけが得点の鍵になります。最新の試験要項もあわせて確認してください。賃管試験では用語集と条文の対応づけが得点の鍵になります。最新の試験要項もあわせて確認してください。,試験対策の進め方は？,誤答パターン表を作成し、過去問を反復してください。乙4試験では用語集と消防法・政令の対応づけが得点の鍵になります。最新の試験要項もあわせて確認してください。賃管試験では用語集と条文の対応づけが得点の鍵になります。最新の試験要項もあわせて確認してください。,確認先はどこですか？,消防法・政令・用語集を参照してください。乙4試験では用語集と消防法・政令の対応づけが得点の鍵になります。最新の試験要項もあわせて確認してください。賃管試験では用語集と条文の対応づけが得点の鍵になります。最新の試験要項もあわせて確認してください。
kiken-hoan-mis-s44,危険物保安：危険物取扱者と危険物保安監督者の混同誤り（S44）,法令・制度,危険物取扱者;危険物保安監督者,危険物保安（横断総合）で危険物取扱者と危険物保安監督者を同一視する典型誤り。,危険物取扱者と危険物保安監督者の混同。,"[{""topic"": ""基準"", ""wrong"": ""同一"", ""correct"": ""別基準"", ""trap"": ""基準誤""}, {""topic"": ""数量"", ""wrong"": ""無視"", ""correct"": ""指定数量"", ""trap"": ""数量誤""}, {""topic"": ""設備"", ""wrong"": ""不要"", ""correct"": ""政令基準"", ""trap"": ""設備誤""}, {""topic"": ""届出"", ""wrong"": ""不要"", ""correct"": ""必要"", ""trap"": ""届出誤""}]",危険物保安：危険物取扱者と危険物保安監督者の混同誤り（S44）｜乙4,危険物保安（横断総合）で危険物取扱者と危険物保安監督者を同一視する典型誤り。正しい整理を表にまとめてください。数値・日程・合格基準は消防試験研究センター（https://www.shoubo-shiken.or.jp/kikenbutsu/）の試験要項で必ずご確認ください。,危険物取扱者≠危険物保安監督者;倍数・設備;品名表;試験の正誤肢に注意,同一視;倍数無視;設備不要;試験の正誤肢に注意,「危険物取扱者と危険物保安監督者は別」。,危険物取扱者;危険物保安監督者,誤りの内容は何ですか？,危険物保安（横断総合）で危険物取扱者と危険物保安監督者を同一視する典型誤り。典型誤答として頻出です。乙4試験では用語集と消防法・政令の対応づけが得点の鍵になります。最新の試験要項もあわせて確認してください。,正しい理解は何ですか？,危険物取扱者と危険物保安監督者を基準・数量・設備で分けてください。乙4試験では用語集と消防法・政令の対応づけが得点の鍵になります。最新の試験要項もあわせて確認してください。賃管試験では用語集と条文の対応づけが得点の鍵になります。最新の試験要項もあわせて確認してください。,試験対策の進め方は？,誤答パターン表を作成し、過去問を反復してください。乙4試験では用語集と消防法・政令の対応づけが得点の鍵になります。最新の試験要項もあわせて確認してください。賃管試験では用語集と条文の対応づけが得点の鍵になります。最新の試験要項もあわせて確認してください。,確認先はどこですか？,消防法・政令・用語集を参照してください。乙4試験では用語集と消防法・政令の対応づけが得点の鍵になります。最新の試験要項もあわせて確認してください。賃管試験では用語集と条文の対応づけが得点の鍵になります。最新の試験要項もあわせて確認してください。
shobo-setsubi-mis-s44,消防設備点検：消火設備と消火活動の混同誤り（S44）,火災・消火・漏えい,消火設備;消火活動,消防設備点検（横断総合）で消火設備と消火活動を同一視する典型誤り。,消火設備と消火活動の混同。,"[{""topic"": ""基準"", ""wrong"": ""同一"", ""correct"": ""別基準"", ""trap"": ""基準誤""}, {""topic"": ""数量"", ""wrong"": ""無視"", ""correct"": ""指定数量"", ""trap"": ""数量誤""}, {""topic"": ""設備"", ""wrong"": ""不要"", ""correct"": ""政令基準"", ""trap"": ""設備誤""}, {""topic"": ""届出"", ""wrong"": ""不要"", ""correct"": ""必要"", ""trap"": ""届出誤""}]",消防設備点検：消火設備と消火活動の混同誤り（S44）｜乙4,消防設備点検（横断総合）で消火設備と消火活動を同一視する典型誤り。正しい整理を表にまとめてください。数値・日程・合格基準は消防試験研究センター（https://www.shoubo-shiken.or.jp/kikenbutsu/）の試験要項で必ずご確認ください。,消火設備≠消火活動;倍数・設備;品名表;試験の正誤肢に注意,同一視;倍数無視;設備不要;試験の正誤肢に注意,「消火設備と消火活動は別」。,消火設備;消火活動,誤りの内容は何ですか？,消防設備点検（横断総合）で消火設備と消火活動を同一視する典型誤り。典型誤答として頻出です。乙4試験では用語集と消防法・政令の対応づけが得点の鍵になります。最新の試験要項もあわせて確認してください。賃管試験では用語集と条文の対応づけが得点の鍵になります。最新の試験要項もあわせて確認してください。,正しい理解は何ですか？,消火設備と消火活動を基準・数量・設備で分けてください。乙4試験では用語集と消防法・政令の対応づけが得点の鍵になります。最新の試験要項もあわせて確認してください。賃管試験では用語集と条文の対応づけが得点の鍵になります。最新の試験要項もあわせて確認してください。,試験対策の進め方は？,誤答パターン表を作成し、過去問を反復してください。乙4試験では用語集と消防法・政令の対応づけが得点の鍵になります。最新の試験要項もあわせて確認してください。賃管試験では用語集と条文の対応づけが得点の鍵になります。最新の試験要項もあわせて確認してください。,確認先はどこですか？,消防法・政令・用語集を参照してください。乙4試験では用語集と消防法・政令の対応づけが得点の鍵になります。最新の試験要項もあわせて確認してください。賃管試験では用語集と条文の対応づけが得点の鍵になります。最新の試験要項もあわせて確認してください。
shitei-suryo-santei-mis-s44,指定数量算定：指定数量と指定数量の倍数の混同誤り（S44）,法令・制度,指定数量;指定数量の倍数,指定数量算定（横断総合）で指定数量と指定数量の倍数を同一視する典型誤り。,指定数量と指定数量の倍数の混同。,"[{""topic"": ""基準"", ""wrong"": ""同一"", ""correct"": ""別基準"", ""trap"": ""基準誤""}, {""topic"": ""数量"", ""wrong"": ""無視"", ""correct"": ""指定数量"", ""trap"": ""数量誤""}, {""topic"": ""設備"", ""wrong"": ""不要"", ""correct"": ""政令基準"", ""trap"": ""設備誤""}, {""topic"": ""届出"", ""wrong"": ""不要"", ""correct"": ""必要"", ""trap"": ""届出誤""}]",指定数量算定：指定数量と指定数量の倍数の混同誤り（S44）｜乙4,指定数量算定（横断総合）で指定数量と指定数量の倍数を同一視する典型誤り。正しい整理を表にまとめてください。数値・日程・合格基準は消防試験研究センター（https://www.shoubo-shiken.or.jp/kikenbutsu/）の試験要項で必ずご確認ください。,指定数量≠指定数量の倍数;倍数・設備;品名表;試験の正誤肢に注意,同一視;倍数無視;設備不要;試験の正誤肢に注意,「指定数量と指定数量の倍数は別」。,指定数量;指定数量の倍数,誤りの内容は何ですか？,指定数量算定（横断総合）で指定数量と指定数量の倍数を同一視する典型誤り。典型誤答として頻出です。乙4試験では用語集と消防法・政令の対応づけが得点の鍵になります。最新の試験要項もあわせて確認してください。,正しい理解は何ですか？,指定数量と指定数量の倍数を基準・数量・設備で分けてください。乙4試験では用語集と消防法・政令の対応づけが得点の鍵になります。最新の試験要項もあわせて確認してください。賃管試験では用語集と条文の対応づけが得点の鍵になります。最新の試験要項もあわせて確認してください。,試験対策の進め方は？,誤答パターン表を作成し、過去問を反復してください。乙4試験では用語集と消防法・政令の対応づけが得点の鍵になります。最新の試験要項もあわせて確認してください。賃管試験では用語集と条文の対応づけが得点の鍵になります。最新の試験要項もあわせて確認してください。,確認先はどこですか？,消防法・政令・用語集を参照してください。乙4試験では用語集と消防法・政令の対応づけが得点の鍵になります。最新の試験要項もあわせて確認してください。賃管試験では用語集と条文の対応づけが得点の鍵になります。最新の試験要項もあわせて確認してください。
chozo-sekkei-mis-s44,貯蔵所設計：屋外タンク貯蔵所と屋内タンク貯蔵所の基準の混同誤り（S44）,法令・制度,屋外タンク貯蔵所;屋内タンク貯蔵所の基準,貯蔵所設計（横断総合）で屋外タンク貯蔵所と屋内タンク貯蔵所の基準を同一視する典型誤り。,屋外タンク貯蔵所と屋内タンク貯蔵所の基準の混同。,"[{""topic"": ""基準"", ""wrong"": ""同一"", ""correct"": ""別基準"", ""trap"": ""基準誤""}, {""topic"": ""数量"", ""wrong"": ""無視"", ""correct"": ""指定数量"", ""trap"": ""数量誤""}, {""topic"": ""設備"", ""wrong"": ""不要"", ""correct"": ""政令基準"", ""trap"": ""設備誤""}, {""topic"": ""届出"", ""wrong"": ""不要"", ""correct"": ""必要"", ""trap"": ""届出誤""}]",貯蔵所設計：屋外タンク貯蔵所と屋内タンク貯蔵所の基準の混同誤り（S44）｜乙4,貯蔵所設計（横断総合）で屋外タンク貯蔵所と屋内タンク貯蔵所の基準を同一視する典型誤り。正しい整理を表にまとめてください。数値・日程・合格基準は消防試験研究センター（https://www.shoubo-shiken.or.jp/kikenbutsu/）の試験要項で必ずご確認ください。,屋外タンク貯蔵所≠屋内タンク貯蔵所の基準;倍数・設備;品名表;試験の正誤肢に注意,同一視;倍数無視;設備不要;試験の正誤肢に注意,「屋外タンク貯蔵所と屋内タンク貯蔵所の基準は別」。,屋外タンク貯蔵所;屋内タンク貯蔵所の基準,誤りの内容は何ですか？,貯蔵所設計（横断総合）で屋外タンク貯蔵所と屋内タンク貯蔵所の基準を同一視する典型誤り。典型誤答として頻出です。乙4試験では用語集と消防法・政令の対応づけが得点の鍵になります。最新の試験要項もあわせて確認してください。,正しい理解は何ですか？,屋外タンク貯蔵所と屋内タンク貯蔵所の基準を基準・数量・設備で分けてください。乙4試験では用語集と消防法・政令の対応づけが得点の鍵になります。最新の試験要項もあわせて確認してください。賃管試験では用語集と条文の対応づけが得点の鍵になります。最新の試験要項もあわせて確認してください。,試験対策の進め方は？,誤答パターン表を作成し、過去問を反復してください。乙4試験では用語集と消防法・政令の対応づけが得点の鍵になります。最新の試験要項もあわせて確認してください。賃管試験では用語集と条文の対応づけが得点の鍵になります。最新の試験要項もあわせて確認してください。,確認先はどこですか？,消防法・政令・用語集を参照してください。乙4試験では用語集と消防法・政令の対応づけが得点の鍵になります。最新の試験要項もあわせて確認してください。賃管試験では用語集と条文の対応づけが得点の鍵になります。最新の試験要項もあわせて確認してください。
ido-toriatsukai-mis-s44,移動取扱：移動タンク貯蔵所とタンクローリーの混同誤り（S44）,法令・制度,移動タンク貯蔵所;タンクローリー,移動取扱（横断総合）で移動タンク貯蔵所とタンクローリーを同一視する典型誤り。,移動タンク貯蔵所とタンクローリーの混同。,"[{""topic"": ""基準"", ""wrong"": ""同一"", ""correct"": ""別基準"", ""trap"": ""基準誤""}, {""topic"": ""数量"", ""wrong"": ""無視"", ""correct"": ""指定数量"", ""trap"": ""数量誤""}, {""topic"": ""設備"", ""wrong"": ""不要"", ""correct"": ""政令基準"", ""trap"": ""設備誤""}, {""topic"": ""届出"", ""wrong"": ""不要"", ""correct"": ""必要"", ""trap"": ""届出誤""}]",移動取扱：移動タンク貯蔵所とタンクローリーの混同誤り（S44）｜乙4,移動取扱（横断総合）で移動タンク貯蔵所とタンクローリーを同一視する典型誤り。正しい整理を表にまとめてください。数値・日程・合格基準は消防試験研究センター（https://www.shoubo-shiken.or.jp/kikenbutsu/）の試験要項で必ずご確認ください。,移動タンク貯蔵所≠タンクローリー;倍数・設備;品名表;試験の正誤肢に注意,同一視;倍数無視;設備不要;試験の正誤肢に注意,「移動タンク貯蔵所とタンクローリーは別」。,移動タンク貯蔵所;タンクローリー,誤りの内容は何ですか？,移動取扱（横断総合）で移動タンク貯蔵所とタンクローリーを同一視する典型誤り。典型誤答として頻出です。乙4試験では用語集と消防法・政令の対応づけが得点の鍵になります。最新の試験要項もあわせて確認してください。,正しい理解は何ですか？,移動タンク貯蔵所とタンクローリーを基準・数量・設備で分けてください。乙4試験では用語集と消防法・政令の対応づけが得点の鍵になります。最新の試験要項もあわせて確認してください。賃管試験では用語集と条文の対応づけが得点の鍵になります。最新の試験要項もあわせて確認してください。,試験対策の進め方は？,誤答パターン表を作成し、過去問を反復してください。乙4試験では用語集と消防法・政令の対応づけが得点の鍵になります。最新の試験要項もあわせて確認してください。賃管試験では用語集と条文の対応づけが得点の鍵になります。最新の試験要項もあわせて確認してください。,確認先はどこですか？,消防法・政令・用語集を参照してください。乙4試験では用語集と消防法・政令の対応づけが得点の鍵になります。最新の試験要項もあわせて確認してください。賃管試験では用語集と条文の対応づけが得点の鍵になります。最新の試験要項もあわせて確認してください。
yobo-kitei-mis-s44,予防規程改定：予防規程と火災予防の混同誤り（S44）,法令・制度,予防規程;火災予防,予防規程改定（横断総合）で予防規程と火災予防を同一視する典型誤り。,予防規程と火災予防の混同。,"[{""topic"": ""基準"", ""wrong"": ""同一"", ""correct"": ""別基準"", ""trap"": ""基準誤""}, {""topic"": ""数量"", ""wrong"": ""無視"", ""correct"": ""指定数量"", ""trap"": ""数量誤""}, {""topic"": ""設備"", ""wrong"": ""不要"", ""correct"": ""政令基準"", ""trap"": ""設備誤""}, {""topic"": ""届出"", ""wrong"": ""不要"", ""correct"": ""必要"", ""trap"": ""届出誤""}]",予防規程改定：予防規程と火災予防の混同誤り（S44）｜乙4,予防規程改定（横断総合）で予防規程と火災予防を同一視する典型誤り。正しい整理を表にまとめてください。数値・日程・合格基準は消防試験研究センター（https://www.shoubo-shiken.or.jp/kikenbutsu/）の試験要項で必ずご確認ください。,予防規程≠火災予防;倍数・設備;品名表;試験の正誤肢に注意,同一視;倍数無視;設備不要;試験の正誤肢に注意,「予防規程と火災予防は別」。,予防規程;火災予防,誤りの内容は何ですか？,予防規程改定（横断総合）で予防規程と火災予防を同一視する典型誤り。典型誤答として頻出です。乙4試験では用語集と消防法・政令の対応づけが得点の鍵になります。最新の試験要項もあわせて確認してください。賃管試験では用語集と条文の対応づけが得点の鍵になります。最新の試験要項もあわせて確認してください。,正しい理解は何ですか？,予防規程と火災予防を基準・数量・設備で分けてください。乙4試験では用語集と消防法・政令の対応づけが得点の鍵になります。最新の試験要項もあわせて確認してください。賃管試験では用語集と条文の対応づけが得点の鍵になります。最新の試験要項もあわせて確認してください。,試験対策の進め方は？,誤答パターン表を作成し、過去問を反復してください。乙4試験では用語集と消防法・政令の対応づけが得点の鍵になります。最新の試験要項もあわせて確認してください。賃管試験では用語集と条文の対応づけが得点の鍵になります。最新の試験要項もあわせて確認してください。,確認先はどこですか？,消防法・政令・用語集を参照してください。乙4試験では用語集と消防法・政令の対応づけが得点の鍵になります。最新の試験要項もあわせて確認してください。賃管試験では用語集と条文の対応づけが得点の鍵になります。最新の試験要項もあわせて確認してください。
shoka-kunren-mis-s44,消火訓練：自衛消防組織と消火活動の混同誤り（S44）,火災・消火・漏えい,自衛消防組織;消火活動,消火訓練（横断総合）で自衛消防組織と消火活動を同一視する典型誤り。,自衛消防組織と消火活動の混同。,"[{""topic"": ""基準"", ""wrong"": ""同一"", ""correct"": ""別基準"", ""trap"": ""基準誤""}, {""topic"": ""数量"", ""wrong"": ""無視"", ""correct"": ""指定数量"", ""trap"": ""数量誤""}, {""topic"": ""設備"", ""wrong"": ""不要"", ""correct"": ""政令基準"", ""trap"": ""設備誤""}, {""topic"": ""届出"", ""wrong"": ""不要"", ""correct"": ""必要"", ""trap"": ""届出誤""}]",消火訓練：自衛消防組織と消火活動の混同誤り（S44）｜乙4,消火訓練（横断総合）で自衛消防組織と消火活動を同一視する典型誤り。正しい整理を表にまとめてください。数値・日程・合格基準は消防試験研究センター（https://www.shoubo-shiken.or.jp/kikenbutsu/）の試験要項で必ずご確認ください。,自衛消防組織≠消火活動;倍数・設備;品名表;試験の正誤肢に注意,同一視;倍数無視;設備不要;試験の正誤肢に注意,「自衛消防組織と消火活動は別」。,自衛消防組織;消火活動,誤りの内容は何ですか？,消火訓練（横断総合）で自衛消防組織と消火活動を同一視する典型誤り。典型誤答として頻出です。乙4試験では用語集と消防法・政令の対応づけが得点の鍵になります。最新の試験要項もあわせて確認してください。賃管試験では用語集と条文の対応づけが得点の鍵になります。最新の試験要項もあわせて確認してください。,正しい理解は何ですか？,自衛消防組織と消火活動を基準・数量・設備で分けてください。乙4試験では用語集と消防法・政令の対応づけが得点の鍵になります。最新の試験要項もあわせて確認してください。賃管試験では用語集と条文の対応づけが得点の鍵になります。最新の試験要項もあわせて確認してください。,試験対策の進め方は？,誤答パターン表を作成し、過去問を反復してください。乙4試験では用語集と消防法・政令の対応づけが得点の鍵になります。最新の試験要項もあわせて確認してください。賃管試験では用語集と条文の対応づけが得点の鍵になります。最新の試験要項もあわせて確認してください。,確認先はどこですか？,消防法・政令・用語集を参照してください。乙4試験では用語集と消防法・政令の対応づけが得点の鍵になります。最新の試験要項もあわせて確認してください。賃管試験では用語集と条文の対応づけが得点の鍵になります。最新の試験要項もあわせて確認してください。
tank-kensa-mis-s44,タンク検査：タンクローリーと移動タンク貯蔵所の混同誤り（S44）,法令・制度,タンクローリー;移動タンク貯蔵所,タンク検査（横断総合）でタンクローリーと移動タンク貯蔵所を同一視する典型誤り。,タンクローリーと移動タンク貯蔵所の混同。,"[{""topic"": ""基準"", ""wrong"": ""同一"", ""correct"": ""別基準"", ""trap"": ""基準誤""}, {""topic"": ""数量"", ""wrong"": ""無視"", ""correct"": ""指定数量"", ""trap"": ""数量誤""}, {""topic"": ""設備"", ""wrong"": ""不要"", ""correct"": ""政令基準"", ""trap"": ""設備誤""}, {""topic"": ""届出"", ""wrong"": ""不要"", ""correct"": ""必要"", ""trap"": ""届出誤""}]",タンク検査：タンクローリーと移動タンク貯蔵所の混同誤り（S44）｜乙4,タンク検査（横断総合）でタンクローリーと移動タンク貯蔵所を同一視する典型誤り。正しい整理を表にまとめてください。数値・日程・合格基準は消防試験研究センター（https://www.shoubo-shiken.or.jp/kikenbutsu/）の試験要項で必ずご確認ください。,タンクローリー≠移動タンク貯蔵所;倍数・設備;品名表;試験の正誤肢に注意,同一視;倍数無視;設備不要;試験の正誤肢に注意,「タンクローリーと移動タンク貯蔵所は別」。,タンクローリー;移動タンク貯蔵所,誤りの内容は何ですか？,タンク検査（横断総合）でタンクローリーと移動タンク貯蔵所を同一視する典型誤り。典型誤答として頻出です。乙4試験では用語集と消防法・政令の対応づけが得点の鍵になります。最新の試験要項もあわせて確認してください。,正しい理解は何ですか？,タンクローリーと移動タンク貯蔵所を基準・数量・設備で分けてください。乙4試験では用語集と消防法・政令の対応づけが得点の鍵になります。最新の試験要項もあわせて確認してください。賃管試験では用語集と条文の対応づけが得点の鍵になります。最新の試験要項もあわせて確認してください。,試験対策の進め方は？,誤答パターン表を作成し、過去問を反復してください。乙4試験では用語集と消防法・政令の対応づけが得点の鍵になります。最新の試験要項もあわせて確認してください。賃管試験では用語集と条文の対応づけが得点の鍵になります。最新の試験要項もあわせて確認してください。,確認先はどこですか？,消防法・政令・用語集を参照してください。乙4試験では用語集と消防法・政令の対応づけが得点の鍵になります。最新の試験要項もあわせて確認してください。賃管試験では用語集と条文の対応づけが得点の鍵になります。最新の試験要項もあわせて確認してください。
tensou-kiroku-mis-s44,転送記録保存：譲渡・引渡しと移送の混同誤り（S44）,法令・制度,譲渡・引渡し;移送,転送記録保存（横断総合）で譲渡・引渡しと移送を同一視する典型誤り。,譲渡・引渡しと移送の混同。,"[{""topic"": ""基準"", ""wrong"": ""同一"", ""correct"": ""別基準"", ""trap"": ""基準誤""}, {""topic"": ""数量"", ""wrong"": ""無視"", ""correct"": ""指定数量"", ""trap"": ""数量誤""}, {""topic"": ""設備"", ""wrong"": ""不要"", ""correct"": ""政令基準"", ""trap"": ""設備誤""}, {""topic"": ""届出"", ""wrong"": ""不要"", ""correct"": ""必要"", ""trap"": ""届出誤""}]",転送記録保存：譲渡・引渡しと移送の混同誤り（S44）｜乙4,転送記録保存（横断総合）で譲渡・引渡しと移送を同一視する典型誤り。正しい整理を表にまとめてください。数値・日程・合格基準は消防試験研究センター（https://www.shoubo-shiken.or.jp/kikenbutsu/）の試験要項で必ずご確認ください。,譲渡・引渡し≠移送;倍数・設備;品名表;試験の正誤肢に注意,同一視;倍数無視;設備不要;試験の正誤肢に注意,「譲渡・引渡しと移送は別」。,譲渡・引渡し;移送,誤りの内容は何ですか？,転送記録保存（横断総合）で譲渡・引渡しと移送を同一視する典型誤り。典型誤答として頻出です。乙4試験では用語集と消防法・政令の対応づけが得点の鍵になります。最新の試験要項もあわせて確認してください。賃管試験では用語集と条文の対応づけが得点の鍵になります。最新の試験要項もあわせて確認してください。,正しい理解は何ですか？,譲渡・引渡しと移送を基準・数量・設備で分けてください。乙4試験では用語集と消防法・政令の対応づけが得点の鍵になります。最新の試験要項もあわせて確認してください。賃管試験では用語集と条文の対応づけが得点の鍵になります。最新の試験要項もあわせて確認してください。,試験対策の進め方は？,誤答パターン表を作成し、過去問を反復してください。乙4試験では用語集と消防法・政令の対応づけが得点の鍵になります。最新の試験要項もあわせて確認してください。賃管試験では用語集と条文の対応づけが得点の鍵になります。最新の試験要項もあわせて確認してください。,確認先はどこですか？,消防法・政令・用語集を参照してください。乙4試験では用語集と消防法・政令の対応づけが得点の鍵になります。最新の試験要項もあわせて確認してください。賃管試験では用語集と条文の対応づけが得点の鍵になります。最新の試験要項もあわせて確認してください。
ot4-chokuzen-mis-s44,乙4直前：乙種危険物取扱者と丙種危険物取扱者の混同誤り（S44）,法令・制度,乙種危険物取扱者;丙種危険物取扱者,乙4直前（横断総合）で乙種危険物取扱者と丙種危険物取扱者を同一視する典型誤り。,乙種危険物取扱者と丙種危険物取扱者の混同。,"[{""topic"": ""基準"", ""wrong"": ""同一"", ""correct"": ""別基準"", ""trap"": ""基準誤""}, {""topic"": ""数量"", ""wrong"": ""無視"", ""correct"": ""指定数量"", ""trap"": ""数量誤""}, {""topic"": ""設備"", ""wrong"": ""不要"", ""correct"": ""政令基準"", ""trap"": ""設備誤""}, {""topic"": ""届出"", ""wrong"": ""不要"", ""correct"": ""必要"", ""trap"": ""届出誤""}]",乙4直前：乙種危険物取扱者と丙種危険物取扱者の混同誤り（S44）｜乙4,乙4直前（横断総合）で乙種危険物取扱者と丙種危険物取扱者を同一視する典型誤り。正しい整理を表にまとめてください。数値・日程・合格基準は消防試験研究センター（https://www.shoubo-shiken.or.jp/kikenbutsu/）の試験要項で必ずご確認ください。,乙種危険物取扱者≠丙種危険物取扱者;倍数・設備;品名表;試験の正誤肢に注意,同一視;倍数無視;設備不要;試験の正誤肢に注意,「乙種危険物取扱者と丙種危険物取扱者は別」。,乙種危険物取扱者;丙種危険物取扱者,誤りの内容は何ですか？,乙4直前（横断総合）で乙種危険物取扱者と丙種危険物取扱者を同一視する典型誤り。典型誤答として頻出です。乙4試験では用語集と消防法・政令の対応づけが得点の鍵になります。最新の試験要項もあわせて確認してください。,正しい理解は何ですか？,乙種危険物取扱者と丙種危険物取扱者を基準・数量・設備で分けてください。乙4試験では用語集と消防法・政令の対応づけが得点の鍵になります。最新の試験要項もあわせて確認してください。賃管試験では用語集と条文の対応づけが得点の鍵になります。最新の試験要項もあわせて確認してください。,試験対策の進め方は？,誤答パターン表を作成し、過去問を反復してください。乙4試験では用語集と消防法・政令の対応づけが得点の鍵になります。最新の試験要項もあわせて確認してください。賃管試験では用語集と条文の対応づけが得点の鍵になります。最新の試験要項もあわせて確認してください。,確認先はどこですか？,消防法・政令・用語集を参照してください。乙4試験では用語集と消防法・政令の対応づけが得点の鍵になります。最新の試験要項もあわせて確認してください。賃管試験では用語集と条文の対応づけが得点の鍵になります。最新の試験要項もあわせて確認してください。
