question_no,type,category,tags,stem,preamble,statement_a,statement_b,statement_c,statement_d,choice_1,choice_2,choice_3,choice_4,choice_5,correct,explanation,explanation_choices,explanation_correct,explanation_summary,explanation_point
1,single,法令・制度,L-001;LAW-001;危険物の定義;消防法上の危険物の定義;基礎;網羅,消防法上の危険物について、正しいものはどれか。,,,,,,消防法別表第一の品名欄に掲げる物品で、同表に定める区分に応じた性状を有するものをいう。,消防法上の危険物とは、毒性があるすべての物質をいう。,消防法上の危険物とは、液体の可燃物だけをいう。,消防法上の危険物とは、火災時に煙を出す物質をいう。,消防法上の危険物とは、すべての可燃物をいう。,1,消防法上の危険物は、消防法別表第一の品名欄に掲げる物品で、同表の区分に応じた性状を有するものをいう。すべての可燃物や液体可燃物が危険物になるわけではない。【試験ポイント】危険物は消防法別表第一を基準に判断する。【ひっかけ】可燃物すべてが危険物ではない。【選択肢ア】正しい。消防法別表第一の品名欄と性質欄に掲げる性状が判断基準になる。【選択肢イ】誤り。毒性の有無だけで消防法上の危険物になるわけではない。【選択肢ウ】誤り。危険物は第1類から第6類まであり、液体の可燃物だけではない。【選択肢エ】誤り。煙を出すかどうかは消防法上の危険物の定義ではない。【選択肢オ】誤り。すべての可燃物が消防法上の危険物に該当するわけではない。,2:（2）の内容は、正答（1）「消防法別表第一の品名欄に掲げる物品で、同表に定める区分に応じた性状を有するものをいう。」が示す論点とずれています。 解説の要点：消防法上の危険物は、消防法別表第一の品名欄に掲げる物品で、同表の区分に応じた性状を有するものをいう。すべての可燃物や液体可燃物が危険物になるわけではない。【試験ポイント】危険物は消防法別表第一を基準に判断する。【ひっかけ】可燃物すべてが危険物ではない。【選択肢ア】正しい。消防法別… 正答（1）との違いを確認し直してください。;3:（3）の内容は、正答（1）「消防法別表第一の品名欄に掲げる物品で、同表に定める区分に応じた性状を有するものをいう。」が示す論点とずれています。 解説の要点：消防法上の危険物は、消防法別表第一の品名欄に掲げる物品で、同表の区分に応じた性状を有するものをいう。すべての可燃物や液体可燃物が危険物になるわけではない。【試験ポイント】危険物は消防法別表第一を基準に判断する。【ひっかけ】可燃物すべてが危険物ではない。【選択肢ア】正しい。消防法別… 正答（1）との違いを確認し直してください。;4:（4）の内容は、正答（1）「消防法別表第一の品名欄に掲げる物品で、同表に定める区分に応じた性状を有するものをいう。」が示す論点とずれています。 解説の要点：消防法上の危険物は、消防法別表第一の品名欄に掲げる物品で、同表の区分に応じた性状を有するものをいう。すべての可燃物や液体可燃物が危険物になるわけではない。【試験ポイント】危険物は消防法別表第一を基準に判断する。【ひっかけ】可燃物すべてが危険物ではない。【選択肢ア】正しい。消防法別… 正答（1）との違いを確認し直してください。;5:（5）の内容は、正答（1）「消防法別表第一の品名欄に掲げる物品で、同表に定める区分に応じた性状を有するものをいう。」が示す論点とずれています。 解説の要点：消防法上の危険物は、消防法別表第一の品名欄に掲げる物品で、同表の区分に応じた性状を有するものをいう。すべての可燃物や液体可燃物が危険物になるわけではない。【試験ポイント】危険物は消防法別表第一を基準に判断する。【ひっかけ】可燃物すべてが危険物ではない。【選択肢ア】正しい。消防法別… 正答（1）との違いを確認し直してください。,消防法上の危険物は、消防法別表第一の品名欄に掲げる物品で、同表の区分に応じた性状を有するものをいう。,消防法上の危険物は、消防法別表第一の品名欄に掲げる物品で、同表の区分に応じた性状を有するものをいう。すべての可燃物や液体可燃物が危険物になるわけではない。【試験ポイント】危険物は消防法別表第一を基準に判断する。【ひっかけ】可燃物すべてが危険物ではない。【選択肢ア】正しい。消防法別表第一の品名欄と性質欄に掲げる性状が判断基準になる。【選択肢イ】誤り。毒性の有無,
2,single,法令・制度,L-002;LAW-003;第4類危険物;第4類危険物の位置づけ;基礎;網羅,乙種第4類で主に対象となる危険物として、正しいものはどれか。,,,,,,可燃性固体,酸化性固体,酸化性液体,自然発火性物質及び禁水性物質,引火性液体,5,乙種第4類は第4類危険物を対象とし、第4類危険物は引火性液体である。【試験ポイント】乙4は第4類危険物、すなわち引火性液体を扱う。【ひっかけ】第1類から第6類の性質を混同しない。【選択肢ア】誤り。可燃性固体は第2類危険物である。【選択肢イ】誤り。酸化性固体は第1類危険物である。【選択肢ウ】誤り。酸化性液体は第6類危険物である。【選択肢エ】誤り。自然発火性物質及び禁水性物質は第3類危険物である。【選択肢オ】正しい。第4類危険物は引火性液体である。,1:（1）「可燃性固体」は、単独の記述としては法令上妥当な場合がありますが、本問で選ぶべき正答は（5）「引火性液体」です。問題文の条件（乙種第4類で主に対象となる危険物として、正しいものはどれか。…）と照らし、設問が問う論点に合う肢を選び直してください。;2:（2）「酸化性固体」は、単独の記述としては法令上妥当な場合がありますが、本問で選ぶべき正答は（5）「引火性液体」です。問題文の条件（乙種第4類で主に対象となる危険物として、正しいものはどれか。…）と照らし、設問が問う論点に合う肢を選び直してください。;3:（3）「酸化性液体」は、単独の記述としては法令上妥当な場合がありますが、本問で選ぶべき正答は（5）「引火性液体」です。問題文の条件（乙種第4類で主に対象となる危険物として、正しいものはどれか。…）と照らし、設問が問う論点に合う肢を選び直してください。;4:（4）「自然発火性物質及び禁水性物質」は、単独の記述としては法令上妥当な場合がありますが、本問で選ぶべき正答は（5）「引火性液体」です。問題文の条件（乙種第4類で主に対象となる危険物として、正しいものはどれか。…）と照らし、設問が問う論点に合う肢を選び直してください。,乙種第4類は第4類危険物を対象とし、第4類危険物は引火性液体である。【試験ポイント】乙4は第4類危険物、すなわち引火性液体を扱う。【ひっかけ】第1類から第6類の性質を混同しない。【選択肢ア】誤り。可燃性固体は第2類危険物である。【選択肢イ】誤り。酸化性固体は第1類危険物である。【選択肢ウ】誤り。酸化性液体は第6類危険物である。【選択肢エ】誤り。自然発火性物質及び禁水性物質は第3類危険物である。【選択肢オ】正しい。第4類危険物は引火性液体である。,乙種第4類は第4類危険物を対象とし、第4類危険物は引火性液体である。【試験ポイント】乙4は第4類危険物、すなわち引火性液体を扱う。【ひっかけ】第1類から第6類の性質を混同しない。【選択肢ア】誤り。可燃性固体は第2類危険物である。【選択肢イ】誤り。酸化性固体は第1類危険物である。【選択肢ウ】誤り。酸化性液体は第6類危険物である。【選択肢エ】誤り。自然発火性物質,
3,single,法令・制度,L-003;LAW-004;指定数量;指定数量の意味;基礎;重点,指定数量の説明として、正しいものはどれか。,,,,,,危険物を安全に貯蔵できる任意の数量である。,すべての危険物に共通して一律に定められる数量である。,危険物の危険性を判断する基準として、政令で定められる数量である。,市町村ごとに自由に定められる数量である。,危険物取扱者が1日に取り扱える最大数量である。,3,指定数量は、危険物の危険性に応じて政令で定められる基準数量である。すべての危険物に同じ数量が定められているわけではない。【試験ポイント】指定数量は危険物ごとに定められる。【ひっかけ】指定数量を『安全に保管できる最大量』と混同しない。【選択肢ア】誤り。任意に決める数量ではない。【選択肢イ】誤り。危険物の種類や性質によって指定数量は異なる。【選択肢ウ】正しい。指定数量は危険物の危険性に応じて政令で定められる。【選択肢エ】誤り。市町村が自由に定めるものではない。【選択肢オ】誤り。1日に取り扱える最大数量ではない。,1:（1）の内容は、正答（3）「危険物の危険性を判断する基準として、政令で定められる数量である。」が示す論点とずれています。 解説の要点：指定数量は、危険物の危険性に応じて政令で定められる基準数量である。すべての危険物に同じ数量が定められているわけではない。【試験ポイント】指定数量は危険物ごとに定められる。【ひっかけ】指定数量を『安全に保管できる最大量』と混同しない。【選択肢ア】誤り。任意に決める数量ではない。【選… 正答（3）との違いを確認し直してください。;2:（2）の内容は、正答（3）「危険物の危険性を判断する基準として、政令で定められる数量である。」が示す論点とずれています。 解説の要点：指定数量は、危険物の危険性に応じて政令で定められる基準数量である。すべての危険物に同じ数量が定められているわけではない。【試験ポイント】指定数量は危険物ごとに定められる。【ひっかけ】指定数量を『安全に保管できる最大量』と混同しない。【選択肢ア】誤り。任意に決める数量ではない。【選… 正答（3）との違いを確認し直してください。;4:（4）の内容は、正答（3）「危険物の危険性を判断する基準として、政令で定められる数量である。」が示す論点とずれています。 解説の要点：指定数量は、危険物の危険性に応じて政令で定められる基準数量である。すべての危険物に同じ数量が定められているわけではない。【試験ポイント】指定数量は危険物ごとに定められる。【ひっかけ】指定数量を『安全に保管できる最大量』と混同しない。【選択肢ア】誤り。任意に決める数量ではない。【選… 正答（3）との違いを確認し直してください。;5:（5）の内容は、正答（3）「危険物の危険性を判断する基準として、政令で定められる数量である。」が示す論点とずれています。 解説の要点：指定数量は、危険物の危険性に応じて政令で定められる基準数量である。すべての危険物に同じ数量が定められているわけではない。【試験ポイント】指定数量は危険物ごとに定められる。【ひっかけ】指定数量を『安全に保管できる最大量』と混同しない。【選択肢ア】誤り。任意に決める数量ではない。【選… 正答（3）との違いを確認し直してください。,指定数量は、危険物の危険性に応じて政令で定められる基準数量である。すべての危険物に同じ数量が定められているわけではない。【試験ポイント】指定数量は危険物ごとに定められる。【ひっかけ】指定数量を『安全に保管できる最大量』と混同しない。【選択肢ア】誤り。任意に決める数量ではない。【選択肢イ】誤り。危険物の種類や性質によって指定数量は異なる。【選択肢ウ】正しい。指定数量は危険物の危険性に応じて政令で定められる。【選択肢エ】誤り。市町村が自由に定めるものではない。【選択肢オ】誤り。1日に取り扱える最大数量ではない。,指定数量は、危険物の危険性に応じて政令で定められる基準数量である。すべての危険物に同じ数量が定められているわけではない。【試験ポイント】指定数量は危険物ごとに定められる。【ひっかけ】指定数量を『安全に保管できる最大量』と混同しない。【選択肢ア】誤り。任意に決める数量ではない。【選択肢イ】誤り。危険物の種類や性質によって指定数量は異なる。【選択肢ウ】正しい。指,
4,single,法令・制度,L-004;LAW-023;危険物取扱者;甲種・乙種・丙種の違い;基礎;重点,乙種危険物取扱者について、正しいものはどれか。,,,,,,免状を取得しても危険物の取扱いはできない。,丙種危険物取扱者の立会いがなければ危険物を取り扱えない。,危険物の運搬だけに限定して従事できる資格である。,すべての類の危険物を無条件で取り扱うことができる。,免状に指定された類の危険物について、取扱いまたは立会いができる。,5,乙種危険物取扱者は、免状に指定された類の危険物について取扱いおよび立会いができる。乙4であれば第4類危険物が対象である。【試験ポイント】乙種は取得した類の危険物を扱える。【ひっかけ】甲種のように全類を扱えるわけではない。【選択肢ア】誤り。免状に応じた危険物の取扱いができる。【選択肢イ】誤り。丙種危険物取扱者の立会いを必要とする制度ではない。【選択肢ウ】誤り。運搬だけに限定された資格ではない。【選択肢エ】誤り。乙種は免状に指定された類に限られる。【選択肢オ】正しい。乙種は指定された類の取扱いと立会いができる。,1:解説では「乙4であれば第4類危険物が対象である。」とある一方、（1）の記述はそれと矛盾します。 解説の要点：乙種危険物取扱者は、免状に指定された類の危険物について取扱いおよび立会いができる。乙4であれば第4類危険物が対象である。【試験ポイント】乙種は取得した類の危険物を扱える。【ひっかけ】甲種のように全類を扱えるわけではない。【選択肢ア】誤り。免状に応じた危険物の取扱いができる。【選択… 正答（5）との違いを確認し直してください。;2:解説では「乙4であれば第4類危険物が対象である。」とある一方、（2）の記述はそれと矛盾します。 解説の要点：乙種危険物取扱者は、免状に指定された類の危険物について取扱いおよび立会いができる。乙4であれば第4類危険物が対象である。【試験ポイント】乙種は取得した類の危険物を扱える。【ひっかけ】甲種のように全類を扱えるわけではない。【選択肢ア】誤り。免状に応じた危険物の取扱いができる。【選択… 正答（5）との違いを確認し直してください。;3:（3）の内容は、正答（5）「免状に指定された類の危険物について、取扱いまたは立会いができる。」が示す論点とずれています。 解説の要点：乙種危険物取扱者は、免状に指定された類の危険物について取扱いおよび立会いができる。乙4であれば第4類危険物が対象である。【試験ポイント】乙種は取得した類の危険物を扱える。【ひっかけ】甲種のように全類を扱えるわけではない。【選択肢ア】誤り。免状に応じた危険物の取扱いができる。【選択… 正答（5）との違いを確認し直してください。;4:（4）の内容は、正答（5）「免状に指定された類の危険物について、取扱いまたは立会いができる。」が示す論点とずれています。 解説の要点：乙種危険物取扱者は、免状に指定された類の危険物について取扱いおよび立会いができる。乙4であれば第4類危険物が対象である。【試験ポイント】乙種は取得した類の危険物を扱える。【ひっかけ】甲種のように全類を扱えるわけではない。【選択肢ア】誤り。免状に応じた危険物の取扱いができる。【選択… 正答（5）との違いを確認し直してください。,乙種危険物取扱者は、免状に指定された類の危険物について取扱いおよび立会いができる。乙4であれば第4類危険物が対象である。【試験ポイント】乙種は取得した類の危険物を扱える。【ひっかけ】甲種のように全類を扱えるわけではない。【選択肢ア】誤り。免状に応じた危険物の取扱いができる。【選択肢イ】誤り。丙種危険物取扱者の立会いを必要とする制度ではない。【選択肢ウ】誤り。運搬だけに限定された資格ではない。【選択肢エ】誤り。乙種は免状に指定された類に限られる。【選択肢オ】正しい。乙種は指定された類の取扱いと立会いができる。,乙種危険物取扱者は、免状に指定された類の危険物について取扱いおよび立会いができる。乙4であれば第4類危険物が対象である。【試験ポイント】乙種は取得した類の危険物を扱える。【ひっかけ】甲種のように全類を扱えるわけではない。【選択肢ア】誤り。免状に応じた危険物の取扱いができる。【選択肢イ】誤り。丙種危険物取扱者の立会いを必要とする制度ではない。【選択肢ウ】誤り。,
5,single,法令・制度,L-005;LAW-055;運搬;運搬容器・収納・積載方法;標準;重点,危険物の運搬について、適切でないものはどれか。,,,,,,危険物は、任意の容器に収納しても、表示があれば運搬できる。,運搬中は、危険物の漏れや転倒を防止する必要がある。,運搬時には、火気や衝撃に注意する必要がある。,危険物を運搬する場合は、容器や積載方法に注意する必要がある。,危険物の性質によっては、混載に注意する必要がある。,1,危険物の運搬では、容器、収納、積載方法などに基準がある。表示があれば任意の容器で運搬できるわけではない。【試験ポイント】運搬では容器・収納・積載・表示が重要。【ひっかけ】表示があれば容器基準を満たさなくてもよい、という理解は誤り。【選択肢ア】適切でない。任意の容器でよいわけではなく、運搬容器等の基準がある。【選択肢イ】適切。漏れや転倒を防止する必要がある。【選択肢ウ】適切。火気や衝撃への注意は必要である。【選択肢エ】適切。容器や積載方法への注意は必要である。【選択肢オ】適切。性質によっては混載に注意が必要である。,2:（2）の内容は、正答（1）「危険物は、任意の容器に収納しても、表示があれば運搬できる。」が示す論点とずれています。 解説の要点：危険物の運搬では、容器、収納、積載方法などに基準がある。表示があれば任意の容器で運搬できるわけではない。【試験ポイント】運搬では容器・収納・積載・表示が重要。【ひっかけ】表示があれば容器基準を満たさなくてもよい、という理解は誤り。【選択肢ア】適切でない。任意の容器でよいわけではな… 正答（1）との違いを確認し直してください。;3:（3）の内容は、正答（1）「危険物は、任意の容器に収納しても、表示があれば運搬できる。」が示す論点とずれています。 解説の要点：危険物の運搬では、容器、収納、積載方法などに基準がある。表示があれば任意の容器で運搬できるわけではない。【試験ポイント】運搬では容器・収納・積載・表示が重要。【ひっかけ】表示があれば容器基準を満たさなくてもよい、という理解は誤り。【選択肢ア】適切でない。任意の容器でよいわけではな… 正答（1）との違いを確認し直してください。;4:（4）の内容は、正答（1）「危険物は、任意の容器に収納しても、表示があれば運搬できる。」が示す論点とずれています。 解説の要点：危険物の運搬では、容器、収納、積載方法などに基準がある。表示があれば任意の容器で運搬できるわけではない。【試験ポイント】運搬では容器・収納・積載・表示が重要。【ひっかけ】表示があれば容器基準を満たさなくてもよい、という理解は誤り。【選択肢ア】適切でない。任意の容器でよいわけではな… 正答（1）との違いを確認し直してください。;5:（5）の内容は、正答（1）「危険物は、任意の容器に収納しても、表示があれば運搬できる。」が示す論点とずれています。 解説の要点：危険物の運搬では、容器、収納、積載方法などに基準がある。表示があれば任意の容器で運搬できるわけではない。【試験ポイント】運搬では容器・収納・積載・表示が重要。【ひっかけ】表示があれば容器基準を満たさなくてもよい、という理解は誤り。【選択肢ア】適切でない。任意の容器でよいわけではな… 正答（1）との違いを確認し直してください。,危険物の運搬では、容器、収納、積載方法などに基準がある。表示があれば任意の容器で運搬できるわけではない。【試験ポイント】運搬では容器・収納・積載・表示が重要。【ひっかけ】表示があれば容器基準を満たさなくてもよい、という理解は誤り。【選択肢ア】適切でない。任意の容器でよいわけではなく、運搬容器等の基準がある。【選択肢イ】適切。漏れや転倒を防止する必要がある。【選択肢ウ】適切。火気や衝撃への注意は必要である。【選択肢エ】適切。容器や積載方法への注意は必要である。【選択肢オ】適切。性質によっては混載に注意が必要である。,危険物の運搬では、容器、収納、積載方法などに基準がある。表示があれば任意の容器で運搬できるわけではない。【試験ポイント】運搬では容器・収納・積載・表示が重要。【ひっかけ】表示があれば容器基準を満たさなくてもよい、という理解は誤り。【選択肢ア】適切でない。任意の容器でよいわけではなく、運搬容器等の基準がある。【選択肢イ】適切。漏れや転倒を防止する必要がある。【,
6,single,物性・化学,PC-001;PC-001;燃焼;燃焼の三要素;基礎;重点,燃焼が起こるために必要な三要素の組合せとして、正しいものはどれか。,,,,,,熱・水・二酸化炭素,可燃物・酸素供給源・点火源,酸素・窒素・水蒸気,可燃物・水・窒素,水・酸素・二酸化炭素,2,燃焼には、可燃物、酸素供給源、点火源が必要である。消火では、これらのいずれかを取り除くことが基本になる。【試験ポイント】燃焼の三要素は可燃物・酸素供給源・点火源。【ひっかけ】熱や酸素だけでは燃焼は成立しない。【選択肢ア】誤り。熱だけではなく、可燃物と酸素供給源も必要である。【選択肢イ】正しい。燃焼の三要素である。【選択肢ウ】誤り。酸素だけでは燃焼は成立しない。【選択肢エ】誤り。水と窒素は燃焼を成立させる要素ではない。【選択肢オ】誤り。水と二酸化炭素は燃焼の三要素ではない。,1:（1）「熱・水・二酸化炭素」は、単独の記述としては法令上妥当な場合がありますが、本問で選ぶべき正答は（2）「可燃物・酸素供給源・点火源」です。問題文の条件（燃焼が起こるために必要な三要素の組合せとして、正しいものはどれか。…）と照らし、設問が問う論点に合う肢を選び直してください。;3:（3）「酸素・窒素・水蒸気」は、単独の記述としては法令上妥当な場合がありますが、本問で選ぶべき正答は（2）「可燃物・酸素供給源・点火源」です。問題文の条件（燃焼が起こるために必要な三要素の組合せとして、正しいものはどれか。…）と照らし、設問が問う論点に合う肢を選び直してください。;4:（4）「可燃物・水・窒素」は、単独の記述としては法令上妥当な場合がありますが、本問で選ぶべき正答は（2）「可燃物・酸素供給源・点火源」です。問題文の条件（燃焼が起こるために必要な三要素の組合せとして、正しいものはどれか。…）と照らし、設問が問う論点に合う肢を選び直してください。;5:（5）「水・酸素・二酸化炭素」は、単独の記述としては法令上妥当な場合がありますが、本問で選ぶべき正答は（2）「可燃物・酸素供給源・点火源」です。問題文の条件（燃焼が起こるために必要な三要素の組合せとして、正しいものはどれか。…）と照らし、設問が問う論点に合う肢を選び直してください。,【試験ポイント】燃焼の三要素は可燃物・酸素供給源・点火源。,燃焼には、可燃物、酸素供給源、点火源が必要である。消火では、これらのいずれかを取り除くことが基本になる。【試験ポイント】燃焼の三要素は可燃物・酸素供給源・点火源。【ひっかけ】熱や酸素だけでは燃焼は成立しない。【選択肢ア】誤り。熱だけではなく、可燃物と酸素供給源も必要である。【選択肢イ】正しい。燃焼の三要素である。【選択肢ウ】誤り。酸素だけでは燃焼は成立しない,
7,single,物性・化学,PC-002;PC-003;燃焼;完全燃焼と不完全燃焼;基礎;重点,不完全燃焼について、正しいものはどれか。,,,,,,可燃物がまったく存在しない状態で起こる。,液体では起こらず、固体だけで起こる。,酸素が十分にあるときだけ起こる燃焼である。,二酸化炭素だけを発生する燃焼である。,酸素が不足しているときに起こりやすく、一酸化炭素などを発生することがある。,5,不完全燃焼は酸素不足の状態で起こりやすく、一酸化炭素やすすを生じることがある。一酸化炭素は有毒である。【試験ポイント】酸素不足では不完全燃焼が起こりやすい。【ひっかけ】二酸化炭素だけを生じるとは限らない。【選択肢ア】誤り。燃焼には可燃物が必要である。【選択肢イ】誤り。固体だけでなく、燃焼条件によって起こり得る。【選択肢ウ】誤り。酸素が十分な場合は完全燃焼しやすい。【選択肢エ】誤り。不完全燃焼では一酸化炭素やすすを生じることがある。【選択肢オ】正しい。不完全燃焼の説明として妥当である。,1:解説では「不完全燃焼は酸素不足の状態で起こりやすく、一酸化炭素やすすを生じることがある。」とある一方、（1）の記述はそれと矛盾します。 解説の要点：不完全燃焼は酸素不足の状態で起こりやすく、一酸化炭素やすすを生じることがある。一酸化炭素は有毒である。【試験ポイント】酸素不足では不完全燃焼が起こりやすい。【ひっかけ】二酸化炭素だけを生じるとは限らない。【選択肢ア】誤り。燃焼には可燃物が必要である。【選択肢イ】誤り。固体だけでな… 正答（5）との違いを確認し直してください。;2:（2）「液体では起こらず、固体だけで起こる。」は、単独の記述としては法令上妥当な場合がありますが、本問で選ぶべき正答は（5）「酸素が不足しているときに起こりやすく、一酸化炭素などを発生することがある。」です。問題文の条件（不完全燃焼について、正しいものはどれか。…）と照らし、設問が問う論点に合う肢を選び直してください。;3:（3）の内容は、正答（5）「酸素が不足しているときに起こりやすく、一酸化炭素などを発生することがある。」が示す論点とずれています。 解説の要点：不完全燃焼は酸素不足の状態で起こりやすく、一酸化炭素やすすを生じることがある。一酸化炭素は有毒である。【試験ポイント】酸素不足では不完全燃焼が起こりやすい。【ひっかけ】二酸化炭素だけを生じるとは限らない。【選択肢ア】誤り。燃焼には可燃物が必要である。【選択肢イ】誤り。固体だけでな… 正答（5）との違いを確認し直してください。;4:（4）「二酸化炭素だけを発生する燃焼である。」は、単独の記述としては法令上妥当な場合がありますが、本問で選ぶべき正答は（5）「酸素が不足しているときに起こりやすく、一酸化炭素などを発生することがある。」です。問題文の条件（不完全燃焼について、正しいものはどれか。…）と照らし、設問が問う論点に合う肢を選び直してください。,不完全燃焼は酸素不足の状態で起こりやすく、一酸化炭素やすすを生じることがある。一酸化炭素は有毒である。【試験ポイント】酸素不足では不完全燃焼が起こりやすい。【ひっかけ】二酸化炭素だけを生じるとは限らない。【選択肢ア】誤り。燃焼には可燃物が必要である。【選択肢イ】誤り。固体だけでなく、燃焼条件によって起こり得る。【選択肢ウ】誤り。酸素が十分な場合は完全燃焼しやすい。【選択肢エ】誤り。不完全燃焼では一酸化炭素やすすを生じることがある。【選択肢オ】正しい。不完全燃焼の説明として妥当である。,不完全燃焼は酸素不足の状態で起こりやすく、一酸化炭素やすすを生じることがある。一酸化炭素は有毒である。【試験ポイント】酸素不足では不完全燃焼が起こりやすい。【ひっかけ】二酸化炭素だけを生じるとは限らない。【選択肢ア】誤り。燃焼には可燃物が必要である。【選択肢イ】誤り。固体だけでなく、燃焼条件によって起こり得る。【選択肢ウ】誤り。酸素が十分な場合は完全燃焼しや,
8,single,物性・化学,PC-003;PC-012;消火;窒息消火;基礎;重点,窒息消火の説明として、正しいものはどれか。,,,,,,静電気を発生させて燃焼を止める方法である。,温度を発火点以下に下げて燃焼を止める方法である。,可燃物を取り除いて燃焼を止める方法である。,酸素の供給を断って燃焼を止める方法である。,可燃性蒸気を増やして燃焼を止める方法である。,4,窒息消火は、酸素の供給を断つことで燃焼を止める方法である。泡消火剤や二酸化炭素消火剤は窒息効果を利用する。【試験ポイント】窒息消火は酸素供給を断つ。【ひっかけ】除去消火・冷却消火との違いを区別する。【選択肢ア】誤り。静電気は着火源となる危険がある。【選択肢イ】誤り。温度を下げる方法は冷却消火である。【選択肢ウ】誤り。可燃物を取り除く方法は除去消火である。【選択肢エ】正しい。酸素供給を断つのが窒息消火である。【選択肢オ】誤り。可燃性蒸気を増やすことは危険を高める。,1:根拠の記述が異なります。解説では「断つことで燃焼を止める方法」が根拠ですが、（1）は「発生させて燃焼を止める方法」を根拠とする内容です。 解説の要点：窒息消火は、酸素の供給を断つことで燃焼を止める方法である。泡消火剤や二酸化炭素消火剤は窒息効果を利用する。【試験ポイント】窒息消火は酸素供給を断つ。【ひっかけ】除去消火・冷却消火との違いを区別する。【選択肢ア】誤り。静電気は着火源となる危険がある。【選択肢イ】誤り。温度を下げる方… 正答（4）との違いを確認し直してください。;2:根拠の記述が異なります。解説では「断つことで燃焼を止める方法」が根拠ですが、（2）は「下に下げて燃焼を止める方法」を根拠とする内容です。 解説の要点：窒息消火は、酸素の供給を断つことで燃焼を止める方法である。泡消火剤や二酸化炭素消火剤は窒息効果を利用する。【試験ポイント】窒息消火は酸素供給を断つ。【ひっかけ】除去消火・冷却消火との違いを区別する。【選択肢ア】誤り。静電気は着火源となる危険がある。【選択肢イ】誤り。温度を下げる方… 正答（4）との違いを確認し直してください。;3:根拠の記述が異なります。解説では「断つことで燃焼を止める方法」が根拠ですが、（3）は「取り除いて燃焼を止める方法」を根拠とする内容です。 解説の要点：窒息消火は、酸素の供給を断つことで燃焼を止める方法である。泡消火剤や二酸化炭素消火剤は窒息効果を利用する。【試験ポイント】窒息消火は酸素供給を断つ。【ひっかけ】除去消火・冷却消火との違いを区別する。【選択肢ア】誤り。静電気は着火源となる危険がある。【選択肢イ】誤り。温度を下げる方… 正答（4）との違いを確認し直してください。;5:根拠の記述が異なります。解説では「断つことで燃焼を止める方法」が根拠ですが、（5）は「を増やして燃焼を止める方法」を根拠とする内容です。 解説の要点：窒息消火は、酸素の供給を断つことで燃焼を止める方法である。泡消火剤や二酸化炭素消火剤は窒息効果を利用する。【試験ポイント】窒息消火は酸素供給を断つ。【ひっかけ】除去消火・冷却消火との違いを区別する。【選択肢ア】誤り。静電気は着火源となる危険がある。【選択肢イ】誤り。温度を下げる方… 正答（4）との違いを確認し直してください。,窒息消火は、酸素の供給を断つことで燃焼を止める方法である。泡消火剤や二酸化炭素消火剤は窒息効果を利用する。【試験ポイント】窒息消火は酸素供給を断つ。【ひっかけ】除去消火・冷却消火との違いを区別する。【選択肢ア】誤り。静電気は着火源となる危険がある。【選択肢イ】誤り。温度を下げる方法は冷却消火である。【選択肢ウ】誤り。可燃物を取り除く方法は除去消火である。【選択肢エ】正しい。酸素供給を断つのが窒息消火である。【選択肢オ】誤り。可燃性蒸気を増やすことは危険を高める。,窒息消火は、酸素の供給を断つことで燃焼を止める方法である。泡消火剤や二酸化炭素消火剤は窒息効果を利用する。【試験ポイント】窒息消火は酸素供給を断つ。【ひっかけ】除去消火・冷却消火との違いを区別する。【選択肢ア】誤り。静電気は着火源となる危険がある。【選択肢イ】誤り。温度を下げる方法は冷却消火である。【選択肢ウ】誤り。可燃物を取り除く方法は除去消火である。【選,
9,single,物性・化学,PC-004;PC-026;物質の状態;蒸気圧;標準;重点,蒸気圧について、正しいものはどれか。,,,,,,蒸気圧は、どの液体でも常に同じである。,蒸気圧は、液体の色だけで決まる。,蒸気圧が高い液体は、絶対に引火しない。,蒸気圧が高い液体ほど、一般に蒸発しにくい。,蒸気圧が高い液体ほど、一般に蒸発しやすい。,5,蒸気圧が高い液体は、一般に蒸発しやすく、可燃性蒸気を発生しやすい。引火性液体の危険性を理解するうえで重要である。【試験ポイント】蒸気圧が高いほど蒸発しやすい。【ひっかけ】蒸気圧が高い＝安全、ではない。【選択肢ア】誤り。蒸気圧は物質や温度によって異なる。【選択肢イ】誤り。蒸気圧は液体の色だけで決まるものではない。【選択肢ウ】誤り。蒸気圧が高い液体は可燃性蒸気を発生しやすい場合がある。【選択肢エ】誤り。蒸気圧が高い液体は蒸発しやすい。【選択肢オ】正しい。蒸気圧が高いほど一般に蒸発しやすい。,1:（1）の内容は、正答（5）「蒸気圧が高い液体ほど、一般に蒸発しやすい。」が示す論点とずれています。 解説の要点：蒸気圧が高い液体は、一般に蒸発しやすく、可燃性蒸気を発生しやすい。引火性液体の危険性を理解するうえで重要である。【試験ポイント】蒸気圧が高いほど蒸発しやすい。【ひっかけ】蒸気圧が高い＝安全、ではない。【選択肢ア】誤り。蒸気圧は物質や温度によって異なる。【選択肢イ】誤り。蒸気圧は液… 正答（5）との違いを確認し直してください。;2:（2）「蒸気圧は、液体の色だけで決まる。」は、単独の記述としては法令上妥当な場合がありますが、本問で選ぶべき正答は（5）「蒸気圧が高い液体ほど、一般に蒸発しやすい。」です。問題文の条件（蒸気圧について、正しいものはどれか。…）と照らし、設問が問う論点に合う肢を選び直してください。;3:解説では「引火性液体の危険性を理解するうえで重要である。」とある一方、（3）の記述はそれと矛盾します。 解説の要点：蒸気圧が高い液体は、一般に蒸発しやすく、可燃性蒸気を発生しやすい。引火性液体の危険性を理解するうえで重要である。【試験ポイント】蒸気圧が高いほど蒸発しやすい。【ひっかけ】蒸気圧が高い＝安全、ではない。【選択肢ア】誤り。蒸気圧は物質や温度によって異なる。【選択肢イ】誤り。蒸気圧は液… 正答（5）との違いを確認し直してください。;4:（4）の内容は、正答（5）「蒸気圧が高い液体ほど、一般に蒸発しやすい。」が示す論点とずれています。 解説の要点：蒸気圧が高い液体は、一般に蒸発しやすく、可燃性蒸気を発生しやすい。引火性液体の危険性を理解するうえで重要である。【試験ポイント】蒸気圧が高いほど蒸発しやすい。【ひっかけ】蒸気圧が高い＝安全、ではない。【選択肢ア】誤り。蒸気圧は物質や温度によって異なる。【選択肢イ】誤り。蒸気圧は液… 正答（5）との違いを確認し直してください。,蒸気圧が高い液体は、一般に蒸発しやすく、可燃性蒸気を発生しやすい。引火性液体の危険性を理解するうえで重要である。【試験ポイント】蒸気圧が高いほど蒸発しやすい。【ひっかけ】蒸気圧が高い＝安全、ではない。【選択肢ア】誤り。蒸気圧は物質や温度によって異なる。【選択肢イ】誤り。蒸気圧は液体の色だけで決まるものではない。【選択肢ウ】誤り。蒸気圧が高い液体は可燃性蒸気を発生しやすい場合がある。【選択肢エ】誤り。蒸気圧が高い液体は蒸発しやすい。【選択肢オ】正しい。蒸気圧が高いほど一般に蒸発しやすい。,蒸気圧が高い液体は、一般に蒸発しやすく、可燃性蒸気を発生しやすい。引火性液体の危険性を理解するうえで重要である。【試験ポイント】蒸気圧が高いほど蒸発しやすい。【ひっかけ】蒸気圧が高い＝安全、ではない。【選択肢ア】誤り。蒸気圧は物質や温度によって異なる。【選択肢イ】誤り。蒸気圧は液体の色だけで決まるものではない。【選択肢ウ】誤り。蒸気圧が高い液体は可燃性蒸気を,
10,single,物性・化学,PC-005;PC-035;静電気;静電気対策・接地;標準;重点,静電気による災害を防ぐ方法として、最も適切なものはどれか。,,,,,,金属容器を絶縁したまま使用する。,容器や配管を接地する。,液体をできるだけ激しくかき混ぜる。,乾燥した場所で高速に流動させる。,可燃性蒸気を密閉空間にためる。,2,静電気は可燃性蒸気への着火源になる。接地により電荷を逃がすことは、静電気対策として重要である。【試験ポイント】静電気対策では接地が重要。【ひっかけ】乾燥・高速流動・摩擦は帯電を助長する。【選択肢ア】誤り。絶縁したままでは電荷を逃がしにくい。【選択肢イ】正しい。接地は静電気対策として有効である。【選択肢ウ】誤り。激しいかくはんは静電気発生の危険を高めることがある。【選択肢エ】誤り。乾燥や高速流動は帯電しやすい条件である。【選択肢オ】誤り。可燃性蒸気をためることは引火危険を高める。,1:（1）「金属容器を絶縁したまま使用する。」は、単独の記述としては法令上妥当な場合がありますが、本問で選ぶべき正答は（2）「容器や配管を接地する。」です。問題文の条件（静電気による災害を防ぐ方法として、最も適切なものはどれか。…）と照らし、設問が問う論点に合う肢を選び直してください。;3:（3）「液体をできるだけ激しくかき混ぜる。」は、単独の記述としては法令上妥当な場合がありますが、本問で選ぶべき正答は（2）「容器や配管を接地する。」です。問題文の条件（静電気による災害を防ぐ方法として、最も適切なものはどれか。…）と照らし、設問が問う論点に合う肢を選び直してください。;4:（4）「乾燥した場所で高速に流動させる。」は、単独の記述としては法令上妥当な場合がありますが、本問で選ぶべき正答は（2）「容器や配管を接地する。」です。問題文の条件（静電気による災害を防ぐ方法として、最も適切なものはどれか。…）と照らし、設問が問う論点に合う肢を選び直してください。;5:（5）「可燃性蒸気を密閉空間にためる。」は、単独の記述としては法令上妥当な場合がありますが、本問で選ぶべき正答は（2）「容器や配管を接地する。」です。問題文の条件（静電気による災害を防ぐ方法として、最も適切なものはどれか。…）と照らし、設問が問う論点に合う肢を選び直してください。,静電気は可燃性蒸気への着火源になる。接地により電荷を逃がすことは、静電気対策として重要である。【試験ポイント】静電気対策では接地が重要。【ひっかけ】乾燥・高速流動・摩擦は帯電を助長する。【選択肢ア】誤り。絶縁したままでは電荷を逃がしにくい。【選択肢イ】正しい。接地は静電気対策として有効である。【選択肢ウ】誤り。激しいかくはんは静電気発生の危険を高めることがある。【選択肢エ】誤り。乾燥や高速流動は帯電しやすい条件である。【選択肢オ】誤り。可燃性蒸気をためることは引火危険を高める。,静電気は可燃性蒸気への着火源になる。接地により電荷を逃がすことは、静電気対策として重要である。【試験ポイント】静電気対策では接地が重要。【ひっかけ】乾燥・高速流動・摩擦は帯電を助長する。【選択肢ア】誤り。絶縁したままでは電荷を逃がしにくい。【選択肢イ】正しい。接地は静電気対策として有効である。【選択肢ウ】誤り。激しいかくはんは静電気発生の危険を高めることがあ,
11,single,火災・消火・漏えい,PF-001;PF-001;第4類共通性質;第4類危険物の共通性質;基礎;重点,第4類危険物の一般的な性質として、正しいものはどれか。,,,,,,加熱しても可燃性蒸気を発生しない。,第4類危険物は、引火性液体である。,酸素を放出して他の物質を燃焼させる。,すべて空気より軽い蒸気を発生する。,すべて水に沈み、水に完全に溶ける。,2,第4類危険物は引火性液体である。多くは可燃性蒸気を発生し、その蒸気に引火する危険がある。【試験ポイント】第4類危険物は引火性液体。【ひっかけ】酸化性液体や酸化性固体と混同しない。【選択肢ア】誤り。可燃性蒸気を発生することがある。【選択肢イ】正しい。第4類危険物は引火性液体である。【選択肢ウ】誤り。酸素を放出して他の物質を燃焼させる性質は主に酸化性物質の性質である。【選択肢エ】誤り。多くの第4類危険物の蒸気は空気より重い。【選択肢オ】誤り。第4類危険物には水に溶けるものと溶けにくいものがある。,1:解説では「第4類危険物は引火性液体である。」とある一方、（1）の記述はそれと矛盾します。 解説の要点：第4類危険物は引火性液体である。多くは可燃性蒸気を発生し、その蒸気に引火する危険がある。【試験ポイント】第4類危険物は引火性液体。【ひっかけ】酸化性液体や酸化性固体と混同しない。【選択肢ア】誤り。可燃性蒸気を発生することがある。【選択肢イ】正しい。第4類危険物は引火性液体である。… 正答（2）との違いを確認し直してください。;3:（3）の内容は、正答（2）「第4類危険物は、引火性液体である。」が示す論点とずれています。 解説の要点：第4類危険物は引火性液体である。多くは可燃性蒸気を発生し、その蒸気に引火する危険がある。【試験ポイント】第4類危険物は引火性液体。【ひっかけ】酸化性液体や酸化性固体と混同しない。【選択肢ア】誤り。可燃性蒸気を発生することがある。【選択肢イ】正しい。第4類危険物は引火性液体である。… 正答（2）との違いを確認し直してください。;4:（4）の内容は、正答（2）「第4類危険物は、引火性液体である。」が示す論点とずれています。 解説の要点：第4類危険物は引火性液体である。多くは可燃性蒸気を発生し、その蒸気に引火する危険がある。【試験ポイント】第4類危険物は引火性液体。【ひっかけ】酸化性液体や酸化性固体と混同しない。【選択肢ア】誤り。可燃性蒸気を発生することがある。【選択肢イ】正しい。第4類危険物は引火性液体である。… 正答（2）との違いを確認し直してください。;5:（5）の内容は、正答（2）「第4類危険物は、引火性液体である。」が示す論点とずれています。 解説の要点：第4類危険物は引火性液体である。多くは可燃性蒸気を発生し、その蒸気に引火する危険がある。【試験ポイント】第4類危険物は引火性液体。【ひっかけ】酸化性液体や酸化性固体と混同しない。【選択肢ア】誤り。可燃性蒸気を発生することがある。【選択肢イ】正しい。第4類危険物は引火性液体である。… 正答（2）との違いを確認し直してください。,第4類危険物は引火性液体である。多くは可燃性蒸気を発生し、その蒸気に引火する危険がある。【試験ポイント】第4類危険物は引火性液体。【ひっかけ】酸化性液体や酸化性固体と混同しない。【選択肢ア】誤り。可燃性蒸気を発生することがある。【選択肢イ】正しい。第4類危険物は引火性液体である。【選択肢ウ】誤り。酸素を放出して他の物質を燃焼させる性質は主に酸化性物質の性質である。【選択肢エ】誤り。多くの第4類危険物の蒸気は空気より重い。【選択肢オ】誤り。第4類危険物には水に溶けるものと溶けにくいものがある。,第4類危険物は引火性液体である。多くは可燃性蒸気を発生し、その蒸気に引火する危険がある。【試験ポイント】第4類危険物は引火性液体。【ひっかけ】酸化性液体や酸化性固体と混同しない。【選択肢ア】誤り。可燃性蒸気を発生することがある。【選択肢イ】正しい。第4類危険物は引火性液体である。【選択肢ウ】誤り。酸素を放出して他の物質を燃焼させる性質は主に酸化性物質の性質で,
12,single,火災・消火・漏えい,PF-002;PF-018;第一石油類;ガソリン;基礎;重点,ガソリンの性質として、正しいものはどれか。,,,,,,揮発しやすく、発生した蒸気は引火危険が大きい。,水より重く、水に沈む。,不燃性液体である。,引火しにくく、常温では可燃性蒸気を発生しない。,水に完全に溶けるため、流出しても危険はない。,1,ガソリンは揮発しやすく、可燃性蒸気を発生しやすい。蒸気は低所に滞留しやすく、火気や静電気による引火に注意が必要である。【試験ポイント】ガソリンは揮発しやすく、蒸気に引火しやすい。【ひっかけ】液体そのものより、発生した蒸気の引火危険を意識する。【選択肢ア】正しい。ガソリンの重要な性質である。【選択肢イ】誤り。ガソリンは一般に水より軽く、水に溶けにくい。【選択肢ウ】誤り。ガソリンは引火性液体である。【選択肢エ】誤り。ガソリンは引火危険が大きい。【選択肢オ】誤り。ガソリンは水に完全に溶けるわけではなく、流出時も危険である。,2:（2）「水より重く、水に沈む。」は、単独の記述としては法令上妥当な場合がありますが、本問で選ぶべき正答は（1）「揮発しやすく、発生した蒸気は引火危険が大きい。」です。問題文の条件（ガソリンの性質として、正しいものはどれか。…）と照らし、設問が問う論点に合う肢を選び直してください。;3:（3）「不燃性液体である。」は、単独の記述としては法令上妥当な場合がありますが、本問で選ぶべき正答は（1）「揮発しやすく、発生した蒸気は引火危険が大きい。」です。問題文の条件（ガソリンの性質として、正しいものはどれか。…）と照らし、設問が問う論点に合う肢を選び直してください。;4:解説では「蒸気は低所に滞留しやすく、火気や静電気による引火に注意が必要である。」とある一方、（4）の記述はそれと矛盾します。 解説の要点：ガソリンは揮発しやすく、可燃性蒸気を発生しやすい。蒸気は低所に滞留しやすく、火気や静電気による引火に注意が必要である。【試験ポイント】ガソリンは揮発しやすく、蒸気に引火しやすい。【ひっかけ】液体そのものより、発生した蒸気の引火危険を意識する。【選択肢ア】正しい。ガソリンの重要な性… 正答（1）との違いを確認し直してください。;5:解説では「蒸気は低所に滞留しやすく、火気や静電気による引火に注意が必要である。」とある一方、（5）の記述はそれと矛盾します。 解説の要点：ガソリンは揮発しやすく、可燃性蒸気を発生しやすい。蒸気は低所に滞留しやすく、火気や静電気による引火に注意が必要である。【試験ポイント】ガソリンは揮発しやすく、蒸気に引火しやすい。【ひっかけ】液体そのものより、発生した蒸気の引火危険を意識する。【選択肢ア】正しい。ガソリンの重要な性… 正答（1）との違いを確認し直してください。,ガソリンは揮発しやすく、可燃性蒸気を発生しやすい。蒸気は低所に滞留しやすく、火気や静電気による引火に注意が必要である。【試験ポイント】ガソリンは揮発しやすく、蒸気に引火しやすい。【ひっかけ】液体そのものより、発生した蒸気の引火危険を意識する。【選択肢ア】正しい。ガソリンの重要な性質である。【選択肢イ】誤り。ガソリンは一般に水より軽く、水に溶けにくい。【選択肢ウ】誤り。ガソリンは引火性液体である。【選択肢エ】誤り。ガソリンは引火危険が大きい。【選択肢オ】誤り。ガソリンは水に完全に溶けるわけではなく、流出時も危険である。,ガソリンは揮発しやすく、可燃性蒸気を発生しやすい。蒸気は低所に滞留しやすく、火気や静電気による引火に注意が必要である。【試験ポイント】ガソリンは揮発しやすく、蒸気に引火しやすい。【ひっかけ】液体そのものより、発生した蒸気の引火危険を意識する。【選択肢ア】正しい。ガソリンの重要な性質である。【選択肢イ】誤り。ガソリンは一般に水より軽く、水に溶けにくい。【選択肢,
13,single,火災・消火・漏えい,PF-003;PF-022;アルコール類;アルコール類の性質;基礎;重点,アルコール類の代表例として、正しいものはどれか。,,,,,,ガソリン,重油,メタノール,灯油,二硫化炭素,3,メタノールはアルコール類の代表例である。ガソリンは第一石油類、灯油は第二石油類、重油は第三石油類、二硫化炭素は特殊引火物に該当する。【試験ポイント】メタノール・エタノールはアルコール類の代表例。【ひっかけ】アルコール類と第一石油類・第二石油類を混同しない。【選択肢ア】誤り。ガソリンは第一石油類である。【選択肢イ】誤り。重油は第三石油類である。【選択肢ウ】正しい。メタノールはアルコール類である。【選択肢エ】誤り。灯油は第二石油類である。【選択肢オ】誤り。二硫化炭素は特殊引火物である。,1:（1）「ガソリン」は、単独の記述としては法令上妥当な場合がありますが、本問で選ぶべき正答は（3）「メタノール」です。問題文の条件（アルコール類の代表例として、正しいものはどれか。…）と照らし、設問が問う論点に合う肢を選び直してください。;2:（2）「重油」は、単独の記述としては法令上妥当な場合がありますが、本問で選ぶべき正答は（3）「メタノール」です。問題文の条件（アルコール類の代表例として、正しいものはどれか。…）と照らし、設問が問う論点に合う肢を選び直してください。;4:（4）「灯油」は、単独の記述としては法令上妥当な場合がありますが、本問で選ぶべき正答は（3）「メタノール」です。問題文の条件（アルコール類の代表例として、正しいものはどれか。…）と照らし、設問が問う論点に合う肢を選び直してください。;5:（5）「二硫化炭素」は、単独の記述としては法令上妥当な場合がありますが、本問で選ぶべき正答は（3）「メタノール」です。問題文の条件（アルコール類の代表例として、正しいものはどれか。…）と照らし、設問が問う論点に合う肢を選び直してください。,メタノールはアルコール類の代表例である。ガソリンは第一石油類、灯油は第二石油類、重油は第三石油類、二硫化炭素は特殊引火物に該当する。【試験ポイント】メタノール・エタノールはアルコール類の代表例。【ひっかけ】アルコール類と第一石油類・第二石油類を混同しない。【選択肢ア】誤り。ガソリンは第一石油類である。【選択肢イ】誤り。重油は第三石油類である。【選択肢ウ】正しい。メタノールはアルコール類である。【選択肢エ】誤り。灯油は第二石油類である。【選択肢オ】誤り。二硫化炭素は特殊引火物である。,メタノールはアルコール類の代表例である。ガソリンは第一石油類、灯油は第二石油類、重油は第三石油類、二硫化炭素は特殊引火物に該当する。【試験ポイント】メタノール・エタノールはアルコール類の代表例。【ひっかけ】アルコール類と第一石油類・第二石油類を混同しない。【選択肢ア】誤り。ガソリンは第一石油類である。【選択肢イ】誤り。重油は第三石油類である。【選択肢ウ】正し,
14,single,火災・消火・漏えい,PF-004;PF-027;第二石油類;灯油;基礎;重点,第二石油類に該当する代表的な危険物として、正しいものはどれか。,,,,,,重油,メタノール,灯油,ジエチルエーテル,ガソリン,3,灯油は第二石油類の代表例である。ガソリンは第一石油類、ジエチルエーテルは特殊引火物、メタノールはアルコール類、重油は第三石油類である。【試験ポイント】灯油・軽油は第二石油類の代表例。【ひっかけ】灯油と重油の分類を混同しない。【選択肢ア】誤り。重油は第三石油類である。【選択肢イ】誤り。メタノールはアルコール類である。【選択肢ウ】正しい。灯油は第二石油類である。【選択肢エ】誤り。ジエチルエーテルは特殊引火物である。【選択肢オ】誤り。ガソリンは第一石油類である。,1:（1）「重油」は、単独の記述としては法令上妥当な場合がありますが、本問で選ぶべき正答は（3）「灯油」です。問題文の条件（第二石油類に該当する代表的な危険物として、正しいものはどれか。…）と照らし、設問が問う論点に合う肢を選び直してください。;2:（2）「メタノール」は、単独の記述としては法令上妥当な場合がありますが、本問で選ぶべき正答は（3）「灯油」です。問題文の条件（第二石油類に該当する代表的な危険物として、正しいものはどれか。…）と照らし、設問が問う論点に合う肢を選び直してください。;4:ガソリンは第一石油類、ジエチルエーテルは特殊引火物、メタノールはアルコール類、重油は第三石油類である。;5:（5）「ガソリン」は、単独の記述としては法令上妥当な場合がありますが、本問で選ぶべき正答は（3）「灯油」です。問題文の条件（第二石油類に該当する代表的な危険物として、正しいものはどれか。…）と照らし、設問が問う論点に合う肢を選び直してください。,灯油は第二石油類の代表例である。ガソリンは第一石油類、ジエチルエーテルは特殊引火物、メタノールはアルコール類、重油は第三石油類である。【試験ポイント】灯油・軽油は第二石油類の代表例。【ひっかけ】灯油と重油の分類を混同しない。【選択肢ア】誤り。重油は第三石油類である。【選択肢イ】誤り。メタノールはアルコール類である。【選択肢ウ】正しい。灯油は第二石油類である。【選択肢エ】誤り。ジエチルエーテルは特殊引火物である。【選択肢オ】誤り。ガソリンは第一石油類である。,灯油は第二石油類の代表例である。ガソリンは第一石油類、ジエチルエーテルは特殊引火物、メタノールはアルコール類、重油は第三石油類である。【試験ポイント】灯油・軽油は第二石油類の代表例。【ひっかけ】灯油と重油の分類を混同しない。【選択肢ア】誤り。重油は第三石油類である。【選択肢イ】誤り。メタノールはアルコール類である。【選択肢ウ】正しい。灯油は第二石油類である。,
15,single,火災・消火・漏えい,PF-005;PF-043;消火方法;物質別の消火方法;標準;重点,非水溶性の第4類危険物の火災に対する消火方法として、適切なものはどれか。,,,,,,液面を泡で覆い、可燃性蒸気の発生と空気の供給を抑える。,可燃性蒸気が充満した場所で火気を使用する。,火災中の液面を強い棒でかき混ぜる。,消火のために換気を止め、可燃性蒸気をためる。,流出した危険物を下水へ流す。,1,非水溶性の第4類危険物火災では、泡で液面を覆い、可燃性蒸気の発生と酸素供給を抑える方法が有効である。流出拡大や火気使用は危険である。【試験ポイント】非水溶性の第4類火災では泡消火が重要。【ひっかけ】水溶性液体では耐アルコール泡などの区別が必要になる。【選択肢ア】正しい。泡で液面を覆うことで窒息効果が期待できる。【選択肢イ】誤り。可燃性蒸気がある場所で火気を使用するのは危険である。【選択肢ウ】誤り。液面をかき混ぜると燃焼や流出を拡大するおそれがある。【選択肢エ】誤り。可燃性蒸気をためることは危険である。【選択肢オ】誤り。下水へ流すと火災や環境汚染の危険がある。,2:（2）の内容は、正答（1）「液面を泡で覆い、可燃性蒸気の発生と空気の供給を抑える。」が示す論点とずれています。 解説の要点：非水溶性の第4類危険物火災では、泡で液面を覆い、可燃性蒸気の発生と酸素供給を抑える方法が有効である。流出拡大や火気使用は危険である。【試験ポイント】非水溶性の第4類火災では泡消火が重要。【ひっかけ】水溶性液体では耐アルコール泡などの区別が必要になる。【選択肢ア】正しい。泡で液面を… 正答（1）との違いを確認し直してください。;3:（3）の内容は、正答（1）「液面を泡で覆い、可燃性蒸気の発生と空気の供給を抑える。」が示す論点とずれています。 解説の要点：非水溶性の第4類危険物火災では、泡で液面を覆い、可燃性蒸気の発生と酸素供給を抑える方法が有効である。流出拡大や火気使用は危険である。【試験ポイント】非水溶性の第4類火災では泡消火が重要。【ひっかけ】水溶性液体では耐アルコール泡などの区別が必要になる。【選択肢ア】正しい。泡で液面を… 正答（1）との違いを確認し直してください。;4:（4）の内容は、正答（1）「液面を泡で覆い、可燃性蒸気の発生と空気の供給を抑える。」が示す論点とずれています。 解説の要点：非水溶性の第4類危険物火災では、泡で液面を覆い、可燃性蒸気の発生と酸素供給を抑える方法が有効である。流出拡大や火気使用は危険である。【試験ポイント】非水溶性の第4類火災では泡消火が重要。【ひっかけ】水溶性液体では耐アルコール泡などの区別が必要になる。【選択肢ア】正しい。泡で液面を… 正答（1）との違いを確認し直してください。;5:（5）「流出した危険物を下水へ流す。」は、単独の記述としては法令上妥当な場合がありますが、本問で選ぶべき正答は（1）「液面を泡で覆い、可燃性蒸気の発生と空気の供給を抑える。」です。問題文の条件（非水溶性の第4類危険物の火災に対する消火方法として、適切なものはどれか。…）と照らし、設問が問う論点に合う肢を選び直してください。,非水溶性の第4類危険物火災では、泡で液面を覆い、可燃性蒸気の発生と酸素供給を抑える方法が有効である。流出拡大や火気使用は危険である。【試験ポイント】非水溶性の第4類火災では泡消火が重要。【ひっかけ】水溶性液体では耐アルコール泡などの区別が必要になる。【選択肢ア】正しい。泡で液面を覆うことで窒息効果が期待できる。【選択肢イ】誤り。可燃性蒸気がある場所で火気を使用するのは危険である。【選択肢ウ】誤り。液面をかき混ぜると燃焼や流出を拡大するおそれがある。【選択肢エ】誤り。可燃性蒸気をためることは危険である。【選択肢オ】誤り。下水へ流すと火災や環境汚染の危険がある。,非水溶性の第4類危険物火災では、泡で液面を覆い、可燃性蒸気の発生と酸素供給を抑える方法が有効である。流出拡大や火気使用は危険である。【試験ポイント】非水溶性の第4類火災では泡消火が重要。【ひっかけ】水溶性液体では耐アルコール泡などの区別が必要になる。【選択肢ア】正しい。泡で液面を覆うことで窒息効果が期待できる。【選択肢イ】誤り。可燃性蒸気がある場所で火気を使,
16,single,法令・制度,L-006;LAW-002;危険物の分類;第1類〜第6類の分類概要;基礎;網羅,消防法上の危険物の類別と性質の組合せとして、正しいものはどれか。,,,,,,第1類 — 引火性液体,第2類 — 酸化性液体,第4類 — 自己反応性物質,第3類 — 自然発火性物質及び禁水性物質,第6類 — 可燃性固体,4,消防法上の危険物は第1類から第6類に分かれる。第3類は自然発火性物質及び禁水性物質、第4類は引火性液体である。【試験ポイント】第4類は引火性液体。第3類は自然発火性物質及び禁水性物質。【ひっかけ】第4類と第5類、第2類と第6類を混同しない。【選択肢ア】誤り。第1類は酸化性固体である。【選択肢イ】誤り。第2類は可燃性固体である。【選択肢ウ】誤り。第4類は引火性液体である。自己反応性物質は第5類である。【選択肢エ】正しい。第3類は自然発火性物質及び禁水性物質である。【選択肢オ】誤り。第6類は酸化性液体である。,1:（1）「第1類 — 引火性液体」は、単独の記述としては法令上妥当な場合がありますが、本問で選ぶべき正答は（4）「第3類 — 自然発火性物質及び禁水性物質」です。問題文の条件（消防法上の危険物の類別と性質の組合せとして、正しいものはどれか。…）と照らし、設問が問う論点に合う肢を選び直してください。;2:（2）「第2類 — 酸化性液体」は、単独の記述としては法令上妥当な場合がありますが、本問で選ぶべき正答は（4）「第3類 — 自然発火性物質及び禁水性物質」です。問題文の条件（消防法上の危険物の類別と性質の組合せとして、正しいものはどれか。…）と照らし、設問が問う論点に合う肢を選び直してください。;3:（3）「第4類 — 自己反応性物質」は、単独の記述としては法令上妥当な場合がありますが、本問で選ぶべき正答は（4）「第3類 — 自然発火性物質及び禁水性物質」です。問題文の条件（消防法上の危険物の類別と性質の組合せとして、正しいものはどれか。…）と照らし、設問が問う論点に合う肢を選び直してください。;5:（5）「第6類 — 可燃性固体」は、単独の記述としては法令上妥当な場合がありますが、本問で選ぶべき正答は（4）「第3類 — 自然発火性物質及び禁水性物質」です。問題文の条件（消防法上の危険物の類別と性質の組合せとして、正しいものはどれか。…）と照らし、設問が問う論点に合う肢を選び直してください。,消防法上の危険物は第1類から第6類に分かれる。第3類は自然発火性物質及び禁水性物質、第4類は引火性液体である。【試験ポイント】第4類は引火性液体。第3類は自然発火性物質及び禁水性物質。【ひっかけ】第4類と第5類、第2類と第6類を混同しない。【選択肢ア】誤り。第1類は酸化性固体である。【選択肢イ】誤り。第2類は可燃性固体である。【選択肢ウ】誤り。第4類は引火性液体である。自己反応性物質は第5類である。【選択肢エ】正しい。第3類は自然発火性物質及び禁水性物質である。【選択肢オ】誤り。第6類は酸化性液体である。,消防法上の危険物は第1類から第6類に分かれる。第3類は自然発火性物質及び禁水性物質、第4類は引火性液体である。【試験ポイント】第4類は引火性液体。第3類は自然発火性物質及び禁水性物質。【ひっかけ】第4類と第5類、第2類と第6類を混同しない。【選択肢ア】誤り。第1類は酸化性固体である。【選択肢イ】誤り。第2類は可燃性固体である。【選択肢ウ】誤り。第4類は引火性,
17,single,法令・制度,L-007;LAW-005;指定数量;第4類危険物の指定数量;標準;重点,法令上、ガソリンの指定数量として、正しいものはどれか。,,,,,,400 L,"1,000 L",50 L,200 L,100 L,4,"ガソリンは第1石油類の非水溶性液体に該当し、指定数量は200 Lである。【試験ポイント】ガソリンは第1石油類の非水溶性液体、指定数量は200 L。【ひっかけ】第1石油類は水溶性か非水溶性かで指定数量が異なる。【選択肢ア】誤り。400 Lはアルコール類や第1石油類の水溶性液体の指定数量である。【選択肢イ】誤り。1,000 Lは第2石油類の非水溶性液体の指定数量である。【選択肢ウ】誤り。50 Lは特殊引火物の指定数量である。【選択肢エ】正しい。ガソリンの指定数量は200 Lである。【選択肢オ】誤り。ガソリンの指定数量ではない。","1:（1）「400 L」は、単独の記述としては法令上妥当な場合がありますが、本問で選ぶべき正答は（4）「200 L」です。問題文の条件（法令上、ガソリンの指定数量として、正しいものはどれか。…）と照らし、設問が問う論点に合う肢を選び直してください。;2:（2）「1,000 L」は、単独の記述としては法令上妥当な場合がありますが、本問で選ぶべき正答は（4）「200 L」です。問題文の条件（法令上、ガソリンの指定数量として、正しいものはどれか。…）と照らし、設問が問う論点に合う肢を選び直してください。;3:（3）「50 L」は、単独の記述としては法令上妥当な場合がありますが、本問で選ぶべき正答は（4）「200 L」です。問題文の条件（法令上、ガソリンの指定数量として、正しいものはどれか。…）と照らし、設問が問う論点に合う肢を選び直してください。;5:（5）「100 L」は、単独の記述としては法令上妥当な場合がありますが、本問で選ぶべき正答は（4）「200 L」です。問題文の条件（法令上、ガソリンの指定数量として、正しいものはどれか。…）と照らし、設問が問う論点に合う肢を選び直してください。","ガソリンは第1石油類の非水溶性液体に該当し、指定数量は200 Lである。【試験ポイント】ガソリンは第1石油類の非水溶性液体、指定数量は200 L。【ひっかけ】第1石油類は水溶性か非水溶性かで指定数量が異なる。【選択肢ア】誤り。400 Lはアルコール類や第1石油類の水溶性液体の指定数量である。【選択肢イ】誤り。1,000 Lは第2石油類の非水溶性液体の指定数量である。【選択肢ウ】誤り。50 Lは特殊引火物の指定数量である。【選択肢エ】正しい。ガソリンの指定数量は200 Lである。【選択肢オ】誤り。ガソリンの指定数量ではない。","ガソリンは第1石油類の非水溶性液体に該当し、指定数量は200 Lである。【試験ポイント】ガソリンは第1石油類の非水溶性液体、指定数量は200 L。【ひっかけ】第1石油類は水溶性か非水溶性かで指定数量が異なる。【選択肢ア】誤り。400 Lはアルコール類や第1石油類の水溶性液体の指定数量である。【選択肢イ】誤り。1,000 Lは第2石油類の非水溶性液体の指定数量",
18,single,法令・制度,L-008;LAW-007;指定数量;指定数量の倍数計算;標準;重点,"ガソリン100 Lと灯油500 Lを同一場所で貯蔵する場合、指定数量の倍数として正しいものはどれか。ただし、ガソリンの指定数量は200 L、灯油の指定数量は1,000 Lとする。",,,,,,1.0倍,2.0倍,1.5倍,0.5倍,0.25倍,1,"指定数量の倍数は、貯蔵数量を指定数量で割って求める。ガソリンは100÷200＝0.5、灯油は500÷1,000＝0.5、合計1.0倍である。【試験ポイント】複数危険物では、それぞれの指定数量倍数を求めて合算する。【ひっかけ】数量を単純合計するのではなく、各指定数量で割ってから合算する。【選択肢ア】正しい。0.5倍＋0.5倍＝1.0倍である。【選択肢イ】誤り。指定数量そのものを足して計算するのではない。【選択肢ウ】誤り。計算結果は1.0倍である。【選択肢エ】誤り。ガソリンと灯油の倍数を合算する必要がある。【選択肢オ】誤り。ガソリン分だけでも0.5倍である。",2:（2）「2.0倍」は、単独の記述としては法令上妥当な場合がありますが、本問で選ぶべき正答は（1）「1.0倍」です。問題文の条件（ガソリン100 Lと灯油500 Lを同一場所で貯蔵する場合、指定数量の倍数として正しいものはどれ…）と照らし、設問が問う論点に合う肢を選び直してください。;3:（3）「1.5倍」は、単独の記述としては法令上妥当な場合がありますが、本問で選ぶべき正答は（1）「1.0倍」です。問題文の条件（ガソリン100 Lと灯油500 Lを同一場所で貯蔵する場合、指定数量の倍数として正しいものはどれ…）と照らし、設問が問う論点に合う肢を選び直してください。;4:（4）「0.5倍」は、単独の記述としては法令上妥当な場合がありますが、本問で選ぶべき正答は（1）「1.0倍」です。問題文の条件（ガソリン100 Lと灯油500 Lを同一場所で貯蔵する場合、指定数量の倍数として正しいものはどれ…）と照らし、設問が問う論点に合う肢を選び直してください。;5:（5）「0.25倍」は、単独の記述としては法令上妥当な場合がありますが、本問で選ぶべき正答は（1）「1.0倍」です。問題文の条件（ガソリン100 Lと灯油500 Lを同一場所で貯蔵する場合、指定数量の倍数として正しいものはどれ…）と照らし、設問が問う論点に合う肢を選び直してください。,"指定数量の倍数は、貯蔵数量を指定数量で割って求める。ガソリンは100÷200＝0.5、灯油は500÷1,000＝0.5、合計1.0倍である。【試験ポイント】複数危険物では、それぞれの指定数量倍数を求めて合算する。【ひっかけ】数量を単純合計するのではなく、各指定数量で割ってから合算する。【選択肢ア】正しい。0.5倍＋0.5倍＝1.0倍である。【選択肢イ】誤り。指定数量そのものを足して計算するのではない。【選択肢ウ】誤り。計算結果は1.0倍である。【選択肢エ】誤り。ガソリンと灯油の倍数を合算する必要がある。【選択肢オ】誤り。ガソリン分だけでも0.5倍である。","指定数量の倍数は、貯蔵数量を指定数量で割って求める。ガソリンは100÷200＝0.5、灯油は500÷1,000＝0.5、合計1.0倍である。【試験ポイント】複数危険物では、それぞれの指定数量倍数を求めて合算する。【ひっかけ】数量を単純合計するのではなく、各指定数量で割ってから合算する。【選択肢ア】正しい。0.5倍＋0.5倍＝1.0倍である。【選択肢イ】誤り。",
19,single,法令・制度,L-009;LAW-010;製造所等;製造所等の基本分類;基礎;重点,消防法令上の製造所等に含まれる施設の組合せとして、正しいものはどれか。,,,,,,住宅・店舗・駐車場,学校・病院・劇場,道路・橋・港湾,工場・倉庫・事務所,製造所・貯蔵所・取扱所,5,危険物を製造し、貯蔵し、または取り扱う施設は、製造所、貯蔵所、取扱所に大別される。【試験ポイント】製造所等は、製造所・貯蔵所・取扱所の総称。【ひっかけ】一般的な建物用途と法令上の施設分類を混同しない。【選択肢ア】誤り。製造所等の分類ではない。【選択肢イ】誤り。保安距離等で関係する場合はあるが、製造所等の分類ではない。【選択肢ウ】誤り。製造所等の分類ではない。【選択肢エ】誤り。一般的な建物用途であり、製造所等の分類ではない。【選択肢オ】正しい。製造所等は製造所、貯蔵所、取扱所をいう。,1:（1）「住宅・店舗・駐車場」は、単独の記述としては法令上妥当な場合がありますが、本問で選ぶべき正答は（5）「製造所・貯蔵所・取扱所」です。問題文の条件（消防法令上の製造所等に含まれる施設の組合せとして、正しいものはどれか。…）と照らし、設問が問う論点に合う肢を選び直してください。;2:（2）「学校・病院・劇場」は、単独の記述としては法令上妥当な場合がありますが、本問で選ぶべき正答は（5）「製造所・貯蔵所・取扱所」です。問題文の条件（消防法令上の製造所等に含まれる施設の組合せとして、正しいものはどれか。…）と照らし、設問が問う論点に合う肢を選び直してください。;3:（3）「道路・橋・港湾」は、単独の記述としては法令上妥当な場合がありますが、本問で選ぶべき正答は（5）「製造所・貯蔵所・取扱所」です。問題文の条件（消防法令上の製造所等に含まれる施設の組合せとして、正しいものはどれか。…）と照らし、設問が問う論点に合う肢を選び直してください。;4:（4）「工場・倉庫・事務所」は、単独の記述としては法令上妥当な場合がありますが、本問で選ぶべき正答は（5）「製造所・貯蔵所・取扱所」です。問題文の条件（消防法令上の製造所等に含まれる施設の組合せとして、正しいものはどれか。…）と照らし、設問が問う論点に合う肢を選び直してください。,【試験ポイント】製造所等は、製造所・貯蔵所・取扱所の総称。,危険物を製造し、貯蔵し、または取り扱う施設は、製造所、貯蔵所、取扱所に大別される。【試験ポイント】製造所等は、製造所・貯蔵所・取扱所の総称。【ひっかけ】一般的な建物用途と法令上の施設分類を混同しない。【選択肢ア】誤り。製造所等の分類ではない。【選択肢イ】誤り。保安距離等で関係する場合はあるが、製造所等の分類ではない。【選択肢ウ】誤り。製造所等の分類ではない。,
20,single,法令・制度,L-010;LAW-023;危険物取扱者;甲種・乙種・丙種の違い;基礎;重点,危険物取扱者の区分について、正しいものはどれか。,,,,,,甲種は、すべての種類の危険物を取り扱うことができる。,丙種は、第1類から第6類までのすべての危険物の立会いができる。,乙種第4類は、酸化性固体だけを対象とする。,甲種は、第4類危険物だけを取り扱う資格である。,乙種は、すべての種類の危険物を無条件で取り扱うことができる。,1,甲種はすべての種類の危険物を取り扱うことができる。乙種は免状に指定された類、乙種第4類は第4類危険物が対象である。【試験ポイント】甲種は全類、乙種は指定された類。【ひっかけ】乙種と甲種の取扱範囲を混同しない。【選択肢ア】正しい。甲種はすべての種類の危険物を対象とする。【選択肢イ】誤り。丙種はすべての危険物の立会いができる資格ではない。【選択肢ウ】誤り。乙種第4類は引火性液体を対象とする。【選択肢エ】誤り。甲種は第4類だけに限られない。【選択肢オ】誤り。乙種は免状に指定された類に限られる。,2:（2）の内容は、正答（1）「甲種は、すべての種類の危険物を取り扱うことができる。」が示す論点とずれています。 解説の要点：甲種はすべての種類の危険物を取り扱うことができる。乙種は免状に指定された類、乙種第4類は第4類危険物が対象である。【試験ポイント】甲種は全類、乙種は指定された類。【ひっかけ】乙種と甲種の取扱範囲を混同しない。【選択肢ア】正しい。甲種はすべての種類の危険物を対象とする。【選択肢イ】… 正答（1）との違いを確認し直してください。;3:（3）の内容は、正答（1）「甲種は、すべての種類の危険物を取り扱うことができる。」が示す論点とずれています。 解説の要点：甲種はすべての種類の危険物を取り扱うことができる。乙種は免状に指定された類、乙種第4類は第4類危険物が対象である。【試験ポイント】甲種は全類、乙種は指定された類。【ひっかけ】乙種と甲種の取扱範囲を混同しない。【選択肢ア】正しい。甲種はすべての種類の危険物を対象とする。【選択肢イ】… 正答（1）との違いを確認し直してください。;4:（4）の内容は、正答（1）「甲種は、すべての種類の危険物を取り扱うことができる。」が示す論点とずれています。 解説の要点：甲種はすべての種類の危険物を取り扱うことができる。乙種は免状に指定された類、乙種第4類は第4類危険物が対象である。【試験ポイント】甲種は全類、乙種は指定された類。【ひっかけ】乙種と甲種の取扱範囲を混同しない。【選択肢ア】正しい。甲種はすべての種類の危険物を対象とする。【選択肢イ】… 正答（1）との違いを確認し直してください。;5:（5）の内容は、正答（1）「甲種は、すべての種類の危険物を取り扱うことができる。」が示す論点とずれています。 解説の要点：甲種はすべての種類の危険物を取り扱うことができる。乙種は免状に指定された類、乙種第4類は第4類危険物が対象である。【試験ポイント】甲種は全類、乙種は指定された類。【ひっかけ】乙種と甲種の取扱範囲を混同しない。【選択肢ア】正しい。甲種はすべての種類の危険物を対象とする。【選択肢イ】… 正答（1）との違いを確認し直してください。,甲種はすべての種類の危険物を取り扱うことができる。乙種は免状に指定された類、乙種第4類は第4類危険物が対象である。【試験ポイント】甲種は全類、乙種は指定された類。【ひっかけ】乙種と甲種の取扱範囲を混同しない。【選択肢ア】正しい。甲種はすべての種類の危険物を対象とする。【選択肢イ】誤り。丙種はすべての危険物の立会いができる資格ではない。【選択肢ウ】誤り。乙種第4類は引火性液体を対象とする。【選択肢エ】誤り。甲種は第4類だけに限られない。【選択肢オ】誤り。乙種は免状に指定された類に限られる。,甲種はすべての種類の危険物を取り扱うことができる。乙種は免状に指定された類、乙種第4類は第4類危険物が対象である。【試験ポイント】甲種は全類、乙種は指定された類。【ひっかけ】乙種と甲種の取扱範囲を混同しない。【選択肢ア】正しい。甲種はすべての種類の危険物を対象とする。【選択肢イ】誤り。丙種はすべての危険物の立会いができる資格ではない。【選択肢ウ】誤り。乙種第,
21,single,物性・化学,PC-006;PC-020;熱;熱伝導・対流・放射;基礎;重点,熱の伝わり方について、正しいものはどれか。,,,,,,放射は、物質の移動がなければ起こらない。,熱伝導・対流・放射はいずれも熱の移動とは無関係である。,対流は、真空中でだけ起こる熱の伝わり方である。,熱伝導は、主に物質内を熱が伝わる現象である。,熱は常に温度の低い方から高い方へ自然に移動する。,4,熱の伝わり方には、熱伝導、対流、放射がある。熱伝導は物質内を熱が伝わる現象であり、対流は流体の移動、放射は電磁波による熱の移動である。【試験ポイント】熱の伝わり方は熱伝導・対流・放射。【ひっかけ】対流と放射の違いを区別する。【選択肢ア】誤り。放射は物質の移動を必要としない。【選択肢イ】誤り。いずれも熱の移動に関係する。【選択肢ウ】誤り。対流は液体や気体など流体の移動によって起こる。【選択肢エ】正しい。熱伝導は物質を通じて熱が伝わる現象である。【選択肢オ】誤り。熱は通常、高温側から低温側へ自然に移動する。,1:解説では「熱の伝わり方には、熱伝導、対流、放射がある。」とある一方、（1）の記述はそれと矛盾します。 解説の要点：熱の伝わり方には、熱伝導、対流、放射がある。熱伝導は物質内を熱が伝わる現象であり、対流は流体の移動、放射は電磁波による熱の移動である。【試験ポイント】熱の伝わり方は熱伝導・対流・放射。【ひっかけ】対流と放射の違いを区別する。【選択肢ア】誤り。放射は物質の移動を必要としない。【選択… 正答（4）との違いを確認し直してください。;2:（2）の内容は、正答（4）「熱伝導は、主に物質内を熱が伝わる現象である。」が示す論点とずれています。 解説の要点：熱の伝わり方には、熱伝導、対流、放射がある。熱伝導は物質内を熱が伝わる現象であり、対流は流体の移動、放射は電磁波による熱の移動である。【試験ポイント】熱の伝わり方は熱伝導・対流・放射。【ひっかけ】対流と放射の違いを区別する。【選択肢ア】誤り。放射は物質の移動を必要としない。【選択… 正答（4）との違いを確認し直してください。;3:（3）の内容は、正答（4）「熱伝導は、主に物質内を熱が伝わる現象である。」が示す論点とずれています。 解説の要点：熱の伝わり方には、熱伝導、対流、放射がある。熱伝導は物質内を熱が伝わる現象であり、対流は流体の移動、放射は電磁波による熱の移動である。【試験ポイント】熱の伝わり方は熱伝導・対流・放射。【ひっかけ】対流と放射の違いを区別する。【選択肢ア】誤り。放射は物質の移動を必要としない。【選択… 正答（4）との違いを確認し直してください。;5:（5）の内容は、正答（4）「熱伝導は、主に物質内を熱が伝わる現象である。」が示す論点とずれています。 解説の要点：熱の伝わり方には、熱伝導、対流、放射がある。熱伝導は物質内を熱が伝わる現象であり、対流は流体の移動、放射は電磁波による熱の移動である。【試験ポイント】熱の伝わり方は熱伝導・対流・放射。【ひっかけ】対流と放射の違いを区別する。【選択肢ア】誤り。放射は物質の移動を必要としない。【選択… 正答（4）との違いを確認し直してください。,熱の伝わり方には、熱伝導、対流、放射がある。熱伝導は物質内を熱が伝わる現象であり、対流は流体の移動、放射は電磁波による熱の移動である。【試験ポイント】熱の伝わり方は熱伝導・対流・放射。【ひっかけ】対流と放射の違いを区別する。【選択肢ア】誤り。放射は物質の移動を必要としない。【選択肢イ】誤り。いずれも熱の移動に関係する。【選択肢ウ】誤り。対流は液体や気体など流体の移動によって起こる。【選択肢エ】正しい。熱伝導は物質を通じて熱が伝わる現象である。【選択肢オ】誤り。熱は通常、高温側から低温側へ自然に移動する。,熱の伝わり方には、熱伝導、対流、放射がある。熱伝導は物質内を熱が伝わる現象であり、対流は流体の移動、放射は電磁波による熱の移動である。【試験ポイント】熱の伝わり方は熱伝導・対流・放射。【ひっかけ】対流と放射の違いを区別する。【選択肢ア】誤り。放射は物質の移動を必要としない。【選択肢イ】誤り。いずれも熱の移動に関係する。【選択肢ウ】誤り。対流は液体や気体など流,
22,single,物性・化学,PC-007;PC-029;密度・比重;密度;基礎;重点,密度の説明として、正しいものはどれか。,,,,,,密度は、物質の色を数値化した値である。,密度は、質量を体積で割った値である。,密度は、液体には使えない考え方である。,密度は、体積を質量で割った値である。,密度は、温度に関係なくすべての物質で同じである。,2,密度は、単位体積あたりの質量を表す値であり、質量÷体積で求める。【試験ポイント】密度＝質量÷体積。【ひっかけ】密度と比重を混同しない。【選択肢ア】誤り。色を表す値ではない。【選択肢イ】正しい。密度＝質量÷体積である。【選択肢ウ】誤り。密度は固体・液体・気体に用いられる。【選択肢エ】誤り。体積÷質量ではない。【選択肢オ】誤り。密度は物質や温度によって異なる。,1:（1）の内容は、正答（2）「密度は、質量を体積で割った値である。」が示す論点とずれています。 解説の要点：密度は、単位体積あたりの質量を表す値であり、質量÷体積で求める。【試験ポイント】密度＝質量÷体積。【ひっかけ】密度と比重を混同しない。【選択肢ア】誤り。色を表す値ではない。【選択肢イ】正しい。密度＝質量÷体積である。【選択肢ウ】誤り。密度は固体・液体・気体に用いられる。【選択肢エ… 正答（2）との違いを確認し直してください。;3:解説では「密度＝質量÷体積である。」とある一方、（3）の記述はそれと矛盾します。 解説の要点：密度は、単位体積あたりの質量を表す値であり、質量÷体積で求める。【試験ポイント】密度＝質量÷体積。【ひっかけ】密度と比重を混同しない。【選択肢ア】誤り。色を表す値ではない。【選択肢イ】正しい。密度＝質量÷体積である。【選択肢ウ】誤り。密度は固体・液体・気体に用いられる。【選択肢エ… 正答（2）との違いを確認し直してください。;4:（4）「密度は、体積を質量で割った値である。」は、単独の記述としては法令上妥当な場合がありますが、本問で選ぶべき正答は（2）「密度は、質量を体積で割った値である。」です。問題文の条件（密度の説明として、正しいものはどれか。…）と照らし、設問が問う論点に合う肢を選び直してください。;5:（5）の内容は、正答（2）「密度は、質量を体積で割った値である。」が示す論点とずれています。 解説の要点：密度は、単位体積あたりの質量を表す値であり、質量÷体積で求める。【試験ポイント】密度＝質量÷体積。【ひっかけ】密度と比重を混同しない。【選択肢ア】誤り。色を表す値ではない。【選択肢イ】正しい。密度＝質量÷体積である。【選択肢ウ】誤り。密度は固体・液体・気体に用いられる。【選択肢エ… 正答（2）との違いを確認し直してください。,密度は、単位体積あたりの質量を表す値であり、質量÷体積で求める。【試験ポイント】密度＝質量÷体積。【ひっかけ】密度と比重を混同しない。【選択肢ア】誤り。色を表す値ではない。【選択肢イ】正しい。密度＝質量÷体積である。【選択肢ウ】誤り。密度は固体・液体・気体に用いられる。【選択肢エ】誤り。体積÷質量ではない。【選択肢オ】誤り。密度は物質や温度によって異なる。,密度は、単位体積あたりの質量を表す値であり、質量÷体積で求める。【試験ポイント】密度＝質量÷体積。【ひっかけ】密度と比重を混同しない。【選択肢ア】誤り。色を表す値ではない。【選択肢イ】正しい。密度＝質量÷体積である。【選択肢ウ】誤り。密度は固体・液体・気体に用いられる。【選択肢エ】誤り。体積÷質量ではない。【選択肢オ】誤り。密度は物質や温度によって異なる。,
23,single,物性・化学,PC-008;PC-032;密度・比重;蒸気比重;標準;重点,蒸気比重が空気より大きい可燃性蒸気の性質として、正しいものはどれか。,,,,,,酸素を放出して他の物質を燃焼させる。,必ず水に溶ける。,常に空気より速く上昇する。,絶対に引火しない。,低い場所に滞留しやすい。,5,蒸気比重が空気より大きい可燃性蒸気は、低所に滞留しやすく、火気や静電気による引火に注意が必要である。【試験ポイント】蒸気比重が大きい蒸気は低所に滞留しやすい。【ひっかけ】蒸気比重と液比重、水溶性を混同しない。【選択肢ア】誤り。酸素を放出する性質ではない。【選択肢イ】誤り。蒸気比重が大きいことと水溶性は直接同じ意味ではない。【選択肢ウ】誤り。空気より重い蒸気は上昇しにくい。【選択肢エ】誤り。可燃性蒸気は引火する危険がある。【選択肢オ】正しい。空気より重い蒸気は低所にたまりやすい。,1:（1）「酸素を放出して他の物質を燃焼させる。」は、単独の記述としては法令上妥当な場合がありますが、本問で選ぶべき正答は（5）「低い場所に滞留しやすい。」です。問題文の条件（蒸気比重が空気より大きい可燃性蒸気の性質として、正しいものはどれか。…）と照らし、設問が問う論点に合う肢を選び直してください。;2:（2）「必ず水に溶ける。」は、単独の記述としては法令上妥当な場合がありますが、本問で選ぶべき正答は（5）「低い場所に滞留しやすい。」です。問題文の条件（蒸気比重が空気より大きい可燃性蒸気の性質として、正しいものはどれか。…）と照らし、設問が問う論点に合う肢を選び直してください。;3:（3）「常に空気より速く上昇する。」は、単独の記述としては法令上妥当な場合がありますが、本問で選ぶべき正答は（5）「低い場所に滞留しやすい。」です。問題文の条件（蒸気比重が空気より大きい可燃性蒸気の性質として、正しいものはどれか。…）と照らし、設問が問う論点に合う肢を選び直してください。;4:（4）「絶対に引火しない。」は、単独の記述としては法令上妥当な場合がありますが、本問で選ぶべき正答は（5）「低い場所に滞留しやすい。」です。問題文の条件（蒸気比重が空気より大きい可燃性蒸気の性質として、正しいものはどれか。…）と照らし、設問が問う論点に合う肢を選び直してください。,蒸気比重が空気より大きい可燃性蒸気は、低所に滞留しやすく、火気や静電気による引火に注意が必要である。【試験ポイント】蒸気比重が大きい蒸気は低所に滞留しやすい。【ひっかけ】蒸気比重と液比重、水溶性を混同しない。【選択肢ア】誤り。酸素を放出する性質ではない。【選択肢イ】誤り。蒸気比重が大きいことと水溶性は直接同じ意味ではない。【選択肢ウ】誤り。空気より重い蒸気は上昇しにくい。【選択肢エ】誤り。可燃性蒸気は引火する危険がある。【選択肢オ】正しい。空気より重い蒸気は低所にたまりやすい。,蒸気比重が空気より大きい可燃性蒸気は、低所に滞留しやすく、火気や静電気による引火に注意が必要である。【試験ポイント】蒸気比重が大きい蒸気は低所に滞留しやすい。【ひっかけ】蒸気比重と液比重、水溶性を混同しない。【選択肢ア】誤り。酸素を放出する性質ではない。【選択肢イ】誤り。蒸気比重が大きいことと水溶性は直接同じ意味ではない。【選択肢ウ】誤り。空気より重い蒸気は,
24,single,物性・化学,PC-009;PC-045;酸化・還元;酸化;基礎;重点,酸化の説明として、正しいものはどれか。,,,,,,物質が酸素と化合することは、酸化の一例である。,酸化とは、物質が必ず水に溶けることである。,酸化とは、物質の体積が必ず小さくなることである。,酸化とは、物質が必ず気体になることである。,酸化とは、燃焼とはまったく関係のない現象である。,1,酸化には、物質が酸素と化合する反応が含まれる。燃焼は急激な酸化反応として理解できる。【試験ポイント】燃焼は急激な酸化反応と考えられる。【ひっかけ】酸化と溶解、状態変化を混同しない。【選択肢ア】正しい。酸素と化合することは酸化の一例である。【選択肢イ】誤り。水に溶けることは酸化ではない。【選択肢ウ】誤り。体積変化だけで酸化は判断できない。【選択肢エ】誤り。気体になることは状態変化であり、酸化とは限らない。【選択肢オ】誤り。燃焼は酸化反応と関係が深い。,2:（2）の内容は、正答（1）「物質が酸素と化合することは、酸化の一例である。」が示す論点とずれています。 解説の要点：酸化には、物質が酸素と化合する反応が含まれる。燃焼は急激な酸化反応として理解できる。【試験ポイント】燃焼は急激な酸化反応と考えられる。【ひっかけ】酸化と溶解、状態変化を混同しない。【選択肢ア】正しい。酸素と化合することは酸化の一例である。【選択肢イ】誤り。水に溶けることは酸化では… 正答（1）との違いを確認し直してください。;3:（3）の内容は、正答（1）「物質が酸素と化合することは、酸化の一例である。」が示す論点とずれています。 解説の要点：酸化には、物質が酸素と化合する反応が含まれる。燃焼は急激な酸化反応として理解できる。【試験ポイント】燃焼は急激な酸化反応と考えられる。【ひっかけ】酸化と溶解、状態変化を混同しない。【選択肢ア】正しい。酸素と化合することは酸化の一例である。【選択肢イ】誤り。水に溶けることは酸化では… 正答（1）との違いを確認し直してください。;4:（4）の内容は、正答（1）「物質が酸素と化合することは、酸化の一例である。」が示す論点とずれています。 解説の要点：酸化には、物質が酸素と化合する反応が含まれる。燃焼は急激な酸化反応として理解できる。【試験ポイント】燃焼は急激な酸化反応と考えられる。【ひっかけ】酸化と溶解、状態変化を混同しない。【選択肢ア】正しい。酸素と化合することは酸化の一例である。【選択肢イ】誤り。水に溶けることは酸化では… 正答（1）との違いを確認し直してください。;5:解説では「酸素と化合することは酸化の一例である。」とある一方、（5）の記述はそれと矛盾します。 解説の要点：酸化には、物質が酸素と化合する反応が含まれる。燃焼は急激な酸化反応として理解できる。【試験ポイント】燃焼は急激な酸化反応と考えられる。【ひっかけ】酸化と溶解、状態変化を混同しない。【選択肢ア】正しい。酸素と化合することは酸化の一例である。【選択肢イ】誤り。水に溶けることは酸化では… 正答（1）との違いを確認し直してください。,酸化には、物質が酸素と化合する反応が含まれる。燃焼は急激な酸化反応として理解できる。【試験ポイント】燃焼は急激な酸化反応と考えられる。【ひっかけ】酸化と溶解、状態変化を混同しない。【選択肢ア】正しい。酸素と化合することは酸化の一例である。【選択肢イ】誤り。水に溶けることは酸化ではない。【選択肢ウ】誤り。体積変化だけで酸化は判断できない。【選択肢エ】誤り。気体になることは状態変化であり、酸化とは限らない。【選択肢オ】誤り。燃焼は酸化反応と関係が深い。,酸化には、物質が酸素と化合する反応が含まれる。燃焼は急激な酸化反応として理解できる。【試験ポイント】燃焼は急激な酸化反応と考えられる。【ひっかけ】酸化と溶解、状態変化を混同しない。【選択肢ア】正しい。酸素と化合することは酸化の一例である。【選択肢イ】誤り。水に溶けることは酸化ではない。【選択肢ウ】誤り。体積変化だけで酸化は判断できない。【選択肢エ】誤り。気体,
25,single,物性・化学,PC-010;PC-052;酸・アルカリ;pH;基礎;網羅,pHについて、正しいものはどれか。,,,,,,pHが7より小さいものは、必ず強いアルカリ性である。,pHは温度や物質の性質と無関係に常に同じ値である。,pHが7のものは、必ず強酸性である。,pHは酸性・中性・アルカリ性の程度を表す指標である。,pHは物質の燃えやすさだけを表す指標である。,4,pHは酸性・中性・アルカリ性の程度を表す指標である。一般にpH7付近が中性、7より小さいと酸性、7より大きいとアルカリ性である。【試験ポイント】pH7付近が中性、7未満は酸性、7超はアルカリ性。【ひっかけ】pHの大小と酸性・アルカリ性を逆に覚えない。【選択肢ア】誤り。pHが7より小さいものは一般に酸性である。【選択肢イ】誤り。pHは物質や条件によって異なる。【選択肢ウ】誤り。pH7付近は中性である。【選択肢エ】正しい。pHは酸性・中性・アルカリ性の程度を表す。【選択肢オ】誤り。燃えやすさだけを表す指標ではない。,1:（1）の内容は、正答（4）「pHは酸性・中性・アルカリ性の程度を表す指標である。」が示す論点とずれています。 解説の要点：pHは酸性・中性・アルカリ性の程度を表す指標である。一般にpH7付近が中性、7より小さいと酸性、7より大きいとアルカリ性である。【試験ポイント】pH7付近が中性、7未満は酸性、7超はアルカリ性。【ひっかけ】pHの大小と酸性・アルカリ性を逆に覚えない。【選択肢ア】誤り。pHが7より… 正答（4）との違いを確認し直してください。;2:（2）の内容は、正答（4）「pHは酸性・中性・アルカリ性の程度を表す指標である。」が示す論点とずれています。 解説の要点：pHは酸性・中性・アルカリ性の程度を表す指標である。一般にpH7付近が中性、7より小さいと酸性、7より大きいとアルカリ性である。【試験ポイント】pH7付近が中性、7未満は酸性、7超はアルカリ性。【ひっかけ】pHの大小と酸性・アルカリ性を逆に覚えない。【選択肢ア】誤り。pHが7より… 正答（4）との違いを確認し直してください。;3:（3）「pHが7のものは、必ず強酸性である。」は、単独の記述としては法令上妥当な場合がありますが、本問で選ぶべき正答は（4）「pHは酸性・中性・アルカリ性の程度を表す指標である。」です。問題文の条件（pHについて、正しいものはどれか。…）と照らし、設問が問う論点に合う肢を選び直してください。;5:（5）の内容は、正答（4）「pHは酸性・中性・アルカリ性の程度を表す指標である。」が示す論点とずれています。 解説の要点：pHは酸性・中性・アルカリ性の程度を表す指標である。一般にpH7付近が中性、7より小さいと酸性、7より大きいとアルカリ性である。【試験ポイント】pH7付近が中性、7未満は酸性、7超はアルカリ性。【ひっかけ】pHの大小と酸性・アルカリ性を逆に覚えない。【選択肢ア】誤り。pHが7より… 正答（4）との違いを確認し直してください。,pHは酸性・中性・アルカリ性の程度を表す指標である。 pHは酸性・中性・アルカリ性の程度を表す。,pHは酸性・中性・アルカリ性の程度を表す指標である。一般にpH7付近が中性、7より小さいと酸性、7より大きいとアルカリ性である。【試験ポイント】pH7付近が中性、7未満は酸性、7超はアルカリ性。【ひっかけ】pHの大小と酸性・アルカリ性を逆に覚えない。【選択肢ア】誤り。pHが7より小さいものは一般に酸性である。【選択肢イ】誤り。pHは物質や条件によって異なる。,
26,single,火災・消火・漏えい,PF-006;PF-014;特殊引火物;ジエチルエーテル;基礎;重点,特殊引火物に該当する代表的な危険物として、正しいものはどれか。,,,,,,灯油,軽油,ジエチルエーテル,重油,動植物油,3,ジエチルエーテルは特殊引火物の代表例である。灯油・軽油は第二石油類、重油は第三石油類、動植物油は動植物油類である。【試験ポイント】特殊引火物の代表例はジエチルエーテル、二硫化炭素、アセトアルデヒドなど。【ひっかけ】特殊引火物と石油類を混同しない。【選択肢ア】誤り。灯油は第二石油類である。【選択肢イ】誤り。軽油は第二石油類である。【選択肢ウ】正しい。ジエチルエーテルは特殊引火物である。【選択肢エ】誤り。重油は第三石油類である。【選択肢オ】誤り。動植物油は動植物油類である。,1:（1）「灯油」は、単独の記述としては法令上妥当な場合がありますが、本問で選ぶべき正答は（3）「ジエチルエーテル」です。問題文の条件（特殊引火物に該当する代表的な危険物として、正しいものはどれか。…）と照らし、設問が問う論点に合う肢を選び直してください。;2:（2）「軽油」は、単独の記述としては法令上妥当な場合がありますが、本問で選ぶべき正答は（3）「ジエチルエーテル」です。問題文の条件（特殊引火物に該当する代表的な危険物として、正しいものはどれか。…）と照らし、設問が問う論点に合う肢を選び直してください。;4:（4）「重油」は、単独の記述としては法令上妥当な場合がありますが、本問で選ぶべき正答は（3）「ジエチルエーテル」です。問題文の条件（特殊引火物に該当する代表的な危険物として、正しいものはどれか。…）と照らし、設問が問う論点に合う肢を選び直してください。;5:（5）「動植物油」は、単独の記述としては法令上妥当な場合がありますが、本問で選ぶべき正答は（3）「ジエチルエーテル」です。問題文の条件（特殊引火物に該当する代表的な危険物として、正しいものはどれか。…）と照らし、設問が問う論点に合う肢を選び直してください。,ジエチルエーテルは特殊引火物の代表例である。 【試験ポイント】特殊引火物の代表例はジエチルエーテル、二硫化炭素、アセトアルデヒドなど。 ジエチルエーテルは特殊引火物である。,ジエチルエーテルは特殊引火物の代表例である。灯油・軽油は第二石油類、重油は第三石油類、動植物油は動植物油類である。【試験ポイント】特殊引火物の代表例はジエチルエーテル、二硫化炭素、アセトアルデヒドなど。【ひっかけ】特殊引火物と石油類を混同しない。【選択肢ア】誤り。灯油は第二石油類である。【選択肢イ】誤り。軽油は第二石油類である。【選択肢ウ】正しい。ジエチルエ,
27,single,火災・消火・漏えい,PF-007;PF-020;第一石油類;アセトン;標準;重点,アセトンの性質として、正しいものはどれか。,,,,,,水に溶け、引火の危険がある液体である。,水に溶けにくく、絶対に引火しない。,常温で固体であり、蒸気を発生しない。,第4類危険物ではなく、酸化性固体である。,水と激しく反応して水素を発生する禁水性物質である。,1,アセトンは第4類危険物の第一石油類に分類される水溶性液体であり、引火の危険がある。【試験ポイント】アセトンは第一石油類の水溶性液体。【ひっかけ】水に溶けることと安全であることは同じではない。【選択肢ア】正しい。アセトンの基本的な性質である。【選択肢イ】誤り。アセトンは水に溶け、引火危険がある。【選択肢ウ】誤り。アセトンは常温で液体である。【選択肢エ】誤り。アセトンは第4類危険物であり、酸化性固体ではない。【選択肢オ】誤り。禁水性物質ではない。,2:解説では「アセトンは第4類危険物の第一石油類に分類される水溶性液体であり、引火の危険がある。」とある一方、（2）の記述はそれと矛盾します。 解説の要点：アセトンは第4類危険物の第一石油類に分類される水溶性液体であり、引火の危険がある。【試験ポイント】アセトンは第一石油類の水溶性液体。【ひっかけ】水に溶けることと安全であることは同じではない。【選択肢ア】正しい。アセトンの基本的な性質である。【選択肢イ】誤り。アセトンは水に溶け、引… 正答（1）との違いを確認し直してください。;3:解説では「アセトンは第4類危険物の第一石油類に分類される水溶性液体であり、引火の危険がある。」とある一方、（3）の記述はそれと矛盾します。 解説の要点：アセトンは第4類危険物の第一石油類に分類される水溶性液体であり、引火の危険がある。【試験ポイント】アセトンは第一石油類の水溶性液体。【ひっかけ】水に溶けることと安全であることは同じではない。【選択肢ア】正しい。アセトンの基本的な性質である。【選択肢イ】誤り。アセトンは水に溶け、引… 正答（1）との違いを確認し直してください。;4:（4）の内容は、正答（1）「水に溶け、引火の危険がある液体である。」が示す論点とずれています。 解説の要点：アセトンは第4類危険物の第一石油類に分類される水溶性液体であり、引火の危険がある。【試験ポイント】アセトンは第一石油類の水溶性液体。【ひっかけ】水に溶けることと安全であることは同じではない。【選択肢ア】正しい。アセトンの基本的な性質である。【選択肢イ】誤り。アセトンは水に溶け、引… 正答（1）との違いを確認し直してください。;5:（5）の内容は、正答（1）「水に溶け、引火の危険がある液体である。」が示す論点とずれています。 解説の要点：アセトンは第4類危険物の第一石油類に分類される水溶性液体であり、引火の危険がある。【試験ポイント】アセトンは第一石油類の水溶性液体。【ひっかけ】水に溶けることと安全であることは同じではない。【選択肢ア】正しい。アセトンの基本的な性質である。【選択肢イ】誤り。アセトンは水に溶け、引… 正答（1）との違いを確認し直してください。,アセトンは第4類危険物の第一石油類に分類される水溶性液体であり、引火の危険がある。【試験ポイント】アセトンは第一石油類の水溶性液体。【ひっかけ】水に溶けることと安全であることは同じではない。【選択肢ア】正しい。アセトンの基本的な性質である。【選択肢イ】誤り。アセトンは水に溶け、引火危険がある。【選択肢ウ】誤り。アセトンは常温で液体である。【選択肢エ】誤り。アセトンは第4類危険物であり、酸化性固体ではない。【選択肢オ】誤り。禁水性物質ではない。,アセトンは第4類危険物の第一石油類に分類される水溶性液体であり、引火の危険がある。【試験ポイント】アセトンは第一石油類の水溶性液体。【ひっかけ】水に溶けることと安全であることは同じではない。【選択肢ア】正しい。アセトンの基本的な性質である。【選択肢イ】誤り。アセトンは水に溶け、引火危険がある。【選択肢ウ】誤り。アセトンは常温で液体である。【選択肢エ】誤り。ア,
28,single,火災・消火・漏えい,PF-008;PF-023;アルコール類;メタノール;基礎;重点,メタノールの性質として、正しいものはどれか。,,,,,,第二石油類に該当し、水にまったく溶けない。,アルコール類に該当し、引火の危険がある。,不燃性であり、火災予防上の注意は不要である。,動植物油類に該当する。,第1類危険物であり、酸素を放出する。,2,メタノールはアルコール類に該当する第4類危険物であり、引火の危険がある。【試験ポイント】メタノールはアルコール類の代表例。【ひっかけ】アルコール類は水に溶けやすいものが多いが、引火危険はある。【選択肢ア】誤り。メタノールは第二石油類ではない。【選択肢イ】正しい。メタノールはアルコール類であり、引火性がある。【選択肢ウ】誤り。引火危険があり、火災予防上の注意が必要である。【選択肢エ】誤り。動植物油類ではない。【選択肢オ】誤り。第1類危険物ではない。,1:解説では「メタノールはアルコール類に該当する第4類危険物であり、引火の危険がある。」とある一方、（1）の記述はそれと矛盾します。 解説の要点：メタノールはアルコール類に該当する第4類危険物であり、引火の危険がある。【試験ポイント】メタノールはアルコール類の代表例。【ひっかけ】アルコール類は水に溶けやすいものが多いが、引火危険はある。【選択肢ア】誤り。メタノールは第二石油類ではない。【選択肢イ】正しい。メタノールはアルコ… 正答（2）との違いを確認し直してください。;3:解説では「メタノールはアルコール類に該当する第4類危険物であり、引火の危険がある。」とある一方、（3）の記述はそれと矛盾します。 解説の要点：メタノールはアルコール類に該当する第4類危険物であり、引火の危険がある。【試験ポイント】メタノールはアルコール類の代表例。【ひっかけ】アルコール類は水に溶けやすいものが多いが、引火危険はある。【選択肢ア】誤り。メタノールは第二石油類ではない。【選択肢イ】正しい。メタノールはアルコ… 正答（2）との違いを確認し直してください。;4:（4）「動植物油類に該当する。」は、単独の記述としては法令上妥当な場合がありますが、本問で選ぶべき正答は（2）「アルコール類に該当し、引火の危険がある。」です。問題文の条件（メタノールの性質として、正しいものはどれか。…）と照らし、設問が問う論点に合う肢を選び直してください。;5:（5）の内容は、正答（2）「アルコール類に該当し、引火の危険がある。」が示す論点とずれています。 解説の要点：メタノールはアルコール類に該当する第4類危険物であり、引火の危険がある。【試験ポイント】メタノールはアルコール類の代表例。【ひっかけ】アルコール類は水に溶けやすいものが多いが、引火危険はある。【選択肢ア】誤り。メタノールは第二石油類ではない。【選択肢イ】正しい。メタノールはアルコ… 正答（2）との違いを確認し直してください。,メタノールはアルコール類に該当する第4類危険物であり、引火の危険がある。【試験ポイント】メタノールはアルコール類の代表例。【ひっかけ】アルコール類は水に溶けやすいものが多いが、引火危険はある。【選択肢ア】誤り。メタノールは第二石油類ではない。【選択肢イ】正しい。メタノールはアルコール類であり、引火性がある。【選択肢ウ】誤り。引火危険があり、火災予防上の注意が必要である。【選択肢エ】誤り。動植物油類ではない。【選択肢オ】誤り。第1類危険物ではない。,メタノールはアルコール類に該当する第4類危険物であり、引火の危険がある。【試験ポイント】メタノールはアルコール類の代表例。【ひっかけ】アルコール類は水に溶けやすいものが多いが、引火危険はある。【選択肢ア】誤り。メタノールは第二石油類ではない。【選択肢イ】正しい。メタノールはアルコール類であり、引火性がある。【選択肢ウ】誤り。引火危険があり、火災予防上の注意が,
29,single,火災・消火・漏えい,PF-009;PF-028;第二石油類;軽油;基礎;重点,軽油の分類として、正しいものはどれか。,,,,,,特殊引火物,第二石油類,動植物油類,アルコール類,第一石油類,2,軽油は第4類危険物の第二石油類に該当する。灯油も第二石油類の代表例である。【試験ポイント】灯油・軽油は第二石油類。【ひっかけ】ガソリンは第一石油類、灯油・軽油は第二石油類。【選択肢ア】誤り。特殊引火物ではない。【選択肢イ】正しい。軽油は第二石油類である。【選択肢ウ】誤り。動植物油類ではない。【選択肢エ】誤り。アルコール類ではない。【選択肢オ】誤り。第一石油類ではない。,1:（1）「特殊引火物」は、単独の記述としては法令上妥当な場合がありますが、本問で選ぶべき正答は（2）「第二石油類」です。問題文の条件（軽油の分類として、正しいものはどれか。…）と照らし、設問が問う論点に合う肢を選び直してください。;3:（3）「動植物油類」は、単独の記述としては法令上妥当な場合がありますが、本問で選ぶべき正答は（2）「第二石油類」です。問題文の条件（軽油の分類として、正しいものはどれか。…）と照らし、設問が問う論点に合う肢を選び直してください。;4:（4）「アルコール類」は、単独の記述としては法令上妥当な場合がありますが、本問で選ぶべき正答は（2）「第二石油類」です。問題文の条件（軽油の分類として、正しいものはどれか。…）と照らし、設問が問う論点に合う肢を選び直してください。;5:（5）「第一石油類」は、単独の記述としては法令上妥当な場合がありますが、本問で選ぶべき正答は（2）「第二石油類」です。問題文の条件（軽油の分類として、正しいものはどれか。…）と照らし、設問が問う論点に合う肢を選び直してください。,軽油は第4類危険物の第二石油類に該当する。灯油も第二石油類の代表例である。【試験ポイント】灯油・軽油は第二石油類。【ひっかけ】ガソリンは第一石油類、灯油・軽油は第二石油類。【選択肢ア】誤り。特殊引火物ではない。【選択肢イ】正しい。軽油は第二石油類である。【選択肢ウ】誤り。動植物油類ではない。【選択肢エ】誤り。アルコール類ではない。【選択肢オ】誤り。第一石油類ではない。,軽油は第4類危険物の第二石油類に該当する。灯油も第二石油類の代表例である。【試験ポイント】灯油・軽油は第二石油類。【ひっかけ】ガソリンは第一石油類、灯油・軽油は第二石油類。【選択肢ア】誤り。特殊引火物ではない。【選択肢イ】正しい。軽油は第二石油類である。【選択肢ウ】誤り。動植物油類ではない。【選択肢エ】誤り。アルコール類ではない。【選択肢オ】誤り。第一石油類,
30,single,火災・消火・漏えい,PF-010;PF-047;第三石油類;グリセリン;標準;網羅,グリセリンについて、正しいものはどれか。,,,,,,第1類危険物の酸化性固体である。,常にガソリンと同じ第一石油類に分類される。,グリセリンは、第4類危険物の第三石油類（水溶性液体）に該当する。,特殊引火物の代表例である。,水と激しく反応する禁水性物質である。,3,"グリセリンは、第4類危険物の第三石油類のうち水溶性液体に該当し、指定数量は4,000 Lである。ガソリンや特殊引火物とは分類が異なる。【試験ポイント】グリセリンは第三石油類（水溶性液体）、指定数量は4,000 L。【ひっかけ】第三石油類は非水溶性液体と水溶性液体で指定数量が異なる。【選択肢ア】誤り。酸化性固体ではない。【選択肢イ】誤り。ガソリンは第一石油類であり、グリセリンとは分類が異なる。【選択肢ウ】正しい。グリセリンは第三石油類（水溶性液体）として扱われる代表物質である。【選択肢エ】誤り。特殊引火物ではない。【選択肢オ】誤り。禁水性物質ではない。","1:（1）の内容は、正答（3）「グリセリンは、第4類危険物の第三石油類（水溶性液体）に該当する。」が示す論点とずれています。 解説の要点：グリセリンは、第4類危険物の第三石油類のうち水溶性液体に該当し、指定数量は4,000 Lである。ガソリンや特殊引火物とは分類が異なる。【試験ポイント】グリセリンは第三石油類（水溶性液体）、指定数量は4,000 L。【ひっかけ】第三石油類は非水溶性液体と水溶性液体で指定数量が異なる… 正答（3）との違いを確認し直してください。;2:（2）の内容は、正答（3）「グリセリンは、第4類危険物の第三石油類（水溶性液体）に該当する。」が示す論点とずれています。 解説の要点：グリセリンは、第4類危険物の第三石油類のうち水溶性液体に該当し、指定数量は4,000 Lである。ガソリンや特殊引火物とは分類が異なる。【試験ポイント】グリセリンは第三石油類（水溶性液体）、指定数量は4,000 L。【ひっかけ】第三石油類は非水溶性液体と水溶性液体で指定数量が異なる… 正答（3）との違いを確認し直してください。;4:（4）「特殊引火物の代表例である。」は、単独の記述としては法令上妥当な場合がありますが、本問で選ぶべき正答は（3）「グリセリンは、第4類危険物の第三石油類（水溶性液体）に該当する。」です。問題文の条件（グリセリンについて、正しいものはどれか。…）と照らし、設問が問う論点に合う肢を選び直してください。;5:（5）の内容は、正答（3）「グリセリンは、第4類危険物の第三石油類（水溶性液体）に該当する。」が示す論点とずれています。 解説の要点：グリセリンは、第4類危険物の第三石油類のうち水溶性液体に該当し、指定数量は4,000 Lである。ガソリンや特殊引火物とは分類が異なる。【試験ポイント】グリセリンは第三石油類（水溶性液体）、指定数量は4,000 L。【ひっかけ】第三石油類は非水溶性液体と水溶性液体で指定数量が異なる… 正答（3）との違いを確認し直してください。","グリセリンは、第4類危険物の第三石油類のうち水溶性液体に該当し、指定数量は4,000 Lである。","グリセリンは、第4類危険物の第三石油類のうち水溶性液体に該当し、指定数量は4,000 Lである。ガソリンや特殊引火物とは分類が異なる。【試験ポイント】グリセリンは第三石油類（水溶性液体）、指定数量は4,000 L。【ひっかけ】第三石油類は非水溶性液体と水溶性液体で指定数量が異なる。【選択肢ア】誤り。酸化性固体ではない。【選択肢イ】誤り。ガソリンは第一石油類で",
31,single,法令・制度,L-011;LAW-014;許可;製造所等の設置許可;基礎;重点,指定数量以上の危険物を貯蔵し、又は取り扱う製造所等を設置する場合について、正しいものはどれか。,,,,,,原則として、あらかじめ法令上の許可を受ける必要がある。,第4類危険物に限り、製造所等の設置許可は不要である。,許可を受けず、使用開始後に任意で報告すればよい。,危険物取扱者免状があれば、施設の設置許可は不要である。,表示板を設置すれば、許可を受けずに設置できる。,1,指定数量以上の危険物を貯蔵し、又は取り扱う製造所等を設置する場合、法令上の許可が必要となる。免状や表示板だけで許可が不要になるわけではない。【試験ポイント】指定数量以上の危険物を扱う製造所等の設置には許可が必要。【ひっかけ】取扱者資格と施設許可を混同しない。【選択肢ア】正しい。指定数量以上の危険物を扱う製造所等の設置には、あらかじめ許可が必要となる。【選択肢イ】誤り。第4類危険物でも指定数量以上なら製造所等の規制対象になる。【選択肢ウ】誤り。使用開始後の任意報告で足りるものではない。【選択肢エ】誤り。免状は取扱者の資格であり、施設許可とは別である。【選択肢オ】誤り。表示板の設置だけで許可が不要になるわけではない。,2:解説では「指定数量以上の危険物を貯蔵し、又は取り扱う製造所等を設置する場合、法令上の許可が必要となる。」とある一方、（2）の記述はそれと矛盾します。 解説の要点：指定数量以上の危険物を貯蔵し、又は取り扱う製造所等を設置する場合、法令上の許可が必要となる。免状や表示板だけで許可が不要になるわけではない。【試験ポイント】指定数量以上の危険物を扱う製造所等の設置には許可が必要。【ひっかけ】取扱者資格と施設許可を混同しない。【選択肢ア】正しい。指… 正答（1）との違いを確認し直してください。;3:（3）の内容は、正答（1）「原則として、あらかじめ法令上の許可を受ける必要がある。」が示す論点とずれています。 解説の要点：指定数量以上の危険物を貯蔵し、又は取り扱う製造所等を設置する場合、法令上の許可が必要となる。免状や表示板だけで許可が不要になるわけではない。【試験ポイント】指定数量以上の危険物を扱う製造所等の設置には許可が必要。【ひっかけ】取扱者資格と施設許可を混同しない。【選択肢ア】正しい。指… 正答（1）との違いを確認し直してください。;4:解説では「指定数量以上の危険物を貯蔵し、又は取り扱う製造所等を設置する場合、法令上の許可が必要となる。」とある一方、（4）の記述はそれと矛盾します。 解説の要点：指定数量以上の危険物を貯蔵し、又は取り扱う製造所等を設置する場合、法令上の許可が必要となる。免状や表示板だけで許可が不要になるわけではない。【試験ポイント】指定数量以上の危険物を扱う製造所等の設置には許可が必要。【ひっかけ】取扱者資格と施設許可を混同しない。【選択肢ア】正しい。指… 正答（1）との違いを確認し直してください。;5:（5）の内容は、正答（1）「原則として、あらかじめ法令上の許可を受ける必要がある。」が示す論点とずれています。 解説の要点：指定数量以上の危険物を貯蔵し、又は取り扱う製造所等を設置する場合、法令上の許可が必要となる。免状や表示板だけで許可が不要になるわけではない。【試験ポイント】指定数量以上の危険物を扱う製造所等の設置には許可が必要。【ひっかけ】取扱者資格と施設許可を混同しない。【選択肢ア】正しい。指… 正答（1）との違いを確認し直してください。,指定数量以上の危険物を貯蔵し、又は取り扱う製造所等を設置する場合、法令上の許可が必要となる。免状や表示板だけで許可が不要になるわけではない。【試験ポイント】指定数量以上の危険物を扱う製造所等の設置には許可が必要。【ひっかけ】取扱者資格と施設許可を混同しない。【選択肢ア】正しい。指定数量以上の危険物を扱う製造所等の設置には、あらかじめ許可が必要となる。【選択肢イ】誤り。第4類危険物でも指定数量以上なら製造所等の規制対象になる。【選択肢ウ】誤り。使用開始後の任意報告で足りるものではない。【選択肢エ】誤り。免状は取扱者の資格であり、施設許可とは別である。【選択肢オ】誤り。表示板の設置だけで許可が不要になるわけではない。,指定数量以上の危険物を貯蔵し、又は取り扱う製造所等を設置する場合、法令上の許可が必要となる。免状や表示板だけで許可が不要になるわけではない。【試験ポイント】指定数量以上の危険物を扱う製造所等の設置には許可が必要。【ひっかけ】取扱者資格と施設許可を混同しない。【選択肢ア】正しい。指定数量以上の危険物を扱う製造所等の設置には、あらかじめ許可が必要となる。【選択肢,
32,single,法令・制度,L-012;LAW-015;許可;製造所等の変更許可;標準;重点,製造所等の位置、構造または設備を変更する場合について、正しいものはどれか。,,,,,,危険物の品名を変えなければ、設備変更に許可は一切不要である。,法令上、変更内容によってはあらかじめ変更許可を受ける必要がある。,どのような変更でも、工事後に口頭で伝えれば足りる。,標識を新しくすれば、設備変更の許可は不要である。,危険物取扱者が立ち会えば、施設変更の手続きは不要である。,2,製造所等の位置、構造または設備を変更する場合、法令上、変更許可が必要となる場合がある。取扱者の立会いや標識だけで手続きが不要になるわけではない。【試験ポイント】製造所等の位置・構造・設備の変更は法令手続きの対象。【ひっかけ】品名変更だけが変更許可の対象ではない。【選択肢ア】誤り。品名変更がなくても、設備変更が手続き対象になる場合がある。【選択肢イ】正しい。位置・構造・設備の変更では変更許可が必要となる場合がある。【選択肢ウ】誤り。工事後の口頭連絡で足りるものではない。【選択肢エ】誤り。標識更新だけで変更許可が不要になるわけではない。【選択肢オ】誤り。取扱者の立会いと施設変更手続きは別である。,1:解説では「製造所等の位置、構造または設備を変更する場合、法令上、変更許可が必要となる場合がある。」とある一方、（1）の記述はそれと矛盾します。 解説の要点：製造所等の位置、構造または設備を変更する場合、法令上、変更許可が必要となる場合がある。取扱者の立会いや標識だけで手続きが不要になるわけではない。【試験ポイント】製造所等の位置・構造・設備の変更は法令手続きの対象。【ひっかけ】品名変更だけが変更許可の対象ではない。【選択肢ア】誤り。… 正答（2）との違いを確認し直してください。;3:（3）の内容は、正答（2）「法令上、変更内容によってはあらかじめ変更許可を受ける必要がある。」が示す論点とずれています。 解説の要点：製造所等の位置、構造または設備を変更する場合、法令上、変更許可が必要となる場合がある。取扱者の立会いや標識だけで手続きが不要になるわけではない。【試験ポイント】製造所等の位置・構造・設備の変更は法令手続きの対象。【ひっかけ】品名変更だけが変更許可の対象ではない。【選択肢ア】誤り。… 正答（2）との違いを確認し直してください。;4:解説では「製造所等の位置、構造または設備を変更する場合、法令上、変更許可が必要となる場合がある。」とある一方、（4）の記述はそれと矛盾します。 解説の要点：製造所等の位置、構造または設備を変更する場合、法令上、変更許可が必要となる場合がある。取扱者の立会いや標識だけで手続きが不要になるわけではない。【試験ポイント】製造所等の位置・構造・設備の変更は法令手続きの対象。【ひっかけ】品名変更だけが変更許可の対象ではない。【選択肢ア】誤り。… 正答（2）との違いを確認し直してください。;5:解説では「製造所等の位置、構造または設備を変更する場合、法令上、変更許可が必要となる場合がある。」とある一方、（5）の記述はそれと矛盾します。 解説の要点：製造所等の位置、構造または設備を変更する場合、法令上、変更許可が必要となる場合がある。取扱者の立会いや標識だけで手続きが不要になるわけではない。【試験ポイント】製造所等の位置・構造・設備の変更は法令手続きの対象。【ひっかけ】品名変更だけが変更許可の対象ではない。【選択肢ア】誤り。… 正答（2）との違いを確認し直してください。,製造所等の位置、構造または設備を変更する場合、法令上、変更許可が必要となる場合がある。取扱者の立会いや標識だけで手続きが不要になるわけではない。【試験ポイント】製造所等の位置・構造・設備の変更は法令手続きの対象。【ひっかけ】品名変更だけが変更許可の対象ではない。【選択肢ア】誤り。品名変更がなくても、設備変更が手続き対象になる場合がある。【選択肢イ】正しい。位置・構造・設備の変更では変更許可が必要となる場合がある。【選択肢ウ】誤り。工事後の口頭連絡で足りるものではない。【選択肢エ】誤り。標識更新だけで変更許可が不要になるわけではない。【選択肢オ】誤り。取扱者の立会いと施設変更手続きは別である。,製造所等の位置、構造または設備を変更する場合、法令上、変更許可が必要となる場合がある。取扱者の立会いや標識だけで手続きが不要になるわけではない。【試験ポイント】製造所等の位置・構造・設備の変更は法令手続きの対象。【ひっかけ】品名変更だけが変更許可の対象ではない。【選択肢ア】誤り。品名変更がなくても、設備変更が手続き対象になる場合がある。【選択肢イ】正しい。位,
33,single,法令・制度,L-013;LAW-016;検査;完成検査;基礎;重点,製造所等の完成検査について、正しいものはどれか。,,,,,,完成検査は、危険物取扱者が自分で行えば必ず足りる。,設置または変更の工事後、法令上の完成検査を受ける必要がある場合がある。,完成検査は、掲示板を設置したかだけを確認する検査である。,完成検査は、運搬中の車両だけを対象とする検査である。,完成検査は、危険物の種類に関係なく常に不要である。,2,製造所等の設置または変更工事後には、法令上の完成検査が必要となる場合がある。自主確認や掲示板確認だけで済むものではない。【試験ポイント】完成検査は施設を使用する前の重要な法令手続き。【ひっかけ】完成検査を自主点検や定期点検と混同しない。【選択肢ア】誤り。危険物取扱者の自主検査だけで必ず足りるわけではない。【選択肢イ】正しい。設置・変更後の施設について完成検査が必要となる場合がある。【選択肢ウ】誤り。掲示板だけを確認する検査ではない。【選択肢エ】誤り。運搬中の車両だけを対象とする検査ではない。【選択肢オ】誤り。完成検査が必要となる場合がある。,1:（1）の内容は、正答（2）「設置または変更の工事後、法令上の完成検査を受ける必要がある場合がある。」が示す論点とずれています。 解説の要点：製造所等の設置または変更工事後には、法令上の完成検査が必要となる場合がある。自主確認や掲示板確認だけで済むものではない。【試験ポイント】完成検査は施設を使用する前の重要な法令手続き。【ひっかけ】完成検査を自主点検や定期点検と混同しない。【選択肢ア】誤り。危険物取扱者の自主検査だけ… 正答（2）との違いを確認し直してください。;3:（3）の内容は、正答（2）「設置または変更の工事後、法令上の完成検査を受ける必要がある場合がある。」が示す論点とずれています。 解説の要点：製造所等の設置または変更工事後には、法令上の完成検査が必要となる場合がある。自主確認や掲示板確認だけで済むものではない。【試験ポイント】完成検査は施設を使用する前の重要な法令手続き。【ひっかけ】完成検査を自主点検や定期点検と混同しない。【選択肢ア】誤り。危険物取扱者の自主検査だけ… 正答（2）との違いを確認し直してください。;4:（4）の内容は、正答（2）「設置または変更の工事後、法令上の完成検査を受ける必要がある場合がある。」が示す論点とずれています。 解説の要点：製造所等の設置または変更工事後には、法令上の完成検査が必要となる場合がある。自主確認や掲示板確認だけで済むものではない。【試験ポイント】完成検査は施設を使用する前の重要な法令手続き。【ひっかけ】完成検査を自主点検や定期点検と混同しない。【選択肢ア】誤り。危険物取扱者の自主検査だけ… 正答（2）との違いを確認し直してください。;5:解説では「製造所等の設置または変更工事後には、法令上の完成検査が必要となる場合がある。」とある一方、（5）の記述はそれと矛盾します。 解説の要点：製造所等の設置または変更工事後には、法令上の完成検査が必要となる場合がある。自主確認や掲示板確認だけで済むものではない。【試験ポイント】完成検査は施設を使用する前の重要な法令手続き。【ひっかけ】完成検査を自主点検や定期点検と混同しない。【選択肢ア】誤り。危険物取扱者の自主検査だけ… 正答（2）との違いを確認し直してください。,製造所等の設置または変更工事後には、法令上の完成検査が必要となる場合がある。自主確認や掲示板確認だけで済むものではない。【試験ポイント】完成検査は施設を使用する前の重要な法令手続き。【ひっかけ】完成検査を自主点検や定期点検と混同しない。【選択肢ア】誤り。危険物取扱者の自主検査だけで必ず足りるわけではない。【選択肢イ】正しい。設置・変更後の施設について完成検査が必要となる場合がある。【選択肢ウ】誤り。掲示板だけを確認する検査ではない。【選択肢エ】誤り。運搬中の車両だけを対象とする検査ではない。【選択肢オ】誤り。完成検査が必要となる場合がある。,製造所等の設置または変更工事後には、法令上の完成検査が必要となる場合がある。自主確認や掲示板確認だけで済むものではない。【試験ポイント】完成検査は施設を使用する前の重要な法令手続き。【ひっかけ】完成検査を自主点検や定期点検と混同しない。【選択肢ア】誤り。危険物取扱者の自主検査だけで必ず足りるわけではない。【選択肢イ】正しい。設置・変更後の施設について完成検査,
34,single,法令・制度,L-014;LAW-018;仮貯蔵・仮取扱い;仮貯蔵・仮取扱い;標準;重点,指定数量以上の危険物を一時的に貯蔵し、または取り扱う場合について、正しいものはどれか。,,,,,,法令上、仮貯蔵または仮取扱いとして承認を受ける必要がある場合がある。,第4類危険物は仮貯蔵の対象にならない。,屋外であれば、どれだけの量でも自由に仮貯蔵できる。,一時的であれば、指定数量以上でも一切手続きは不要である。,危険物取扱者がいれば、場所や数量に関係なく仮取扱いできる。,1,指定数量以上の危険物を一時的に貯蔵または取り扱う場合、仮貯蔵・仮取扱いとして承認が必要となる場合がある。一時的であれば無制限に可能というわけではない。【試験ポイント】一時的な貯蔵・取扱いでも、指定数量以上では手続きが問題になる。【ひっかけ】仮貯蔵・仮取扱いを『自由にできる例外』と誤解しない。【選択肢ア】正しい。仮貯蔵・仮取扱いには承認が必要となる場合がある。【選択肢イ】誤り。第4類危険物も対象になり得る。【選択肢ウ】誤り。屋外であっても自由に貯蔵できるわけではない。【選択肢エ】誤り。一時的であっても手続きが不要とは限らない。【選択肢オ】誤り。取扱者がいるだけで場所や数量の制限がなくなるわけではない。,2:解説では「指定数量以上の危険物を一時的に貯蔵または取り扱う場合、仮貯蔵・仮取扱いとして承認が必要となる場合がある。」とある一方、（2）の記述はそれと矛盾します。 解説の要点：指定数量以上の危険物を一時的に貯蔵または取り扱う場合、仮貯蔵・仮取扱いとして承認が必要となる場合がある。一時的であれば無制限に可能というわけではない。【試験ポイント】一時的な貯蔵・取扱いでも、指定数量以上では手続きが問題になる。【ひっかけ】仮貯蔵・仮取扱いを『自由にできる例外』と… 正答（1）との違いを確認し直してください。;3:（3）の内容は、正答（1）「法令上、仮貯蔵または仮取扱いとして承認を受ける必要がある場合がある。」が示す論点とずれています。 解説の要点：指定数量以上の危険物を一時的に貯蔵または取り扱う場合、仮貯蔵・仮取扱いとして承認が必要となる場合がある。一時的であれば無制限に可能というわけではない。【試験ポイント】一時的な貯蔵・取扱いでも、指定数量以上では手続きが問題になる。【ひっかけ】仮貯蔵・仮取扱いを『自由にできる例外』と… 正答（1）との違いを確認し直してください。;4:解説では「指定数量以上の危険物を一時的に貯蔵または取り扱う場合、仮貯蔵・仮取扱いとして承認が必要となる場合がある。」とある一方、（4）の記述はそれと矛盾します。 解説の要点：指定数量以上の危険物を一時的に貯蔵または取り扱う場合、仮貯蔵・仮取扱いとして承認が必要となる場合がある。一時的であれば無制限に可能というわけではない。【試験ポイント】一時的な貯蔵・取扱いでも、指定数量以上では手続きが問題になる。【ひっかけ】仮貯蔵・仮取扱いを『自由にできる例外』と… 正答（1）との違いを確認し直してください。;5:（5）の内容は、正答（1）「法令上、仮貯蔵または仮取扱いとして承認を受ける必要がある場合がある。」が示す論点とずれています。 解説の要点：指定数量以上の危険物を一時的に貯蔵または取り扱う場合、仮貯蔵・仮取扱いとして承認が必要となる場合がある。一時的であれば無制限に可能というわけではない。【試験ポイント】一時的な貯蔵・取扱いでも、指定数量以上では手続きが問題になる。【ひっかけ】仮貯蔵・仮取扱いを『自由にできる例外』と… 正答（1）との違いを確認し直してください。,指定数量以上の危険物を一時的に貯蔵または取り扱う場合、仮貯蔵・仮取扱いとして承認が必要となる場合がある。一時的であれば無制限に可能というわけではない。【試験ポイント】一時的な貯蔵・取扱いでも、指定数量以上では手続きが問題になる。【ひっかけ】仮貯蔵・仮取扱いを『自由にできる例外』と誤解しない。【選択肢ア】正しい。仮貯蔵・仮取扱いには承認が必要となる場合がある。【選択肢イ】誤り。第4類危険物も対象になり得る。【選択肢ウ】誤り。屋外であっても自由に貯蔵できるわけではない。【選択肢エ】誤り。一時的であっても手続きが不要とは限らない。【選択肢オ】誤り。取扱者がいるだけで場所や数量の制限がなくなるわけではない。,指定数量以上の危険物を一時的に貯蔵または取り扱う場合、仮貯蔵・仮取扱いとして承認が必要となる場合がある。一時的であれば無制限に可能というわけではない。【試験ポイント】一時的な貯蔵・取扱いでも、指定数量以上では手続きが問題になる。【ひっかけ】仮貯蔵・仮取扱いを『自由にできる例外』と誤解しない。【選択肢ア】正しい。仮貯蔵・仮取扱いには承認が必要となる場合がある。,
35,single,法令・制度,L-015;LAW-026;保安講習;保安講習の対象・時期;基礎;重点,危険物取扱者の保安講習について、正しいものはどれか。,,,,,,危険物取扱者免状を取得すれば、保安講習を受ける制度は存在しない。,保安講習は、危険物を運搬する一般の歩行者だけを対象とする。,保安講習は、消火器を購入した人だけを対象とする。,保安講習は、甲種危険物取扱者には一切関係しない。,危険物の取扱作業に従事する危険物取扱者には、保安講習の受講が必要となる場合がある。,5,危険物の取扱作業に従事する危険物取扱者には、法令上、保安講習の受講が必要となる場合がある。免状取得後も保安教育は重要である。【試験ポイント】免状取得後も、取扱作業従事者には保安講習が関係する。【ひっかけ】免状取得＝以後の講習不要、ではない。【選択肢ア】誤り。免状取得後も保安講習の制度がある。【選択肢イ】誤り。一般の歩行者を対象とする制度ではない。【選択肢ウ】誤り。消火器購入者を対象とする制度ではない。【選択肢エ】誤り。甲種であっても関係し得る。【選択肢オ】正しい。取扱作業に従事する場合、保安講習が必要となる場合がある。,1:解説では「危険物の取扱作業に従事する危険物取扱者には、法令上、保安講習の受講が必要となる場合がある。」とある一方、（1）の記述はそれと矛盾します。 解説の要点：危険物の取扱作業に従事する危険物取扱者には、法令上、保安講習の受講が必要となる場合がある。免状取得後も保安教育は重要である。【試験ポイント】免状取得後も、取扱作業従事者には保安講習が関係する。【ひっかけ】免状取得＝以後の講習不要、ではない。【選択肢ア】誤り。免状取得後も保安講習の… 正答（5）との違いを確認し直してください。;2:（2）の内容は、正答（5）「危険物の取扱作業に従事する危険物取扱者には、保安講習の受講が必要となる場合がある。」が示す論点とずれています。 解説の要点：危険物の取扱作業に従事する危険物取扱者には、法令上、保安講習の受講が必要となる場合がある。免状取得後も保安教育は重要である。【試験ポイント】免状取得後も、取扱作業従事者には保安講習が関係する。【ひっかけ】免状取得＝以後の講習不要、ではない。【選択肢ア】誤り。免状取得後も保安講習の… 正答（5）との違いを確認し直してください。;3:（3）の内容は、正答（5）「危険物の取扱作業に従事する危険物取扱者には、保安講習の受講が必要となる場合がある。」が示す論点とずれています。 解説の要点：危険物の取扱作業に従事する危険物取扱者には、法令上、保安講習の受講が必要となる場合がある。免状取得後も保安教育は重要である。【試験ポイント】免状取得後も、取扱作業従事者には保安講習が関係する。【ひっかけ】免状取得＝以後の講習不要、ではない。【選択肢ア】誤り。免状取得後も保安講習の… 正答（5）との違いを確認し直してください。;4:解説では「危険物の取扱作業に従事する危険物取扱者には、法令上、保安講習の受講が必要となる場合がある。」とある一方、（4）の記述はそれと矛盾します。 解説の要点：危険物の取扱作業に従事する危険物取扱者には、法令上、保安講習の受講が必要となる場合がある。免状取得後も保安教育は重要である。【試験ポイント】免状取得後も、取扱作業従事者には保安講習が関係する。【ひっかけ】免状取得＝以後の講習不要、ではない。【選択肢ア】誤り。免状取得後も保安講習の… 正答（5）との違いを確認し直してください。,危険物の取扱作業に従事する危険物取扱者には、法令上、保安講習の受講が必要となる場合がある。,危険物の取扱作業に従事する危険物取扱者には、法令上、保安講習の受講が必要となる場合がある。免状取得後も保安教育は重要である。【試験ポイント】免状取得後も、取扱作業従事者には保安講習が関係する。【ひっかけ】免状取得＝以後の講習不要、ではない。【選択肢ア】誤り。免状取得後も保安講習の制度がある。【選択肢イ】誤り。一般の歩行者を対象とする制度ではない。【選択肢ウ】,
36,single,法令・制度,L-016;LAW-027;危険物保安監督者;選任が必要な施設・資格要件;標準;重点,危険物保安監督者について、正しいものはどれか。,,,,,,危険物保安監督者は、運搬容器の製造だけを行う者である。,一定の製造所等では、法令に基づき危険物保安監督者の選任が必要となる場合がある。,危険物保安監督者は、第4類危険物には一切関係しない。,危険物保安監督者は、危険物取扱者免状と無関係に誰でもなれる。,危険物保安監督者は、すべての住宅で必ず選任しなければならない。,2,一定の製造所等では、危険物の保安管理のため危険物保安監督者の選任が必要となる場合がある。【試験ポイント】危険物保安監督者は施設の保安管理上重要。【ひっかけ】危険物取扱者と危険物保安監督者の役割を混同しない。【選択肢ア】誤り。運搬容器の製造だけを行う者ではない。【選択肢イ】正しい。一定の製造所等では選任が必要となる場合がある。【選択肢ウ】誤り。第4類危険物を扱う施設でも関係し得る。【選択肢エ】誤り。資格要件と無関係に誰でもなれるわけではない。【選択肢オ】誤り。すべての住宅で選任が必要という制度ではない。,1:（1）の内容は、正答（2）「一定の製造所等では、法令に基づき危険物保安監督者の選任が必要となる場合がある。」が示す論点とずれています。 解説の要点：一定の製造所等では、危険物の保安管理のため危険物保安監督者の選任が必要となる場合がある。【試験ポイント】危険物保安監督者は施設の保安管理上重要。【ひっかけ】危険物取扱者と危険物保安監督者の役割を混同しない。【選択肢ア】誤り。運搬容器の製造だけを行う者ではない。【選択肢イ】正しい。… 正答（2）との違いを確認し直してください。;3:解説では「一定の製造所等では、危険物の保安管理のため危険物保安監督者の選任が必要となる場合がある。」とある一方、（3）の記述はそれと矛盾します。 解説の要点：一定の製造所等では、危険物の保安管理のため危険物保安監督者の選任が必要となる場合がある。【試験ポイント】危険物保安監督者は施設の保安管理上重要。【ひっかけ】危険物取扱者と危険物保安監督者の役割を混同しない。【選択肢ア】誤り。運搬容器の製造だけを行う者ではない。【選択肢イ】正しい。… 正答（2）との違いを確認し直してください。;4:（4）の内容は、正答（2）「一定の製造所等では、法令に基づき危険物保安監督者の選任が必要となる場合がある。」が示す論点とずれています。 解説の要点：一定の製造所等では、危険物の保安管理のため危険物保安監督者の選任が必要となる場合がある。【試験ポイント】危険物保安監督者は施設の保安管理上重要。【ひっかけ】危険物取扱者と危険物保安監督者の役割を混同しない。【選択肢ア】誤り。運搬容器の製造だけを行う者ではない。【選択肢イ】正しい。… 正答（2）との違いを確認し直してください。;5:解説では「一定の製造所等では、危険物の保安管理のため危険物保安監督者の選任が必要となる場合がある。」とある一方、（5）の記述はそれと矛盾します。 解説の要点：一定の製造所等では、危険物の保安管理のため危険物保安監督者の選任が必要となる場合がある。【試験ポイント】危険物保安監督者は施設の保安管理上重要。【ひっかけ】危険物取扱者と危険物保安監督者の役割を混同しない。【選択肢ア】誤り。運搬容器の製造だけを行う者ではない。【選択肢イ】正しい。… 正答（2）との違いを確認し直してください。,一定の製造所等では、危険物の保安管理のため危険物保安監督者の選任が必要となる場合がある。【試験ポイント】危険物保安監督者は施設の保安管理上重要。【ひっかけ】危険物取扱者と危険物保安監督者の役割を混同しない。【選択肢ア】誤り。運搬容器の製造だけを行う者ではない。【選択肢イ】正しい。一定の製造所等では選任が必要となる場合がある。【選択肢ウ】誤り。第4類危険物を扱う施設でも関係し得る。【選択肢エ】誤り。資格要件と無関係に誰でもなれるわけではない。【選択肢オ】誤り。すべての住宅で選任が必要という制度ではない。,一定の製造所等では、危険物の保安管理のため危険物保安監督者の選任が必要となる場合がある。【試験ポイント】危険物保安監督者は施設の保安管理上重要。【ひっかけ】危険物取扱者と危険物保安監督者の役割を混同しない。【選択肢ア】誤り。運搬容器の製造だけを行う者ではない。【選択肢イ】正しい。一定の製造所等では選任が必要となる場合がある。【選択肢ウ】誤り。第4類危険物を扱,
37,single,法令・制度,L-017;LAW-031;予防規程;予防規程の作成・認可;標準;重点,予防規程について、正しいものはどれか。,,,,,,予防規程は、運搬容器の材質を示す刻印だけをいう。,一定の製造所等では、火災予防のための予防規程を定める必要がある場合がある。,予防規程は、危険物取扱者免状の別名である。,予防規程は、第4類危険物では絶対に不要である。,予防規程は、危険物の分類表そのものをいう。,2,予防規程は、一定の製造所等において火災予防や保安管理のために定める規程である。危険物の分類表や免状の別名ではない。【試験ポイント】予防規程は施設の保安管理ルール。【ひっかけ】予防規程を危険物分類表や免状と混同しない。【選択肢ア】誤り。運搬容器の刻印ではない。【選択肢イ】正しい。一定の製造所等では予防規程を定める必要がある場合がある。【選択肢ウ】誤り。危険物取扱者免状の別名ではない。【選択肢エ】誤り。第4類危険物であっても必要となる場合がある。【選択肢オ】誤り。危険物分類表そのものではない。,1:（1）の内容は、正答（2）「一定の製造所等では、火災予防のための予防規程を定める必要がある場合がある。」が示す論点とずれています。 解説の要点：予防規程は、一定の製造所等において火災予防や保安管理のために定める規程である。危険物の分類表や免状の別名ではない。【試験ポイント】予防規程は施設の保安管理ルール。【ひっかけ】予防規程を危険物分類表や免状と混同しない。【選択肢ア】誤り。運搬容器の刻印ではない。【選択肢イ】正しい。一… 正答（2）との違いを確認し直してください。;3:（3）の内容は、正答（2）「一定の製造所等では、火災予防のための予防規程を定める必要がある場合がある。」が示す論点とずれています。 解説の要点：予防規程は、一定の製造所等において火災予防や保安管理のために定める規程である。危険物の分類表や免状の別名ではない。【試験ポイント】予防規程は施設の保安管理ルール。【ひっかけ】予防規程を危険物分類表や免状と混同しない。【選択肢ア】誤り。運搬容器の刻印ではない。【選択肢イ】正しい。一… 正答（2）との違いを確認し直してください。;4:解説では「予防規程は、一定の製造所等において火災予防や保安管理のために定める規程である。」とある一方、（4）の記述はそれと矛盾します。 解説の要点：予防規程は、一定の製造所等において火災予防や保安管理のために定める規程である。危険物の分類表や免状の別名ではない。【試験ポイント】予防規程は施設の保安管理ルール。【ひっかけ】予防規程を危険物分類表や免状と混同しない。【選択肢ア】誤り。運搬容器の刻印ではない。【選択肢イ】正しい。一… 正答（2）との違いを確認し直してください。;5:（5）の内容は、正答（2）「一定の製造所等では、火災予防のための予防規程を定める必要がある場合がある。」が示す論点とずれています。 解説の要点：予防規程は、一定の製造所等において火災予防や保安管理のために定める規程である。危険物の分類表や免状の別名ではない。【試験ポイント】予防規程は施設の保安管理ルール。【ひっかけ】予防規程を危険物分類表や免状と混同しない。【選択肢ア】誤り。運搬容器の刻印ではない。【選択肢イ】正しい。一… 正答（2）との違いを確認し直してください。,予防規程は、一定の製造所等において火災予防や保安管理のために定める規程である。危険物の分類表や免状の別名ではない。【試験ポイント】予防規程は施設の保安管理ルール。【ひっかけ】予防規程を危険物分類表や免状と混同しない。【選択肢ア】誤り。運搬容器の刻印ではない。【選択肢イ】正しい。一定の製造所等では予防規程を定める必要がある場合がある。【選択肢ウ】誤り。危険物取扱者免状の別名ではない。【選択肢エ】誤り。第4類危険物であっても必要となる場合がある。【選択肢オ】誤り。危険物分類表そのものではない。,予防規程は、一定の製造所等において火災予防や保安管理のために定める規程である。危険物の分類表や免状の別名ではない。【試験ポイント】予防規程は施設の保安管理ルール。【ひっかけ】予防規程を危険物分類表や免状と混同しない。【選択肢ア】誤り。運搬容器の刻印ではない。【選択肢イ】正しい。一定の製造所等では予防規程を定める必要がある場合がある。【選択肢ウ】誤り。危険物取,
38,single,法令・制度,L-018;LAW-039;標識・掲示板;標識・掲示板の設置;基礎;重点,製造所等の標識・掲示板について、正しいものはどれか。,,,,,,標識や掲示板は、危険物の種類に関係なくすべて同じ内容でよい。,法令に基づき、製造所等には標識や掲示板の設置が求められる場合がある。,標識や掲示板を設置すれば、施設許可や保安管理は一切不要になる。,標識や掲示板は、危険物施設では常に設置してはならない。,標識や掲示板は、施設の外観を飾るためだけのものである。,2,製造所等では、危険物施設であることや注意事項を示すため、標識や掲示板の設置が求められる場合がある。【試験ポイント】標識・掲示板は危険物施設の識別と注意喚起のために重要。【ひっかけ】掲示板設置と許可・保安管理を混同しない。【選択肢ア】誤り。施設や危険物に応じた表示内容が問題となる。【選択肢イ】正しい。標識・掲示板は危険物施設の重要な表示である。【選択肢ウ】誤り。標識設置だけで許可や保安管理が不要になるわけではない。【選択肢エ】誤り。設置してはならないものではない。【選択肢オ】誤り。装飾目的だけではない。,1:（1）の内容は、正答（2）「法令に基づき、製造所等には標識や掲示板の設置が求められる場合がある。」が示す論点とずれています。 解説の要点：製造所等では、危険物施設であることや注意事項を示すため、標識や掲示板の設置が求められる場合がある。【試験ポイント】標識・掲示板は危険物施設の識別と注意喚起のために重要。【ひっかけ】掲示板設置と許可・保安管理を混同しない。【選択肢ア】誤り。施設や危険物に応じた表示内容が問題となる。… 正答（2）との違いを確認し直してください。;3:解説では「製造所等では、危険物施設であることや注意事項を示すため、標識や掲示板の設置が求められる場合がある。」とある一方、（3）の記述はそれと矛盾します。 解説の要点：製造所等では、危険物施設であることや注意事項を示すため、標識や掲示板の設置が求められる場合がある。【試験ポイント】標識・掲示板は危険物施設の識別と注意喚起のために重要。【ひっかけ】掲示板設置と許可・保安管理を混同しない。【選択肢ア】誤り。施設や危険物に応じた表示内容が問題となる。… 正答（2）との違いを確認し直してください。;4:解説では「製造所等では、危険物施設であることや注意事項を示すため、標識や掲示板の設置が求められる場合がある。」とある一方、（4）の記述はそれと矛盾します。 解説の要点：製造所等では、危険物施設であることや注意事項を示すため、標識や掲示板の設置が求められる場合がある。【試験ポイント】標識・掲示板は危険物施設の識別と注意喚起のために重要。【ひっかけ】掲示板設置と許可・保安管理を混同しない。【選択肢ア】誤り。施設や危険物に応じた表示内容が問題となる。… 正答（2）との違いを確認し直してください。;5:（5）の内容は、正答（2）「法令に基づき、製造所等には標識や掲示板の設置が求められる場合がある。」が示す論点とずれています。 解説の要点：製造所等では、危険物施設であることや注意事項を示すため、標識や掲示板の設置が求められる場合がある。【試験ポイント】標識・掲示板は危険物施設の識別と注意喚起のために重要。【ひっかけ】掲示板設置と許可・保安管理を混同しない。【選択肢ア】誤り。施設や危険物に応じた表示内容が問題となる。… 正答（2）との違いを確認し直してください。,製造所等では、危険物施設であることや注意事項を示すため、標識や掲示板の設置が求められる場合がある。【試験ポイント】標識・掲示板は危険物施設の識別と注意喚起のために重要。【ひっかけ】掲示板設置と許可・保安管理を混同しない。【選択肢ア】誤り。施設や危険物に応じた表示内容が問題となる。【選択肢イ】正しい。標識・掲示板は危険物施設の重要な表示である。【選択肢ウ】誤り。標識設置だけで許可や保安管理が不要になるわけではない。【選択肢エ】誤り。設置してはならないものではない。【選択肢オ】誤り。装飾目的だけではない。,製造所等では、危険物施設であることや注意事項を示すため、標識や掲示板の設置が求められる場合がある。【試験ポイント】標識・掲示板は危険物施設の識別と注意喚起のために重要。【ひっかけ】掲示板設置と許可・保安管理を混同しない。【選択肢ア】誤り。施設や危険物に応じた表示内容が問題となる。【選択肢イ】正しい。標識・掲示板は危険物施設の重要な表示である。【選択肢ウ】誤り,
39,single,法令・制度,L-019;LAW-041;消火設備;消火設備の区分・設置;基礎;重点,危険物施設の消火設備について、正しいものはどれか。,,,,,,製造所等には、危険物の性質や施設の状況に応じた消火設備が求められる場合がある。,消火設備は、施設の色を変えるための設備である。,消火設備を置けば、危険物の取扱基準はすべて不要になる。,危険物施設では、消火設備を設置してはならない。,消火設備は、危険物の種類に関係なく必ず水による消火設備だけで足りる。,1,危険物施設では、危険物の性質や施設の状況に応じた消火設備が必要となる場合がある。水だけで足りるとは限らない。【試験ポイント】危険物の性質に応じた消火設備が必要。【ひっかけ】第4類では水だけでよいとは限らない。【選択肢ア】正しい。危険物や施設に応じた消火設備が必要となる場合がある。【選択肢イ】誤り。施設の色を変える設備ではない。【選択肢ウ】誤り。消火設備があっても取扱基準は不要にならない。【選択肢エ】誤り。消火設備は火災時の対応に必要である。【選択肢オ】誤り。危険物の種類によって適切な消火方法は異なり、水による消火設備だけで足りるとは限らない。,2:（2）の内容は、正答（1）「製造所等には、危険物の性質や施設の状況に応じた消火設備が求められる場合がある。」が示す論点とずれています。 解説の要点：危険物施設では、危険物の性質や施設の状況に応じた消火設備が必要となる場合がある。水だけで足りるとは限らない。【試験ポイント】危険物の性質に応じた消火設備が必要。【ひっかけ】第4類では水だけでよいとは限らない。【選択肢ア】正しい。危険物や施設に応じた消火設備が必要となる場合がある。… 正答（1）との違いを確認し直してください。;3:解説では「危険物施設では、危険物の性質や施設の状況に応じた消火設備が必要となる場合がある。」とある一方、（3）の記述はそれと矛盾します。 解説の要点：危険物施設では、危険物の性質や施設の状況に応じた消火設備が必要となる場合がある。水だけで足りるとは限らない。【試験ポイント】危険物の性質に応じた消火設備が必要。【ひっかけ】第4類では水だけでよいとは限らない。【選択肢ア】正しい。危険物や施設に応じた消火設備が必要となる場合がある。… 正答（1）との違いを確認し直してください。;4:解説では「危険物施設では、危険物の性質や施設の状況に応じた消火設備が必要となる場合がある。」とある一方、（4）の記述はそれと矛盾します。 解説の要点：危険物施設では、危険物の性質や施設の状況に応じた消火設備が必要となる場合がある。水だけで足りるとは限らない。【試験ポイント】危険物の性質に応じた消火設備が必要。【ひっかけ】第4類では水だけでよいとは限らない。【選択肢ア】正しい。危険物や施設に応じた消火設備が必要となる場合がある。… 正答（1）との違いを確認し直してください。;5:（5）の内容は、正答（1）「製造所等には、危険物の性質や施設の状況に応じた消火設備が求められる場合がある。」が示す論点とずれています。 解説の要点：危険物施設では、危険物の性質や施設の状況に応じた消火設備が必要となる場合がある。水だけで足りるとは限らない。【試験ポイント】危険物の性質に応じた消火設備が必要。【ひっかけ】第4類では水だけでよいとは限らない。【選択肢ア】正しい。危険物や施設に応じた消火設備が必要となる場合がある。… 正答（1）との違いを確認し直してください。,危険物施設では、危険物の性質や施設の状況に応じた消火設備が必要となる場合がある。水だけで足りるとは限らない。【試験ポイント】危険物の性質に応じた消火設備が必要。【ひっかけ】第4類では水だけでよいとは限らない。【選択肢ア】正しい。危険物や施設に応じた消火設備が必要となる場合がある。【選択肢イ】誤り。施設の色を変える設備ではない。【選択肢ウ】誤り。消火設備があっても取扱基準は不要にならない。【選択肢エ】誤り。消火設備は火災時の対応に必要である。【選択肢オ】誤り。危険物の種類によって適切な消火方法は異なり、水による消火設備だけで足りるとは限らない。,危険物施設では、危険物の性質や施設の状況に応じた消火設備が必要となる場合がある。水だけで足りるとは限らない。【試験ポイント】危険物の性質に応じた消火設備が必要。【ひっかけ】第4類では水だけでよいとは限らない。【選択肢ア】正しい。危険物や施設に応じた消火設備が必要となる場合がある。【選択肢イ】誤り。施設の色を変える設備ではない。【選択肢ウ】誤り。消火設備があっ,
40,single,法令・制度,L-020;LAW-058;貯蔵・取扱基準;危険物の貯蔵・取扱いの共通基準;基礎;重点,危険物の貯蔵または取扱いについて、適切なものはどれか。,,,,,,危険物は、性質にかかわらず直射日光下で加熱しながら保管する。,危険物の種類が異なっても、貯蔵方法は常に同一でよい。,危険物の性質に応じて、火気、漏えい、混触などに注意して取り扱う。,漏えいした危険物は、すべて下水へ流せば安全である。,可燃性蒸気が発生する場所では、火気を近づけることが望ましい。,3,危険物はその性質に応じて、火気、漏えい、混触、温度管理などに注意して貯蔵・取扱いを行う必要がある。【試験ポイント】貯蔵・取扱いでは、火気・漏えい・混触・温度に注意する。【ひっかけ】危険物は種類が違っても同じ扱いでよい、という理解は誤り。【選択肢ア】誤り。直射日光や加熱は危険を高める場合がある。【選択肢イ】誤り。危険物の種類や性質に応じた貯蔵方法が必要である。【選択肢ウ】正しい。危険物の性質に応じた注意が必要である。【選択肢エ】誤り。下水へ流すことは火災や環境汚染の危険がある。【選択肢オ】誤り。可燃性蒸気がある場所で火気を近づけるのは危険である。,1:（1）の内容は、正答（3）「危険物の性質に応じて、火気、漏えい、混触などに注意して取り扱う。」が示す論点とずれています。 解説の要点：危険物はその性質に応じて、火気、漏えい、混触、温度管理などに注意して貯蔵・取扱いを行う必要がある。【試験ポイント】貯蔵・取扱いでは、火気・漏えい・混触・温度に注意する。【ひっかけ】危険物は種類が違っても同じ扱いでよい、という理解は誤り。【選択肢ア】誤り。直射日光や加熱は危険を高め… 正答（3）との違いを確認し直してください。;2:（2）の内容は、正答（3）「危険物の性質に応じて、火気、漏えい、混触などに注意して取り扱う。」が示す論点とずれています。 解説の要点：危険物はその性質に応じて、火気、漏えい、混触、温度管理などに注意して貯蔵・取扱いを行う必要がある。【試験ポイント】貯蔵・取扱いでは、火気・漏えい・混触・温度に注意する。【ひっかけ】危険物は種類が違っても同じ扱いでよい、という理解は誤り。【選択肢ア】誤り。直射日光や加熱は危険を高め… 正答（3）との違いを確認し直してください。;4:（4）の内容は、正答（3）「危険物の性質に応じて、火気、漏えい、混触などに注意して取り扱う。」が示す論点とずれています。 解説の要点：危険物はその性質に応じて、火気、漏えい、混触、温度管理などに注意して貯蔵・取扱いを行う必要がある。【試験ポイント】貯蔵・取扱いでは、火気・漏えい・混触・温度に注意する。【ひっかけ】危険物は種類が違っても同じ扱いでよい、という理解は誤り。【選択肢ア】誤り。直射日光や加熱は危険を高め… 正答（3）との違いを確認し直してください。;5:（5）の内容は、正答（3）「危険物の性質に応じて、火気、漏えい、混触などに注意して取り扱う。」が示す論点とずれています。 解説の要点：危険物はその性質に応じて、火気、漏えい、混触、温度管理などに注意して貯蔵・取扱いを行う必要がある。【試験ポイント】貯蔵・取扱いでは、火気・漏えい・混触・温度に注意する。【ひっかけ】危険物は種類が違っても同じ扱いでよい、という理解は誤り。【選択肢ア】誤り。直射日光や加熱は危険を高め… 正答（3）との違いを確認し直してください。,危険物はその性質に応じて、火気、漏えい、混触、温度管理などに注意して貯蔵・取扱いを行う必要がある。【試験ポイント】貯蔵・取扱いでは、火気・漏えい・混触・温度に注意する。【ひっかけ】危険物は種類が違っても同じ扱いでよい、という理解は誤り。【選択肢ア】誤り。直射日光や加熱は危険を高める場合がある。【選択肢イ】誤り。危険物の種類や性質に応じた貯蔵方法が必要である。【選択肢ウ】正しい。危険物の性質に応じた注意が必要である。【選択肢エ】誤り。下水へ流すことは火災や環境汚染の危険がある。【選択肢オ】誤り。可燃性蒸気がある場所で火気を近づけるのは危険である。,危険物はその性質に応じて、火気、漏えい、混触、温度管理などに注意して貯蔵・取扱いを行う必要がある。【試験ポイント】貯蔵・取扱いでは、火気・漏えい・混触・温度に注意する。【ひっかけ】危険物は種類が違っても同じ扱いでよい、という理解は誤り。【選択肢ア】誤り。直射日光や加熱は危険を高める場合がある。【選択肢イ】誤り。危険物の種類や性質に応じた貯蔵方法が必要である。,
41,single,物性・化学,PC-011;PC-006;燃焼;引火・発火・自然発火の違い;基礎;重点,引火点の説明として、正しいものはどれか。,,,,,,物質が凍り始める温度をいう。,物質が火源なしで必ず発火する最高温度をいう。,液体が可燃性蒸気を発生し、火源を近づけたときに引火する最低温度をいう。,物質の密度がゼロになる温度をいう。,物質が水に溶け始める温度をいう。,3,引火点は、液体が可燃性蒸気を発生し、火源により引火する最低温度である。乙4では引火性液体の危険性を考えるうえで重要である。【試験ポイント】引火点は火源があるときに引火する最低温度。【ひっかけ】引火点と発火点を混同しない。【選択肢ア】誤り。凝固点の説明である。【選択肢イ】誤り。火源なしで発火する温度は発火点の説明に近い。【選択肢ウ】正しい。引火点の説明である。【選択肢エ】誤り。密度がゼロになる温度ではない。【選択肢オ】誤り。溶解温度ではない。,1:（1）「物質が凍り始める温度をいう。」は、単独の記述としては法令上妥当な場合がありますが、本問で選ぶべき正答は（3）「液体が可燃性蒸気を発生し、火源を近づけたときに引火する最低温度をいう。」です。問題文の条件（引火点の説明として、正しいものはどれか。…）と照らし、設問が問う論点に合う肢を選び直してください。;2:（2）の内容は、正答（3）「液体が可燃性蒸気を発生し、火源を近づけたときに引火する最低温度をいう。」が示す論点とずれています。 解説の要点：引火点は、液体が可燃性蒸気を発生し、火源により引火する最低温度である。乙4では引火性液体の危険性を考えるうえで重要である。【試験ポイント】引火点は火源があるときに引火する最低温度。【ひっかけ】引火点と発火点を混同しない。【選択肢ア】誤り。凝固点の説明である。【選択肢イ】誤り。火源… 正答（3）との違いを確認し直してください。;4:（4）「物質の密度がゼロになる温度をいう。」は、単独の記述としては法令上妥当な場合がありますが、本問で選ぶべき正答は（3）「液体が可燃性蒸気を発生し、火源を近づけたときに引火する最低温度をいう。」です。問題文の条件（引火点の説明として、正しいものはどれか。…）と照らし、設問が問う論点に合う肢を選び直してください。;5:（5）「物質が水に溶け始める温度をいう。」は、単独の記述としては法令上妥当な場合がありますが、本問で選ぶべき正答は（3）「液体が可燃性蒸気を発生し、火源を近づけたときに引火する最低温度をいう。」です。問題文の条件（引火点の説明として、正しいものはどれか。…）と照らし、設問が問う論点に合う肢を選び直してください。,引火点は、液体が可燃性蒸気を発生し、火源により引火する最低温度である。乙4では引火性液体の危険性を考えるうえで重要である。【試験ポイント】引火点は火源があるときに引火する最低温度。【ひっかけ】引火点と発火点を混同しない。【選択肢ア】誤り。凝固点の説明である。【選択肢イ】誤り。火源なしで発火する温度は発火点の説明に近い。【選択肢ウ】正しい。引火点の説明である。【選択肢エ】誤り。密度がゼロになる温度ではない。【選択肢オ】誤り。溶解温度ではない。,引火点は、液体が可燃性蒸気を発生し、火源により引火する最低温度である。乙4では引火性液体の危険性を考えるうえで重要である。【試験ポイント】引火点は火源があるときに引火する最低温度。【ひっかけ】引火点と発火点を混同しない。【選択肢ア】誤り。凝固点の説明である。【選択肢イ】誤り。火源なしで発火する温度は発火点の説明に近い。【選択肢ウ】正しい。引火点の説明である。,
42,single,物性・化学,PC-012;PC-007;燃焼;燃焼範囲・爆発範囲;標準;重点,燃焼範囲について、正しいものはどれか。,,,,,,燃焼範囲より薄ければ、必ず爆発力が最大になる。,可燃性蒸気と空気の混合気が燃焼できる濃度範囲をいう。,燃焼範囲は、液体の重さを表す単位である。,どの物質でも燃焼範囲は常に0％から100％である。,燃焼範囲は、物質の色だけで決まる。,2,燃焼範囲は、可燃性蒸気や可燃性ガスと空気の混合気が燃焼できる濃度範囲である。濃度が低すぎても高すぎても燃焼しにくい。【試験ポイント】燃焼範囲は、可燃性蒸気と空気の混合濃度に関する範囲。【ひっかけ】薄すぎても濃すぎても燃焼しにくい。【選択肢ア】誤り。薄すぎると燃焼しにくい。【選択肢イ】正しい。燃焼できる濃度範囲をいう。【選択肢ウ】誤り。重さの単位ではない。【選択肢エ】誤り。物質ごとに燃焼範囲は異なる。【選択肢オ】誤り。物質の色だけで決まるものではない。,1:（1）の内容は、正答（2）「可燃性蒸気と空気の混合気が燃焼できる濃度範囲をいう。」が示す論点とずれています。 解説の要点：燃焼範囲は、可燃性蒸気や可燃性ガスと空気の混合気が燃焼できる濃度範囲である。濃度が低すぎても高すぎても燃焼しにくい。【試験ポイント】燃焼範囲は、可燃性蒸気と空気の混合濃度に関する範囲。【ひっかけ】薄すぎても濃すぎても燃焼しにくい。【選択肢ア】誤り。薄すぎると燃焼しにくい。【選択肢… 正答（2）との違いを確認し直してください。;3:（3）の内容は、正答（2）「可燃性蒸気と空気の混合気が燃焼できる濃度範囲をいう。」が示す論点とずれています。 解説の要点：燃焼範囲は、可燃性蒸気や可燃性ガスと空気の混合気が燃焼できる濃度範囲である。濃度が低すぎても高すぎても燃焼しにくい。【試験ポイント】燃焼範囲は、可燃性蒸気と空気の混合濃度に関する範囲。【ひっかけ】薄すぎても濃すぎても燃焼しにくい。【選択肢ア】誤り。薄すぎると燃焼しにくい。【選択肢… 正答（2）との違いを確認し直してください。;4:（4）の内容は、正答（2）「可燃性蒸気と空気の混合気が燃焼できる濃度範囲をいう。」が示す論点とずれています。 解説の要点：燃焼範囲は、可燃性蒸気や可燃性ガスと空気の混合気が燃焼できる濃度範囲である。濃度が低すぎても高すぎても燃焼しにくい。【試験ポイント】燃焼範囲は、可燃性蒸気と空気の混合濃度に関する範囲。【ひっかけ】薄すぎても濃すぎても燃焼しにくい。【選択肢ア】誤り。薄すぎると燃焼しにくい。【選択肢… 正答（2）との違いを確認し直してください。;5:（5）「燃焼範囲は、物質の色だけで決まる。」は、単独の記述としては法令上妥当な場合がありますが、本問で選ぶべき正答は（2）「可燃性蒸気と空気の混合気が燃焼できる濃度範囲をいう。」です。問題文の条件（燃焼範囲について、正しいものはどれか。…）と照らし、設問が問う論点に合う肢を選び直してください。,燃焼範囲は、可燃性蒸気や可燃性ガスと空気の混合気が燃焼できる濃度範囲である。濃度が低すぎても高すぎても燃焼しにくい。【試験ポイント】燃焼範囲は、可燃性蒸気と空気の混合濃度に関する範囲。【ひっかけ】薄すぎても濃すぎても燃焼しにくい。【選択肢ア】誤り。薄すぎると燃焼しにくい。【選択肢イ】正しい。燃焼できる濃度範囲をいう。【選択肢ウ】誤り。重さの単位ではない。【選択肢エ】誤り。物質ごとに燃焼範囲は異なる。【選択肢オ】誤り。物質の色だけで決まるものではない。,燃焼範囲は、可燃性蒸気や可燃性ガスと空気の混合気が燃焼できる濃度範囲である。濃度が低すぎても高すぎても燃焼しにくい。【試験ポイント】燃焼範囲は、可燃性蒸気と空気の混合濃度に関する範囲。【ひっかけ】薄すぎても濃すぎても燃焼しにくい。【選択肢ア】誤り。薄すぎると燃焼しにくい。【選択肢イ】正しい。燃焼できる濃度範囲をいう。【選択肢ウ】誤り。重さの単位ではない。【選,
43,single,物性・化学,PC-013;PC-018;熱;比熱;基礎;網羅,比熱について、正しいものはどれか。,,,,,,物質が水に溶ける割合だけを表す。,物質の色の濃さを表す。,物質が燃え始める最低温度を表す。,物質1 gの温度を1 ℃上げるのに必要な熱量を表す。,物質の蒸気が空気より重いかを表す。,4,比熱は、物質1 gの温度を1 ℃上げるのに必要な熱量を表す値である。【試験ポイント】比熱は温度を上げるのに必要な熱量に関係する。【ひっかけ】比熱と引火点・発火点を混同しない。【選択肢ア】誤り。溶解度の説明ではない。【選択肢イ】誤り。色の濃さを表すものではない。【選択肢ウ】誤り。燃え始める温度ではない。【選択肢エ】正しい。比熱の説明である。【選択肢オ】誤り。蒸気比重の説明ではない。,1:（1）「物質が水に溶ける割合だけを表す。」は、単独の記述としては法令上妥当な場合がありますが、本問で選ぶべき正答は（4）「物質1 gの温度を1 ℃上げるのに必要な熱量を表す。」です。問題文の条件（比熱について、正しいものはどれか。…）と照らし、設問が問う論点に合う肢を選び直してください。;2:（2）「物質の色の濃さを表す。」は、単独の記述としては法令上妥当な場合がありますが、本問で選ぶべき正答は（4）「物質1 gの温度を1 ℃上げるのに必要な熱量を表す。」です。問題文の条件（比熱について、正しいものはどれか。…）と照らし、設問が問う論点に合う肢を選び直してください。;3:（3）「物質が燃え始める最低温度を表す。」は、単独の記述としては法令上妥当な場合がありますが、本問で選ぶべき正答は（4）「物質1 gの温度を1 ℃上げるのに必要な熱量を表す。」です。問題文の条件（比熱について、正しいものはどれか。…）と照らし、設問が問う論点に合う肢を選び直してください。;5:（5）「物質の蒸気が空気より重いかを表す。」は、単独の記述としては法令上妥当な場合がありますが、本問で選ぶべき正答は（4）「物質1 gの温度を1 ℃上げるのに必要な熱量を表す。」です。問題文の条件（比熱について、正しいものはどれか。…）と照らし、設問が問う論点に合う肢を選び直してください。,比熱は、物質1 gの温度を1 ℃上げるのに必要な熱量を表す値である。,比熱は、物質1 gの温度を1 ℃上げるのに必要な熱量を表す値である。【試験ポイント】比熱は温度を上げるのに必要な熱量に関係する。【ひっかけ】比熱と引火点・発火点を混同しない。【選択肢ア】誤り。溶解度の説明ではない。【選択肢イ】誤り。色の濃さを表すものではない。【選択肢ウ】誤り。燃え始める温度ではない。【選択肢エ】正しい。比熱の説明である。【選択肢オ】誤り。蒸,
44,single,物性・化学,PC-014;PC-041;化学反応;化学変化と物理変化;基礎;網羅,化学変化に該当するものとして、正しいものはどれか。,,,,,,ガラス瓶が割れて細かくなる。,水が蒸発して水蒸気になる。,氷が溶けて水になる。,砂糖を水に溶かして砂糖水にする。,物質が燃焼して別の物質を生じる。,5,化学変化は、物質が反応して別の物質になる変化である。燃焼は化学変化の例である。氷が溶ける、水が蒸発するなどは物理変化である。【試験ポイント】燃焼は化学変化の代表例。【ひっかけ】状態変化と化学変化を混同しない。【選択肢ア】誤り。形が変わるだけで物理変化である。【選択肢イ】誤り。状態変化であり、物理変化である。【選択肢ウ】誤り。状態変化であり、物理変化である。【選択肢エ】誤り。溶解は通常、物理変化として扱う。【選択肢オ】正しい。燃焼により別の物質を生じるため化学変化である。,1:（1）「ガラス瓶が割れて細かくなる。」は、単独の記述としては法令上妥当な場合がありますが、本問で選ぶべき正答は（5）「物質が燃焼して別の物質を生じる。」です。問題文の条件（化学変化に該当するものとして、正しいものはどれか。…）と照らし、設問が問う論点に合う肢を選び直してください。;2:（2）「水が蒸発して水蒸気になる。」は、単独の記述としては法令上妥当な場合がありますが、本問で選ぶべき正答は（5）「物質が燃焼して別の物質を生じる。」です。問題文の条件（化学変化に該当するものとして、正しいものはどれか。…）と照らし、設問が問う論点に合う肢を選び直してください。;3:（3）「氷が溶けて水になる。」は、単独の記述としては法令上妥当な場合がありますが、本問で選ぶべき正答は（5）「物質が燃焼して別の物質を生じる。」です。問題文の条件（化学変化に該当するものとして、正しいものはどれか。…）と照らし、設問が問う論点に合う肢を選び直してください。;4:（4）「砂糖を水に溶かして砂糖水にする。」は、単独の記述としては法令上妥当な場合がありますが、本問で選ぶべき正答は（5）「物質が燃焼して別の物質を生じる。」です。問題文の条件（化学変化に該当するものとして、正しいものはどれか。…）と照らし、設問が問う論点に合う肢を選び直してください。,化学変化は、物質が反応して別の物質になる変化である。燃焼は化学変化の例である。氷が溶ける、水が蒸発するなどは物理変化である。【試験ポイント】燃焼は化学変化の代表例。【ひっかけ】状態変化と化学変化を混同しない。【選択肢ア】誤り。形が変わるだけで物理変化である。【選択肢イ】誤り。状態変化であり、物理変化である。【選択肢ウ】誤り。状態変化であり、物理変化である。【選択肢エ】誤り。溶解は通常、物理変化として扱う。【選択肢オ】正しい。燃焼により別の物質を生じるため化学変化である。,化学変化は、物質が反応して別の物質になる変化である。燃焼は化学変化の例である。氷が溶ける、水が蒸発するなどは物理変化である。【試験ポイント】燃焼は化学変化の代表例。【ひっかけ】状態変化と化学変化を混同しない。【選択肢ア】誤り。形が変わるだけで物理変化である。【選択肢イ】誤り。状態変化であり、物理変化である。【選択肢ウ】誤り。状態変化であり、物理変化である。【,
45,single,物性・化学,PC-015;PC-058;計算問題;密度・質量・体積の計算;標準;重点,"質量800 g、体積1,000 cm³の液体の密度として、正しいものはどれか。",,,,,,0.8 g/cm³,"1,800 g/cm³",800 g/cm³,1.25 g/cm³,1.0 g/cm³,1,"密度は質量を体積で割って求める。800 g÷1,000 cm³＝0.8 g/cm³である。【試験ポイント】密度＝質量÷体積。【ひっかけ】体積÷質量で計算しない。【選択肢ア】正しい。計算結果は0.8 g/cm³である。【選択肢イ】誤り。質量と体積を足した値ではない。【選択肢ウ】誤り。体積で割っていない。【選択肢エ】誤り。1,000÷800で計算した値である。【選択肢オ】誤り。800÷1,000の結果ではない。","2:（2）「1,800 g/cm³」は、単独の記述としては法令上妥当な場合がありますが、本問で選ぶべき正答は（1）「0.8 g/cm³」です。問題文の条件（質量800 g、体積1,000 cm³の液体の密度として、正しいものはどれか。…）と照らし、設問が問う論点に合う肢を選び直してください。;3:（3）「800 g/cm³」は、単独の記述としては法令上妥当な場合がありますが、本問で選ぶべき正答は（1）「0.8 g/cm³」です。問題文の条件（質量800 g、体積1,000 cm³の液体の密度として、正しいものはどれか。…）と照らし、設問が問う論点に合う肢を選び直してください。;4:（4）「1.25 g/cm³」は、単独の記述としては法令上妥当な場合がありますが、本問で選ぶべき正答は（1）「0.8 g/cm³」です。問題文の条件（質量800 g、体積1,000 cm³の液体の密度として、正しいものはどれか。…）と照らし、設問が問う論点に合う肢を選び直してください。;5:（5）「1.0 g/cm³」は、単独の記述としては法令上妥当な場合がありますが、本問で選ぶべき正答は（1）「0.8 g/cm³」です。問題文の条件（質量800 g、体積1,000 cm³の液体の密度として、正しいものはどれか。…）と照らし、設問が問う論点に合う肢を選び直してください。","800 g÷1,000 cm³＝0.8 g/cm³である。 計算結果は0.8 g/cm³である。","密度は質量を体積で割って求める。800 g÷1,000 cm³＝0.8 g/cm³である。【試験ポイント】密度＝質量÷体積。【ひっかけ】体積÷質量で計算しない。【選択肢ア】正しい。計算結果は0.8 g/cm³である。【選択肢イ】誤り。質量と体積を足した値ではない。【選択肢ウ】誤り。体積で割っていない。【選択肢エ】誤り。1,000÷800で計算した値である。【",
46,single,火災・消火・漏えい,PF-011;PF-003;第4類共通性質;蒸気が空気より重い性質;標準;重点,第4類危険物から発生する可燃性蒸気について、一般に正しいものはどれか。,,,,,,水に触れると必ず酸素を放出する。,空気より重いものが多く、低所に滞留しやすい。,常に無害であり、換気は不要である。,発生しても引火の危険はない。,すべて空気より軽く、必ず天井付近だけに集まる。,2,第4類危険物の可燃性蒸気は、空気より重いものが多く、低所に滞留しやすい。火気や静電気による引火に注意が必要である。【試験ポイント】第4類の蒸気は低所滞留に注意。【ひっかけ】液体比重・蒸気比重・水溶性を混同しない。【選択肢ア】誤り。酸素を放出する性質ではない。【選択肢イ】正しい。空気より重い蒸気は低所に滞留しやすい。【選択肢ウ】誤り。換気は重要な火災予防対策である。【選択肢エ】誤り。可燃性蒸気は引火危険がある。【選択肢オ】誤り。すべて空気より軽いわけではない。,1:（1）の内容は、正答（2）「空気より重いものが多く、低所に滞留しやすい。」が示す論点とずれています。 解説の要点：第4類危険物の可燃性蒸気は、空気より重いものが多く、低所に滞留しやすい。火気や静電気による引火に注意が必要である。【試験ポイント】第4類の蒸気は低所滞留に注意。【ひっかけ】液体比重・蒸気比重・水溶性を混同しない。【選択肢ア】誤り。酸素を放出する性質ではない。【選択肢イ】正しい。空… 正答（2）との違いを確認し直してください。;3:解説では「火気や静電気による引火に注意が必要である。」とある一方、（3）の記述はそれと矛盾します。 解説の要点：第4類危険物の可燃性蒸気は、空気より重いものが多く、低所に滞留しやすい。火気や静電気による引火に注意が必要である。【試験ポイント】第4類の蒸気は低所滞留に注意。【ひっかけ】液体比重・蒸気比重・水溶性を混同しない。【選択肢ア】誤り。酸素を放出する性質ではない。【選択肢イ】正しい。空… 正答（2）との違いを確認し直してください。;4:（4）「発生しても引火の危険はない。」は、単独の記述としては法令上妥当な場合がありますが、本問で選ぶべき正答は（2）「空気より重いものが多く、低所に滞留しやすい。」です。問題文の条件（第4類危険物から発生する可燃性蒸気について、一般に正しいものはどれか。…）と照らし、設問が問う論点に合う肢を選び直してください。;5:（5）の内容は、正答（2）「空気より重いものが多く、低所に滞留しやすい。」が示す論点とずれています。 解説の要点：第4類危険物の可燃性蒸気は、空気より重いものが多く、低所に滞留しやすい。火気や静電気による引火に注意が必要である。【試験ポイント】第4類の蒸気は低所滞留に注意。【ひっかけ】液体比重・蒸気比重・水溶性を混同しない。【選択肢ア】誤り。酸素を放出する性質ではない。【選択肢イ】正しい。空… 正答（2）との違いを確認し直してください。,第4類危険物の可燃性蒸気は、空気より重いものが多く、低所に滞留しやすい。,第4類危険物の可燃性蒸気は、空気より重いものが多く、低所に滞留しやすい。火気や静電気による引火に注意が必要である。【試験ポイント】第4類の蒸気は低所滞留に注意。【ひっかけ】液体比重・蒸気比重・水溶性を混同しない。【選択肢ア】誤り。酸素を放出する性質ではない。【選択肢イ】正しい。空気より重い蒸気は低所に滞留しやすい。【選択肢ウ】誤り。換気は重要な火災予防対策で,
47,single,火災・消火・漏えい,PF-012;PF-008;火災予防;換気・火気管理;基礎;重点,第4類危険物の火災予防上、適切なものはどれか。,,,,,,静電気を発生させるため、液体を激しく移し替える。,蒸気が発生している場所で裸火を使用する。,漏えいした危険物を排水溝へ流して処理する。,可燃性蒸気を発生させるため、容器を開放して加熱する。,可燃性蒸気が滞留しないように換気し、火気を近づけない。,5,第4類危険物では、可燃性蒸気の滞留を防ぐ換気と、火気管理が重要である。加熱、流出放置、火気使用は危険である。【試験ポイント】第4類では換気・火気管理・漏えい防止が重要。【ひっかけ】可燃性蒸気をためない。【選択肢ア】誤り。静電気は着火源となる危険がある。【選択肢イ】誤り。裸火の使用は引火の危険がある。【選択肢ウ】誤り。排水溝へ流すことは危険である。【選択肢エ】誤り。加熱や開放は可燃性蒸気を増やす危険がある。【選択肢オ】正しい。換気と火気管理は重要な火災予防策である。,1:（1）の内容は、正答（5）「可燃性蒸気が滞留しないように換気し、火気を近づけない。」が示す論点とずれています。 解説の要点：第4類危険物では、可燃性蒸気の滞留を防ぐ換気と、火気管理が重要である。加熱、流出放置、火気使用は危険である。【試験ポイント】第4類では換気・火気管理・漏えい防止が重要。【ひっかけ】可燃性蒸気をためない。【選択肢ア】誤り。静電気は着火源となる危険がある。【選択肢イ】誤り。裸火の使用… 正答（5）との違いを確認し直してください。;2:（2）の内容は、正答（5）「可燃性蒸気が滞留しないように換気し、火気を近づけない。」が示す論点とずれています。 解説の要点：第4類危険物では、可燃性蒸気の滞留を防ぐ換気と、火気管理が重要である。加熱、流出放置、火気使用は危険である。【試験ポイント】第4類では換気・火気管理・漏えい防止が重要。【ひっかけ】可燃性蒸気をためない。【選択肢ア】誤り。静電気は着火源となる危険がある。【選択肢イ】誤り。裸火の使用… 正答（5）との違いを確認し直してください。;3:（3）の内容は、正答（5）「可燃性蒸気が滞留しないように換気し、火気を近づけない。」が示す論点とずれています。 解説の要点：第4類危険物では、可燃性蒸気の滞留を防ぐ換気と、火気管理が重要である。加熱、流出放置、火気使用は危険である。【試験ポイント】第4類では換気・火気管理・漏えい防止が重要。【ひっかけ】可燃性蒸気をためない。【選択肢ア】誤り。静電気は着火源となる危険がある。【選択肢イ】誤り。裸火の使用… 正答（5）との違いを確認し直してください。;4:（4）の内容は、正答（5）「可燃性蒸気が滞留しないように換気し、火気を近づけない。」が示す論点とずれています。 解説の要点：第4類危険物では、可燃性蒸気の滞留を防ぐ換気と、火気管理が重要である。加熱、流出放置、火気使用は危険である。【試験ポイント】第4類では換気・火気管理・漏えい防止が重要。【ひっかけ】可燃性蒸気をためない。【選択肢ア】誤り。静電気は着火源となる危険がある。【選択肢イ】誤り。裸火の使用… 正答（5）との違いを確認し直してください。,第4類危険物では、可燃性蒸気の滞留を防ぐ換気と、火気管理が重要である。加熱、流出放置、火気使用は危険である。【試験ポイント】第4類では換気・火気管理・漏えい防止が重要。【ひっかけ】可燃性蒸気をためない。【選択肢ア】誤り。静電気は着火源となる危険がある。【選択肢イ】誤り。裸火の使用は引火の危険がある。【選択肢ウ】誤り。排水溝へ流すことは危険である。【選択肢エ】誤り。加熱や開放は可燃性蒸気を増やす危険がある。【選択肢オ】正しい。換気と火気管理は重要な火災予防策である。,第4類危険物では、可燃性蒸気の滞留を防ぐ換気と、火気管理が重要である。加熱、流出放置、火気使用は危険である。【試験ポイント】第4類では換気・火気管理・漏えい防止が重要。【ひっかけ】可燃性蒸気をためない。【選択肢ア】誤り。静電気は着火源となる危険がある。【選択肢イ】誤り。裸火の使用は引火の危険がある。【選択肢ウ】誤り。排水溝へ流すことは危険である。【選択肢エ】,
48,single,火災・消火・漏えい,PF-013;PF-024;アルコール類;エタノール;基礎;重点,エタノールについて、正しいものはどれか。,,,,,,第1類危険物の酸化性固体である。,アルコール類に該当し、引火の危険がある。,ガソリンと同じく、必ず第一石油類に分類される。,水に触れると激しく発火する禁水性物質である。,不燃性の液体であり、火災予防上の注意は不要である。,2,エタノールは第4類危険物のアルコール類に該当し、引火の危険がある。【試験ポイント】メタノール・エタノールはアルコール類。【ひっかけ】アルコール類は水に溶けやすくても引火危険がある。【選択肢ア】誤り。第1類危険物ではない。【選択肢イ】正しい。エタノールはアルコール類である。【選択肢ウ】誤り。アルコール類であり、第一石油類ではない。【選択肢エ】誤り。禁水性物質ではない。【選択肢オ】誤り。引火危険があるため注意が必要である。,1:（1）の内容は、正答（2）「アルコール類に該当し、引火の危険がある。」が示す論点とずれています。 解説の要点：エタノールは第4類危険物のアルコール類に該当し、引火の危険がある。【試験ポイント】メタノール・エタノールはアルコール類。【ひっかけ】アルコール類は水に溶けやすくても引火危険がある。【選択肢ア】誤り。第1類危険物ではない。【選択肢イ】正しい。エタノールはアルコール類である。【選択肢… 正答（2）との違いを確認し直してください。;3:（3）の内容は、正答（2）「アルコール類に該当し、引火の危険がある。」が示す論点とずれています。 解説の要点：エタノールは第4類危険物のアルコール類に該当し、引火の危険がある。【試験ポイント】メタノール・エタノールはアルコール類。【ひっかけ】アルコール類は水に溶けやすくても引火危険がある。【選択肢ア】誤り。第1類危険物ではない。【選択肢イ】正しい。エタノールはアルコール類である。【選択肢… 正答（2）との違いを確認し直してください。;4:（4）の内容は、正答（2）「アルコール類に該当し、引火の危険がある。」が示す論点とずれています。 解説の要点：エタノールは第4類危険物のアルコール類に該当し、引火の危険がある。【試験ポイント】メタノール・エタノールはアルコール類。【ひっかけ】アルコール類は水に溶けやすくても引火危険がある。【選択肢ア】誤り。第1類危険物ではない。【選択肢イ】正しい。エタノールはアルコール類である。【選択肢… 正答（2）との違いを確認し直してください。;5:解説では「エタノールは第4類危険物のアルコール類に該当し、引火の危険がある。」とある一方、（5）の記述はそれと矛盾します。 解説の要点：エタノールは第4類危険物のアルコール類に該当し、引火の危険がある。【試験ポイント】メタノール・エタノールはアルコール類。【ひっかけ】アルコール類は水に溶けやすくても引火危険がある。【選択肢ア】誤り。第1類危険物ではない。【選択肢イ】正しい。エタノールはアルコール類である。【選択肢… 正答（2）との違いを確認し直してください。,エタノールは第4類危険物のアルコール類に該当し、引火の危険がある。,エタノールは第4類危険物のアルコール類に該当し、引火の危険がある。【試験ポイント】メタノール・エタノールはアルコール類。【ひっかけ】アルコール類は水に溶けやすくても引火危険がある。【選択肢ア】誤り。第1類危険物ではない。【選択肢イ】正しい。エタノールはアルコール類である。【選択肢ウ】誤り。アルコール類であり、第一石油類ではない。【選択肢エ】誤り。禁水性物質で,
49,single,火災・消火・漏えい,PF-014;PF-031;第三石油類;重油;基礎;網羅,重油の分類として、正しいものはどれか。,,,,,,第三石油類,動植物油類,特殊引火物,第一石油類,アルコール類,1,重油は第4類危険物の第三石油類に該当する代表例である。【試験ポイント】重油は第三石油類。【ひっかけ】ガソリン・灯油・軽油・重油の分類を整理する。【選択肢ア】正しい。重油は第三石油類である。【選択肢イ】誤り。動植物油類ではない。【選択肢ウ】誤り。特殊引火物ではない。【選択肢エ】誤り。第一石油類ではない。【選択肢オ】誤り。アルコール類ではない。,2:（2）「動植物油類」は、単独の記述としては法令上妥当な場合がありますが、本問で選ぶべき正答は（1）「第三石油類」です。問題文の条件（重油の分類として、正しいものはどれか。…）と照らし、設問が問う論点に合う肢を選び直してください。;3:（3）「特殊引火物」は、単独の記述としては法令上妥当な場合がありますが、本問で選ぶべき正答は（1）「第三石油類」です。問題文の条件（重油の分類として、正しいものはどれか。…）と照らし、設問が問う論点に合う肢を選び直してください。;4:（4）「第一石油類」は、単独の記述としては法令上妥当な場合がありますが、本問で選ぶべき正答は（1）「第三石油類」です。問題文の条件（重油の分類として、正しいものはどれか。…）と照らし、設問が問う論点に合う肢を選び直してください。;5:（5）「アルコール類」は、単独の記述としては法令上妥当な場合がありますが、本問で選ぶべき正答は（1）「第三石油類」です。問題文の条件（重油の分類として、正しいものはどれか。…）と照らし、設問が問う論点に合う肢を選び直してください。,重油は第4類危険物の第三石油類に該当する代表例である。【試験ポイント】重油は第三石油類。【ひっかけ】ガソリン・灯油・軽油・重油の分類を整理する。【選択肢ア】正しい。重油は第三石油類である。【選択肢イ】誤り。動植物油類ではない。【選択肢ウ】誤り。特殊引火物ではない。【選択肢エ】誤り。第一石油類ではない。【選択肢オ】誤り。アルコール類ではない。,重油は第4類危険物の第三石油類に該当する代表例である。【試験ポイント】重油は第三石油類。【ひっかけ】ガソリン・灯油・軽油・重油の分類を整理する。【選択肢ア】正しい。重油は第三石油類である。【選択肢イ】誤り。動植物油類ではない。【選択肢ウ】誤り。特殊引火物ではない。【選択肢エ】誤り。第一石油類ではない。【選択肢オ】誤り。アルコール類ではない。,
50,single,火災・消火・漏えい,PF-015;PF-035;動植物油類;乾性油・自然発火;標準;網羅,動植物油類の火災予防について、適切なものはどれか。,,,,,,油を含んだ布などは、蓄熱による自然発火に注意する。,動植物油類は、すべて特殊引火物に分類される。,動植物油類はすべて不燃性であり、管理は不要である。,油を含んだ布は、必ず水と反応して酸素を放出する。,乾性油は、火災予防上まったく考慮しなくてよい。,1,動植物油類では、油を含んだ布などが酸化により発熱し、蓄熱して自然発火する危険がある。【試験ポイント】油を含んだ布などの自然発火に注意。【ひっかけ】動植物油類を不燃性と考えない。【選択肢ア】正しい。油を含んだ布などの蓄熱には注意が必要である。【選択肢イ】誤り。動植物油類であり、特殊引火物ではない。【選択肢ウ】誤り。火災予防上の管理が必要である。【選択肢エ】誤り。酸素を放出する危険物ではない。【選択肢オ】誤り。乾性油は自然発火の論点で重要である。,2:（2）の内容は、正答（1）「油を含んだ布などは、蓄熱による自然発火に注意する。」が示す論点とずれています。 解説の要点：動植物油類では、油を含んだ布などが酸化により発熱し、蓄熱して自然発火する危険がある。【試験ポイント】油を含んだ布などの自然発火に注意。【ひっかけ】動植物油類を不燃性と考えない。【選択肢ア】正しい。油を含んだ布などの蓄熱には注意が必要である。【選択肢イ】誤り。動植物油類であり、特殊… 正答（1）との違いを確認し直してください。;3:解説では「動植物油類では、油を含んだ布などが酸化により発熱し、蓄熱して自然発火する危険がある。」とある一方、（3）の記述はそれと矛盾します。 解説の要点：動植物油類では、油を含んだ布などが酸化により発熱し、蓄熱して自然発火する危険がある。【試験ポイント】油を含んだ布などの自然発火に注意。【ひっかけ】動植物油類を不燃性と考えない。【選択肢ア】正しい。油を含んだ布などの蓄熱には注意が必要である。【選択肢イ】誤り。動植物油類であり、特殊… 正答（1）との違いを確認し直してください。;4:（4）の内容は、正答（1）「油を含んだ布などは、蓄熱による自然発火に注意する。」が示す論点とずれています。 解説の要点：動植物油類では、油を含んだ布などが酸化により発熱し、蓄熱して自然発火する危険がある。【試験ポイント】油を含んだ布などの自然発火に注意。【ひっかけ】動植物油類を不燃性と考えない。【選択肢ア】正しい。油を含んだ布などの蓄熱には注意が必要である。【選択肢イ】誤り。動植物油類であり、特殊… 正答（1）との違いを確認し直してください。;5:（5）の内容は、正答（1）「油を含んだ布などは、蓄熱による自然発火に注意する。」が示す論点とずれています。 解説の要点：動植物油類では、油を含んだ布などが酸化により発熱し、蓄熱して自然発火する危険がある。【試験ポイント】油を含んだ布などの自然発火に注意。【ひっかけ】動植物油類を不燃性と考えない。【選択肢ア】正しい。油を含んだ布などの蓄熱には注意が必要である。【選択肢イ】誤り。動植物油類であり、特殊… 正答（1）との違いを確認し直してください。,動植物油類では、油を含んだ布などが酸化により発熱し、蓄熱して自然発火する危険がある。【試験ポイント】油を含んだ布などの自然発火に注意。【ひっかけ】動植物油類を不燃性と考えない。【選択肢ア】正しい。油を含んだ布などの蓄熱には注意が必要である。【選択肢イ】誤り。動植物油類であり、特殊引火物ではない。【選択肢ウ】誤り。火災予防上の管理が必要である。【選択肢エ】誤り。酸素を放出する危険物ではない。【選択肢オ】誤り。乾性油は自然発火の論点で重要である。,動植物油類では、油を含んだ布などが酸化により発熱し、蓄熱して自然発火する危険がある。【試験ポイント】油を含んだ布などの自然発火に注意。【ひっかけ】動植物油類を不燃性と考えない。【選択肢ア】正しい。油を含んだ布などの蓄熱には注意が必要である。【選択肢イ】誤り。動植物油類であり、特殊引火物ではない。【選択肢ウ】誤り。火災予防上の管理が必要である。【選択肢エ】誤り,
51,single,法令・制度,L-021;LAW-012;貯蔵所;貯蔵所の種類全体;基礎;重点,危険物の貯蔵所の種類として、正しいものはどれか。,,,,,,一般取扱所,移送取扱所,屋内貯蔵所,販売取扱所,給油取扱所,3,屋内貯蔵所は危険物を貯蔵する施設の一つである。給油取扱所、一般取扱所、販売取扱所、移送取扱所は取扱所に分類される。【試験ポイント】貯蔵所と取扱所の種類を区別する。【ひっかけ】給油取扱所は貯蔵所ではなく取扱所。【選択肢ア】誤り。一般取扱所は取扱所である。【選択肢イ】誤り。移送取扱所は取扱所である。【選択肢ウ】正しい。屋内貯蔵所は貯蔵所の一種である。【選択肢エ】誤り。販売取扱所は取扱所である。【選択肢オ】誤り。給油取扱所は取扱所である。,1:（1）「一般取扱所」は、単独の記述としては法令上妥当な場合がありますが、本問で選ぶべき正答は（3）「屋内貯蔵所」です。問題文の条件（危険物の貯蔵所の種類として、正しいものはどれか。…）と照らし、設問が問う論点に合う肢を選び直してください。;2:（2）「移送取扱所」は、単独の記述としては法令上妥当な場合がありますが、本問で選ぶべき正答は（3）「屋内貯蔵所」です。問題文の条件（危険物の貯蔵所の種類として、正しいものはどれか。…）と照らし、設問が問う論点に合う肢を選び直してください。;4:（4）「販売取扱所」は、単独の記述としては法令上妥当な場合がありますが、本問で選ぶべき正答は（3）「屋内貯蔵所」です。問題文の条件（危険物の貯蔵所の種類として、正しいものはどれか。…）と照らし、設問が問う論点に合う肢を選び直してください。;5:（5）「給油取扱所」は、単独の記述としては法令上妥当な場合がありますが、本問で選ぶべき正答は（3）「屋内貯蔵所」です。問題文の条件（危険物の貯蔵所の種類として、正しいものはどれか。…）と照らし、設問が問う論点に合う肢を選び直してください。,屋内貯蔵所は危険物を貯蔵する施設の一つである。給油取扱所、一般取扱所、販売取扱所、移送取扱所は取扱所に分類される。【試験ポイント】貯蔵所と取扱所の種類を区別する。【ひっかけ】給油取扱所は貯蔵所ではなく取扱所。【選択肢ア】誤り。一般取扱所は取扱所である。【選択肢イ】誤り。移送取扱所は取扱所である。【選択肢ウ】正しい。屋内貯蔵所は貯蔵所の一種である。【選択肢エ】誤り。販売取扱所は取扱所である。【選択肢オ】誤り。給油取扱所は取扱所である。,屋内貯蔵所は危険物を貯蔵する施設の一つである。給油取扱所、一般取扱所、販売取扱所、移送取扱所は取扱所に分類される。【試験ポイント】貯蔵所と取扱所の種類を区別する。【ひっかけ】給油取扱所は貯蔵所ではなく取扱所。【選択肢ア】誤り。一般取扱所は取扱所である。【選択肢イ】誤り。移送取扱所は取扱所である。【選択肢ウ】正しい。屋内貯蔵所は貯蔵所の一種である。【選択肢エ】,
52,single,法令・制度,L-022;LAW-013;取扱所;取扱所の種類全体;基礎;重点,危険物の取扱所の種類として、正しいものはどれか。,,,,,,屋内貯蔵所,屋外タンク貯蔵所,給油取扱所,移動タンク貯蔵所,地下タンク貯蔵所,3,給油取扱所は危険物を取り扱う取扱所の一種である。他の選択肢はいずれも貯蔵所に分類される。【試験ポイント】給油取扱所は取扱所、移動タンク貯蔵所は貯蔵所。【ひっかけ】名称に『貯蔵所』が付くものと取扱所を混同しない。【選択肢ア】誤り。屋内貯蔵所は貯蔵所である。【選択肢イ】誤り。屋外タンク貯蔵所は貯蔵所である。【選択肢ウ】正しい。給油取扱所は取扱所の一種である。【選択肢エ】誤り。移動タンク貯蔵所は貯蔵所である。【選択肢オ】誤り。地下タンク貯蔵所は貯蔵所である。,1:（1）「屋内貯蔵所」は、単独の記述としては法令上妥当な場合がありますが、本問で選ぶべき正答は（3）「給油取扱所」です。問題文の条件（危険物の取扱所の種類として、正しいものはどれか。…）と照らし、設問が問う論点に合う肢を選び直してください。;2:（2）「屋外タンク貯蔵所」は、単独の記述としては法令上妥当な場合がありますが、本問で選ぶべき正答は（3）「給油取扱所」です。問題文の条件（危険物の取扱所の種類として、正しいものはどれか。…）と照らし、設問が問う論点に合う肢を選び直してください。;4:（4）「移動タンク貯蔵所」は、単独の記述としては法令上妥当な場合がありますが、本問で選ぶべき正答は（3）「給油取扱所」です。問題文の条件（危険物の取扱所の種類として、正しいものはどれか。…）と照らし、設問が問う論点に合う肢を選び直してください。;5:（5）「地下タンク貯蔵所」は、単独の記述としては法令上妥当な場合がありますが、本問で選ぶべき正答は（3）「給油取扱所」です。問題文の条件（危険物の取扱所の種類として、正しいものはどれか。…）と照らし、設問が問う論点に合う肢を選び直してください。,給油取扱所は危険物を取り扱う取扱所の一種である。他の選択肢はいずれも貯蔵所に分類される。【試験ポイント】給油取扱所は取扱所、移動タンク貯蔵所は貯蔵所。【ひっかけ】名称に『貯蔵所』が付くものと取扱所を混同しない。【選択肢ア】誤り。屋内貯蔵所は貯蔵所である。【選択肢イ】誤り。屋外タンク貯蔵所は貯蔵所である。【選択肢ウ】正しい。給油取扱所は取扱所の一種である。【選択肢エ】誤り。移動タンク貯蔵所は貯蔵所である。【選択肢オ】誤り。地下タンク貯蔵所は貯蔵所である。,給油取扱所は危険物を取り扱う取扱所の一種である。他の選択肢はいずれも貯蔵所に分類される。【試験ポイント】給油取扱所は取扱所、移動タンク貯蔵所は貯蔵所。【ひっかけ】名称に『貯蔵所』が付くものと取扱所を混同しない。【選択肢ア】誤り。屋内貯蔵所は貯蔵所である。【選択肢イ】誤り。屋外タンク貯蔵所は貯蔵所である。【選択肢ウ】正しい。給油取扱所は取扱所の一種である。【選,
53,single,法令・制度,L-023;LAW-021;届出;譲渡・引渡しの届出;標準;網羅,製造所等を譲り受けた場合などの手続きについて、正しいものはどれか。,,,,,,譲渡を受けた場合は、危険物をすべて廃棄すれば届出は常に不要である。,第4類危険物の施設では、譲渡や引渡しに関する手続きは存在しない。,譲渡の届出は、危険物取扱者免状の更新手続きだけをいう。,法令上、譲渡または引渡しに伴う届出が必要となる場合がある。,譲渡を受けても、危険物施設に関する届出は一切不要である。,4,製造所等の譲渡または引渡しがあった場合、法令上、届出が必要となる場合がある。施設の権利移転と免状更新は別の手続きである。【試験ポイント】譲渡・引渡しは届出論点。【ひっかけ】免状手続きと施設の届出を混同しない。【選択肢ア】誤り。危険物を廃棄すれば常に不要というものではない。【選択肢イ】誤り。第4類危険物の施設でも関係し得る。【選択肢ウ】誤り。免状更新手続きではない。【選択肢エ】正しい。譲渡・引渡しに伴う届出が必要となる場合がある。【選択肢オ】誤り。一切不要とはいえない。,1:解説では「製造所等の譲渡または引渡しがあった場合、法令上、届出が必要となる場合がある。」とある一方、（1）の記述はそれと矛盾します。 解説の要点：製造所等の譲渡または引渡しがあった場合、法令上、届出が必要となる場合がある。施設の権利移転と免状更新は別の手続きである。【試験ポイント】譲渡・引渡しは届出論点。【ひっかけ】免状手続きと施設の届出を混同しない。【選択肢ア】誤り。危険物を廃棄すれば常に不要というものではない。【選択肢… 正答（4）との違いを確認し直してください。;2:解説では「製造所等の譲渡または引渡しがあった場合、法令上、届出が必要となる場合がある。」とある一方、（2）の記述はそれと矛盾します。 解説の要点：製造所等の譲渡または引渡しがあった場合、法令上、届出が必要となる場合がある。施設の権利移転と免状更新は別の手続きである。【試験ポイント】譲渡・引渡しは届出論点。【ひっかけ】免状手続きと施設の届出を混同しない。【選択肢ア】誤り。危険物を廃棄すれば常に不要というものではない。【選択肢… 正答（4）との違いを確認し直してください。;3:（3）の内容は、正答（4）「法令上、譲渡または引渡しに伴う届出が必要となる場合がある。」が示す論点とずれています。 解説の要点：製造所等の譲渡または引渡しがあった場合、法令上、届出が必要となる場合がある。施設の権利移転と免状更新は別の手続きである。【試験ポイント】譲渡・引渡しは届出論点。【ひっかけ】免状手続きと施設の届出を混同しない。【選択肢ア】誤り。危険物を廃棄すれば常に不要というものではない。【選択肢… 正答（4）との違いを確認し直してください。;5:解説では「製造所等の譲渡または引渡しがあった場合、法令上、届出が必要となる場合がある。」とある一方、（5）の記述はそれと矛盾します。 解説の要点：製造所等の譲渡または引渡しがあった場合、法令上、届出が必要となる場合がある。施設の権利移転と免状更新は別の手続きである。【試験ポイント】譲渡・引渡しは届出論点。【ひっかけ】免状手続きと施設の届出を混同しない。【選択肢ア】誤り。危険物を廃棄すれば常に不要というものではない。【選択肢… 正答（4）との違いを確認し直してください。,製造所等の譲渡または引渡しがあった場合、法令上、届出が必要となる場合がある。施設の権利移転と免状更新は別の手続きである。【試験ポイント】譲渡・引渡しは届出論点。【ひっかけ】免状手続きと施設の届出を混同しない。【選択肢ア】誤り。危険物を廃棄すれば常に不要というものではない。【選択肢イ】誤り。第4類危険物の施設でも関係し得る。【選択肢ウ】誤り。免状更新手続きではない。【選択肢エ】正しい。譲渡・引渡しに伴う届出が必要となる場合がある。【選択肢オ】誤り。一切不要とはいえない。,製造所等の譲渡または引渡しがあった場合、法令上、届出が必要となる場合がある。施設の権利移転と免状更新は別の手続きである。【試験ポイント】譲渡・引渡しは届出論点。【ひっかけ】免状手続きと施設の届出を混同しない。【選択肢ア】誤り。危険物を廃棄すれば常に不要というものではない。【選択肢イ】誤り。第4類危険物の施設でも関係し得る。【選択肢ウ】誤り。免状更新手続きでは,
54,single,法令・制度,L-024;LAW-022;届出;廃止届出;基礎;網羅,製造所等の用途を廃止した場合の手続きについて、正しいものはどれか。,,,,,,廃止届出は、危険物取扱者試験の受験申込をいう。,第4類危険物の施設は、廃止手続きの対象にならない。,法令上、廃止の届出が必要となる場合がある。,製造所等を廃止した場合でも、必ず同じ場所に新しい施設を設置しなければならない。,廃止すれば、危険物が残っていても手続きや安全措置は一切不要である。,3,製造所等を廃止した場合、法令上、廃止の届出が必要となる場合がある。危険物の残存や安全措置にも注意が必要である。【試験ポイント】廃止時にも届出が問題になる。【ひっかけ】施設を使わなくなれば手続き不要、とは限らない。【選択肢ア】誤り。試験申込ではない。【選択肢イ】誤り。第4類危険物の施設でも対象となり得る。【選択肢ウ】正しい。廃止届出が必要となる場合がある。【選択肢エ】誤り。新施設の設置義務ではない。【選択肢オ】誤り。廃止後も安全上の注意は必要である。,1:（1）の内容は、正答（3）「法令上、廃止の届出が必要となる場合がある。」が示す論点とずれています。 解説の要点：製造所等を廃止した場合、法令上、廃止の届出が必要となる場合がある。危険物の残存や安全措置にも注意が必要である。【試験ポイント】廃止時にも届出が問題になる。【ひっかけ】施設を使わなくなれば手続き不要、とは限らない。【選択肢ア】誤り。試験申込ではない。【選択肢イ】誤り。第4類危険物の… 正答（3）との違いを確認し直してください。;2:解説では「製造所等を廃止した場合、法令上、廃止の届出が必要となる場合がある。」とある一方、（2）の記述はそれと矛盾します。 解説の要点：製造所等を廃止した場合、法令上、廃止の届出が必要となる場合がある。危険物の残存や安全措置にも注意が必要である。【試験ポイント】廃止時にも届出が問題になる。【ひっかけ】施設を使わなくなれば手続き不要、とは限らない。【選択肢ア】誤り。試験申込ではない。【選択肢イ】誤り。第4類危険物の… 正答（3）との違いを確認し直してください。;4:解説では「製造所等を廃止した場合、法令上、廃止の届出が必要となる場合がある。」とある一方、（4）の記述はそれと矛盾します。 解説の要点：製造所等を廃止した場合、法令上、廃止の届出が必要となる場合がある。危険物の残存や安全措置にも注意が必要である。【試験ポイント】廃止時にも届出が問題になる。【ひっかけ】施設を使わなくなれば手続き不要、とは限らない。【選択肢ア】誤り。試験申込ではない。【選択肢イ】誤り。第4類危険物の… 正答（3）との違いを確認し直してください。;5:解説では「製造所等を廃止した場合、法令上、廃止の届出が必要となる場合がある。」とある一方、（5）の記述はそれと矛盾します。 解説の要点：製造所等を廃止した場合、法令上、廃止の届出が必要となる場合がある。危険物の残存や安全措置にも注意が必要である。【試験ポイント】廃止時にも届出が問題になる。【ひっかけ】施設を使わなくなれば手続き不要、とは限らない。【選択肢ア】誤り。試験申込ではない。【選択肢イ】誤り。第4類危険物の… 正答（3）との違いを確認し直してください。,製造所等を廃止した場合、法令上、廃止の届出が必要となる場合がある。,製造所等を廃止した場合、法令上、廃止の届出が必要となる場合がある。危険物の残存や安全措置にも注意が必要である。【試験ポイント】廃止時にも届出が問題になる。【ひっかけ】施設を使わなくなれば手続き不要、とは限らない。【選択肢ア】誤り。試験申込ではない。【選択肢イ】誤り。第4類危険物の施設でも対象となり得る。【選択肢ウ】正しい。廃止届出が必要となる場合がある。【選,
55,single,法令・制度,L-025;LAW-025;免状;免状の交付・書換え・再交付;基礎;網羅,危険物取扱者免状について、正しいものはどれか。,,,,,,氏名など免状記載事項に変更があった場合、書換えが必要となる場合がある。,免状は取得後、どのような記載事項が変わっても一切手続きは不要である。,免状は施設の設置許可証と同じものである。,免状をなくした場合でも、再交付の制度は存在しない。,乙種第4類の免状を持つと、すべての危険物を取り扱える。,1,危険物取扱者免状は、記載事項に変更があった場合の書換えや、紛失等の場合の再交付が問題となる。施設の設置許可証とは別である。【試験ポイント】免状には交付・書換え・再交付がある。【ひっかけ】免状と施設許可を混同しない。【選択肢ア】正しい。記載事項変更時には書換えが必要となる場合がある。【選択肢イ】誤り。記載事項変更時に手続きが必要となる場合がある。【選択肢ウ】誤り。免状と施設許可証は別である。【選択肢エ】誤り。再交付の制度がある。【選択肢オ】誤り。乙4は第4類危険物が対象である。,2:解説では「施設の設置許可証とは別である。」とある一方、（2）の記述はそれと矛盾します。 解説の要点：危険物取扱者免状は、記載事項に変更があった場合の書換えや、紛失等の場合の再交付が問題となる。施設の設置許可証とは別である。【試験ポイント】免状には交付・書換え・再交付がある。【ひっかけ】免状と施設許可を混同しない。【選択肢ア】正しい。記載事項変更時には書換えが必要となる場合がある… 正答（1）との違いを確認し直してください。;3:（3）の内容は、正答（1）「氏名など免状記載事項に変更があった場合、書換えが必要となる場合がある。」が示す論点とずれています。 解説の要点：危険物取扱者免状は、記載事項に変更があった場合の書換えや、紛失等の場合の再交付が問題となる。施設の設置許可証とは別である。【試験ポイント】免状には交付・書換え・再交付がある。【ひっかけ】免状と施設許可を混同しない。【選択肢ア】正しい。記載事項変更時には書換えが必要となる場合がある… 正答（1）との違いを確認し直してください。;4:解説では「施設の設置許可証とは別である。」とある一方、（4）の記述はそれと矛盾します。 解説の要点：危険物取扱者免状は、記載事項に変更があった場合の書換えや、紛失等の場合の再交付が問題となる。施設の設置許可証とは別である。【試験ポイント】免状には交付・書換え・再交付がある。【ひっかけ】免状と施設許可を混同しない。【選択肢ア】正しい。記載事項変更時には書換えが必要となる場合がある… 正答（1）との違いを確認し直してください。;5:（5）の内容は、正答（1）「氏名など免状記載事項に変更があった場合、書換えが必要となる場合がある。」が示す論点とずれています。 解説の要点：危険物取扱者免状は、記載事項に変更があった場合の書換えや、紛失等の場合の再交付が問題となる。施設の設置許可証とは別である。【試験ポイント】免状には交付・書換え・再交付がある。【ひっかけ】免状と施設許可を混同しない。【選択肢ア】正しい。記載事項変更時には書換えが必要となる場合がある… 正答（1）との違いを確認し直してください。,危険物取扱者免状は、記載事項に変更があった場合の書換えや、紛失等の場合の再交付が問題となる。施設の設置許可証とは別である。【試験ポイント】免状には交付・書換え・再交付がある。【ひっかけ】免状と施設許可を混同しない。【選択肢ア】正しい。記載事項変更時には書換えが必要となる場合がある。【選択肢イ】誤り。記載事項変更時に手続きが必要となる場合がある。【選択肢ウ】誤り。免状と施設許可証は別である。【選択肢エ】誤り。再交付の制度がある。【選択肢オ】誤り。乙4は第4類危険物が対象である。,危険物取扱者免状は、記載事項に変更があった場合の書換えや、紛失等の場合の再交付が問題となる。施設の設置許可証とは別である。【試験ポイント】免状には交付・書換え・再交付がある。【ひっかけ】免状と施設許可を混同しない。【選択肢ア】正しい。記載事項変更時には書換えが必要となる場合がある。【選択肢イ】誤り。記載事項変更時に手続きが必要となる場合がある。【選択肢ウ】誤,
56,single,法令・制度,L-026;LAW-029;危険物保安統括管理者;選任要件・役割;標準;網羅,危険物保安統括管理者について、正しいものはどれか。,,,,,,危険物保安統括管理者は、危険物取扱者試験の試験監督員をいう。,第4類危険物を扱う施設では、絶対に関係しない。,危険物保安統括管理者は、運搬容器の色だけを決める者である。,一定規模の事業所などで、危険物保安に関する業務を統括管理する者として選任が必要となる場合がある。,すべての家庭で必ず選任しなければならない。,4,危険物保安統括管理者は、一定の事業所等で危険物保安に関する業務を統括管理する者として選任が必要となる場合がある。【試験ポイント】保安統括管理者は事業所全体の保安管理に関係する。【ひっかけ】危険物保安監督者と役割を混同しない。【選択肢ア】誤り。試験監督員ではない。【選択肢イ】誤り。第4類危険物を扱う事業所でも関係し得る。【選択肢ウ】誤り。容器の色だけを決める者ではない。【選択肢エ】正しい。一定の事業所等で選任が問題となる。【選択肢オ】誤り。すべての家庭で必要な制度ではない。,1:（1）の内容は、正答（4）「一定規模の事業所などで、危険物保安に関する業務を統括管理する者として選任が必要となる場合がある。」が示す論点とずれています。 解説の要点：危険物保安統括管理者は、一定の事業所等で危険物保安に関する業務を統括管理する者として選任が必要となる場合がある。【試験ポイント】保安統括管理者は事業所全体の保安管理に関係する。【ひっかけ】危険物保安監督者と役割を混同しない。【選択肢ア】誤り。試験監督員ではない。【選択肢イ】誤り。… 正答（4）との違いを確認し直してください。;2:解説では「危険物保安統括管理者は、一定の事業所等で危険物保安に関する業務を統括管理する者として選任が必要となる場合がある。」とある一方、（2）の記述はそれと矛盾します。 解説の要点：危険物保安統括管理者は、一定の事業所等で危険物保安に関する業務を統括管理する者として選任が必要となる場合がある。【試験ポイント】保安統括管理者は事業所全体の保安管理に関係する。【ひっかけ】危険物保安監督者と役割を混同しない。【選択肢ア】誤り。試験監督員ではない。【選択肢イ】誤り。… 正答（4）との違いを確認し直してください。;3:（3）の内容は、正答（4）「一定規模の事業所などで、危険物保安に関する業務を統括管理する者として選任が必要となる場合がある。」が示す論点とずれています。 解説の要点：危険物保安統括管理者は、一定の事業所等で危険物保安に関する業務を統括管理する者として選任が必要となる場合がある。【試験ポイント】保安統括管理者は事業所全体の保安管理に関係する。【ひっかけ】危険物保安監督者と役割を混同しない。【選択肢ア】誤り。試験監督員ではない。【選択肢イ】誤り。… 正答（4）との違いを確認し直してください。;5:解説では「危険物保安統括管理者は、一定の事業所等で危険物保安に関する業務を統括管理する者として選任が必要となる場合がある。」とある一方、（5）の記述はそれと矛盾します。 解説の要点：危険物保安統括管理者は、一定の事業所等で危険物保安に関する業務を統括管理する者として選任が必要となる場合がある。【試験ポイント】保安統括管理者は事業所全体の保安管理に関係する。【ひっかけ】危険物保安監督者と役割を混同しない。【選択肢ア】誤り。試験監督員ではない。【選択肢イ】誤り。… 正答（4）との違いを確認し直してください。,危険物保安統括管理者は、一定の事業所等で危険物保安に関する業務を統括管理する者として選任が必要となる場合がある。【試験ポイント】保安統括管理者は事業所全体の保安管理に関係する。【ひっかけ】危険物保安監督者と役割を混同しない。【選択肢ア】誤り。試験監督員ではない。【選択肢イ】誤り。第4類危険物を扱う事業所でも関係し得る。【選択肢ウ】誤り。容器の色だけを決める者ではない。【選択肢エ】正しい。一定の事業所等で選任が問題となる。【選択肢オ】誤り。すべての家庭で必要な制度ではない。,危険物保安統括管理者は、一定の事業所等で危険物保安に関する業務を統括管理する者として選任が必要となる場合がある。【試験ポイント】保安統括管理者は事業所全体の保安管理に関係する。【ひっかけ】危険物保安監督者と役割を混同しない。【選択肢ア】誤り。試験監督員ではない。【選択肢イ】誤り。第4類危険物を扱う事業所でも関係し得る。【選択肢ウ】誤り。容器の色だけを決める者,
57,single,法令・制度,L-027;LAW-030;危険物施設保安員;選任要件・役割;標準;網羅,危険物施設保安員について、正しいものはどれか。,,,,,,危険物施設保安員は、消火器の販売員だけをいう。,危険物施設保安員は、第4類危険物とは一切関係しない。,危険物施設保安員は、危険物の分類名の一つである。,一定の危険物施設で、施設の構造や設備に関する保安業務に関与する者として選任が必要となる場合がある。,すべての危険物取扱者免状所有者は、自動的に危険物施設保安員になる。,4,危険物施設保安員は、一定の危険物施設において施設の保安に関する業務に関与する者として選任が必要となる場合がある。【試験ポイント】危険物施設保安員は施設保安に関する役割。【ひっかけ】危険物取扱者、保安監督者、施設保安員を区別する。【選択肢ア】誤り。消火器の販売員ではない。【選択肢イ】誤り。第4類危険物施設でも関係し得る。【選択肢ウ】誤り。危険物の分類名ではない。【選択肢エ】正しい。一定施設で選任が必要となる場合がある。【選択肢オ】誤り。免状所有者が自動的になるものではない。,1:（1）の内容は、正答（4）「一定の危険物施設で、施設の構造や設備に関する保安業務に関与する者として選任が必要となる場合がある。」が示す論点とずれています。 解説の要点：危険物施設保安員は、一定の危険物施設において施設の保安に関する業務に関与する者として選任が必要となる場合がある。【試験ポイント】危険物施設保安員は施設保安に関する役割。【ひっかけ】危険物取扱者、保安監督者、施設保安員を区別する。【選択肢ア】誤り。消火器の販売員ではない。【選択肢イ… 正答（4）との違いを確認し直してください。;2:解説では「危険物施設保安員は、一定の危険物施設において施設の保安に関する業務に関与する者として選任が必要となる場合がある。」とある一方、（2）の記述はそれと矛盾します。 解説の要点：危険物施設保安員は、一定の危険物施設において施設の保安に関する業務に関与する者として選任が必要となる場合がある。【試験ポイント】危険物施設保安員は施設保安に関する役割。【ひっかけ】危険物取扱者、保安監督者、施設保安員を区別する。【選択肢ア】誤り。消火器の販売員ではない。【選択肢イ… 正答（4）との違いを確認し直してください。;3:（3）の内容は、正答（4）「一定の危険物施設で、施設の構造や設備に関する保安業務に関与する者として選任が必要となる場合がある。」が示す論点とずれています。 解説の要点：危険物施設保安員は、一定の危険物施設において施設の保安に関する業務に関与する者として選任が必要となる場合がある。【試験ポイント】危険物施設保安員は施設保安に関する役割。【ひっかけ】危険物取扱者、保安監督者、施設保安員を区別する。【選択肢ア】誤り。消火器の販売員ではない。【選択肢イ… 正答（4）との違いを確認し直してください。;5:（5）の内容は、正答（4）「一定の危険物施設で、施設の構造や設備に関する保安業務に関与する者として選任が必要となる場合がある。」が示す論点とずれています。 解説の要点：危険物施設保安員は、一定の危険物施設において施設の保安に関する業務に関与する者として選任が必要となる場合がある。【試験ポイント】危険物施設保安員は施設保安に関する役割。【ひっかけ】危険物取扱者、保安監督者、施設保安員を区別する。【選択肢ア】誤り。消火器の販売員ではない。【選択肢イ… 正答（4）との違いを確認し直してください。,危険物施設保安員は、一定の危険物施設において施設の保安に関する業務に関与する者として選任が必要となる場合がある。【試験ポイント】危険物施設保安員は施設保安に関する役割。【ひっかけ】危険物取扱者、保安監督者、施設保安員を区別する。【選択肢ア】誤り。消火器の販売員ではない。【選択肢イ】誤り。第4類危険物施設でも関係し得る。【選択肢ウ】誤り。危険物の分類名ではない。【選択肢エ】正しい。一定施設で選任が必要となる場合がある。【選択肢オ】誤り。免状所有者が自動的になるものではない。,危険物施設保安員は、一定の危険物施設において施設の保安に関する業務に関与する者として選任が必要となる場合がある。【試験ポイント】危険物施設保安員は施設保安に関する役割。【ひっかけ】危険物取扱者、保安監督者、施設保安員を区別する。【選択肢ア】誤り。消火器の販売員ではない。【選択肢イ】誤り。第4類危険物施設でも関係し得る。【選択肢ウ】誤り。危険物の分類名ではない,
58,single,法令・制度,L-028;LAW-032;定期点検;定期点検が必要な施設;標準;重点,危険物施設の定期点検について、正しいものはどれか。,,,,,,定期点検は、運搬中の危険物だけを対象とする制度である。,危険物施設では、どのような場合でも点検は不要である。,消火設備があれば、定期点検は常に不要である。,定期点検は、危険物取扱者試験の採点作業をいう。,一定の製造所等では、定期に点検を行う必要がある場合がある。,5,一定の製造所等では、施設の安全確保のため定期点検が必要となる場合がある。消火設備の有無だけで常に不要になるわけではない。【試験ポイント】定期点検は危険物施設の安全管理に関係する。【ひっかけ】定期点検と完成検査を混同しない。【選択肢ア】誤り。運搬中の危険物だけを対象とする制度ではない。【選択肢イ】誤り。点検が不要とはいえない。【選択肢ウ】誤り。消火設備があっても点検が必要となる場合がある。【選択肢エ】誤り。試験の採点作業ではない。【選択肢オ】正しい。一定施設では定期点検が必要となる場合がある。,1:（1）の内容は、正答（5）「一定の製造所等では、定期に点検を行う必要がある場合がある。」が示す論点とずれています。 解説の要点：一定の製造所等では、施設の安全確保のため定期点検が必要となる場合がある。消火設備の有無だけで常に不要になるわけではない。【試験ポイント】定期点検は危険物施設の安全管理に関係する。【ひっかけ】定期点検と完成検査を混同しない。【選択肢ア】誤り。運搬中の危険物だけを対象とする制度ではな… 正答（5）との違いを確認し直してください。;2:解説では「一定の製造所等では、施設の安全確保のため定期点検が必要となる場合がある。」とある一方、（2）の記述はそれと矛盾します。 解説の要点：一定の製造所等では、施設の安全確保のため定期点検が必要となる場合がある。消火設備の有無だけで常に不要になるわけではない。【試験ポイント】定期点検は危険物施設の安全管理に関係する。【ひっかけ】定期点検と完成検査を混同しない。【選択肢ア】誤り。運搬中の危険物だけを対象とする制度ではな… 正答（5）との違いを確認し直してください。;3:解説では「一定の製造所等では、施設の安全確保のため定期点検が必要となる場合がある。」とある一方、（3）の記述はそれと矛盾します。 解説の要点：一定の製造所等では、施設の安全確保のため定期点検が必要となる場合がある。消火設備の有無だけで常に不要になるわけではない。【試験ポイント】定期点検は危険物施設の安全管理に関係する。【ひっかけ】定期点検と完成検査を混同しない。【選択肢ア】誤り。運搬中の危険物だけを対象とする制度ではな… 正答（5）との違いを確認し直してください。;4:（4）の内容は、正答（5）「一定の製造所等では、定期に点検を行う必要がある場合がある。」が示す論点とずれています。 解説の要点：一定の製造所等では、施設の安全確保のため定期点検が必要となる場合がある。消火設備の有無だけで常に不要になるわけではない。【試験ポイント】定期点検は危険物施設の安全管理に関係する。【ひっかけ】定期点検と完成検査を混同しない。【選択肢ア】誤り。運搬中の危険物だけを対象とする制度ではな… 正答（5）との違いを確認し直してください。,一定の製造所等では、施設の安全確保のため定期点検が必要となる場合がある。消火設備の有無だけで常に不要になるわけではない。【試験ポイント】定期点検は危険物施設の安全管理に関係する。【ひっかけ】定期点検と完成検査を混同しない。【選択肢ア】誤り。運搬中の危険物だけを対象とする制度ではない。【選択肢イ】誤り。点検が不要とはいえない。【選択肢ウ】誤り。消火設備があっても点検が必要となる場合がある。【選択肢エ】誤り。試験の採点作業ではない。【選択肢オ】正しい。一定施設では定期点検が必要となる場合がある。,一定の製造所等では、施設の安全確保のため定期点検が必要となる場合がある。消火設備の有無だけで常に不要になるわけではない。【試験ポイント】定期点検は危険物施設の安全管理に関係する。【ひっかけ】定期点検と完成検査を混同しない。【選択肢ア】誤り。運搬中の危険物だけを対象とする制度ではない。【選択肢イ】誤り。点検が不要とはいえない。【選択肢ウ】誤り。消火設備があって,
59,single,法令・制度,L-029;LAW-033;定期点検;点検記録の保存;標準;網羅,危険物施設の点検記録について、正しいものはどれか。,,,,,,点検記録は、火災予防とは一切関係がない。,点検記録は、作成した直後に必ずすべて破棄しなければならない。,法令上、定期点検の記録を作成し、保存することが求められる場合がある。,点検記録は、危険物の色を記録するだけのものをいう。,点検記録は、危険物取扱者試験の答案用紙をいう。,3,危険物施設の定期点検では、点検記録の作成・保存が求められる場合がある。記録は施設管理や保安確認に用いられる。【試験ポイント】定期点検は記録保存まで含めて押さえる。【ひっかけ】点検の実施だけでなく、記録保存も問われる。【選択肢ア】誤り。火災予防や保安管理に関係する。【選択肢イ】誤り。直ちに破棄するものではない。【選択肢ウ】正しい。点検記録の作成・保存が必要となる場合がある。【選択肢エ】誤り。色だけを記録するものではない。【選択肢オ】誤り。試験の答案用紙ではない。,1:解説では「危険物施設の定期点検では、点検記録の作成・保存が求められる場合がある。」とある一方、（1）の記述はそれと矛盾します。 解説の要点：危険物施設の定期点検では、点検記録の作成・保存が求められる場合がある。記録は施設管理や保安確認に用いられる。【試験ポイント】定期点検は記録保存まで含めて押さえる。【ひっかけ】点検の実施だけでなく、記録保存も問われる。【選択肢ア】誤り。火災予防や保安管理に関係する。【選択肢イ】誤り… 正答（3）との違いを確認し直してください。;2:解説では「危険物施設の定期点検では、点検記録の作成・保存が求められる場合がある。」とある一方、（2）の記述はそれと矛盾します。 解説の要点：危険物施設の定期点検では、点検記録の作成・保存が求められる場合がある。記録は施設管理や保安確認に用いられる。【試験ポイント】定期点検は記録保存まで含めて押さえる。【ひっかけ】点検の実施だけでなく、記録保存も問われる。【選択肢ア】誤り。火災予防や保安管理に関係する。【選択肢イ】誤り… 正答（3）との違いを確認し直してください。;4:（4）の内容は、正答（3）「法令上、定期点検の記録を作成し、保存することが求められる場合がある。」が示す論点とずれています。 解説の要点：危険物施設の定期点検では、点検記録の作成・保存が求められる場合がある。記録は施設管理や保安確認に用いられる。【試験ポイント】定期点検は記録保存まで含めて押さえる。【ひっかけ】点検の実施だけでなく、記録保存も問われる。【選択肢ア】誤り。火災予防や保安管理に関係する。【選択肢イ】誤り… 正答（3）との違いを確認し直してください。;5:（5）の内容は、正答（3）「法令上、定期点検の記録を作成し、保存することが求められる場合がある。」が示す論点とずれています。 解説の要点：危険物施設の定期点検では、点検記録の作成・保存が求められる場合がある。記録は施設管理や保安確認に用いられる。【試験ポイント】定期点検は記録保存まで含めて押さえる。【ひっかけ】点検の実施だけでなく、記録保存も問われる。【選択肢ア】誤り。火災予防や保安管理に関係する。【選択肢イ】誤り… 正答（3）との違いを確認し直してください。,危険物施設の定期点検では、点検記録の作成・保存が求められる場合がある。記録は施設管理や保安確認に用いられる。【試験ポイント】定期点検は記録保存まで含めて押さえる。【ひっかけ】点検の実施だけでなく、記録保存も問われる。【選択肢ア】誤り。火災予防や保安管理に関係する。【選択肢イ】誤り。直ちに破棄するものではない。【選択肢ウ】正しい。点検記録の作成・保存が必要となる場合がある。【選択肢エ】誤り。色だけを記録するものではない。【選択肢オ】誤り。試験の答案用紙ではない。,危険物施設の定期点検では、点検記録の作成・保存が求められる場合がある。記録は施設管理や保安確認に用いられる。【試験ポイント】定期点検は記録保存まで含めて押さえる。【ひっかけ】点検の実施だけでなく、記録保存も問われる。【選択肢ア】誤り。火災予防や保安管理に関係する。【選択肢イ】誤り。直ちに破棄するものではない。【選択肢ウ】正しい。点検記録の作成・保存が必要とな,
60,single,法令・制度,L-030;LAW-034;保安検査;保安検査の対象;標準;網羅,保安検査について、正しいものはどれか。,,,,,,保安検査は、危険物施設では一切行われない。,保安検査は、危険物取扱者免状の写真を確認するだけの手続きである。,保安検査は、危険物の味を確認する検査である。,保安検査は、すべての家庭用灯油缶だけを対象とする検査である。,一定の危険物施設では、保安検査を受ける必要がある場合がある。,5,保安検査は、一定の危険物施設について安全性を確認するために行われる場合がある。免状写真や危険物の味を確認する手続きではない。【試験ポイント】保安検査は施設の安全性確認に関係する。【ひっかけ】保安検査と保安講習を混同しない。【選択肢ア】誤り。危険物施設で行われる場合がある。【選択肢イ】誤り。免状写真の確認だけではない。【選択肢ウ】誤り。危険物の味を確認することは危険であり、検査内容ではない。【選択肢エ】誤り。家庭用灯油缶だけを対象とするものではない。【選択肢オ】正しい。一定施設では保安検査が必要となる場合がある。,1:解説では「保安検査は、一定の危険物施設について安全性を確認するために行われる場合がある。」とある一方、（1）の記述はそれと矛盾します。 解説の要点：保安検査は、一定の危険物施設について安全性を確認するために行われる場合がある。免状写真や危険物の味を確認する手続きではない。【試験ポイント】保安検査は施設の安全性確認に関係する。【ひっかけ】保安検査と保安講習を混同しない。【選択肢ア】誤り。危険物施設で行われる場合がある。【選択肢… 正答（5）との違いを確認し直してください。;2:（2）の内容は、正答（5）「一定の危険物施設では、保安検査を受ける必要がある場合がある。」が示す論点とずれています。 解説の要点：保安検査は、一定の危険物施設について安全性を確認するために行われる場合がある。免状写真や危険物の味を確認する手続きではない。【試験ポイント】保安検査は施設の安全性確認に関係する。【ひっかけ】保安検査と保安講習を混同しない。【選択肢ア】誤り。危険物施設で行われる場合がある。【選択肢… 正答（5）との違いを確認し直してください。;3:（3）の内容は、正答（5）「一定の危険物施設では、保安検査を受ける必要がある場合がある。」が示す論点とずれています。 解説の要点：保安検査は、一定の危険物施設について安全性を確認するために行われる場合がある。免状写真や危険物の味を確認する手続きではない。【試験ポイント】保安検査は施設の安全性確認に関係する。【ひっかけ】保安検査と保安講習を混同しない。【選択肢ア】誤り。危険物施設で行われる場合がある。【選択肢… 正答（5）との違いを確認し直してください。;4:（4）の内容は、正答（5）「一定の危険物施設では、保安検査を受ける必要がある場合がある。」が示す論点とずれています。 解説の要点：保安検査は、一定の危険物施設について安全性を確認するために行われる場合がある。免状写真や危険物の味を確認する手続きではない。【試験ポイント】保安検査は施設の安全性確認に関係する。【ひっかけ】保安検査と保安講習を混同しない。【選択肢ア】誤り。危険物施設で行われる場合がある。【選択肢… 正答（5）との違いを確認し直してください。,保安検査は、一定の危険物施設について安全性を確認するために行われる場合がある。免状写真や危険物の味を確認する手続きではない。【試験ポイント】保安検査は施設の安全性確認に関係する。【ひっかけ】保安検査と保安講習を混同しない。【選択肢ア】誤り。危険物施設で行われる場合がある。【選択肢イ】誤り。免状写真の確認だけではない。【選択肢ウ】誤り。危険物の味を確認することは危険であり、検査内容ではない。【選択肢エ】誤り。家庭用灯油缶だけを対象とするものではない。【選択肢オ】正しい。一定施設では保安検査が必要となる場合がある。,保安検査は、一定の危険物施設について安全性を確認するために行われる場合がある。免状写真や危険物の味を確認する手続きではない。【試験ポイント】保安検査は施設の安全性確認に関係する。【ひっかけ】保安検査と保安講習を混同しない。【選択肢ア】誤り。危険物施設で行われる場合がある。【選択肢イ】誤り。免状写真の確認だけではない。【選択肢ウ】誤り。危険物の味を確認すること,
61,single,法令・制度,L-031;LAW-035;自衛消防組織;自衛消防組織の設置対象・役割;標準;網羅,自衛消防組織について、正しいものはどれか。,,,,,,一定の事業所等では、火災等に備えた自衛消防組織が必要となる場合がある。,自衛消防組織は、消火活動や通報とは一切関係しない。,自衛消防組織は、危険物の指定数量の別名である。,自衛消防組織は、可燃性蒸気の化学式をいう。,自衛消防組織は、危険物取扱者免状の交付機関である。,1,自衛消防組織は、火災等の災害に備え、初期対応や通報、避難誘導などの体制に関係する組織である。【試験ポイント】自衛消防組織は災害時の初動対応体制に関係する。【ひっかけ】指定数量や免状制度と混同しない。【選択肢ア】正しい。一定の事業所等で設置が必要となる場合がある。【選択肢イ】誤り。火災時の対応に関係する。【選択肢ウ】誤り。指定数量の別名ではない。【選択肢エ】誤り。化学式ではない。【選択肢オ】誤り。免状の交付機関ではない。,2:解説では「自衛消防組織は、火災等の災害に備え、初期対応や通報、避難誘導などの体制に関係する組織である。」とある一方、（2）の記述はそれと矛盾します。 解説の要点：自衛消防組織は、火災等の災害に備え、初期対応や通報、避難誘導などの体制に関係する組織である。【試験ポイント】自衛消防組織は災害時の初動対応体制に関係する。【ひっかけ】指定数量や免状制度と混同しない。【選択肢ア】正しい。一定の事業所等で設置が必要となる場合がある。【選択肢イ】誤り。… 正答（1）との違いを確認し直してください。;3:（3）の内容は、正答（1）「一定の事業所等では、火災等に備えた自衛消防組織が必要となる場合がある。」が示す論点とずれています。 解説の要点：自衛消防組織は、火災等の災害に備え、初期対応や通報、避難誘導などの体制に関係する組織である。【試験ポイント】自衛消防組織は災害時の初動対応体制に関係する。【ひっかけ】指定数量や免状制度と混同しない。【選択肢ア】正しい。一定の事業所等で設置が必要となる場合がある。【選択肢イ】誤り。… 正答（1）との違いを確認し直してください。;4:（4）の内容は、正答（1）「一定の事業所等では、火災等に備えた自衛消防組織が必要となる場合がある。」が示す論点とずれています。 解説の要点：自衛消防組織は、火災等の災害に備え、初期対応や通報、避難誘導などの体制に関係する組織である。【試験ポイント】自衛消防組織は災害時の初動対応体制に関係する。【ひっかけ】指定数量や免状制度と混同しない。【選択肢ア】正しい。一定の事業所等で設置が必要となる場合がある。【選択肢イ】誤り。… 正答（1）との違いを確認し直してください。;5:（5）の内容は、正答（1）「一定の事業所等では、火災等に備えた自衛消防組織が必要となる場合がある。」が示す論点とずれています。 解説の要点：自衛消防組織は、火災等の災害に備え、初期対応や通報、避難誘導などの体制に関係する組織である。【試験ポイント】自衛消防組織は災害時の初動対応体制に関係する。【ひっかけ】指定数量や免状制度と混同しない。【選択肢ア】正しい。一定の事業所等で設置が必要となる場合がある。【選択肢イ】誤り。… 正答（1）との違いを確認し直してください。,自衛消防組織は、火災等の災害に備え、初期対応や通報、避難誘導などの体制に関係する組織である。【試験ポイント】自衛消防組織は災害時の初動対応体制に関係する。【ひっかけ】指定数量や免状制度と混同しない。【選択肢ア】正しい。一定の事業所等で設置が必要となる場合がある。【選択肢イ】誤り。火災時の対応に関係する。【選択肢ウ】誤り。指定数量の別名ではない。【選択肢エ】誤り。化学式ではない。【選択肢オ】誤り。免状の交付機関ではない。,自衛消防組織は、火災等の災害に備え、初期対応や通報、避難誘導などの体制に関係する組織である。【試験ポイント】自衛消防組織は災害時の初動対応体制に関係する。【ひっかけ】指定数量や免状制度と混同しない。【選択肢ア】正しい。一定の事業所等で設置が必要となる場合がある。【選択肢イ】誤り。火災時の対応に関係する。【選択肢ウ】誤り。指定数量の別名ではない。【選択肢エ】誤,
62,single,法令・制度,L-032;LAW-036;事故時対応;災害発生時の応急措置;基礎;網羅,危険物の漏えいや火災が発生した場合の対応として、適切なものはどれか。,,,,,,可燃性蒸気をためるため、換気を完全に止める。,火災が発生しても、必ず自然に消えるまで放置する。,漏えいした危険物を下水に流して処理する。,被害の拡大を防ぐため、応急措置や通報を行う。,周囲に知らせず、火気を近づけて確認する。,4,危険物の漏えいや火災が発生した場合は、被害拡大防止のための応急措置、通報、避難などが重要である。【試験ポイント】事故時は応急措置・通報・避難が重要。【ひっかけ】火気確認や下水への流出は危険。【選択肢ア】誤り。可燃性蒸気をためるのは危険である。【選択肢イ】誤り。放置せず、適切な対応が必要である。【選択肢ウ】誤り。下水へ流すと火災や環境汚染の危険がある。【選択肢エ】正しい。応急措置や通報が重要である。【選択肢オ】誤り。火気を近づけるのは危険である。,1:（1）の内容は、正答（4）「被害の拡大を防ぐため、応急措置や通報を行う。」が示す論点とずれています。 解説の要点：危険物の漏えいや火災が発生した場合は、被害拡大防止のための応急措置、通報、避難などが重要である。【試験ポイント】事故時は応急措置・通報・避難が重要。【ひっかけ】火気確認や下水への流出は危険。【選択肢ア】誤り。可燃性蒸気をためるのは危険である。【選択肢イ】誤り。放置せず、適切な対応… 正答（4）との違いを確認し直してください。;2:（2）の内容は、正答（4）「被害の拡大を防ぐため、応急措置や通報を行う。」が示す論点とずれています。 解説の要点：危険物の漏えいや火災が発生した場合は、被害拡大防止のための応急措置、通報、避難などが重要である。【試験ポイント】事故時は応急措置・通報・避難が重要。【ひっかけ】火気確認や下水への流出は危険。【選択肢ア】誤り。可燃性蒸気をためるのは危険である。【選択肢イ】誤り。放置せず、適切な対応… 正答（4）との違いを確認し直してください。;3:（3）の内容は、正答（4）「被害の拡大を防ぐため、応急措置や通報を行う。」が示す論点とずれています。 解説の要点：危険物の漏えいや火災が発生した場合は、被害拡大防止のための応急措置、通報、避難などが重要である。【試験ポイント】事故時は応急措置・通報・避難が重要。【ひっかけ】火気確認や下水への流出は危険。【選択肢ア】誤り。可燃性蒸気をためるのは危険である。【選択肢イ】誤り。放置せず、適切な対応… 正答（4）との違いを確認し直してください。;5:（5）の内容は、正答（4）「被害の拡大を防ぐため、応急措置や通報を行う。」が示す論点とずれています。 解説の要点：危険物の漏えいや火災が発生した場合は、被害拡大防止のための応急措置、通報、避難などが重要である。【試験ポイント】事故時は応急措置・通報・避難が重要。【ひっかけ】火気確認や下水への流出は危険。【選択肢ア】誤り。可燃性蒸気をためるのは危険である。【選択肢イ】誤り。放置せず、適切な対応… 正答（4）との違いを確認し直してください。,危険物の漏えいや火災が発生した場合は、被害拡大防止のための応急措置、通報、避難などが重要である。【試験ポイント】事故時は応急措置・通報・避難が重要。【ひっかけ】火気確認や下水への流出は危険。【選択肢ア】誤り。可燃性蒸気をためるのは危険である。【選択肢イ】誤り。放置せず、適切な対応が必要である。【選択肢ウ】誤り。下水へ流すと火災や環境汚染の危険がある。【選択肢エ】正しい。応急措置や通報が重要である。【選択肢オ】誤り。火気を近づけるのは危険である。,危険物の漏えいや火災が発生した場合は、被害拡大防止のための応急措置、通報、避難などが重要である。【試験ポイント】事故時は応急措置・通報・避難が重要。【ひっかけ】火気確認や下水への流出は危険。【選択肢ア】誤り。可燃性蒸気をためるのは危険である。【選択肢イ】誤り。放置せず、適切な対応が必要である。【選択肢ウ】誤り。下水へ流すと火災や環境汚染の危険がある。【選択肢,
63,single,法令・制度,L-033;LAW-037;位置の基準;保安距離;基礎;重点,保安距離の目的として、最も適切なものはどれか。,,,,,,危険物の味を確認する場所を確保するためである。,標識の文字を大きくするためだけである。,危険物の色を見やすくするためである。,火災や爆発時の影響を周囲の施設へ及ぼしにくくするためである。,危険物取扱者の受験番号を決めるためである。,4,保安距離は、火災や爆発などの事故が周囲に及ぼす影響を抑えるため、一定の対象物との距離を確保する考え方である。【試験ポイント】保安距離は周囲施設への影響を抑えるための距離。【ひっかけ】保安距離と保有空地を区別する。【選択肢ア】誤り。危険物の味を確認してはならない。【選択肢イ】誤り。標識文字だけの問題ではない。【選択肢ウ】誤り。色を見やすくするためではない。【選択肢エ】正しい。周囲への影響を抑える目的がある。【選択肢オ】誤り。受験番号とは関係ない。,1:（1）の内容は、正答（4）「火災や爆発時の影響を周囲の施設へ及ぼしにくくするためである。」が示す論点とずれています。 解説の要点：保安距離は、火災や爆発などの事故が周囲に及ぼす影響を抑えるため、一定の対象物との距離を確保する考え方である。【試験ポイント】保安距離は周囲施設への影響を抑えるための距離。【ひっかけ】保安距離と保有空地を区別する。【選択肢ア】誤り。危険物の味を確認してはならない。【選択肢イ】誤り。… 正答（4）との違いを確認し直してください。;2:（2）の内容は、正答（4）「火災や爆発時の影響を周囲の施設へ及ぼしにくくするためである。」が示す論点とずれています。 解説の要点：保安距離は、火災や爆発などの事故が周囲に及ぼす影響を抑えるため、一定の対象物との距離を確保する考え方である。【試験ポイント】保安距離は周囲施設への影響を抑えるための距離。【ひっかけ】保安距離と保有空地を区別する。【選択肢ア】誤り。危険物の味を確認してはならない。【選択肢イ】誤り。… 正答（4）との違いを確認し直してください。;3:（3）「危険物の色を見やすくするためである。」は、単独の記述としては法令上妥当な場合がありますが、本問で選ぶべき正答は（4）「火災や爆発時の影響を周囲の施設へ及ぼしにくくするためである。」です。問題文の条件（保安距離の目的として、最も適切なものはどれか。…）と照らし、設問が問う論点に合う肢を選び直してください。;5:（5）の内容は、正答（4）「火災や爆発時の影響を周囲の施設へ及ぼしにくくするためである。」が示す論点とずれています。 解説の要点：保安距離は、火災や爆発などの事故が周囲に及ぼす影響を抑えるため、一定の対象物との距離を確保する考え方である。【試験ポイント】保安距離は周囲施設への影響を抑えるための距離。【ひっかけ】保安距離と保有空地を区別する。【選択肢ア】誤り。危険物の味を確認してはならない。【選択肢イ】誤り。… 正答（4）との違いを確認し直してください。,保安距離は、火災や爆発などの事故が周囲に及ぼす影響を抑えるため、一定の対象物との距離を確保する考え方である。【試験ポイント】保安距離は周囲施設への影響を抑えるための距離。【ひっかけ】保安距離と保有空地を区別する。【選択肢ア】誤り。危険物の味を確認してはならない。【選択肢イ】誤り。標識文字だけの問題ではない。【選択肢ウ】誤り。色を見やすくするためではない。【選択肢エ】正しい。周囲への影響を抑える目的がある。【選択肢オ】誤り。受験番号とは関係ない。,保安距離は、火災や爆発などの事故が周囲に及ぼす影響を抑えるため、一定の対象物との距離を確保する考え方である。【試験ポイント】保安距離は周囲施設への影響を抑えるための距離。【ひっかけ】保安距離と保有空地を区別する。【選択肢ア】誤り。危険物の味を確認してはならない。【選択肢イ】誤り。標識文字だけの問題ではない。【選択肢ウ】誤り。色を見やすくするためではない。【選,
64,single,法令・制度,L-034;LAW-038;位置の基準;保有空地;基礎;重点,保有空地の目的として、最も適切なものはどれか。,,,,,,危険物取扱者試験を実施する会場を確保するためである。,危険物を自由に投棄するためである。,危険物のにおいを確認するためだけである。,施設の名称を自由に変更するためである。,火災時の延焼防止や消火活動のため、施設周囲に空地を確保するためである。,5,保有空地は、火災時の延焼防止や消火活動のため、危険物施設の周囲に確保する空地である。【試験ポイント】保有空地は施設周囲に確保する空地。【ひっかけ】保有空地と保安距離を混同しない。【選択肢ア】誤り。試験会場ではない。【選択肢イ】誤り。危険物を投棄するためではない。【選択肢ウ】誤り。におい確認のためではない。【選択肢エ】誤り。施設名称変更とは関係ない。【選択肢オ】正しい。延焼防止や消火活動のために確保する。,1:（1）の内容は、正答（5）「火災時の延焼防止や消火活動のため、施設周囲に空地を確保するためである。」が示す論点とずれています。 解説の要点：保有空地は、火災時の延焼防止や消火活動のため、危険物施設の周囲に確保する空地である。【試験ポイント】保有空地は施設周囲に確保する空地。【ひっかけ】保有空地と保安距離を混同しない。【選択肢ア】誤り。試験会場ではない。【選択肢イ】誤り。危険物を投棄するためではない。【選択肢ウ】誤り。… 正答（5）との違いを確認し直してください。;2:（2）「危険物を自由に投棄するためである。」は、単独の記述としては法令上妥当な場合がありますが、本問で選ぶべき正答は（5）「火災時の延焼防止や消火活動のため、施設周囲に空地を確保するためである。」です。問題文の条件（保有空地の目的として、最も適切なものはどれか。…）と照らし、設問が問う論点に合う肢を選び直してください。;3:（3）の内容は、正答（5）「火災時の延焼防止や消火活動のため、施設周囲に空地を確保するためである。」が示す論点とずれています。 解説の要点：保有空地は、火災時の延焼防止や消火活動のため、危険物施設の周囲に確保する空地である。【試験ポイント】保有空地は施設周囲に確保する空地。【ひっかけ】保有空地と保安距離を混同しない。【選択肢ア】誤り。試験会場ではない。【選択肢イ】誤り。危険物を投棄するためではない。【選択肢ウ】誤り。… 正答（5）との違いを確認し直してください。;4:（4）の内容は、正答（5）「火災時の延焼防止や消火活動のため、施設周囲に空地を確保するためである。」が示す論点とずれています。 解説の要点：保有空地は、火災時の延焼防止や消火活動のため、危険物施設の周囲に確保する空地である。【試験ポイント】保有空地は施設周囲に確保する空地。【ひっかけ】保有空地と保安距離を混同しない。【選択肢ア】誤り。試験会場ではない。【選択肢イ】誤り。危険物を投棄するためではない。【選択肢ウ】誤り。… 正答（5）との違いを確認し直してください。,保有空地は、火災時の延焼防止や消火活動のため、危険物施設の周囲に確保する空地である。【試験ポイント】保有空地は施設周囲に確保する空地。【ひっかけ】保有空地と保安距離を混同しない。【選択肢ア】誤り。試験会場ではない。【選択肢イ】誤り。危険物を投棄するためではない。【選択肢ウ】誤り。におい確認のためではない。【選択肢エ】誤り。施設名称変更とは関係ない。【選択肢オ】正しい。延焼防止や消火活動のために確保する。,保有空地は、火災時の延焼防止や消火活動のため、危険物施設の周囲に確保する空地である。【試験ポイント】保有空地は施設周囲に確保する空地。【ひっかけ】保有空地と保安距離を混同しない。【選択肢ア】誤り。試験会場ではない。【選択肢イ】誤り。危険物を投棄するためではない。【選択肢ウ】誤り。におい確認のためではない。【選択肢エ】誤り。施設名称変更とは関係ない。【選択肢オ,
65,single,法令・制度,L-035;LAW-040;標識・掲示板;掲示内容・注意事項;基礎;重点,危険物施設の掲示板に表示される注意事項として、適切なものはどれか。,,,,,,喫煙推奨,投棄可,火気厳禁,飲食自由,換気禁止,3,危険物施設では、取り扱う危険物の性質に応じて、火気厳禁などの注意事項を掲示することがある。【試験ポイント】第4類では火気厳禁が重要。【ひっかけ】掲示内容は危険物の性質と結びつけて覚える。【選択肢ア】誤り。喫煙は火気となり危険である。【選択肢イ】誤り。危険物を投棄してよいわけではない。【選択肢ウ】正しい。第4類危険物施設では火気厳禁が重要である。【選択肢エ】誤り。飲食自由は危険物施設の注意事項として不適切である。【選択肢オ】誤り。可燃性蒸気の滞留防止には換気が重要である。,1:（1）「喫煙推奨」は、単独の記述としては法令上妥当な場合がありますが、本問で選ぶべき正答は（3）「火気厳禁」です。問題文の条件（危険物施設の掲示板に表示される注意事項として、適切なものはどれか。…）と照らし、設問が問う論点に合う肢を選び直してください。;2:（2）「投棄可」は、単独の記述としては法令上妥当な場合がありますが、本問で選ぶべき正答は（3）「火気厳禁」です。問題文の条件（危険物施設の掲示板に表示される注意事項として、適切なものはどれか。…）と照らし、設問が問う論点に合う肢を選び直してください。;4:（4）「飲食自由」は、単独の記述としては法令上妥当な場合がありますが、本問で選ぶべき正答は（3）「火気厳禁」です。問題文の条件（危険物施設の掲示板に表示される注意事項として、適切なものはどれか。…）と照らし、設問が問う論点に合う肢を選び直してください。;5:（5）「換気禁止」は、単独の記述としては法令上妥当な場合がありますが、本問で選ぶべき正答は（3）「火気厳禁」です。問題文の条件（危険物施設の掲示板に表示される注意事項として、適切なものはどれか。…）と照らし、設問が問う論点に合う肢を選び直してください。,危険物施設では、取り扱う危険物の性質に応じて、火気厳禁などの注意事項を掲示することがある。【試験ポイント】第4類では火気厳禁が重要。【ひっかけ】掲示内容は危険物の性質と結びつけて覚える。【選択肢ア】誤り。喫煙は火気となり危険である。【選択肢イ】誤り。危険物を投棄してよいわけではない。【選択肢ウ】正しい。第4類危険物施設では火気厳禁が重要である。【選択肢エ】誤り。飲食自由は危険物施設の注意事項として不適切である。【選択肢オ】誤り。可燃性蒸気の滞留防止には換気が重要である。,危険物施設では、取り扱う危険物の性質に応じて、火気厳禁などの注意事項を掲示することがある。【試験ポイント】第4類では火気厳禁が重要。【ひっかけ】掲示内容は危険物の性質と結びつけて覚える。【選択肢ア】誤り。喫煙は火気となり危険である。【選択肢イ】誤り。危険物を投棄してよいわけではない。【選択肢ウ】正しい。第4類危険物施設では火気厳禁が重要である。【選択肢エ】誤,
66,single,法令・制度,L-036;LAW-043;貯蔵所基準;屋内貯蔵所の基準;基礎;網羅,屋内貯蔵所について、正しいものはどれか。,,,,,,固定給油設備により自動車へ給油する取扱所である。,危険物を販売するだけの事務室をいう。,自動車に固定されたタンクで危険物を移送する施設である。,危険物を建築物内で貯蔵する貯蔵所の一種である。,配管により危険物を移送する取扱所である。,4,屋内貯蔵所は、危険物を建築物内で貯蔵する貯蔵所の一種である。移動タンク貯蔵所や給油取扱所とは異なる。【試験ポイント】屋内貯蔵所は建築物内で貯蔵する施設。【ひっかけ】屋内貯蔵所と給油取扱所を混同しない。【選択肢ア】誤り。給油取扱所の説明である。【選択肢イ】誤り。販売取扱所の説明としても不十分である。【選択肢ウ】誤り。移動タンク貯蔵所の説明である。【選択肢エ】正しい。屋内で危険物を貯蔵する貯蔵所である。【選択肢オ】誤り。移送取扱所の説明である。,1:（1）の内容は、正答（4）「危険物を建築物内で貯蔵する貯蔵所の一種である。」が示す論点とずれています。 解説の要点：屋内貯蔵所は、危険物を建築物内で貯蔵する貯蔵所の一種である。移動タンク貯蔵所や給油取扱所とは異なる。【試験ポイント】屋内貯蔵所は建築物内で貯蔵する施設。【ひっかけ】屋内貯蔵所と給油取扱所を混同しない。【選択肢ア】誤り。給油取扱所の説明である。【選択肢イ】誤り。販売取扱所の説明とし… 正答（4）との違いを確認し直してください。;2:（2）「危険物を販売するだけの事務室をいう。」は、単独の記述としては法令上妥当な場合がありますが、本問で選ぶべき正答は（4）「危険物を建築物内で貯蔵する貯蔵所の一種である。」です。問題文の条件（屋内貯蔵所について、正しいものはどれか。…）と照らし、設問が問う論点に合う肢を選び直してください。;3:（3）の内容は、正答（4）「危険物を建築物内で貯蔵する貯蔵所の一種である。」が示す論点とずれています。 解説の要点：屋内貯蔵所は、危険物を建築物内で貯蔵する貯蔵所の一種である。移動タンク貯蔵所や給油取扱所とは異なる。【試験ポイント】屋内貯蔵所は建築物内で貯蔵する施設。【ひっかけ】屋内貯蔵所と給油取扱所を混同しない。【選択肢ア】誤り。給油取扱所の説明である。【選択肢イ】誤り。販売取扱所の説明とし… 正答（4）との違いを確認し直してください。;5:（5）の内容は、正答（4）「危険物を建築物内で貯蔵する貯蔵所の一種である。」が示す論点とずれています。 解説の要点：屋内貯蔵所は、危険物を建築物内で貯蔵する貯蔵所の一種である。移動タンク貯蔵所や給油取扱所とは異なる。【試験ポイント】屋内貯蔵所は建築物内で貯蔵する施設。【ひっかけ】屋内貯蔵所と給油取扱所を混同しない。【選択肢ア】誤り。給油取扱所の説明である。【選択肢イ】誤り。販売取扱所の説明とし… 正答（4）との違いを確認し直してください。,屋内貯蔵所は、危険物を建築物内で貯蔵する貯蔵所の一種である。,屋内貯蔵所は、危険物を建築物内で貯蔵する貯蔵所の一種である。移動タンク貯蔵所や給油取扱所とは異なる。【試験ポイント】屋内貯蔵所は建築物内で貯蔵する施設。【ひっかけ】屋内貯蔵所と給油取扱所を混同しない。【選択肢ア】誤り。給油取扱所の説明である。【選択肢イ】誤り。販売取扱所の説明としても不十分である。【選択肢ウ】誤り。移動タンク貯蔵所の説明である。【選択肢エ】正,
67,single,法令・制度,L-037;LAW-049;貯蔵所基準;移動タンク貯蔵所の基準;基礎;重点,移動タンク貯蔵所について、正しいものはどれか。,,,,,,店舗で容器入り危険物を販売する取扱所である。,建築物内だけで危険物を貯蔵する施設である。,車両に固定されたタンクなどにより危険物を貯蔵し、移送する貯蔵所である。,固定給油設備により自動車へ給油する取扱所である。,危険物の分類を記載した試験問題用紙である。,3,移動タンク貯蔵所は、タンクローリーのように車両に固定されたタンクで危険物を移送する貯蔵所である。【試験ポイント】移動タンク貯蔵所は貯蔵所に分類される。【ひっかけ】『移動』とあるが取扱所ではなく貯蔵所である点に注意。【選択肢ア】誤り。販売取扱所の説明に近い。【選択肢イ】誤り。屋内貯蔵所の説明に近い。【選択肢ウ】正しい。移動タンク貯蔵所の説明である。【選択肢エ】誤り。給油取扱所の説明である。【選択肢オ】誤り。試験問題用紙ではない。,1:（1）の内容は、正答（3）「車両に固定されたタンクなどにより危険物を貯蔵し、移送する貯蔵所である。」が示す論点とずれています。 解説の要点：移動タンク貯蔵所は、タンクローリーのように車両に固定されたタンクで危険物を移送する貯蔵所である。【試験ポイント】移動タンク貯蔵所は貯蔵所に分類される。【ひっかけ】『移動』とあるが取扱所ではなく貯蔵所である点に注意。【選択肢ア】誤り。販売取扱所の説明に近い。【選択肢イ】誤り。屋内貯… 正答（3）との違いを確認し直してください。;2:（2）の内容は、正答（3）「車両に固定されたタンクなどにより危険物を貯蔵し、移送する貯蔵所である。」が示す論点とずれています。 解説の要点：移動タンク貯蔵所は、タンクローリーのように車両に固定されたタンクで危険物を移送する貯蔵所である。【試験ポイント】移動タンク貯蔵所は貯蔵所に分類される。【ひっかけ】『移動』とあるが取扱所ではなく貯蔵所である点に注意。【選択肢ア】誤り。販売取扱所の説明に近い。【選択肢イ】誤り。屋内貯… 正答（3）との違いを確認し直してください。;4:（4）の内容は、正答（3）「車両に固定されたタンクなどにより危険物を貯蔵し、移送する貯蔵所である。」が示す論点とずれています。 解説の要点：移動タンク貯蔵所は、タンクローリーのように車両に固定されたタンクで危険物を移送する貯蔵所である。【試験ポイント】移動タンク貯蔵所は貯蔵所に分類される。【ひっかけ】『移動』とあるが取扱所ではなく貯蔵所である点に注意。【選択肢ア】誤り。販売取扱所の説明に近い。【選択肢イ】誤り。屋内貯… 正答（3）との違いを確認し直してください。;5:（5）の内容は、正答（3）「車両に固定されたタンクなどにより危険物を貯蔵し、移送する貯蔵所である。」が示す論点とずれています。 解説の要点：移動タンク貯蔵所は、タンクローリーのように車両に固定されたタンクで危険物を移送する貯蔵所である。【試験ポイント】移動タンク貯蔵所は貯蔵所に分類される。【ひっかけ】『移動』とあるが取扱所ではなく貯蔵所である点に注意。【選択肢ア】誤り。販売取扱所の説明に近い。【選択肢イ】誤り。屋内貯… 正答（3）との違いを確認し直してください。,移動タンク貯蔵所は、タンクローリーのように車両に固定されたタンクで危険物を移送する貯蔵所である。【試験ポイント】移動タンク貯蔵所は貯蔵所に分類される。【ひっかけ】『移動』とあるが取扱所ではなく貯蔵所である点に注意。【選択肢ア】誤り。販売取扱所の説明に近い。【選択肢イ】誤り。屋内貯蔵所の説明に近い。【選択肢ウ】正しい。移動タンク貯蔵所の説明である。【選択肢エ】誤り。給油取扱所の説明である。【選択肢オ】誤り。試験問題用紙ではない。,移動タンク貯蔵所は、タンクローリーのように車両に固定されたタンクで危険物を移送する貯蔵所である。【試験ポイント】移動タンク貯蔵所は貯蔵所に分類される。【ひっかけ】『移動』とあるが取扱所ではなく貯蔵所である点に注意。【選択肢ア】誤り。販売取扱所の説明に近い。【選択肢イ】誤り。屋内貯蔵所の説明に近い。【選択肢ウ】正しい。移動タンク貯蔵所の説明である。【選択肢エ】,
68,single,法令・制度,L-038;LAW-050;取扱所基準;給油取扱所の基準;基礎;重点,給油取扱所について、正しいものはどれか。,,,,,,危険物取扱者免状を交付する行政機関である。,危険物を建築物内で貯蔵する貯蔵所である。,車両に固定されたタンクで危険物を貯蔵する貯蔵所である。,危険物を配管だけで長距離移送する貯蔵所である。,固定給油設備により自動車等へ給油する取扱所である。,5,給油取扱所は、自動車等へ給油するための取扱所であり、貯蔵所や免状交付機関ではない。【試験ポイント】給油取扱所は取扱所。【ひっかけ】給油取扱所と移動タンク貯蔵所を混同しない。【選択肢ア】誤り。免状交付機関ではない。【選択肢イ】誤り。屋内貯蔵所の説明である。【選択肢ウ】誤り。移動タンク貯蔵所の説明である。【選択肢エ】誤り。移送取扱所の説明に近いが、貯蔵所ではない。【選択肢オ】正しい。給油取扱所の説明である。,1:（1）の内容は、正答（5）「固定給油設備により自動車等へ給油する取扱所である。」が示す論点とずれています。 解説の要点：給油取扱所は、自動車等へ給油するための取扱所であり、貯蔵所や免状交付機関ではない。【試験ポイント】給油取扱所は取扱所。【ひっかけ】給油取扱所と移動タンク貯蔵所を混同しない。【選択肢ア】誤り。免状交付機関ではない。【選択肢イ】誤り。屋内貯蔵所の説明である。【選択肢ウ】誤り。移動タン… 正答（5）との違いを確認し直してください。;2:（2）の内容は、正答（5）「固定給油設備により自動車等へ給油する取扱所である。」が示す論点とずれています。 解説の要点：給油取扱所は、自動車等へ給油するための取扱所であり、貯蔵所や免状交付機関ではない。【試験ポイント】給油取扱所は取扱所。【ひっかけ】給油取扱所と移動タンク貯蔵所を混同しない。【選択肢ア】誤り。免状交付機関ではない。【選択肢イ】誤り。屋内貯蔵所の説明である。【選択肢ウ】誤り。移動タン… 正答（5）との違いを確認し直してください。;3:（3）の内容は、正答（5）「固定給油設備により自動車等へ給油する取扱所である。」が示す論点とずれています。 解説の要点：給油取扱所は、自動車等へ給油するための取扱所であり、貯蔵所や免状交付機関ではない。【試験ポイント】給油取扱所は取扱所。【ひっかけ】給油取扱所と移動タンク貯蔵所を混同しない。【選択肢ア】誤り。免状交付機関ではない。【選択肢イ】誤り。屋内貯蔵所の説明である。【選択肢ウ】誤り。移動タン… 正答（5）との違いを確認し直してください。;4:（4）の内容は、正答（5）「固定給油設備により自動車等へ給油する取扱所である。」が示す論点とずれています。 解説の要点：給油取扱所は、自動車等へ給油するための取扱所であり、貯蔵所や免状交付機関ではない。【試験ポイント】給油取扱所は取扱所。【ひっかけ】給油取扱所と移動タンク貯蔵所を混同しない。【選択肢ア】誤り。免状交付機関ではない。【選択肢イ】誤り。屋内貯蔵所の説明である。【選択肢ウ】誤り。移動タン… 正答（5）との違いを確認し直してください。,給油取扱所は、自動車等へ給油するための取扱所であり、貯蔵所や免状交付機関ではない。【試験ポイント】給油取扱所は取扱所。【ひっかけ】給油取扱所と移動タンク貯蔵所を混同しない。【選択肢ア】誤り。免状交付機関ではない。【選択肢イ】誤り。屋内貯蔵所の説明である。【選択肢ウ】誤り。移動タンク貯蔵所の説明である。【選択肢エ】誤り。移送取扱所の説明に近いが、貯蔵所ではない。【選択肢オ】正しい。給油取扱所の説明である。,給油取扱所は、自動車等へ給油するための取扱所であり、貯蔵所や免状交付機関ではない。【試験ポイント】給油取扱所は取扱所。【ひっかけ】給油取扱所と移動タンク貯蔵所を混同しない。【選択肢ア】誤り。免状交付機関ではない。【選択肢イ】誤り。屋内貯蔵所の説明である。【選択肢ウ】誤り。移動タンク貯蔵所の説明である。【選択肢エ】誤り。移送取扱所の説明に近いが、貯蔵所ではない,
69,single,法令・制度,L-039;LAW-051;取扱所基準;セルフ式給油取扱所の基準;標準;網羅,顧客に自ら給油等をさせる給油取扱所について、正しいものはどれか。,,,,,,第4類危険物を扱うことは絶対にない。,火気を使用しながら給油することが推奨される。,危険物取扱者制度とは完全に無関係である。,通常の給油取扱所とは別に、安全確保のための設備や監視体制などが問題となる。,顧客が自由に給油するため、従業員による安全確認は一切不要である。,4,セルフ式給油取扱所では、顧客が自ら給油等を行うため、安全確保のための設備や監視体制などが重要となる。【試験ポイント】セルフ式給油取扱所では監視・安全確保が重要。【ひっかけ】セルフ式＝管理不要、ではない。【選択肢ア】誤り。ガソリンなど第4類危険物を扱う。【選択肢イ】誤り。給油時の火気使用は危険である。【選択肢ウ】誤り。危険物取扱者制度と関係する。【選択肢エ】正しい。安全確保のための設備や監視体制が問題となる。【選択肢オ】誤り。安全確認が不要になるわけではない。,1:（1）「第4類危険物を扱うことは絶対にない。」は、単独の記述としては法令上妥当な場合がありますが、本問で選ぶべき正答は（4）「通常の給油取扱所とは別に、安全確保のための設備や監視体制などが問題となる。」です。問題文の条件（顧客に自ら給油等をさせる給油取扱所について、正しいものはどれか。…）と照らし、設問が問う論点に合う肢を選び直してください。;2:（2）の内容は、正答（4）「通常の給油取扱所とは別に、安全確保のための設備や監視体制などが問題となる。」が示す論点とずれています。 解説の要点：セルフ式給油取扱所では、顧客が自ら給油等を行うため、安全確保のための設備や監視体制などが重要となる。【試験ポイント】セルフ式給油取扱所では監視・安全確保が重要。【ひっかけ】セルフ式＝管理不要、ではない。【選択肢ア】誤り。ガソリンなど第4類危険物を扱う。【選択肢イ】誤り。給油時の火… 正答（4）との違いを確認し直してください。;3:（3）の内容は、正答（4）「通常の給油取扱所とは別に、安全確保のための設備や監視体制などが問題となる。」が示す論点とずれています。 解説の要点：セルフ式給油取扱所では、顧客が自ら給油等を行うため、安全確保のための設備や監視体制などが重要となる。【試験ポイント】セルフ式給油取扱所では監視・安全確保が重要。【ひっかけ】セルフ式＝管理不要、ではない。【選択肢ア】誤り。ガソリンなど第4類危険物を扱う。【選択肢イ】誤り。給油時の火… 正答（4）との違いを確認し直してください。;5:解説では「給油時の火気使用は危険である。」とある一方、（5）の記述はそれと矛盾します。 解説の要点：セルフ式給油取扱所では、顧客が自ら給油等を行うため、安全確保のための設備や監視体制などが重要となる。【試験ポイント】セルフ式給油取扱所では監視・安全確保が重要。【ひっかけ】セルフ式＝管理不要、ではない。【選択肢ア】誤り。ガソリンなど第4類危険物を扱う。【選択肢イ】誤り。給油時の火… 正答（4）との違いを確認し直してください。,セルフ式給油取扱所では、顧客が自ら給油等を行うため、安全確保のための設備や監視体制などが重要となる。【試験ポイント】セルフ式給油取扱所では監視・安全確保が重要。【ひっかけ】セルフ式＝管理不要、ではない。【選択肢ア】誤り。ガソリンなど第4類危険物を扱う。【選択肢イ】誤り。給油時の火気使用は危険である。【選択肢ウ】誤り。危険物取扱者制度と関係する。【選択肢エ】正しい。安全確保のための設備や監視体制が問題となる。【選択肢オ】誤り。安全確認が不要になるわけではない。,セルフ式給油取扱所では、顧客が自ら給油等を行うため、安全確保のための設備や監視体制などが重要となる。【試験ポイント】セルフ式給油取扱所では監視・安全確保が重要。【ひっかけ】セルフ式＝管理不要、ではない。【選択肢ア】誤り。ガソリンなど第4類危険物を扱う。【選択肢イ】誤り。給油時の火気使用は危険である。【選択肢ウ】誤り。危険物取扱者制度と関係する。【選択肢エ】正,
70,single,法令・制度,L-040;LAW-052;取扱所基準;販売取扱所の基準;基礎;網羅,販売取扱所について、正しいものはどれか。,,,,,,危険物の試験を行う会場である。,車両に固定されたタンクで危険物を移送する貯蔵所である。,容器入りの危険物を販売する取扱所である。,自衛消防組織の別名である。,屋外のタンクで危険物を貯蔵する貯蔵所である。,3,販売取扱所は、容器入りの危険物を販売する取扱所である。移動タンク貯蔵所や屋外タンク貯蔵所とは異なる。【試験ポイント】販売取扱所は取扱所の一種。【ひっかけ】販売取扱所と貯蔵所を混同しない。【選択肢ア】誤り。試験会場ではない。【選択肢イ】誤り。移動タンク貯蔵所の説明である。【選択肢ウ】正しい。販売取扱所の説明である。【選択肢エ】誤り。自衛消防組織の別名ではない。【選択肢オ】誤り。屋外タンク貯蔵所の説明である。,1:（1）「危険物の試験を行う会場である。」は、単独の記述としては法令上妥当な場合がありますが、本問で選ぶべき正答は（3）「容器入りの危険物を販売する取扱所である。」です。問題文の条件（販売取扱所について、正しいものはどれか。…）と照らし、設問が問う論点に合う肢を選び直してください。;2:（2）の内容は、正答（3）「容器入りの危険物を販売する取扱所である。」が示す論点とずれています。 解説の要点：販売取扱所は、容器入りの危険物を販売する取扱所である。移動タンク貯蔵所や屋外タンク貯蔵所とは異なる。【試験ポイント】販売取扱所は取扱所の一種。【ひっかけ】販売取扱所と貯蔵所を混同しない。【選択肢ア】誤り。試験会場ではない。【選択肢イ】誤り。移動タンク貯蔵所の説明である。【選択肢ウ… 正答（3）との違いを確認し直してください。;4:（4）「自衛消防組織の別名である。」は、単独の記述としては法令上妥当な場合がありますが、本問で選ぶべき正答は（3）「容器入りの危険物を販売する取扱所である。」です。問題文の条件（販売取扱所について、正しいものはどれか。…）と照らし、設問が問う論点に合う肢を選び直してください。;5:（5）の内容は、正答（3）「容器入りの危険物を販売する取扱所である。」が示す論点とずれています。 解説の要点：販売取扱所は、容器入りの危険物を販売する取扱所である。移動タンク貯蔵所や屋外タンク貯蔵所とは異なる。【試験ポイント】販売取扱所は取扱所の一種。【ひっかけ】販売取扱所と貯蔵所を混同しない。【選択肢ア】誤り。試験会場ではない。【選択肢イ】誤り。移動タンク貯蔵所の説明である。【選択肢ウ… 正答（3）との違いを確認し直してください。,販売取扱所は、容器入りの危険物を販売する取扱所である。,販売取扱所は、容器入りの危険物を販売する取扱所である。移動タンク貯蔵所や屋外タンク貯蔵所とは異なる。【試験ポイント】販売取扱所は取扱所の一種。【ひっかけ】販売取扱所と貯蔵所を混同しない。【選択肢ア】誤り。試験会場ではない。【選択肢イ】誤り。移動タンク貯蔵所の説明である。【選択肢ウ】正しい。販売取扱所の説明である。【選択肢エ】誤り。自衛消防組織の別名ではない。,
71,single,法令・制度,L-041;LAW-053;取扱所基準;移送取扱所の基準;基礎;網羅,移送取扱所について、正しいものはどれか。,,,,,,車両に固定されたタンクで危険物を貯蔵する貯蔵所である。,配管などにより危険物を移送する取扱所である。,危険物取扱者免状の書換え窓口である。,容器入り危険物を販売するだけの貯蔵所である。,建築物内で危険物を貯蔵する貯蔵所である。,2,移送取扱所は、配管などにより危険物を移送する取扱所である。移動タンク貯蔵所とは異なる。【試験ポイント】移送取扱所は配管等による移送を扱う取扱所。【ひっかけ】移送取扱所と移動タンク貯蔵所を混同しない。【選択肢ア】誤り。移動タンク貯蔵所の説明である。【選択肢イ】正しい。移送取扱所の説明である。【選択肢ウ】誤り。免状手続き窓口ではない。【選択肢エ】誤り。販売取扱所の説明に近い。【選択肢オ】誤り。屋内貯蔵所の説明である。,1:（1）の内容は、正答（2）「配管などにより危険物を移送する取扱所である。」が示す論点とずれています。 解説の要点：移送取扱所は、配管などにより危険物を移送する取扱所である。移動タンク貯蔵所とは異なる。【試験ポイント】移送取扱所は配管等による移送を扱う取扱所。【ひっかけ】移送取扱所と移動タンク貯蔵所を混同しない。【選択肢ア】誤り。移動タンク貯蔵所の説明である。【選択肢イ】正しい。移送取扱所の説… 正答（2）との違いを確認し直してください。;3:（3）「危険物取扱者免状の書換え窓口である。」は、単独の記述としては法令上妥当な場合がありますが、本問で選ぶべき正答は（2）「配管などにより危険物を移送する取扱所である。」です。問題文の条件（移送取扱所について、正しいものはどれか。…）と照らし、設問が問う論点に合う肢を選び直してください。;4:（4）の内容は、正答（2）「配管などにより危険物を移送する取扱所である。」が示す論点とずれています。 解説の要点：移送取扱所は、配管などにより危険物を移送する取扱所である。移動タンク貯蔵所とは異なる。【試験ポイント】移送取扱所は配管等による移送を扱う取扱所。【ひっかけ】移送取扱所と移動タンク貯蔵所を混同しない。【選択肢ア】誤り。移動タンク貯蔵所の説明である。【選択肢イ】正しい。移送取扱所の説… 正答（2）との違いを確認し直してください。;5:（5）の内容は、正答（2）「配管などにより危険物を移送する取扱所である。」が示す論点とずれています。 解説の要点：移送取扱所は、配管などにより危険物を移送する取扱所である。移動タンク貯蔵所とは異なる。【試験ポイント】移送取扱所は配管等による移送を扱う取扱所。【ひっかけ】移送取扱所と移動タンク貯蔵所を混同しない。【選択肢ア】誤り。移動タンク貯蔵所の説明である。【選択肢イ】正しい。移送取扱所の説… 正答（2）との違いを確認し直してください。,移送取扱所は、配管などにより危険物を移送する取扱所である。,移送取扱所は、配管などにより危険物を移送する取扱所である。移動タンク貯蔵所とは異なる。【試験ポイント】移送取扱所は配管等による移送を扱う取扱所。【ひっかけ】移送取扱所と移動タンク貯蔵所を混同しない。【選択肢ア】誤り。移動タンク貯蔵所の説明である。【選択肢イ】正しい。移送取扱所の説明である。【選択肢ウ】誤り。免状手続き窓口ではない。【選択肢エ】誤り。販売取扱所,
72,single,法令・制度,L-042;LAW-056;運搬;運搬時の表示・混載制限;標準;重点,危険物の運搬について、適切なものはどれか。,,,,,,危険物の性質に応じて、表示、積載、混載などの基準に従う。,表示が不要であれば、どのような容器でも安全である。,危険物は、性質に関係なく食品と自由に混載してよい。,火気を近づけながら運搬すると安全性が高まる。,危険物は、漏れていてもそのまま運搬を続けるのが原則である。,1,危険物の運搬では、危険物の性質に応じた表示、積載方法、混載制限などが問題となる。漏えい、火気、混載には注意が必要である。【試験ポイント】運搬では表示・積載・混載・漏えい防止が重要。【ひっかけ】表示だけで安全性が保証されるわけではない。【選択肢ア】正しい。運搬基準に従う必要がある。【選択肢イ】誤り。容器基準や収納方法も重要である。【選択肢ウ】誤り。食品との自由な混載が常に認められるわけではない。【選択肢エ】誤り。火気は危険である。【選択肢オ】誤り。漏えい時は適切な措置が必要である。,2:解説では「漏えい、火気、混載には注意が必要である。」とある一方、（2）の記述はそれと矛盾します。 解説の要点：危険物の運搬では、危険物の性質に応じた表示、積載方法、混載制限などが問題となる。漏えい、火気、混載には注意が必要である。【試験ポイント】運搬では表示・積載・混載・漏えい防止が重要。【ひっかけ】表示だけで安全性が保証されるわけではない。【選択肢ア】正しい。運搬基準に従う必要がある。… 正答（1）との違いを確認し直してください。;3:（3）の内容は、正答（1）「危険物の性質に応じて、表示、積載、混載などの基準に従う。」が示す論点とずれています。 解説の要点：危険物の運搬では、危険物の性質に応じた表示、積載方法、混載制限などが問題となる。漏えい、火気、混載には注意が必要である。【試験ポイント】運搬では表示・積載・混載・漏えい防止が重要。【ひっかけ】表示だけで安全性が保証されるわけではない。【選択肢ア】正しい。運搬基準に従う必要がある。… 正答（1）との違いを確認し直してください。;4:（4）の内容は、正答（1）「危険物の性質に応じて、表示、積載、混載などの基準に従う。」が示す論点とずれています。 解説の要点：危険物の運搬では、危険物の性質に応じた表示、積載方法、混載制限などが問題となる。漏えい、火気、混載には注意が必要である。【試験ポイント】運搬では表示・積載・混載・漏えい防止が重要。【ひっかけ】表示だけで安全性が保証されるわけではない。【選択肢ア】正しい。運搬基準に従う必要がある。… 正答（1）との違いを確認し直してください。;5:（5）の内容は、正答（1）「危険物の性質に応じて、表示、積載、混載などの基準に従う。」が示す論点とずれています。 解説の要点：危険物の運搬では、危険物の性質に応じた表示、積載方法、混載制限などが問題となる。漏えい、火気、混載には注意が必要である。【試験ポイント】運搬では表示・積載・混載・漏えい防止が重要。【ひっかけ】表示だけで安全性が保証されるわけではない。【選択肢ア】正しい。運搬基準に従う必要がある。… 正答（1）との違いを確認し直してください。,危険物の運搬では、危険物の性質に応じた表示、積載方法、混載制限などが問題となる。漏えい、火気、混載には注意が必要である。【試験ポイント】運搬では表示・積載・混載・漏えい防止が重要。【ひっかけ】表示だけで安全性が保証されるわけではない。【選択肢ア】正しい。運搬基準に従う必要がある。【選択肢イ】誤り。容器基準や収納方法も重要である。【選択肢ウ】誤り。食品との自由な混載が常に認められるわけではない。【選択肢エ】誤り。火気は危険である。【選択肢オ】誤り。漏えい時は適切な措置が必要である。,危険物の運搬では、危険物の性質に応じた表示、積載方法、混載制限などが問題となる。漏えい、火気、混載には注意が必要である。【試験ポイント】運搬では表示・積載・混載・漏えい防止が重要。【ひっかけ】表示だけで安全性が保証されるわけではない。【選択肢ア】正しい。運搬基準に従う必要がある。【選択肢イ】誤り。容器基準や収納方法も重要である。【選択肢ウ】誤り。食品との自由,
73,single,法令・制度,L-043;LAW-057;移送;移動タンク貯蔵所による移送基準;標準;重点,移動タンク貯蔵所による危険物の移送について、適切なものはどれか。,,,,,,移送中は、火気を近づけて蒸気の有無を確認する。,移送中は、危険物の漏えいや火気に注意し、安全な方法で移送する。,移動タンク貯蔵所は貯蔵所ではなく、常に販売取扱所である。,危険物の性質に関係なく、どのような状態でも移送してよい。,移送中は、タンクから危険物を漏らしながら走行するのが安全である。,2,移動タンク貯蔵所による移送では、漏えい、火気、静電気などに注意し、安全な方法で移送する必要がある。【試験ポイント】移動タンク貯蔵所は貯蔵所。移送中の火気・漏えいに注意。【ひっかけ】移送取扱所と移動タンク貯蔵所を区別する。【選択肢ア】誤り。火気を近づけるのは危険である。【選択肢イ】正しい。漏えいや火気に注意して移送する。【選択肢ウ】誤り。移動タンク貯蔵所は貯蔵所である。【選択肢エ】誤り。危険物の性質に応じた管理が必要である。【選択肢オ】誤り。漏えいは重大な危険である。,1:（1）の内容は、正答（2）「移送中は、危険物の漏えいや火気に注意し、安全な方法で移送する。」が示す論点とずれています。 解説の要点：移動タンク貯蔵所による移送では、漏えい、火気、静電気などに注意し、安全な方法で移送する必要がある。【試験ポイント】移動タンク貯蔵所は貯蔵所。移送中の火気・漏えいに注意。【ひっかけ】移送取扱所と移動タンク貯蔵所を区別する。【選択肢ア】誤り。火気を近づけるのは危険である。【選択肢イ】… 正答（2）との違いを確認し直してください。;3:（3）の内容は、正答（2）「移送中は、危険物の漏えいや火気に注意し、安全な方法で移送する。」が示す論点とずれています。 解説の要点：移動タンク貯蔵所による移送では、漏えい、火気、静電気などに注意し、安全な方法で移送する必要がある。【試験ポイント】移動タンク貯蔵所は貯蔵所。移送中の火気・漏えいに注意。【ひっかけ】移送取扱所と移動タンク貯蔵所を区別する。【選択肢ア】誤り。火気を近づけるのは危険である。【選択肢イ】… 正答（2）との違いを確認し直してください。;4:（4）の内容は、正答（2）「移送中は、危険物の漏えいや火気に注意し、安全な方法で移送する。」が示す論点とずれています。 解説の要点：移動タンク貯蔵所による移送では、漏えい、火気、静電気などに注意し、安全な方法で移送する必要がある。【試験ポイント】移動タンク貯蔵所は貯蔵所。移送中の火気・漏えいに注意。【ひっかけ】移送取扱所と移動タンク貯蔵所を区別する。【選択肢ア】誤り。火気を近づけるのは危険である。【選択肢イ】… 正答（2）との違いを確認し直してください。;5:（5）の内容は、正答（2）「移送中は、危険物の漏えいや火気に注意し、安全な方法で移送する。」が示す論点とずれています。 解説の要点：移動タンク貯蔵所による移送では、漏えい、火気、静電気などに注意し、安全な方法で移送する必要がある。【試験ポイント】移動タンク貯蔵所は貯蔵所。移送中の火気・漏えいに注意。【ひっかけ】移送取扱所と移動タンク貯蔵所を区別する。【選択肢ア】誤り。火気を近づけるのは危険である。【選択肢イ】… 正答（2）との違いを確認し直してください。,移動タンク貯蔵所による移送では、漏えい、火気、静電気などに注意し、安全な方法で移送する必要がある。【試験ポイント】移動タンク貯蔵所は貯蔵所。移送中の火気・漏えいに注意。【ひっかけ】移送取扱所と移動タンク貯蔵所を区別する。【選択肢ア】誤り。火気を近づけるのは危険である。【選択肢イ】正しい。漏えいや火気に注意して移送する。【選択肢ウ】誤り。移動タンク貯蔵所は貯蔵所である。【選択肢エ】誤り。危険物の性質に応じた管理が必要である。【選択肢オ】誤り。漏えいは重大な危険である。,移動タンク貯蔵所による移送では、漏えい、火気、静電気などに注意し、安全な方法で移送する必要がある。【試験ポイント】移動タンク貯蔵所は貯蔵所。移送中の火気・漏えいに注意。【ひっかけ】移送取扱所と移動タンク貯蔵所を区別する。【選択肢ア】誤り。火気を近づけるのは危険である。【選択肢イ】正しい。漏えいや火気に注意して移送する。【選択肢ウ】誤り。移動タンク貯蔵所は貯蔵,
74,single,法令・制度,L-044;LAW-060;行政措置;命令・許可取消し・使用停止;標準;網羅,危険物施設の法令違反等に対する行政上の措置として、あり得るものはどれか。,,,,,,違反があっても行政上の措置は一切ない。,施設名を自由に変更できるだけである。,危険物取扱者試験の問題数が増える。,使用停止命令などの措置が行われる場合がある。,常に賞金が交付される。,4,危険物施設が法令に適合しない場合などには、使用停止命令などの行政上の措置が行われる場合がある。【試験ポイント】違反時には命令・使用停止などの行政措置が問題になる。【ひっかけ】行政措置を罰則や届出と混同しない。【選択肢ア】誤り。行政措置が行われる場合がある。【選択肢イ】誤り。施設名変更だけの問題ではない。【選択肢ウ】誤り。試験問題数とは関係ない。【選択肢エ】正しい。使用停止命令などが行われる場合がある。【選択肢オ】誤り。賞金が交付される制度ではない。,1:解説では「危険物施設が法令に適合しない場合などには、使用停止命令などの行政上の措置が行われる場合がある。」とある一方、（1）の記述はそれと矛盾します。 解説の要点：危険物施設が法令に適合しない場合などには、使用停止命令などの行政上の措置が行われる場合がある。【試験ポイント】違反時には命令・使用停止などの行政措置が問題になる。【ひっかけ】行政措置を罰則や届出と混同しない。【選択肢ア】誤り。行政措置が行われる場合がある。【選択肢イ】誤り。施設名… 正答（4）との違いを確認し直してください。;2:（2）「施設名を自由に変更できるだけである。」は、単独の記述としては法令上妥当な場合がありますが、本問で選ぶべき正答は（4）「使用停止命令などの措置が行われる場合がある。」です。問題文の条件（危険物施設の法令違反等に対する行政上の措置として、あり得るものはどれか。…）と照らし、設問が問う論点に合う肢を選び直してください。;3:（3）「危険物取扱者試験の問題数が増える。」は、単独の記述としては法令上妥当な場合がありますが、本問で選ぶべき正答は（4）「使用停止命令などの措置が行われる場合がある。」です。問題文の条件（危険物施設の法令違反等に対する行政上の措置として、あり得るものはどれか。…）と照らし、設問が問う論点に合う肢を選び直してください。;5:（5）「常に賞金が交付される。」は、単独の記述としては法令上妥当な場合がありますが、本問で選ぶべき正答は（4）「使用停止命令などの措置が行われる場合がある。」です。問題文の条件（危険物施設の法令違反等に対する行政上の措置として、あり得るものはどれか。…）と照らし、設問が問う論点に合う肢を選び直してください。,危険物施設が法令に適合しない場合などには、使用停止命令などの行政上の措置が行われる場合がある。【試験ポイント】違反時には命令・使用停止などの行政措置が問題になる。【ひっかけ】行政措置を罰則や届出と混同しない。【選択肢ア】誤り。行政措置が行われる場合がある。【選択肢イ】誤り。施設名変更だけの問題ではない。【選択肢ウ】誤り。試験問題数とは関係ない。【選択肢エ】正しい。使用停止命令などが行われる場合がある。【選択肢オ】誤り。賞金が交付される制度ではない。,危険物施設が法令に適合しない場合などには、使用停止命令などの行政上の措置が行われる場合がある。【試験ポイント】違反時には命令・使用停止などの行政措置が問題になる。【ひっかけ】行政措置を罰則や届出と混同しない。【選択肢ア】誤り。行政措置が行われる場合がある。【選択肢イ】誤り。施設名変更だけの問題ではない。【選択肢ウ】誤り。試験問題数とは関係ない。【選択肢エ】正,
75,single,法令・制度,L-045;LAW-061;総合問題;法令分野の複合・ひっかけ問題;標準;総合,危険物に関する法令の説明として、最も適切なものはどれか。,,,,,,指定数量、製造所等、危険物取扱者制度は、いずれも危険物の安全な取扱いに関係する。,標識や掲示板は、危険物施設では絶対に設置してはならない。,製造所等とは、危険物取扱者試験の会場だけをいう。,乙種第4類の免状があれば、すべての類の危険物を取り扱える。,指定数量は、危険物取扱者の年齢を表す数値である。,1,指定数量、製造所等、危険物取扱者制度はいずれも危険物の安全な取扱い、貯蔵、管理に関係する法令上の重要論点である。【試験ポイント】法令分野は指定数量・施設・資格制度を関連づけて理解する。【ひっかけ】乙4免状で全類を扱えるわけではない。【選択肢ア】正しい。いずれも危険物法令の重要論点である。【選択肢イ】誤り。標識や掲示板は設置が求められる場合がある。【選択肢ウ】誤り。製造所等は製造所・貯蔵所・取扱所をいう。【選択肢エ】誤り。乙4は第4類危険物が対象である。【選択肢オ】誤り。指定数量は危険物の危険性を判断する基準数量である。,2:解説では「指定数量、製造所等、危険物取扱者制度はいずれも危険物の安全な取扱い、貯蔵、管理に関係する法令上の重要論点である。」とある一方、（2）の記述はそれと矛盾します。 解説の要点：指定数量、製造所等、危険物取扱者制度はいずれも危険物の安全な取扱い、貯蔵、管理に関係する法令上の重要論点である。【試験ポイント】法令分野は指定数量・施設・資格制度を関連づけて理解する。【ひっかけ】乙4免状で全類を扱えるわけではない。【選択肢ア】正しい。いずれも危険物法令の重要論点… 正答（1）との違いを確認し直してください。;3:（3）の内容は、正答（1）「指定数量、製造所等、危険物取扱者制度は、いずれも危険物の安全な取扱いに関係する。」が示す論点とずれています。 解説の要点：指定数量、製造所等、危険物取扱者制度はいずれも危険物の安全な取扱い、貯蔵、管理に関係する法令上の重要論点である。【試験ポイント】法令分野は指定数量・施設・資格制度を関連づけて理解する。【ひっかけ】乙4免状で全類を扱えるわけではない。【選択肢ア】正しい。いずれも危険物法令の重要論点… 正答（1）との違いを確認し直してください。;4:（4）の内容は、正答（1）「指定数量、製造所等、危険物取扱者制度は、いずれも危険物の安全な取扱いに関係する。」が示す論点とずれています。 解説の要点：指定数量、製造所等、危険物取扱者制度はいずれも危険物の安全な取扱い、貯蔵、管理に関係する法令上の重要論点である。【試験ポイント】法令分野は指定数量・施設・資格制度を関連づけて理解する。【ひっかけ】乙4免状で全類を扱えるわけではない。【選択肢ア】正しい。いずれも危険物法令の重要論点… 正答（1）との違いを確認し直してください。;5:（5）の内容は、正答（1）「指定数量、製造所等、危険物取扱者制度は、いずれも危険物の安全な取扱いに関係する。」が示す論点とずれています。 解説の要点：指定数量、製造所等、危険物取扱者制度はいずれも危険物の安全な取扱い、貯蔵、管理に関係する法令上の重要論点である。【試験ポイント】法令分野は指定数量・施設・資格制度を関連づけて理解する。【ひっかけ】乙4免状で全類を扱えるわけではない。【選択肢ア】正しい。いずれも危険物法令の重要論点… 正答（1）との違いを確認し直してください。,指定数量、製造所等、危険物取扱者制度はいずれも危険物の安全な取扱い、貯蔵、管理に関係する法令上の重要論点である。,指定数量、製造所等、危険物取扱者制度はいずれも危険物の安全な取扱い、貯蔵、管理に関係する法令上の重要論点である。【試験ポイント】法令分野は指定数量・施設・資格制度を関連づけて理解する。【ひっかけ】乙4免状で全類を扱えるわけではない。【選択肢ア】正しい。いずれも危険物法令の重要論点である。【選択肢イ】誤り。標識や掲示板は設置が求められる場合がある。【選択肢ウ】,
76,single,物性・化学,PC-016;PC-008;燃焼;下限界・上限界;標準;重点,燃焼範囲の下限界について、正しいものはどれか。,,,,,,水に溶け始める濃度をいう。,可燃性蒸気の濃度がこれより低いと、必ず爆発力が最大になる濃度をいう。,蒸気比重がゼロになる濃度をいう。,液体が凍り始める温度をいう。,可燃性蒸気の濃度がこれより低いと、一般に燃焼しにくい濃度をいう。,5,燃焼範囲の下限界は、可燃性蒸気やガスの濃度がこれより低いと燃焼しにくい限界濃度である。【試験ポイント】燃焼範囲には下限界と上限界がある。【ひっかけ】薄すぎても濃すぎても燃えにくい。【選択肢ア】誤り。溶解とは関係ない。【選択肢イ】誤り。薄すぎると燃焼しにくい。【選択肢ウ】誤り。蒸気比重とは別の概念である。【選択肢エ】誤り。凝固点の説明である。【選択肢オ】正しい。下限界より薄い混合気は燃焼しにくい。,1:（1）「水に溶け始める濃度をいう。」は、単独の記述としては法令上妥当な場合がありますが、本問で選ぶべき正答は（5）「可燃性蒸気の濃度がこれより低いと、一般に燃焼しにくい濃度をいう。」です。問題文の条件（燃焼範囲の下限界について、正しいものはどれか。…）と照らし、設問が問う論点に合う肢を選び直してください。;2:（2）の内容は、正答（5）「可燃性蒸気の濃度がこれより低いと、一般に燃焼しにくい濃度をいう。」が示す論点とずれています。 解説の要点：燃焼範囲の下限界は、可燃性蒸気やガスの濃度がこれより低いと燃焼しにくい限界濃度である。【試験ポイント】燃焼範囲には下限界と上限界がある。【ひっかけ】薄すぎても濃すぎても燃えにくい。【選択肢ア】誤り。溶解とは関係ない。【選択肢イ】誤り。薄すぎると燃焼しにくい。【選択肢ウ】誤り。蒸気… 正答（5）との違いを確認し直してください。;3:（3）「蒸気比重がゼロになる濃度をいう。」は、単独の記述としては法令上妥当な場合がありますが、本問で選ぶべき正答は（5）「可燃性蒸気の濃度がこれより低いと、一般に燃焼しにくい濃度をいう。」です。問題文の条件（燃焼範囲の下限界について、正しいものはどれか。…）と照らし、設問が問う論点に合う肢を選び直してください。;4:（4）「液体が凍り始める温度をいう。」は、単独の記述としては法令上妥当な場合がありますが、本問で選ぶべき正答は（5）「可燃性蒸気の濃度がこれより低いと、一般に燃焼しにくい濃度をいう。」です。問題文の条件（燃焼範囲の下限界について、正しいものはどれか。…）と照らし、設問が問う論点に合う肢を選び直してください。,燃焼範囲の下限界は、可燃性蒸気やガスの濃度がこれより低いと燃焼しにくい限界濃度である。【試験ポイント】燃焼範囲には下限界と上限界がある。【ひっかけ】薄すぎても濃すぎても燃えにくい。【選択肢ア】誤り。溶解とは関係ない。【選択肢イ】誤り。薄すぎると燃焼しにくい。【選択肢ウ】誤り。蒸気比重とは別の概念である。【選択肢エ】誤り。凝固点の説明である。【選択肢オ】正しい。下限界より薄い混合気は燃焼しにくい。,燃焼範囲の下限界は、可燃性蒸気やガスの濃度がこれより低いと燃焼しにくい限界濃度である。【試験ポイント】燃焼範囲には下限界と上限界がある。【ひっかけ】薄すぎても濃すぎても燃えにくい。【選択肢ア】誤り。溶解とは関係ない。【選択肢イ】誤り。薄すぎると燃焼しにくい。【選択肢ウ】誤り。蒸気比重とは別の概念である。【選択肢エ】誤り。凝固点の説明である。【選択肢オ】正しい,
77,single,物性・化学,PC-017;PC-011;消火;除去消火;基礎;重点,除去消火の説明として、正しいものはどれか。,,,,,,可燃性蒸気を増やす方法である。,温度を下げる方法だけをいう。,燃焼反応を促進する方法である。,酸素の供給を断つ方法だけをいう。,可燃物を取り除いて燃焼を止める方法である。,5,除去消火は、燃焼している可燃物または周囲の可燃物を取り除くことで燃焼を止める方法である。【試験ポイント】除去消火は可燃物を取り除く。【ひっかけ】窒息消火・冷却消火と区別する。【選択肢ア】誤り。可燃性蒸気を増やすのは危険である。【選択肢イ】誤り。温度を下げるのは冷却消火である。【選択肢ウ】誤り。燃焼反応を促進してはならない。【選択肢エ】誤り。酸素を断つのは窒息消火である。【選択肢オ】正しい。可燃物を取り除くのが除去消火である。,1:（1）「可燃性蒸気を増やす方法である。」は、単独の記述としては法令上妥当な場合がありますが、本問で選ぶべき正答は（5）「可燃物を取り除いて燃焼を止める方法である。」です。問題文の条件（除去消火の説明として、正しいものはどれか。…）と照らし、設問が問う論点に合う肢を選び直してください。;2:（2）「温度を下げる方法だけをいう。」は、単独の記述としては法令上妥当な場合がありますが、本問で選ぶべき正答は（5）「可燃物を取り除いて燃焼を止める方法である。」です。問題文の条件（除去消火の説明として、正しいものはどれか。…）と照らし、設問が問う論点に合う肢を選び直してください。;3:（3）「燃焼反応を促進する方法である。」は、単独の記述としては法令上妥当な場合がありますが、本問で選ぶべき正答は（5）「可燃物を取り除いて燃焼を止める方法である。」です。問題文の条件（除去消火の説明として、正しいものはどれか。…）と照らし、設問が問う論点に合う肢を選び直してください。;4:（4）「酸素の供給を断つ方法だけをいう。」は、単独の記述としては法令上妥当な場合がありますが、本問で選ぶべき正答は（5）「可燃物を取り除いて燃焼を止める方法である。」です。問題文の条件（除去消火の説明として、正しいものはどれか。…）と照らし、設問が問う論点に合う肢を選び直してください。,除去消火は、燃焼している可燃物または周囲の可燃物を取り除くことで燃焼を止める方法である。【試験ポイント】除去消火は可燃物を取り除く。【ひっかけ】窒息消火・冷却消火と区別する。【選択肢ア】誤り。可燃性蒸気を増やすのは危険である。【選択肢イ】誤り。温度を下げるのは冷却消火である。【選択肢ウ】誤り。燃焼反応を促進してはならない。【選択肢エ】誤り。酸素を断つのは窒息消火である。【選択肢オ】正しい。可燃物を取り除くのが除去消火である。,除去消火は、燃焼している可燃物または周囲の可燃物を取り除くことで燃焼を止める方法である。【試験ポイント】除去消火は可燃物を取り除く。【ひっかけ】窒息消火・冷却消火と区別する。【選択肢ア】誤り。可燃性蒸気を増やすのは危険である。【選択肢イ】誤り。温度を下げるのは冷却消火である。【選択肢ウ】誤り。燃焼反応を促進してはならない。【選択肢エ】誤り。酸素を断つのは窒息,
78,single,物性・化学,PC-018;PC-013;消火;冷却消火;基礎;重点,冷却消火の説明として、正しいものはどれか。,,,,,,可燃物を増やして燃焼を止める方法である。,静電気を発生させて燃焼を止める方法である。,可燃性蒸気を密閉空間にためる方法である。,燃焼物の温度を下げて燃焼を止める方法である。,酸素濃度を高くして燃焼を止める方法である。,4,冷却消火は、燃焼している物質の温度を下げ、燃焼を継続できない状態にする消火方法である。【試験ポイント】冷却消火は温度を下げる。【ひっかけ】水による消火は冷却効果を利用することが多い。【選択肢ア】誤り。可燃物を増やすと燃焼が拡大する。【選択肢イ】誤り。静電気は着火源となり得る。【選択肢ウ】誤り。可燃性蒸気をためるのは危険である。【選択肢エ】正しい。温度を下げるのが冷却消火である。【選択肢オ】誤り。酸素濃度を高くすると燃焼しやすくなる場合がある。,1:根拠の記述が異なります。解説では「できない状態にする消火方法」が根拠ですが、（1）は「を増やして燃焼を止める方法」を根拠とする内容です。 解説の要点：冷却消火は、燃焼している物質の温度を下げ、燃焼を継続できない状態にする消火方法である。【試験ポイント】冷却消火は温度を下げる。【ひっかけ】水による消火は冷却効果を利用することが多い。【選択肢ア】誤り。可燃物を増やすと燃焼が拡大する。【選択肢イ】誤り。静電気は着火源となり得る。【選… 正答（4）との違いを確認し直してください。;2:根拠の記述が異なります。解説では「できない状態にする消火方法」が根拠ですが、（2）は「発生させて燃焼を止める方法」を根拠とする内容です。 解説の要点：冷却消火は、燃焼している物質の温度を下げ、燃焼を継続できない状態にする消火方法である。【試験ポイント】冷却消火は温度を下げる。【ひっかけ】水による消火は冷却効果を利用することが多い。【選択肢ア】誤り。可燃物を増やすと燃焼が拡大する。【選択肢イ】誤り。静電気は着火源となり得る。【選… 正答（4）との違いを確認し直してください。;3:根拠の記述が異なります。解説では「できない状態にする消火方法」が根拠ですが、（3）は「蒸気を密閉空間にためる方法」を根拠とする内容です。 解説の要点：冷却消火は、燃焼している物質の温度を下げ、燃焼を継続できない状態にする消火方法である。【試験ポイント】冷却消火は温度を下げる。【ひっかけ】水による消火は冷却効果を利用することが多い。【選択肢ア】誤り。可燃物を増やすと燃焼が拡大する。【選択肢イ】誤り。静電気は着火源となり得る。【選… 正答（4）との違いを確認し直してください。;5:根拠の記述が異なります。解説では「できない状態にする消火方法」が根拠ですが、（5）は「を高くして燃焼を止める方法」を根拠とする内容です。 解説の要点：冷却消火は、燃焼している物質の温度を下げ、燃焼を継続できない状態にする消火方法である。【試験ポイント】冷却消火は温度を下げる。【ひっかけ】水による消火は冷却効果を利用することが多い。【選択肢ア】誤り。可燃物を増やすと燃焼が拡大する。【選択肢イ】誤り。静電気は着火源となり得る。【選… 正答（4）との違いを確認し直してください。,冷却消火は、燃焼している物質の温度を下げ、燃焼を継続できない状態にする消火方法である。【試験ポイント】冷却消火は温度を下げる。【ひっかけ】水による消火は冷却効果を利用することが多い。【選択肢ア】誤り。可燃物を増やすと燃焼が拡大する。【選択肢イ】誤り。静電気は着火源となり得る。【選択肢ウ】誤り。可燃性蒸気をためるのは危険である。【選択肢エ】正しい。温度を下げるのが冷却消火である。【選択肢オ】誤り。酸素濃度を高くすると燃焼しやすくなる場合がある。,冷却消火は、燃焼している物質の温度を下げ、燃焼を継続できない状態にする消火方法である。【試験ポイント】冷却消火は温度を下げる。【ひっかけ】水による消火は冷却効果を利用することが多い。【選択肢ア】誤り。可燃物を増やすと燃焼が拡大する。【選択肢イ】誤り。静電気は着火源となり得る。【選択肢ウ】誤り。可燃性蒸気をためるのは危険である。【選択肢エ】正しい。温度を下げる,
79,single,物性・化学,PC-019;PC-014;消火;抑制消火・負触媒効果;標準;網羅,抑制消火について、正しいものはどれか。,,,,,,水に溶かして密度を測る方法である。,燃焼範囲を広げて燃焼させる方法である。,燃焼の連鎖反応を抑えて消火する方法である。,可燃物を増やして燃焼を止める方法である。,温度計の目盛りを変える方法である。,3,抑制消火は、燃焼の連鎖反応を抑えることで消火する方法であり、負触媒効果とも関連する。【試験ポイント】抑制消火は燃焼反応を抑える。【ひっかけ】除去・窒息・冷却だけでなく抑制も押さえる。【選択肢ア】誤り。密度測定ではない。【選択肢イ】誤り。燃焼範囲を広げる方法ではない。【選択肢ウ】正しい。燃焼反応の連鎖を抑える方法である。【選択肢エ】誤り。可燃物を増やすのは危険である。【選択肢オ】誤り。温度計の操作ではない。,1:（1）「水に溶かして密度を測る方法である。」は、単独の記述としては法令上妥当な場合がありますが、本問で選ぶべき正答は（3）「燃焼の連鎖反応を抑えて消火する方法である。」です。問題文の条件（抑制消火について、正しいものはどれか。…）と照らし、設問が問う論点に合う肢を選び直してください。;2:根拠の記述が異なります。解説では「を抑えることで消火する方法」が根拠ですが、（2）は「範囲を広げて燃焼させる方法」を根拠とする内容です。 解説の要点：抑制消火は、燃焼の連鎖反応を抑えることで消火する方法であり、負触媒効果とも関連する。【試験ポイント】抑制消火は燃焼反応を抑える。【ひっかけ】除去・窒息・冷却だけでなく抑制も押さえる。【選択肢ア】誤り。密度測定ではない。【選択肢イ】誤り。燃焼範囲を広げる方法ではない。【選択肢ウ】正… 正答（3）との違いを確認し直してください。;4:根拠の記述が異なります。解説では「を抑えることで消火する方法」が根拠ですが、（4）は「を増やして燃焼を止める方法」を根拠とする内容です。 解説の要点：抑制消火は、燃焼の連鎖反応を抑えることで消火する方法であり、負触媒効果とも関連する。【試験ポイント】抑制消火は燃焼反応を抑える。【ひっかけ】除去・窒息・冷却だけでなく抑制も押さえる。【選択肢ア】誤り。密度測定ではない。【選択肢イ】誤り。燃焼範囲を広げる方法ではない。【選択肢ウ】正… 正答（3）との違いを確認し直してください。;5:（5）「温度計の目盛りを変える方法である。」は、単独の記述としては法令上妥当な場合がありますが、本問で選ぶべき正答は（3）「燃焼の連鎖反応を抑えて消火する方法である。」です。問題文の条件（抑制消火について、正しいものはどれか。…）と照らし、設問が問う論点に合う肢を選び直してください。,抑制消火は、燃焼の連鎖反応を抑えることで消火する方法であり、負触媒効果とも関連する。【試験ポイント】抑制消火は燃焼反応を抑える。【ひっかけ】除去・窒息・冷却だけでなく抑制も押さえる。【選択肢ア】誤り。密度測定ではない。【選択肢イ】誤り。燃焼範囲を広げる方法ではない。【選択肢ウ】正しい。燃焼反応の連鎖を抑える方法である。【選択肢エ】誤り。可燃物を増やすのは危険である。【選択肢オ】誤り。温度計の操作ではない。,抑制消火は、燃焼の連鎖反応を抑えることで消火する方法であり、負触媒効果とも関連する。【試験ポイント】抑制消火は燃焼反応を抑える。【ひっかけ】除去・窒息・冷却だけでなく抑制も押さえる。【選択肢ア】誤り。密度測定ではない。【選択肢イ】誤り。燃焼範囲を広げる方法ではない。【選択肢ウ】正しい。燃焼反応の連鎖を抑える方法である。【選択肢エ】誤り。可燃物を増やすのは危険,
80,single,物性・化学,PC-020;PC-024;物質の状態;融点・沸点;基礎;重点,沸点について、正しいものはどれか。,,,,,,液体が沸騰し始める温度である。,密度が必ずゼロになる温度である。,液体が必ず引火する最高温度である。,物質の色が変わる温度だけをいう。,固体が燃焼し始める最低温度である。,1,沸点は、液体が沸騰し始める温度である。引火点や発火点とは異なる。【試験ポイント】沸点は液体が沸騰し始める温度。【ひっかけ】沸点・引火点・発火点を区別する。【選択肢ア】正しい。沸点の説明である。【選択肢イ】誤り。密度がゼロになる温度ではない。【選択肢ウ】誤り。引火点の説明ではない。【選択肢エ】誤り。色変化だけを示すものではない。【選択肢オ】誤り。発火点の説明に近い。,2:（2）「密度が必ずゼロになる温度である。」は、単独の記述としては法令上妥当な場合がありますが、本問で選ぶべき正答は（1）「液体が沸騰し始める温度である。」です。問題文の条件（沸点について、正しいものはどれか。…）と照らし、設問が問う論点に合う肢を選び直してください。;3:（3）「液体が必ず引火する最高温度である。」は、単独の記述としては法令上妥当な場合がありますが、本問で選ぶべき正答は（1）「液体が沸騰し始める温度である。」です。問題文の条件（沸点について、正しいものはどれか。…）と照らし、設問が問う論点に合う肢を選び直してください。;4:（4）「物質の色が変わる温度だけをいう。」は、単独の記述としては法令上妥当な場合がありますが、本問で選ぶべき正答は（1）「液体が沸騰し始める温度である。」です。問題文の条件（沸点について、正しいものはどれか。…）と照らし、設問が問う論点に合う肢を選び直してください。;5:（5）「固体が燃焼し始める最低温度である。」は、単独の記述としては法令上妥当な場合がありますが、本問で選ぶべき正答は（1）「液体が沸騰し始める温度である。」です。問題文の条件（沸点について、正しいものはどれか。…）と照らし、設問が問う論点に合う肢を選び直してください。,沸点は、液体が沸騰し始める温度である。,沸点は、液体が沸騰し始める温度である。引火点や発火点とは異なる。【試験ポイント】沸点は液体が沸騰し始める温度。【ひっかけ】沸点・引火点・発火点を区別する。【選択肢ア】正しい。沸点の説明である。【選択肢イ】誤り。密度がゼロになる温度ではない。【選択肢ウ】誤り。引火点の説明ではない。【選択肢エ】誤り。色変化だけを示すものではない。【選択肢オ】誤り。発火点の説明に,
81,single,物性・化学,PC-021;PC-025;物質の状態;蒸発・沸騰;基礎;重点,蒸発について、正しいものはどれか。,,,,,,水に溶けて酸性になる現象である。,密度が必ず大きくなる現象である。,物質が酸素を放出する現象だけをいう。,液体の表面から気体になる現象である。,固体が必ず燃え始める現象である。,4,蒸発は、液体の表面から気体になる現象である。引火性液体では、蒸発により可燃性蒸気が発生する点が重要である。【試験ポイント】蒸発により可燃性蒸気が発生する。【ひっかけ】蒸発と燃焼を混同しない。【選択肢ア】誤り。酸性になる現象ではない。【選択肢イ】誤り。密度変化だけを指すものではない。【選択肢ウ】誤り。酸素放出ではない。【選択肢エ】正しい。蒸発の説明である。【選択肢オ】誤り。燃焼の説明ではない。,1:（1）「水に溶けて酸性になる現象である。」は、単独の記述としては法令上妥当な場合がありますが、本問で選ぶべき正答は（4）「液体の表面から気体になる現象である。」です。問題文の条件（蒸発について、正しいものはどれか。…）と照らし、設問が問う論点に合う肢を選び直してください。;2:（2）「密度が必ず大きくなる現象である。」は、単独の記述としては法令上妥当な場合がありますが、本問で選ぶべき正答は（4）「液体の表面から気体になる現象である。」です。問題文の条件（蒸発について、正しいものはどれか。…）と照らし、設問が問う論点に合う肢を選び直してください。;3:（3）「物質が酸素を放出する現象だけをいう。」は、単独の記述としては法令上妥当な場合がありますが、本問で選ぶべき正答は（4）「液体の表面から気体になる現象である。」です。問題文の条件（蒸発について、正しいものはどれか。…）と照らし、設問が問う論点に合う肢を選び直してください。;5:（5）「固体が必ず燃え始める現象である。」は、単独の記述としては法令上妥当な場合がありますが、本問で選ぶべき正答は（4）「液体の表面から気体になる現象である。」です。問題文の条件（蒸発について、正しいものはどれか。…）と照らし、設問が問う論点に合う肢を選び直してください。,蒸発は、液体の表面から気体になる現象である。,蒸発は、液体の表面から気体になる現象である。引火性液体では、蒸発により可燃性蒸気が発生する点が重要である。【試験ポイント】蒸発により可燃性蒸気が発生する。【ひっかけ】蒸発と燃焼を混同しない。【選択肢ア】誤り。酸性になる現象ではない。【選択肢イ】誤り。密度変化だけを指すものではない。【選択肢ウ】誤り。酸素放出ではない。【選択肢エ】正しい。蒸発の説明である。【選,
82,single,物性・化学,PC-022;PC-030;密度・比重;比重;基礎;重点,液体の比重について、正しいものはどれか。,,,,,,蒸気が空気と反応する速度を表す値である。,酸素の濃度だけを表す値である。,物質が水に溶ける速さだけを表す値である。,物質が燃え始める最低温度である。,水を基準として、物質の重さを比較する値である。,5,液体の比重は、通常、水を基準として物質の重さを比較する値である。比重が1より小さい液体は水に浮きやすい。【試験ポイント】液体の比重は水を基準に考える。【ひっかけ】比重と水溶性は同じ意味ではない。【選択肢ア】誤り。反応速度ではない。【選択肢イ】誤り。酸素濃度を表すものではない。【選択肢ウ】誤り。溶ける速さだけを表すものではない。【選択肢エ】誤り。燃え始める温度ではない。【選択肢オ】正しい。液体の比重は水を基準にする。,1:（1）の内容は、正答（5）「水を基準として、物質の重さを比較する値である。」が示す論点とずれています。 解説の要点：液体の比重は、通常、水を基準として物質の重さを比較する値である。比重が1より小さい液体は水に浮きやすい。【試験ポイント】液体の比重は水を基準に考える。【ひっかけ】比重と水溶性は同じ意味ではない。【選択肢ア】誤り。反応速度ではない。【選択肢イ】誤り。酸素濃度を表すものではない。【選… 正答（5）との違いを確認し直してください。;2:（2）「酸素の濃度だけを表す値である。」は、単独の記述としては法令上妥当な場合がありますが、本問で選ぶべき正答は（5）「水を基準として、物質の重さを比較する値である。」です。問題文の条件（液体の比重について、正しいものはどれか。…）と照らし、設問が問う論点に合う肢を選び直してください。;3:（3）の内容は、正答（5）「水を基準として、物質の重さを比較する値である。」が示す論点とずれています。 解説の要点：液体の比重は、通常、水を基準として物質の重さを比較する値である。比重が1より小さい液体は水に浮きやすい。【試験ポイント】液体の比重は水を基準に考える。【ひっかけ】比重と水溶性は同じ意味ではない。【選択肢ア】誤り。反応速度ではない。【選択肢イ】誤り。酸素濃度を表すものではない。【選… 正答（5）との違いを確認し直してください。;4:（4）「物質が燃え始める最低温度である。」は、単独の記述としては法令上妥当な場合がありますが、本問で選ぶべき正答は（5）「水を基準として、物質の重さを比較する値である。」です。問題文の条件（液体の比重について、正しいものはどれか。…）と照らし、設問が問う論点に合う肢を選び直してください。,液体の比重は、通常、水を基準として物質の重さを比較する値である。比重が1より小さい液体は水に浮きやすい。【試験ポイント】液体の比重は水を基準に考える。【ひっかけ】比重と水溶性は同じ意味ではない。【選択肢ア】誤り。反応速度ではない。【選択肢イ】誤り。酸素濃度を表すものではない。【選択肢ウ】誤り。溶ける速さだけを表すものではない。【選択肢エ】誤り。燃え始める温度ではない。【選択肢オ】正しい。液体の比重は水を基準にする。,液体の比重は、通常、水を基準として物質の重さを比較する値である。比重が1より小さい液体は水に浮きやすい。【試験ポイント】液体の比重は水を基準に考える。【ひっかけ】比重と水溶性は同じ意味ではない。【選択肢ア】誤り。反応速度ではない。【選択肢イ】誤り。酸素濃度を表すものではない。【選択肢ウ】誤り。溶ける速さだけを表すものではない。【選択肢エ】誤り。燃え始める温度,
83,single,物性・化学,PC-023;PC-031;密度・比重;液体の比重と水への浮沈;標準;重点,水より比重が小さい液体について、一般に正しいものはどれか。,,,,,,必ず空気より軽い蒸気を出す。,必ず水に完全に溶ける。,絶対に燃えない。,必ず酸素を放出する。,水に浮きやすい。,5,液体の比重が水より小さい場合、その液体は水に浮きやすい。ただし、水に浮くことと水に溶けることは別の性質である。【試験ポイント】比重が1未満なら水に浮きやすい。【ひっかけ】水に浮くことと水に溶けることを混同しない。【選択肢ア】誤り。液比重と蒸気比重は別である。【選択肢イ】誤り。比重と水溶性は別である。【選択肢ウ】誤り。燃えないとは限らない。【選択肢エ】誤り。酸素を放出するとは限らない。【選択肢オ】正しい。比重が水より小さい液体は水に浮きやすい。,1:（1）「必ず空気より軽い蒸気を出す。」は、単独の記述としては法令上妥当な場合がありますが、本問で選ぶべき正答は（5）「水に浮きやすい。」です。問題文の条件（水より比重が小さい液体について、一般に正しいものはどれか。…）と照らし、設問が問う論点に合う肢を選び直してください。;2:（2）「必ず水に完全に溶ける。」は、単独の記述としては法令上妥当な場合がありますが、本問で選ぶべき正答は（5）「水に浮きやすい。」です。問題文の条件（水より比重が小さい液体について、一般に正しいものはどれか。…）と照らし、設問が問う論点に合う肢を選び直してください。;3:（3）「絶対に燃えない。」は、単独の記述としては法令上妥当な場合がありますが、本問で選ぶべき正答は（5）「水に浮きやすい。」です。問題文の条件（水より比重が小さい液体について、一般に正しいものはどれか。…）と照らし、設問が問う論点に合う肢を選び直してください。;4:（4）「必ず酸素を放出する。」は、単独の記述としては法令上妥当な場合がありますが、本問で選ぶべき正答は（5）「水に浮きやすい。」です。問題文の条件（水より比重が小さい液体について、一般に正しいものはどれか。…）と照らし、設問が問う論点に合う肢を選び直してください。,液体の比重が水より小さい場合、その液体は水に浮きやすい。 【試験ポイント】比重が1未満なら水に浮きやすい。 比重が水より小さい液体は水に浮きやすい。,液体の比重が水より小さい場合、その液体は水に浮きやすい。ただし、水に浮くことと水に溶けることは別の性質である。【試験ポイント】比重が1未満なら水に浮きやすい。【ひっかけ】水に浮くことと水に溶けることを混同しない。【選択肢ア】誤り。液比重と蒸気比重は別である。【選択肢イ】誤り。比重と水溶性は別である。【選択肢ウ】誤り。燃えないとは限らない。【選択肢エ】誤り。酸,
84,single,物性・化学,PC-024;PC-036;静電気;流速・摩擦・乾燥と帯電;標準;網羅,静電気が発生しやすい条件として、適切なものはどれか。,,,,,,液体が配管内を高速で流れる。,金属容器を確実に接地する。,湿度を適切に保つ。,流動や摩擦をできるだけ抑える。,可燃性蒸気を除去するために換気する。,1,液体が高速で流動したり、摩擦が起こったり、乾燥していたりすると、静電気が発生しやすくなる。【試験ポイント】高速流動・摩擦・乾燥は静電気発生に関係する。【ひっかけ】接地は発生要因ではなく対策。【選択肢ア】正しい。高速流動は帯電の原因になり得る。【選択肢イ】誤り。接地は静電気対策である。【選択肢ウ】誤り。適切な湿度管理は帯電防止に役立つ場合がある。【選択肢エ】誤り。流動や摩擦を抑えることは帯電防止に役立つ。【選択肢オ】誤り。換気は可燃性蒸気対策である。,2:（2）「金属容器を確実に接地する。」は、単独の記述としては法令上妥当な場合がありますが、本問で選ぶべき正答は（1）「液体が配管内を高速で流れる。」です。問題文の条件（静電気が発生しやすい条件として、適切なものはどれか。…）と照らし、設問が問う論点に合う肢を選び直してください。;3:（3）「湿度を適切に保つ。」は、単独の記述としては法令上妥当な場合がありますが、本問で選ぶべき正答は（1）「液体が配管内を高速で流れる。」です。問題文の条件（静電気が発生しやすい条件として、適切なものはどれか。…）と照らし、設問が問う論点に合う肢を選び直してください。;4:（4）「流動や摩擦をできるだけ抑える。」は、単独の記述としては法令上妥当な場合がありますが、本問で選ぶべき正答は（1）「液体が配管内を高速で流れる。」です。問題文の条件（静電気が発生しやすい条件として、適切なものはどれか。…）と照らし、設問が問う論点に合う肢を選び直してください。;5:（5）「可燃性蒸気を除去するために換気する。」は、単独の記述としては法令上妥当な場合がありますが、本問で選ぶべき正答は（1）「液体が配管内を高速で流れる。」です。問題文の条件（静電気が発生しやすい条件として、適切なものはどれか。…）と照らし、設問が問う論点に合う肢を選び直してください。,液体が高速で流動したり、摩擦が起こったり、乾燥していたりすると、静電気が発生しやすくなる。【試験ポイント】高速流動・摩擦・乾燥は静電気発生に関係する。【ひっかけ】接地は発生要因ではなく対策。【選択肢ア】正しい。高速流動は帯電の原因になり得る。【選択肢イ】誤り。接地は静電気対策である。【選択肢ウ】誤り。適切な湿度管理は帯電防止に役立つ場合がある。【選択肢エ】誤り。流動や摩擦を抑えることは帯電防止に役立つ。【選択肢オ】誤り。換気は可燃性蒸気対策である。,液体が高速で流動したり、摩擦が起こったり、乾燥していたりすると、静電気が発生しやすくなる。【試験ポイント】高速流動・摩擦・乾燥は静電気発生に関係する。【ひっかけ】接地は発生要因ではなく対策。【選択肢ア】正しい。高速流動は帯電の原因になり得る。【選択肢イ】誤り。接地は静電気対策である。【選択肢ウ】誤り。適切な湿度管理は帯電防止に役立つ場合がある。【選択肢エ】誤,
85,single,物性・化学,PC-025;PC-037;物質の構成;原子・分子;基礎;網羅,分子について、正しいものはどれか。,,,,,,危険物取扱者免状の別名である。,液体の比重を表す単位である。,物質が燃えるときだけ存在する光である。,火災時にだけ発生する音である。,いくつかの原子が結びついてできた粒子である。,5,分子は、いくつかの原子が結びついてできた粒子である。水分子や酸素分子などが例である。【試験ポイント】分子は原子が結びついてできる。【ひっかけ】原子・分子・元素を区別する。【選択肢ア】誤り。免状の別名ではない。【選択肢イ】誤り。比重の単位ではない。【選択肢ウ】誤り。光ではない。【選択肢エ】誤り。音ではない。【選択肢オ】正しい。分子の説明である。,1:（1）「危険物取扱者免状の別名である。」は、単独の記述としては法令上妥当な場合がありますが、本問で選ぶべき正答は（5）「いくつかの原子が結びついてできた粒子である。」です。問題文の条件（分子について、正しいものはどれか。…）と照らし、設問が問う論点に合う肢を選び直してください。;2:（2）「液体の比重を表す単位である。」は、単独の記述としては法令上妥当な場合がありますが、本問で選ぶべき正答は（5）「いくつかの原子が結びついてできた粒子である。」です。問題文の条件（分子について、正しいものはどれか。…）と照らし、設問が問う論点に合う肢を選び直してください。;3:（3）の内容は、正答（5）「いくつかの原子が結びついてできた粒子である。」が示す論点とずれています。 解説の要点：分子は、いくつかの原子が結びついてできた粒子である。水分子や酸素分子などが例である。【試験ポイント】分子は原子が結びついてできる。【ひっかけ】原子・分子・元素を区別する。【選択肢ア】誤り。免状の別名ではない。【選択肢イ】誤り。比重の単位ではない。【選択肢ウ】誤り。光ではない。【選… 正答（5）との違いを確認し直してください。;4:（4）「火災時にだけ発生する音である。」は、単独の記述としては法令上妥当な場合がありますが、本問で選ぶべき正答は（5）「いくつかの原子が結びついてできた粒子である。」です。問題文の条件（分子について、正しいものはどれか。…）と照らし、設問が問う論点に合う肢を選び直してください。,分子は、いくつかの原子が結びついてできた粒子である。,分子は、いくつかの原子が結びついてできた粒子である。水分子や酸素分子などが例である。【試験ポイント】分子は原子が結びついてできる。【ひっかけ】原子・分子・元素を区別する。【選択肢ア】誤り。免状の別名ではない。【選択肢イ】誤り。比重の単位ではない。【選択肢ウ】誤り。光ではない。【選択肢エ】誤り。音ではない。【選択肢オ】正しい。分子の説明である。,
86,single,物性・化学,PC-026;PC-042;化学反応;化学反応式;基礎;網羅,化学反応式について、正しいものはどれか。,,,,,,火災時の避難経路図だけをいう。,物質の色だけを記録する表である。,液体の体積だけを測る器具である。,化学反応を化学式を用いて表したものである。,危険物施設の住所一覧である。,4,化学反応式は、化学反応を化学式を用いて表したものである。反応前後の物質の関係を示す。【試験ポイント】化学反応式は反応を化学式で表す。【ひっかけ】化学式と施設表示を混同しない。【選択肢ア】誤り。避難経路図ではない。【選択肢イ】誤り。色だけを記録する表ではない。【選択肢ウ】誤り。器具ではない。【選択肢エ】正しい。化学反応式の説明である。【選択肢オ】誤り。施設住所一覧ではない。,1:（1）「火災時の避難経路図だけをいう。」は、単独の記述としては法令上妥当な場合がありますが、本問で選ぶべき正答は（4）「化学反応を化学式を用いて表したものである。」です。問題文の条件（化学反応式について、正しいものはどれか。…）と照らし、設問が問う論点に合う肢を選び直してください。;2:（2）「物質の色だけを記録する表である。」は、単独の記述としては法令上妥当な場合がありますが、本問で選ぶべき正答は（4）「化学反応を化学式を用いて表したものである。」です。問題文の条件（化学反応式について、正しいものはどれか。…）と照らし、設問が問う論点に合う肢を選び直してください。;3:（3）「液体の体積だけを測る器具である。」は、単独の記述としては法令上妥当な場合がありますが、本問で選ぶべき正答は（4）「化学反応を化学式を用いて表したものである。」です。問題文の条件（化学反応式について、正しいものはどれか。…）と照らし、設問が問う論点に合う肢を選び直してください。;5:（5）「危険物施設の住所一覧である。」は、単独の記述としては法令上妥当な場合がありますが、本問で選ぶべき正答は（4）「化学反応を化学式を用いて表したものである。」です。問題文の条件（化学反応式について、正しいものはどれか。…）と照らし、設問が問う論点に合う肢を選び直してください。,化学反応式は、化学反応を化学式を用いて表したものである。,化学反応式は、化学反応を化学式を用いて表したものである。反応前後の物質の関係を示す。【試験ポイント】化学反応式は反応を化学式で表す。【ひっかけ】化学式と施設表示を混同しない。【選択肢ア】誤り。避難経路図ではない。【選択肢イ】誤り。色だけを記録する表ではない。【選択肢ウ】誤り。器具ではない。【選択肢エ】正しい。化学反応式の説明である。【選択肢オ】誤り。施設住所,
87,single,物性・化学,PC-027;PC-060;計算問題;熱量の計算;標準;網羅,水1 gの温度を1 ℃上げるのに必要な熱量を1 calとした場合、水100 gの温度を10 ℃上げるのに必要な熱量として、正しいものはどれか。,,,,,,10 cal,"1,000 cal",100 cal,0.1 cal,1 cal,2,"水1 gを1 ℃上げるのに1 cal必要とすると、水100 gを10 ℃上げるには100×10＝1,000 calが必要である。【試験ポイント】熱量は質量と温度上昇に比例する。【ひっかけ】質量と温度上昇の両方を掛ける。【選択肢ア】誤り。質量を考慮していない。【選択肢イ】正しい。100×10＝1,000 calである。【選択肢ウ】誤り。温度上昇分を掛けていない。【選択肢エ】誤り。計算結果ではない。【選択肢オ】誤り。水1 gを1 ℃上げる熱量である。","1:（1）「10 cal」は、単独の記述としては法令上妥当な場合がありますが、本問で選ぶべき正答は（2）「1,000 cal」です。問題文の条件（水1 gの温度を1 ℃上げるのに必要な熱量を1 calとした場合、水100 gの温度を10 ℃上…）と照らし、設問が問う論点に合う肢を選び直してください。;3:（3）「100 cal」は、単独の記述としては法令上妥当な場合がありますが、本問で選ぶべき正答は（2）「1,000 cal」です。問題文の条件（水1 gの温度を1 ℃上げるのに必要な熱量を1 calとした場合、水100 gの温度を10 ℃上…）と照らし、設問が問う論点に合う肢を選び直してください。;4:（4）「0.1 cal」は、単独の記述としては法令上妥当な場合がありますが、本問で選ぶべき正答は（2）「1,000 cal」です。問題文の条件（水1 gの温度を1 ℃上げるのに必要な熱量を1 calとした場合、水100 gの温度を10 ℃上…）と照らし、設問が問う論点に合う肢を選び直してください。;5:（5）「1 cal」は、単独の記述としては法令上妥当な場合がありますが、本問で選ぶべき正答は（2）「1,000 cal」です。問題文の条件（水1 gの温度を1 ℃上げるのに必要な熱量を1 calとした場合、水100 gの温度を10 ℃上…）と照らし、設問が問う論点に合う肢を選び直してください。","水1 gを1 ℃上げるのに1 cal必要とすると、水100 gを10 ℃上げるには100×10＝1,000 calが必要である。 100×10＝1,000 calである。","水1 gを1 ℃上げるのに1 cal必要とすると、水100 gを10 ℃上げるには100×10＝1,000 calが必要である。【試験ポイント】熱量は質量と温度上昇に比例する。【ひっかけ】質量と温度上昇の両方を掛ける。【選択肢ア】誤り。質量を考慮していない。【選択肢イ】正しい。100×10＝1,000 calである。【選択肢ウ】誤り。温度上昇分を掛けていない",
88,single,火災・消火・漏えい,PF-016;PF-005;第4類共通性質;水溶性・非水溶性の違い;標準;重点,第4類危険物の水溶性・非水溶性について、正しいものはどれか。,,,,,,水に溶けるものは絶対に引火しない。,第4類危険物はすべて水に沈む。,第4類危険物はすべて水に完全に溶ける。,非水溶性のものは必ず酸素を放出する。,水に溶けるものと水に溶けにくいものがある。,5,第4類危険物には、水溶性のものと非水溶性のものがある。水に溶けることと引火危険がないことは同じではない。【試験ポイント】水溶性でも引火危険はある。【ひっかけ】水溶性＝安全ではない。【選択肢ア】誤り。水溶性でも引火危険はある。【選択肢イ】誤り。水に浮くものもある。【選択肢ウ】誤り。すべてが水に溶けるわけではない。【選択肢エ】誤り。酸素を放出する性質ではない。【選択肢オ】正しい。水溶性・非水溶性の違いがある。,1:解説では「第4類危険物には、水溶性のものと非水溶性のものがある。」とある一方、（1）の記述はそれと矛盾します。 解説の要点：第4類危険物には、水溶性のものと非水溶性のものがある。水に溶けることと引火危険がないことは同じではない。【試験ポイント】水溶性でも引火危険はある。【ひっかけ】水溶性＝安全ではない。【選択肢ア】誤り。水溶性でも引火危険はある。【選択肢イ】誤り。水に浮くものもある。【選択肢ウ】誤り。… 正答（5）との違いを確認し直してください。;2:（2）の内容は、正答（5）「水に溶けるものと水に溶けにくいものがある。」が示す論点とずれています。 解説の要点：第4類危険物には、水溶性のものと非水溶性のものがある。水に溶けることと引火危険がないことは同じではない。【試験ポイント】水溶性でも引火危険はある。【ひっかけ】水溶性＝安全ではない。【選択肢ア】誤り。水溶性でも引火危険はある。【選択肢イ】誤り。水に浮くものもある。【選択肢ウ】誤り。… 正答（5）との違いを確認し直してください。;3:（3）の内容は、正答（5）「水に溶けるものと水に溶けにくいものがある。」が示す論点とずれています。 解説の要点：第4類危険物には、水溶性のものと非水溶性のものがある。水に溶けることと引火危険がないことは同じではない。【試験ポイント】水溶性でも引火危険はある。【ひっかけ】水溶性＝安全ではない。【選択肢ア】誤り。水溶性でも引火危険はある。【選択肢イ】誤り。水に浮くものもある。【選択肢ウ】誤り。… 正答（5）との違いを確認し直してください。;4:（4）の内容は、正答（5）「水に溶けるものと水に溶けにくいものがある。」が示す論点とずれています。 解説の要点：第4類危険物には、水溶性のものと非水溶性のものがある。水に溶けることと引火危険がないことは同じではない。【試験ポイント】水溶性でも引火危険はある。【ひっかけ】水溶性＝安全ではない。【選択肢ア】誤り。水溶性でも引火危険はある。【選択肢イ】誤り。水に浮くものもある。【選択肢ウ】誤り。… 正答（5）との違いを確認し直してください。,第4類危険物には、水溶性のものと非水溶性のものがある。水に溶けることと引火危険がないことは同じではない。【試験ポイント】水溶性でも引火危険はある。【ひっかけ】水溶性＝安全ではない。【選択肢ア】誤り。水溶性でも引火危険はある。【選択肢イ】誤り。水に浮くものもある。【選択肢ウ】誤り。すべてが水に溶けるわけではない。【選択肢エ】誤り。酸素を放出する性質ではない。【選択肢オ】正しい。水溶性・非水溶性の違いがある。,第4類危険物には、水溶性のものと非水溶性のものがある。水に溶けることと引火危険がないことは同じではない。【試験ポイント】水溶性でも引火危険はある。【ひっかけ】水溶性＝安全ではない。【選択肢ア】誤り。水溶性でも引火危険はある。【選択肢イ】誤り。水に浮くものもある。【選択肢ウ】誤り。すべてが水に溶けるわけではない。【選択肢エ】誤り。酸素を放出する性質ではない。【,
89,single,火災・消火・漏えい,PF-017;PF-006;第4類共通性質;液比重・蒸気比重;標準;重点,第4類危険物の性質について、正しいものはどれか。,,,,,,液比重と蒸気比重は別の性質である。,液比重も蒸気比重も、危険性とは一切関係がない。,蒸気比重が大きいことは、液体が水に沈むことと同じ意味である。,水に浮く液体は、必ず水に完全に溶ける。,液比重が水より小さい物質は、蒸気も必ず空気より軽い。,1,液比重は水に対する液体の重さ、蒸気比重は空気に対する蒸気の重さに関係する。両者は別の性質である。【試験ポイント】液比重・蒸気比重・水溶性を区別する。【ひっかけ】水に浮く＝水に溶ける、ではない。【選択肢ア】正しい。液比重と蒸気比重は別の概念である。【選択肢イ】誤り。低所滞留や流出時の危険性に関係する。【選択肢ウ】誤り。蒸気比重と液体の浮沈は別である。【選択肢エ】誤り。浮くことと溶けることは別である。【選択肢オ】誤り。液比重と蒸気比重は連動するとは限らない。,2:解説では「液比重と蒸気比重は別の概念である。」とある一方、（2）の記述はそれと矛盾します。 解説の要点：液比重は水に対する液体の重さ、蒸気比重は空気に対する蒸気の重さに関係する。両者は別の性質である。【試験ポイント】液比重・蒸気比重・水溶性を区別する。【ひっかけ】水に浮く＝水に溶ける、ではない。【選択肢ア】正しい。液比重と蒸気比重は別の概念である。【選択肢イ】誤り。低所滞留や流出時… 正答（1）との違いを確認し直してください。;3:（3）の内容は、正答（1）「液比重と蒸気比重は別の性質である。」が示す論点とずれています。 解説の要点：液比重は水に対する液体の重さ、蒸気比重は空気に対する蒸気の重さに関係する。両者は別の性質である。【試験ポイント】液比重・蒸気比重・水溶性を区別する。【ひっかけ】水に浮く＝水に溶ける、ではない。【選択肢ア】正しい。液比重と蒸気比重は別の概念である。【選択肢イ】誤り。低所滞留や流出時… 正答（1）との違いを確認し直してください。;4:（4）の内容は、正答（1）「液比重と蒸気比重は別の性質である。」が示す論点とずれています。 解説の要点：液比重は水に対する液体の重さ、蒸気比重は空気に対する蒸気の重さに関係する。両者は別の性質である。【試験ポイント】液比重・蒸気比重・水溶性を区別する。【ひっかけ】水に浮く＝水に溶ける、ではない。【選択肢ア】正しい。液比重と蒸気比重は別の概念である。【選択肢イ】誤り。低所滞留や流出時… 正答（1）との違いを確認し直してください。;5:（5）の内容は、正答（1）「液比重と蒸気比重は別の性質である。」が示す論点とずれています。 解説の要点：液比重は水に対する液体の重さ、蒸気比重は空気に対する蒸気の重さに関係する。両者は別の性質である。【試験ポイント】液比重・蒸気比重・水溶性を区別する。【ひっかけ】水に浮く＝水に溶ける、ではない。【選択肢ア】正しい。液比重と蒸気比重は別の概念である。【選択肢イ】誤り。低所滞留や流出時… 正答（1）との違いを確認し直してください。,液比重は水に対する液体の重さ、蒸気比重は空気に対する蒸気の重さに関係する。両者は別の性質である。【試験ポイント】液比重・蒸気比重・水溶性を区別する。【ひっかけ】水に浮く＝水に溶ける、ではない。【選択肢ア】正しい。液比重と蒸気比重は別の概念である。【選択肢イ】誤り。低所滞留や流出時の危険性に関係する。【選択肢ウ】誤り。蒸気比重と液体の浮沈は別である。【選択肢エ】誤り。浮くことと溶けることは別である。【選択肢オ】誤り。液比重と蒸気比重は連動するとは限らない。,液比重は水に対する液体の重さ、蒸気比重は空気に対する蒸気の重さに関係する。両者は別の性質である。【試験ポイント】液比重・蒸気比重・水溶性を区別する。【ひっかけ】水に浮く＝水に溶ける、ではない。【選択肢ア】正しい。液比重と蒸気比重は別の概念である。【選択肢イ】誤り。低所滞留や流出時の危険性に関係する。【選択肢ウ】誤り。蒸気比重と液体の浮沈は別である。【選択肢エ,
90,single,火災・消火・漏えい,PF-018;PF-010;消火方法;第4類火災の消火方法総論;基礎;重点,第4類危険物火災の消火方法として、一般に重要な考え方はどれか。,,,,,,流出した危険物を下水へ流す。,燃焼中の液体を激しくかき混ぜる。,可燃性蒸気の発生や空気との接触を抑える。,可燃性蒸気を増やすために加熱する。,火気を近づけて燃え尽きるのを早める。,3,第4類危険物火災では、可燃性蒸気の発生を抑え、空気との接触を遮断することが重要である。【試験ポイント】第4類火災では、可燃性蒸気と酸素供給を抑える。【ひっかけ】燃え尽きさせる目的で火気を近づけない。【選択肢ア】誤り。下水へ流すのは危険である。【選択肢イ】誤り。かくはんは燃焼拡大のおそれがある。【選択肢ウ】正しい。第4類火災では蒸気発生や酸素供給を抑えることが重要である。【選択肢エ】誤り。加熱は危険を増大させる。【選択肢オ】誤り。火気を近づけるのは危険である。,1:（1）「流出した危険物を下水へ流す。」は、単独の記述としては法令上妥当な場合がありますが、本問で選ぶべき正答は（3）「可燃性蒸気の発生や空気との接触を抑える。」です。問題文の条件（第4類危険物火災の消火方法として、一般に重要な考え方はどれか。…）と照らし、設問が問う論点に合う肢を選び直してください。;2:（2）の内容は、正答（3）「可燃性蒸気の発生や空気との接触を抑える。」が示す論点とずれています。 解説の要点：第4類危険物火災では、可燃性蒸気の発生を抑え、空気との接触を遮断することが重要である。【試験ポイント】第4類火災では、可燃性蒸気と酸素供給を抑える。【ひっかけ】燃え尽きさせる目的で火気を近づけない。【選択肢ア】誤り。下水へ流すのは危険である。【選択肢イ】誤り。かくはんは燃焼拡大の… 正答（3）との違いを確認し直してください。;4:（4）の内容は、正答（3）「可燃性蒸気の発生や空気との接触を抑える。」が示す論点とずれています。 解説の要点：第4類危険物火災では、可燃性蒸気の発生を抑え、空気との接触を遮断することが重要である。【試験ポイント】第4類火災では、可燃性蒸気と酸素供給を抑える。【ひっかけ】燃え尽きさせる目的で火気を近づけない。【選択肢ア】誤り。下水へ流すのは危険である。【選択肢イ】誤り。かくはんは燃焼拡大の… 正答（3）との違いを確認し直してください。;5:（5）の内容は、正答（3）「可燃性蒸気の発生や空気との接触を抑える。」が示す論点とずれています。 解説の要点：第4類危険物火災では、可燃性蒸気の発生を抑え、空気との接触を遮断することが重要である。【試験ポイント】第4類火災では、可燃性蒸気と酸素供給を抑える。【ひっかけ】燃え尽きさせる目的で火気を近づけない。【選択肢ア】誤り。下水へ流すのは危険である。【選択肢イ】誤り。かくはんは燃焼拡大の… 正答（3）との違いを確認し直してください。,第4類危険物火災では、可燃性蒸気の発生を抑え、空気との接触を遮断することが重要である。【試験ポイント】第4類火災では、可燃性蒸気と酸素供給を抑える。【ひっかけ】燃え尽きさせる目的で火気を近づけない。【選択肢ア】誤り。下水へ流すのは危険である。【選択肢イ】誤り。かくはんは燃焼拡大のおそれがある。【選択肢ウ】正しい。第4類火災では蒸気発生や酸素供給を抑えることが重要である。【選択肢エ】誤り。加熱は危険を増大させる。【選択肢オ】誤り。火気を近づけるのは危険である。,第4類危険物火災では、可燃性蒸気の発生を抑え、空気との接触を遮断することが重要である。【試験ポイント】第4類火災では、可燃性蒸気と酸素供給を抑える。【ひっかけ】燃え尽きさせる目的で火気を近づけない。【選択肢ア】誤り。下水へ流すのは危険である。【選択肢イ】誤り。かくはんは燃焼拡大のおそれがある。【選択肢ウ】正しい。第4類火災では蒸気発生や酸素供給を抑えることが,
91,single,火災・消火・漏えい,PF-019;PF-015;特殊引火物;二硫化炭素;標準;網羅,二硫化炭素について、正しいものはどれか。,,,,,,第1類危険物の酸化性固体である。,不燃性液体であり、引火危険はない。,第二石油類の代表例である。,動植物油類に該当する。,特殊引火物に該当する代表的な危険物である。,5,二硫化炭素は第4類危険物の特殊引火物に該当する代表例であり、引火危険が高い物質である。【試験ポイント】二硫化炭素は特殊引火物。【ひっかけ】灯油・軽油などの第二石油類と混同しない。【選択肢ア】誤り。第1類危険物ではない。【選択肢イ】誤り。引火危険がある。【選択肢ウ】誤り。第二石油類ではない。【選択肢エ】誤り。動植物油類ではない。【選択肢オ】正しい。二硫化炭素は特殊引火物である。,1:（1）の内容は、正答（5）「特殊引火物に該当する代表的な危険物である。」が示す論点とずれています。 解説の要点：二硫化炭素は第4類危険物の特殊引火物に該当する代表例であり、引火危険が高い物質である。【試験ポイント】二硫化炭素は特殊引火物。【ひっかけ】灯油・軽油などの第二石油類と混同しない。【選択肢ア】誤り。第1類危険物ではない。【選択肢イ】誤り。引火危険がある。【選択肢ウ】誤り。第二石油類… 正答（5）との違いを確認し直してください。;2:解説では「二硫化炭素は第4類危険物の特殊引火物に該当する代表例であり、引火危険が高い物質である。」とある一方、（2）の記述はそれと矛盾します。 解説の要点：二硫化炭素は第4類危険物の特殊引火物に該当する代表例であり、引火危険が高い物質である。【試験ポイント】二硫化炭素は特殊引火物。【ひっかけ】灯油・軽油などの第二石油類と混同しない。【選択肢ア】誤り。第1類危険物ではない。【選択肢イ】誤り。引火危険がある。【選択肢ウ】誤り。第二石油類… 正答（5）との違いを確認し直してください。;3:（3）「第二石油類の代表例である。」は、単独の記述としては法令上妥当な場合がありますが、本問で選ぶべき正答は（5）「特殊引火物に該当する代表的な危険物である。」です。問題文の条件（二硫化炭素について、正しいものはどれか。…）と照らし、設問が問う論点に合う肢を選び直してください。;4:（4）「動植物油類に該当する。」は、単独の記述としては法令上妥当な場合がありますが、本問で選ぶべき正答は（5）「特殊引火物に該当する代表的な危険物である。」です。問題文の条件（二硫化炭素について、正しいものはどれか。…）と照らし、設問が問う論点に合う肢を選び直してください。,二硫化炭素は第4類危険物の特殊引火物に該当する代表例であり、引火危険が高い物質である。【試験ポイント】二硫化炭素は特殊引火物。【ひっかけ】灯油・軽油などの第二石油類と混同しない。【選択肢ア】誤り。第1類危険物ではない。【選択肢イ】誤り。引火危険がある。【選択肢ウ】誤り。第二石油類ではない。【選択肢エ】誤り。動植物油類ではない。【選択肢オ】正しい。二硫化炭素は特殊引火物である。,二硫化炭素は第4類危険物の特殊引火物に該当する代表例であり、引火危険が高い物質である。【試験ポイント】二硫化炭素は特殊引火物。【ひっかけ】灯油・軽油などの第二石油類と混同しない。【選択肢ア】誤り。第1類危険物ではない。【選択肢イ】誤り。引火危険がある。【選択肢ウ】誤り。第二石油類ではない。【選択肢エ】誤り。動植物油類ではない。【選択肢オ】正しい。二硫化炭素は,
92,single,火災・消火・漏えい,PF-020;PF-016;特殊引火物;アセトアルデヒド;標準;重点,アセトアルデヒドについて、正しいものはどれか。,,,,,,水と反応して必ず水素を発生する禁水性物質である。,第三石油類の重油である。,第6類危険物の酸化性液体である。,常温で絶対に可燃性蒸気を発生しない。,特殊引火物に該当する代表的な危険物である。,5,アセトアルデヒドは第4類危険物の特殊引火物に該当する代表例である。引火危険が高い物質として押さえる。【試験ポイント】アセトアルデヒドは特殊引火物。【ひっかけ】アルコール類や石油類と混同しない。【選択肢ア】誤り。禁水性物質ではない。【選択肢イ】誤り。重油ではない。【選択肢ウ】誤り。第6類危険物ではない。【選択肢エ】誤り。引火危険がある。【選択肢オ】正しい。アセトアルデヒドは特殊引火物である。,1:（1）の内容は、正答（5）「特殊引火物に該当する代表的な危険物である。」が示す論点とずれています。 解説の要点：アセトアルデヒドは第4類危険物の特殊引火物に該当する代表例である。引火危険が高い物質として押さえる。【試験ポイント】アセトアルデヒドは特殊引火物。【ひっかけ】アルコール類や石油類と混同しない。【選択肢ア】誤り。禁水性物質ではない。【選択肢イ】誤り。重油ではない。【選択肢ウ】誤り。… 正答（5）との違いを確認し直してください。;2:（2）「第三石油類の重油である。」は、単独の記述としては法令上妥当な場合がありますが、本問で選ぶべき正答は（5）「特殊引火物に該当する代表的な危険物である。」です。問題文の条件（アセトアルデヒドについて、正しいものはどれか。…）と照らし、設問が問う論点に合う肢を選び直してください。;3:（3）の内容は、正答（5）「特殊引火物に該当する代表的な危険物である。」が示す論点とずれています。 解説の要点：アセトアルデヒドは第4類危険物の特殊引火物に該当する代表例である。引火危険が高い物質として押さえる。【試験ポイント】アセトアルデヒドは特殊引火物。【ひっかけ】アルコール類や石油類と混同しない。【選択肢ア】誤り。禁水性物質ではない。【選択肢イ】誤り。重油ではない。【選択肢ウ】誤り。… 正答（5）との違いを確認し直してください。;4:解説では「アセトアルデヒドは第4類危険物の特殊引火物に該当する代表例である。」とある一方、（4）の記述はそれと矛盾します。 解説の要点：アセトアルデヒドは第4類危険物の特殊引火物に該当する代表例である。引火危険が高い物質として押さえる。【試験ポイント】アセトアルデヒドは特殊引火物。【ひっかけ】アルコール類や石油類と混同しない。【選択肢ア】誤り。禁水性物質ではない。【選択肢イ】誤り。重油ではない。【選択肢ウ】誤り。… 正答（5）との違いを確認し直してください。,アセトアルデヒドは第4類危険物の特殊引火物に該当する代表例である。引火危険が高い物質として押さえる。【試験ポイント】アセトアルデヒドは特殊引火物。【ひっかけ】アルコール類や石油類と混同しない。【選択肢ア】誤り。禁水性物質ではない。【選択肢イ】誤り。重油ではない。【選択肢ウ】誤り。第6類危険物ではない。【選択肢エ】誤り。引火危険がある。【選択肢オ】正しい。アセトアルデヒドは特殊引火物である。,アセトアルデヒドは第4類危険物の特殊引火物に該当する代表例である。引火危険が高い物質として押さえる。【試験ポイント】アセトアルデヒドは特殊引火物。【ひっかけ】アルコール類や石油類と混同しない。【選択肢ア】誤り。禁水性物質ではない。【選択肢イ】誤り。重油ではない。【選択肢ウ】誤り。第6類危険物ではない。【選択肢エ】誤り。引火危険がある。【選択肢オ】正しい。アセ,
93,single,火災・消火・漏えい,PF-021;PF-019;第一石油類;ベンゼン・トルエン;標準;重点,ベンゼンの分類として、正しいものはどれか。,,,,,,第一石油類,アルコール類,第三石油類,動植物油類,特殊引火物,1,ベンゼンは第4類危険物の第一石油類に分類される代表的な物質である。【試験ポイント】ベンゼンは第一石油類。【ひっかけ】ベンゼン・トルエン・ガソリンは第一石油類として整理する。【選択肢ア】正しい。ベンゼンは第一石油類である。【選択肢イ】誤り。アルコール類ではない。【選択肢ウ】誤り。第三石油類ではない。【選択肢エ】誤り。動植物油類ではない。【選択肢オ】誤り。特殊引火物ではない。,2:（2）「アルコール類」は、単独の記述としては法令上妥当な場合がありますが、本問で選ぶべき正答は（1）「第一石油類」です。問題文の条件（ベンゼンの分類として、正しいものはどれか。…）と照らし、設問が問う論点に合う肢を選び直してください。;3:（3）「第三石油類」は、単独の記述としては法令上妥当な場合がありますが、本問で選ぶべき正答は（1）「第一石油類」です。問題文の条件（ベンゼンの分類として、正しいものはどれか。…）と照らし、設問が問う論点に合う肢を選び直してください。;4:（4）「動植物油類」は、単独の記述としては法令上妥当な場合がありますが、本問で選ぶべき正答は（1）「第一石油類」です。問題文の条件（ベンゼンの分類として、正しいものはどれか。…）と照らし、設問が問う論点に合う肢を選び直してください。;5:（5）「特殊引火物」は、単独の記述としては法令上妥当な場合がありますが、本問で選ぶべき正答は（1）「第一石油類」です。問題文の条件（ベンゼンの分類として、正しいものはどれか。…）と照らし、設問が問う論点に合う肢を選び直してください。,ベンゼンは第4類危険物の第一石油類に分類される代表的な物質である。【試験ポイント】ベンゼンは第一石油類。【ひっかけ】ベンゼン・トルエン・ガソリンは第一石油類として整理する。【選択肢ア】正しい。ベンゼンは第一石油類である。【選択肢イ】誤り。アルコール類ではない。【選択肢ウ】誤り。第三石油類ではない。【選択肢エ】誤り。動植物油類ではない。【選択肢オ】誤り。特殊引火物ではない。,ベンゼンは第4類危険物の第一石油類に分類される代表的な物質である。【試験ポイント】ベンゼンは第一石油類。【ひっかけ】ベンゼン・トルエン・ガソリンは第一石油類として整理する。【選択肢ア】正しい。ベンゼンは第一石油類である。【選択肢イ】誤り。アルコール類ではない。【選択肢ウ】誤り。第三石油類ではない。【選択肢エ】誤り。動植物油類ではない。【選択肢オ】誤り。特殊引,
94,single,火災・消火・漏えい,PF-022;PF-019;第一石油類;ベンゼン・トルエン;標準;重点,トルエンの分類として、正しいものはどれか。,,,,,,第一石油類,第三石油類,第二石油類,動植物油類,アルコール類,1,トルエンは第4類危険物の第一石油類に分類される代表的な物質である。【試験ポイント】トルエンは第一石油類。【ひっかけ】キシレンは第二石油類、トルエンは第一石油類として区別する。【選択肢ア】正しい。トルエンは第一石油類である。【選択肢イ】誤り。第三石油類ではない。【選択肢ウ】誤り。第二石油類ではない。【選択肢エ】誤り。動植物油類ではない。【選択肢オ】誤り。アルコール類ではない。,2:（2）「第三石油類」は、単独の記述としては法令上妥当な場合がありますが、本問で選ぶべき正答は（1）「第一石油類」です。問題文の条件（トルエンの分類として、正しいものはどれか。…）と照らし、設問が問う論点に合う肢を選び直してください。;3:（3）「第二石油類」は、単独の記述としては法令上妥当な場合がありますが、本問で選ぶべき正答は（1）「第一石油類」です。問題文の条件（トルエンの分類として、正しいものはどれか。…）と照らし、設問が問う論点に合う肢を選び直してください。;4:（4）「動植物油類」は、単独の記述としては法令上妥当な場合がありますが、本問で選ぶべき正答は（1）「第一石油類」です。問題文の条件（トルエンの分類として、正しいものはどれか。…）と照らし、設問が問う論点に合う肢を選び直してください。;5:（5）「アルコール類」は、単独の記述としては法令上妥当な場合がありますが、本問で選ぶべき正答は（1）「第一石油類」です。問題文の条件（トルエンの分類として、正しいものはどれか。…）と照らし、設問が問う論点に合う肢を選び直してください。,トルエンは第4類危険物の第一石油類に分類される代表的な物質である。【試験ポイント】トルエンは第一石油類。【ひっかけ】キシレンは第二石油類、トルエンは第一石油類として区別する。【選択肢ア】正しい。トルエンは第一石油類である。【選択肢イ】誤り。第三石油類ではない。【選択肢ウ】誤り。第二石油類ではない。【選択肢エ】誤り。動植物油類ではない。【選択肢オ】誤り。アルコール類ではない。,トルエンは第4類危険物の第一石油類に分類される代表的な物質である。【試験ポイント】トルエンは第一石油類。【ひっかけ】キシレンは第二石油類、トルエンは第一石油類として区別する。【選択肢ア】正しい。トルエンは第一石油類である。【選択肢イ】誤り。第三石油類ではない。【選択肢ウ】誤り。第二石油類ではない。【選択肢エ】誤り。動植物油類ではない。【選択肢オ】誤り。アルコ,
95,single,火災・消火・漏えい,PF-023;PF-021;第一石油類;酢酸エチルなどの第一石油類;標準;網羅,酢酸エチルの分類として、正しいものはどれか。,,,,,,第一石油類,第二石油類,動植物油類,アルコール類,第三石油類,1,酢酸エチルは第4類危険物の第一石油類に分類される代表的な物質である。【試験ポイント】酢酸エチルは第一石油類。【ひっかけ】酢酸と酢酸エチルは分類が異なるため注意する。【選択肢ア】正しい。酢酸エチルは第一石油類である。【選択肢イ】誤り。第二石油類ではない。【選択肢ウ】誤り。動植物油類ではない。【選択肢エ】誤り。アルコール類ではない。【選択肢オ】誤り。第三石油類ではない。,2:（2）「第二石油類」は、単独の記述としては法令上妥当な場合がありますが、本問で選ぶべき正答は（1）「第一石油類」です。問題文の条件（酢酸エチルの分類として、正しいものはどれか。…）と照らし、設問が問う論点に合う肢を選び直してください。;3:（3）「動植物油類」は、単独の記述としては法令上妥当な場合がありますが、本問で選ぶべき正答は（1）「第一石油類」です。問題文の条件（酢酸エチルの分類として、正しいものはどれか。…）と照らし、設問が問う論点に合う肢を選び直してください。;4:（4）「アルコール類」は、単独の記述としては法令上妥当な場合がありますが、本問で選ぶべき正答は（1）「第一石油類」です。問題文の条件（酢酸エチルの分類として、正しいものはどれか。…）と照らし、設問が問う論点に合う肢を選び直してください。;5:（5）「第三石油類」は、単独の記述としては法令上妥当な場合がありますが、本問で選ぶべき正答は（1）「第一石油類」です。問題文の条件（酢酸エチルの分類として、正しいものはどれか。…）と照らし、設問が問う論点に合う肢を選び直してください。,酢酸エチルは第4類危険物の第一石油類に分類される代表的な物質である。【試験ポイント】酢酸エチルは第一石油類。【ひっかけ】酢酸と酢酸エチルは分類が異なるため注意する。【選択肢ア】正しい。酢酸エチルは第一石油類である。【選択肢イ】誤り。第二石油類ではない。【選択肢ウ】誤り。動植物油類ではない。【選択肢エ】誤り。アルコール類ではない。【選択肢オ】誤り。第三石油類ではない。,酢酸エチルは第4類危険物の第一石油類に分類される代表的な物質である。【試験ポイント】酢酸エチルは第一石油類。【ひっかけ】酢酸と酢酸エチルは分類が異なるため注意する。【選択肢ア】正しい。酢酸エチルは第一石油類である。【選択肢イ】誤り。第二石油類ではない。【選択肢ウ】誤り。動植物油類ではない。【選択肢エ】誤り。アルコール類ではない。【選択肢オ】誤り。第三石油類で,
96,single,火災・消火・漏えい,PF-024;PF-029;第二石油類;キシレン・酢酸などの第二石油類;標準;網羅,キシレンの分類として、正しいものはどれか。,,,,,,第一石油類,動植物油類,アルコール類,特殊引火物,第二石油類,5,キシレンは第4類危険物の第二石油類に分類される代表的な物質である。【試験ポイント】キシレンは第二石油類。【ひっかけ】トルエンは第一石油類、キシレンは第二石油類として区別する。【選択肢ア】誤り。第一石油類ではない。【選択肢イ】誤り。動植物油類ではない。【選択肢ウ】誤り。アルコール類ではない。【選択肢エ】誤り。特殊引火物ではない。【選択肢オ】正しい。キシレンは第二石油類である。,1:（1）「第一石油類」は、単独の記述としては法令上妥当な場合がありますが、本問で選ぶべき正答は（5）「第二石油類」です。問題文の条件（キシレンの分類として、正しいものはどれか。…）と照らし、設問が問う論点に合う肢を選び直してください。;2:（2）「動植物油類」は、単独の記述としては法令上妥当な場合がありますが、本問で選ぶべき正答は（5）「第二石油類」です。問題文の条件（キシレンの分類として、正しいものはどれか。…）と照らし、設問が問う論点に合う肢を選び直してください。;3:（3）「アルコール類」は、単独の記述としては法令上妥当な場合がありますが、本問で選ぶべき正答は（5）「第二石油類」です。問題文の条件（キシレンの分類として、正しいものはどれか。…）と照らし、設問が問う論点に合う肢を選び直してください。;4:（4）「特殊引火物」は、単独の記述としては法令上妥当な場合がありますが、本問で選ぶべき正答は（5）「第二石油類」です。問題文の条件（キシレンの分類として、正しいものはどれか。…）と照らし、設問が問う論点に合う肢を選び直してください。,キシレンは第4類危険物の第二石油類に分類される代表的な物質である。【試験ポイント】キシレンは第二石油類。【ひっかけ】トルエンは第一石油類、キシレンは第二石油類として区別する。【選択肢ア】誤り。第一石油類ではない。【選択肢イ】誤り。動植物油類ではない。【選択肢ウ】誤り。アルコール類ではない。【選択肢エ】誤り。特殊引火物ではない。【選択肢オ】正しい。キシレンは第二石油類である。,キシレンは第4類危険物の第二石油類に分類される代表的な物質である。【試験ポイント】キシレンは第二石油類。【ひっかけ】トルエンは第一石油類、キシレンは第二石油類として区別する。【選択肢ア】誤り。第一石油類ではない。【選択肢イ】誤り。動植物油類ではない。【選択肢ウ】誤り。アルコール類ではない。【選択肢エ】誤り。特殊引火物ではない。【選択肢オ】正しい。キシレンは第,
97,single,火災・消火・漏えい,PF-025;PF-029;第二石油類;キシレン・酢酸などの第二石油類;標準;網羅,酢酸の分類として、正しいものはどれか。,,,,,,第一石油類,第二石油類,アルコール類,特殊引火物,動植物油類,2,酢酸は第4類危険物の第二石油類に分類される代表的な物質である。【試験ポイント】酢酸は第二石油類。【ひっかけ】酢酸エチルは第一石油類、酢酸は第二石油類として区別する。【選択肢ア】誤り。第一石油類ではない。【選択肢イ】正しい。酢酸は第二石油類である。【選択肢ウ】誤り。アルコール類ではない。【選択肢エ】誤り。特殊引火物ではない。【選択肢オ】誤り。動植物油類ではない。,1:（1）「第一石油類」は、単独の記述としては法令上妥当な場合がありますが、本問で選ぶべき正答は（2）「第二石油類」です。問題文の条件（酢酸の分類として、正しいものはどれか。…）と照らし、設問が問う論点に合う肢を選び直してください。;3:（3）「アルコール類」は、単独の記述としては法令上妥当な場合がありますが、本問で選ぶべき正答は（2）「第二石油類」です。問題文の条件（酢酸の分類として、正しいものはどれか。…）と照らし、設問が問う論点に合う肢を選び直してください。;4:（4）「特殊引火物」は、単独の記述としては法令上妥当な場合がありますが、本問で選ぶべき正答は（2）「第二石油類」です。問題文の条件（酢酸の分類として、正しいものはどれか。…）と照らし、設問が問う論点に合う肢を選び直してください。;5:（5）「動植物油類」は、単独の記述としては法令上妥当な場合がありますが、本問で選ぶべき正答は（2）「第二石油類」です。問題文の条件（酢酸の分類として、正しいものはどれか。…）と照らし、設問が問う論点に合う肢を選び直してください。,酢酸は第4類危険物の第二石油類に分類される代表的な物質である。【試験ポイント】酢酸は第二石油類。【ひっかけ】酢酸エチルは第一石油類、酢酸は第二石油類として区別する。【選択肢ア】誤り。第一石油類ではない。【選択肢イ】正しい。酢酸は第二石油類である。【選択肢ウ】誤り。アルコール類ではない。【選択肢エ】誤り。特殊引火物ではない。【選択肢オ】誤り。動植物油類ではない。,酢酸は第4類危険物の第二石油類に分類される代表的な物質である。【試験ポイント】酢酸は第二石油類。【ひっかけ】酢酸エチルは第一石油類、酢酸は第二石油類として区別する。【選択肢ア】誤り。第一石油類ではない。【選択肢イ】正しい。酢酸は第二石油類である。【選択肢ウ】誤り。アルコール類ではない。【選択肢エ】誤り。特殊引火物ではない。【選択肢オ】誤り。動植物油類ではない,
98,single,火災・消火・漏えい,PF-026;PF-032;第三石油類;クレオソート油・アニリン・エチレングリコール;標準;網羅,エチレングリコールの分類として、正しいものはどれか。,,,,,,第三石油類,動植物油類,第一石油類,特殊引火物,アルコール類,1,エチレングリコールは第4類危険物の第三石油類に分類される代表的な物質である。【試験ポイント】エチレングリコールは第三石油類。【ひっかけ】アルコール類と名前の印象だけで混同しない。【選択肢ア】正しい。エチレングリコールは第三石油類である。【選択肢イ】誤り。動植物油類ではない。【選択肢ウ】誤り。第一石油類ではない。【選択肢エ】誤り。特殊引火物ではない。【選択肢オ】誤り。アルコール類ではない。,2:（2）「動植物油類」は、単独の記述としては法令上妥当な場合がありますが、本問で選ぶべき正答は（1）「第三石油類」です。問題文の条件（エチレングリコールの分類として、正しいものはどれか。…）と照らし、設問が問う論点に合う肢を選び直してください。;3:（3）「第一石油類」は、単独の記述としては法令上妥当な場合がありますが、本問で選ぶべき正答は（1）「第三石油類」です。問題文の条件（エチレングリコールの分類として、正しいものはどれか。…）と照らし、設問が問う論点に合う肢を選び直してください。;4:（4）「特殊引火物」は、単独の記述としては法令上妥当な場合がありますが、本問で選ぶべき正答は（1）「第三石油類」です。問題文の条件（エチレングリコールの分類として、正しいものはどれか。…）と照らし、設問が問う論点に合う肢を選び直してください。;5:（5）「アルコール類」は、単独の記述としては法令上妥当な場合がありますが、本問で選ぶべき正答は（1）「第三石油類」です。問題文の条件（エチレングリコールの分類として、正しいものはどれか。…）と照らし、設問が問う論点に合う肢を選び直してください。,エチレングリコールは第4類危険物の第三石油類に分類される代表的な物質である。【試験ポイント】エチレングリコールは第三石油類。【ひっかけ】アルコール類と名前の印象だけで混同しない。【選択肢ア】正しい。エチレングリコールは第三石油類である。【選択肢イ】誤り。動植物油類ではない。【選択肢ウ】誤り。第一石油類ではない。【選択肢エ】誤り。特殊引火物ではない。【選択肢オ】誤り。アルコール類ではない。,エチレングリコールは第4類危険物の第三石油類に分類される代表的な物質である。【試験ポイント】エチレングリコールは第三石油類。【ひっかけ】アルコール類と名前の印象だけで混同しない。【選択肢ア】正しい。エチレングリコールは第三石油類である。【選択肢イ】誤り。動植物油類ではない。【選択肢ウ】誤り。第一石油類ではない。【選択肢エ】誤り。特殊引火物ではない。【選択肢オ,
99,single,火災・消火・漏えい,PF-027;PF-033;第四石油類;第四石油類・潤滑油類;基礎;網羅,第四石油類の代表例として、適切なものはどれか。,,,,,,潤滑油,メタノール,ガソリン,灯油,ジエチルエーテル,1,第四石油類には潤滑油類が含まれる。ガソリンは第一石油類、ジエチルエーテルは特殊引火物、メタノールはアルコール類、灯油は第二石油類である。【試験ポイント】第四石油類は潤滑油類を押さえる。【ひっかけ】第一〜第四石油類の代表例を整理する。【選択肢ア】正しい。潤滑油は第四石油類の代表例である。【選択肢イ】誤り。メタノールはアルコール類である。【選択肢ウ】誤り。ガソリンは第一石油類である。【選択肢エ】誤り。灯油は第二石油類である。【選択肢オ】誤り。ジエチルエーテルは特殊引火物である。,2:（2）「メタノール」は、単独の記述としては法令上妥当な場合がありますが、本問で選ぶべき正答は（1）「潤滑油」です。問題文の条件（第四石油類の代表例として、適切なものはどれか。…）と照らし、設問が問う論点に合う肢を選び直してください。;3:（3）「ガソリン」は、単独の記述としては法令上妥当な場合がありますが、本問で選ぶべき正答は（1）「潤滑油」です。問題文の条件（第四石油類の代表例として、適切なものはどれか。…）と照らし、設問が問う論点に合う肢を選び直してください。;4:（4）「灯油」は、単独の記述としては法令上妥当な場合がありますが、本問で選ぶべき正答は（1）「潤滑油」です。問題文の条件（第四石油類の代表例として、適切なものはどれか。…）と照らし、設問が問う論点に合う肢を選び直してください。;5:ガソリンは第一石油類、ジエチルエーテルは特殊引火物、メタノールはアルコール類、灯油は第二石油類である。,第四石油類には潤滑油類が含まれる。ガソリンは第一石油類、ジエチルエーテルは特殊引火物、メタノールはアルコール類、灯油は第二石油類である。【試験ポイント】第四石油類は潤滑油類を押さえる。【ひっかけ】第一〜第四石油類の代表例を整理する。【選択肢ア】正しい。潤滑油は第四石油類の代表例である。【選択肢イ】誤り。メタノールはアルコール類である。【選択肢ウ】誤り。ガソリンは第一石油類である。【選択肢エ】誤り。灯油は第二石油類である。【選択肢オ】誤り。ジエチルエーテルは特殊引火物である。,第四石油類には潤滑油類が含まれる。ガソリンは第一石油類、ジエチルエーテルは特殊引火物、メタノールはアルコール類、灯油は第二石油類である。【試験ポイント】第四石油類は潤滑油類を押さえる。【ひっかけ】第一〜第四石油類の代表例を整理する。【選択肢ア】正しい。潤滑油は第四石油類の代表例である。【選択肢イ】誤り。メタノールはアルコール類である。【選択肢ウ】誤り。ガソリ,
100,single,火災・消火・漏えい,PF-028;PF-039;分類比較;分類と代表物質の対応;標準;重点,第4類危険物の分類と代表物質の組合せとして、正しいものはどれか。,,,,,,アルコール類 — 重油,特殊引火物 — 灯油,動植物油類 — ジエチルエーテル,第一石油類 — ガソリン,第二石油類 — メタノール,4,ガソリンは第一石油類の代表例である。灯油は第二石油類、重油は第三石油類、メタノールはアルコール類、ジエチルエーテルは特殊引火物である。【試験ポイント】代表物質と分類の対応を押さえる。【ひっかけ】ガソリン・灯油・重油・メタノール・ジエチルエーテルを混同しない。【選択肢ア】誤り。重油は第三石油類である。【選択肢イ】誤り。灯油は第二石油類である。【選択肢ウ】誤り。ジエチルエーテルは特殊引火物である。【選択肢エ】正しい。ガソリンは第一石油類である。【選択肢オ】誤り。メタノールはアルコール類である。,1:（1）「アルコール類 — 重油」は、単独の記述としては法令上妥当な場合がありますが、本問で選ぶべき正答は（4）「第一石油類 — ガソリン」です。問題文の条件（第4類危険物の分類と代表物質の組合せとして、正しいものはどれか。…）と照らし、設問が問う論点に合う肢を選び直してください。;2:（2）「特殊引火物 — 灯油」は、単独の記述としては法令上妥当な場合がありますが、本問で選ぶべき正答は（4）「第一石油類 — ガソリン」です。問題文の条件（第4類危険物の分類と代表物質の組合せとして、正しいものはどれか。…）と照らし、設問が問う論点に合う肢を選び直してください。;3:（3）「動植物油類 — ジエチルエーテル」は、単独の記述としては法令上妥当な場合がありますが、本問で選ぶべき正答は（4）「第一石油類 — ガソリン」です。問題文の条件（第4類危険物の分類と代表物質の組合せとして、正しいものはどれか。…）と照らし、設問が問う論点に合う肢を選び直してください。;5:（5）「第二石油類 — メタノール」は、単独の記述としては法令上妥当な場合がありますが、本問で選ぶべき正答は（4）「第一石油類 — ガソリン」です。問題文の条件（第4類危険物の分類と代表物質の組合せとして、正しいものはどれか。…）と照らし、設問が問う論点に合う肢を選び直してください。,ガソリンは第一石油類の代表例である。灯油は第二石油類、重油は第三石油類、メタノールはアルコール類、ジエチルエーテルは特殊引火物である。【試験ポイント】代表物質と分類の対応を押さえる。【ひっかけ】ガソリン・灯油・重油・メタノール・ジエチルエーテルを混同しない。【選択肢ア】誤り。重油は第三石油類である。【選択肢イ】誤り。灯油は第二石油類である。【選択肢ウ】誤り。ジエチルエーテルは特殊引火物である。【選択肢エ】正しい。ガソリンは第一石油類である。【選択肢オ】誤り。メタノールはアルコール類である。,ガソリンは第一石油類の代表例である。灯油は第二石油類、重油は第三石油類、メタノールはアルコール類、ジエチルエーテルは特殊引火物である。【試験ポイント】代表物質と分類の対応を押さえる。【ひっかけ】ガソリン・灯油・重油・メタノール・ジエチルエーテルを混同しない。【選択肢ア】誤り。重油は第三石油類である。【選択肢イ】誤り。灯油は第二石油類である。【選択肢ウ】誤り。,
101,single,法令・制度,L-046;LAW-005;指定数量;第4類危険物の指定数量;標準;重点,特殊引火物の指定数量として、正しいものはどれか。,,,,,,50 L,"2,000 L",400 L,"1,000 L",200 L,1,"特殊引火物の指定数量は50 Lである。第4類危険物の指定数量は品名・性質によって異なる。【試験ポイント】特殊引火物は50 L。【ひっかけ】第1石油類やアルコール類の指定数量と混同しない。【選択肢ア】正しい。特殊引火物の指定数量は50 Lである。【選択肢イ】誤り。2,000 Lは第3石油類の非水溶性液体などで問題になる数量である。【選択肢ウ】誤り。400 Lはアルコール類などで問題になる数量である。【選択肢エ】誤り。1,000 Lは第2石油類の非水溶性液体などで問題になる数量である。【選択肢オ】誤り。200 Lは第1石油類の非水溶性液体などで問題になる数量である。","2:（2）「2,000 L」は、単独の記述としては法令上妥当な場合がありますが、本問で選ぶべき正答は（1）「50 L」です。問題文の条件（特殊引火物の指定数量として、正しいものはどれか。…）と照らし、設問が問う論点に合う肢を選び直してください。;3:（3）「400 L」は、単独の記述としては法令上妥当な場合がありますが、本問で選ぶべき正答は（1）「50 L」です。問題文の条件（特殊引火物の指定数量として、正しいものはどれか。…）と照らし、設問が問う論点に合う肢を選び直してください。;4:（4）「1,000 L」は、単独の記述としては法令上妥当な場合がありますが、本問で選ぶべき正答は（1）「50 L」です。問題文の条件（特殊引火物の指定数量として、正しいものはどれか。…）と照らし、設問が問う論点に合う肢を選び直してください。;5:（5）「200 L」は、単独の記述としては法令上妥当な場合がありますが、本問で選ぶべき正答は（1）「50 L」です。問題文の条件（特殊引火物の指定数量として、正しいものはどれか。…）と照らし、設問が問う論点に合う肢を選び直してください。","特殊引火物の指定数量は50 Lである。第4類危険物の指定数量は品名・性質によって異なる。【試験ポイント】特殊引火物は50 L。【ひっかけ】第1石油類やアルコール類の指定数量と混同しない。【選択肢ア】正しい。特殊引火物の指定数量は50 Lである。【選択肢イ】誤り。2,000 Lは第3石油類の非水溶性液体などで問題になる数量である。【選択肢ウ】誤り。400 Lはアルコール類などで問題になる数量である。【選択肢エ】誤り。1,000 Lは第2石油類の非水溶性液体などで問題になる数量である。【選択肢オ】誤り。200 Lは第1石油類の非水溶性液体などで問題になる数量である。","特殊引火物の指定数量は50 Lである。第4類危険物の指定数量は品名・性質によって異なる。【試験ポイント】特殊引火物は50 L。【ひっかけ】第1石油類やアルコール類の指定数量と混同しない。【選択肢ア】正しい。特殊引火物の指定数量は50 Lである。【選択肢イ】誤り。2,000 Lは第3石油類の非水溶性液体などで問題になる数量である。【選択肢ウ】誤り。400 Lは",
102,single,法令・制度,L-047;LAW-005;指定数量;第4類危険物の指定数量;標準;重点,アルコール類の指定数量として、正しいものはどれか。,,,,,,"1,000 L",200 L,400 L,50 L,"10,000 L",3,"アルコール類の指定数量は400 Lである。メタノールやエタノールはアルコール類として整理する。【試験ポイント】アルコール類は400 L。【ひっかけ】水に溶けやすいから危険が低い、とは考えない。【選択肢ア】誤り。1,000 Lは第2石油類の非水溶性液体などで問題になる。【選択肢イ】誤り。200 Lは第1石油類の非水溶性液体などで問題になる。【選択肢ウ】正しい。アルコール類の指定数量は400 Lである。【選択肢エ】誤り。50 Lは特殊引火物の指定数量である。【選択肢オ】誤り。10,000 Lは動植物油類の指定数量である。","1:（1）「1,000 L」は、単独の記述としては法令上妥当な場合がありますが、本問で選ぶべき正答は（3）「400 L」です。問題文の条件（アルコール類の指定数量として、正しいものはどれか。…）と照らし、設問が問う論点に合う肢を選び直してください。;2:（2）「200 L」は、単独の記述としては法令上妥当な場合がありますが、本問で選ぶべき正答は（3）「400 L」です。問題文の条件（アルコール類の指定数量として、正しいものはどれか。…）と照らし、設問が問う論点に合う肢を選び直してください。;4:（4）「50 L」は、単独の記述としては法令上妥当な場合がありますが、本問で選ぶべき正答は（3）「400 L」です。問題文の条件（アルコール類の指定数量として、正しいものはどれか。…）と照らし、設問が問う論点に合う肢を選び直してください。;5:（5）「10,000 L」は、単独の記述としては法令上妥当な場合がありますが、本問で選ぶべき正答は（3）「400 L」です。問題文の条件（アルコール類の指定数量として、正しいものはどれか。…）と照らし、設問が問う論点に合う肢を選び直してください。","アルコール類の指定数量は400 Lである。メタノールやエタノールはアルコール類として整理する。【試験ポイント】アルコール類は400 L。【ひっかけ】水に溶けやすいから危険が低い、とは考えない。【選択肢ア】誤り。1,000 Lは第2石油類の非水溶性液体などで問題になる。【選択肢イ】誤り。200 Lは第1石油類の非水溶性液体などで問題になる。【選択肢ウ】正しい。アルコール類の指定数量は400 Lである。【選択肢エ】誤り。50 Lは特殊引火物の指定数量である。【選択肢オ】誤り。10,000 Lは動植物油類の指定数量である。","アルコール類の指定数量は400 Lである。メタノールやエタノールはアルコール類として整理する。【試験ポイント】アルコール類は400 L。【ひっかけ】水に溶けやすいから危険が低い、とは考えない。【選択肢ア】誤り。1,000 Lは第2石油類の非水溶性液体などで問題になる。【選択肢イ】誤り。200 Lは第1石油類の非水溶性液体などで問題になる。【選択肢ウ】正しい。",
103,single,法令・制度,L-048;LAW-005;指定数量;第4類危険物の指定数量;標準;重点,灯油の指定数量として、正しいものはどれか。,,,,,,400 L,"4,000 L",200 L,"1,000 L",50 L,4,"灯油は第2石油類の非水溶性液体であり、指定数量は1,000 Lである。【試験ポイント】灯油・軽油は第二石油類、指定数量1,000 L。【ひっかけ】灯油と重油の分類を混同しない。【選択肢ア】誤り。400 Lはアルコール類などで問題になる。【選択肢イ】誤り。4,000 Lは第3石油類の水溶性液体などで問題になる。【選択肢ウ】誤り。200 Lはガソリンなど第1石油類の非水溶性液体で問題になる。【選択肢エ】正しい。灯油の指定数量は1,000 Lである。【選択肢オ】誤り。50 Lは特殊引火物の指定数量である。","1:（1）「400 L」は、単独の記述としては法令上妥当な場合がありますが、本問で選ぶべき正答は（4）「1,000 L」です。問題文の条件（灯油の指定数量として、正しいものはどれか。…）と照らし、設問が問う論点に合う肢を選び直してください。;2:（2）「4,000 L」は、単独の記述としては法令上妥当な場合がありますが、本問で選ぶべき正答は（4）「1,000 L」です。問題文の条件（灯油の指定数量として、正しいものはどれか。…）と照らし、設問が問う論点に合う肢を選び直してください。;3:（3）「200 L」は、単独の記述としては法令上妥当な場合がありますが、本問で選ぶべき正答は（4）「1,000 L」です。問題文の条件（灯油の指定数量として、正しいものはどれか。…）と照らし、設問が問う論点に合う肢を選び直してください。;5:（5）「50 L」は、単独の記述としては法令上妥当な場合がありますが、本問で選ぶべき正答は（4）「1,000 L」です。問題文の条件（灯油の指定数量として、正しいものはどれか。…）と照らし、設問が問う論点に合う肢を選び直してください。","灯油は第2石油類の非水溶性液体であり、指定数量は1,000 Lである。【試験ポイント】灯油・軽油は第二石油類、指定数量1,000 L。【ひっかけ】灯油と重油の分類を混同しない。【選択肢ア】誤り。400 Lはアルコール類などで問題になる。【選択肢イ】誤り。4,000 Lは第3石油類の水溶性液体などで問題になる。【選択肢ウ】誤り。200 Lはガソリンなど第1石油類の非水溶性液体で問題になる。【選択肢エ】正しい。灯油の指定数量は1,000 Lである。【選択肢オ】誤り。50 Lは特殊引火物の指定数量である。","灯油は第2石油類の非水溶性液体であり、指定数量は1,000 Lである。【試験ポイント】灯油・軽油は第二石油類、指定数量1,000 L。【ひっかけ】灯油と重油の分類を混同しない。【選択肢ア】誤り。400 Lはアルコール類などで問題になる。【選択肢イ】誤り。4,000 Lは第3石油類の水溶性液体などで問題になる。【選択肢ウ】誤り。200 Lはガソリンなど第1石油",
104,single,法令・制度,L-049;LAW-005;指定数量;第4類危険物の指定数量;標準;重点,動植物油類の指定数量として、正しいものはどれか。,,,,,,400 L,"10,000 L","1,000 L","2,000 L","6,000 L",2,"動植物油類の指定数量は10,000 Lである。第4類の中でも指定数量が大きい分類である。【試験ポイント】動植物油類は10,000 L。【ひっかけ】自然発火の危険があっても指定数量は特殊引火物とは大きく異なる。【選択肢ア】誤り。400 Lはアルコール類などで問題になる。【選択肢イ】正しい。動植物油類の指定数量は10,000 Lである。【選択肢ウ】誤り。1,000 Lは第2石油類の非水溶性液体などで問題になる。【選択肢エ】誤り。2,000 Lは第3石油類の非水溶性液体などで問題になる。【選択肢オ】誤り。6,000 Lは第4石油類で問題になる。","1:（1）「400 L」は、単独の記述としては法令上妥当な場合がありますが、本問で選ぶべき正答は（2）「10,000 L」です。問題文の条件（動植物油類の指定数量として、正しいものはどれか。…）と照らし、設問が問う論点に合う肢を選び直してください。;3:（3）「1,000 L」は、単独の記述としては法令上妥当な場合がありますが、本問で選ぶべき正答は（2）「10,000 L」です。問題文の条件（動植物油類の指定数量として、正しいものはどれか。…）と照らし、設問が問う論点に合う肢を選び直してください。;4:（4）「2,000 L」は、単独の記述としては法令上妥当な場合がありますが、本問で選ぶべき正答は（2）「10,000 L」です。問題文の条件（動植物油類の指定数量として、正しいものはどれか。…）と照らし、設問が問う論点に合う肢を選び直してください。;5:（5）「6,000 L」は、単独の記述としては法令上妥当な場合がありますが、本問で選ぶべき正答は（2）「10,000 L」です。問題文の条件（動植物油類の指定数量として、正しいものはどれか。…）と照らし、設問が問う論点に合う肢を選び直してください。","動植物油類の指定数量は10,000 Lである。 【試験ポイント】動植物油類は10,000 L。","動植物油類の指定数量は10,000 Lである。第4類の中でも指定数量が大きい分類である。【試験ポイント】動植物油類は10,000 L。【ひっかけ】自然発火の危険があっても指定数量は特殊引火物とは大きく異なる。【選択肢ア】誤り。400 Lはアルコール類などで問題になる。【選択肢イ】正しい。動植物油類の指定数量は10,000 Lである。【選択肢ウ】誤り。1,00",
105,single,法令・制度,L-050;LAW-007;指定数量;指定数量の倍数計算;標準;重点,ガソリン50 Lを貯蔵する場合の指定数量の倍数として、正しいものはどれか。ただし、ガソリンの指定数量は200 Lとする。,,,,,,4.0倍,0.5倍,1.0倍,0.25倍,2.0倍,4,指定数量の倍数は、貯蔵数量を指定数量で割って求める。50÷200＝0.25倍である。【試験ポイント】指定数量倍数＝数量÷指定数量。【ひっかけ】指定数量と貯蔵数量を逆に割らない。【選択肢ア】誤り。800 Lなら4.0倍である。【選択肢イ】誤り。100 Lなら0.5倍である。【選択肢ウ】誤り。200 Lなら1.0倍である。【選択肢エ】正しい。50÷200＝0.25倍である。【選択肢オ】誤り。400 Lなら2.0倍である。,1:（1）「4.0倍」は、単独の記述としては法令上妥当な場合がありますが、本問で選ぶべき正答は（4）「0.25倍」です。問題文の条件（ガソリン50 Lを貯蔵する場合の指定数量の倍数として、正しいものはどれか。ただし、ガソリンの指定…）と照らし、設問が問う論点に合う肢を選び直してください。;2:（2）「0.5倍」は、単独の記述としては法令上妥当な場合がありますが、本問で選ぶべき正答は（4）「0.25倍」です。問題文の条件（ガソリン50 Lを貯蔵する場合の指定数量の倍数として、正しいものはどれか。ただし、ガソリンの指定…）と照らし、設問が問う論点に合う肢を選び直してください。;3:（3）「1.0倍」は、単独の記述としては法令上妥当な場合がありますが、本問で選ぶべき正答は（4）「0.25倍」です。問題文の条件（ガソリン50 Lを貯蔵する場合の指定数量の倍数として、正しいものはどれか。ただし、ガソリンの指定…）と照らし、設問が問う論点に合う肢を選び直してください。;5:（5）「2.0倍」は、単独の記述としては法令上妥当な場合がありますが、本問で選ぶべき正答は（4）「0.25倍」です。問題文の条件（ガソリン50 Lを貯蔵する場合の指定数量の倍数として、正しいものはどれか。ただし、ガソリンの指定…）と照らし、設問が問う論点に合う肢を選び直してください。,指定数量の倍数は、貯蔵数量を指定数量で割って求める。50÷200＝0.25倍である。【試験ポイント】指定数量倍数＝数量÷指定数量。【ひっかけ】指定数量と貯蔵数量を逆に割らない。【選択肢ア】誤り。800 Lなら4.0倍である。【選択肢イ】誤り。100 Lなら0.5倍である。【選択肢ウ】誤り。200 Lなら1.0倍である。【選択肢エ】正しい。50÷200＝0.25倍である。【選択肢オ】誤り。400 Lなら2.0倍である。,指定数量の倍数は、貯蔵数量を指定数量で割って求める。50÷200＝0.25倍である。【試験ポイント】指定数量倍数＝数量÷指定数量。【ひっかけ】指定数量と貯蔵数量を逆に割らない。【選択肢ア】誤り。800 Lなら4.0倍である。【選択肢イ】誤り。100 Lなら0.5倍である。【選択肢ウ】誤り。200 Lなら1.0倍である。【選択肢エ】正しい。50÷200＝0.2,
106,single,法令・制度,L-051;LAW-008;指定数量;複数危険物を扱う場合の倍数合算;標準;重点,ガソリン100 L、エタノール200 Lを同一場所で貯蔵する場合の指定数量の倍数として、正しいものはどれか。ただし、ガソリンの指定数量は200 L、エタノールの指定数量は400 Lとする。,,,,,,1.5倍,0.5倍,2.0倍,1.0倍,3.0倍,4,ガソリンは100÷200＝0.5倍、エタノールは200÷400＝0.5倍で、合計1.0倍である。【試験ポイント】複数危険物は、それぞれ倍数を計算して合算する。【ひっかけ】数量合計だけで判断しない。【選択肢ア】誤り。計算結果は1.0倍である。【選択肢イ】誤り。ガソリン分だけの倍数である。【選択肢ウ】誤り。数量を単純に合計して判断するのではない。【選択肢エ】正しい。0.5倍＋0.5倍＝1.0倍である。【選択肢オ】誤り。指定数量を足して割るのではない。,1:（1）「1.5倍」は、単独の記述としては法令上妥当な場合がありますが、本問で選ぶべき正答は（4）「1.0倍」です。問題文の条件（ガソリン100 L、エタノール200 Lを同一場所で貯蔵する場合の指定数量の倍数として、正しいも…）と照らし、設問が問う論点に合う肢を選び直してください。;2:（2）「0.5倍」は、単独の記述としては法令上妥当な場合がありますが、本問で選ぶべき正答は（4）「1.0倍」です。問題文の条件（ガソリン100 L、エタノール200 Lを同一場所で貯蔵する場合の指定数量の倍数として、正しいも…）と照らし、設問が問う論点に合う肢を選び直してください。;3:（3）「2.0倍」は、単独の記述としては法令上妥当な場合がありますが、本問で選ぶべき正答は（4）「1.0倍」です。問題文の条件（ガソリン100 L、エタノール200 Lを同一場所で貯蔵する場合の指定数量の倍数として、正しいも…）と照らし、設問が問う論点に合う肢を選び直してください。;5:（5）「3.0倍」は、単独の記述としては法令上妥当な場合がありますが、本問で選ぶべき正答は（4）「1.0倍」です。問題文の条件（ガソリン100 L、エタノール200 Lを同一場所で貯蔵する場合の指定数量の倍数として、正しいも…）と照らし、設問が問う論点に合う肢を選び直してください。,ガソリンは100÷200＝0.5倍、エタノールは200÷400＝0.5倍で、合計1.0倍である。【試験ポイント】複数危険物は、それぞれ倍数を計算して合算する。【ひっかけ】数量合計だけで判断しない。【選択肢ア】誤り。計算結果は1.0倍である。【選択肢イ】誤り。ガソリン分だけの倍数である。【選択肢ウ】誤り。数量を単純に合計して判断するのではない。【選択肢エ】正しい。0.5倍＋0.5倍＝1.0倍である。【選択肢オ】誤り。指定数量を足して割るのではない。,ガソリンは100÷200＝0.5倍、エタノールは200÷400＝0.5倍で、合計1.0倍である。【試験ポイント】複数危険物は、それぞれ倍数を計算して合算する。【ひっかけ】数量合計だけで判断しない。【選択肢ア】誤り。計算結果は1.0倍である。【選択肢イ】誤り。ガソリン分だけの倍数である。【選択肢ウ】誤り。数量を単純に合計して判断するのではない。【選択肢エ】正し,
107,single,法令・制度,L-052;LAW-017;検査;完成検査前検査;標準;網羅,完成検査前検査について、正しいものはどれか。,,,,,,施設の掲示板の色だけを確認する検査である。,危険物取扱者試験の採点前に行う検査である。,すべての危険物容器を購入時に行う検査である。,一定の液体危険物タンクなどについて、完成検査の前に行われる検査である。,危険物の味を確認する検査である。,4,完成検査前検査は、一定のタンクなどについて完成検査の前に行われる検査である。試験採点や危険物の味の確認ではない。【試験ポイント】完成検査と完成検査前検査を区別する。【ひっかけ】名称が似た検査を混同しない。【選択肢ア】誤り。掲示板の色だけを確認するものではない。【選択肢イ】誤り。試験採点前の検査ではない。【選択肢ウ】誤り。すべての容器購入時の検査ではない。【選択肢エ】正しい。一定のタンクなどで問題になる検査である。【選択肢オ】誤り。危険物の味を確認してはならない。,1:（1）の内容は、正答（4）「一定の液体危険物タンクなどについて、完成検査の前に行われる検査である。」が示す論点とずれています。 解説の要点：完成検査前検査は、一定のタンクなどについて完成検査の前に行われる検査である。試験採点や危険物の味の確認ではない。【試験ポイント】完成検査と完成検査前検査を区別する。【ひっかけ】名称が似た検査を混同しない。【選択肢ア】誤り。掲示板の色だけを確認するものではない。【選択肢イ】誤り。試… 正答（4）との違いを確認し直してください。;2:（2）の内容は、正答（4）「一定の液体危険物タンクなどについて、完成検査の前に行われる検査である。」が示す論点とずれています。 解説の要点：完成検査前検査は、一定のタンクなどについて完成検査の前に行われる検査である。試験採点や危険物の味の確認ではない。【試験ポイント】完成検査と完成検査前検査を区別する。【ひっかけ】名称が似た検査を混同しない。【選択肢ア】誤り。掲示板の色だけを確認するものではない。【選択肢イ】誤り。試… 正答（4）との違いを確認し直してください。;3:（3）の内容は、正答（4）「一定の液体危険物タンクなどについて、完成検査の前に行われる検査である。」が示す論点とずれています。 解説の要点：完成検査前検査は、一定のタンクなどについて完成検査の前に行われる検査である。試験採点や危険物の味の確認ではない。【試験ポイント】完成検査と完成検査前検査を区別する。【ひっかけ】名称が似た検査を混同しない。【選択肢ア】誤り。掲示板の色だけを確認するものではない。【選択肢イ】誤り。試… 正答（4）との違いを確認し直してください。;5:（5）「危険物の味を確認する検査である。」は、単独の記述としては法令上妥当な場合がありますが、本問で選ぶべき正答は（4）「一定の液体危険物タンクなどについて、完成検査の前に行われる検査である。」です。問題文の条件（完成検査前検査について、正しいものはどれか。…）と照らし、設問が問う論点に合う肢を選び直してください。,完成検査前検査は、一定のタンクなどについて完成検査の前に行われる検査である。試験採点や危険物の味の確認ではない。【試験ポイント】完成検査と完成検査前検査を区別する。【ひっかけ】名称が似た検査を混同しない。【選択肢ア】誤り。掲示板の色だけを確認するものではない。【選択肢イ】誤り。試験採点前の検査ではない。【選択肢ウ】誤り。すべての容器購入時の検査ではない。【選択肢エ】正しい。一定のタンクなどで問題になる検査である。【選択肢オ】誤り。危険物の味を確認してはならない。,完成検査前検査は、一定のタンクなどについて完成検査の前に行われる検査である。試験採点や危険物の味の確認ではない。【試験ポイント】完成検査と完成検査前検査を区別する。【ひっかけ】名称が似た検査を混同しない。【選択肢ア】誤り。掲示板の色だけを確認するものではない。【選択肢イ】誤り。試験採点前の検査ではない。【選択肢ウ】誤り。すべての容器購入時の検査ではない。【選,
108,single,法令・制度,L-053;LAW-018;仮使用;仮使用の承認;標準;網羅,仮使用について、正しいものはどれか。,,,,,,変更工事中などでも、一定の条件のもとで一部を使用するため承認が必要となる場合がある。,仮使用とは、危険物取扱者試験を仮に受験する制度である。,危険物施設は、工事中であれば常に自由に使用できる。,仮使用では、火災予防上の措置は一切不要である。,仮使用は、危険物を下水へ流すことをいう。,1,仮使用は、変更工事中などに一定の条件のもとで施設の一部を使用するための承認に関する論点である。【試験ポイント】仮使用は施設変更中の使用承認に関係する。【ひっかけ】仮貯蔵・仮取扱いと区別する。【選択肢ア】正しい。一定条件のもとで承認が必要となる場合がある。【選択肢イ】誤り。試験受験制度ではない。【選択肢ウ】誤り。工事中に常に自由使用できるわけではない。【選択肢エ】誤り。火災予防上の措置は重要である。【選択肢オ】誤り。危険物を下水へ流すことではない。,2:（2）の内容は、正答（1）「変更工事中などでも、一定の条件のもとで一部を使用するため承認が必要となる場合がある。」が示す論点とずれています。 解説の要点：仮使用は、変更工事中などに一定の条件のもとで施設の一部を使用するための承認に関する論点である。【試験ポイント】仮使用は施設変更中の使用承認に関係する。【ひっかけ】仮貯蔵・仮取扱いと区別する。【選択肢ア】正しい。一定条件のもとで承認が必要となる場合がある。【選択肢イ】誤り。試験受験… 正答（1）との違いを確認し直してください。;3:（3）の内容は、正答（1）「変更工事中などでも、一定の条件のもとで一部を使用するため承認が必要となる場合がある。」が示す論点とずれています。 解説の要点：仮使用は、変更工事中などに一定の条件のもとで施設の一部を使用するための承認に関する論点である。【試験ポイント】仮使用は施設変更中の使用承認に関係する。【ひっかけ】仮貯蔵・仮取扱いと区別する。【選択肢ア】正しい。一定条件のもとで承認が必要となる場合がある。【選択肢イ】誤り。試験受験… 正答（1）との違いを確認し直してください。;4:解説では「仮使用は、変更工事中などに一定の条件のもとで施設の一部を使用するための承認に関する論点である。」とある一方、（4）の記述はそれと矛盾します。 解説の要点：仮使用は、変更工事中などに一定の条件のもとで施設の一部を使用するための承認に関する論点である。【試験ポイント】仮使用は施設変更中の使用承認に関係する。【ひっかけ】仮貯蔵・仮取扱いと区別する。【選択肢ア】正しい。一定条件のもとで承認が必要となる場合がある。【選択肢イ】誤り。試験受験… 正答（1）との違いを確認し直してください。;5:（5）の内容は、正答（1）「変更工事中などでも、一定の条件のもとで一部を使用するため承認が必要となる場合がある。」が示す論点とずれています。 解説の要点：仮使用は、変更工事中などに一定の条件のもとで施設の一部を使用するための承認に関する論点である。【試験ポイント】仮使用は施設変更中の使用承認に関係する。【ひっかけ】仮貯蔵・仮取扱いと区別する。【選択肢ア】正しい。一定条件のもとで承認が必要となる場合がある。【選択肢イ】誤り。試験受験… 正答（1）との違いを確認し直してください。,仮使用は、変更工事中などに一定の条件のもとで施設の一部を使用するための承認に関する論点である。【試験ポイント】仮使用は施設変更中の使用承認に関係する。【ひっかけ】仮貯蔵・仮取扱いと区別する。【選択肢ア】正しい。一定条件のもとで承認が必要となる場合がある。【選択肢イ】誤り。試験受験制度ではない。【選択肢ウ】誤り。工事中に常に自由使用できるわけではない。【選択肢エ】誤り。火災予防上の措置は重要である。【選択肢オ】誤り。危険物を下水へ流すことではない。,仮使用は、変更工事中などに一定の条件のもとで施設の一部を使用するための承認に関する論点である。【試験ポイント】仮使用は施設変更中の使用承認に関係する。【ひっかけ】仮貯蔵・仮取扱いと区別する。【選択肢ア】正しい。一定条件のもとで承認が必要となる場合がある。【選択肢イ】誤り。試験受験制度ではない。【選択肢ウ】誤り。工事中に常に自由使用できるわけではない。【選択肢,
109,single,法令・制度,L-054;LAW-020;届出;品名・数量・指定数量倍数の変更届出;標準;重点,製造所等で貯蔵し、又は取り扱う危険物の品名、数量または指定数量の倍数を変更する場合について、正しいものはどれか。,,,,,,数量を増やす場合だけでなく、どのような変更でも絶対に届出不要である。,第4類危険物では、このような届出は存在しない。,法令上、変更の届出が必要となる場合がある。,変更しても、施設に掲示板があれば届出は常に不要である。,危険物取扱者免状の写真を変えるだけで足りる。,3,製造所等で貯蔵または取り扱う危険物の品名、数量、指定数量の倍数を変更する場合、届出が必要となる場合がある。【試験ポイント】品名・数量・指定数量倍数の変更届出を押さえる。【ひっかけ】変更許可と変更届出を混同しない。【選択肢ア】誤り。届出が必要となる場合がある。【選択肢イ】誤り。第4類危険物でも関係する。【選択肢ウ】正しい。品名・数量・指定数量倍数の変更は届出論点である。【選択肢エ】誤り。掲示板があれば常に届出不要とはならない。【選択肢オ】誤り。免状写真の変更ではない。,1:解説では「製造所等で貯蔵または取り扱う危険物の品名、数量、指定数量の倍数を変更する場合、届出が必要となる場合がある。」とある一方、（1）の記述はそれと矛盾します。 解説の要点：製造所等で貯蔵または取り扱う危険物の品名、数量、指定数量の倍数を変更する場合、届出が必要となる場合がある。【試験ポイント】品名・数量・指定数量倍数の変更届出を押さえる。【ひっかけ】変更許可と変更届出を混同しない。【選択肢ア】誤り。届出が必要となる場合がある。【選択肢イ】誤り。第4… 正答（3）との違いを確認し直してください。;2:解説では「製造所等で貯蔵または取り扱う危険物の品名、数量、指定数量の倍数を変更する場合、届出が必要となる場合がある。」とある一方、（2）の記述はそれと矛盾します。 解説の要点：製造所等で貯蔵または取り扱う危険物の品名、数量、指定数量の倍数を変更する場合、届出が必要となる場合がある。【試験ポイント】品名・数量・指定数量倍数の変更届出を押さえる。【ひっかけ】変更許可と変更届出を混同しない。【選択肢ア】誤り。届出が必要となる場合がある。【選択肢イ】誤り。第4… 正答（3）との違いを確認し直してください。;4:解説では「製造所等で貯蔵または取り扱う危険物の品名、数量、指定数量の倍数を変更する場合、届出が必要となる場合がある。」とある一方、（4）の記述はそれと矛盾します。 解説の要点：製造所等で貯蔵または取り扱う危険物の品名、数量、指定数量の倍数を変更する場合、届出が必要となる場合がある。【試験ポイント】品名・数量・指定数量倍数の変更届出を押さえる。【ひっかけ】変更許可と変更届出を混同しない。【選択肢ア】誤り。届出が必要となる場合がある。【選択肢イ】誤り。第4… 正答（3）との違いを確認し直してください。;5:（5）の内容は、正答（3）「法令上、変更の届出が必要となる場合がある。」が示す論点とずれています。 解説の要点：製造所等で貯蔵または取り扱う危険物の品名、数量、指定数量の倍数を変更する場合、届出が必要となる場合がある。【試験ポイント】品名・数量・指定数量倍数の変更届出を押さえる。【ひっかけ】変更許可と変更届出を混同しない。【選択肢ア】誤り。届出が必要となる場合がある。【選択肢イ】誤り。第4… 正答（3）との違いを確認し直してください。,製造所等で貯蔵または取り扱う危険物の品名、数量、指定数量の倍数を変更する場合、届出が必要となる場合がある。【試験ポイント】品名・数量・指定数量倍数の変更届出を押さえる。【ひっかけ】変更許可と変更届出を混同しない。【選択肢ア】誤り。届出が必要となる場合がある。【選択肢イ】誤り。第4類危険物でも関係する。【選択肢ウ】正しい。品名・数量・指定数量倍数の変更は届出論点である。【選択肢エ】誤り。掲示板があれば常に届出不要とはならない。【選択肢オ】誤り。免状写真の変更ではない。,製造所等で貯蔵または取り扱う危険物の品名、数量、指定数量の倍数を変更する場合、届出が必要となる場合がある。【試験ポイント】品名・数量・指定数量倍数の変更届出を押さえる。【ひっかけ】変更許可と変更届出を混同しない。【選択肢ア】誤り。届出が必要となる場合がある。【選択肢イ】誤り。第4類危険物でも関係する。【選択肢ウ】正しい。品名・数量・指定数量倍数の変更は届出論,
110,single,法令・制度,L-055;LAW-027;危険物保安監督者;選任が必要な施設・資格要件;標準;重点,危険物保安監督者の選任について、正しいものはどれか。,,,,,,危険物保安監督者は、消火器の製品名である。,危険物保安監督者は、危険物の分類名である。,乙種第4類の施設では、絶対に選任が問題にならない。,すべての家庭で必ず選任しなければならない。,一定の製造所等で選任が必要となる場合がある。,5,危険物保安監督者は、一定の製造所等で危険物の保安管理のために選任が必要となる場合がある。【試験ポイント】危険物保安監督者は保安管理の中心論点。【ひっかけ】保安監督者と保安統括管理者を混同しない。【選択肢ア】誤り。消火器の製品名ではない。【選択肢イ】誤り。危険物の分類名ではない。【選択肢ウ】誤り。第4類危険物施設でも関係し得る。【選択肢エ】誤り。家庭一般で必ず選任する制度ではない。【選択肢オ】正しい。一定施設で選任が必要となる場合がある。,1:（1）の内容は、正答（5）「一定の製造所等で選任が必要となる場合がある。」が示す論点とずれています。 解説の要点：危険物保安監督者は、一定の製造所等で危険物の保安管理のために選任が必要となる場合がある。【試験ポイント】危険物保安監督者は保安管理の中心論点。【ひっかけ】保安監督者と保安統括管理者を混同しない。【選択肢ア】誤り。消火器の製品名ではない。【選択肢イ】誤り。危険物の分類名ではない。【… 正答（5）との違いを確認し直してください。;2:（2）の内容は、正答（5）「一定の製造所等で選任が必要となる場合がある。」が示す論点とずれています。 解説の要点：危険物保安監督者は、一定の製造所等で危険物の保安管理のために選任が必要となる場合がある。【試験ポイント】危険物保安監督者は保安管理の中心論点。【ひっかけ】保安監督者と保安統括管理者を混同しない。【選択肢ア】誤り。消火器の製品名ではない。【選択肢イ】誤り。危険物の分類名ではない。【… 正答（5）との違いを確認し直してください。;3:解説では「危険物保安監督者は、一定の製造所等で危険物の保安管理のために選任が必要となる場合がある。」とある一方、（3）の記述はそれと矛盾します。 解説の要点：危険物保安監督者は、一定の製造所等で危険物の保安管理のために選任が必要となる場合がある。【試験ポイント】危険物保安監督者は保安管理の中心論点。【ひっかけ】保安監督者と保安統括管理者を混同しない。【選択肢ア】誤り。消火器の製品名ではない。【選択肢イ】誤り。危険物の分類名ではない。【… 正答（5）との違いを確認し直してください。;4:解説では「危険物保安監督者は、一定の製造所等で危険物の保安管理のために選任が必要となる場合がある。」とある一方、（4）の記述はそれと矛盾します。 解説の要点：危険物保安監督者は、一定の製造所等で危険物の保安管理のために選任が必要となる場合がある。【試験ポイント】危険物保安監督者は保安管理の中心論点。【ひっかけ】保安監督者と保安統括管理者を混同しない。【選択肢ア】誤り。消火器の製品名ではない。【選択肢イ】誤り。危険物の分類名ではない。【… 正答（5）との違いを確認し直してください。,危険物保安監督者は、一定の製造所等で危険物の保安管理のために選任が必要となる場合がある。【試験ポイント】危険物保安監督者は保安管理の中心論点。【ひっかけ】保安監督者と保安統括管理者を混同しない。【選択肢ア】誤り。消火器の製品名ではない。【選択肢イ】誤り。危険物の分類名ではない。【選択肢ウ】誤り。第4類危険物施設でも関係し得る。【選択肢エ】誤り。家庭一般で必ず選任する制度ではない。【選択肢オ】正しい。一定施設で選任が必要となる場合がある。,危険物保安監督者は、一定の製造所等で危険物の保安管理のために選任が必要となる場合がある。【試験ポイント】危険物保安監督者は保安管理の中心論点。【ひっかけ】保安監督者と保安統括管理者を混同しない。【選択肢ア】誤り。消火器の製品名ではない。【選択肢イ】誤り。危険物の分類名ではない。【選択肢ウ】誤り。第4類危険物施設でも関係し得る。【選択肢エ】誤り。家庭一般で必ず,
111,single,法令・制度,L-056;LAW-028;危険物保安監督者;危険物保安監督者の業務;基礎;重点,危険物保安監督者の業務として、最も関係が深いものはどれか。,,,,,,危険物の味見による品質確認,危険物の価格決定,危険物施設の広告制作,危険物取扱者試験の問題作成,危険物の取扱作業に関する保安の監督,5,危険物保安監督者は、危険物の取扱作業に関する保安の監督に関係する。試験問題作成や価格決定を行う者ではない。【試験ポイント】保安監督者は取扱作業の保安監督に関係する。【ひっかけ】名称から何でも管理する責任者と広げすぎない。【選択肢ア】誤り。危険物を味見してはならない。【選択肢イ】誤り。価格決定者ではない。【選択肢ウ】誤り。広告制作とは関係ない。【選択肢エ】誤り。試験問題作成者ではない。【選択肢オ】正しい。保安の監督が中心的な役割である。,1:（1）「危険物の味見による品質確認」は、単独の記述としては法令上妥当な場合がありますが、本問で選ぶべき正答は（5）「危険物の取扱作業に関する保安の監督」です。問題文の条件（危険物保安監督者の業務として、最も関係が深いものはどれか。…）と照らし、設問が問う論点に合う肢を選び直してください。;2:（2）「危険物の価格決定」は、単独の記述としては法令上妥当な場合がありますが、本問で選ぶべき正答は（5）「危険物の取扱作業に関する保安の監督」です。問題文の条件（危険物保安監督者の業務として、最も関係が深いものはどれか。…）と照らし、設問が問う論点に合う肢を選び直してください。;3:（3）「危険物施設の広告制作」は、単独の記述としては法令上妥当な場合がありますが、本問で選ぶべき正答は（5）「危険物の取扱作業に関する保安の監督」です。問題文の条件（危険物保安監督者の業務として、最も関係が深いものはどれか。…）と照らし、設問が問う論点に合う肢を選び直してください。;4:（4）「危険物取扱者試験の問題作成」は、単独の記述としては法令上妥当な場合がありますが、本問で選ぶべき正答は（5）「危険物の取扱作業に関する保安の監督」です。問題文の条件（危険物保安監督者の業務として、最も関係が深いものはどれか。…）と照らし、設問が問う論点に合う肢を選び直してください。,危険物保安監督者は、危険物の取扱作業に関する保安の監督に関係する。,危険物保安監督者は、危険物の取扱作業に関する保安の監督に関係する。試験問題作成や価格決定を行う者ではない。【試験ポイント】保安監督者は取扱作業の保安監督に関係する。【ひっかけ】名称から何でも管理する責任者と広げすぎない。【選択肢ア】誤り。危険物を味見してはならない。【選択肢イ】誤り。価格決定者ではない。【選択肢ウ】誤り。広告制作とは関係ない。【選択肢エ】誤り,
112,single,法令・制度,L-057;LAW-054;取扱所基準;一般取扱所の基準;基礎;網羅,一般取扱所について、正しいものはどれか。,,,,,,給油取扱所、販売取扱所、移送取扱所以外で、危険物を取り扱う取扱所の一種である。,危険物取扱者免状の別名である。,危険物をまったく取り扱わない住宅の名称である。,屋外タンク貯蔵所の別名である。,危険物の指定数量の計算式である。,1,一般取扱所は、給油取扱所、販売取扱所、移送取扱所以外で危険物を取り扱う取扱所の一種である。【試験ポイント】一般取扱所は取扱所の一種。【ひっかけ】一般取扱所と貯蔵所を混同しない。【選択肢ア】正しい。一般取扱所の説明として妥当である。【選択肢イ】誤り。免状の別名ではない。【選択肢ウ】誤り。住宅の名称ではない。【選択肢エ】誤り。屋外タンク貯蔵所ではない。【選択肢オ】誤り。計算式ではない。,2:（2）「危険物取扱者免状の別名である。」は、単独の記述としては法令上妥当な場合がありますが、本問で選ぶべき正答は（1）「給油取扱所、販売取扱所、移送取扱所以外で、危険物を取り扱う取扱所の一種である。」です。問題文の条件（一般取扱所について、正しいものはどれか。…）と照らし、設問が問う論点に合う肢を選び直してください。;3:解説では「一般取扱所は、給油取扱所、販売取扱所、移送取扱所以外で危険物を取り扱う取扱所の一種である。」とある一方、（3）の記述はそれと矛盾します。 解説の要点：一般取扱所は、給油取扱所、販売取扱所、移送取扱所以外で危険物を取り扱う取扱所の一種である。【試験ポイント】一般取扱所は取扱所の一種。【ひっかけ】一般取扱所と貯蔵所を混同しない。【選択肢ア】正しい。一般取扱所の説明として妥当である。【選択肢イ】誤り。免状の別名ではない。【選択肢ウ】… 正答（1）との違いを確認し直してください。;4:（4）「屋外タンク貯蔵所の別名である。」は、単独の記述としては法令上妥当な場合がありますが、本問で選ぶべき正答は（1）「給油取扱所、販売取扱所、移送取扱所以外で、危険物を取り扱う取扱所の一種である。」です。問題文の条件（一般取扱所について、正しいものはどれか。…）と照らし、設問が問う論点に合う肢を選び直してください。;5:（5）「危険物の指定数量の計算式である。」は、単独の記述としては法令上妥当な場合がありますが、本問で選ぶべき正答は（1）「給油取扱所、販売取扱所、移送取扱所以外で、危険物を取り扱う取扱所の一種である。」です。問題文の条件（一般取扱所について、正しいものはどれか。…）と照らし、設問が問う論点に合う肢を選び直してください。,一般取扱所は、給油取扱所、販売取扱所、移送取扱所以外で危険物を取り扱う取扱所の一種である。,一般取扱所は、給油取扱所、販売取扱所、移送取扱所以外で危険物を取り扱う取扱所の一種である。【試験ポイント】一般取扱所は取扱所の一種。【ひっかけ】一般取扱所と貯蔵所を混同しない。【選択肢ア】正しい。一般取扱所の説明として妥当である。【選択肢イ】誤り。免状の別名ではない。【選択肢ウ】誤り。住宅の名称ではない。【選択肢エ】誤り。屋外タンク貯蔵所ではない。【選択肢オ,
113,single,法令・制度,L-058;LAW-044;貯蔵所基準;屋外貯蔵所の基準;基礎;網羅,屋外貯蔵所について、正しいものはどれか。,,,,,,危険物保安監督者の免状である。,配管で危険物を移送する取扱所である。,自動車に給油する取扱所である。,危険物取扱者試験の受験会場である。,屋外で一定の危険物を貯蔵する貯蔵所の一種である。,5,屋外貯蔵所は、屋外で危険物を貯蔵する貯蔵所の一種である。給油取扱所や移送取扱所とは異なる。【試験ポイント】屋外貯蔵所は貯蔵所の一種。【ひっかけ】屋外貯蔵所と屋外タンク貯蔵所を区別する。【選択肢ア】誤り。免状ではない。【選択肢イ】誤り。移送取扱所の説明である。【選択肢ウ】誤り。給油取扱所の説明である。【選択肢エ】誤り。受験会場ではない。【選択肢オ】正しい。屋外貯蔵所の説明である。,1:（1）「危険物保安監督者の免状である。」は、単独の記述としては法令上妥当な場合がありますが、本問で選ぶべき正答は（5）「屋外で一定の危険物を貯蔵する貯蔵所の一種である。」です。問題文の条件（屋外貯蔵所について、正しいものはどれか。…）と照らし、設問が問う論点に合う肢を選び直してください。;2:（2）「配管で危険物を移送する取扱所である。」は、単独の記述としては法令上妥当な場合がありますが、本問で選ぶべき正答は（5）「屋外で一定の危険物を貯蔵する貯蔵所の一種である。」です。問題文の条件（屋外貯蔵所について、正しいものはどれか。…）と照らし、設問が問う論点に合う肢を選び直してください。;3:（3）「自動車に給油する取扱所である。」は、単独の記述としては法令上妥当な場合がありますが、本問で選ぶべき正答は（5）「屋外で一定の危険物を貯蔵する貯蔵所の一種である。」です。問題文の条件（屋外貯蔵所について、正しいものはどれか。…）と照らし、設問が問う論点に合う肢を選び直してください。;4:（4）「危険物取扱者試験の受験会場である。」は、単独の記述としては法令上妥当な場合がありますが、本問で選ぶべき正答は（5）「屋外で一定の危険物を貯蔵する貯蔵所の一種である。」です。問題文の条件（屋外貯蔵所について、正しいものはどれか。…）と照らし、設問が問う論点に合う肢を選び直してください。,屋外貯蔵所は、屋外で危険物を貯蔵する貯蔵所の一種である。給油取扱所や移送取扱所とは異なる。【試験ポイント】屋外貯蔵所は貯蔵所の一種。【ひっかけ】屋外貯蔵所と屋外タンク貯蔵所を区別する。【選択肢ア】誤り。免状ではない。【選択肢イ】誤り。移送取扱所の説明である。【選択肢ウ】誤り。給油取扱所の説明である。【選択肢エ】誤り。受験会場ではない。【選択肢オ】正しい。屋外貯蔵所の説明である。,屋外貯蔵所は、屋外で危険物を貯蔵する貯蔵所の一種である。給油取扱所や移送取扱所とは異なる。【試験ポイント】屋外貯蔵所は貯蔵所の一種。【ひっかけ】屋外貯蔵所と屋外タンク貯蔵所を区別する。【選択肢ア】誤り。免状ではない。【選択肢イ】誤り。移送取扱所の説明である。【選択肢ウ】誤り。給油取扱所の説明である。【選択肢エ】誤り。受験会場ではない。【選択肢オ】正しい。屋外,
114,single,法令・制度,L-059;LAW-045;貯蔵所基準;屋内タンク貯蔵所の基準;基礎;網羅,屋内タンク貯蔵所について、正しいものはどれか。,,,,,,配管で危険物を移送する取扱所である。,屋内に設置したタンクで危険物を貯蔵する貯蔵所である。,自動車に給油する取扱所である。,屋外で容器入り危険物を販売する取扱所である。,危険物を分類する試験科目名である。,2,屋内タンク貯蔵所は、屋内に設置されたタンクで危険物を貯蔵する貯蔵所である。【試験ポイント】屋内タンク貯蔵所は貯蔵所。【ひっかけ】屋内貯蔵所と屋内タンク貯蔵所を区別する。【選択肢ア】誤り。移送取扱所の説明である。【選択肢イ】正しい。屋内タンク貯蔵所の説明である。【選択肢ウ】誤り。給油取扱所の説明である。【選択肢エ】誤り。販売取扱所の説明に近い。【選択肢オ】誤り。試験科目名ではない。,1:（1）「配管で危険物を移送する取扱所である。」は、単独の記述としては法令上妥当な場合がありますが、本問で選ぶべき正答は（2）「屋内に設置したタンクで危険物を貯蔵する貯蔵所である。」です。問題文の条件（屋内タンク貯蔵所について、正しいものはどれか。…）と照らし、設問が問う論点に合う肢を選び直してください。;3:（3）「自動車に給油する取扱所である。」は、単独の記述としては法令上妥当な場合がありますが、本問で選ぶべき正答は（2）「屋内に設置したタンクで危険物を貯蔵する貯蔵所である。」です。問題文の条件（屋内タンク貯蔵所について、正しいものはどれか。…）と照らし、設問が問う論点に合う肢を選び直してください。;4:（4）の内容は、正答（2）「屋内に設置したタンクで危険物を貯蔵する貯蔵所である。」が示す論点とずれています。 解説の要点：屋内タンク貯蔵所は、屋内に設置されたタンクで危険物を貯蔵する貯蔵所である。【試験ポイント】屋内タンク貯蔵所は貯蔵所。【ひっかけ】屋内貯蔵所と屋内タンク貯蔵所を区別する。【選択肢ア】誤り。移送取扱所の説明である。【選択肢イ】正しい。屋内タンク貯蔵所の説明である。【選択肢ウ】誤り。給… 正答（2）との違いを確認し直してください。;5:（5）「危険物を分類する試験科目名である。」は、単独の記述としては法令上妥当な場合がありますが、本問で選ぶべき正答は（2）「屋内に設置したタンクで危険物を貯蔵する貯蔵所である。」です。問題文の条件（屋内タンク貯蔵所について、正しいものはどれか。…）と照らし、設問が問う論点に合う肢を選び直してください。,屋内タンク貯蔵所は、屋内に設置されたタンクで危険物を貯蔵する貯蔵所である。【試験ポイント】屋内タンク貯蔵所は貯蔵所。【ひっかけ】屋内貯蔵所と屋内タンク貯蔵所を区別する。【選択肢ア】誤り。移送取扱所の説明である。【選択肢イ】正しい。屋内タンク貯蔵所の説明である。【選択肢ウ】誤り。給油取扱所の説明である。【選択肢エ】誤り。販売取扱所の説明に近い。【選択肢オ】誤り。試験科目名ではない。,屋内タンク貯蔵所は、屋内に設置されたタンクで危険物を貯蔵する貯蔵所である。【試験ポイント】屋内タンク貯蔵所は貯蔵所。【ひっかけ】屋内貯蔵所と屋内タンク貯蔵所を区別する。【選択肢ア】誤り。移送取扱所の説明である。【選択肢イ】正しい。屋内タンク貯蔵所の説明である。【選択肢ウ】誤り。給油取扱所の説明である。【選択肢エ】誤り。販売取扱所の説明に近い。【選択肢オ】誤り,
115,single,法令・制度,L-060;LAW-046;貯蔵所基準;屋外タンク貯蔵所の基準;基礎;網羅,屋外タンク貯蔵所について、正しいものはどれか。,,,,,,危険物の燃焼範囲を表す単位である。,屋内で容器入り危険物を販売する取扱所である。,自動車に給油する取扱所である。,屋外に設置したタンクで危険物を貯蔵する貯蔵所である。,危険物取扱者免状を交付する窓口である。,4,屋外タンク貯蔵所は、屋外に設置されたタンクで危険物を貯蔵する貯蔵所である。【試験ポイント】屋外タンク貯蔵所は屋外タンクで貯蔵する施設。【ひっかけ】屋外貯蔵所と屋外タンク貯蔵所を混同しない。【選択肢ア】誤り。燃焼範囲の単位ではない。【選択肢イ】誤り。販売取扱所の説明に近い。【選択肢ウ】誤り。給油取扱所の説明である。【選択肢エ】正しい。屋外タンク貯蔵所の説明である。【選択肢オ】誤り。免状交付窓口ではない。,1:（1）「危険物の燃焼範囲を表す単位である。」は、単独の記述としては法令上妥当な場合がありますが、本問で選ぶべき正答は（4）「屋外に設置したタンクで危険物を貯蔵する貯蔵所である。」です。問題文の条件（屋外タンク貯蔵所について、正しいものはどれか。…）と照らし、設問が問う論点に合う肢を選び直してください。;2:（2）の内容は、正答（4）「屋外に設置したタンクで危険物を貯蔵する貯蔵所である。」が示す論点とずれています。 解説の要点：屋外タンク貯蔵所は、屋外に設置されたタンクで危険物を貯蔵する貯蔵所である。【試験ポイント】屋外タンク貯蔵所は屋外タンクで貯蔵する施設。【ひっかけ】屋外貯蔵所と屋外タンク貯蔵所を混同しない。【選択肢ア】誤り。燃焼範囲の単位ではない。【選択肢イ】誤り。販売取扱所の説明に近い。【選択肢… 正答（4）との違いを確認し直してください。;3:（3）「自動車に給油する取扱所である。」は、単独の記述としては法令上妥当な場合がありますが、本問で選ぶべき正答は（4）「屋外に設置したタンクで危険物を貯蔵する貯蔵所である。」です。問題文の条件（屋外タンク貯蔵所について、正しいものはどれか。…）と照らし、設問が問う論点に合う肢を選び直してください。;5:（5）の内容は、正答（4）「屋外に設置したタンクで危険物を貯蔵する貯蔵所である。」が示す論点とずれています。 解説の要点：屋外タンク貯蔵所は、屋外に設置されたタンクで危険物を貯蔵する貯蔵所である。【試験ポイント】屋外タンク貯蔵所は屋外タンクで貯蔵する施設。【ひっかけ】屋外貯蔵所と屋外タンク貯蔵所を混同しない。【選択肢ア】誤り。燃焼範囲の単位ではない。【選択肢イ】誤り。販売取扱所の説明に近い。【選択肢… 正答（4）との違いを確認し直してください。,屋外タンク貯蔵所は、屋外に設置されたタンクで危険物を貯蔵する貯蔵所である。【試験ポイント】屋外タンク貯蔵所は屋外タンクで貯蔵する施設。【ひっかけ】屋外貯蔵所と屋外タンク貯蔵所を混同しない。【選択肢ア】誤り。燃焼範囲の単位ではない。【選択肢イ】誤り。販売取扱所の説明に近い。【選択肢ウ】誤り。給油取扱所の説明である。【選択肢エ】正しい。屋外タンク貯蔵所の説明である。【選択肢オ】誤り。免状交付窓口ではない。,屋外タンク貯蔵所は、屋外に設置されたタンクで危険物を貯蔵する貯蔵所である。【試験ポイント】屋外タンク貯蔵所は屋外タンクで貯蔵する施設。【ひっかけ】屋外貯蔵所と屋外タンク貯蔵所を混同しない。【選択肢ア】誤り。燃焼範囲の単位ではない。【選択肢イ】誤り。販売取扱所の説明に近い。【選択肢ウ】誤り。給油取扱所の説明である。【選択肢エ】正しい。屋外タンク貯蔵所の説明であ,
116,single,法令・制度,L-061;LAW-047;貯蔵所基準;地下タンク貯蔵所の基準;基礎;網羅,地下タンク貯蔵所について、正しいものはどれか。,,,,,,移送取扱所の別名である。,地盤面下に設置されたタンクで危険物を貯蔵する貯蔵所である。,消火器の薬剤名である。,屋上で危険物を販売する取扱所である。,危険物取扱者試験の合格通知である。,2,地下タンク貯蔵所は、地盤面下に設置されたタンクで危険物を貯蔵する貯蔵所である。【試験ポイント】地下タンク貯蔵所は地下のタンクで貯蔵する施設。【ひっかけ】地下タンク貯蔵所と移動タンク貯蔵所を混同しない。【選択肢ア】誤り。移送取扱所ではない。【選択肢イ】正しい。地下タンク貯蔵所の説明である。【選択肢ウ】誤り。消火薬剤名ではない。【選択肢エ】誤り。販売取扱所ではない。【選択肢オ】誤り。合格通知ではない。,1:（1）「移送取扱所の別名である。」は、単独の記述としては法令上妥当な場合がありますが、本問で選ぶべき正答は（2）「地盤面下に設置されたタンクで危険物を貯蔵する貯蔵所である。」です。問題文の条件（地下タンク貯蔵所について、正しいものはどれか。…）と照らし、設問が問う論点に合う肢を選び直してください。;3:（3）「消火器の薬剤名である。」は、単独の記述としては法令上妥当な場合がありますが、本問で選ぶべき正答は（2）「地盤面下に設置されたタンクで危険物を貯蔵する貯蔵所である。」です。問題文の条件（地下タンク貯蔵所について、正しいものはどれか。…）と照らし、設問が問う論点に合う肢を選び直してください。;4:（4）「屋上で危険物を販売する取扱所である。」は、単独の記述としては法令上妥当な場合がありますが、本問で選ぶべき正答は（2）「地盤面下に設置されたタンクで危険物を貯蔵する貯蔵所である。」です。問題文の条件（地下タンク貯蔵所について、正しいものはどれか。…）と照らし、設問が問う論点に合う肢を選び直してください。;5:（5）「危険物取扱者試験の合格通知である。」は、単独の記述としては法令上妥当な場合がありますが、本問で選ぶべき正答は（2）「地盤面下に設置されたタンクで危険物を貯蔵する貯蔵所である。」です。問題文の条件（地下タンク貯蔵所について、正しいものはどれか。…）と照らし、設問が問う論点に合う肢を選び直してください。,地下タンク貯蔵所は、地盤面下に設置されたタンクで危険物を貯蔵する貯蔵所である。,地下タンク貯蔵所は、地盤面下に設置されたタンクで危険物を貯蔵する貯蔵所である。【試験ポイント】地下タンク貯蔵所は地下のタンクで貯蔵する施設。【ひっかけ】地下タンク貯蔵所と移動タンク貯蔵所を混同しない。【選択肢ア】誤り。移送取扱所ではない。【選択肢イ】正しい。地下タンク貯蔵所の説明である。【選択肢ウ】誤り。消火薬剤名ではない。【選択肢エ】誤り。販売取扱所ではな,
117,single,法令・制度,L-062;LAW-048;貯蔵所基準;簡易タンク貯蔵所の基準;基礎;網羅,簡易タンク貯蔵所について、正しいものはどれか。,,,,,,危険物の発火点を測る単位である。,簡易タンクで危険物を貯蔵する貯蔵所の一種である。,配管により危険物を移送する取扱所である。,危険物取扱者免状の試験区分である。,自動車に給油する取扱所である。,2,簡易タンク貯蔵所は、簡易タンクで危険物を貯蔵する貯蔵所の一種である。【試験ポイント】簡易タンク貯蔵所は貯蔵所の一種。【ひっかけ】簡易タンク貯蔵所と給油取扱所を混同しない。【選択肢ア】誤り。単位ではない。【選択肢イ】正しい。簡易タンク貯蔵所の説明である。【選択肢ウ】誤り。移送取扱所の説明である。【選択肢エ】誤り。試験区分ではない。【選択肢オ】誤り。給油取扱所の説明である。,1:（1）「危険物の発火点を測る単位である。」は、単独の記述としては法令上妥当な場合がありますが、本問で選ぶべき正答は（2）「簡易タンクで危険物を貯蔵する貯蔵所の一種である。」です。問題文の条件（簡易タンク貯蔵所について、正しいものはどれか。…）と照らし、設問が問う論点に合う肢を選び直してください。;3:（3）の内容は、正答（2）「簡易タンクで危険物を貯蔵する貯蔵所の一種である。」が示す論点とずれています。 解説の要点：簡易タンク貯蔵所は、簡易タンクで危険物を貯蔵する貯蔵所の一種である。【試験ポイント】簡易タンク貯蔵所は貯蔵所の一種。【ひっかけ】簡易タンク貯蔵所と給油取扱所を混同しない。【選択肢ア】誤り。単位ではない。【選択肢イ】正しい。簡易タンク貯蔵所の説明である。【選択肢ウ】誤り。移送取扱所… 正答（2）との違いを確認し直してください。;4:（4）「危険物取扱者免状の試験区分である。」は、単独の記述としては法令上妥当な場合がありますが、本問で選ぶべき正答は（2）「簡易タンクで危険物を貯蔵する貯蔵所の一種である。」です。問題文の条件（簡易タンク貯蔵所について、正しいものはどれか。…）と照らし、設問が問う論点に合う肢を選び直してください。;5:（5）「自動車に給油する取扱所である。」は、単独の記述としては法令上妥当な場合がありますが、本問で選ぶべき正答は（2）「簡易タンクで危険物を貯蔵する貯蔵所の一種である。」です。問題文の条件（簡易タンク貯蔵所について、正しいものはどれか。…）と照らし、設問が問う論点に合う肢を選び直してください。,簡易タンク貯蔵所は、簡易タンクで危険物を貯蔵する貯蔵所の一種である。,簡易タンク貯蔵所は、簡易タンクで危険物を貯蔵する貯蔵所の一種である。【試験ポイント】簡易タンク貯蔵所は貯蔵所の一種。【ひっかけ】簡易タンク貯蔵所と給油取扱所を混同しない。【選択肢ア】誤り。単位ではない。【選択肢イ】正しい。簡易タンク貯蔵所の説明である。【選択肢ウ】誤り。移送取扱所の説明である。【選択肢エ】誤り。試験区分ではない。【選択肢オ】誤り。給油取扱所の,
118,single,法令・制度,L-063;LAW-059;火災予防;火気・静電気・漏えい防止;基礎;重点,第4類危険物を取り扱う場所での火災予防として、適切なものはどれか。,,,,,,火気を遠ざけ、静電気や漏えいに注意する。,可燃性蒸気を確認するため、裸火を近づける。,静電気をためるため、接地を避ける。,容器を開放したまま直射日光下で加熱する。,漏えいした危険物を排水溝へ流す。,1,第4類危険物では、火気を遠ざけ、静電気、漏えい、換気に注意することが火災予防上重要である。【試験ポイント】第4類では火気・静電気・漏えい防止が重要。【ひっかけ】裸火で蒸気確認をしない。【選択肢ア】正しい。火気・静電気・漏えい防止は重要である。【選択肢イ】誤り。裸火を近づけるのは危険である。【選択肢ウ】誤り。接地は静電気対策として重要である。【選択肢エ】誤り。開放・加熱は危険である。【選択肢オ】誤り。排水溝へ流すのは危険である。,2:（2）の内容は、正答（1）「火気を遠ざけ、静電気や漏えいに注意する。」が示す論点とずれています。 解説の要点：第4類危険物では、火気を遠ざけ、静電気、漏えい、換気に注意することが火災予防上重要である。【試験ポイント】第4類では火気・静電気・漏えい防止が重要。【ひっかけ】裸火で蒸気確認をしない。【選択肢ア】正しい。火気・静電気・漏えい防止は重要である。【選択肢イ】誤り。裸火を近づけるのは危… 正答（1）との違いを確認し直してください。;3:（3）「静電気をためるため、接地を避ける。」は、単独の記述としては法令上妥当な場合がありますが、本問で選ぶべき正答は（1）「火気を遠ざけ、静電気や漏えいに注意する。」です。問題文の条件（第4類危険物を取り扱う場所での火災予防として、適切なものはどれか。…）と照らし、設問が問う論点に合う肢を選び直してください。;4:（4）の内容は、正答（1）「火気を遠ざけ、静電気や漏えいに注意する。」が示す論点とずれています。 解説の要点：第4類危険物では、火気を遠ざけ、静電気、漏えい、換気に注意することが火災予防上重要である。【試験ポイント】第4類では火気・静電気・漏えい防止が重要。【ひっかけ】裸火で蒸気確認をしない。【選択肢ア】正しい。火気・静電気・漏えい防止は重要である。【選択肢イ】誤り。裸火を近づけるのは危… 正答（1）との違いを確認し直してください。;5:（5）「漏えいした危険物を排水溝へ流す。」は、単独の記述としては法令上妥当な場合がありますが、本問で選ぶべき正答は（1）「火気を遠ざけ、静電気や漏えいに注意する。」です。問題文の条件（第4類危険物を取り扱う場所での火災予防として、適切なものはどれか。…）と照らし、設問が問う論点に合う肢を選び直してください。,第4類危険物では、火気を遠ざけ、静電気、漏えい、換気に注意することが火災予防上重要である。【試験ポイント】第4類では火気・静電気・漏えい防止が重要。【ひっかけ】裸火で蒸気確認をしない。【選択肢ア】正しい。火気・静電気・漏えい防止は重要である。【選択肢イ】誤り。裸火を近づけるのは危険である。【選択肢ウ】誤り。接地は静電気対策として重要である。【選択肢エ】誤り。開放・加熱は危険である。【選択肢オ】誤り。排水溝へ流すのは危険である。,第4類危険物では、火気を遠ざけ、静電気、漏えい、換気に注意することが火災予防上重要である。【試験ポイント】第4類では火気・静電気・漏えい防止が重要。【ひっかけ】裸火で蒸気確認をしない。【選択肢ア】正しい。火気・静電気・漏えい防止は重要である。【選択肢イ】誤り。裸火を近づけるのは危険である。【選択肢ウ】誤り。接地は静電気対策として重要である。【選択肢エ】誤り。,
119,single,法令・制度,L-064;LAW-060;行政措置;命令・許可取消し・使用停止;標準;網羅,製造所等が法令上の基準に適合しない場合の措置として、あり得るものはどれか。,,,,,,危険物を自由に下水へ流す許可,危険物取扱者試験の免除,使用停止命令などの行政措置,危険物の分類変更を施設側で自由に行うこと,指定数量の自動増加,3,製造所等が法令に適合しない場合などには、使用停止命令などの行政上の措置が行われる場合がある。【試験ポイント】行政措置には命令・使用停止などがある。【ひっかけ】行政措置と試験制度を混同しない。【選択肢ア】誤り。下水へ流す許可ではない。【選択肢イ】誤り。試験免除とは別の制度である。【選択肢ウ】正しい。使用停止命令などがあり得る。【選択肢エ】誤り。危険物分類を施設側で自由に変えられない。【選択肢オ】誤り。指定数量が自動増加するわけではない。,1:（1）「危険物を自由に下水へ流す許可」は、単独の記述としては法令上妥当な場合がありますが、本問で選ぶべき正答は（3）「使用停止命令などの行政措置」です。問題文の条件（製造所等が法令上の基準に適合しない場合の措置として、あり得るものはどれか。…）と照らし、設問が問う論点に合う肢を選び直してください。;2:（2）「危険物取扱者試験の免除」は、単独の記述としては法令上妥当な場合がありますが、本問で選ぶべき正答は（3）「使用停止命令などの行政措置」です。問題文の条件（製造所等が法令上の基準に適合しない場合の措置として、あり得るものはどれか。…）と照らし、設問が問う論点に合う肢を選び直してください。;4:（4）の内容は、正答（3）「使用停止命令などの行政措置」が示す論点とずれています。 解説の要点：製造所等が法令に適合しない場合などには、使用停止命令などの行政上の措置が行われる場合がある。【試験ポイント】行政措置には命令・使用停止などがある。【ひっかけ】行政措置と試験制度を混同しない。【選択肢ア】誤り。下水へ流す許可ではない。【選択肢イ】誤り。試験免除とは別の制度である。【… 正答（3）との違いを確認し直してください。;5:（5）「指定数量の自動増加」は、単独の記述としては法令上妥当な場合がありますが、本問で選ぶべき正答は（3）「使用停止命令などの行政措置」です。問題文の条件（製造所等が法令上の基準に適合しない場合の措置として、あり得るものはどれか。…）と照らし、設問が問う論点に合う肢を選び直してください。,製造所等が法令に適合しない場合などには、使用停止命令などの行政上の措置が行われる場合がある。【試験ポイント】行政措置には命令・使用停止などがある。【ひっかけ】行政措置と試験制度を混同しない。【選択肢ア】誤り。下水へ流す許可ではない。【選択肢イ】誤り。試験免除とは別の制度である。【選択肢ウ】正しい。使用停止命令などがあり得る。【選択肢エ】誤り。危険物分類を施設側で自由に変えられない。【選択肢オ】誤り。指定数量が自動増加するわけではない。,製造所等が法令に適合しない場合などには、使用停止命令などの行政上の措置が行われる場合がある。【試験ポイント】行政措置には命令・使用停止などがある。【ひっかけ】行政措置と試験制度を混同しない。【選択肢ア】誤り。下水へ流す許可ではない。【選択肢イ】誤り。試験免除とは別の制度である。【選択肢ウ】正しい。使用停止命令などがあり得る。【選択肢エ】誤り。危険物分類を施設,
120,single,法令・制度,L-065;LAW-061;総合問題;法令分野の複合・ひっかけ問題;標準;総合,危険物施設に関する説明として、正しいものはどれか。,,,,,,製造所等には、製造所、貯蔵所、取扱所が含まれる。,製造所等とは、危険物取扱者試験の問題用紙だけをいう。,取扱所には、屋外タンク貯蔵所だけが含まれる。,貯蔵所には、給油取扱所だけが含まれる。,製造所等は、第4類危険物とは一切関係しない。,1,製造所等は、製造所、貯蔵所、取扱所の総称である。給油取扱所は取扱所、屋外タンク貯蔵所は貯蔵所である。【試験ポイント】製造所等＝製造所・貯蔵所・取扱所。【ひっかけ】貯蔵所と取扱所の代表例を混同しない。【選択肢ア】正しい。製造所等は製造所、貯蔵所、取扱所を含む。【選択肢イ】誤り。試験問題用紙ではない。【選択肢ウ】誤り。屋外タンク貯蔵所は貯蔵所である。【選択肢エ】誤り。給油取扱所は取扱所である。【選択肢オ】誤り。第4類危険物でも関係する。,2:（2）の内容は、正答（1）「製造所等には、製造所、貯蔵所、取扱所が含まれる。」が示す論点とずれています。 解説の要点：製造所等は、製造所、貯蔵所、取扱所の総称である。給油取扱所は取扱所、屋外タンク貯蔵所は貯蔵所である。【試験ポイント】製造所等＝製造所・貯蔵所・取扱所。【ひっかけ】貯蔵所と取扱所の代表例を混同しない。【選択肢ア】正しい。製造所等は製造所、貯蔵所、取扱所を含む。【選択肢イ】誤り。試験… 正答（1）との違いを確認し直してください。;3:（3）の内容は、正答（1）「製造所等には、製造所、貯蔵所、取扱所が含まれる。」が示す論点とずれています。 解説の要点：製造所等は、製造所、貯蔵所、取扱所の総称である。給油取扱所は取扱所、屋外タンク貯蔵所は貯蔵所である。【試験ポイント】製造所等＝製造所・貯蔵所・取扱所。【ひっかけ】貯蔵所と取扱所の代表例を混同しない。【選択肢ア】正しい。製造所等は製造所、貯蔵所、取扱所を含む。【選択肢イ】誤り。試験… 正答（1）との違いを確認し直してください。;4:（4）の内容は、正答（1）「製造所等には、製造所、貯蔵所、取扱所が含まれる。」が示す論点とずれています。 解説の要点：製造所等は、製造所、貯蔵所、取扱所の総称である。給油取扱所は取扱所、屋外タンク貯蔵所は貯蔵所である。【試験ポイント】製造所等＝製造所・貯蔵所・取扱所。【ひっかけ】貯蔵所と取扱所の代表例を混同しない。【選択肢ア】正しい。製造所等は製造所、貯蔵所、取扱所を含む。【選択肢イ】誤り。試験… 正答（1）との違いを確認し直してください。;5:解説では「製造所等は、製造所、貯蔵所、取扱所の総称である。」とある一方、（5）の記述はそれと矛盾します。 解説の要点：製造所等は、製造所、貯蔵所、取扱所の総称である。給油取扱所は取扱所、屋外タンク貯蔵所は貯蔵所である。【試験ポイント】製造所等＝製造所・貯蔵所・取扱所。【ひっかけ】貯蔵所と取扱所の代表例を混同しない。【選択肢ア】正しい。製造所等は製造所、貯蔵所、取扱所を含む。【選択肢イ】誤り。試験… 正答（1）との違いを確認し直してください。,製造所等は、製造所、貯蔵所、取扱所の総称である。給油取扱所は取扱所、屋外タンク貯蔵所は貯蔵所である。【試験ポイント】製造所等＝製造所・貯蔵所・取扱所。【ひっかけ】貯蔵所と取扱所の代表例を混同しない。【選択肢ア】正しい。製造所等は製造所、貯蔵所、取扱所を含む。【選択肢イ】誤り。試験問題用紙ではない。【選択肢ウ】誤り。屋外タンク貯蔵所は貯蔵所である。【選択肢エ】誤り。給油取扱所は取扱所である。【選択肢オ】誤り。第4類危険物でも関係する。,製造所等は、製造所、貯蔵所、取扱所の総称である。給油取扱所は取扱所、屋外タンク貯蔵所は貯蔵所である。【試験ポイント】製造所等＝製造所・貯蔵所・取扱所。【ひっかけ】貯蔵所と取扱所の代表例を混同しない。【選択肢ア】正しい。製造所等は製造所、貯蔵所、取扱所を含む。【選択肢イ】誤り。試験問題用紙ではない。【選択肢ウ】誤り。屋外タンク貯蔵所は貯蔵所である。【選択肢エ】,
121,single,物性・化学,PC-028;PC-028;物質の状態;飽和蒸気圧;標準;網羅,飽和蒸気圧について、正しいものはどれか。,,,,,,燃焼後に残る灰の重さである。,危険物取扱者免状の番号である。,物質が水に溶ける速さだけを表す値である。,液体の色の濃さを表す値である。,一定温度で液体とその蒸気が平衡状態にあるときの蒸気の圧力である。,5,飽和蒸気圧は、一定温度で液体とその蒸気が平衡にあるときの蒸気の圧力である。蒸気圧が高いほど蒸発しやすい傾向がある。【試験ポイント】飽和蒸気圧は蒸発しやすさと関係する。【ひっかけ】蒸気圧と蒸気比重を混同しない。【選択肢ア】誤り。灰の重さではない。【選択肢イ】誤り。免状番号ではない。【選択肢ウ】誤り。溶解速度ではない。【選択肢エ】誤り。色の濃さではない。【選択肢オ】正しい。飽和蒸気圧の説明である。,1:（1）「燃焼後に残る灰の重さである。」は、単独の記述としては法令上妥当な場合がありますが、本問で選ぶべき正答は（5）「一定温度で液体とその蒸気が平衡状態にあるときの蒸気の圧力である。」です。問題文の条件（飽和蒸気圧について、正しいものはどれか。…）と照らし、設問が問う論点に合う肢を選び直してください。;2:（2）「危険物取扱者免状の番号である。」は、単独の記述としては法令上妥当な場合がありますが、本問で選ぶべき正答は（5）「一定温度で液体とその蒸気が平衡状態にあるときの蒸気の圧力である。」です。問題文の条件（飽和蒸気圧について、正しいものはどれか。…）と照らし、設問が問う論点に合う肢を選び直してください。;3:（3）の内容は、正答（5）「一定温度で液体とその蒸気が平衡状態にあるときの蒸気の圧力である。」が示す論点とずれています。 解説の要点：飽和蒸気圧は、一定温度で液体とその蒸気が平衡にあるときの蒸気の圧力である。蒸気圧が高いほど蒸発しやすい傾向がある。【試験ポイント】飽和蒸気圧は蒸発しやすさと関係する。【ひっかけ】蒸気圧と蒸気比重を混同しない。【選択肢ア】誤り。灰の重さではない。【選択肢イ】誤り。免状番号ではない。… 正答（5）との違いを確認し直してください。;4:（4）「液体の色の濃さを表す値である。」は、単独の記述としては法令上妥当な場合がありますが、本問で選ぶべき正答は（5）「一定温度で液体とその蒸気が平衡状態にあるときの蒸気の圧力である。」です。問題文の条件（飽和蒸気圧について、正しいものはどれか。…）と照らし、設問が問う論点に合う肢を選び直してください。,飽和蒸気圧は、一定温度で液体とその蒸気が平衡にあるときの蒸気の圧力である。蒸気圧が高いほど蒸発しやすい傾向がある。【試験ポイント】飽和蒸気圧は蒸発しやすさと関係する。【ひっかけ】蒸気圧と蒸気比重を混同しない。【選択肢ア】誤り。灰の重さではない。【選択肢イ】誤り。免状番号ではない。【選択肢ウ】誤り。溶解速度ではない。【選択肢エ】誤り。色の濃さではない。【選択肢オ】正しい。飽和蒸気圧の説明である。,飽和蒸気圧は、一定温度で液体とその蒸気が平衡にあるときの蒸気の圧力である。蒸気圧が高いほど蒸発しやすい傾向がある。【試験ポイント】飽和蒸気圧は蒸発しやすさと関係する。【ひっかけ】蒸気圧と蒸気比重を混同しない。【選択肢ア】誤り。灰の重さではない。【選択肢イ】誤り。免状番号ではない。【選択肢ウ】誤り。溶解速度ではない。【選択肢エ】誤り。色の濃さではない。【選択肢,
122,single,物性・化学,PC-029;PC-043;化学反応;質量保存の法則;基礎;網羅,質量保存の法則について、正しいものはどれか。,,,,,,化学反応を行うと、質量は必ずゼロになる。,燃焼すると、反応前後の原子は必ず消滅する。,質量保存の法則は、色の変化だけを説明する法則である。,化学反応の前後で、反応に関わる物質全体の質量は変わらない。,化学反応では、質量は常に無限大になる。,4,質量保存の法則は、化学反応の前後で反応に関わる物質全体の質量が保存されるという法則である。【試験ポイント】化学反応では質量が保存される。【ひっかけ】燃焼で物質が見えなくなっても質量の考え方は残る。【選択肢ア】誤り。質量がゼロになるわけではない。【選択肢イ】誤り。原子が消滅するわけではない。【選択肢ウ】誤り。色の変化だけを説明する法則ではない。【選択肢エ】正しい。質量保存の法則の説明である。【選択肢オ】誤り。質量が無限大になるわけではない。,1:（1）の内容は、正答（4）「化学反応の前後で、反応に関わる物質全体の質量は変わらない。」が示す論点とずれています。 解説の要点：質量保存の法則は、化学反応の前後で反応に関わる物質全体の質量が保存されるという法則である。【試験ポイント】化学反応では質量が保存される。【ひっかけ】燃焼で物質が見えなくなっても質量の考え方は残る。【選択肢ア】誤り。質量がゼロになるわけではない。【選択肢イ】誤り。原子が消滅するわけ… 正答（4）との違いを確認し直してください。;2:（2）の内容は、正答（4）「化学反応の前後で、反応に関わる物質全体の質量は変わらない。」が示す論点とずれています。 解説の要点：質量保存の法則は、化学反応の前後で反応に関わる物質全体の質量が保存されるという法則である。【試験ポイント】化学反応では質量が保存される。【ひっかけ】燃焼で物質が見えなくなっても質量の考え方は残る。【選択肢ア】誤り。質量がゼロになるわけではない。【選択肢イ】誤り。原子が消滅するわけ… 正答（4）との違いを確認し直してください。;3:（3）の内容は、正答（4）「化学反応の前後で、反応に関わる物質全体の質量は変わらない。」が示す論点とずれています。 解説の要点：質量保存の法則は、化学反応の前後で反応に関わる物質全体の質量が保存されるという法則である。【試験ポイント】化学反応では質量が保存される。【ひっかけ】燃焼で物質が見えなくなっても質量の考え方は残る。【選択肢ア】誤り。質量がゼロになるわけではない。【選択肢イ】誤り。原子が消滅するわけ… 正答（4）との違いを確認し直してください。;5:（5）の内容は、正答（4）「化学反応の前後で、反応に関わる物質全体の質量は変わらない。」が示す論点とずれています。 解説の要点：質量保存の法則は、化学反応の前後で反応に関わる物質全体の質量が保存されるという法則である。【試験ポイント】化学反応では質量が保存される。【ひっかけ】燃焼で物質が見えなくなっても質量の考え方は残る。【選択肢ア】誤り。質量がゼロになるわけではない。【選択肢イ】誤り。原子が消滅するわけ… 正答（4）との違いを確認し直してください。,質量保存の法則は、化学反応の前後で反応に関わる物質全体の質量が保存されるという法則である。【試験ポイント】化学反応では質量が保存される。【ひっかけ】燃焼で物質が見えなくなっても質量の考え方は残る。【選択肢ア】誤り。質量がゼロになるわけではない。【選択肢イ】誤り。原子が消滅するわけではない。【選択肢ウ】誤り。色の変化だけを説明する法則ではない。【選択肢エ】正しい。質量保存の法則の説明である。【選択肢オ】誤り。質量が無限大になるわけではない。,質量保存の法則は、化学反応の前後で反応に関わる物質全体の質量が保存されるという法則である。【試験ポイント】化学反応では質量が保存される。【ひっかけ】燃焼で物質が見えなくなっても質量の考え方は残る。【選択肢ア】誤り。質量がゼロになるわけではない。【選択肢イ】誤り。原子が消滅するわけではない。【選択肢ウ】誤り。色の変化だけを説明する法則ではない。【選択肢エ】正し,
123,single,物性・化学,PC-030;PC-044;化学反応;発熱反応・吸熱反応;基礎;重点,発熱反応について、正しいものはどれか。,,,,,,液体が固体になる温度をいう。,熱をまったく伴わない反応だけをいう。,物質が水に溶けることだけをいう。,反応に伴って必ず水だけを発生する反応である。,反応に伴って熱を放出する反応である。,5,発熱反応は、反応に伴って熱を放出する反応である。燃焼は代表的な発熱反応である。【試験ポイント】燃焼は発熱反応の代表例。【ひっかけ】発熱反応と吸熱反応を区別する。【選択肢ア】誤り。凝固点の説明である。【選択肢イ】誤り。熱を放出する反応である。【選択肢ウ】誤り。溶解だけをいうものではない。【選択肢エ】誤り。水だけを発生する反応ではない。【選択肢オ】正しい。発熱反応の説明である。,1:（1）「液体が固体になる温度をいう。」は、単独の記述としては法令上妥当な場合がありますが、本問で選ぶべき正答は（5）「反応に伴って熱を放出する反応である。」です。問題文の条件（発熱反応について、正しいものはどれか。…）と照らし、設問が問う論点に合う肢を選び直してください。;2:（2）「熱をまったく伴わない反応だけをいう。」は、単独の記述としては法令上妥当な場合がありますが、本問で選ぶべき正答は（5）「反応に伴って熱を放出する反応である。」です。問題文の条件（発熱反応について、正しいものはどれか。…）と照らし、設問が問う論点に合う肢を選び直してください。;3:（3）「物質が水に溶けることだけをいう。」は、単独の記述としては法令上妥当な場合がありますが、本問で選ぶべき正答は（5）「反応に伴って熱を放出する反応である。」です。問題文の条件（発熱反応について、正しいものはどれか。…）と照らし、設問が問う論点に合う肢を選び直してください。;4:（4）の内容は、正答（5）「反応に伴って熱を放出する反応である。」が示す論点とずれています。 解説の要点：発熱反応は、反応に伴って熱を放出する反応である。燃焼は代表的な発熱反応である。【試験ポイント】燃焼は発熱反応の代表例。【ひっかけ】発熱反応と吸熱反応を区別する。【選択肢ア】誤り。凝固点の説明である。【選択肢イ】誤り。熱を放出する反応である。【選択肢ウ】誤り。溶解だけをいうものでは… 正答（5）との違いを確認し直してください。,発熱反応は、反応に伴って熱を放出する反応である。,発熱反応は、反応に伴って熱を放出する反応である。燃焼は代表的な発熱反応である。【試験ポイント】燃焼は発熱反応の代表例。【ひっかけ】発熱反応と吸熱反応を区別する。【選択肢ア】誤り。凝固点の説明である。【選択肢イ】誤り。熱を放出する反応である。【選択肢ウ】誤り。溶解だけをいうものではない。【選択肢エ】誤り。水だけを発生する反応ではない。【選択肢オ】正しい。発熱反,
124,single,物性・化学,PC-031;PC-046;酸化・還元;還元;基礎;網羅,還元の説明として、正しいものはどれか。,,,,,,危険物の指定数量を増やす手続きである。,液体の比重を測る器具である。,物質が水に溶けることだけをいう。,物質が必ず燃え始める温度をいう。,物質が酸素を失う反応は、還元の一例である。,5,還元には、物質が酸素を失う反応が含まれる。酸化と対になる考え方である。【試験ポイント】還元は酸化と対になる反応。【ひっかけ】還元を温度や溶解と混同しない。【選択肢ア】誤り。法令手続きではない。【選択肢イ】誤り。器具ではない。【選択肢ウ】誤り。溶解ではない。【選択肢エ】誤り。温度ではない。【選択肢オ】正しい。酸素を失うことは還元の一例である。,1:（1）の内容は、正答（5）「物質が酸素を失う反応は、還元の一例である。」が示す論点とずれています。 解説の要点：還元には、物質が酸素を失う反応が含まれる。酸化と対になる考え方である。【試験ポイント】還元は酸化と対になる反応。【ひっかけ】還元を温度や溶解と混同しない。【選択肢ア】誤り。法令手続きではない。【選択肢イ】誤り。器具ではない。【選択肢ウ】誤り。溶解ではない。【選択肢エ】誤り。温度で… 正答（5）との違いを確認し直してください。;2:（2）「液体の比重を測る器具である。」は、単独の記述としては法令上妥当な場合がありますが、本問で選ぶべき正答は（5）「物質が酸素を失う反応は、還元の一例である。」です。問題文の条件（還元の説明として、正しいものはどれか。…）と照らし、設問が問う論点に合う肢を選び直してください。;3:（3）「物質が水に溶けることだけをいう。」は、単独の記述としては法令上妥当な場合がありますが、本問で選ぶべき正答は（5）「物質が酸素を失う反応は、還元の一例である。」です。問題文の条件（還元の説明として、正しいものはどれか。…）と照らし、設問が問う論点に合う肢を選び直してください。;4:（4）「物質が必ず燃え始める温度をいう。」は、単独の記述としては法令上妥当な場合がありますが、本問で選ぶべき正答は（5）「物質が酸素を失う反応は、還元の一例である。」です。問題文の条件（還元の説明として、正しいものはどれか。…）と照らし、設問が問う論点に合う肢を選び直してください。,還元には、物質が酸素を失う反応が含まれる。酸化と対になる考え方である。【試験ポイント】還元は酸化と対になる反応。【ひっかけ】還元を温度や溶解と混同しない。【選択肢ア】誤り。法令手続きではない。【選択肢イ】誤り。器具ではない。【選択肢ウ】誤り。溶解ではない。【選択肢エ】誤り。温度ではない。【選択肢オ】正しい。酸素を失うことは還元の一例である。,還元には、物質が酸素を失う反応が含まれる。酸化と対になる考え方である。【試験ポイント】還元は酸化と対になる反応。【ひっかけ】還元を温度や溶解と混同しない。【選択肢ア】誤り。法令手続きではない。【選択肢イ】誤り。器具ではない。【選択肢ウ】誤り。溶解ではない。【選択肢エ】誤り。温度ではない。【選択肢オ】正しい。酸素を失うことは還元の一例である。,
125,single,物性・化学,PC-032;PC-047;酸化・還元;酸素・水素・電子の授受;標準;重点,酸化の説明として、適切なものはどれか。,,,,,,液体が蒸発することだけを酸化という。,電子を必ず5個得る反応だけを酸化という。,物質が水に浮くことを酸化という。,電子を失う反応は酸化と考えられる。,温度が下がることを酸化という。,4,酸化は、酸素との化合だけでなく、電子を失う反応としても説明される。【試験ポイント】酸化は電子を失う反応としても説明できる。【ひっかけ】酸化を状態変化と混同しない。【選択肢ア】誤り。蒸発ではない。【選択肢イ】誤り。必ず5個という決まりではない。【選択肢ウ】誤り。浮沈ではない。【選択肢エ】正しい。電子を失う反応は酸化である。【選択肢オ】誤り。温度変化そのものではない。,1:（1）「液体が蒸発することだけを酸化という。」は、単独の記述としては法令上妥当な場合がありますが、本問で選ぶべき正答は（4）「電子を失う反応は酸化と考えられる。」です。問題文の条件（酸化の説明として、適切なものはどれか。…）と照らし、設問が問う論点に合う肢を選び直してください。;2:（2）の内容は、正答（4）「電子を失う反応は酸化と考えられる。」が示す論点とずれています。 解説の要点：酸化は、酸素との化合だけでなく、電子を失う反応としても説明される。【試験ポイント】酸化は電子を失う反応としても説明できる。【ひっかけ】酸化を状態変化と混同しない。【選択肢ア】誤り。蒸発ではない。【選択肢イ】誤り。必ず5個という決まりではない。【選択肢ウ】誤り。浮沈ではない。【選択… 正答（4）との違いを確認し直してください。;3:（3）「物質が水に浮くことを酸化という。」は、単独の記述としては法令上妥当な場合がありますが、本問で選ぶべき正答は（4）「電子を失う反応は酸化と考えられる。」です。問題文の条件（酸化の説明として、適切なものはどれか。…）と照らし、設問が問う論点に合う肢を選び直してください。;5:（5）「温度が下がることを酸化という。」は、単独の記述としては法令上妥当な場合がありますが、本問で選ぶべき正答は（4）「電子を失う反応は酸化と考えられる。」です。問題文の条件（酸化の説明として、適切なものはどれか。…）と照らし、設問が問う論点に合う肢を選び直してください。,酸化は、酸素との化合だけでなく、電子を失う反応としても説明される。【試験ポイント】酸化は電子を失う反応としても説明できる。【ひっかけ】酸化を状態変化と混同しない。【選択肢ア】誤り。蒸発ではない。【選択肢イ】誤り。必ず5個という決まりではない。【選択肢ウ】誤り。浮沈ではない。【選択肢エ】正しい。電子を失う反応は酸化である。【選択肢オ】誤り。温度変化そのものではない。,酸化は、酸素との化合だけでなく、電子を失う反応としても説明される。【試験ポイント】酸化は電子を失う反応としても説明できる。【ひっかけ】酸化を状態変化と混同しない。【選択肢ア】誤り。蒸発ではない。【選択肢イ】誤り。必ず5個という決まりではない。【選択肢ウ】誤り。浮沈ではない。【選択肢エ】正しい。電子を失う反応は酸化である。【選択肢オ】誤り。温度変化そのものでは,
126,single,物性・化学,PC-033;PC-053;有機化合物;有機化合物の特徴;基礎;重点,有機化合物について、正しいものはどれか。,,,,,,危険物取扱者免状の別名である。,一般に炭素を含む化合物が多い。,必ず酸素を放出して他の物質を燃やす。,すべて金属だけでできている。,すべて水に反応して水素を発生する。,2,有機化合物は一般に炭素を含む化合物であり、第4類危険物には有機化合物が多い。【試験ポイント】第4類危険物には有機化合物が多い。【ひっかけ】有機化合物＝必ず安全、ではない。【選択肢ア】誤り。免状の別名ではない。【選択肢イ】正しい。有機化合物は一般に炭素を含む。【選択肢ウ】誤り。酸素を放出する性質とは限らない。【選択肢エ】誤り。金属だけでできているわけではない。【選択肢オ】誤り。すべてが禁水性ではない。,1:（1）「危険物取扱者免状の別名である。」は、単独の記述としては法令上妥当な場合がありますが、本問で選ぶべき正答は（2）「一般に炭素を含む化合物が多い。」です。問題文の条件（有機化合物について、正しいものはどれか。…）と照らし、設問が問う論点に合う肢を選び直してください。;3:（3）「必ず酸素を放出して他の物質を燃やす。」は、単独の記述としては法令上妥当な場合がありますが、本問で選ぶべき正答は（2）「一般に炭素を含む化合物が多い。」です。問題文の条件（有機化合物について、正しいものはどれか。…）と照らし、設問が問う論点に合う肢を選び直してください。;4:（4）「すべて金属だけでできている。」は、単独の記述としては法令上妥当な場合がありますが、本問で選ぶべき正答は（2）「一般に炭素を含む化合物が多い。」です。問題文の条件（有機化合物について、正しいものはどれか。…）と照らし、設問が問う論点に合う肢を選び直してください。;5:（5）「すべて水に反応して水素を発生する。」は、単独の記述としては法令上妥当な場合がありますが、本問で選ぶべき正答は（2）「一般に炭素を含む化合物が多い。」です。問題文の条件（有機化合物について、正しいものはどれか。…）と照らし、設問が問う論点に合う肢を選び直してください。,有機化合物は一般に炭素を含む化合物であり、第4類危険物には有機化合物が多い。【試験ポイント】第4類危険物には有機化合物が多い。【ひっかけ】有機化合物＝必ず安全、ではない。【選択肢ア】誤り。免状の別名ではない。【選択肢イ】正しい。有機化合物は一般に炭素を含む。【選択肢ウ】誤り。酸素を放出する性質とは限らない。【選択肢エ】誤り。金属だけでできているわけではない。【選択肢オ】誤り。すべてが禁水性ではない。,有機化合物は一般に炭素を含む化合物であり、第4類危険物には有機化合物が多い。【試験ポイント】第4類危険物には有機化合物が多い。【ひっかけ】有機化合物＝必ず安全、ではない。【選択肢ア】誤り。免状の別名ではない。【選択肢イ】正しい。有機化合物は一般に炭素を含む。【選択肢ウ】誤り。酸素を放出する性質とは限らない。【選択肢エ】誤り。金属だけでできているわけではない。,
127,single,物性・化学,PC-034;PC-054;有機化合物;炭化水素;基礎;重点,炭化水素について、正しいものはどれか。,,,,,,酸素と窒素だけからなる化合物である。,炭素と水素からなる化合物である。,金属だけからなる物質である。,水だけからなる物質である。,危険物施設の名称である。,2,炭化水素は炭素と水素からなる化合物であり、ガソリンなどの理解に関係する基礎知識である。【試験ポイント】炭化水素は炭素と水素からなる。【ひっかけ】炭化水素とアルコールを混同しない。【選択肢ア】誤り。酸素と窒素だけではない。【選択肢イ】正しい。炭化水素の説明である。【選択肢ウ】誤り。金属だけではない。【選択肢エ】誤り。水ではない。【選択肢オ】誤り。施設名称ではない。,1:（1）「酸素と窒素だけからなる化合物である。」は、単独の記述としては法令上妥当な場合がありますが、本問で選ぶべき正答は（2）「炭素と水素からなる化合物である。」です。問題文の条件（炭化水素について、正しいものはどれか。…）と照らし、設問が問う論点に合う肢を選び直してください。;3:（3）「金属だけからなる物質である。」は、単独の記述としては法令上妥当な場合がありますが、本問で選ぶべき正答は（2）「炭素と水素からなる化合物である。」です。問題文の条件（炭化水素について、正しいものはどれか。…）と照らし、設問が問う論点に合う肢を選び直してください。;4:（4）「水だけからなる物質である。」は、単独の記述としては法令上妥当な場合がありますが、本問で選ぶべき正答は（2）「炭素と水素からなる化合物である。」です。問題文の条件（炭化水素について、正しいものはどれか。…）と照らし、設問が問う論点に合う肢を選び直してください。;5:（5）「危険物施設の名称である。」は、単独の記述としては法令上妥当な場合がありますが、本問で選ぶべき正答は（2）「炭素と水素からなる化合物である。」です。問題文の条件（炭化水素について、正しいものはどれか。…）と照らし、設問が問う論点に合う肢を選び直してください。,炭化水素は炭素と水素からなる化合物であり、ガソリンなどの理解に関係する基礎知識である。【試験ポイント】炭化水素は炭素と水素からなる。【ひっかけ】炭化水素とアルコールを混同しない。【選択肢ア】誤り。酸素と窒素だけではない。【選択肢イ】正しい。炭化水素の説明である。【選択肢ウ】誤り。金属だけではない。【選択肢エ】誤り。水ではない。【選択肢オ】誤り。施設名称ではない。,炭化水素は炭素と水素からなる化合物であり、ガソリンなどの理解に関係する基礎知識である。【試験ポイント】炭化水素は炭素と水素からなる。【ひっかけ】炭化水素とアルコールを混同しない。【選択肢ア】誤り。酸素と窒素だけではない。【選択肢イ】正しい。炭化水素の説明である。【選択肢ウ】誤り。金属だけではない。【選択肢エ】誤り。水ではない。【選択肢オ】誤り。施設名称ではな,
128,single,物性・化学,PC-035;PC-055;有機化合物;飽和炭化水素・不飽和炭化水素;標準;網羅,不飽和炭化水素について、正しいものはどれか。,,,,,,すべて水だけで構成される。,炭素原子間に二重結合や三重結合をもつものがある。,必ず金属元素だけを含む。,酸素を放出する液体だけをいう。,危険物の指定数量の単位である。,2,不飽和炭化水素には、炭素原子間に二重結合や三重結合をもつものがある。【試験ポイント】不飽和炭化水素は二重結合・三重結合をもつものがある。【ひっかけ】飽和と不飽和を区別する。【選択肢ア】誤り。水だけで構成されるわけではない。【選択肢イ】正しい。不飽和炭化水素の特徴である。【選択肢ウ】誤り。金属元素だけではない。【選択肢エ】誤り。酸素を放出する液体ではない。【選択肢オ】誤り。指定数量の単位ではない。,1:（1）「すべて水だけで構成される。」は、単独の記述としては法令上妥当な場合がありますが、本問で選ぶべき正答は（2）「炭素原子間に二重結合や三重結合をもつものがある。」です。問題文の条件（不飽和炭化水素について、正しいものはどれか。…）と照らし、設問が問う論点に合う肢を選び直してください。;3:（3）「必ず金属元素だけを含む。」は、単独の記述としては法令上妥当な場合がありますが、本問で選ぶべき正答は（2）「炭素原子間に二重結合や三重結合をもつものがある。」です。問題文の条件（不飽和炭化水素について、正しいものはどれか。…）と照らし、設問が問う論点に合う肢を選び直してください。;4:（4）「酸素を放出する液体だけをいう。」は、単独の記述としては法令上妥当な場合がありますが、本問で選ぶべき正答は（2）「炭素原子間に二重結合や三重結合をもつものがある。」です。問題文の条件（不飽和炭化水素について、正しいものはどれか。…）と照らし、設問が問う論点に合う肢を選び直してください。;5:（5）「危険物の指定数量の単位である。」は、単独の記述としては法令上妥当な場合がありますが、本問で選ぶべき正答は（2）「炭素原子間に二重結合や三重結合をもつものがある。」です。問題文の条件（不飽和炭化水素について、正しいものはどれか。…）と照らし、設問が問う論点に合う肢を選び直してください。,不飽和炭化水素には、炭素原子間に二重結合や三重結合をもつものがある。,不飽和炭化水素には、炭素原子間に二重結合や三重結合をもつものがある。【試験ポイント】不飽和炭化水素は二重結合・三重結合をもつものがある。【ひっかけ】飽和と不飽和を区別する。【選択肢ア】誤り。水だけで構成されるわけではない。【選択肢イ】正しい。不飽和炭化水素の特徴である。【選択肢ウ】誤り。金属元素だけではない。【選択肢エ】誤り。酸素を放出する液体ではない。【選,
129,single,物性・化学,PC-036;PC-056;有機化合物;アルコール類の基礎;基礎;網羅,アルコール類に共通する特徴として、正しいものはどれか。,,,,,,すべて不燃性である。,すべて第1類危険物である。,分子内にヒドロキシ基をもつものがある。,危険物施設の標識の種類である。,すべて金属ナトリウムだけでできている。,3,アルコール類は、分子内にヒドロキシ基をもつ有機化合物であり、メタノールやエタノールが代表例である。【試験ポイント】アルコール類はメタノール・エタノールを代表例として押さえる。【ひっかけ】アルコール＝安全ではない。【選択肢ア】誤り。引火危険があるものがある。【選択肢イ】誤り。乙4ではアルコール類として第4類に分類される。【選択肢ウ】正しい。アルコール類の基礎的特徴である。【選択肢エ】誤り。標識の種類ではない。【選択肢オ】誤り。金属ナトリウムだけでできているわけではない。,1:（1）「すべて不燃性である。」は、単独の記述としては法令上妥当な場合がありますが、本問で選ぶべき正答は（3）「分子内にヒドロキシ基をもつものがある。」です。問題文の条件（アルコール類に共通する特徴として、正しいものはどれか。…）と照らし、設問が問う論点に合う肢を選び直してください。;2:（2）「すべて第1類危険物である。」は、単独の記述としては法令上妥当な場合がありますが、本問で選ぶべき正答は（3）「分子内にヒドロキシ基をもつものがある。」です。問題文の条件（アルコール類に共通する特徴として、正しいものはどれか。…）と照らし、設問が問う論点に合う肢を選び直してください。;4:（4）「危険物施設の標識の種類である。」は、単独の記述としては法令上妥当な場合がありますが、本問で選ぶべき正答は（3）「分子内にヒドロキシ基をもつものがある。」です。問題文の条件（アルコール類に共通する特徴として、正しいものはどれか。…）と照らし、設問が問う論点に合う肢を選び直してください。;5:（5）の内容は、正答（3）「分子内にヒドロキシ基をもつものがある。」が示す論点とずれています。 解説の要点：アルコール類は、分子内にヒドロキシ基をもつ有機化合物であり、メタノールやエタノールが代表例である。【試験ポイント】アルコール類はメタノール・エタノールを代表例として押さえる。【ひっかけ】アルコール＝安全ではない。【選択肢ア】誤り。引火危険があるものがある。【選択肢イ】誤り。乙4で… 正答（3）との違いを確認し直してください。,アルコール類は、分子内にヒドロキシ基をもつ有機化合物であり、メタノールやエタノールが代表例である。【試験ポイント】アルコール類はメタノール・エタノールを代表例として押さえる。【ひっかけ】アルコール＝安全ではない。【選択肢ア】誤り。引火危険があるものがある。【選択肢イ】誤り。乙4ではアルコール類として第4類に分類される。【選択肢ウ】正しい。アルコール類の基礎的特徴である。【選択肢エ】誤り。標識の種類ではない。【選択肢オ】誤り。金属ナトリウムだけでできているわけではない。,アルコール類は、分子内にヒドロキシ基をもつ有機化合物であり、メタノールやエタノールが代表例である。【試験ポイント】アルコール類はメタノール・エタノールを代表例として押さえる。【ひっかけ】アルコール＝安全ではない。【選択肢ア】誤り。引火危険があるものがある。【選択肢イ】誤り。乙4ではアルコール類として第4類に分類される。【選択肢ウ】正しい。アルコール類の基礎的,
130,single,物性・化学,PC-037;PC-057;有機化合物;水溶性・非水溶性の基礎;基礎;重点,水溶性について、正しいものはどれか。,,,,,,水に溶ける性質をいう。,酸素を放出する性質をいう。,水より重い性質だけをいう。,必ず燃えない性質をいう。,蒸気が空気より重い性質だけをいう。,1,水溶性とは、水に溶ける性質をいう。ただし、水に溶けることと燃えないことは同じではない。【試験ポイント】水溶性は水に溶ける性質。【ひっかけ】水溶性＝不燃性ではない。【選択肢ア】正しい。水溶性の説明である。【選択肢イ】誤り。酸素放出の性質ではない。【選択肢ウ】誤り。水より重いことは比重の問題である。【選択肢エ】誤り。水溶性でも引火危険があるものがある。【選択肢オ】誤り。蒸気比重の問題である。,2:（2）「酸素を放出する性質をいう。」は、単独の記述としては法令上妥当な場合がありますが、本問で選ぶべき正答は（1）「水に溶ける性質をいう。」です。問題文の条件（水溶性について、正しいものはどれか。…）と照らし、設問が問う論点に合う肢を選び直してください。;3:（3）「水より重い性質だけをいう。」は、単独の記述としては法令上妥当な場合がありますが、本問で選ぶべき正答は（1）「水に溶ける性質をいう。」です。問題文の条件（水溶性について、正しいものはどれか。…）と照らし、設問が問う論点に合う肢を選び直してください。;4:（4）「必ず燃えない性質をいう。」は、単独の記述としては法令上妥当な場合がありますが、本問で選ぶべき正答は（1）「水に溶ける性質をいう。」です。問題文の条件（水溶性について、正しいものはどれか。…）と照らし、設問が問う論点に合う肢を選び直してください。;5:（5）「蒸気が空気より重い性質だけをいう。」は、単独の記述としては法令上妥当な場合がありますが、本問で選ぶべき正答は（1）「水に溶ける性質をいう。」です。問題文の条件（水溶性について、正しいものはどれか。…）と照らし、設問が問う論点に合う肢を選び直してください。,水溶性とは、水に溶ける性質をいう。,水溶性とは、水に溶ける性質をいう。ただし、水に溶けることと燃えないことは同じではない。【試験ポイント】水溶性は水に溶ける性質。【ひっかけ】水溶性＝不燃性ではない。【選択肢ア】正しい。水溶性の説明である。【選択肢イ】誤り。酸素放出の性質ではない。【選択肢ウ】誤り。水より重いことは比重の問題である。【選択肢エ】誤り。水溶性でも引火危険があるものがある。【選択肢オ,
131,single,物性・化学,PC-038;PC-059;計算問題;比重の計算;標準;網羅,ある液体500 cm³の質量が400 gであるとき、この液体の密度として正しいものはどれか。,,,,,,1.25 g/cm³,500 g/cm³,0.8 g/cm³,400 g/cm³,100 g/cm³,3,密度は質量÷体積で求める。400 g÷500 cm³＝0.8 g/cm³である。【試験ポイント】密度＝質量÷体積。【ひっかけ】体積÷質量で計算しない。【選択肢ア】誤り。500÷400で計算した値である。【選択肢イ】誤り。質量で割っていない。【選択肢ウ】正しい。400÷500＝0.8である。【選択肢エ】誤り。体積で割っていない。【選択肢オ】誤り。計算結果ではない。,1:（1）「1.25 g/cm³」は、単独の記述としては法令上妥当な場合がありますが、本問で選ぶべき正答は（3）「0.8 g/cm³」です。問題文の条件（ある液体500 cm³の質量が400 gであるとき、この液体の密度として正しいものはどれか。…）と照らし、設問が問う論点に合う肢を選び直してください。;2:（2）「500 g/cm³」は、単独の記述としては法令上妥当な場合がありますが、本問で選ぶべき正答は（3）「0.8 g/cm³」です。問題文の条件（ある液体500 cm³の質量が400 gであるとき、この液体の密度として正しいものはどれか。…）と照らし、設問が問う論点に合う肢を選び直してください。;4:（4）「400 g/cm³」は、単独の記述としては法令上妥当な場合がありますが、本問で選ぶべき正答は（3）「0.8 g/cm³」です。問題文の条件（ある液体500 cm³の質量が400 gであるとき、この液体の密度として正しいものはどれか。…）と照らし、設問が問う論点に合う肢を選び直してください。;5:（5）「100 g/cm³」は、単独の記述としては法令上妥当な場合がありますが、本問で選ぶべき正答は（3）「0.8 g/cm³」です。問題文の条件（ある液体500 cm³の質量が400 gであるとき、この液体の密度として正しいものはどれか。…）と照らし、設問が問う論点に合う肢を選び直してください。,400 g÷500 cm³＝0.8 g/cm³である。,密度は質量÷体積で求める。400 g÷500 cm³＝0.8 g/cm³である。【試験ポイント】密度＝質量÷体積。【ひっかけ】体積÷質量で計算しない。【選択肢ア】誤り。500÷400で計算した値である。【選択肢イ】誤り。質量で割っていない。【選択肢ウ】正しい。400÷500＝0.8である。【選択肢エ】誤り。体積で割っていない。【選択肢オ】誤り。計算結果ではな,
132,single,物性・化学,PC-039;PC-061;計算問題;濃度の計算;標準;網羅,食塩20 gを水に溶かして全体を200 gの食塩水にした。この食塩水の質量パーセント濃度として、正しいものはどれか。,,,,,,90 %,20 %,10 %,25 %,50 %,3,質量パーセント濃度は、溶質の質量÷溶液の質量×100で求める。20÷200×100＝10 %である。【試験ポイント】質量パーセント濃度＝溶質÷溶液×100。【ひっかけ】水の質量ではなく溶液全体の質量で割る。【選択肢ア】誤り。計算結果ではない。【選択肢イ】誤り。計算結果は10 %である。【選択肢ウ】正しい。20÷200×100＝10 %である。【選択肢エ】誤り。計算結果は10 %である。【選択肢オ】誤り。溶質と溶液の比が違う。,1:（1）「90 %」は、単独の記述としては法令上妥当な場合がありますが、本問で選ぶべき正答は（3）「10 %」です。問題文の条件（食塩20 gを水に溶かして全体を200 gの食塩水にした。この食塩水の質量パーセント濃度として、…）と照らし、設問が問う論点に合う肢を選び直してください。;2:（2）「20 %」は、単独の記述としては法令上妥当な場合がありますが、本問で選ぶべき正答は（3）「10 %」です。問題文の条件（食塩20 gを水に溶かして全体を200 gの食塩水にした。この食塩水の質量パーセント濃度として、…）と照らし、設問が問う論点に合う肢を選び直してください。;4:（4）「25 %」は、単独の記述としては法令上妥当な場合がありますが、本問で選ぶべき正答は（3）「10 %」です。問題文の条件（食塩20 gを水に溶かして全体を200 gの食塩水にした。この食塩水の質量パーセント濃度として、…）と照らし、設問が問う論点に合う肢を選び直してください。;5:（5）「50 %」は、単独の記述としては法令上妥当な場合がありますが、本問で選ぶべき正答は（3）「10 %」です。問題文の条件（食塩20 gを水に溶かして全体を200 gの食塩水にした。この食塩水の質量パーセント濃度として、…）と照らし、設問が問う論点に合う肢を選び直してください。,質量パーセント濃度は、溶質の質量÷溶液の質量×100で求める。20÷200×100＝10 %である。【試験ポイント】質量パーセント濃度＝溶質÷溶液×100。【ひっかけ】水の質量ではなく溶液全体の質量で割る。【選択肢ア】誤り。計算結果ではない。【選択肢イ】誤り。計算結果は10 %である。【選択肢ウ】正しい。20÷200×100＝10 %である。【選択肢エ】誤り。計算結果は10 %である。【選択肢オ】誤り。溶質と溶液の比が違う。,質量パーセント濃度は、溶質の質量÷溶液の質量×100で求める。20÷200×100＝10 %である。【試験ポイント】質量パーセント濃度＝溶質÷溶液×100。【ひっかけ】水の質量ではなく溶液全体の質量で割る。【選択肢ア】誤り。計算結果ではない。【選択肢イ】誤り。計算結果は10 %である。【選択肢ウ】正しい。20÷200×100＝10 %である。【選択肢エ】誤り,
133,single,物性・化学,PC-040;PC-023;物質の状態;固体・液体・気体;基礎;網羅,物質の三態として、正しい組合せはどれか。,,,,,,酸性・中性・アルカリ性,甲種・乙種・丙種,製造所・貯蔵所・取扱所,可燃物・火気・水,固体・液体・気体,5,物質の三態は、固体、液体、気体である。酸性・中性・アルカリ性はpHに関する分類である。【試験ポイント】物質の三態は固体・液体・気体。【ひっかけ】試験区分や施設区分と混同しない。【選択肢ア】誤り。pHに関する分類である。【選択肢イ】誤り。危険物取扱者の区分である。【選択肢ウ】誤り。危険物施設の区分である。【選択肢エ】誤り。燃焼や消火に関係する語である。【選択肢オ】正しい。物質の三態である。,1:（1）「酸性・中性・アルカリ性」は、単独の記述としては法令上妥当な場合がありますが、本問で選ぶべき正答は（5）「固体・液体・気体」です。問題文の条件（物質の三態として、正しい組合せはどれか。…）と照らし、設問が問う論点に合う肢を選び直してください。;2:（2）「甲種・乙種・丙種」は、単独の記述としては法令上妥当な場合がありますが、本問で選ぶべき正答は（5）「固体・液体・気体」です。問題文の条件（物質の三態として、正しい組合せはどれか。…）と照らし、設問が問う論点に合う肢を選び直してください。;3:（3）「製造所・貯蔵所・取扱所」は、単独の記述としては法令上妥当な場合がありますが、本問で選ぶべき正答は（5）「固体・液体・気体」です。問題文の条件（物質の三態として、正しい組合せはどれか。…）と照らし、設問が問う論点に合う肢を選び直してください。;4:（4）「可燃物・火気・水」は、単独の記述としては法令上妥当な場合がありますが、本問で選ぶべき正答は（5）「固体・液体・気体」です。問題文の条件（物質の三態として、正しい組合せはどれか。…）と照らし、設問が問う論点に合う肢を選び直してください。,【試験ポイント】物質の三態は固体・液体・気体。,物質の三態は、固体、液体、気体である。酸性・中性・アルカリ性はpHに関する分類である。【試験ポイント】物質の三態は固体・液体・気体。【ひっかけ】試験区分や施設区分と混同しない。【選択肢ア】誤り。pHに関する分類である。【選択肢イ】誤り。危険物取扱者の区分である。【選択肢ウ】誤り。危険物施設の区分である。【選択肢エ】誤り。燃焼や消火に関係する語である。【選択肢,
134,single,物性・化学,PC-041;PC-027;物質の状態;沸点と圧力の関係;標準;網羅,圧力と沸点の関係について、一般に正しいものはどれか。,,,,,,圧力は沸点と一切関係しない。,圧力が変わると、液体は必ず固体になる。,外圧が高くなると、沸点は必ず0 ℃になる。,外圧が低くなると、液体の沸点は下がる傾向がある。,外圧が低くなると、沸点は必ず無限大になる。,4,一般に、外圧が低くなると液体の沸点は下がる傾向がある。沸騰は蒸気圧と外圧の関係で起こる。【試験ポイント】沸点は圧力の影響を受ける。【ひっかけ】沸点を常に固定値と考えない。【選択肢ア】誤り。圧力と沸点は関係する。【選択肢イ】誤り。必ず固体になるわけではない。【選択肢ウ】誤り。必ず0 ℃になるわけではない。【選択肢エ】正しい。外圧が低いと沸点は下がる傾向がある。【選択肢オ】誤り。無限大にはならない。,1:（1）「圧力は沸点と一切関係しない。」は、単独の記述としては法令上妥当な場合がありますが、本問で選ぶべき正答は（4）「外圧が低くなると、液体の沸点は下がる傾向がある。」です。問題文の条件（圧力と沸点の関係について、一般に正しいものはどれか。…）と照らし、設問が問う論点に合う肢を選び直してください。;2:（2）の内容は、正答（4）「外圧が低くなると、液体の沸点は下がる傾向がある。」が示す論点とずれています。 解説の要点：一般に、外圧が低くなると液体の沸点は下がる傾向がある。沸騰は蒸気圧と外圧の関係で起こる。【試験ポイント】沸点は圧力の影響を受ける。【ひっかけ】沸点を常に固定値と考えない。【選択肢ア】誤り。圧力と沸点は関係する。【選択肢イ】誤り。必ず固体になるわけではない。【選択肢ウ】誤り。必ず0… 正答（4）との違いを確認し直してください。;3:（3）の内容は、正答（4）「外圧が低くなると、液体の沸点は下がる傾向がある。」が示す論点とずれています。 解説の要点：一般に、外圧が低くなると液体の沸点は下がる傾向がある。沸騰は蒸気圧と外圧の関係で起こる。【試験ポイント】沸点は圧力の影響を受ける。【ひっかけ】沸点を常に固定値と考えない。【選択肢ア】誤り。圧力と沸点は関係する。【選択肢イ】誤り。必ず固体になるわけではない。【選択肢ウ】誤り。必ず0… 正答（4）との違いを確認し直してください。;5:（5）の内容は、正答（4）「外圧が低くなると、液体の沸点は下がる傾向がある。」が示す論点とずれています。 解説の要点：一般に、外圧が低くなると液体の沸点は下がる傾向がある。沸騰は蒸気圧と外圧の関係で起こる。【試験ポイント】沸点は圧力の影響を受ける。【ひっかけ】沸点を常に固定値と考えない。【選択肢ア】誤り。圧力と沸点は関係する。【選択肢イ】誤り。必ず固体になるわけではない。【選択肢ウ】誤り。必ず0… 正答（4）との違いを確認し直してください。,一般に、外圧が低くなると液体の沸点は下がる傾向がある。沸騰は蒸気圧と外圧の関係で起こる。【試験ポイント】沸点は圧力の影響を受ける。【ひっかけ】沸点を常に固定値と考えない。【選択肢ア】誤り。圧力と沸点は関係する。【選択肢イ】誤り。必ず固体になるわけではない。【選択肢ウ】誤り。必ず0 ℃になるわけではない。【選択肢エ】正しい。外圧が低いと沸点は下がる傾向がある。【選択肢オ】誤り。無限大にはならない。,一般に、外圧が低くなると液体の沸点は下がる傾向がある。沸騰は蒸気圧と外圧の関係で起こる。【試験ポイント】沸点は圧力の影響を受ける。【ひっかけ】沸点を常に固定値と考えない。【選択肢ア】誤り。圧力と沸点は関係する。【選択肢イ】誤り。必ず固体になるわけではない。【選択肢ウ】誤り。必ず0 ℃になるわけではない。【選択肢エ】正しい。外圧が低いと沸点は下がる傾向がある。,
135,single,物性・化学,PC-042;PC-049;酸・アルカリ;酸の性質;基礎;網羅,酸の一般的な性質として、正しいものはどれか。,,,,,,必ず第4類危険物に分類される。,水溶液中で水素イオンを生じるものがある。,すべて不燃性である。,pHが7より大きいものだけをいう。,必ず金属だけで構成される。,2,酸は、水溶液中で水素イオンを生じるものとして説明される。pHは一般に7より小さいものが酸性を示す。【試験ポイント】酸は水素イオン、pH7未満を基本として押さえる。【ひっかけ】酸性とアルカリ性のpHを逆にしない。【選択肢ア】誤り。すべて第4類危険物ではない。【選択肢イ】正しい。酸の基礎的な説明である。【選択肢ウ】誤り。酸であっても性質は物質により異なる。【選択肢エ】誤り。pHが7より大きいものは一般にアルカリ性である。【選択肢オ】誤り。金属だけで構成されるわけではない。,1:（1）「必ず第4類危険物に分類される。」は、単独の記述としては法令上妥当な場合がありますが、本問で選ぶべき正答は（2）「水溶液中で水素イオンを生じるものがある。」です。問題文の条件（酸の一般的な性質として、正しいものはどれか。…）と照らし、設問が問う論点に合う肢を選び直してください。;3:（3）「すべて不燃性である。」は、単独の記述としては法令上妥当な場合がありますが、本問で選ぶべき正答は（2）「水溶液中で水素イオンを生じるものがある。」です。問題文の条件（酸の一般的な性質として、正しいものはどれか。…）と照らし、設問が問う論点に合う肢を選び直してください。;4:（4）「pHが7より大きいものだけをいう。」は、単独の記述としては法令上妥当な場合がありますが、本問で選ぶべき正答は（2）「水溶液中で水素イオンを生じるものがある。」です。問題文の条件（酸の一般的な性質として、正しいものはどれか。…）と照らし、設問が問う論点に合う肢を選び直してください。;5:（5）「必ず金属だけで構成される。」は、単独の記述としては法令上妥当な場合がありますが、本問で選ぶべき正答は（2）「水溶液中で水素イオンを生じるものがある。」です。問題文の条件（酸の一般的な性質として、正しいものはどれか。…）と照らし、設問が問う論点に合う肢を選び直してください。,酸は、水溶液中で水素イオンを生じるものとして説明される。pHは一般に7より小さいものが酸性を示す。【試験ポイント】酸は水素イオン、pH7未満を基本として押さえる。【ひっかけ】酸性とアルカリ性のpHを逆にしない。【選択肢ア】誤り。すべて第4類危険物ではない。【選択肢イ】正しい。酸の基礎的な説明である。【選択肢ウ】誤り。酸であっても性質は物質により異なる。【選択肢エ】誤り。pHが7より大きいものは一般にアルカリ性である。【選択肢オ】誤り。金属だけで構成されるわけではない。,酸は、水溶液中で水素イオンを生じるものとして説明される。pHは一般に7より小さいものが酸性を示す。【試験ポイント】酸は水素イオン、pH7未満を基本として押さえる。【ひっかけ】酸性とアルカリ性のpHを逆にしない。【選択肢ア】誤り。すべて第4類危険物ではない。【選択肢イ】正しい。酸の基礎的な説明である。【選択肢ウ】誤り。酸であっても性質は物質により異なる。【選択,
136,single,火災・消火・漏えい,PF-029;PF-036;分類比較;危険物各類の共通性状と第4類の位置づけ;基礎;重点,危険物の類別と性状の組合せとして、正しいものはどれか。,,,,,,第1類 — 可燃性固体,第5類 — 酸化性固体,第4類 — 引火性液体,第6類 — 自然発火性物質及び禁水性物質,第2類 — 酸化性液体,3,第4類危険物は引火性液体である。第1類は酸化性固体、第2類は可燃性固体、第5類は自己反応性物質、第6類は酸化性液体である。【試験ポイント】第4類は引火性液体。【ひっかけ】第1類〜第6類の性状を混同しない。【選択肢ア】誤り。第1類は酸化性固体である。【選択肢イ】誤り。第5類は自己反応性物質である。【選択肢ウ】正しい。第4類は引火性液体である。【選択肢エ】誤り。第6類は酸化性液体である。【選択肢オ】誤り。第2類は可燃性固体である。,1:（1）「第1類 — 可燃性固体」は、単独の記述としては法令上妥当な場合がありますが、本問で選ぶべき正答は（3）「第4類 — 引火性液体」です。問題文の条件（危険物の類別と性状の組合せとして、正しいものはどれか。…）と照らし、設問が問う論点に合う肢を選び直してください。;2:（2）「第5類 — 酸化性固体」は、単独の記述としては法令上妥当な場合がありますが、本問で選ぶべき正答は（3）「第4類 — 引火性液体」です。問題文の条件（危険物の類別と性状の組合せとして、正しいものはどれか。…）と照らし、設問が問う論点に合う肢を選び直してください。;4:（4）の内容は、正答（3）「第4類 — 引火性液体」が示す論点とずれています。 解説の要点：第4類危険物は引火性液体である。第1類は酸化性固体、第2類は可燃性固体、第5類は自己反応性物質、第6類は酸化性液体である。【試験ポイント】第4類は引火性液体。【ひっかけ】第1類〜第6類の性状を混同しない。【選択肢ア】誤り。第1類は酸化性固体である。【選択肢イ】誤り。第5類は自己反… 正答（3）との違いを確認し直してください。;5:（5）「第2類 — 酸化性液体」は、単独の記述としては法令上妥当な場合がありますが、本問で選ぶべき正答は（3）「第4類 — 引火性液体」です。問題文の条件（危険物の類別と性状の組合せとして、正しいものはどれか。…）と照らし、設問が問う論点に合う肢を選び直してください。,第4類危険物は引火性液体である。第1類は酸化性固体、第2類は可燃性固体、第5類は自己反応性物質、第6類は酸化性液体である。【試験ポイント】第4類は引火性液体。【ひっかけ】第1類〜第6類の性状を混同しない。【選択肢ア】誤り。第1類は酸化性固体である。【選択肢イ】誤り。第5類は自己反応性物質である。【選択肢ウ】正しい。第4類は引火性液体である。【選択肢エ】誤り。第6類は酸化性液体である。【選択肢オ】誤り。第2類は可燃性固体である。,第4類危険物は引火性液体である。第1類は酸化性固体、第2類は可燃性固体、第5類は自己反応性物質、第6類は酸化性液体である。【試験ポイント】第4類は引火性液体。【ひっかけ】第1類〜第6類の性状を混同しない。【選択肢ア】誤り。第1類は酸化性固体である。【選択肢イ】誤り。第5類は自己反応性物質である。【選択肢ウ】正しい。第4類は引火性液体である。【選択肢エ】誤り。,
137,single,火災・消火・漏えい,PF-030;PF-037;分類比較;引火点による分類・比較;標準;重点,引火点について、正しいものはどれか。,,,,,,危険物取扱者免状の番号である。,第4類危険物では一切考慮されない。,第4類危険物の分類や危険性を考えるうえで重要な性質である。,物質が水に沈むかだけを表す値である。,蒸気が空気より重いかだけを表す値である。,3,引火点は、第4類危険物の分類や危険性を理解するうえで重要な性質である。【試験ポイント】引火点は第4類の危険性理解に重要。【ひっかけ】引火点と発火点を混同しない。【選択肢ア】誤り。免状番号ではない。【選択肢イ】誤り。第4類危険物では重要な性質である。【選択肢ウ】正しい。引火点は第4類危険物で重要である。【選択肢エ】誤り。水への浮沈ではない。【選択肢オ】誤り。蒸気比重ではない。,1:（1）の内容は、正答（3）「第4類危険物の分類や危険性を考えるうえで重要な性質である。」が示す論点とずれています。 解説の要点：引火点は、第4類危険物の分類や危険性を理解するうえで重要な性質である。【試験ポイント】引火点は第4類の危険性理解に重要。【ひっかけ】引火点と発火点を混同しない。【選択肢ア】誤り。免状番号ではない。【選択肢イ】誤り。第4類危険物では重要な性質である。【選択肢ウ】正しい。引火点は第4… 正答（3）との違いを確認し直してください。;2:解説では「引火点は、第4類危険物の分類や危険性を理解するうえで重要な性質である。」とある一方、（2）の記述はそれと矛盾します。 解説の要点：引火点は、第4類危険物の分類や危険性を理解するうえで重要な性質である。【試験ポイント】引火点は第4類の危険性理解に重要。【ひっかけ】引火点と発火点を混同しない。【選択肢ア】誤り。免状番号ではない。【選択肢イ】誤り。第4類危険物では重要な性質である。【選択肢ウ】正しい。引火点は第4… 正答（3）との違いを確認し直してください。;4:（4）の内容は、正答（3）「第4類危険物の分類や危険性を考えるうえで重要な性質である。」が示す論点とずれています。 解説の要点：引火点は、第4類危険物の分類や危険性を理解するうえで重要な性質である。【試験ポイント】引火点は第4類の危険性理解に重要。【ひっかけ】引火点と発火点を混同しない。【選択肢ア】誤り。免状番号ではない。【選択肢イ】誤り。第4類危険物では重要な性質である。【選択肢ウ】正しい。引火点は第4… 正答（3）との違いを確認し直してください。;5:（5）の内容は、正答（3）「第4類危険物の分類や危険性を考えるうえで重要な性質である。」が示す論点とずれています。 解説の要点：引火点は、第4類危険物の分類や危険性を理解するうえで重要な性質である。【試験ポイント】引火点は第4類の危険性理解に重要。【ひっかけ】引火点と発火点を混同しない。【選択肢ア】誤り。免状番号ではない。【選択肢イ】誤り。第4類危険物では重要な性質である。【選択肢ウ】正しい。引火点は第4… 正答（3）との違いを確認し直してください。,引火点は、第4類危険物の分類や危険性を理解するうえで重要な性質である。【試験ポイント】引火点は第4類の危険性理解に重要。【ひっかけ】引火点と発火点を混同しない。【選択肢ア】誤り。免状番号ではない。【選択肢イ】誤り。第4類危険物では重要な性質である。【選択肢ウ】正しい。引火点は第4類危険物で重要である。【選択肢エ】誤り。水への浮沈ではない。【選択肢オ】誤り。蒸気比重ではない。,引火点は、第4類危険物の分類や危険性を理解するうえで重要な性質である。【試験ポイント】引火点は第4類の危険性理解に重要。【ひっかけ】引火点と発火点を混同しない。【選択肢ア】誤り。免状番号ではない。【選択肢イ】誤り。第4類危険物では重要な性質である。【選択肢ウ】正しい。引火点は第4類危険物で重要である。【選択肢エ】誤り。水への浮沈ではない。【選択肢オ】誤り。蒸,
138,single,火災・消火・漏えい,PF-031;PF-038;分類比較;発火点の比較;標準;重点,発火点について、正しいものはどれか。,,,,,,危険物を運搬できる最大距離をいう。,火源を近づけたときに引火する最低温度をいう。,液体が水に溶ける温度をいう。,液体が水に浮く温度をいう。,火源がなくても物質が発火する最低温度をいう。,5,発火点は、火源がなくても物質が発火する最低温度である。火源を近づけて引火する最低温度は引火点である。【試験ポイント】発火点は火源なしで発火する温度。【ひっかけ】引火点と発火点を区別する。【選択肢ア】誤り。運搬距離ではない。【選択肢イ】誤り。引火点の説明である。【選択肢ウ】誤り。溶解温度ではない。【選択肢エ】誤り。浮沈とは関係ない。【選択肢オ】正しい。発火点の説明である。,1:（1）の内容は、正答（5）「火源がなくても物質が発火する最低温度をいう。」が示す論点とずれています。 解説の要点：発火点は、火源がなくても物質が発火する最低温度である。火源を近づけて引火する最低温度は引火点である。【試験ポイント】発火点は火源なしで発火する温度。【ひっかけ】引火点と発火点を区別する。【選択肢ア】誤り。運搬距離ではない。【選択肢イ】誤り。引火点の説明である。【選択肢ウ】誤り。溶… 正答（5）との違いを確認し直してください。;2:（2）の内容は、正答（5）「火源がなくても物質が発火する最低温度をいう。」が示す論点とずれています。 解説の要点：発火点は、火源がなくても物質が発火する最低温度である。火源を近づけて引火する最低温度は引火点である。【試験ポイント】発火点は火源なしで発火する温度。【ひっかけ】引火点と発火点を区別する。【選択肢ア】誤り。運搬距離ではない。【選択肢イ】誤り。引火点の説明である。【選択肢ウ】誤り。溶… 正答（5）との違いを確認し直してください。;3:（3）「液体が水に溶ける温度をいう。」は、単独の記述としては法令上妥当な場合がありますが、本問で選ぶべき正答は（5）「火源がなくても物質が発火する最低温度をいう。」です。問題文の条件（発火点について、正しいものはどれか。…）と照らし、設問が問う論点に合う肢を選び直してください。;4:（4）「液体が水に浮く温度をいう。」は、単独の記述としては法令上妥当な場合がありますが、本問で選ぶべき正答は（5）「火源がなくても物質が発火する最低温度をいう。」です。問題文の条件（発火点について、正しいものはどれか。…）と照らし、設問が問う論点に合う肢を選び直してください。,発火点は、火源がなくても物質が発火する最低温度である。,発火点は、火源がなくても物質が発火する最低温度である。火源を近づけて引火する最低温度は引火点である。【試験ポイント】発火点は火源なしで発火する温度。【ひっかけ】引火点と発火点を区別する。【選択肢ア】誤り。運搬距離ではない。【選択肢イ】誤り。引火点の説明である。【選択肢ウ】誤り。溶解温度ではない。【選択肢エ】誤り。浮沈とは関係ない。【選択肢オ】正しい。発火点の,
139,single,火災・消火・漏えい,PF-032;PF-040;分類比較;水溶性・非水溶性の代表例;標準;重点,水溶性の第4類危険物として、適切なものはどれか。,,,,,,アセトン,軽油,ガソリン,潤滑油,灯油,1,アセトンは第1石油類の水溶性液体として扱われる。ガソリン、灯油、軽油、潤滑油は一般に非水溶性として整理される。【試験ポイント】アセトンは水溶性の第一石油類。【ひっかけ】水溶性でも引火危険はある。【選択肢ア】正しい。アセトンは水溶性液体として扱われる。【選択肢イ】誤り。軽油は一般に非水溶性である。【選択肢ウ】誤り。ガソリンは一般に非水溶性である。【選択肢エ】誤り。潤滑油は一般に非水溶性である。【選択肢オ】誤り。灯油は一般に非水溶性である。,2:（2）「軽油」は、単独の記述としては法令上妥当な場合がありますが、本問で選ぶべき正答は（1）「アセトン」です。問題文の条件（水溶性の第4類危険物として、適切なものはどれか。…）と照らし、設問が問う論点に合う肢を選び直してください。;3:（3）「ガソリン」は、単独の記述としては法令上妥当な場合がありますが、本問で選ぶべき正答は（1）「アセトン」です。問題文の条件（水溶性の第4類危険物として、適切なものはどれか。…）と照らし、設問が問う論点に合う肢を選び直してください。;4:（4）「潤滑油」は、単独の記述としては法令上妥当な場合がありますが、本問で選ぶべき正答は（1）「アセトン」です。問題文の条件（水溶性の第4類危険物として、適切なものはどれか。…）と照らし、設問が問う論点に合う肢を選び直してください。;5:（5）「灯油」は、単独の記述としては法令上妥当な場合がありますが、本問で選ぶべき正答は（1）「アセトン」です。問題文の条件（水溶性の第4類危険物として、適切なものはどれか。…）と照らし、設問が問う論点に合う肢を選び直してください。,アセトンは第1石油類の水溶性液体として扱われる。ガソリン、灯油、軽油、潤滑油は一般に非水溶性として整理される。【試験ポイント】アセトンは水溶性の第一石油類。【ひっかけ】水溶性でも引火危険はある。【選択肢ア】正しい。アセトンは水溶性液体として扱われる。【選択肢イ】誤り。軽油は一般に非水溶性である。【選択肢ウ】誤り。ガソリンは一般に非水溶性である。【選択肢エ】誤り。潤滑油は一般に非水溶性である。【選択肢オ】誤り。灯油は一般に非水溶性である。,アセトンは第1石油類の水溶性液体として扱われる。ガソリン、灯油、軽油、潤滑油は一般に非水溶性として整理される。【試験ポイント】アセトンは水溶性の第一石油類。【ひっかけ】水溶性でも引火危険はある。【選択肢ア】正しい。アセトンは水溶性液体として扱われる。【選択肢イ】誤り。軽油は一般に非水溶性である。【選択肢ウ】誤り。ガソリンは一般に非水溶性である。【選択肢エ】誤,
140,single,火災・消火・漏えい,PF-033;PF-041;分類比較;蒸気の危険性比較;標準;重点,ガソリン蒸気の危険性について、正しいものはどれか。,,,,,,酸素を放出して他の物質を燃やす。,不燃性であり、火気を近づけても安全である。,空気より必ず軽く、低所には絶対にたまらない。,空気より重く、低所に滞留しやすい。,水に完全に溶けるため、換気は不要である。,4,ガソリン蒸気は空気より重く、低所に滞留しやすい。火気や静電気による引火に注意が必要である。【試験ポイント】ガソリン蒸気は低所に滞留しやすい。【ひっかけ】液体比重と蒸気比重を混同しない。【選択肢ア】誤り。酸素放出性ではない。【選択肢イ】誤り。引火危険がある。【選択肢ウ】誤り。空気より重い蒸気として扱う。【選択肢エ】正しい。低所滞留に注意する。【選択肢オ】誤り。換気は重要である。,1:（1）の内容は、正答（4）「空気より重く、低所に滞留しやすい。」が示す論点とずれています。 解説の要点：ガソリン蒸気は空気より重く、低所に滞留しやすい。火気や静電気による引火に注意が必要である。【試験ポイント】ガソリン蒸気は低所に滞留しやすい。【ひっかけ】液体比重と蒸気比重を混同しない。【選択肢ア】誤り。酸素放出性ではない。【選択肢イ】誤り。引火危険がある。【選択肢ウ】誤り。空気よ… 正答（4）との違いを確認し直してください。;2:（2）の内容は、正答（4）「空気より重く、低所に滞留しやすい。」が示す論点とずれています。 解説の要点：ガソリン蒸気は空気より重く、低所に滞留しやすい。火気や静電気による引火に注意が必要である。【試験ポイント】ガソリン蒸気は低所に滞留しやすい。【ひっかけ】液体比重と蒸気比重を混同しない。【選択肢ア】誤り。酸素放出性ではない。【選択肢イ】誤り。引火危険がある。【選択肢ウ】誤り。空気よ… 正答（4）との違いを確認し直してください。;3:解説では「火気や静電気による引火に注意が必要である。」とある一方、（3）の記述はそれと矛盾します。 解説の要点：ガソリン蒸気は空気より重く、低所に滞留しやすい。火気や静電気による引火に注意が必要である。【試験ポイント】ガソリン蒸気は低所に滞留しやすい。【ひっかけ】液体比重と蒸気比重を混同しない。【選択肢ア】誤り。酸素放出性ではない。【選択肢イ】誤り。引火危険がある。【選択肢ウ】誤り。空気よ… 正答（4）との違いを確認し直してください。;5:解説では「火気や静電気による引火に注意が必要である。」とある一方、（5）の記述はそれと矛盾します。 解説の要点：ガソリン蒸気は空気より重く、低所に滞留しやすい。火気や静電気による引火に注意が必要である。【試験ポイント】ガソリン蒸気は低所に滞留しやすい。【ひっかけ】液体比重と蒸気比重を混同しない。【選択肢ア】誤り。酸素放出性ではない。【選択肢イ】誤り。引火危険がある。【選択肢ウ】誤り。空気よ… 正答（4）との違いを確認し直してください。,ガソリン蒸気は空気より重く、低所に滞留しやすい。,ガソリン蒸気は空気より重く、低所に滞留しやすい。火気や静電気による引火に注意が必要である。【試験ポイント】ガソリン蒸気は低所に滞留しやすい。【ひっかけ】液体比重と蒸気比重を混同しない。【選択肢ア】誤り。酸素放出性ではない。【選択肢イ】誤り。引火危険がある。【選択肢ウ】誤り。空気より重い蒸気として扱う。【選択肢エ】正しい。低所滞留に注意する。【選択肢オ】誤り。,
141,single,火災・消火・漏えい,PF-034;PF-042;火災予防;物質別の火災予防;標準;重点,ガソリンを取り扱う場合の火災予防として、適切なものはどれか。,,,,,,漏えいしたガソリンを下水へ流す。,火気を遠ざけ、換気を行い、静電気の発生に注意する。,容器を開放して直射日光下で加熱する。,蒸気を確認するために裸火を近づける。,静電気をためるため接地を避ける。,2,ガソリンは揮発しやすく、可燃性蒸気に引火しやすいため、火気管理、換気、静電気対策が重要である。【試験ポイント】ガソリンは火気・換気・静電気対策が重要。【ひっかけ】蒸気確認に火気を使わない。【選択肢ア】誤り。下水へ流すのは危険である。【選択肢イ】正しい。ガソリン取扱いでは重要な火災予防策である。【選択肢ウ】誤り。開放や加熱は危険である。【選択肢エ】誤り。裸火は危険である。【選択肢オ】誤り。接地は静電気対策として重要である。,1:（1）の内容は、正答（2）「火気を遠ざけ、換気を行い、静電気の発生に注意する。」が示す論点とずれています。 解説の要点：ガソリンは揮発しやすく、可燃性蒸気に引火しやすいため、火気管理、換気、静電気対策が重要である。【試験ポイント】ガソリンは火気・換気・静電気対策が重要。【ひっかけ】蒸気確認に火気を使わない。【選択肢ア】誤り。下水へ流すのは危険である。【選択肢イ】正しい。ガソリン取扱いでは重要な火災… 正答（2）との違いを確認し直してください。;3:（3）の内容は、正答（2）「火気を遠ざけ、換気を行い、静電気の発生に注意する。」が示す論点とずれています。 解説の要点：ガソリンは揮発しやすく、可燃性蒸気に引火しやすいため、火気管理、換気、静電気対策が重要である。【試験ポイント】ガソリンは火気・換気・静電気対策が重要。【ひっかけ】蒸気確認に火気を使わない。【選択肢ア】誤り。下水へ流すのは危険である。【選択肢イ】正しい。ガソリン取扱いでは重要な火災… 正答（2）との違いを確認し直してください。;4:（4）の内容は、正答（2）「火気を遠ざけ、換気を行い、静電気の発生に注意する。」が示す論点とずれています。 解説の要点：ガソリンは揮発しやすく、可燃性蒸気に引火しやすいため、火気管理、換気、静電気対策が重要である。【試験ポイント】ガソリンは火気・換気・静電気対策が重要。【ひっかけ】蒸気確認に火気を使わない。【選択肢ア】誤り。下水へ流すのは危険である。【選択肢イ】正しい。ガソリン取扱いでは重要な火災… 正答（2）との違いを確認し直してください。;5:（5）の内容は、正答（2）「火気を遠ざけ、換気を行い、静電気の発生に注意する。」が示す論点とずれています。 解説の要点：ガソリンは揮発しやすく、可燃性蒸気に引火しやすいため、火気管理、換気、静電気対策が重要である。【試験ポイント】ガソリンは火気・換気・静電気対策が重要。【ひっかけ】蒸気確認に火気を使わない。【選択肢ア】誤り。下水へ流すのは危険である。【選択肢イ】正しい。ガソリン取扱いでは重要な火災… 正答（2）との違いを確認し直してください。,ガソリンは揮発しやすく、可燃性蒸気に引火しやすいため、火気管理、換気、静電気対策が重要である。【試験ポイント】ガソリンは火気・換気・静電気対策が重要。【ひっかけ】蒸気確認に火気を使わない。【選択肢ア】誤り。下水へ流すのは危険である。【選択肢イ】正しい。ガソリン取扱いでは重要な火災予防策である。【選択肢ウ】誤り。開放や加熱は危険である。【選択肢エ】誤り。裸火は危険である。【選択肢オ】誤り。接地は静電気対策として重要である。,ガソリンは揮発しやすく、可燃性蒸気に引火しやすいため、火気管理、換気、静電気対策が重要である。【試験ポイント】ガソリンは火気・換気・静電気対策が重要。【ひっかけ】蒸気確認に火気を使わない。【選択肢ア】誤り。下水へ流すのは危険である。【選択肢イ】正しい。ガソリン取扱いでは重要な火災予防策である。【選択肢ウ】誤り。開放や加熱は危険である。【選択肢エ】誤り。裸火は,
142,single,火災・消火・漏えい,PF-035;PF-044;貯蔵・取扱い;第4類危険物の貯蔵・取扱い注意点;基礎;重点,第4類危険物の貯蔵・取扱いについて、適切なものはどれか。,,,,,,漏えいしても放置する。,密栓し、火気や高温を避けて取り扱う。,容器を常に開放し、蒸気を発生させ続ける。,水に溶けるものは必ず火災危険がないため、管理不要である。,火気の近くで移し替える。,2,第4類危険物では、蒸気の発生、火気、静電気、漏えいに注意し、密栓や換気など適切な管理を行う必要がある。【試験ポイント】第4類は密栓・火気厳禁・漏えい防止。【ひっかけ】水溶性＝安全ではない。【選択肢ア】誤り。漏えいは適切に処理する必要がある。【選択肢イ】正しい。火気や高温を避けることが重要である。【選択肢ウ】誤り。容器開放は蒸気発生の危険を高める。【選択肢エ】誤り。水溶性でも引火危険がある。【選択肢オ】誤り。火気の近くでの移し替えは危険である。,1:（1）「漏えいしても放置する。」は、単独の記述としては法令上妥当な場合がありますが、本問で選ぶべき正答は（2）「密栓し、火気や高温を避けて取り扱う。」です。問題文の条件（第4類危険物の貯蔵・取扱いについて、適切なものはどれか。…）と照らし、設問が問う論点に合う肢を選び直してください。;3:（3）の内容は、正答（2）「密栓し、火気や高温を避けて取り扱う。」が示す論点とずれています。 解説の要点：第4類危険物では、蒸気の発生、火気、静電気、漏えいに注意し、密栓や換気など適切な管理を行う必要がある。【試験ポイント】第4類は密栓・火気厳禁・漏えい防止。【ひっかけ】水溶性＝安全ではない。【選択肢ア】誤り。漏えいは適切に処理する必要がある。【選択肢イ】正しい。火気や高温を避けるこ… 正答（2）との違いを確認し直してください。;4:解説では「第4類危険物では、蒸気の発生、火気、静電気、漏えいに注意し、密栓や換気など適切な管理を行う必要がある。」とある一方、（4）の記述はそれと矛盾します。 解説の要点：第4類危険物では、蒸気の発生、火気、静電気、漏えいに注意し、密栓や換気など適切な管理を行う必要がある。【試験ポイント】第4類は密栓・火気厳禁・漏えい防止。【ひっかけ】水溶性＝安全ではない。【選択肢ア】誤り。漏えいは適切に処理する必要がある。【選択肢イ】正しい。火気や高温を避けるこ… 正答（2）との違いを確認し直してください。;5:（5）「火気の近くで移し替える。」は、単独の記述としては法令上妥当な場合がありますが、本問で選ぶべき正答は（2）「密栓し、火気や高温を避けて取り扱う。」です。問題文の条件（第4類危険物の貯蔵・取扱いについて、適切なものはどれか。…）と照らし、設問が問う論点に合う肢を選び直してください。,第4類危険物では、蒸気の発生、火気、静電気、漏えいに注意し、密栓や換気など適切な管理を行う必要がある。【試験ポイント】第4類は密栓・火気厳禁・漏えい防止。【ひっかけ】水溶性＝安全ではない。【選択肢ア】誤り。漏えいは適切に処理する必要がある。【選択肢イ】正しい。火気や高温を避けることが重要である。【選択肢ウ】誤り。容器開放は蒸気発生の危険を高める。【選択肢エ】誤り。水溶性でも引火危険がある。【選択肢オ】誤り。火気の近くでの移し替えは危険である。,第4類危険物では、蒸気の発生、火気、静電気、漏えいに注意し、密栓や換気など適切な管理を行う必要がある。【試験ポイント】第4類は密栓・火気厳禁・漏えい防止。【ひっかけ】水溶性＝安全ではない。【選択肢ア】誤り。漏えいは適切に処理する必要がある。【選択肢イ】正しい。火気や高温を避けることが重要である。【選択肢ウ】誤り。容器開放は蒸気発生の危険を高める。【選択肢エ】,
143,single,火災・消火・漏えい,PF-036;PF-045;ひっかけ対策;よくある混同論点;標準;総合,第4類危険物の分類について、正しいものはどれか。,,,,,,ガソリンは第二石油類、灯油は第一石油類、重油は特殊引火物である。,ガソリン、灯油、重油はいずれもアルコール類である。,ガソリン、灯油、重油はいずれも第1類危険物である。,ガソリンは動植物油類、灯油は特殊引火物、重油は第一石油類である。,ガソリンは第一石油類、灯油は第二石油類、重油は第三石油類である。,5,ガソリンは第一石油類、灯油は第二石油類、重油は第三石油類として整理する。【試験ポイント】ガソリン・灯油・重油の分類を確実に覚える。【ひっかけ】石油類の番号を混同しない。【選択肢ア】誤り。分類が入れ替わっている。【選択肢イ】誤り。いずれもアルコール類ではない。【選択肢ウ】誤り。第1類ではなく第4類危険物である。【選択肢エ】誤り。分類が誤っている。【選択肢オ】正しい。代表物質の分類として妥当である。,1:（1）の内容は、正答（5）「ガソリンは第一石油類、灯油は第二石油類、重油は第三石油類である。」が示す論点とずれています。 解説の要点：ガソリンは第一石油類、灯油は第二石油類、重油は第三石油類として整理する。【試験ポイント】ガソリン・灯油・重油の分類を確実に覚える。【ひっかけ】石油類の番号を混同しない。【選択肢ア】誤り。分類が入れ替わっている。【選択肢イ】誤り。いずれもアルコール類ではない。【選択肢ウ】誤り。第1… 正答（5）との違いを確認し直してください。;2:（2）の内容は、正答（5）「ガソリンは第一石油類、灯油は第二石油類、重油は第三石油類である。」が示す論点とずれています。 解説の要点：ガソリンは第一石油類、灯油は第二石油類、重油は第三石油類として整理する。【試験ポイント】ガソリン・灯油・重油の分類を確実に覚える。【ひっかけ】石油類の番号を混同しない。【選択肢ア】誤り。分類が入れ替わっている。【選択肢イ】誤り。いずれもアルコール類ではない。【選択肢ウ】誤り。第1… 正答（5）との違いを確認し直してください。;3:（3）の内容は、正答（5）「ガソリンは第一石油類、灯油は第二石油類、重油は第三石油類である。」が示す論点とずれています。 解説の要点：ガソリンは第一石油類、灯油は第二石油類、重油は第三石油類として整理する。【試験ポイント】ガソリン・灯油・重油の分類を確実に覚える。【ひっかけ】石油類の番号を混同しない。【選択肢ア】誤り。分類が入れ替わっている。【選択肢イ】誤り。いずれもアルコール類ではない。【選択肢ウ】誤り。第1… 正答（5）との違いを確認し直してください。;4:（4）の内容は、正答（5）「ガソリンは第一石油類、灯油は第二石油類、重油は第三石油類である。」が示す論点とずれています。 解説の要点：ガソリンは第一石油類、灯油は第二石油類、重油は第三石油類として整理する。【試験ポイント】ガソリン・灯油・重油の分類を確実に覚える。【ひっかけ】石油類の番号を混同しない。【選択肢ア】誤り。分類が入れ替わっている。【選択肢イ】誤り。いずれもアルコール類ではない。【選択肢ウ】誤り。第1… 正答（5）との違いを確認し直してください。,ガソリンは第一石油類、灯油は第二石油類、重油は第三石油類として整理する。,ガソリンは第一石油類、灯油は第二石油類、重油は第三石油類として整理する。【試験ポイント】ガソリン・灯油・重油の分類を確実に覚える。【ひっかけ】石油類の番号を混同しない。【選択肢ア】誤り。分類が入れ替わっている。【選択肢イ】誤り。いずれもアルコール類ではない。【選択肢ウ】誤り。第1類ではなく第4類危険物である。【選択肢エ】誤り。分類が誤っている。【選択肢オ】正,
144,single,火災・消火・漏えい,PF-037;PF-046;総合問題;性消分野の複合問題;標準;総合,第4類危険物の説明として、最も適切なものはどれか。,,,,,,引火性液体であり、可燃性蒸気の発生や火気に注意する。,可燃性固体であり、液体は含まれない。,酸化性液体であり、すべて不燃性である。,酸化性固体であり、すべて水に溶けない。,自然発火性物質及び禁水性物質だけをいう。,1,第4類危険物は引火性液体であり、可燃性蒸気の発生、火気、静電気、換気などに注意が必要である。【試験ポイント】第4類は引火性液体。【ひっかけ】他類の性状と混同しない。【選択肢ア】正しい。第4類危険物の説明である。【選択肢イ】誤り。可燃性固体は第2類である。【選択肢ウ】誤り。酸化性液体は第6類である。【選択肢エ】誤り。酸化性固体は第1類である。【選択肢オ】誤り。第3類の説明である。,2:解説では「第4類危険物は引火性液体であり、可燃性蒸気の発生、火気、静電気、換気などに注意が必要である。」とある一方、（2）の記述はそれと矛盾します。 解説の要点：第4類危険物は引火性液体であり、可燃性蒸気の発生、火気、静電気、換気などに注意が必要である。【試験ポイント】第4類は引火性液体。【ひっかけ】他類の性状と混同しない。【選択肢ア】正しい。第4類危険物の説明である。【選択肢イ】誤り。可燃性固体は第2類である。【選択肢ウ】誤り。酸化性液… 正答（1）との違いを確認し直してください。;3:（3）の内容は、正答（1）「引火性液体であり、可燃性蒸気の発生や火気に注意する。」が示す論点とずれています。 解説の要点：第4類危険物は引火性液体であり、可燃性蒸気の発生、火気、静電気、換気などに注意が必要である。【試験ポイント】第4類は引火性液体。【ひっかけ】他類の性状と混同しない。【選択肢ア】正しい。第4類危険物の説明である。【選択肢イ】誤り。可燃性固体は第2類である。【選択肢ウ】誤り。酸化性液… 正答（1）との違いを確認し直してください。;4:解説では「第4類危険物は引火性液体であり、可燃性蒸気の発生、火気、静電気、換気などに注意が必要である。」とある一方、（4）の記述はそれと矛盾します。 解説の要点：第4類危険物は引火性液体であり、可燃性蒸気の発生、火気、静電気、換気などに注意が必要である。【試験ポイント】第4類は引火性液体。【ひっかけ】他類の性状と混同しない。【選択肢ア】正しい。第4類危険物の説明である。【選択肢イ】誤り。可燃性固体は第2類である。【選択肢ウ】誤り。酸化性液… 正答（1）との違いを確認し直してください。;5:（5）の内容は、正答（1）「引火性液体であり、可燃性蒸気の発生や火気に注意する。」が示す論点とずれています。 解説の要点：第4類危険物は引火性液体であり、可燃性蒸気の発生、火気、静電気、換気などに注意が必要である。【試験ポイント】第4類は引火性液体。【ひっかけ】他類の性状と混同しない。【選択肢ア】正しい。第4類危険物の説明である。【選択肢イ】誤り。可燃性固体は第2類である。【選択肢ウ】誤り。酸化性液… 正答（1）との違いを確認し直してください。,第4類危険物は引火性液体であり、可燃性蒸気の発生、火気、静電気、換気などに注意が必要である。【試験ポイント】第4類は引火性液体。【ひっかけ】他類の性状と混同しない。【選択肢ア】正しい。第4類危険物の説明である。【選択肢イ】誤り。可燃性固体は第2類である。【選択肢ウ】誤り。酸化性液体は第6類である。【選択肢エ】誤り。酸化性固体は第1類である。【選択肢オ】誤り。第3類の説明である。,第4類危険物は引火性液体であり、可燃性蒸気の発生、火気、静電気、換気などに注意が必要である。【試験ポイント】第4類は引火性液体。【ひっかけ】他類の性状と混同しない。【選択肢ア】正しい。第4類危険物の説明である。【選択肢イ】誤り。可燃性固体は第2類である。【選択肢ウ】誤り。酸化性液体は第6類である。【選択肢エ】誤り。酸化性固体は第1類である。【選択肢オ】誤り。,
145,single,火災・消火・漏えい,PF-038;PF-023;アルコール類;メタノール;標準;重点,メタノールについて、適切なものはどれか。,,,,,,第一石油類の非水溶性液体である。,特殊引火物であり、ガソリンと同じ分類である。,動植物油類であり、自然発火だけが問題となる。,水に溶けるため、絶対に引火しない。,水に溶け、引火の危険があるアルコール類である。,5,メタノールはアルコール類で、水に溶けるが引火危険がある。水溶性であることは安全を意味しない。【試験ポイント】メタノールは水溶性のアルコール類で引火危険がある。【ひっかけ】水溶性＝不燃性ではない。【選択肢ア】誤り。第一石油類ではない。【選択肢イ】誤り。特殊引火物ではない。【選択肢ウ】誤り。動植物油類ではない。【選択肢エ】誤り。水に溶けても引火危険はある。【選択肢オ】正しい。メタノールの説明として妥当である。,1:（1）の内容は、正答（5）「水に溶け、引火の危険があるアルコール類である。」が示す論点とずれています。 解説の要点：メタノールはアルコール類で、水に溶けるが引火危険がある。水溶性であることは安全を意味しない。【試験ポイント】メタノールは水溶性のアルコール類で引火危険がある。【ひっかけ】水溶性＝不燃性ではない。【選択肢ア】誤り。第一石油類ではない。【選択肢イ】誤り。特殊引火物ではない。【選択肢ウ… 正答（5）との違いを確認し直してください。;2:（2）の内容は、正答（5）「水に溶け、引火の危険があるアルコール類である。」が示す論点とずれています。 解説の要点：メタノールはアルコール類で、水に溶けるが引火危険がある。水溶性であることは安全を意味しない。【試験ポイント】メタノールは水溶性のアルコール類で引火危険がある。【ひっかけ】水溶性＝不燃性ではない。【選択肢ア】誤り。第一石油類ではない。【選択肢イ】誤り。特殊引火物ではない。【選択肢ウ… 正答（5）との違いを確認し直してください。;3:（3）の内容は、正答（5）「水に溶け、引火の危険があるアルコール類である。」が示す論点とずれています。 解説の要点：メタノールはアルコール類で、水に溶けるが引火危険がある。水溶性であることは安全を意味しない。【試験ポイント】メタノールは水溶性のアルコール類で引火危険がある。【ひっかけ】水溶性＝不燃性ではない。【選択肢ア】誤り。第一石油類ではない。【選択肢イ】誤り。特殊引火物ではない。【選択肢ウ… 正答（5）との違いを確認し直してください。;4:解説では「メタノールはアルコール類で、水に溶けるが引火危険がある。」とある一方、（4）の記述はそれと矛盾します。 解説の要点：メタノールはアルコール類で、水に溶けるが引火危険がある。水溶性であることは安全を意味しない。【試験ポイント】メタノールは水溶性のアルコール類で引火危険がある。【ひっかけ】水溶性＝不燃性ではない。【選択肢ア】誤り。第一石油類ではない。【選択肢イ】誤り。特殊引火物ではない。【選択肢ウ… 正答（5）との違いを確認し直してください。,メタノールはアルコール類で、水に溶けるが引火危険がある。水溶性であることは安全を意味しない。【試験ポイント】メタノールは水溶性のアルコール類で引火危険がある。【ひっかけ】水溶性＝不燃性ではない。【選択肢ア】誤り。第一石油類ではない。【選択肢イ】誤り。特殊引火物ではない。【選択肢ウ】誤り。動植物油類ではない。【選択肢エ】誤り。水に溶けても引火危険はある。【選択肢オ】正しい。メタノールの説明として妥当である。,メタノールはアルコール類で、水に溶けるが引火危険がある。水溶性であることは安全を意味しない。【試験ポイント】メタノールは水溶性のアルコール類で引火危険がある。【ひっかけ】水溶性＝不燃性ではない。【選択肢ア】誤り。第一石油類ではない。【選択肢イ】誤り。特殊引火物ではない。【選択肢ウ】誤り。動植物油類ではない。【選択肢エ】誤り。水に溶けても引火危険はある。【選択,
146,single,火災・消火・漏えい,PF-039;PF-024;アルコール類;エタノール;標準;重点,エタノールの火災予防として、適切なものはどれか。,,,,,,火気を避け、容器を密閉して換気に注意する。,引火危険がないため、消火設備は一切不要である。,可燃性蒸気を増やすため、容器を開放して放置する。,第1類危険物として酸素放出にだけ注意する。,水に溶けるため、火気の近くで加熱してもよい。,1,エタノールは水に溶けるアルコール類だが、引火危険がある。火気管理、密栓、換気が重要である。【試験ポイント】エタノールは水溶性でも引火危険がある。【ひっかけ】水溶性を理由に火気管理を軽視しない。【選択肢ア】正しい。火気を避け、密閉・換気に注意する。【選択肢イ】誤り。引火危険がある。【選択肢ウ】誤り。容器開放は蒸気発生を増やす危険がある。【選択肢エ】誤り。第1類危険物ではない。【選択肢オ】誤り。水に溶けても引火危険がある。,2:解説では「エタノールは水に溶けるアルコール類だが、引火危険がある。」とある一方、（2）の記述はそれと矛盾します。 解説の要点：エタノールは水に溶けるアルコール類だが、引火危険がある。火気管理、密栓、換気が重要である。【試験ポイント】エタノールは水溶性でも引火危険がある。【ひっかけ】水溶性を理由に火気管理を軽視しない。【選択肢ア】正しい。火気を避け、密閉・換気に注意する。【選択肢イ】誤り。引火危険がある。… 正答（1）との違いを確認し直してください。;3:（3）の内容は、正答（1）「火気を避け、容器を密閉して換気に注意する。」が示す論点とずれています。 解説の要点：エタノールは水に溶けるアルコール類だが、引火危険がある。火気管理、密栓、換気が重要である。【試験ポイント】エタノールは水溶性でも引火危険がある。【ひっかけ】水溶性を理由に火気管理を軽視しない。【選択肢ア】正しい。火気を避け、密閉・換気に注意する。【選択肢イ】誤り。引火危険がある。… 正答（1）との違いを確認し直してください。;4:（4）の内容は、正答（1）「火気を避け、容器を密閉して換気に注意する。」が示す論点とずれています。 解説の要点：エタノールは水に溶けるアルコール類だが、引火危険がある。火気管理、密栓、換気が重要である。【試験ポイント】エタノールは水溶性でも引火危険がある。【ひっかけ】水溶性を理由に火気管理を軽視しない。【選択肢ア】正しい。火気を避け、密閉・換気に注意する。【選択肢イ】誤り。引火危険がある。… 正答（1）との違いを確認し直してください。;5:（5）の内容は、正答（1）「火気を避け、容器を密閉して換気に注意する。」が示す論点とずれています。 解説の要点：エタノールは水に溶けるアルコール類だが、引火危険がある。火気管理、密栓、換気が重要である。【試験ポイント】エタノールは水溶性でも引火危険がある。【ひっかけ】水溶性を理由に火気管理を軽視しない。【選択肢ア】正しい。火気を避け、密閉・換気に注意する。【選択肢イ】誤り。引火危険がある。… 正答（1）との違いを確認し直してください。,エタノールは水に溶けるアルコール類だが、引火危険がある。火気管理、密栓、換気が重要である。【試験ポイント】エタノールは水溶性でも引火危険がある。【ひっかけ】水溶性を理由に火気管理を軽視しない。【選択肢ア】正しい。火気を避け、密閉・換気に注意する。【選択肢イ】誤り。引火危険がある。【選択肢ウ】誤り。容器開放は蒸気発生を増やす危険がある。【選択肢エ】誤り。第1類危険物ではない。【選択肢オ】誤り。水に溶けても引火危険がある。,エタノールは水に溶けるアルコール類だが、引火危険がある。火気管理、密栓、換気が重要である。【試験ポイント】エタノールは水溶性でも引火危険がある。【ひっかけ】水溶性を理由に火気管理を軽視しない。【選択肢ア】正しい。火気を避け、密閉・換気に注意する。【選択肢イ】誤り。引火危険がある。【選択肢ウ】誤り。容器開放は蒸気発生を増やす危険がある。【選択肢エ】誤り。第1類,
147,single,火災・消火・漏えい,PF-040;PF-030;第三石油類;第三石油類の性質;基礎;網羅,第三石油類に該当する代表例として、適切なものはどれか。,,,,,,メタノール,灯油,ジエチルエーテル,ガソリン,重油,5,重油は第三石油類の代表例である。ガソリンは第一石油類、灯油は第二石油類、ジエチルエーテルは特殊引火物、メタノールはアルコール類である。【試験ポイント】重油は第三石油類。【ひっかけ】第一・第二・第三石油類を混同しない。【選択肢ア】誤り。メタノールはアルコール類である。【選択肢イ】誤り。灯油は第二石油類である。【選択肢ウ】誤り。ジエチルエーテルは特殊引火物である。【選択肢エ】誤り。ガソリンは第一石油類である。【選択肢オ】正しい。重油は第三石油類である。,1:（1）「メタノール」は、単独の記述としては法令上妥当な場合がありますが、本問で選ぶべき正答は（5）「重油」です。問題文の条件（第三石油類に該当する代表例として、適切なものはどれか。…）と照らし、設問が問う論点に合う肢を選び直してください。;2:（2）「灯油」は、単独の記述としては法令上妥当な場合がありますが、本問で選ぶべき正答は（5）「重油」です。問題文の条件（第三石油類に該当する代表例として、適切なものはどれか。…）と照らし、設問が問う論点に合う肢を選び直してください。;3:ガソリンは第一石油類、灯油は第二石油類、ジエチルエーテルは特殊引火物、メタノールはアルコール類である。;4:（4）「ガソリン」は、単独の記述としては法令上妥当な場合がありますが、本問で選ぶべき正答は（5）「重油」です。問題文の条件（第三石油類に該当する代表例として、適切なものはどれか。…）と照らし、設問が問う論点に合う肢を選び直してください。,重油は第三石油類の代表例である。ガソリンは第一石油類、灯油は第二石油類、ジエチルエーテルは特殊引火物、メタノールはアルコール類である。【試験ポイント】重油は第三石油類。【ひっかけ】第一・第二・第三石油類を混同しない。【選択肢ア】誤り。メタノールはアルコール類である。【選択肢イ】誤り。灯油は第二石油類である。【選択肢ウ】誤り。ジエチルエーテルは特殊引火物である。【選択肢エ】誤り。ガソリンは第一石油類である。【選択肢オ】正しい。重油は第三石油類である。,重油は第三石油類の代表例である。ガソリンは第一石油類、灯油は第二石油類、ジエチルエーテルは特殊引火物、メタノールはアルコール類である。【試験ポイント】重油は第三石油類。【ひっかけ】第一・第二・第三石油類を混同しない。【選択肢ア】誤り。メタノールはアルコール類である。【選択肢イ】誤り。灯油は第二石油類である。【選択肢ウ】誤り。ジエチルエーテルは特殊引火物である,
148,single,火災・消火・漏えい,PF-041;PF-034;動植物油類;動植物油類の性質;基礎;網羅,動植物油類に該当するものとして、適切なものはどれか。,,,,,,大豆油,アセトン,ガソリン,メタノール,ジエチルエーテル,1,大豆油などの動植物油は、動植物油類として扱われる。ガソリン、ジエチルエーテル、メタノール、アセトンとは分類が異なる。【試験ポイント】大豆油などは動植物油類。【ひっかけ】食用油でも危険物として扱われる場合がある。【選択肢ア】正しい。大豆油は動植物油類の代表例である。【選択肢イ】誤り。アセトンは第一石油類である。【選択肢ウ】誤り。ガソリンは第一石油類である。【選択肢エ】誤り。メタノールはアルコール類である。【選択肢オ】誤り。ジエチルエーテルは特殊引火物である。,2:（2）「アセトン」は、単独の記述としては法令上妥当な場合がありますが、本問で選ぶべき正答は（1）「大豆油」です。問題文の条件（動植物油類に該当するものとして、適切なものはどれか。…）と照らし、設問が問う論点に合う肢を選び直してください。;3:（3）「ガソリン」は、単独の記述としては法令上妥当な場合がありますが、本問で選ぶべき正答は（1）「大豆油」です。問題文の条件（動植物油類に該当するものとして、適切なものはどれか。…）と照らし、設問が問う論点に合う肢を選び直してください。;4:（4）「メタノール」は、単独の記述としては法令上妥当な場合がありますが、本問で選ぶべき正答は（1）「大豆油」です。問題文の条件（動植物油類に該当するものとして、適切なものはどれか。…）と照らし、設問が問う論点に合う肢を選び直してください。;5:（5）「ジエチルエーテル」は、単独の記述としては法令上妥当な場合がありますが、本問で選ぶべき正答は（1）「大豆油」です。問題文の条件（動植物油類に該当するものとして、適切なものはどれか。…）と照らし、設問が問う論点に合う肢を選び直してください。,大豆油などの動植物油は、動植物油類として扱われる。ガソリン、ジエチルエーテル、メタノール、アセトンとは分類が異なる。【試験ポイント】大豆油などは動植物油類。【ひっかけ】食用油でも危険物として扱われる場合がある。【選択肢ア】正しい。大豆油は動植物油類の代表例である。【選択肢イ】誤り。アセトンは第一石油類である。【選択肢ウ】誤り。ガソリンは第一石油類である。【選択肢エ】誤り。メタノールはアルコール類である。【選択肢オ】誤り。ジエチルエーテルは特殊引火物である。,大豆油などの動植物油は、動植物油類として扱われる。ガソリン、ジエチルエーテル、メタノール、アセトンとは分類が異なる。【試験ポイント】大豆油などは動植物油類。【ひっかけ】食用油でも危険物として扱われる場合がある。【選択肢ア】正しい。大豆油は動植物油類の代表例である。【選択肢イ】誤り。アセトンは第一石油類である。【選択肢ウ】誤り。ガソリンは第一石油類である。【選,
149,single,火災・消火・漏えい,PF-042;PF-012;消火方法;泡・二酸化炭素・粉末消火剤の適用;標準;重点,第4類危険物火災に用いられる消火剤として、一般に適切なものはどれか。,,,,,,酸素ガス,ガソリン,火花,泡消火剤,可燃性蒸気,4,第4類危険物火災では、泡消火剤、二酸化炭素消火剤、粉末消火剤などが用いられる。酸素や火花、可燃性蒸気は危険を高める。【試験ポイント】第4類火災では泡・二酸化炭素・粉末が重要。【ひっかけ】酸素や火花は消火剤ではない。【選択肢ア】誤り。酸素は燃焼を助ける。【選択肢イ】誤り。ガソリンは燃料である。【選択肢ウ】誤り。火花は着火源である。【選択肢エ】正しい。泡消火剤は第4類火災で重要である。【選択肢オ】誤り。可燃性蒸気は引火危険を高める。,1:（1）「酸素ガス」は、単独の記述としては法令上妥当な場合がありますが、本問で選ぶべき正答は（4）「泡消火剤」です。問題文の条件（第4類危険物火災に用いられる消火剤として、一般に適切なものはどれか。…）と照らし、設問が問う論点に合う肢を選び直してください。;2:（2）「ガソリン」は、単独の記述としては法令上妥当な場合がありますが、本問で選ぶべき正答は（4）「泡消火剤」です。問題文の条件（第4類危険物火災に用いられる消火剤として、一般に適切なものはどれか。…）と照らし、設問が問う論点に合う肢を選び直してください。;3:（3）「火花」は、単独の記述としては法令上妥当な場合がありますが、本問で選ぶべき正答は（4）「泡消火剤」です。問題文の条件（第4類危険物火災に用いられる消火剤として、一般に適切なものはどれか。…）と照らし、設問が問う論点に合う肢を選び直してください。;5:（5）「可燃性蒸気」は、単独の記述としては法令上妥当な場合がありますが、本問で選ぶべき正答は（4）「泡消火剤」です。問題文の条件（第4類危険物火災に用いられる消火剤として、一般に適切なものはどれか。…）と照らし、設問が問う論点に合う肢を選び直してください。,第4類危険物火災では、泡消火剤、二酸化炭素消火剤、粉末消火剤などが用いられる。酸素や火花、可燃性蒸気は危険を高める。【試験ポイント】第4類火災では泡・二酸化炭素・粉末が重要。【ひっかけ】酸素や火花は消火剤ではない。【選択肢ア】誤り。酸素は燃焼を助ける。【選択肢イ】誤り。ガソリンは燃料である。【選択肢ウ】誤り。火花は着火源である。【選択肢エ】正しい。泡消火剤は第4類火災で重要である。【選択肢オ】誤り。可燃性蒸気は引火危険を高める。,第4類危険物火災では、泡消火剤、二酸化炭素消火剤、粉末消火剤などが用いられる。酸素や火花、可燃性蒸気は危険を高める。【試験ポイント】第4類火災では泡・二酸化炭素・粉末が重要。【ひっかけ】酸素や火花は消火剤ではない。【選択肢ア】誤り。酸素は燃焼を助ける。【選択肢イ】誤り。ガソリンは燃料である。【選択肢ウ】誤り。火花は着火源である。【選択肢エ】正しい。泡消火剤は,
150,single,火災・消火・漏えい,PF-043;PF-045;ひっかけ対策;よくある混同論点;標準;総合,第4類危険物の性質として、誤っているものはどれか。,,,,,,火気管理が重要である。,静電気による引火に注意が必要である。,すべて酸素を放出して他の物質を燃焼させる。,引火性液体である。,可燃性蒸気を発生するものがある。,3,第4類危険物は引火性液体であり、酸素を放出して他の物質を燃焼させる性質を中心とするものではない。酸化性の性質は第1類や第6類で問題になる。【試験ポイント】第4類は引火性液体。酸化性物質と混同しない。【ひっかけ】誤っているものを選ぶ問題では、問い方を必ず確認する。【選択肢ア】正しい。火気管理は重要である。【選択肢イ】正しい。静電気による引火に注意が必要である。【選択肢ウ】誤り。これは第4類の一般性質ではない。【選択肢エ】正しい。第4類は引火性液体である。【選択肢オ】正しい。可燃性蒸気を発生するものがある。,1:（1）「火気管理が重要である。」は、単独の記述としては法令上妥当な場合がありますが、本問で選ぶべき正答は（3）「すべて酸素を放出して他の物質を燃焼させる。」です。問題文の条件（第4類危険物の性質として、誤っているものはどれか。…）と照らし、設問が問う論点に合う肢を選び直してください。;2:（2）の内容は、正答（3）「すべて酸素を放出して他の物質を燃焼させる。」が示す論点とずれています。 解説の要点：第4類危険物は引火性液体であり、酸素を放出して他の物質を燃焼させる性質を中心とするものではない。酸化性の性質は第1類や第6類で問題になる。【試験ポイント】第4類は引火性液体。酸化性物質と混同しない。【ひっかけ】誤っているものを選ぶ問題では、問い方を必ず確認する。【選択肢ア】正しい… 正答（3）との違いを確認し直してください。;4:（4）「引火性液体である。」は、単独の記述としては法令上妥当な場合がありますが、本問で選ぶべき正答は（3）「すべて酸素を放出して他の物質を燃焼させる。」です。問題文の条件（第4類危険物の性質として、誤っているものはどれか。…）と照らし、設問が問う論点に合う肢を選び直してください。;5:（5）の内容は、正答（3）「すべて酸素を放出して他の物質を燃焼させる。」が示す論点とずれています。 解説の要点：第4類危険物は引火性液体であり、酸素を放出して他の物質を燃焼させる性質を中心とするものではない。酸化性の性質は第1類や第6類で問題になる。【試験ポイント】第4類は引火性液体。酸化性物質と混同しない。【ひっかけ】誤っているものを選ぶ問題では、問い方を必ず確認する。【選択肢ア】正しい… 正答（3）との違いを確認し直してください。,第4類危険物は引火性液体であり、酸素を放出して他の物質を燃焼させる性質を中心とするものではない。酸化性の性質は第1類や第6類で問題になる。【試験ポイント】第4類は引火性液体。酸化性物質と混同しない。【ひっかけ】誤っているものを選ぶ問題では、問い方を必ず確認する。【選択肢ア】正しい。火気管理は重要である。【選択肢イ】正しい。静電気による引火に注意が必要である。【選択肢ウ】誤り。これは第4類の一般性質ではない。【選択肢エ】正しい。第4類は引火性液体である。【選択肢オ】正しい。可燃性蒸気を発生するものがある。,第4類危険物は引火性液体であり、酸素を放出して他の物質を燃焼させる性質を中心とするものではない。酸化性の性質は第1類や第6類で問題になる。【試験ポイント】第4類は引火性液体。酸化性物質と混同しない。【ひっかけ】誤っているものを選ぶ問題では、問い方を必ず確認する。【選択肢ア】正しい。火気管理は重要である。【選択肢イ】正しい。静電気による引火に注意が必要である。,
151,single,法令・制度,L-066;LAW-024;免状;免状の交付・書換え・再交付;基礎;網羅,危険物取扱者免状を亡失した場合の対応として、正しいものはどれか。,,,,,,免状をなくしても、すべての危険物を自由に扱える。,再交付を受ける手続きが問題となる。,免状をなくすと、再交付の制度は一切ない。,免状の亡失は、施設の設置許可と同じ手続きで処理する。,免状をなくした場合は、必ず危険物をすべて廃棄しなければならない。,2,危険物取扱者免状を亡失した場合には、再交付の手続きが問題となる。施設の許可とは別の手続きである。【試験ポイント】免状には再交付の手続きがある。【ひっかけ】免状手続きと施設許可を混同しない。【選択肢ア】誤り。免状の範囲を超えて扱えるわけではない。【選択肢イ】正しい。亡失時には再交付の手続きがある。【選択肢ウ】誤り。再交付制度がある。【選択肢エ】誤り。施設の設置許可とは別である。【選択肢オ】誤り。危険物をすべて廃棄する制度ではない。,1:（1）の内容は、正答（2）「再交付を受ける手続きが問題となる。」が示す論点とずれています。 解説の要点：危険物取扱者免状を亡失した場合には、再交付の手続きが問題となる。施設の許可とは別の手続きである。【試験ポイント】免状には再交付の手続きがある。【ひっかけ】免状手続きと施設許可を混同しない。【選択肢ア】誤り。免状の範囲を超えて扱えるわけではない。【選択肢イ】正しい。亡失時には再交付… 正答（2）との違いを確認し直してください。;3:解説では「施設の許可とは別の手続きである。」とある一方、（3）の記述はそれと矛盾します。 解説の要点：危険物取扱者免状を亡失した場合には、再交付の手続きが問題となる。施設の許可とは別の手続きである。【試験ポイント】免状には再交付の手続きがある。【ひっかけ】免状手続きと施設許可を混同しない。【選択肢ア】誤り。免状の範囲を超えて扱えるわけではない。【選択肢イ】正しい。亡失時には再交付… 正答（2）との違いを確認し直してください。;4:（4）の内容は、正答（2）「再交付を受ける手続きが問題となる。」が示す論点とずれています。 解説の要点：危険物取扱者免状を亡失した場合には、再交付の手続きが問題となる。施設の許可とは別の手続きである。【試験ポイント】免状には再交付の手続きがある。【ひっかけ】免状手続きと施設許可を混同しない。【選択肢ア】誤り。免状の範囲を超えて扱えるわけではない。【選択肢イ】正しい。亡失時には再交付… 正答（2）との違いを確認し直してください。;5:解説では「施設の許可とは別の手続きである。」とある一方、（5）の記述はそれと矛盾します。 解説の要点：危険物取扱者免状を亡失した場合には、再交付の手続きが問題となる。施設の許可とは別の手続きである。【試験ポイント】免状には再交付の手続きがある。【ひっかけ】免状手続きと施設許可を混同しない。【選択肢ア】誤り。免状の範囲を超えて扱えるわけではない。【選択肢イ】正しい。亡失時には再交付… 正答（2）との違いを確認し直してください。,危険物取扱者免状を亡失した場合には、再交付の手続きが問題となる。施設の許可とは別の手続きである。【試験ポイント】免状には再交付の手続きがある。【ひっかけ】免状手続きと施設許可を混同しない。【選択肢ア】誤り。免状の範囲を超えて扱えるわけではない。【選択肢イ】正しい。亡失時には再交付の手続きがある。【選択肢ウ】誤り。再交付制度がある。【選択肢エ】誤り。施設の設置許可とは別である。【選択肢オ】誤り。危険物をすべて廃棄する制度ではない。,危険物取扱者免状を亡失した場合には、再交付の手続きが問題となる。施設の許可とは別の手続きである。【試験ポイント】免状には再交付の手続きがある。【ひっかけ】免状手続きと施設許可を混同しない。【選択肢ア】誤り。免状の範囲を超えて扱えるわけではない。【選択肢イ】正しい。亡失時には再交付の手続きがある。【選択肢ウ】誤り。再交付制度がある。【選択肢エ】誤り。施設の設置,
152,single,法令・制度,L-067;LAW-025;保安講習;保安講習の対象・時期;標準;重点,危険物取扱者の保安講習について、適切な説明はどれか。,,,,,,保安講習は、施設の設置許可の別名である。,保安講習は、危険物を購入した一般消費者だけを対象とする。,免状取得後は、どのような場合でも講習制度は存在しない。,危険物の取扱作業に従事する者に対し、一定の時期に受講が求められる場合がある。,保安講習は、指定数量を計算するための単位である。,4,危険物の取扱作業に従事する危険物取扱者には、保安講習の受講が求められる場合がある。【試験ポイント】保安講習は免状取得後の保安教育に関係する。【ひっかけ】免状を取れば以後は何も不要、と考えない。【選択肢ア】誤り。設置許可ではない。【選択肢イ】誤り。一般消費者だけを対象とするものではない。【選択肢ウ】誤り。免状取得後も講習制度がある。【選択肢エ】正しい。取扱作業従事者には保安講習が関係する。【選択肢オ】誤り。単位ではない。,1:（1）の内容は、正答（4）「危険物の取扱作業に従事する者に対し、一定の時期に受講が求められる場合がある。」が示す論点とずれています。 解説の要点：危険物の取扱作業に従事する危険物取扱者には、保安講習の受講が求められる場合がある。【試験ポイント】保安講習は免状取得後の保安教育に関係する。【ひっかけ】免状を取れば以後は何も不要、と考えない。【選択肢ア】誤り。設置許可ではない。【選択肢イ】誤り。一般消費者だけを対象とするものでは… 正答（4）との違いを確認し直してください。;2:（2）の内容は、正答（4）「危険物の取扱作業に従事する者に対し、一定の時期に受講が求められる場合がある。」が示す論点とずれています。 解説の要点：危険物の取扱作業に従事する危険物取扱者には、保安講習の受講が求められる場合がある。【試験ポイント】保安講習は免状取得後の保安教育に関係する。【ひっかけ】免状を取れば以後は何も不要、と考えない。【選択肢ア】誤り。設置許可ではない。【選択肢イ】誤り。一般消費者だけを対象とするものでは… 正答（4）との違いを確認し直してください。;3:解説では「危険物の取扱作業に従事する危険物取扱者には、保安講習の受講が求められる場合がある。」とある一方、（3）の記述はそれと矛盾します。 解説の要点：危険物の取扱作業に従事する危険物取扱者には、保安講習の受講が求められる場合がある。【試験ポイント】保安講習は免状取得後の保安教育に関係する。【ひっかけ】免状を取れば以後は何も不要、と考えない。【選択肢ア】誤り。設置許可ではない。【選択肢イ】誤り。一般消費者だけを対象とするものでは… 正答（4）との違いを確認し直してください。;5:（5）の内容は、正答（4）「危険物の取扱作業に従事する者に対し、一定の時期に受講が求められる場合がある。」が示す論点とずれています。 解説の要点：危険物の取扱作業に従事する危険物取扱者には、保安講習の受講が求められる場合がある。【試験ポイント】保安講習は免状取得後の保安教育に関係する。【ひっかけ】免状を取れば以後は何も不要、と考えない。【選択肢ア】誤り。設置許可ではない。【選択肢イ】誤り。一般消費者だけを対象とするものでは… 正答（4）との違いを確認し直してください。,危険物の取扱作業に従事する危険物取扱者には、保安講習の受講が求められる場合がある。【試験ポイント】保安講習は免状取得後の保安教育に関係する。【ひっかけ】免状を取れば以後は何も不要、と考えない。【選択肢ア】誤り。設置許可ではない。【選択肢イ】誤り。一般消費者だけを対象とするものではない。【選択肢ウ】誤り。免状取得後も講習制度がある。【選択肢エ】正しい。取扱作業従事者には保安講習が関係する。【選択肢オ】誤り。単位ではない。,危険物の取扱作業に従事する危険物取扱者には、保安講習の受講が求められる場合がある。【試験ポイント】保安講習は免状取得後の保安教育に関係する。【ひっかけ】免状を取れば以後は何も不要、と考えない。【選択肢ア】誤り。設置許可ではない。【選択肢イ】誤り。一般消費者だけを対象とするものではない。【選択肢ウ】誤り。免状取得後も講習制度がある。【選択肢エ】正しい。取扱作業,
153,single,法令・制度,L-068;LAW-030;危険物施設保安員;選任要件・役割;標準;網羅,危険物施設保安員の説明として、正しいものはどれか。,,,,,,一定の危険物施設で、施設の保安に関する業務に関与する者である。,危険物の分類名の一つである。,すべての家庭に必ず置く消防器具である。,危険物の指定数量を表す単位である。,危険物取扱者試験の受験票である。,1,危険物施設保安員は、一定の危険物施設で施設の保安に関する業務に関与する者である。【試験ポイント】危険物施設保安員は施設保安の役割。【ひっかけ】保安監督者や保安統括管理者との違いに注意する。【選択肢ア】正しい。施設保安に関係する役割である。【選択肢イ】誤り。危険物の分類名ではない。【選択肢ウ】誤り。家庭用消防器具ではない。【選択肢エ】誤り。指定数量の単位ではない。【選択肢オ】誤り。受験票ではない。,2:（2）「危険物の分類名の一つである。」は、単独の記述としては法令上妥当な場合がありますが、本問で選ぶべき正答は（1）「一定の危険物施設で、施設の保安に関する業務に関与する者である。」です。問題文の条件（危険物施設保安員の説明として、正しいものはどれか。…）と照らし、設問が問う論点に合う肢を選び直してください。;3:（3）の内容は、正答（1）「一定の危険物施設で、施設の保安に関する業務に関与する者である。」が示す論点とずれています。 解説の要点：危険物施設保安員は、一定の危険物施設で施設の保安に関する業務に関与する者である。【試験ポイント】危険物施設保安員は施設保安の役割。【ひっかけ】保安監督者や保安統括管理者との違いに注意する。【選択肢ア】正しい。施設保安に関係する役割である。【選択肢イ】誤り。危険物の分類名ではない。… 正答（1）との違いを確認し直してください。;4:（4）「危険物の指定数量を表す単位である。」は、単独の記述としては法令上妥当な場合がありますが、本問で選ぶべき正答は（1）「一定の危険物施設で、施設の保安に関する業務に関与する者である。」です。問題文の条件（危険物施設保安員の説明として、正しいものはどれか。…）と照らし、設問が問う論点に合う肢を選び直してください。;5:（5）「危険物取扱者試験の受験票である。」は、単独の記述としては法令上妥当な場合がありますが、本問で選ぶべき正答は（1）「一定の危険物施設で、施設の保安に関する業務に関与する者である。」です。問題文の条件（危険物施設保安員の説明として、正しいものはどれか。…）と照らし、設問が問う論点に合う肢を選び直してください。,危険物施設保安員は、一定の危険物施設で施設の保安に関する業務に関与する者である。【試験ポイント】危険物施設保安員は施設保安の役割。【ひっかけ】保安監督者や保安統括管理者との違いに注意する。【選択肢ア】正しい。施設保安に関係する役割である。【選択肢イ】誤り。危険物の分類名ではない。【選択肢ウ】誤り。家庭用消防器具ではない。【選択肢エ】誤り。指定数量の単位ではない。【選択肢オ】誤り。受験票ではない。,危険物施設保安員は、一定の危険物施設で施設の保安に関する業務に関与する者である。【試験ポイント】危険物施設保安員は施設保安の役割。【ひっかけ】保安監督者や保安統括管理者との違いに注意する。【選択肢ア】正しい。施設保安に関係する役割である。【選択肢イ】誤り。危険物の分類名ではない。【選択肢ウ】誤り。家庭用消防器具ではない。【選択肢エ】誤り。指定数量の単位ではな,
154,single,法令・制度,L-069;LAW-031;予防規程;予防規程の作成・認可;標準;重点,予防規程の内容として、関係が深いものはどれか。,,,,,,危険物容器の装飾デザインだけ,危険物の味見方法,危険物取扱者試験の受験番号,危険物施設における災害予防や保安管理に関する事項,危険物の販売価格表,4,予防規程は、一定の製造所等における火災予防や保安管理に関する規程である。【試験ポイント】予防規程は保安管理のルール。【ひっかけ】価格表や試験制度と混同しない。【選択肢ア】誤り。装飾デザインだけではない。【選択肢イ】誤り。味見方法ではない。【選択肢ウ】誤り。受験番号ではない。【選択肢エ】正しい。災害予防や保安管理に関係する。【選択肢オ】誤り。販売価格表ではない。,1:（1）「危険物容器の装飾デザインだけ」は、単独の記述としては法令上妥当な場合がありますが、本問で選ぶべき正答は（4）「危険物施設における災害予防や保安管理に関する事項」です。問題文の条件（予防規程の内容として、関係が深いものはどれか。…）と照らし、設問が問う論点に合う肢を選び直してください。;2:（2）「危険物の味見方法」は、単独の記述としては法令上妥当な場合がありますが、本問で選ぶべき正答は（4）「危険物施設における災害予防や保安管理に関する事項」です。問題文の条件（予防規程の内容として、関係が深いものはどれか。…）と照らし、設問が問う論点に合う肢を選び直してください。;3:（3）「危険物取扱者試験の受験番号」は、単独の記述としては法令上妥当な場合がありますが、本問で選ぶべき正答は（4）「危険物施設における災害予防や保安管理に関する事項」です。問題文の条件（予防規程の内容として、関係が深いものはどれか。…）と照らし、設問が問う論点に合う肢を選び直してください。;5:（5）「危険物の販売価格表」は、単独の記述としては法令上妥当な場合がありますが、本問で選ぶべき正答は（4）「危険物施設における災害予防や保安管理に関する事項」です。問題文の条件（予防規程の内容として、関係が深いものはどれか。…）と照らし、設問が問う論点に合う肢を選び直してください。,予防規程は、一定の製造所等における火災予防や保安管理に関する規程である。【試験ポイント】予防規程は保安管理のルール。【ひっかけ】価格表や試験制度と混同しない。【選択肢ア】誤り。装飾デザインだけではない。【選択肢イ】誤り。味見方法ではない。【選択肢ウ】誤り。受験番号ではない。【選択肢エ】正しい。災害予防や保安管理に関係する。【選択肢オ】誤り。販売価格表ではない。,予防規程は、一定の製造所等における火災予防や保安管理に関する規程である。【試験ポイント】予防規程は保安管理のルール。【ひっかけ】価格表や試験制度と混同しない。【選択肢ア】誤り。装飾デザインだけではない。【選択肢イ】誤り。味見方法ではない。【選択肢ウ】誤り。受験番号ではない。【選択肢エ】正しい。災害予防や保安管理に関係する。【選択肢オ】誤り。販売価格表ではない,
155,single,法令・制度,L-070;LAW-037;位置の基準;保安距離;標準;重点,保安距離が問題となる主な理由として、最も適切なものはどれか。,,,,,,消火器の製造会社を決めるため,周囲の保安対象物への延焼・爆発影響を小さくするため,危険物の販売価格を決めるため,危険物の色を統一するため,危険物取扱者の年齢を確認するため,2,保安距離は、危険物施設で火災や爆発が起きた場合に周囲への影響を小さくするための位置基準である。【試験ポイント】保安距離は周囲への影響を抑えるための距離。【ひっかけ】保有空地と混同しない。【選択肢ア】誤り。製造会社の指定ではない。【選択肢イ】正しい。周囲への影響を抑える目的がある。【選択肢ウ】誤り。価格決定とは関係ない。【選択肢エ】誤り。色の統一ではない。【選択肢オ】誤り。年齢確認ではない。,1:（1）「消火器の製造会社を決めるため」は、単独の記述としては法令上妥当な場合がありますが、本問で選ぶべき正答は（2）「周囲の保安対象物への延焼・爆発影響を小さくするため」です。問題文の条件（保安距離が問題となる主な理由として、最も適切なものはどれか。…）と照らし、設問が問う論点に合う肢を選び直してください。;3:（3）「危険物の販売価格を決めるため」は、単独の記述としては法令上妥当な場合がありますが、本問で選ぶべき正答は（2）「周囲の保安対象物への延焼・爆発影響を小さくするため」です。問題文の条件（保安距離が問題となる主な理由として、最も適切なものはどれか。…）と照らし、設問が問う論点に合う肢を選び直してください。;4:（4）「危険物の色を統一するため」は、単独の記述としては法令上妥当な場合がありますが、本問で選ぶべき正答は（2）「周囲の保安対象物への延焼・爆発影響を小さくするため」です。問題文の条件（保安距離が問題となる主な理由として、最も適切なものはどれか。…）と照らし、設問が問う論点に合う肢を選び直してください。;5:（5）「危険物取扱者の年齢を確認するため」は、単独の記述としては法令上妥当な場合がありますが、本問で選ぶべき正答は（2）「周囲の保安対象物への延焼・爆発影響を小さくするため」です。問題文の条件（保安距離が問題となる主な理由として、最も適切なものはどれか。…）と照らし、設問が問う論点に合う肢を選び直してください。,保安距離は、危険物施設で火災や爆発が起きた場合に周囲への影響を小さくするための位置基準である。【試験ポイント】保安距離は周囲への影響を抑えるための距離。【ひっかけ】保有空地と混同しない。【選択肢ア】誤り。製造会社の指定ではない。【選択肢イ】正しい。周囲への影響を抑える目的がある。【選択肢ウ】誤り。価格決定とは関係ない。【選択肢エ】誤り。色の統一ではない。【選択肢オ】誤り。年齢確認ではない。,保安距離は、危険物施設で火災や爆発が起きた場合に周囲への影響を小さくするための位置基準である。【試験ポイント】保安距離は周囲への影響を抑えるための距離。【ひっかけ】保有空地と混同しない。【選択肢ア】誤り。製造会社の指定ではない。【選択肢イ】正しい。周囲への影響を抑える目的がある。【選択肢ウ】誤り。価格決定とは関係ない。【選択肢エ】誤り。色の統一ではない。【選,
156,single,法令・制度,L-071;LAW-038;位置の基準;保有空地;標準;重点,保有空地について、正しい説明はどれか。,,,,,,危険物を自由に捨てる場所である。,危険物施設の周囲に確保する空地で、延焼防止や消火活動に関係する。,危険物の発火点を測る器具である。,危険物の指定数量の別名である。,危険物取扱者試験の受付場所である。,2,保有空地は、危険物施設の周囲に確保する空地で、延焼防止や消火活動のために重要である。【試験ポイント】保有空地は施設周囲の空地。【ひっかけ】保有空地と保安距離を区別する。【選択肢ア】誤り。危険物を捨てる場所ではない。【選択肢イ】正しい。保有空地の説明である。【選択肢ウ】誤り。器具ではない。【選択肢エ】誤り。指定数量ではない。【選択肢オ】誤り。試験受付場所ではない。,1:（1）「危険物を自由に捨てる場所である。」は、単独の記述としては法令上妥当な場合がありますが、本問で選ぶべき正答は（2）「危険物施設の周囲に確保する空地で、延焼防止や消火活動に関係する。」です。問題文の条件（保有空地について、正しい説明はどれか。…）と照らし、設問が問う論点に合う肢を選び直してください。;3:（3）「危険物の発火点を測る器具である。」は、単独の記述としては法令上妥当な場合がありますが、本問で選ぶべき正答は（2）「危険物施設の周囲に確保する空地で、延焼防止や消火活動に関係する。」です。問題文の条件（保有空地について、正しい説明はどれか。…）と照らし、設問が問う論点に合う肢を選び直してください。;4:（4）「危険物の指定数量の別名である。」は、単独の記述としては法令上妥当な場合がありますが、本問で選ぶべき正答は（2）「危険物施設の周囲に確保する空地で、延焼防止や消火活動に関係する。」です。問題文の条件（保有空地について、正しい説明はどれか。…）と照らし、設問が問う論点に合う肢を選び直してください。;5:（5）「危険物取扱者試験の受付場所である。」は、単独の記述としては法令上妥当な場合がありますが、本問で選ぶべき正答は（2）「危険物施設の周囲に確保する空地で、延焼防止や消火活動に関係する。」です。問題文の条件（保有空地について、正しい説明はどれか。…）と照らし、設問が問う論点に合う肢を選び直してください。,保有空地は、危険物施設の周囲に確保する空地で、延焼防止や消火活動のために重要である。,保有空地は、危険物施設の周囲に確保する空地で、延焼防止や消火活動のために重要である。【試験ポイント】保有空地は施設周囲の空地。【ひっかけ】保有空地と保安距離を区別する。【選択肢ア】誤り。危険物を捨てる場所ではない。【選択肢イ】正しい。保有空地の説明である。【選択肢ウ】誤り。器具ではない。【選択肢エ】誤り。指定数量ではない。【選択肢オ】誤り。試験受付場所ではな,
157,single,法令・制度,L-072;LAW-040;標識・掲示板;掲示内容・注意事項;基礎;重点,第4類危険物を取り扱う施設の掲示内容として、適切なものはどれか。,,,,,,裸火使用可,喫煙推奨,火気厳禁,水中保管必須,蒸気滞留推奨,3,第4類危険物は引火性液体であり、火気を避けることが重要であるため、火気厳禁などの注意事項が関係する。【試験ポイント】第4類は火気厳禁。【ひっかけ】水中保管など他類のイメージと混同しない。【選択肢ア】誤り。裸火使用は危険である。【選択肢イ】誤り。喫煙は火気となり危険である。【選択肢ウ】正しい。第4類では火気厳禁が重要である。【選択肢エ】誤り。すべて水中保管するものではない。【選択肢オ】誤り。蒸気滞留は危険である。,1:（1）「裸火使用可」は、単独の記述としては法令上妥当な場合がありますが、本問で選ぶべき正答は（3）「火気厳禁」です。問題文の条件（第4類危険物を取り扱う施設の掲示内容として、適切なものはどれか。…）と照らし、設問が問う論点に合う肢を選び直してください。;2:（2）「喫煙推奨」は、単独の記述としては法令上妥当な場合がありますが、本問で選ぶべき正答は（3）「火気厳禁」です。問題文の条件（第4類危険物を取り扱う施設の掲示内容として、適切なものはどれか。…）と照らし、設問が問う論点に合う肢を選び直してください。;4:（4）「水中保管必須」は、単独の記述としては法令上妥当な場合がありますが、本問で選ぶべき正答は（3）「火気厳禁」です。問題文の条件（第4類危険物を取り扱う施設の掲示内容として、適切なものはどれか。…）と照らし、設問が問う論点に合う肢を選び直してください。;5:（5）「蒸気滞留推奨」は、単独の記述としては法令上妥当な場合がありますが、本問で選ぶべき正答は（3）「火気厳禁」です。問題文の条件（第4類危険物を取り扱う施設の掲示内容として、適切なものはどれか。…）と照らし、設問が問う論点に合う肢を選び直してください。,第4類危険物は引火性液体であり、火気を避けることが重要であるため、火気厳禁などの注意事項が関係する。【試験ポイント】第4類は火気厳禁。【ひっかけ】水中保管など他類のイメージと混同しない。【選択肢ア】誤り。裸火使用は危険である。【選択肢イ】誤り。喫煙は火気となり危険である。【選択肢ウ】正しい。第4類では火気厳禁が重要である。【選択肢エ】誤り。すべて水中保管するものではない。【選択肢オ】誤り。蒸気滞留は危険である。,第4類危険物は引火性液体であり、火気を避けることが重要であるため、火気厳禁などの注意事項が関係する。【試験ポイント】第4類は火気厳禁。【ひっかけ】水中保管など他類のイメージと混同しない。【選択肢ア】誤り。裸火使用は危険である。【選択肢イ】誤り。喫煙は火気となり危険である。【選択肢ウ】正しい。第4類では火気厳禁が重要である。【選択肢エ】誤り。すべて水中保管する,
158,single,法令・制度,L-073;LAW-041;消火設備;消火設備の区分・設置;標準;重点,危険物施設に設置する消火設備について、正しいものはどれか。,,,,,,危険物施設では、必ず水だけで消火できる。,消火設備は、危険物取扱者免状の一種である。,消火設備は、指定数量を増やす装置である。,どの施設でも、消火設備は絶対に設置してはならない。,危険物の種類や施設の規模などに応じて必要な設備が定められる。,5,危険物施設では、危険物の種類や施設の規模・状況に応じて、必要な消火設備が定められる場合がある。【試験ポイント】消火設備は危険物の性質に応じて考える。【ひっかけ】第4類火災では水だけでよいとは限らない。【選択肢ア】誤り。水だけでよいとは限らない。【選択肢イ】誤り。免状ではない。【選択肢ウ】誤り。装置ではない。【選択肢エ】誤り。設置してはならないものではない。【選択肢オ】正しい。危険物や施設に応じた消火設備が必要となる。,1:（1）の内容は、正答（5）「危険物の種類や施設の規模などに応じて必要な設備が定められる。」が示す論点とずれています。 解説の要点：危険物施設では、危険物の種類や施設の規模・状況に応じて、必要な消火設備が定められる場合がある。【試験ポイント】消火設備は危険物の性質に応じて考える。【ひっかけ】第4類火災では水だけでよいとは限らない。【選択肢ア】誤り。水だけでよいとは限らない。【選択肢イ】誤り。免状ではない。【選… 正答（5）との違いを確認し直してください。;2:（2）の内容は、正答（5）「危険物の種類や施設の規模などに応じて必要な設備が定められる。」が示す論点とずれています。 解説の要点：危険物施設では、危険物の種類や施設の規模・状況に応じて、必要な消火設備が定められる場合がある。【試験ポイント】消火設備は危険物の性質に応じて考える。【ひっかけ】第4類火災では水だけでよいとは限らない。【選択肢ア】誤り。水だけでよいとは限らない。【選択肢イ】誤り。免状ではない。【選… 正答（5）との違いを確認し直してください。;3:（3）の内容は、正答（5）「危険物の種類や施設の規模などに応じて必要な設備が定められる。」が示す論点とずれています。 解説の要点：危険物施設では、危険物の種類や施設の規模・状況に応じて、必要な消火設備が定められる場合がある。【試験ポイント】消火設備は危険物の性質に応じて考える。【ひっかけ】第4類火災では水だけでよいとは限らない。【選択肢ア】誤り。水だけでよいとは限らない。【選択肢イ】誤り。免状ではない。【選… 正答（5）との違いを確認し直してください。;4:解説では「危険物施設では、危険物の種類や施設の規模・状況に応じて、必要な消火設備が定められる場合がある。」とある一方、（4）の記述はそれと矛盾します。 解説の要点：危険物施設では、危険物の種類や施設の規模・状況に応じて、必要な消火設備が定められる場合がある。【試験ポイント】消火設備は危険物の性質に応じて考える。【ひっかけ】第4類火災では水だけでよいとは限らない。【選択肢ア】誤り。水だけでよいとは限らない。【選択肢イ】誤り。免状ではない。【選… 正答（5）との違いを確認し直してください。,危険物施設では、危険物の種類や施設の規模・状況に応じて、必要な消火設備が定められる場合がある。【試験ポイント】消火設備は危険物の性質に応じて考える。【ひっかけ】第4類火災では水だけでよいとは限らない。【選択肢ア】誤り。水だけでよいとは限らない。【選択肢イ】誤り。免状ではない。【選択肢ウ】誤り。装置ではない。【選択肢エ】誤り。設置してはならないものではない。【選択肢オ】正しい。危険物や施設に応じた消火設備が必要となる。,危険物施設では、危険物の種類や施設の規模・状況に応じて、必要な消火設備が定められる場合がある。【試験ポイント】消火設備は危険物の性質に応じて考える。【ひっかけ】第4類火災では水だけでよいとは限らない。【選択肢ア】誤り。水だけでよいとは限らない。【選択肢イ】誤り。免状ではない。【選択肢ウ】誤り。装置ではない。【選択肢エ】誤り。設置してはならないものではない。【,
159,single,法令・制度,L-074;LAW-042;警報設備等;警報設備・避難設備;基礎;網羅,警報設備の役割として、最も適切なものはどれか。,,,,,,危険物の価格を自動で決める。,火災などの異常を知らせ、避難や初期対応につなげる。,指定数量を自動で変更する。,危険物を飲用可能にする。,危険物取扱者免状を印刷する。,2,警報設備は、火災などの異常を知らせ、避難や初期対応につなげるための設備である。【試験ポイント】警報設備は異常を知らせる設備。【ひっかけ】消火設備や避難設備との役割の違いを押さえる。【選択肢ア】誤り。価格決定ではない。【選択肢イ】正しい。警報設備の役割である。【選択肢ウ】誤り。指定数量変更ではない。【選択肢エ】誤り。飲用可能にするものではない。【選択肢オ】誤り。免状印刷ではない。,1:（1）「危険物の価格を自動で決める。」は、単独の記述としては法令上妥当な場合がありますが、本問で選ぶべき正答は（2）「火災などの異常を知らせ、避難や初期対応につなげる。」です。問題文の条件（警報設備の役割として、最も適切なものはどれか。…）と照らし、設問が問う論点に合う肢を選び直してください。;3:（3）「指定数量を自動で変更する。」は、単独の記述としては法令上妥当な場合がありますが、本問で選ぶべき正答は（2）「火災などの異常を知らせ、避難や初期対応につなげる。」です。問題文の条件（警報設備の役割として、最も適切なものはどれか。…）と照らし、設問が問う論点に合う肢を選び直してください。;4:（4）「危険物を飲用可能にする。」は、単独の記述としては法令上妥当な場合がありますが、本問で選ぶべき正答は（2）「火災などの異常を知らせ、避難や初期対応につなげる。」です。問題文の条件（警報設備の役割として、最も適切なものはどれか。…）と照らし、設問が問う論点に合う肢を選び直してください。;5:（5）「危険物取扱者免状を印刷する。」は、単独の記述としては法令上妥当な場合がありますが、本問で選ぶべき正答は（2）「火災などの異常を知らせ、避難や初期対応につなげる。」です。問題文の条件（警報設備の役割として、最も適切なものはどれか。…）と照らし、設問が問う論点に合う肢を選び直してください。,警報設備は、火災などの異常を知らせ、避難や初期対応につなげるための設備である。,警報設備は、火災などの異常を知らせ、避難や初期対応につなげるための設備である。【試験ポイント】警報設備は異常を知らせる設備。【ひっかけ】消火設備や避難設備との役割の違いを押さえる。【選択肢ア】誤り。価格決定ではない。【選択肢イ】正しい。警報設備の役割である。【選択肢ウ】誤り。指定数量変更ではない。【選択肢エ】誤り。飲用可能にするものではない。【選択肢オ】誤り,
160,single,法令・制度,L-075;LAW-055;運搬;運搬容器・収納・積載方法;標準;重点,危険物の運搬容器について、正しいものはどれか。,,,,,,どのような袋でも、名前を書けば必ず運搬できる。,容器は危険物を漏らすために使用する。,運搬容器は危険物取扱者免状の別名である。,容器に入れずに道路へ流しながら運搬する。,危険物の性質に応じた容器を用い、漏れや破損を防ぐ必要がある。,5,危険物の運搬では、危険物の性質に応じた容器を用い、漏れ、破損、転倒などを防止する必要がある。【試験ポイント】運搬容器は漏れ・破損防止が重要。【ひっかけ】表示だけで任意容器が許されるわけではない。【選択肢ア】誤り。任意の袋でよいわけではない。【選択肢イ】誤り。漏れを防ぐために用いる。【選択肢ウ】誤り。免状ではない。【選択肢エ】誤り。道路へ流してはならない。【選択肢オ】正しい。運搬容器の基本である。,1:（1）の内容は、正答（5）「危険物の性質に応じた容器を用い、漏れや破損を防ぐ必要がある。」が示す論点とずれています。 解説の要点：危険物の運搬では、危険物の性質に応じた容器を用い、漏れ、破損、転倒などを防止する必要がある。【試験ポイント】運搬容器は漏れ・破損防止が重要。【ひっかけ】表示だけで任意容器が許されるわけではない。【選択肢ア】誤り。任意の袋でよいわけではない。【選択肢イ】誤り。漏れを防ぐために用いる… 正答（5）との違いを確認し直してください。;2:（2）「容器は危険物を漏らすために使用する。」は、単独の記述としては法令上妥当な場合がありますが、本問で選ぶべき正答は（5）「危険物の性質に応じた容器を用い、漏れや破損を防ぐ必要がある。」です。問題文の条件（危険物の運搬容器について、正しいものはどれか。…）と照らし、設問が問う論点に合う肢を選び直してください。;3:（3）の内容は、正答（5）「危険物の性質に応じた容器を用い、漏れや破損を防ぐ必要がある。」が示す論点とずれています。 解説の要点：危険物の運搬では、危険物の性質に応じた容器を用い、漏れ、破損、転倒などを防止する必要がある。【試験ポイント】運搬容器は漏れ・破損防止が重要。【ひっかけ】表示だけで任意容器が許されるわけではない。【選択肢ア】誤り。任意の袋でよいわけではない。【選択肢イ】誤り。漏れを防ぐために用いる… 正答（5）との違いを確認し直してください。;4:（4）の内容は、正答（5）「危険物の性質に応じた容器を用い、漏れや破損を防ぐ必要がある。」が示す論点とずれています。 解説の要点：危険物の運搬では、危険物の性質に応じた容器を用い、漏れ、破損、転倒などを防止する必要がある。【試験ポイント】運搬容器は漏れ・破損防止が重要。【ひっかけ】表示だけで任意容器が許されるわけではない。【選択肢ア】誤り。任意の袋でよいわけではない。【選択肢イ】誤り。漏れを防ぐために用いる… 正答（5）との違いを確認し直してください。,危険物の運搬では、危険物の性質に応じた容器を用い、漏れ、破損、転倒などを防止する必要がある。,危険物の運搬では、危険物の性質に応じた容器を用い、漏れ、破損、転倒などを防止する必要がある。【試験ポイント】運搬容器は漏れ・破損防止が重要。【ひっかけ】表示だけで任意容器が許されるわけではない。【選択肢ア】誤り。任意の袋でよいわけではない。【選択肢イ】誤り。漏れを防ぐために用いる。【選択肢ウ】誤り。免状ではない。【選択肢エ】誤り。道路へ流してはならない。【選,
161,single,法令・制度,L-076;LAW-056;運搬;運搬時の表示・混載制限;標準;重点,危険物の混載について、正しいものはどれか。,,,,,,危険物の性質によっては、混載に制限がある。,混載制限は、第4類危険物では絶対に問題にならない。,危険物はどの物品とも必ず自由に混載できる。,混載とは、危険物取扱者免状を複数持つことをいう。,混載制限は、危険物の色だけで判断する。,1,危険物の運搬では、危険物の性質に応じて混載制限が問題となる場合がある。【試験ポイント】運搬では混載制限に注意する。【ひっかけ】混載を免状の種類と混同しない。【選択肢ア】正しい。性質によって混載に制限がある。【選択肢イ】誤り。第4類危険物でも関係し得る。【選択肢ウ】誤り。自由に混載できるわけではない。【選択肢エ】誤り。免状の所持数ではない。【選択肢オ】誤り。色だけで判断するものではない。,2:解説では「危険物の運搬では、危険物の性質に応じて混載制限が問題となる場合がある。」とある一方、（2）の記述はそれと矛盾します。 解説の要点：危険物の運搬では、危険物の性質に応じて混載制限が問題となる場合がある。【試験ポイント】運搬では混載制限に注意する。【ひっかけ】混載を免状の種類と混同しない。【選択肢ア】正しい。性質によって混載に制限がある。【選択肢イ】誤り。第4類危険物でも関係し得る。【選択肢ウ】誤り。自由に混載… 正答（1）との違いを確認し直してください。;3:（3）の内容は、正答（1）「危険物の性質によっては、混載に制限がある。」が示す論点とずれています。 解説の要点：危険物の運搬では、危険物の性質に応じて混載制限が問題となる場合がある。【試験ポイント】運搬では混載制限に注意する。【ひっかけ】混載を免状の種類と混同しない。【選択肢ア】正しい。性質によって混載に制限がある。【選択肢イ】誤り。第4類危険物でも関係し得る。【選択肢ウ】誤り。自由に混載… 正答（1）との違いを確認し直してください。;4:（4）の内容は、正答（1）「危険物の性質によっては、混載に制限がある。」が示す論点とずれています。 解説の要点：危険物の運搬では、危険物の性質に応じて混載制限が問題となる場合がある。【試験ポイント】運搬では混載制限に注意する。【ひっかけ】混載を免状の種類と混同しない。【選択肢ア】正しい。性質によって混載に制限がある。【選択肢イ】誤り。第4類危険物でも関係し得る。【選択肢ウ】誤り。自由に混載… 正答（1）との違いを確認し直してください。;5:（5）の内容は、正答（1）「危険物の性質によっては、混載に制限がある。」が示す論点とずれています。 解説の要点：危険物の運搬では、危険物の性質に応じて混載制限が問題となる場合がある。【試験ポイント】運搬では混載制限に注意する。【ひっかけ】混載を免状の種類と混同しない。【選択肢ア】正しい。性質によって混載に制限がある。【選択肢イ】誤り。第4類危険物でも関係し得る。【選択肢ウ】誤り。自由に混載… 正答（1）との違いを確認し直してください。,危険物の運搬では、危険物の性質に応じて混載制限が問題となる場合がある。【試験ポイント】運搬では混載制限に注意する。【ひっかけ】混載を免状の種類と混同しない。【選択肢ア】正しい。性質によって混載に制限がある。【選択肢イ】誤り。第4類危険物でも関係し得る。【選択肢ウ】誤り。自由に混載できるわけではない。【選択肢エ】誤り。免状の所持数ではない。【選択肢オ】誤り。色だけで判断するものではない。,危険物の運搬では、危険物の性質に応じて混載制限が問題となる場合がある。【試験ポイント】運搬では混載制限に注意する。【ひっかけ】混載を免状の種類と混同しない。【選択肢ア】正しい。性質によって混載に制限がある。【選択肢イ】誤り。第4類危険物でも関係し得る。【選択肢ウ】誤り。自由に混載できるわけではない。【選択肢エ】誤り。免状の所持数ではない。【選択肢オ】誤り。色,
162,single,法令・制度,L-077;LAW-057;移送;移動タンク貯蔵所による移送基準;標準;重点,移動タンク貯蔵所で危険物を移送する場合の注意として、適切なものはどれか。,,,,,,蒸気を確認するため火を近づける。,タンクから少量ずつ漏らしながら移送する。,移送中は標識や書類は一切関係しない。,移送中の漏えい、火気、静電気に注意する。,移動タンク貯蔵所は常に屋内貯蔵所である。,4,移動タンク貯蔵所で危険物を移送する場合、漏えい、火気、静電気などに注意して安全に移送する必要がある。【試験ポイント】移送では漏えい・火気・静電気に注意。【ひっかけ】移動タンク貯蔵所と屋内貯蔵所を混同しない。【選択肢ア】誤り。火気を近づけるのは危険である。【選択肢イ】誤り。漏えいは危険である。【選択肢ウ】誤り。表示や書類等が関係する場合がある。【選択肢エ】正しい。移送時の基本的注意である。【選択肢オ】誤り。移動タンク貯蔵所は屋内貯蔵所ではない。,1:（1）「蒸気を確認するため火を近づける。」は、単独の記述としては法令上妥当な場合がありますが、本問で選ぶべき正答は（4）「移送中の漏えい、火気、静電気に注意する。」です。問題文の条件（移動タンク貯蔵所で危険物を移送する場合の注意として、適切なものはどれか。…）と照らし、設問が問う論点に合う肢を選び直してください。;2:（2）の内容は、正答（4）「移送中の漏えい、火気、静電気に注意する。」が示す論点とずれています。 解説の要点：移動タンク貯蔵所で危険物を移送する場合、漏えい、火気、静電気などに注意して安全に移送する必要がある。【試験ポイント】移送では漏えい・火気・静電気に注意。【ひっかけ】移動タンク貯蔵所と屋内貯蔵所を混同しない。【選択肢ア】誤り。火気を近づけるのは危険である。【選択肢イ】誤り。漏えいは… 正答（4）との違いを確認し直してください。;3:（3）「移送中は標識や書類は一切関係しない。」は、単独の記述としては法令上妥当な場合がありますが、本問で選ぶべき正答は（4）「移送中の漏えい、火気、静電気に注意する。」です。問題文の条件（移動タンク貯蔵所で危険物を移送する場合の注意として、適切なものはどれか。…）と照らし、設問が問う論点に合う肢を選び直してください。;5:（5）の内容は、正答（4）「移送中の漏えい、火気、静電気に注意する。」が示す論点とずれています。 解説の要点：移動タンク貯蔵所で危険物を移送する場合、漏えい、火気、静電気などに注意して安全に移送する必要がある。【試験ポイント】移送では漏えい・火気・静電気に注意。【ひっかけ】移動タンク貯蔵所と屋内貯蔵所を混同しない。【選択肢ア】誤り。火気を近づけるのは危険である。【選択肢イ】誤り。漏えいは… 正答（4）との違いを確認し直してください。,移動タンク貯蔵所で危険物を移送する場合、漏えい、火気、静電気などに注意して安全に移送する必要がある。【試験ポイント】移送では漏えい・火気・静電気に注意。【ひっかけ】移動タンク貯蔵所と屋内貯蔵所を混同しない。【選択肢ア】誤り。火気を近づけるのは危険である。【選択肢イ】誤り。漏えいは危険である。【選択肢ウ】誤り。表示や書類等が関係する場合がある。【選択肢エ】正しい。移送時の基本的注意である。【選択肢オ】誤り。移動タンク貯蔵所は屋内貯蔵所ではない。,移動タンク貯蔵所で危険物を移送する場合、漏えい、火気、静電気などに注意して安全に移送する必要がある。【試験ポイント】移送では漏えい・火気・静電気に注意。【ひっかけ】移動タンク貯蔵所と屋内貯蔵所を混同しない。【選択肢ア】誤り。火気を近づけるのは危険である。【選択肢イ】誤り。漏えいは危険である。【選択肢ウ】誤り。表示や書類等が関係する場合がある。【選択肢エ】正し,
163,single,法令・制度,L-078;LAW-058;貯蔵・取扱基準;危険物の貯蔵・取扱いの共通基準;基礎;重点,危険物の貯蔵・取扱いについて、適切なものはどれか。,,,,,,可燃性蒸気がある場所では火気を近づける。,漏えいしても、臭いがなければ放置してよい。,危険物は必ず直射日光下で開放保管する。,危険物の性質に応じて、火気、温度、漏えい、混触に注意する。,危険物はすべて同じ方法で安全に保管できる。,4,危険物はその性質に応じて、火気、温度、漏えい、混触などに注意して貯蔵・取扱いを行う必要がある。【試験ポイント】危険物は性質に応じて管理する。【ひっかけ】すべて同じ保管方法でよい、とは考えない。【選択肢ア】誤り。火気は危険である。【選択肢イ】誤り。漏えいは放置してはならない。【選択肢ウ】誤り。直射日光や開放保管は危険な場合がある。【選択肢エ】正しい。危険物の性質に応じた管理が必要である。【選択肢オ】誤り。種類に応じて管理方法が異なる。,1:（1）の内容は、正答（4）「危険物の性質に応じて、火気、温度、漏えい、混触に注意する。」が示す論点とずれています。 解説の要点：危険物はその性質に応じて、火気、温度、漏えい、混触などに注意して貯蔵・取扱いを行う必要がある。【試験ポイント】危険物は性質に応じて管理する。【ひっかけ】すべて同じ保管方法でよい、とは考えない。【選択肢ア】誤り。火気は危険である。【選択肢イ】誤り。漏えいは放置してはならない。【選択… 正答（4）との違いを確認し直してください。;2:（2）の内容は、正答（4）「危険物の性質に応じて、火気、温度、漏えい、混触に注意する。」が示す論点とずれています。 解説の要点：危険物はその性質に応じて、火気、温度、漏えい、混触などに注意して貯蔵・取扱いを行う必要がある。【試験ポイント】危険物は性質に応じて管理する。【ひっかけ】すべて同じ保管方法でよい、とは考えない。【選択肢ア】誤り。火気は危険である。【選択肢イ】誤り。漏えいは放置してはならない。【選択… 正答（4）との違いを確認し直してください。;3:（3）の内容は、正答（4）「危険物の性質に応じて、火気、温度、漏えい、混触に注意する。」が示す論点とずれています。 解説の要点：危険物はその性質に応じて、火気、温度、漏えい、混触などに注意して貯蔵・取扱いを行う必要がある。【試験ポイント】危険物は性質に応じて管理する。【ひっかけ】すべて同じ保管方法でよい、とは考えない。【選択肢ア】誤り。火気は危険である。【選択肢イ】誤り。漏えいは放置してはならない。【選択… 正答（4）との違いを確認し直してください。;5:根拠の記述が異なります。解説では「っかけ】すべて同じ保管方法」が根拠ですが、（5）は「危険物はすべて同じ方法」を根拠とする内容です。 解説の要点：危険物はその性質に応じて、火気、温度、漏えい、混触などに注意して貯蔵・取扱いを行う必要がある。【試験ポイント】危険物は性質に応じて管理する。【ひっかけ】すべて同じ保管方法でよい、とは考えない。【選択肢ア】誤り。火気は危険である。【選択肢イ】誤り。漏えいは放置してはならない。【選択… 正答（4）との違いを確認し直してください。,危険物はその性質に応じて、火気、温度、漏えい、混触などに注意して貯蔵・取扱いを行う必要がある。【試験ポイント】危険物は性質に応じて管理する。【ひっかけ】すべて同じ保管方法でよい、とは考えない。【選択肢ア】誤り。火気は危険である。【選択肢イ】誤り。漏えいは放置してはならない。【選択肢ウ】誤り。直射日光や開放保管は危険な場合がある。【選択肢エ】正しい。危険物の性質に応じた管理が必要である。【選択肢オ】誤り。種類に応じて管理方法が異なる。,危険物はその性質に応じて、火気、温度、漏えい、混触などに注意して貯蔵・取扱いを行う必要がある。【試験ポイント】危険物は性質に応じて管理する。【ひっかけ】すべて同じ保管方法でよい、とは考えない。【選択肢ア】誤り。火気は危険である。【選択肢イ】誤り。漏えいは放置してはならない。【選択肢ウ】誤り。直射日光や開放保管は危険な場合がある。【選択肢エ】正しい。危険物の性,
164,single,法令・制度,L-079;LAW-009;指定数量未満;指定数量未満の危険物の扱い;標準;網羅,指定数量未満の危険物について、正しいものはどれか。,,,,,,消防法上の製造所等の規制とは別に、市町村条例等で規制される場合がある。,指定数量未満であれば、火気管理は一切不要である。,指定数量未満であれば、どのような取扱いをしても常に安全である。,指定数量未満の危険物は、危険物ではなくなる。,指定数量未満であれば、漏えいしても放置してよい。,1,指定数量未満であっても危険性がなくなるわけではなく、市町村条例等による規制や火災予防上の注意が必要となる場合がある。【試験ポイント】指定数量未満でも危険性は残る。【ひっかけ】指定数量未満＝無規制・安全、ではない。【選択肢ア】正しい。条例等で規制される場合がある。【選択肢イ】誤り。火気管理は必要である。【選択肢ウ】誤り。常に安全ではない。【選択肢エ】誤り。危険物でなくなるわけではない。【選択肢オ】誤り。漏えいは適切に処理する必要がある。,2:解説では「指定数量未満であっても危険性がなくなるわけではなく、市町村条例等による規制や火災予防上の注意が必要となる場合がある。」とある一方、（2）の記述はそれと矛盾します。 解説の要点：指定数量未満であっても危険性がなくなるわけではなく、市町村条例等による規制や火災予防上の注意が必要となる場合がある。【試験ポイント】指定数量未満でも危険性は残る。【ひっかけ】指定数量未満＝無規制・安全、ではない。【選択肢ア】正しい。条例等で規制される場合がある。【選択肢イ】誤り。… 正答（1）との違いを確認し直してください。;3:（3）の内容は、正答（1）「消防法上の製造所等の規制とは別に、市町村条例等で規制される場合がある。」が示す論点とずれています。 解説の要点：指定数量未満であっても危険性がなくなるわけではなく、市町村条例等による規制や火災予防上の注意が必要となる場合がある。【試験ポイント】指定数量未満でも危険性は残る。【ひっかけ】指定数量未満＝無規制・安全、ではない。【選択肢ア】正しい。条例等で規制される場合がある。【選択肢イ】誤り。… 正答（1）との違いを確認し直してください。;4:（4）の内容は、正答（1）「消防法上の製造所等の規制とは別に、市町村条例等で規制される場合がある。」が示す論点とずれています。 解説の要点：指定数量未満であっても危険性がなくなるわけではなく、市町村条例等による規制や火災予防上の注意が必要となる場合がある。【試験ポイント】指定数量未満でも危険性は残る。【ひっかけ】指定数量未満＝無規制・安全、ではない。【選択肢ア】正しい。条例等で規制される場合がある。【選択肢イ】誤り。… 正答（1）との違いを確認し直してください。;5:（5）の内容は、正答（1）「消防法上の製造所等の規制とは別に、市町村条例等で規制される場合がある。」が示す論点とずれています。 解説の要点：指定数量未満であっても危険性がなくなるわけではなく、市町村条例等による規制や火災予防上の注意が必要となる場合がある。【試験ポイント】指定数量未満でも危険性は残る。【ひっかけ】指定数量未満＝無規制・安全、ではない。【選択肢ア】正しい。条例等で規制される場合がある。【選択肢イ】誤り。… 正答（1）との違いを確認し直してください。,指定数量未満であっても危険性がなくなるわけではなく、市町村条例等による規制や火災予防上の注意が必要となる場合がある。【試験ポイント】指定数量未満でも危険性は残る。【ひっかけ】指定数量未満＝無規制・安全、ではない。【選択肢ア】正しい。条例等で規制される場合がある。【選択肢イ】誤り。火気管理は必要である。【選択肢ウ】誤り。常に安全ではない。【選択肢エ】誤り。危険物でなくなるわけではない。【選択肢オ】誤り。漏えいは適切に処理する必要がある。,指定数量未満であっても危険性がなくなるわけではなく、市町村条例等による規制や火災予防上の注意が必要となる場合がある。【試験ポイント】指定数量未満でも危険性は残る。【ひっかけ】指定数量未満＝無規制・安全、ではない。【選択肢ア】正しい。条例等で規制される場合がある。【選択肢イ】誤り。火気管理は必要である。【選択肢ウ】誤り。常に安全ではない。【選択肢エ】誤り。危険,
165,single,法令・制度,L-080;LAW-011;製造所;製造所の定義・特徴;基礎;網羅,製造所について、正しいものはどれか。,,,,,,危険物を販売する取扱所だけをいう。,危険物取扱者試験の会場である。,危険物を製造する施設である。,消火器の型式名である。,危険物の分類表の別名である。,3,製造所は、危険物を製造する施設であり、製造所等の一つである。【試験ポイント】製造所は危険物を製造する施設。【ひっかけ】製造所・貯蔵所・取扱所を区別する。【選択肢ア】誤り。販売取扱所とは異なる。【選択肢イ】誤り。試験会場ではない。【選択肢ウ】正しい。製造所の説明である。【選択肢エ】誤り。消火器の型式名ではない。【選択肢オ】誤り。分類表ではない。,1:（1）「危険物を販売する取扱所だけをいう。」は、単独の記述としては法令上妥当な場合がありますが、本問で選ぶべき正答は（3）「危険物を製造する施設である。」です。問題文の条件（製造所について、正しいものはどれか。…）と照らし、設問が問う論点に合う肢を選び直してください。;2:（2）「危険物取扱者試験の会場である。」は、単独の記述としては法令上妥当な場合がありますが、本問で選ぶべき正答は（3）「危険物を製造する施設である。」です。問題文の条件（製造所について、正しいものはどれか。…）と照らし、設問が問う論点に合う肢を選び直してください。;4:（4）「消火器の型式名である。」は、単独の記述としては法令上妥当な場合がありますが、本問で選ぶべき正答は（3）「危険物を製造する施設である。」です。問題文の条件（製造所について、正しいものはどれか。…）と照らし、設問が問う論点に合う肢を選び直してください。;5:（5）「危険物の分類表の別名である。」は、単独の記述としては法令上妥当な場合がありますが、本問で選ぶべき正答は（3）「危険物を製造する施設である。」です。問題文の条件（製造所について、正しいものはどれか。…）と照らし、設問が問う論点に合う肢を選び直してください。,製造所は、危険物を製造する施設であり、製造所等の一つである。【試験ポイント】製造所は危険物を製造する施設。【ひっかけ】製造所・貯蔵所・取扱所を区別する。【選択肢ア】誤り。販売取扱所とは異なる。【選択肢イ】誤り。試験会場ではない。【選択肢ウ】正しい。製造所の説明である。【選択肢エ】誤り。消火器の型式名ではない。【選択肢オ】誤り。分類表ではない。,製造所は、危険物を製造する施設であり、製造所等の一つである。【試験ポイント】製造所は危険物を製造する施設。【ひっかけ】製造所・貯蔵所・取扱所を区別する。【選択肢ア】誤り。販売取扱所とは異なる。【選択肢イ】誤り。試験会場ではない。【選択肢ウ】正しい。製造所の説明である。【選択肢エ】誤り。消火器の型式名ではない。【選択肢オ】誤り。分類表ではない。,
166,single,法令・制度,L-081;LAW-012;貯蔵所;貯蔵所の種類全体;基礎;重点,貯蔵所に該当するものとして、正しいものはどれか。,,,,,,販売取扱所,給油取扱所,移送取扱所,地下タンク貯蔵所,一般取扱所,4,地下タンク貯蔵所は貯蔵所の一種である。販売取扱所、給油取扱所、移送取扱所、一般取扱所はいずれも取扱所である。【試験ポイント】地下タンク貯蔵所は貯蔵所。【ひっかけ】取扱所の名称に惑わされない。【選択肢ア】誤り。販売取扱所は取扱所である。【選択肢イ】誤り。給油取扱所は取扱所である。【選択肢ウ】誤り。移送取扱所は取扱所である。【選択肢エ】正しい。地下タンク貯蔵所は貯蔵所である。【選択肢オ】誤り。一般取扱所は取扱所である。,1:（1）「販売取扱所」は、単独の記述としては法令上妥当な場合がありますが、本問で選ぶべき正答は（4）「地下タンク貯蔵所」です。問題文の条件（貯蔵所に該当するものとして、正しいものはどれか。…）と照らし、設問が問う論点に合う肢を選び直してください。;2:（2）「給油取扱所」は、単独の記述としては法令上妥当な場合がありますが、本問で選ぶべき正答は（4）「地下タンク貯蔵所」です。問題文の条件（貯蔵所に該当するものとして、正しいものはどれか。…）と照らし、設問が問う論点に合う肢を選び直してください。;3:（3）「移送取扱所」は、単独の記述としては法令上妥当な場合がありますが、本問で選ぶべき正答は（4）「地下タンク貯蔵所」です。問題文の条件（貯蔵所に該当するものとして、正しいものはどれか。…）と照らし、設問が問う論点に合う肢を選び直してください。;5:（5）「一般取扱所」は、単独の記述としては法令上妥当な場合がありますが、本問で選ぶべき正答は（4）「地下タンク貯蔵所」です。問題文の条件（貯蔵所に該当するものとして、正しいものはどれか。…）と照らし、設問が問う論点に合う肢を選び直してください。,地下タンク貯蔵所は貯蔵所の一種である。 【試験ポイント】地下タンク貯蔵所は貯蔵所。 地下タンク貯蔵所は貯蔵所である。,地下タンク貯蔵所は貯蔵所の一種である。販売取扱所、給油取扱所、移送取扱所、一般取扱所はいずれも取扱所である。【試験ポイント】地下タンク貯蔵所は貯蔵所。【ひっかけ】取扱所の名称に惑わされない。【選択肢ア】誤り。販売取扱所は取扱所である。【選択肢イ】誤り。給油取扱所は取扱所である。【選択肢ウ】誤り。移送取扱所は取扱所である。【選択肢エ】正しい。地下タンク貯蔵所は,
167,single,法令・制度,L-082;LAW-013;取扱所;取扱所の種類全体;基礎;重点,取扱所に該当するものとして、正しいものはどれか。,,,,,,屋内タンク貯蔵所,屋外貯蔵所,簡易タンク貯蔵所,一般取扱所,屋内貯蔵所,4,一般取扱所は取扱所の一種である。他の選択肢は貯蔵所に分類される。【試験ポイント】一般取扱所は取扱所。【ひっかけ】貯蔵所と取扱所の分類を整理する。【選択肢ア】誤り。屋内タンク貯蔵所は貯蔵所である。【選択肢イ】誤り。屋外貯蔵所は貯蔵所である。【選択肢ウ】誤り。簡易タンク貯蔵所は貯蔵所である。【選択肢エ】正しい。一般取扱所は取扱所である。【選択肢オ】誤り。屋内貯蔵所は貯蔵所である。,1:（1）「屋内タンク貯蔵所」は、単独の記述としては法令上妥当な場合がありますが、本問で選ぶべき正答は（4）「一般取扱所」です。問題文の条件（取扱所に該当するものとして、正しいものはどれか。…）と照らし、設問が問う論点に合う肢を選び直してください。;2:（2）「屋外貯蔵所」は、単独の記述としては法令上妥当な場合がありますが、本問で選ぶべき正答は（4）「一般取扱所」です。問題文の条件（取扱所に該当するものとして、正しいものはどれか。…）と照らし、設問が問う論点に合う肢を選び直してください。;3:（3）「簡易タンク貯蔵所」は、単独の記述としては法令上妥当な場合がありますが、本問で選ぶべき正答は（4）「一般取扱所」です。問題文の条件（取扱所に該当するものとして、正しいものはどれか。…）と照らし、設問が問う論点に合う肢を選び直してください。;5:（5）「屋内貯蔵所」は、単独の記述としては法令上妥当な場合がありますが、本問で選ぶべき正答は（4）「一般取扱所」です。問題文の条件（取扱所に該当するものとして、正しいものはどれか。…）と照らし、設問が問う論点に合う肢を選び直してください。,一般取扱所は取扱所の一種である。他の選択肢は貯蔵所に分類される。【試験ポイント】一般取扱所は取扱所。【ひっかけ】貯蔵所と取扱所の分類を整理する。【選択肢ア】誤り。屋内タンク貯蔵所は貯蔵所である。【選択肢イ】誤り。屋外貯蔵所は貯蔵所である。【選択肢ウ】誤り。簡易タンク貯蔵所は貯蔵所である。【選択肢エ】正しい。一般取扱所は取扱所である。【選択肢オ】誤り。屋内貯蔵所は貯蔵所である。,一般取扱所は取扱所の一種である。他の選択肢は貯蔵所に分類される。【試験ポイント】一般取扱所は取扱所。【ひっかけ】貯蔵所と取扱所の分類を整理する。【選択肢ア】誤り。屋内タンク貯蔵所は貯蔵所である。【選択肢イ】誤り。屋外貯蔵所は貯蔵所である。【選択肢ウ】誤り。簡易タンク貯蔵所は貯蔵所である。【選択肢エ】正しい。一般取扱所は取扱所である。【選択肢オ】誤り。屋内貯蔵,
168,single,法令・制度,L-083;LAW-023;危険物取扱者;甲種・乙種・丙種の違い;標準;重点,乙種第4類危険物取扱者が取り扱える危険物として、正しいものはどれか。,,,,,,第1類危険物だけ,すべての危険物,第6類危険物だけ,危険物以外のすべての薬品,第4類危険物,5,乙種危険物取扱者は、免状に指定された類の危険物を取り扱うことができる。乙種第4類では第4類危険物が対象である。【試験ポイント】乙4は第4類危険物を扱う資格。【ひっかけ】乙種と甲種を混同しない。【選択肢ア】誤り。第1類だけではない。【選択肢イ】誤り。すべての危険物を扱えるのは甲種である。【選択肢ウ】誤り。第6類だけではない。【選択肢エ】誤り。危険物以外のすべての薬品を扱う資格ではない。【選択肢オ】正しい。乙4は第4類危険物が対象である。,1:（1）「第1類危険物だけ」は、単独の記述としては法令上妥当な場合がありますが、本問で選ぶべき正答は（5）「第4類危険物」です。問題文の条件（乙種第4類危険物取扱者が取り扱える危険物として、正しいものはどれか。…）と照らし、設問が問う論点に合う肢を選び直してください。;2:（2）「すべての危険物」は、単独の記述としては法令上妥当な場合がありますが、本問で選ぶべき正答は（5）「第4類危険物」です。問題文の条件（乙種第4類危険物取扱者が取り扱える危険物として、正しいものはどれか。…）と照らし、設問が問う論点に合う肢を選び直してください。;3:（3）「第6類危険物だけ」は、単独の記述としては法令上妥当な場合がありますが、本問で選ぶべき正答は（5）「第4類危険物」です。問題文の条件（乙種第4類危険物取扱者が取り扱える危険物として、正しいものはどれか。…）と照らし、設問が問う論点に合う肢を選び直してください。;4:（4）「危険物以外のすべての薬品」は、単独の記述としては法令上妥当な場合がありますが、本問で選ぶべき正答は（5）「第4類危険物」です。問題文の条件（乙種第4類危険物取扱者が取り扱える危険物として、正しいものはどれか。…）と照らし、設問が問う論点に合う肢を選び直してください。,乙種危険物取扱者は、免状に指定された類の危険物を取り扱うことができる。乙種第4類では第4類危険物が対象である。【試験ポイント】乙4は第4類危険物を扱う資格。【ひっかけ】乙種と甲種を混同しない。【選択肢ア】誤り。第1類だけではない。【選択肢イ】誤り。すべての危険物を扱えるのは甲種である。【選択肢ウ】誤り。第6類だけではない。【選択肢エ】誤り。危険物以外のすべての薬品を扱う資格ではない。【選択肢オ】正しい。乙4は第4類危険物が対象である。,乙種危険物取扱者は、免状に指定された類の危険物を取り扱うことができる。乙種第4類では第4類危険物が対象である。【試験ポイント】乙4は第4類危険物を扱う資格。【ひっかけ】乙種と甲種を混同しない。【選択肢ア】誤り。第1類だけではない。【選択肢イ】誤り。すべての危険物を扱えるのは甲種である。【選択肢ウ】誤り。第6類だけではない。【選択肢エ】誤り。危険物以外のすべて,
169,single,法令・制度,L-084;LAW-010;製造所等;製造所等の基本分類;基礎;重点,製造所等の説明として、正しいものはどれか。,,,,,,第4類危険物だけの別名である。,危険物取扱者免状の総称である。,消火剤の種類の総称である。,製造所、貯蔵所、取扱所の総称である。,危険物の指定数量表の別名である。,4,製造所等とは、製造所、貯蔵所、取扱所の総称である。【試験ポイント】製造所等＝製造所・貯蔵所・取扱所。【ひっかけ】施設分類と危険物分類を混同しない。【選択肢ア】誤り。第4類危険物の別名ではない。【選択肢イ】誤り。免状の総称ではない。【選択肢ウ】誤り。消火剤ではない。【選択肢エ】正しい。製造所等の説明である。【選択肢オ】誤り。指定数量表ではない。,1:（1）「第4類危険物だけの別名である。」は、単独の記述としては法令上妥当な場合がありますが、本問で選ぶべき正答は（4）「製造所、貯蔵所、取扱所の総称である。」です。問題文の条件（製造所等の説明として、正しいものはどれか。…）と照らし、設問が問う論点に合う肢を選び直してください。;2:（2）「危険物取扱者免状の総称である。」は、単独の記述としては法令上妥当な場合がありますが、本問で選ぶべき正答は（4）「製造所、貯蔵所、取扱所の総称である。」です。問題文の条件（製造所等の説明として、正しいものはどれか。…）と照らし、設問が問う論点に合う肢を選び直してください。;3:（3）「消火剤の種類の総称である。」は、単独の記述としては法令上妥当な場合がありますが、本問で選ぶべき正答は（4）「製造所、貯蔵所、取扱所の総称である。」です。問題文の条件（製造所等の説明として、正しいものはどれか。…）と照らし、設問が問う論点に合う肢を選び直してください。;5:（5）「危険物の指定数量表の別名である。」は、単独の記述としては法令上妥当な場合がありますが、本問で選ぶべき正答は（4）「製造所、貯蔵所、取扱所の総称である。」です。問題文の条件（製造所等の説明として、正しいものはどれか。…）と照らし、設問が問う論点に合う肢を選び直してください。,製造所等とは、製造所、貯蔵所、取扱所の総称である。,製造所等とは、製造所、貯蔵所、取扱所の総称である。【試験ポイント】製造所等＝製造所・貯蔵所・取扱所。【ひっかけ】施設分類と危険物分類を混同しない。【選択肢ア】誤り。第4類危険物の別名ではない。【選択肢イ】誤り。免状の総称ではない。【選択肢ウ】誤り。消火剤ではない。【選択肢エ】正しい。製造所等の説明である。【選択肢オ】誤り。指定数量表ではない。,
170,single,法令・制度,L-085;LAW-061;総合問題;法令分野の複合・ひっかけ問題;標準;総合,危険物法令に関する説明として、誤っているものはどれか。,,,,,,第4類危険物は引火性液体である。,乙種第4類免状があれば、すべての類の危険物を取り扱える。,危険物施設では標識や掲示板が問題となる場合がある。,製造所等には製造所、貯蔵所、取扱所が含まれる。,指定数量は危険物ごとに定められている。,2,乙種第4類免状で取り扱えるのは第4類危険物であり、すべての類の危険物を取り扱えるわけではない。【試験ポイント】乙4は第4類のみ。【ひっかけ】『誤っているもの』を選ぶ問題では問い方を確認する。【選択肢ア】正しい。第4類危険物は引火性液体である。【選択肢イ】誤り。乙4で全類を扱えるわけではない。【選択肢ウ】正しい。標識・掲示板は法令上の論点である。【選択肢エ】正しい。製造所等は製造所、貯蔵所、取扱所の総称である。【選択肢オ】正しい。指定数量は危険物ごとに定められる。,1:（1）「第4類危険物は引火性液体である。」は、単独の記述としては法令上妥当な場合がありますが、本問で選ぶべき正答は（2）「乙種第4類免状があれば、すべての類の危険物を取り扱える。」です。問題文の条件（危険物法令に関する説明として、誤っているものはどれか。…）と照らし、設問が問う論点に合う肢を選び直してください。;3:（3）の内容は、正答（2）「乙種第4類免状があれば、すべての類の危険物を取り扱える。」が示す論点とずれています。 解説の要点：乙種第4類免状で取り扱えるのは第4類危険物であり、すべての類の危険物を取り扱えるわけではない。【試験ポイント】乙4は第4類のみ。【ひっかけ】『誤っているもの』を選ぶ問題では問い方を確認する。【選択肢ア】正しい。第4類危険物は引火性液体である。【選択肢イ】誤り。乙4で全類を扱えるわ… 正答（2）との違いを確認し直してください。;4:（4）の内容は、正答（2）「乙種第4類免状があれば、すべての類の危険物を取り扱える。」が示す論点とずれています。 解説の要点：乙種第4類免状で取り扱えるのは第4類危険物であり、すべての類の危険物を取り扱えるわけではない。【試験ポイント】乙4は第4類のみ。【ひっかけ】『誤っているもの』を選ぶ問題では問い方を確認する。【選択肢ア】正しい。第4類危険物は引火性液体である。【選択肢イ】誤り。乙4で全類を扱えるわ… 正答（2）との違いを確認し直してください。;5:（5）の内容は、正答（2）「乙種第4類免状があれば、すべての類の危険物を取り扱える。」が示す論点とずれています。 解説の要点：乙種第4類免状で取り扱えるのは第4類危険物であり、すべての類の危険物を取り扱えるわけではない。【試験ポイント】乙4は第4類のみ。【ひっかけ】『誤っているもの』を選ぶ問題では問い方を確認する。【選択肢ア】正しい。第4類危険物は引火性液体である。【選択肢イ】誤り。乙4で全類を扱えるわ… 正答（2）との違いを確認し直してください。,乙種第4類免状で取り扱えるのは第4類危険物であり、すべての類の危険物を取り扱えるわけではない。【試験ポイント】乙4は第4類のみ。【ひっかけ】『誤っているもの』を選ぶ問題では問い方を確認する。【選択肢ア】正しい。第4類危険物は引火性液体である。【選択肢イ】誤り。乙4で全類を扱えるわけではない。【選択肢ウ】正しい。標識・掲示板は法令上の論点である。【選択肢エ】正しい。製造所等は製造所、貯蔵所、取扱所の総称である。【選択肢オ】正しい。指定数量は危険物ごとに定められる。,乙種第4類免状で取り扱えるのは第4類危険物であり、すべての類の危険物を取り扱えるわけではない。【試験ポイント】乙4は第4類のみ。【ひっかけ】『誤っているもの』を選ぶ問題では問い方を確認する。【選択肢ア】正しい。第4類危険物は引火性液体である。【選択肢イ】誤り。乙4で全類を扱えるわけではない。【選択肢ウ】正しい。標識・掲示板は法令上の論点である。【選択肢エ】正,
171,single,物性・化学,PC-043;PC-050;酸・アルカリ;アルカリの性質;基礎;網羅,アルカリ性の水溶液について、一般に正しいものはどれか。,,,,,,必ず可燃性蒸気を発生する。,pHが必ず0である。,必ず第4類危険物である。,必ず酸素を放出する。,pHが7より大きいものが多い。,5,一般にpHが7より大きい水溶液はアルカリ性を示す。【試験ポイント】pH7超はアルカリ性。【ひっかけ】酸性とアルカリ性を逆に覚えない。【選択肢ア】誤り。必ず可燃性蒸気を発生するわけではない。【選択肢イ】誤り。pH0とは限らない。【選択肢ウ】誤り。必ず第4類危険物ではない。【選択肢エ】誤り。必ず酸素を放出するわけではない。【選択肢オ】正しい。アルカリ性は一般にpH7より大きい。,1:（1）「必ず可燃性蒸気を発生する。」は、単独の記述としては法令上妥当な場合がありますが、本問で選ぶべき正答は（5）「pHが7より大きいものが多い。」です。問題文の条件（アルカリ性の水溶液について、一般に正しいものはどれか。…）と照らし、設問が問う論点に合う肢を選び直してください。;2:（2）「pHが必ず0である。」は、単独の記述としては法令上妥当な場合がありますが、本問で選ぶべき正答は（5）「pHが7より大きいものが多い。」です。問題文の条件（アルカリ性の水溶液について、一般に正しいものはどれか。…）と照らし、設問が問う論点に合う肢を選び直してください。;3:（3）「必ず第4類危険物である。」は、単独の記述としては法令上妥当な場合がありますが、本問で選ぶべき正答は（5）「pHが7より大きいものが多い。」です。問題文の条件（アルカリ性の水溶液について、一般に正しいものはどれか。…）と照らし、設問が問う論点に合う肢を選び直してください。;4:（4）「必ず酸素を放出する。」は、単独の記述としては法令上妥当な場合がありますが、本問で選ぶべき正答は（5）「pHが7より大きいものが多い。」です。問題文の条件（アルカリ性の水溶液について、一般に正しいものはどれか。…）と照らし、設問が問う論点に合う肢を選び直してください。,一般にpHが7より大きい水溶液はアルカリ性を示す。【試験ポイント】pH7超はアルカリ性。【ひっかけ】酸性とアルカリ性を逆に覚えない。【選択肢ア】誤り。必ず可燃性蒸気を発生するわけではない。【選択肢イ】誤り。pH0とは限らない。【選択肢ウ】誤り。必ず第4類危険物ではない。【選択肢エ】誤り。必ず酸素を放出するわけではない。【選択肢オ】正しい。アルカリ性は一般にpH7より大きい。,一般にpHが7より大きい水溶液はアルカリ性を示す。【試験ポイント】pH7超はアルカリ性。【ひっかけ】酸性とアルカリ性を逆に覚えない。【選択肢ア】誤り。必ず可燃性蒸気を発生するわけではない。【選択肢イ】誤り。pH0とは限らない。【選択肢ウ】誤り。必ず第4類危険物ではない。【選択肢エ】誤り。必ず酸素を放出するわけではない。【選択肢オ】正しい。アルカリ性は一般にp,
172,single,物性・化学,PC-044;PC-051;酸・アルカリ;中和反応;基礎;網羅,中和反応について、正しいものはどれか。,,,,,,固体が粉々になる現象だけをいう。,液体が蒸発する現象だけをいう。,酸とアルカリが互いの性質を打ち消し合う反応である。,危険物の指定数量を計算する方法である。,物質が水に浮くことをいう。,3,中和反応は、酸とアルカリが互いの性質を打ち消し合う反応である。【試験ポイント】中和は酸とアルカリの反応。【ひっかけ】中和と蒸発を混同しない。【選択肢ア】誤り。破砕ではない。【選択肢イ】誤り。蒸発ではない。【選択肢ウ】正しい。中和反応の説明である。【選択肢エ】誤り。指定数量計算ではない。【選択肢オ】誤り。浮沈ではない。,1:（1）「固体が粉々になる現象だけをいう。」は、単独の記述としては法令上妥当な場合がありますが、本問で選ぶべき正答は（3）「酸とアルカリが互いの性質を打ち消し合う反応である。」です。問題文の条件（中和反応について、正しいものはどれか。…）と照らし、設問が問う論点に合う肢を選び直してください。;2:（2）「液体が蒸発する現象だけをいう。」は、単独の記述としては法令上妥当な場合がありますが、本問で選ぶべき正答は（3）「酸とアルカリが互いの性質を打ち消し合う反応である。」です。問題文の条件（中和反応について、正しいものはどれか。…）と照らし、設問が問う論点に合う肢を選び直してください。;4:（4）の内容は、正答（3）「酸とアルカリが互いの性質を打ち消し合う反応である。」が示す論点とずれています。 解説の要点：中和反応は、酸とアルカリが互いの性質を打ち消し合う反応である。【試験ポイント】中和は酸とアルカリの反応。【ひっかけ】中和と蒸発を混同しない。【選択肢ア】誤り。破砕ではない。【選択肢イ】誤り。蒸発ではない。【選択肢ウ】正しい。中和反応の説明である。【選択肢エ】誤り。指定数量計算では… 正答（3）との違いを確認し直してください。;5:（5）「物質が水に浮くことをいう。」は、単独の記述としては法令上妥当な場合がありますが、本問で選ぶべき正答は（3）「酸とアルカリが互いの性質を打ち消し合う反応である。」です。問題文の条件（中和反応について、正しいものはどれか。…）と照らし、設問が問う論点に合う肢を選び直してください。,中和反応は、酸とアルカリが互いの性質を打ち消し合う反応である。,中和反応は、酸とアルカリが互いの性質を打ち消し合う反応である。【試験ポイント】中和は酸とアルカリの反応。【ひっかけ】中和と蒸発を混同しない。【選択肢ア】誤り。破砕ではない。【選択肢イ】誤り。蒸発ではない。【選択肢ウ】正しい。中和反応の説明である。【選択肢エ】誤り。指定数量計算ではない。【選択肢オ】誤り。浮沈ではない。,
173,single,物性・化学,PC-045;PC-017;熱;温度と熱量;基礎;網羅,温度と熱量の説明として、正しいものはどれか。,,,,,,温度は危険物取扱者免状の番号である。,温度は質量を体積で割った値である。,温度は熱さ冷たさの程度、熱量は熱のエネルギー量を表す。,熱量は液体の色を表す値である。,温度と熱量は常に同じ単位で表される。,3,温度は熱さ冷たさの程度を表し、熱量は移動・蓄積される熱エネルギーの量を表す。【試験ポイント】温度と熱量は別の概念。【ひっかけ】温度差と熱量を混同しない。【選択肢ア】誤り。免状番号ではない。【選択肢イ】誤り。密度の説明である。【選択肢ウ】正しい。温度と熱量の基本である。【選択肢エ】誤り。色を表す値ではない。【選択肢オ】誤り。単位も意味も異なる。,1:（1）「温度は危険物取扱者免状の番号である。」は、単独の記述としては法令上妥当な場合がありますが、本問で選ぶべき正答は（3）「温度は熱さ冷たさの程度、熱量は熱のエネルギー量を表す。」です。問題文の条件（温度と熱量の説明として、正しいものはどれか。…）と照らし、設問が問う論点に合う肢を選び直してください。;2:（2）「温度は質量を体積で割った値である。」は、単独の記述としては法令上妥当な場合がありますが、本問で選ぶべき正答は（3）「温度は熱さ冷たさの程度、熱量は熱のエネルギー量を表す。」です。問題文の条件（温度と熱量の説明として、正しいものはどれか。…）と照らし、設問が問う論点に合う肢を選び直してください。;4:（4）「熱量は液体の色を表す値である。」は、単独の記述としては法令上妥当な場合がありますが、本問で選ぶべき正答は（3）「温度は熱さ冷たさの程度、熱量は熱のエネルギー量を表す。」です。問題文の条件（温度と熱量の説明として、正しいものはどれか。…）と照らし、設問が問う論点に合う肢を選び直してください。;5:（5）「温度と熱量は常に同じ単位で表される。」は、単独の記述としては法令上妥当な場合がありますが、本問で選ぶべき正答は（3）「温度は熱さ冷たさの程度、熱量は熱のエネルギー量を表す。」です。問題文の条件（温度と熱量の説明として、正しいものはどれか。…）と照らし、設問が問う論点に合う肢を選び直してください。,温度は熱さ冷たさの程度を表し、熱量は移動・蓄積される熱エネルギーの量を表す。【試験ポイント】温度と熱量は別の概念。【ひっかけ】温度差と熱量を混同しない。【選択肢ア】誤り。免状番号ではない。【選択肢イ】誤り。密度の説明である。【選択肢ウ】正しい。温度と熱量の基本である。【選択肢エ】誤り。色を表す値ではない。【選択肢オ】誤り。単位も意味も異なる。,温度は熱さ冷たさの程度を表し、熱量は移動・蓄積される熱エネルギーの量を表す。【試験ポイント】温度と熱量は別の概念。【ひっかけ】温度差と熱量を混同しない。【選択肢ア】誤り。免状番号ではない。【選択肢イ】誤り。密度の説明である。【選択肢ウ】正しい。温度と熱量の基本である。【選択肢エ】誤り。色を表す値ではない。【選択肢オ】誤り。単位も意味も異なる。,
174,single,物性・化学,PC-046;PC-019;熱;熱容量;基礎;網羅,熱容量について、正しいものはどれか。,,,,,,物質1 gの温度を1 ℃上げるのに必要な熱量である。,蒸気が空気より重いかを表す値である。,物体全体の温度を1 ℃上げるのに必要な熱量である。,液体が火源で引火する最低温度である。,危険物を貯蔵できる最大面積である。,3,熱容量は、物体全体の温度を1 ℃上げるのに必要な熱量である。物質1 gあたりの場合は比熱である。【試験ポイント】熱容量と比熱を区別する。【ひっかけ】1gあたりなら比熱、物体全体なら熱容量。【選択肢ア】誤り。比熱の説明である。【選択肢イ】誤り。蒸気比重の説明である。【選択肢ウ】正しい。熱容量の説明である。【選択肢エ】誤り。引火点の説明である。【選択肢オ】誤り。面積ではない。,1:（1）の内容は、正答（3）「物体全体の温度を1 ℃上げるのに必要な熱量である。」が示す論点とずれています。 解説の要点：熱容量は、物体全体の温度を1 ℃上げるのに必要な熱量である。物質1 gあたりの場合は比熱である。【試験ポイント】熱容量と比熱を区別する。【ひっかけ】1gあたりなら比熱、物体全体なら熱容量。【選択肢ア】誤り。比熱の説明である。【選択肢イ】誤り。蒸気比重の説明である。【選択肢ウ】正し… 正答（3）との違いを確認し直してください。;2:（2）「蒸気が空気より重いかを表す値である。」は、単独の記述としては法令上妥当な場合がありますが、本問で選ぶべき正答は（3）「物体全体の温度を1 ℃上げるのに必要な熱量である。」です。問題文の条件（熱容量について、正しいものはどれか。…）と照らし、設問が問う論点に合う肢を選び直してください。;4:（4）「液体が火源で引火する最低温度である。」は、単独の記述としては法令上妥当な場合がありますが、本問で選ぶべき正答は（3）「物体全体の温度を1 ℃上げるのに必要な熱量である。」です。問題文の条件（熱容量について、正しいものはどれか。…）と照らし、設問が問う論点に合う肢を選び直してください。;5:（5）「危険物を貯蔵できる最大面積である。」は、単独の記述としては法令上妥当な場合がありますが、本問で選ぶべき正答は（3）「物体全体の温度を1 ℃上げるのに必要な熱量である。」です。問題文の条件（熱容量について、正しいものはどれか。…）と照らし、設問が問う論点に合う肢を選び直してください。,熱容量は、物体全体の温度を1 ℃上げるのに必要な熱量である。,熱容量は、物体全体の温度を1 ℃上げるのに必要な熱量である。物質1 gあたりの場合は比熱である。【試験ポイント】熱容量と比熱を区別する。【ひっかけ】1gあたりなら比熱、物体全体なら熱容量。【選択肢ア】誤り。比熱の説明である。【選択肢イ】誤り。蒸気比重の説明である。【選択肢ウ】正しい。熱容量の説明である。【選択肢エ】誤り。引火点の説明である。【選択肢オ】誤り。,
175,single,物性・化学,PC-047;PC-021;熱;熱膨張;基礎;網羅,熱膨張について、正しいものはどれか。,,,,,,物体が酸素を放出する現象である。,液体が必ず水に溶ける現象である。,物体が温度上昇により膨張する現象である。,物体が危険物取扱者免状に変わる現象である。,物体が必ず燃焼する現象である。,3,熱膨張は、物体が温度上昇により膨張する現象である。容器や配管の管理にも関係する基礎知識である。【試験ポイント】温度上昇で膨張することがある。【ひっかけ】膨張と燃焼を混同しない。【選択肢ア】誤り。酸素放出ではない。【選択肢イ】誤り。溶解ではない。【選択肢ウ】正しい。熱膨張の説明である。【選択肢エ】誤り。免状にはならない。【選択肢オ】誤り。必ず燃焼するわけではない。,1:（1）「物体が酸素を放出する現象である。」は、単独の記述としては法令上妥当な場合がありますが、本問で選ぶべき正答は（3）「物体が温度上昇により膨張する現象である。」です。問題文の条件（熱膨張について、正しいものはどれか。…）と照らし、設問が問う論点に合う肢を選び直してください。;2:（2）「液体が必ず水に溶ける現象である。」は、単独の記述としては法令上妥当な場合がありますが、本問で選ぶべき正答は（3）「物体が温度上昇により膨張する現象である。」です。問題文の条件（熱膨張について、正しいものはどれか。…）と照らし、設問が問う論点に合う肢を選び直してください。;4:（4）の内容は、正答（3）「物体が温度上昇により膨張する現象である。」が示す論点とずれています。 解説の要点：熱膨張は、物体が温度上昇により膨張する現象である。容器や配管の管理にも関係する基礎知識である。【試験ポイント】温度上昇で膨張することがある。【ひっかけ】膨張と燃焼を混同しない。【選択肢ア】誤り。酸素放出ではない。【選択肢イ】誤り。溶解ではない。【選択肢ウ】正しい。熱膨張の説明であ… 正答（3）との違いを確認し直してください。;5:（5）「物体が必ず燃焼する現象である。」は、単独の記述としては法令上妥当な場合がありますが、本問で選ぶべき正答は（3）「物体が温度上昇により膨張する現象である。」です。問題文の条件（熱膨張について、正しいものはどれか。…）と照らし、設問が問う論点に合う肢を選び直してください。,熱膨張は、物体が温度上昇により膨張する現象である。,熱膨張は、物体が温度上昇により膨張する現象である。容器や配管の管理にも関係する基礎知識である。【試験ポイント】温度上昇で膨張することがある。【ひっかけ】膨張と燃焼を混同しない。【選択肢ア】誤り。酸素放出ではない。【選択肢イ】誤り。溶解ではない。【選択肢ウ】正しい。熱膨張の説明である。【選択肢エ】誤り。免状にはならない。【選択肢オ】誤り。必ず燃焼するわけではな,
176,single,物性・化学,PC-048;PC-022;熱;潜熱・顕熱;標準;網羅,潜熱について、正しいものはどれか。,,,,,,必ず燃焼を止める熱である。,状態変化に伴って出入りする熱で、温度変化として現れにくい熱である。,蒸気比重を測る単位である。,危険物の指定数量を示す熱である。,物体の色を変える熱だけをいう。,2,潜熱は、融解や蒸発などの状態変化に伴って出入りする熱であり、温度変化として現れにくい。【試験ポイント】潜熱は状態変化に関係する熱。【ひっかけ】顕熱と潜熱を区別する。【選択肢ア】誤り。必ず消火する熱ではない。【選択肢イ】正しい。潜熱の説明である。【選択肢ウ】誤り。蒸気比重の単位ではない。【選択肢エ】誤り。指定数量ではない。【選択肢オ】誤り。色を変える熱ではない。,1:（1）「必ず燃焼を止める熱である。」は、単独の記述としては法令上妥当な場合がありますが、本問で選ぶべき正答は（2）「状態変化に伴って出入りする熱で、温度変化として現れにくい熱である。」です。問題文の条件（潜熱について、正しいものはどれか。…）と照らし、設問が問う論点に合う肢を選び直してください。;3:（3）「蒸気比重を測る単位である。」は、単独の記述としては法令上妥当な場合がありますが、本問で選ぶべき正答は（2）「状態変化に伴って出入りする熱で、温度変化として現れにくい熱である。」です。問題文の条件（潜熱について、正しいものはどれか。…）と照らし、設問が問う論点に合う肢を選び直してください。;4:（4）「危険物の指定数量を示す熱である。」は、単独の記述としては法令上妥当な場合がありますが、本問で選ぶべき正答は（2）「状態変化に伴って出入りする熱で、温度変化として現れにくい熱である。」です。問題文の条件（潜熱について、正しいものはどれか。…）と照らし、設問が問う論点に合う肢を選び直してください。;5:（5）「物体の色を変える熱だけをいう。」は、単独の記述としては法令上妥当な場合がありますが、本問で選ぶべき正答は（2）「状態変化に伴って出入りする熱で、温度変化として現れにくい熱である。」です。問題文の条件（潜熱について、正しいものはどれか。…）と照らし、設問が問う論点に合う肢を選び直してください。,潜熱は、融解や蒸発などの状態変化に伴って出入りする熱であり、温度変化として現れにくい。【試験ポイント】潜熱は状態変化に関係する熱。【ひっかけ】顕熱と潜熱を区別する。【選択肢ア】誤り。必ず消火する熱ではない。【選択肢イ】正しい。潜熱の説明である。【選択肢ウ】誤り。蒸気比重の単位ではない。【選択肢エ】誤り。指定数量ではない。【選択肢オ】誤り。色を変える熱ではない。,潜熱は、融解や蒸発などの状態変化に伴って出入りする熱であり、温度変化として現れにくい。【試験ポイント】潜熱は状態変化に関係する熱。【ひっかけ】顕熱と潜熱を区別する。【選択肢ア】誤り。必ず消火する熱ではない。【選択肢イ】正しい。潜熱の説明である。【選択肢ウ】誤り。蒸気比重の単位ではない。【選択肢エ】誤り。指定数量ではない。【選択肢オ】誤り。色を変える熱ではない,
177,single,物性・化学,PC-049;PC-033;静電気;静電気の発生;基礎;重点,静電気の発生に関係しやすいものはどれか。,,,,,,標識の色の変更,水中で完全に静止している状態だけ,危険物取扱者免状の交付,摩擦や流動,指定数量の計算,4,静電気は、摩擦や流動、乾燥などにより発生しやすい。第4類危険物では着火源として注意が必要である。【試験ポイント】摩擦・流動・乾燥は静電気発生に関係する。【ひっかけ】静電気を小さな火花と軽視しない。【選択肢ア】誤り。標識色変更ではない。【選択肢イ】誤り。静止状態だけが原因ではない。【選択肢ウ】誤り。免状交付とは関係ない。【選択肢エ】正しい。摩擦や流動は静電気発生に関係する。【選択肢オ】誤り。指定数量計算ではない。,1:（1）「標識の色の変更」は、単独の記述としては法令上妥当な場合がありますが、本問で選ぶべき正答は（4）「摩擦や流動」です。問題文の条件（静電気の発生に関係しやすいものはどれか。…）と照らし、設問が問う論点に合う肢を選び直してください。;2:（2）「水中で完全に静止している状態だけ」は、単独の記述としては法令上妥当な場合がありますが、本問で選ぶべき正答は（4）「摩擦や流動」です。問題文の条件（静電気の発生に関係しやすいものはどれか。…）と照らし、設問が問う論点に合う肢を選び直してください。;3:（3）「危険物取扱者免状の交付」は、単独の記述としては法令上妥当な場合がありますが、本問で選ぶべき正答は（4）「摩擦や流動」です。問題文の条件（静電気の発生に関係しやすいものはどれか。…）と照らし、設問が問う論点に合う肢を選び直してください。;5:（5）「指定数量の計算」は、単独の記述としては法令上妥当な場合がありますが、本問で選ぶべき正答は（4）「摩擦や流動」です。問題文の条件（静電気の発生に関係しやすいものはどれか。…）と照らし、設問が問う論点に合う肢を選び直してください。,静電気は、摩擦や流動、乾燥などにより発生しやすい。第4類危険物では着火源として注意が必要である。【試験ポイント】摩擦・流動・乾燥は静電気発生に関係する。【ひっかけ】静電気を小さな火花と軽視しない。【選択肢ア】誤り。標識色変更ではない。【選択肢イ】誤り。静止状態だけが原因ではない。【選択肢ウ】誤り。免状交付とは関係ない。【選択肢エ】正しい。摩擦や流動は静電気発生に関係する。【選択肢オ】誤り。指定数量計算ではない。,静電気は、摩擦や流動、乾燥などにより発生しやすい。第4類危険物では着火源として注意が必要である。【試験ポイント】摩擦・流動・乾燥は静電気発生に関係する。【ひっかけ】静電気を小さな火花と軽視しない。【選択肢ア】誤り。標識色変更ではない。【選択肢イ】誤り。静止状態だけが原因ではない。【選択肢ウ】誤り。免状交付とは関係ない。【選択肢エ】正しい。摩擦や流動は静電気発,
178,single,物性・化学,PC-050;PC-034;静電気;静電気による引火危険;標準;重点,静電気が第4類危険物で危険となる理由として、正しいものはどれか。,,,,,,必ず水に溶けるため。,危険物の指定数量を増やすため。,蒸気比重をゼロにするため。,危険物を不燃性に変えるため。,可燃性蒸気への着火源となることがあるため。,5,静電気による火花は、可燃性蒸気への着火源となることがある。第4類危険物では重要な火災予防論点である。【試験ポイント】静電気は着火源になり得る。【ひっかけ】静電気を安全なものと考えない。【選択肢ア】誤り。水溶性とは別の性質である。【選択肢イ】誤り。指定数量を増やさない。【選択肢ウ】誤り。蒸気比重をゼロにしない。【選択肢エ】誤り。不燃性に変えるものではない。【選択肢オ】正しい。静電気火花は着火源になり得る。,1:（1）「必ず水に溶けるため。」は、単独の記述としては法令上妥当な場合がありますが、本問で選ぶべき正答は（5）「可燃性蒸気への着火源となることがあるため。」です。問題文の条件（静電気が第4類危険物で危険となる理由として、正しいものはどれか。…）と照らし、設問が問う論点に合う肢を選び直してください。;2:（2）「危険物の指定数量を増やすため。」は、単独の記述としては法令上妥当な場合がありますが、本問で選ぶべき正答は（5）「可燃性蒸気への着火源となることがあるため。」です。問題文の条件（静電気が第4類危険物で危険となる理由として、正しいものはどれか。…）と照らし、設問が問う論点に合う肢を選び直してください。;3:（3）「蒸気比重をゼロにするため。」は、単独の記述としては法令上妥当な場合がありますが、本問で選ぶべき正答は（5）「可燃性蒸気への着火源となることがあるため。」です。問題文の条件（静電気が第4類危険物で危険となる理由として、正しいものはどれか。…）と照らし、設問が問う論点に合う肢を選び直してください。;4:（4）「危険物を不燃性に変えるため。」は、単独の記述としては法令上妥当な場合がありますが、本問で選ぶべき正答は（5）「可燃性蒸気への着火源となることがあるため。」です。問題文の条件（静電気が第4類危険物で危険となる理由として、正しいものはどれか。…）と照らし、設問が問う論点に合う肢を選び直してください。,静電気による火花は、可燃性蒸気への着火源となることがある。,静電気による火花は、可燃性蒸気への着火源となることがある。第4類危険物では重要な火災予防論点である。【試験ポイント】静電気は着火源になり得る。【ひっかけ】静電気を安全なものと考えない。【選択肢ア】誤り。水溶性とは別の性質である。【選択肢イ】誤り。指定数量を増やさない。【選択肢ウ】誤り。蒸気比重をゼロにしない。【選択肢エ】誤り。不燃性に変えるものではない。【選,
179,single,物性・化学,PC-051;PC-038;物質の構成;元素と化合物;基礎;網羅,化合物について、正しいものはどれか。,,,,,,2種類以上の元素が化学的に結びついた物質である。,危険物施設の標識の一種である。,1種類の元素だけからなる物質のことである。,火災時の避難設備である。,液体の比重を表す単位である。,1,化合物は、2種類以上の元素が化学的に結びついた物質である。1種類の元素だけからなるものは単体である。【試験ポイント】化合物は2種類以上の元素からなる。【ひっかけ】単体と化合物を区別する。【選択肢ア】正しい。化合物の説明である。【選択肢イ】誤り。標識ではない。【選択肢ウ】誤り。単体の説明である。【選択肢エ】誤り。避難設備ではない。【選択肢オ】誤り。比重の単位ではない。,2:（2）「危険物施設の標識の一種である。」は、単独の記述としては法令上妥当な場合がありますが、本問で選ぶべき正答は（1）「2種類以上の元素が化学的に結びついた物質である。」です。問題文の条件（化合物について、正しいものはどれか。…）と照らし、設問が問う論点に合う肢を選び直してください。;3:（3）の内容は、正答（1）「2種類以上の元素が化学的に結びついた物質である。」が示す論点とずれています。 解説の要点：化合物は、2種類以上の元素が化学的に結びついた物質である。1種類の元素だけからなるものは単体である。【試験ポイント】化合物は2種類以上の元素からなる。【ひっかけ】単体と化合物を区別する。【選択肢ア】正しい。化合物の説明である。【選択肢イ】誤り。標識ではない。【選択肢ウ】誤り。単体… 正答（1）との違いを確認し直してください。;4:（4）「火災時の避難設備である。」は、単独の記述としては法令上妥当な場合がありますが、本問で選ぶべき正答は（1）「2種類以上の元素が化学的に結びついた物質である。」です。問題文の条件（化合物について、正しいものはどれか。…）と照らし、設問が問う論点に合う肢を選び直してください。;5:（5）「液体の比重を表す単位である。」は、単独の記述としては法令上妥当な場合がありますが、本問で選ぶべき正答は（1）「2種類以上の元素が化学的に結びついた物質である。」です。問題文の条件（化合物について、正しいものはどれか。…）と照らし、設問が問う論点に合う肢を選び直してください。,化合物は、2種類以上の元素が化学的に結びついた物質である。,化合物は、2種類以上の元素が化学的に結びついた物質である。1種類の元素だけからなるものは単体である。【試験ポイント】化合物は2種類以上の元素からなる。【ひっかけ】単体と化合物を区別する。【選択肢ア】正しい。化合物の説明である。【選択肢イ】誤り。標識ではない。【選択肢ウ】誤り。単体の説明である。【選択肢エ】誤り。避難設備ではない。【選択肢オ】誤り。比重の単位で,
180,single,物性・化学,PC-052;PC-039;物質の構成;単体・化合物・混合物;基礎;網羅,混合物について、正しいものはどれか。,,,,,,危険物取扱者免状の分類である。,発火点を示す温度単位である。,複数の物質が混じり合ったものである。,1種類の元素だけからなるものだけをいう。,必ず化学反応で新しい物質になる。,3,混合物は、複数の物質が混じり合ったものである。化合物とは異なる。【試験ポイント】混合物と化合物を区別する。【ひっかけ】混合＝化学反応とは限らない。【選択肢ア】誤り。免状分類ではない。【選択肢イ】誤り。温度単位ではない。【選択肢ウ】正しい。混合物の説明である。【選択肢エ】誤り。単体の説明である。【選択肢オ】誤り。混じっただけでは必ず化学反応が起きるわけではない。,1:（1）「危険物取扱者免状の分類である。」は、単独の記述としては法令上妥当な場合がありますが、本問で選ぶべき正答は（3）「複数の物質が混じり合ったものである。」です。問題文の条件（混合物について、正しいものはどれか。…）と照らし、設問が問う論点に合う肢を選び直してください。;2:（2）「発火点を示す温度単位である。」は、単独の記述としては法令上妥当な場合がありますが、本問で選ぶべき正答は（3）「複数の物質が混じり合ったものである。」です。問題文の条件（混合物について、正しいものはどれか。…）と照らし、設問が問う論点に合う肢を選び直してください。;4:（4）の内容は、正答（3）「複数の物質が混じり合ったものである。」が示す論点とずれています。 解説の要点：混合物は、複数の物質が混じり合ったものである。化合物とは異なる。【試験ポイント】混合物と化合物を区別する。【ひっかけ】混合＝化学反応とは限らない。【選択肢ア】誤り。免状分類ではない。【選択肢イ】誤り。温度単位ではない。【選択肢ウ】正しい。混合物の説明である。【選択肢エ】誤り。単体… 正答（3）との違いを確認し直してください。;5:（5）「必ず化学反応で新しい物質になる。」は、単独の記述としては法令上妥当な場合がありますが、本問で選ぶべき正答は（3）「複数の物質が混じり合ったものである。」です。問題文の条件（混合物について、正しいものはどれか。…）と照らし、設問が問う論点に合う肢を選び直してください。,混合物は、複数の物質が混じり合ったものである。,混合物は、複数の物質が混じり合ったものである。化合物とは異なる。【試験ポイント】混合物と化合物を区別する。【ひっかけ】混合＝化学反応とは限らない。【選択肢ア】誤り。免状分類ではない。【選択肢イ】誤り。温度単位ではない。【選択肢ウ】正しい。混合物の説明である。【選択肢エ】誤り。単体の説明である。【選択肢オ】誤り。混じっただけでは必ず化学反応が起きるわけではない,
181,single,物性・化学,PC-053;PC-040;物質の構成;イオン;基礎;網羅,イオンについて、正しいものはどれか。,,,,,,液体が燃え始める温度である。,物質の色を表す値である。,消火器の薬剤名だけをいう。,危険物の指定数量そのものである。,電気を帯びた原子または原子団である。,5,イオンは、電気を帯びた原子または原子団である。酸・アルカリや電気的性質の理解に関係する。【試験ポイント】イオンは電気を帯びた粒子。【ひっかけ】イオンと分子を混同しない。【選択肢ア】誤り。引火点や発火点ではない。【選択肢イ】誤り。色を表す値ではない。【選択肢ウ】誤り。消火薬剤名ではない。【選択肢エ】誤り。指定数量ではない。【選択肢オ】正しい。イオンの説明である。,1:（1）「液体が燃え始める温度である。」は、単独の記述としては法令上妥当な場合がありますが、本問で選ぶべき正答は（5）「電気を帯びた原子または原子団である。」です。問題文の条件（イオンについて、正しいものはどれか。…）と照らし、設問が問う論点に合う肢を選び直してください。;2:（2）「物質の色を表す値である。」は、単独の記述としては法令上妥当な場合がありますが、本問で選ぶべき正答は（5）「電気を帯びた原子または原子団である。」です。問題文の条件（イオンについて、正しいものはどれか。…）と照らし、設問が問う論点に合う肢を選び直してください。;3:（3）「消火器の薬剤名だけをいう。」は、単独の記述としては法令上妥当な場合がありますが、本問で選ぶべき正答は（5）「電気を帯びた原子または原子団である。」です。問題文の条件（イオンについて、正しいものはどれか。…）と照らし、設問が問う論点に合う肢を選び直してください。;4:（4）「危険物の指定数量そのものである。」は、単独の記述としては法令上妥当な場合がありますが、本問で選ぶべき正答は（5）「電気を帯びた原子または原子団である。」です。問題文の条件（イオンについて、正しいものはどれか。…）と照らし、設問が問う論点に合う肢を選び直してください。,イオンは、電気を帯びた原子または原子団である。,イオンは、電気を帯びた原子または原子団である。酸・アルカリや電気的性質の理解に関係する。【試験ポイント】イオンは電気を帯びた粒子。【ひっかけ】イオンと分子を混同しない。【選択肢ア】誤り。引火点や発火点ではない。【選択肢イ】誤り。色を表す値ではない。【選択肢ウ】誤り。消火薬剤名ではない。【選択肢エ】誤り。指定数量ではない。【選択肢オ】正しい。イオンの説明である,
182,single,物性・化学,PC-054;PC-048;酸化・還元;燃焼と酸化;基礎;重点,燃焼について、化学的に適切な説明はどれか。,,,,,,急激な酸化反応の一種として考えられる。,危険物取扱者免状が発行される現象である。,液体が固体になる現象である。,物質が必ず水に溶ける現象である。,質量が完全に消滅する現象である。,1,燃焼は、熱や光を伴う急激な酸化反応として考えられる。【試験ポイント】燃焼は急激な酸化反応。【ひっかけ】燃焼と状態変化を混同しない。【選択肢ア】正しい。燃焼は酸化反応と関係が深い。【選択肢イ】誤り。免状発行ではない。【選択肢ウ】誤り。凝固ではない。【選択肢エ】誤り。溶解ではない。【選択肢オ】誤り。質量が完全に消滅するわけではない。,2:（2）の内容は、正答（1）「急激な酸化反応の一種として考えられる。」が示す論点とずれています。 解説の要点：燃焼は、熱や光を伴う急激な酸化反応として考えられる。【試験ポイント】燃焼は急激な酸化反応。【ひっかけ】燃焼と状態変化を混同しない。【選択肢ア】正しい。燃焼は酸化反応と関係が深い。【選択肢イ】誤り。免状発行ではない。【選択肢ウ】誤り。凝固ではない。【選択肢エ】誤り。溶解ではない。【… 正答（1）との違いを確認し直してください。;3:（3）「液体が固体になる現象である。」は、単独の記述としては法令上妥当な場合がありますが、本問で選ぶべき正答は（1）「急激な酸化反応の一種として考えられる。」です。問題文の条件（燃焼について、化学的に適切な説明はどれか。…）と照らし、設問が問う論点に合う肢を選び直してください。;4:（4）「物質が必ず水に溶ける現象である。」は、単独の記述としては法令上妥当な場合がありますが、本問で選ぶべき正答は（1）「急激な酸化反応の一種として考えられる。」です。問題文の条件（燃焼について、化学的に適切な説明はどれか。…）と照らし、設問が問う論点に合う肢を選び直してください。;5:（5）「質量が完全に消滅する現象である。」は、単独の記述としては法令上妥当な場合がありますが、本問で選ぶべき正答は（1）「急激な酸化反応の一種として考えられる。」です。問題文の条件（燃焼について、化学的に適切な説明はどれか。…）と照らし、設問が問う論点に合う肢を選び直してください。,燃焼は、熱や光を伴う急激な酸化反応として考えられる。【試験ポイント】燃焼は急激な酸化反応。【ひっかけ】燃焼と状態変化を混同しない。【選択肢ア】正しい。燃焼は酸化反応と関係が深い。【選択肢イ】誤り。免状発行ではない。【選択肢ウ】誤り。凝固ではない。【選択肢エ】誤り。溶解ではない。【選択肢オ】誤り。質量が完全に消滅するわけではない。,燃焼は、熱や光を伴う急激な酸化反応として考えられる。【試験ポイント】燃焼は急激な酸化反応。【ひっかけ】燃焼と状態変化を混同しない。【選択肢ア】正しい。燃焼は酸化反応と関係が深い。【選択肢イ】誤り。免状発行ではない。【選択肢ウ】誤り。凝固ではない。【選択肢エ】誤り。溶解ではない。【選択肢オ】誤り。質量が完全に消滅するわけではない。,
183,single,物性・化学,PC-055;PC-001;燃焼;燃焼の三要素;基礎;重点,燃焼の三要素から点火源を取り除くことによる効果として、正しいものはどれか。,,,,,,燃焼が必ず激しくなる。,酸素濃度が必ず100％になる。,燃焼の成立を防ぎやすくなる。,蒸気比重が必ずゼロになる。,可燃物が必ず増える。,3,燃焼には可燃物、酸素供給源、点火源が必要である。点火源を取り除けば、燃焼の成立を防ぎやすくなる。【試験ポイント】点火源管理は火災予防の基本。【ひっかけ】点火源と可燃物を混同しない。【選択肢ア】誤り。燃焼を激しくするものではない。【選択肢イ】誤り。酸素濃度が100％になるわけではない。【選択肢ウ】正しい。点火源を除去することは火災予防上重要である。【選択肢エ】誤り。蒸気比重とは関係ない。【選択肢オ】誤り。可燃物が増えるわけではない。,1:（1）「燃焼が必ず激しくなる。」は、単独の記述としては法令上妥当な場合がありますが、本問で選ぶべき正答は（3）「燃焼の成立を防ぎやすくなる。」です。問題文の条件（燃焼の三要素から点火源を取り除くことによる効果として、正しいものはどれか。…）と照らし、設問が問う論点に合う肢を選び直してください。;2:（2）「酸素濃度が必ず100％になる。」は、単独の記述としては法令上妥当な場合がありますが、本問で選ぶべき正答は（3）「燃焼の成立を防ぎやすくなる。」です。問題文の条件（燃焼の三要素から点火源を取り除くことによる効果として、正しいものはどれか。…）と照らし、設問が問う論点に合う肢を選び直してください。;4:（4）「蒸気比重が必ずゼロになる。」は、単独の記述としては法令上妥当な場合がありますが、本問で選ぶべき正答は（3）「燃焼の成立を防ぎやすくなる。」です。問題文の条件（燃焼の三要素から点火源を取り除くことによる効果として、正しいものはどれか。…）と照らし、設問が問う論点に合う肢を選び直してください。;5:（5）「可燃物が必ず増える。」は、単独の記述としては法令上妥当な場合がありますが、本問で選ぶべき正答は（3）「燃焼の成立を防ぎやすくなる。」です。問題文の条件（燃焼の三要素から点火源を取り除くことによる効果として、正しいものはどれか。…）と照らし、設問が問う論点に合う肢を選び直してください。,点火源を取り除けば、燃焼の成立を防ぎやすくなる。,燃焼には可燃物、酸素供給源、点火源が必要である。点火源を取り除けば、燃焼の成立を防ぎやすくなる。【試験ポイント】点火源管理は火災予防の基本。【ひっかけ】点火源と可燃物を混同しない。【選択肢ア】誤り。燃焼を激しくするものではない。【選択肢イ】誤り。酸素濃度が100％になるわけではない。【選択肢ウ】正しい。点火源を除去することは火災予防上重要である。【選択肢エ】,
184,single,物性・化学,PC-056;PC-004;燃焼;酸素濃度と燃焼;基礎;重点,燃焼と酸素濃度について、正しいものはどれか。,,,,,,酸素濃度が低いほど、必ず燃焼が激しくなる。,酸素は燃焼と一切関係がない。,酸素は第4類危険物の指定数量を表す単位である。,酸素の供給が不足すると燃焼しにくくなる。,酸素がまったくなくても、通常の燃焼は必ず続く。,4,燃焼には酸素供給源が必要であり、酸素の供給が不足すると燃焼しにくくなる。【試験ポイント】燃焼には酸素供給源が必要。【ひっかけ】酸素が少ないほど燃焼が激しい、とは考えない。【選択肢ア】誤り。酸素不足では燃焼しにくくなる。【選択肢イ】誤り。燃焼と深く関係する。【選択肢ウ】誤り。指定数量の単位ではない。【選択肢エ】正しい。酸素供給は燃焼に必要である。【選択肢オ】誤り。通常の燃焼には酸素が必要である。,1:（1）の内容は、正答（4）「酸素の供給が不足すると燃焼しにくくなる。」が示す論点とずれています。 解説の要点：燃焼には酸素供給源が必要であり、酸素の供給が不足すると燃焼しにくくなる。【試験ポイント】燃焼には酸素供給源が必要。【ひっかけ】酸素が少ないほど燃焼が激しい、とは考えない。【選択肢ア】誤り。酸素不足では燃焼しにくくなる。【選択肢イ】誤り。燃焼と深く関係する。【選択肢ウ】誤り。指定数… 正答（4）との違いを確認し直してください。;2:（2）「酸素は燃焼と一切関係がない。」は、単独の記述としては法令上妥当な場合がありますが、本問で選ぶべき正答は（4）「酸素の供給が不足すると燃焼しにくくなる。」です。問題文の条件（燃焼と酸素濃度について、正しいものはどれか。…）と照らし、設問が問う論点に合う肢を選び直してください。;3:（3）の内容は、正答（4）「酸素の供給が不足すると燃焼しにくくなる。」が示す論点とずれています。 解説の要点：燃焼には酸素供給源が必要であり、酸素の供給が不足すると燃焼しにくくなる。【試験ポイント】燃焼には酸素供給源が必要。【ひっかけ】酸素が少ないほど燃焼が激しい、とは考えない。【選択肢ア】誤り。酸素不足では燃焼しにくくなる。【選択肢イ】誤り。燃焼と深く関係する。【選択肢ウ】誤り。指定数… 正答（4）との違いを確認し直してください。;5:（5）の内容は、正答（4）「酸素の供給が不足すると燃焼しにくくなる。」が示す論点とずれています。 解説の要点：燃焼には酸素供給源が必要であり、酸素の供給が不足すると燃焼しにくくなる。【試験ポイント】燃焼には酸素供給源が必要。【ひっかけ】酸素が少ないほど燃焼が激しい、とは考えない。【選択肢ア】誤り。酸素不足では燃焼しにくくなる。【選択肢イ】誤り。燃焼と深く関係する。【選択肢ウ】誤り。指定数… 正答（4）との違いを確認し直してください。,燃焼には酸素供給源が必要であり、酸素の供給が不足すると燃焼しにくくなる。,燃焼には酸素供給源が必要であり、酸素の供給が不足すると燃焼しにくくなる。【試験ポイント】燃焼には酸素供給源が必要。【ひっかけ】酸素が少ないほど燃焼が激しい、とは考えない。【選択肢ア】誤り。酸素不足では燃焼しにくくなる。【選択肢イ】誤り。燃焼と深く関係する。【選択肢ウ】誤り。指定数量の単位ではない。【選択肢エ】正しい。酸素供給は燃焼に必要である。【選択肢オ】誤,
185,single,物性・化学,PC-057;PC-015;消火;水による消火の特徴;標準;重点,水による消火の主な効果として、正しいものはどれか。,,,,,,危険物を必ず引火しやすくする効果,可燃性蒸気を必ず増やす効果,冷却効果,酸素を必ず発生させる効果,指定数量を自動で減らす効果,3,水による消火では、燃焼物の温度を下げる冷却効果が重要である。ただし、第4類危険物では水による消火が適さない場合がある。【試験ポイント】水の主な消火効果は冷却。【ひっかけ】第4類火災では水が常に適切とは限らない。【選択肢ア】誤り。引火しやすくするためではない。【選択肢イ】誤り。可燃性蒸気を増やすことが目的ではない。【選択肢ウ】正しい。水は冷却効果をもつ。【選択肢エ】誤り。酸素を必ず発生させるわけではない。【選択肢オ】誤り。指定数量を変えるものではない。,1:（1）「危険物を必ず引火しやすくする効果」は、単独の記述としては法令上妥当な場合がありますが、本問で選ぶべき正答は（3）「冷却効果」です。問題文の条件（水による消火の主な効果として、正しいものはどれか。…）と照らし、設問が問う論点に合う肢を選び直してください。;2:（2）「可燃性蒸気を必ず増やす効果」は、単独の記述としては法令上妥当な場合がありますが、本問で選ぶべき正答は（3）「冷却効果」です。問題文の条件（水による消火の主な効果として、正しいものはどれか。…）と照らし、設問が問う論点に合う肢を選び直してください。;4:（4）「酸素を必ず発生させる効果」は、単独の記述としては法令上妥当な場合がありますが、本問で選ぶべき正答は（3）「冷却効果」です。問題文の条件（水による消火の主な効果として、正しいものはどれか。…）と照らし、設問が問う論点に合う肢を選び直してください。;5:（5）「指定数量を自動で減らす効果」は、単独の記述としては法令上妥当な場合がありますが、本問で選ぶべき正答は（3）「冷却効果」です。問題文の条件（水による消火の主な効果として、正しいものはどれか。…）と照らし、設問が問う論点に合う肢を選び直してください。,水による消火では、燃焼物の温度を下げる冷却効果が重要である。ただし、第4類危険物では水による消火が適さない場合がある。【試験ポイント】水の主な消火効果は冷却。【ひっかけ】第4類火災では水が常に適切とは限らない。【選択肢ア】誤り。引火しやすくするためではない。【選択肢イ】誤り。可燃性蒸気を増やすことが目的ではない。【選択肢ウ】正しい。水は冷却効果をもつ。【選択肢エ】誤り。酸素を必ず発生させるわけではない。【選択肢オ】誤り。指定数量を変えるものではない。,水による消火では、燃焼物の温度を下げる冷却効果が重要である。ただし、第4類危険物では水による消火が適さない場合がある。【試験ポイント】水の主な消火効果は冷却。【ひっかけ】第4類火災では水が常に適切とは限らない。【選択肢ア】誤り。引火しやすくするためではない。【選択肢イ】誤り。可燃性蒸気を増やすことが目的ではない。【選択肢ウ】正しい。水は冷却効果をもつ。【選択,
186,single,火災・消火・漏えい,PF-044;PF-017;第一石油類;第一石油類の性質;基礎;重点,第一石油類の代表例として、適切なものはどれか。,,,,,,ガソリン,軽油,重油,灯油,大豆油,1,ガソリンは第一石油類の代表例である。灯油・軽油は第二石油類、重油は第三石油類、大豆油は動植物油類である。【試験ポイント】ガソリンは第一石油類。【ひっかけ】石油類の番号を混同しない。【選択肢ア】正しい。ガソリンは第一石油類である。【選択肢イ】誤り。軽油は第二石油類である。【選択肢ウ】誤り。重油は第三石油類である。【選択肢エ】誤り。灯油は第二石油類である。【選択肢オ】誤り。大豆油は動植物油類である。,2:（2）「軽油」は、単独の記述としては法令上妥当な場合がありますが、本問で選ぶべき正答は（1）「ガソリン」です。問題文の条件（第一石油類の代表例として、適切なものはどれか。…）と照らし、設問が問う論点に合う肢を選び直してください。;3:（3）「重油」は、単独の記述としては法令上妥当な場合がありますが、本問で選ぶべき正答は（1）「ガソリン」です。問題文の条件（第一石油類の代表例として、適切なものはどれか。…）と照らし、設問が問う論点に合う肢を選び直してください。;4:（4）「灯油」は、単独の記述としては法令上妥当な場合がありますが、本問で選ぶべき正答は（1）「ガソリン」です。問題文の条件（第一石油類の代表例として、適切なものはどれか。…）と照らし、設問が問う論点に合う肢を選び直してください。;5:（5）「大豆油」は、単独の記述としては法令上妥当な場合がありますが、本問で選ぶべき正答は（1）「ガソリン」です。問題文の条件（第一石油類の代表例として、適切なものはどれか。…）と照らし、設問が問う論点に合う肢を選び直してください。,ガソリンは第一石油類の代表例である。灯油・軽油は第二石油類、重油は第三石油類、大豆油は動植物油類である。【試験ポイント】ガソリンは第一石油類。【ひっかけ】石油類の番号を混同しない。【選択肢ア】正しい。ガソリンは第一石油類である。【選択肢イ】誤り。軽油は第二石油類である。【選択肢ウ】誤り。重油は第三石油類である。【選択肢エ】誤り。灯油は第二石油類である。【選択肢オ】誤り。大豆油は動植物油類である。,ガソリンは第一石油類の代表例である。灯油・軽油は第二石油類、重油は第三石油類、大豆油は動植物油類である。【試験ポイント】ガソリンは第一石油類。【ひっかけ】石油類の番号を混同しない。【選択肢ア】正しい。ガソリンは第一石油類である。【選択肢イ】誤り。軽油は第二石油類である。【選択肢ウ】誤り。重油は第三石油類である。【選択肢エ】誤り。灯油は第二石油類である。【選択,
187,single,火災・消火・漏えい,PF-045;PF-026;第二石油類;第二石油類の性質;基礎;重点,第二石油類の代表例の組合せとして、正しいものはどれか。,,,,,,ジエチルエーテル・二硫化炭素,重油・グリセリン,灯油・軽油,ガソリン・ベンゼン,メタノール・エタノール,3,灯油と軽油は第二石油類の代表例である。【試験ポイント】灯油・軽油は第二石油類。【ひっかけ】第一石油類・第二石油類を混同しない。【選択肢ア】誤り。特殊引火物である。【選択肢イ】誤り。重油・グリセリンは第三石油類である。【選択肢ウ】正しい。灯油・軽油は第二石油類である。【選択肢エ】誤り。ガソリン・ベンゼンは第一石油類である。【選択肢オ】誤り。アルコール類である。,1:（1）「ジエチルエーテル・二硫化炭素」は、単独の記述としては法令上妥当な場合がありますが、本問で選ぶべき正答は（3）「灯油・軽油」です。問題文の条件（第二石油類の代表例の組合せとして、正しいものはどれか。…）と照らし、設問が問う論点に合う肢を選び直してください。;2:（2）「重油・グリセリン」は、単独の記述としては法令上妥当な場合がありますが、本問で選ぶべき正答は（3）「灯油・軽油」です。問題文の条件（第二石油類の代表例の組合せとして、正しいものはどれか。…）と照らし、設問が問う論点に合う肢を選び直してください。;4:（4）「ガソリン・ベンゼン」は、単独の記述としては法令上妥当な場合がありますが、本問で選ぶべき正答は（3）「灯油・軽油」です。問題文の条件（第二石油類の代表例の組合せとして、正しいものはどれか。…）と照らし、設問が問う論点に合う肢を選び直してください。;5:（5）「メタノール・エタノール」は、単独の記述としては法令上妥当な場合がありますが、本問で選ぶべき正答は（3）「灯油・軽油」です。問題文の条件（第二石油類の代表例の組合せとして、正しいものはどれか。…）と照らし、設問が問う論点に合う肢を選び直してください。,灯油と軽油は第二石油類の代表例である。【試験ポイント】灯油・軽油は第二石油類。【ひっかけ】第一石油類・第二石油類を混同しない。【選択肢ア】誤り。特殊引火物である。【選択肢イ】誤り。重油・グリセリンは第三石油類である。【選択肢ウ】正しい。灯油・軽油は第二石油類である。【選択肢エ】誤り。ガソリン・ベンゼンは第一石油類である。【選択肢オ】誤り。アルコール類である。,灯油と軽油は第二石油類の代表例である。【試験ポイント】灯油・軽油は第二石油類。【ひっかけ】第一石油類・第二石油類を混同しない。【選択肢ア】誤り。特殊引火物である。【選択肢イ】誤り。重油・グリセリンは第三石油類である。【選択肢ウ】正しい。灯油・軽油は第二石油類である。【選択肢エ】誤り。ガソリン・ベンゼンは第一石油類である。【選択肢オ】誤り。アルコール類である。,
188,single,火災・消火・漏えい,PF-046;PF-030;第三石油類;第三石油類の性質;基礎;網羅,第三石油類の代表例として、適切なものはどれか。,,,,,,灯油,ガソリン,重油,メタノール,ジエチルエーテル,3,重油は第三石油類の代表例である。【試験ポイント】重油は第三石油類。【ひっかけ】灯油・軽油・重油を区別する。【選択肢ア】誤り。灯油は第二石油類である。【選択肢イ】誤り。ガソリンは第一石油類である。【選択肢ウ】正しい。重油は第三石油類である。【選択肢エ】誤り。メタノールはアルコール類である。【選択肢オ】誤り。ジエチルエーテルは特殊引火物である。,1:（1）「灯油」は、単独の記述としては法令上妥当な場合がありますが、本問で選ぶべき正答は（3）「重油」です。問題文の条件（第三石油類の代表例として、適切なものはどれか。…）と照らし、設問が問う論点に合う肢を選び直してください。;2:（2）「ガソリン」は、単独の記述としては法令上妥当な場合がありますが、本問で選ぶべき正答は（3）「重油」です。問題文の条件（第三石油類の代表例として、適切なものはどれか。…）と照らし、設問が問う論点に合う肢を選び直してください。;4:（4）「メタノール」は、単独の記述としては法令上妥当な場合がありますが、本問で選ぶべき正答は（3）「重油」です。問題文の条件（第三石油類の代表例として、適切なものはどれか。…）と照らし、設問が問う論点に合う肢を選び直してください。;5:（5）「ジエチルエーテル」は、単独の記述としては法令上妥当な場合がありますが、本問で選ぶべき正答は（3）「重油」です。問題文の条件（第三石油類の代表例として、適切なものはどれか。…）と照らし、設問が問う論点に合う肢を選び直してください。,重油は第三石油類の代表例である。【試験ポイント】重油は第三石油類。【ひっかけ】灯油・軽油・重油を区別する。【選択肢ア】誤り。灯油は第二石油類である。【選択肢イ】誤り。ガソリンは第一石油類である。【選択肢ウ】正しい。重油は第三石油類である。【選択肢エ】誤り。メタノールはアルコール類である。【選択肢オ】誤り。ジエチルエーテルは特殊引火物である。,重油は第三石油類の代表例である。【試験ポイント】重油は第三石油類。【ひっかけ】灯油・軽油・重油を区別する。【選択肢ア】誤り。灯油は第二石油類である。【選択肢イ】誤り。ガソリンは第一石油類である。【選択肢ウ】正しい。重油は第三石油類である。【選択肢エ】誤り。メタノールはアルコール類である。【選択肢オ】誤り。ジエチルエーテルは特殊引火物である。,
189,single,火災・消火・漏えい,PF-047;PF-033;第四石油類;第四石油類・潤滑油類;基礎;網羅,第四石油類に該当するものとして、適切なものはどれか。,,,,,,エタノール,ガソリン,アセトン,二硫化炭素,潤滑油,5,潤滑油は第四石油類の代表例である。【試験ポイント】第四石油類は潤滑油を押さえる。【ひっかけ】潤滑油を第三石油類と混同しない。【選択肢ア】誤り。エタノールはアルコール類である。【選択肢イ】誤り。ガソリンは第一石油類である。【選択肢ウ】誤り。アセトンは第一石油類である。【選択肢エ】誤り。二硫化炭素は特殊引火物である。【選択肢オ】正しい。潤滑油は第四石油類である。,1:（1）「エタノール」は、単独の記述としては法令上妥当な場合がありますが、本問で選ぶべき正答は（5）「潤滑油」です。問題文の条件（第四石油類に該当するものとして、適切なものはどれか。…）と照らし、設問が問う論点に合う肢を選び直してください。;2:（2）「ガソリン」は、単独の記述としては法令上妥当な場合がありますが、本問で選ぶべき正答は（5）「潤滑油」です。問題文の条件（第四石油類に該当するものとして、適切なものはどれか。…）と照らし、設問が問う論点に合う肢を選び直してください。;3:（3）「アセトン」は、単独の記述としては法令上妥当な場合がありますが、本問で選ぶべき正答は（5）「潤滑油」です。問題文の条件（第四石油類に該当するものとして、適切なものはどれか。…）と照らし、設問が問う論点に合う肢を選び直してください。;4:（4）「二硫化炭素」は、単独の記述としては法令上妥当な場合がありますが、本問で選ぶべき正答は（5）「潤滑油」です。問題文の条件（第四石油類に該当するものとして、適切なものはどれか。…）と照らし、設問が問う論点に合う肢を選び直してください。,潤滑油は第四石油類の代表例である。【試験ポイント】第四石油類は潤滑油を押さえる。【ひっかけ】潤滑油を第三石油類と混同しない。【選択肢ア】誤り。エタノールはアルコール類である。【選択肢イ】誤り。ガソリンは第一石油類である。【選択肢ウ】誤り。アセトンは第一石油類である。【選択肢エ】誤り。二硫化炭素は特殊引火物である。【選択肢オ】正しい。潤滑油は第四石油類である。,潤滑油は第四石油類の代表例である。【試験ポイント】第四石油類は潤滑油を押さえる。【ひっかけ】潤滑油を第三石油類と混同しない。【選択肢ア】誤り。エタノールはアルコール類である。【選択肢イ】誤り。ガソリンは第一石油類である。【選択肢ウ】誤り。アセトンは第一石油類である。【選択肢エ】誤り。二硫化炭素は特殊引火物である。【選択肢オ】正しい。潤滑油は第四石油類である。,
190,single,火災・消火・漏えい,PF-048;PF-034;動植物油類;動植物油類の性質;基礎;網羅,動植物油類として、適切なものはどれか。,,,,,,菜種油,軽油,アセトン,ガソリン,灯油,1,菜種油などの植物油は動植物油類に該当する。【試験ポイント】菜種油などは動植物油類。【ひっかけ】食用油でも危険物として扱われる場合がある。【選択肢ア】正しい。菜種油は動植物油類である。【選択肢イ】誤り。軽油は第二石油類である。【選択肢ウ】誤り。アセトンは第一石油類である。【選択肢エ】誤り。ガソリンは第一石油類である。【選択肢オ】誤り。灯油は第二石油類である。,2:（2）「軽油」は、単独の記述としては法令上妥当な場合がありますが、本問で選ぶべき正答は（1）「菜種油」です。問題文の条件（動植物油類として、適切なものはどれか。…）と照らし、設問が問う論点に合う肢を選び直してください。;3:（3）「アセトン」は、単独の記述としては法令上妥当な場合がありますが、本問で選ぶべき正答は（1）「菜種油」です。問題文の条件（動植物油類として、適切なものはどれか。…）と照らし、設問が問う論点に合う肢を選び直してください。;4:（4）「ガソリン」は、単独の記述としては法令上妥当な場合がありますが、本問で選ぶべき正答は（1）「菜種油」です。問題文の条件（動植物油類として、適切なものはどれか。…）と照らし、設問が問う論点に合う肢を選び直してください。;5:（5）「灯油」は、単独の記述としては法令上妥当な場合がありますが、本問で選ぶべき正答は（1）「菜種油」です。問題文の条件（動植物油類として、適切なものはどれか。…）と照らし、設問が問う論点に合う肢を選び直してください。,菜種油などの植物油は動植物油類に該当する。【試験ポイント】菜種油などは動植物油類。【ひっかけ】食用油でも危険物として扱われる場合がある。【選択肢ア】正しい。菜種油は動植物油類である。【選択肢イ】誤り。軽油は第二石油類である。【選択肢ウ】誤り。アセトンは第一石油類である。【選択肢エ】誤り。ガソリンは第一石油類である。【選択肢オ】誤り。灯油は第二石油類である。,菜種油などの植物油は動植物油類に該当する。【試験ポイント】菜種油などは動植物油類。【ひっかけ】食用油でも危険物として扱われる場合がある。【選択肢ア】正しい。菜種油は動植物油類である。【選択肢イ】誤り。軽油は第二石油類である。【選択肢ウ】誤り。アセトンは第一石油類である。【選択肢エ】誤り。ガソリンは第一石油類である。【選択肢オ】誤り。灯油は第二石油類である。,
191,single,火災・消火・漏えい,PF-049;PF-035;動植物油類;乾性油・自然発火;標準;網羅,乾性油を含んだ布の管理として、適切なものはどれか。,,,,,,水に溶けるため、火災危険は一切ない。,可燃物ではないため大量に積み重ねても問題ない。,酸素を放出する第6類危険物として扱う。,蓄熱による自然発火に注意して管理する。,必ず火気の近くで乾燥させる。,4,乾性油を含んだ布などは、酸化熱が蓄積して自然発火する危険があるため、管理に注意が必要である。【試験ポイント】油を含んだ布の自然発火に注意。【ひっかけ】動植物油類を安全な食用品とだけ考えない。【選択肢ア】誤り。火災危険が一切ないわけではない。【選択肢イ】誤り。大量に積み重ねると蓄熱のおそれがある。【選択肢ウ】誤り。第6類ではない。【選択肢エ】正しい。蓄熱による自然発火に注意する。【選択肢オ】誤り。火気の近くは危険である。,1:解説では「乾性油を含んだ布などは、酸化熱が蓄積して自然発火する危険があるため、管理に注意が必要である。」とある一方、（1）の記述はそれと矛盾します。 解説の要点：乾性油を含んだ布などは、酸化熱が蓄積して自然発火する危険があるため、管理に注意が必要である。【試験ポイント】油を含んだ布の自然発火に注意。【ひっかけ】動植物油類を安全な食用品とだけ考えない。【選択肢ア】誤り。火災危険が一切ないわけではない。【選択肢イ】誤り。大量に積み重ねると蓄熱… 正答（4）との違いを確認し直してください。;2:解説では「乾性油を含んだ布などは、酸化熱が蓄積して自然発火する危険があるため、管理に注意が必要である。」とある一方、（2）の記述はそれと矛盾します。 解説の要点：乾性油を含んだ布などは、酸化熱が蓄積して自然発火する危険があるため、管理に注意が必要である。【試験ポイント】油を含んだ布の自然発火に注意。【ひっかけ】動植物油類を安全な食用品とだけ考えない。【選択肢ア】誤り。火災危険が一切ないわけではない。【選択肢イ】誤り。大量に積み重ねると蓄熱… 正答（4）との違いを確認し直してください。;3:（3）の内容は、正答（4）「蓄熱による自然発火に注意して管理する。」が示す論点とずれています。 解説の要点：乾性油を含んだ布などは、酸化熱が蓄積して自然発火する危険があるため、管理に注意が必要である。【試験ポイント】油を含んだ布の自然発火に注意。【ひっかけ】動植物油類を安全な食用品とだけ考えない。【選択肢ア】誤り。火災危険が一切ないわけではない。【選択肢イ】誤り。大量に積み重ねると蓄熱… 正答（4）との違いを確認し直してください。;5:（5）「必ず火気の近くで乾燥させる。」は、単独の記述としては法令上妥当な場合がありますが、本問で選ぶべき正答は（4）「蓄熱による自然発火に注意して管理する。」です。問題文の条件（乾性油を含んだ布の管理として、適切なものはどれか。…）と照らし、設問が問う論点に合う肢を選び直してください。,乾性油を含んだ布などは、酸化熱が蓄積して自然発火する危険があるため、管理に注意が必要である。【試験ポイント】油を含んだ布の自然発火に注意。【ひっかけ】動植物油類を安全な食用品とだけ考えない。【選択肢ア】誤り。火災危険が一切ないわけではない。【選択肢イ】誤り。大量に積み重ねると蓄熱のおそれがある。【選択肢ウ】誤り。第6類ではない。【選択肢エ】正しい。蓄熱による自然発火に注意する。【選択肢オ】誤り。火気の近くは危険である。,乾性油を含んだ布などは、酸化熱が蓄積して自然発火する危険があるため、管理に注意が必要である。【試験ポイント】油を含んだ布の自然発火に注意。【ひっかけ】動植物油類を安全な食用品とだけ考えない。【選択肢ア】誤り。火災危険が一切ないわけではない。【選択肢イ】誤り。大量に積み重ねると蓄熱のおそれがある。【選択肢ウ】誤り。第6類ではない。【選択肢エ】正しい。蓄熱による,
192,single,火災・消火・漏えい,PF-050;PF-007;火災予防;静電気による引火危険;標準;重点,第4類危険物の取扱いで静電気を防ぐ方法として、適切なものはどれか。,,,,,,絶縁状態を保ち、電荷を逃がさない。,容器や配管を接地する。,液体を激しく流動させる。,可燃性蒸気の中で火花を発生させる。,乾燥状態で高速に移し替える。,2,静電気による火花は可燃性蒸気の着火源となるため、接地などにより電荷を逃がすことが重要である。【試験ポイント】静電気対策は接地が基本。【ひっかけ】流動・摩擦・乾燥は帯電要因。【選択肢ア】誤り。電荷を逃がすことが重要である。【選択肢イ】正しい。接地は静電気対策である。【選択肢ウ】誤り。激しい流動は帯電を助長することがある。【選択肢エ】誤り。火花は着火源である。【選択肢オ】誤り。乾燥・高速流動は危険を高める。,1:解説では「静電気による火花は可燃性蒸気の着火源となるため、接地などにより電荷を逃がすことが重要である。」とある一方、（1）の記述はそれと矛盾します。 解説の要点：静電気による火花は可燃性蒸気の着火源となるため、接地などにより電荷を逃がすことが重要である。【試験ポイント】静電気対策は接地が基本。【ひっかけ】流動・摩擦・乾燥は帯電要因。【選択肢ア】誤り。電荷を逃がすことが重要である。【選択肢イ】正しい。接地は静電気対策である。【選択肢ウ】誤り… 正答（2）との違いを確認し直してください。;3:（3）「液体を激しく流動させる。」は、単独の記述としては法令上妥当な場合がありますが、本問で選ぶべき正答は（2）「容器や配管を接地する。」です。問題文の条件（第4類危険物の取扱いで静電気を防ぐ方法として、適切なものはどれか。…）と照らし、設問が問う論点に合う肢を選び直してください。;4:（4）の内容は、正答（2）「容器や配管を接地する。」が示す論点とずれています。 解説の要点：静電気による火花は可燃性蒸気の着火源となるため、接地などにより電荷を逃がすことが重要である。【試験ポイント】静電気対策は接地が基本。【ひっかけ】流動・摩擦・乾燥は帯電要因。【選択肢ア】誤り。電荷を逃がすことが重要である。【選択肢イ】正しい。接地は静電気対策である。【選択肢ウ】誤り… 正答（2）との違いを確認し直してください。;5:（5）「乾燥状態で高速に移し替える。」は、単独の記述としては法令上妥当な場合がありますが、本問で選ぶべき正答は（2）「容器や配管を接地する。」です。問題文の条件（第4類危険物の取扱いで静電気を防ぐ方法として、適切なものはどれか。…）と照らし、設問が問う論点に合う肢を選び直してください。,静電気による火花は可燃性蒸気の着火源となるため、接地などにより電荷を逃がすことが重要である。【試験ポイント】静電気対策は接地が基本。【ひっかけ】流動・摩擦・乾燥は帯電要因。【選択肢ア】誤り。電荷を逃がすことが重要である。【選択肢イ】正しい。接地は静電気対策である。【選択肢ウ】誤り。激しい流動は帯電を助長することがある。【選択肢エ】誤り。火花は着火源である。【選択肢オ】誤り。乾燥・高速流動は危険を高める。,静電気による火花は可燃性蒸気の着火源となるため、接地などにより電荷を逃がすことが重要である。【試験ポイント】静電気対策は接地が基本。【ひっかけ】流動・摩擦・乾燥は帯電要因。【選択肢ア】誤り。電荷を逃がすことが重要である。【選択肢イ】正しい。接地は静電気対策である。【選択肢ウ】誤り。激しい流動は帯電を助長することがある。【選択肢エ】誤り。火花は着火源である。【,
193,single,火災・消火・漏えい,PF-051;PF-009;火災予防;漏えい・流出時の危険;標準;網羅,第4類危険物が漏えいした場合の対応として、適切なものはどれか。,,,,,,火気を避け、拡散や流出を防ぎ、適切に回収する。,可燃性蒸気をためるため換気を止める。,裸火で蒸気の濃度を確認する。,排水溝へ流して処理する。,漏えい箇所の周囲で喫煙する。,1,第4類危険物が漏えいした場合は、火気を避け、流出拡大を防ぎ、換気や回収など適切な措置を行う必要がある。【試験ポイント】漏えい時は火気厳禁・流出防止・回収。【ひっかけ】下水へ流さない。【選択肢ア】正しい。漏えい時の適切な対応である。【選択肢イ】誤り。可燃性蒸気をためてはならない。【選択肢ウ】誤り。裸火は危険である。【選択肢エ】誤り。排水溝へ流すのは危険である。【選択肢オ】誤り。喫煙は火気であり危険である。,2:（2）の内容は、正答（1）「火気を避け、拡散や流出を防ぎ、適切に回収する。」が示す論点とずれています。 解説の要点：第4類危険物が漏えいした場合は、火気を避け、流出拡大を防ぎ、換気や回収など適切な措置を行う必要がある。【試験ポイント】漏えい時は火気厳禁・流出防止・回収。【ひっかけ】下水へ流さない。【選択肢ア】正しい。漏えい時の適切な対応である。【選択肢イ】誤り。可燃性蒸気をためてはならない。【… 正答（1）との違いを確認し直してください。;3:（3）「裸火で蒸気の濃度を確認する。」は、単独の記述としては法令上妥当な場合がありますが、本問で選ぶべき正答は（1）「火気を避け、拡散や流出を防ぎ、適切に回収する。」です。問題文の条件（第4類危険物が漏えいした場合の対応として、適切なものはどれか。…）と照らし、設問が問う論点に合う肢を選び直してください。;4:（4）「排水溝へ流して処理する。」は、単独の記述としては法令上妥当な場合がありますが、本問で選ぶべき正答は（1）「火気を避け、拡散や流出を防ぎ、適切に回収する。」です。問題文の条件（第4類危険物が漏えいした場合の対応として、適切なものはどれか。…）と照らし、設問が問う論点に合う肢を選び直してください。;5:（5）「漏えい箇所の周囲で喫煙する。」は、単独の記述としては法令上妥当な場合がありますが、本問で選ぶべき正答は（1）「火気を避け、拡散や流出を防ぎ、適切に回収する。」です。問題文の条件（第4類危険物が漏えいした場合の対応として、適切なものはどれか。…）と照らし、設問が問う論点に合う肢を選び直してください。,第4類危険物が漏えいした場合は、火気を避け、流出拡大を防ぎ、換気や回収など適切な措置を行う必要がある。【試験ポイント】漏えい時は火気厳禁・流出防止・回収。【ひっかけ】下水へ流さない。【選択肢ア】正しい。漏えい時の適切な対応である。【選択肢イ】誤り。可燃性蒸気をためてはならない。【選択肢ウ】誤り。裸火は危険である。【選択肢エ】誤り。排水溝へ流すのは危険である。【選択肢オ】誤り。喫煙は火気であり危険である。,第4類危険物が漏えいした場合は、火気を避け、流出拡大を防ぎ、換気や回収など適切な措置を行う必要がある。【試験ポイント】漏えい時は火気厳禁・流出防止・回収。【ひっかけ】下水へ流さない。【選択肢ア】正しい。漏えい時の適切な対応である。【選択肢イ】誤り。可燃性蒸気をためてはならない。【選択肢ウ】誤り。裸火は危険である。【選択肢エ】誤り。排水溝へ流すのは危険である。,
194,single,火災・消火・漏えい,PF-052;PF-011;消火方法;水による消火が不適切な場合;標準;重点,非水溶性で水より軽い第4類危険物の火災で、水を棒状に放射することが不適切となる理由として、適切なものはどれか。,,,,,,水によって指定数量がゼロになるため。,水が必ず酸素を吸収し、燃焼を止めるため。,危険物が必ず固体になるため。,水をかけると必ず不燃性になるため。,燃えている液体を広げ、火災を拡大するおそれがあるため。,5,非水溶性で水より軽い第4類危険物に棒状注水すると、液体を広げて火災を拡大するおそれがある。【試験ポイント】非水溶性液体火災では注水方法に注意。【ひっかけ】水をかければ常に安全、ではない。【選択肢ア】誤り。指定数量は変わらない。【選択肢イ】誤り。必ず燃焼を止めるとは限らない。【選択肢ウ】誤り。必ず固体になるわけではない。【選択肢エ】誤り。不燃性になるわけではない。【選択肢オ】正しい。火災拡大のおそれがある。,1:（1）「水によって指定数量がゼロになるため。」は、設問の趣旨では適切な記述・対応に当たることが多いです。本問は「最も不適切なもの」を選ぶ形式のため、正答は（5）「燃えている液体を広げ、火災を拡大するおそれがあるため。」です。解説のポイント：非水溶性で水より軽い第4類危険物に棒状注水すると、液体を広げて火災を拡大するおそれがある。【試験ポイント】非水溶性液体火災では注水方法に注意。【ひっかけ】水をかければ常に安全、ではない。【選択肢ア】誤り。指定数量は変わらない。【選択肢イ】誤…;2:（2）「水が必ず酸素を吸収し、燃焼を止めるため。」は、設問の趣旨では適切な記述・対応に当たることが多いです。本問は「最も不適切なもの」を選ぶ形式のため、正答は（5）「燃えている液体を広げ、火災を拡大するおそれがあるため。」です。解説のポイント：非水溶性で水より軽い第4類危険物に棒状注水すると、液体を広げて火災を拡大するおそれがある。【試験ポイント】非水溶性液体火災では注水方法に注意。【ひっかけ】水をかければ常に安全、ではない。【選択肢ア】誤り。指定数量は変わらない。【選択肢イ】誤…;3:（3）「危険物が必ず固体になるため。」は、単独の記述としては法令上妥当な場合がありますが、本問で選ぶべき正答は（5）「燃えている液体を広げ、火災を拡大するおそれがあるため。」です。問題文の条件（非水溶性で水より軽い第4類危険物の火災で、水を棒状に放射することが不適切となる理由として、適切な…）と照らし、設問が問う論点に合う肢を選び直してください。;4:（4）「水をかけると必ず不燃性になるため。」は、設問の趣旨では適切な記述・対応に当たることが多いです。本問は「最も不適切なもの」を選ぶ形式のため、正答は（5）「燃えている液体を広げ、火災を拡大するおそれがあるため。」です。解説のポイント：非水溶性で水より軽い第4類危険物に棒状注水すると、液体を広げて火災を拡大するおそれがある。【試験ポイント】非水溶性液体火災では注水方法に注意。【ひっかけ】水をかければ常に安全、ではない。【選択肢ア】誤り。指定数量は変わらない。【選択肢イ】誤…,非水溶性で水より軽い第4類危険物に棒状注水すると、液体を広げて火災を拡大するおそれがある。【試験ポイント】非水溶性液体火災では注水方法に注意。【ひっかけ】水をかければ常に安全、ではない。【選択肢ア】誤り。指定数量は変わらない。【選択肢イ】誤り。必ず燃焼を止めるとは限らない。【選択肢ウ】誤り。必ず固体になるわけではない。【選択肢エ】誤り。不燃性になるわけではない。【選択肢オ】正しい。火災拡大のおそれがある。,非水溶性で水より軽い第4類危険物に棒状注水すると、液体を広げて火災を拡大するおそれがある。【試験ポイント】非水溶性液体火災では注水方法に注意。【ひっかけ】水をかければ常に安全、ではない。【選択肢ア】誤り。指定数量は変わらない。【選択肢イ】誤り。必ず燃焼を止めるとは限らない。【選択肢ウ】誤り。必ず固体になるわけではない。【選択肢エ】誤り。不燃性になるわけではな,
195,single,火災・消火・漏えい,PF-053;PF-012;消火方法;泡・二酸化炭素・粉末消火剤の適用;基礎;重点,二酸化炭素消火剤の主な消火効果として、正しいものはどれか。,,,,,,危険物を必ず水溶性にする効果,火花を発生させる効果,酸素濃度を下げる窒息効果,指定数量を減らす効果,可燃物を増やす効果,3,二酸化炭素消火剤は、酸素濃度を下げる窒息効果により消火する。【試験ポイント】二酸化炭素は窒息効果。【ひっかけ】冷却効果だけで説明しない。【選択肢ア】誤り。水溶性にするものではない。【選択肢イ】誤り。火花を発生させるためではない。【選択肢ウ】正しい。窒息効果が主である。【選択肢エ】誤り。指定数量を変えるものではない。【選択肢オ】誤り。可燃物を増やさない。,1:（1）「危険物を必ず水溶性にする効果」は、単独の記述としては法令上妥当な場合がありますが、本問で選ぶべき正答は（3）「酸素濃度を下げる窒息効果」です。問題文の条件（二酸化炭素消火剤の主な消火効果として、正しいものはどれか。…）と照らし、設問が問う論点に合う肢を選び直してください。;2:（2）「火花を発生させる効果」は、単独の記述としては法令上妥当な場合がありますが、本問で選ぶべき正答は（3）「酸素濃度を下げる窒息効果」です。問題文の条件（二酸化炭素消火剤の主な消火効果として、正しいものはどれか。…）と照らし、設問が問う論点に合う肢を選び直してください。;4:（4）「指定数量を減らす効果」は、単独の記述としては法令上妥当な場合がありますが、本問で選ぶべき正答は（3）「酸素濃度を下げる窒息効果」です。問題文の条件（二酸化炭素消火剤の主な消火効果として、正しいものはどれか。…）と照らし、設問が問う論点に合う肢を選び直してください。;5:（5）「可燃物を増やす効果」は、単独の記述としては法令上妥当な場合がありますが、本問で選ぶべき正答は（3）「酸素濃度を下げる窒息効果」です。問題文の条件（二酸化炭素消火剤の主な消火効果として、正しいものはどれか。…）と照らし、設問が問う論点に合う肢を選び直してください。,二酸化炭素消火剤は、酸素濃度を下げる窒息効果により消火する。,二酸化炭素消火剤は、酸素濃度を下げる窒息効果により消火する。【試験ポイント】二酸化炭素は窒息効果。【ひっかけ】冷却効果だけで説明しない。【選択肢ア】誤り。水溶性にするものではない。【選択肢イ】誤り。火花を発生させるためではない。【選択肢ウ】正しい。窒息効果が主である。【選択肢エ】誤り。指定数量を変えるものではない。【選択肢オ】誤り。可燃物を増やさない。,
196,single,火災・消火・漏えい,PF-054;PF-013;特殊引火物;特殊引火物の性質;標準;重点,特殊引火物の特徴として、適切なものはどれか。,,,,,,第1類危険物の酸化性固体だけをいう。,引火危険が特に高いものとして扱われる。,必ず水に沈み、絶対に燃えない。,"指定数量は常に10,000 Lである。",すべて動植物油類である。,2,"特殊引火物は、第4類危険物の中でも引火危険が特に高いものとして扱われ、指定数量も小さい。【試験ポイント】特殊引火物は危険性が高く指定数量50 L。【ひっかけ】動植物油類の10,000 Lと混同しない。【選択肢ア】誤り。第1類ではない。【選択肢イ】正しい。特殊引火物の特徴である。【選択肢ウ】誤り。絶対に燃えないわけではない。【選択肢エ】誤り。指定数量は50 Lである。【選択肢オ】誤り。動植物油類ではない。","1:（1）の内容は、正答（2）「引火危険が特に高いものとして扱われる。」が示す論点とずれています。 解説の要点：特殊引火物は、第4類危険物の中でも引火危険が特に高いものとして扱われ、指定数量も小さい。【試験ポイント】特殊引火物は危険性が高く指定数量50 L。【ひっかけ】動植物油類の10,000 Lと混同しない。【選択肢ア】誤り。第1類ではない。【選択肢イ】正しい。特殊引火物の特徴である。【… 正答（2）との違いを確認し直してください。;3:解説では「特殊引火物の特徴である。」とある一方、（3）の記述はそれと矛盾します。 解説の要点：特殊引火物は、第4類危険物の中でも引火危険が特に高いものとして扱われ、指定数量も小さい。【試験ポイント】特殊引火物は危険性が高く指定数量50 L。【ひっかけ】動植物油類の10,000 Lと混同しない。【選択肢ア】誤り。第1類ではない。【選択肢イ】正しい。特殊引火物の特徴である。【… 正答（2）との違いを確認し直してください。;4:（4）の内容は、正答（2）「引火危険が特に高いものとして扱われる。」が示す論点とずれています。 解説の要点：特殊引火物は、第4類危険物の中でも引火危険が特に高いものとして扱われ、指定数量も小さい。【試験ポイント】特殊引火物は危険性が高く指定数量50 L。【ひっかけ】動植物油類の10,000 Lと混同しない。【選択肢ア】誤り。第1類ではない。【選択肢イ】正しい。特殊引火物の特徴である。【… 正答（2）との違いを確認し直してください。;5:（5）「すべて動植物油類である。」は、単独の記述としては法令上妥当な場合がありますが、本問で選ぶべき正答は（2）「引火危険が特に高いものとして扱われる。」です。問題文の条件（特殊引火物の特徴として、適切なものはどれか。…）と照らし、設問が問う論点に合う肢を選び直してください。","特殊引火物は、第4類危険物の中でも引火危険が特に高いものとして扱われ、指定数量も小さい。【試験ポイント】特殊引火物は危険性が高く指定数量50 L。【ひっかけ】動植物油類の10,000 Lと混同しない。【選択肢ア】誤り。第1類ではない。【選択肢イ】正しい。特殊引火物の特徴である。【選択肢ウ】誤り。絶対に燃えないわけではない。【選択肢エ】誤り。指定数量は50 Lである。【選択肢オ】誤り。動植物油類ではない。","特殊引火物は、第4類危険物の中でも引火危険が特に高いものとして扱われ、指定数量も小さい。【試験ポイント】特殊引火物は危険性が高く指定数量50 L。【ひっかけ】動植物油類の10,000 Lと混同しない。【選択肢ア】誤り。第1類ではない。【選択肢イ】正しい。特殊引火物の特徴である。【選択肢ウ】誤り。絶対に燃えないわけではない。【選択肢エ】誤り。指定数量は50 L",
197,single,火災・消火・漏えい,PF-055;PF-014;特殊引火物;ジエチルエーテル;標準;重点,ジエチルエーテルについて、正しいものはどれか。,,,,,,第二石油類であり、灯油と同じ分類である。,第6類危険物の酸化性液体である。,動植物油類であり、自然発火だけが問題となる。,アルコール類であり、エタノールと同じ分類である。,特殊引火物に該当し、引火危険が高い。,5,ジエチルエーテルは特殊引火物の代表例であり、引火危険が高い物質である。【試験ポイント】ジエチルエーテルは特殊引火物。【ひっかけ】名称からアルコール類と誤認しない。【選択肢ア】誤り。第二石油類ではない。【選択肢イ】誤り。第6類ではない。【選択肢ウ】誤り。動植物油類ではない。【選択肢エ】誤り。アルコール類ではない。【選択肢オ】正しい。ジエチルエーテルは特殊引火物である。,1:（1）の内容は、正答（5）「特殊引火物に該当し、引火危険が高い。」が示す論点とずれています。 解説の要点：ジエチルエーテルは特殊引火物の代表例であり、引火危険が高い物質である。【試験ポイント】ジエチルエーテルは特殊引火物。【ひっかけ】名称からアルコール類と誤認しない。【選択肢ア】誤り。第二石油類ではない。【選択肢イ】誤り。第6類ではない。【選択肢ウ】誤り。動植物油類ではない。【選択肢… 正答（5）との違いを確認し直してください。;2:（2）の内容は、正答（5）「特殊引火物に該当し、引火危険が高い。」が示す論点とずれています。 解説の要点：ジエチルエーテルは特殊引火物の代表例であり、引火危険が高い物質である。【試験ポイント】ジエチルエーテルは特殊引火物。【ひっかけ】名称からアルコール類と誤認しない。【選択肢ア】誤り。第二石油類ではない。【選択肢イ】誤り。第6類ではない。【選択肢ウ】誤り。動植物油類ではない。【選択肢… 正答（5）との違いを確認し直してください。;3:（3）の内容は、正答（5）「特殊引火物に該当し、引火危険が高い。」が示す論点とずれています。 解説の要点：ジエチルエーテルは特殊引火物の代表例であり、引火危険が高い物質である。【試験ポイント】ジエチルエーテルは特殊引火物。【ひっかけ】名称からアルコール類と誤認しない。【選択肢ア】誤り。第二石油類ではない。【選択肢イ】誤り。第6類ではない。【選択肢ウ】誤り。動植物油類ではない。【選択肢… 正答（5）との違いを確認し直してください。;4:（4）の内容は、正答（5）「特殊引火物に該当し、引火危険が高い。」が示す論点とずれています。 解説の要点：ジエチルエーテルは特殊引火物の代表例であり、引火危険が高い物質である。【試験ポイント】ジエチルエーテルは特殊引火物。【ひっかけ】名称からアルコール類と誤認しない。【選択肢ア】誤り。第二石油類ではない。【選択肢イ】誤り。第6類ではない。【選択肢ウ】誤り。動植物油類ではない。【選択肢… 正答（5）との違いを確認し直してください。,ジエチルエーテルは特殊引火物の代表例であり、引火危険が高い物質である。【試験ポイント】ジエチルエーテルは特殊引火物。【ひっかけ】名称からアルコール類と誤認しない。【選択肢ア】誤り。第二石油類ではない。【選択肢イ】誤り。第6類ではない。【選択肢ウ】誤り。動植物油類ではない。【選択肢エ】誤り。アルコール類ではない。【選択肢オ】正しい。ジエチルエーテルは特殊引火物である。,ジエチルエーテルは特殊引火物の代表例であり、引火危険が高い物質である。【試験ポイント】ジエチルエーテルは特殊引火物。【ひっかけ】名称からアルコール類と誤認しない。【選択肢ア】誤り。第二石油類ではない。【選択肢イ】誤り。第6類ではない。【選択肢ウ】誤り。動植物油類ではない。【選択肢エ】誤り。アルコール類ではない。【選択肢オ】正しい。ジエチルエーテルは特殊引火物,
198,single,火災・消火・漏えい,PF-056;PF-018;第一石油類;ガソリン;標準;重点,ガソリンの取扱いとして、適切なものはどれか。,,,,,,容器を開放し、直射日光下で加熱する。,漏れた場合は下水へ流す。,火気の近くで移し替える。,水に完全に溶けるため、火災危険はない。,密栓し、火気を避け、換気のよい場所で取り扱う。,5,ガソリンは揮発しやすく引火危険が高いため、密栓、火気厳禁、換気、漏えい防止が重要である。【試験ポイント】ガソリンは揮発性・引火危険が高い。【ひっかけ】水に流して処理しない。【選択肢ア】誤り。開放・加熱は危険である。【選択肢イ】誤り。下水へ流してはならない。【選択肢ウ】誤り。火気の近くは危険である。【選択肢エ】誤り。ガソリンは水に完全に溶けるわけではなく、引火危険がある。【選択肢オ】正しい。ガソリン取扱いとして適切である。,1:（1）の内容は、正答（5）「密栓し、火気を避け、換気のよい場所で取り扱う。」が示す論点とずれています。 解説の要点：ガソリンは揮発しやすく引火危険が高いため、密栓、火気厳禁、換気、漏えい防止が重要である。【試験ポイント】ガソリンは揮発性・引火危険が高い。【ひっかけ】水に流して処理しない。【選択肢ア】誤り。開放・加熱は危険である。【選択肢イ】誤り。下水へ流してはならない。【選択肢ウ】誤り。火気の… 正答（5）との違いを確認し直してください。;2:（2）「漏れた場合は下水へ流す。」は、単独の記述としては法令上妥当な場合がありますが、本問で選ぶべき正答は（5）「密栓し、火気を避け、換気のよい場所で取り扱う。」です。問題文の条件（ガソリンの取扱いとして、適切なものはどれか。…）と照らし、設問が問う論点に合う肢を選び直してください。;3:（3）「火気の近くで移し替える。」は、単独の記述としては法令上妥当な場合がありますが、本問で選ぶべき正答は（5）「密栓し、火気を避け、換気のよい場所で取り扱う。」です。問題文の条件（ガソリンの取扱いとして、適切なものはどれか。…）と照らし、設問が問う論点に合う肢を選び直してください。;4:解説では「ガソリンは揮発しやすく引火危険が高いため、密栓、火気厳禁、換気、漏えい防止が重要である。」とある一方、（4）の記述はそれと矛盾します。 解説の要点：ガソリンは揮発しやすく引火危険が高いため、密栓、火気厳禁、換気、漏えい防止が重要である。【試験ポイント】ガソリンは揮発性・引火危険が高い。【ひっかけ】水に流して処理しない。【選択肢ア】誤り。開放・加熱は危険である。【選択肢イ】誤り。下水へ流してはならない。【選択肢ウ】誤り。火気の… 正答（5）との違いを確認し直してください。,ガソリンは揮発しやすく引火危険が高いため、密栓、火気厳禁、換気、漏えい防止が重要である。【試験ポイント】ガソリンは揮発性・引火危険が高い。【ひっかけ】水に流して処理しない。【選択肢ア】誤り。開放・加熱は危険である。【選択肢イ】誤り。下水へ流してはならない。【選択肢ウ】誤り。火気の近くは危険である。【選択肢エ】誤り。ガソリンは水に完全に溶けるわけではなく、引火危険がある。【選択肢オ】正しい。ガソリン取扱いとして適切である。,ガソリンは揮発しやすく引火危険が高いため、密栓、火気厳禁、換気、漏えい防止が重要である。【試験ポイント】ガソリンは揮発性・引火危険が高い。【ひっかけ】水に流して処理しない。【選択肢ア】誤り。開放・加熱は危険である。【選択肢イ】誤り。下水へ流してはならない。【選択肢ウ】誤り。火気の近くは危険である。【選択肢エ】誤り。ガソリンは水に完全に溶けるわけではなく、引火,
199,single,火災・消火・漏えい,PF-057;PF-020;第一石油類;アセトン;標準;重点,アセトンについて、正しいものはどれか。,,,,,,動植物油類である。,第3類危険物である。,第三石油類の水溶性液体である。,第一石油類の水溶性液体である。,第二石油類の非水溶性液体である。,4,アセトンは第4類危険物の第一石油類であり、水溶性液体として扱われる。【試験ポイント】アセトンは第一石油類・水溶性液体。【ひっかけ】水に溶けても引火危険がある。【選択肢ア】誤り。動植物油類ではない。【選択肢イ】誤り。第3類危険物ではない。【選択肢ウ】誤り。第三石油類ではない。【選択肢エ】正しい。アセトンは第一石油類の水溶性液体である。【選択肢オ】誤り。第二石油類ではない。,1:（1）「動植物油類である。」は、単独の記述としては法令上妥当な場合がありますが、本問で選ぶべき正答は（4）「第一石油類の水溶性液体である。」です。問題文の条件（アセトンについて、正しいものはどれか。…）と照らし、設問が問う論点に合う肢を選び直してください。;2:（2）「第3類危険物である。」は、単独の記述としては法令上妥当な場合がありますが、本問で選ぶべき正答は（4）「第一石油類の水溶性液体である。」です。問題文の条件（アセトンについて、正しいものはどれか。…）と照らし、設問が問う論点に合う肢を選び直してください。;3:（3）の内容は、正答（4）「第一石油類の水溶性液体である。」が示す論点とずれています。 解説の要点：アセトンは第4類危険物の第一石油類であり、水溶性液体として扱われる。【試験ポイント】アセトンは第一石油類・水溶性液体。【ひっかけ】水に溶けても引火危険がある。【選択肢ア】誤り。動植物油類ではない。【選択肢イ】誤り。第3類危険物ではない。【選択肢ウ】誤り。第三石油類ではない。【選択… 正答（4）との違いを確認し直してください。;5:（5）の内容は、正答（4）「第一石油類の水溶性液体である。」が示す論点とずれています。 解説の要点：アセトンは第4類危険物の第一石油類であり、水溶性液体として扱われる。【試験ポイント】アセトンは第一石油類・水溶性液体。【ひっかけ】水に溶けても引火危険がある。【選択肢ア】誤り。動植物油類ではない。【選択肢イ】誤り。第3類危険物ではない。【選択肢ウ】誤り。第三石油類ではない。【選択… 正答（4）との違いを確認し直してください。,アセトンは第一石油類の水溶性液体である。,アセトンは第4類危険物の第一石油類であり、水溶性液体として扱われる。【試験ポイント】アセトンは第一石油類・水溶性液体。【ひっかけ】水に溶けても引火危険がある。【選択肢ア】誤り。動植物油類ではない。【選択肢イ】誤り。第3類危険物ではない。【選択肢ウ】誤り。第三石油類ではない。【選択肢エ】正しい。アセトンは第一石油類の水溶性液体である。【選択肢オ】誤り。第二石油,
200,single,火災・消火・漏えい,PF-058;PF-047;第三石油類;グリセリン;標準;網羅,グリセリンの分類として、正しいものはどれか。,,,,,,第6類危険物である。,第一石油類の非水溶性液体である。,特殊引火物である。,第三石油類の水溶性液体として扱われる。,動植物油類である。,4,グリセリンは第4類危険物の第三石油類のうち、水溶性液体として扱われる。特殊引火物、第一石油類、動植物油類、第6類危険物ではない。【試験ポイント】グリセリンは第三石油類・水溶性液体。【ひっかけ】アルコール類や動植物油類と混同しない。【選択肢ア】誤り。第6類ではない。【選択肢イ】誤り。第一石油類ではない。【選択肢ウ】誤り。特殊引火物ではない。【選択肢エ】正しい。グリセリンは第三石油類の水溶性液体である。【選択肢オ】誤り。動植物油類ではない。,1:（1）「第6類危険物である。」は、単独の記述としては法令上妥当な場合がありますが、本問で選ぶべき正答は（4）「第三石油類の水溶性液体として扱われる。」です。問題文の条件（グリセリンの分類として、正しいものはどれか。…）と照らし、設問が問う論点に合う肢を選び直してください。;2:（2）の内容は、正答（4）「第三石油類の水溶性液体として扱われる。」が示す論点とずれています。 解説の要点：グリセリンは第4類危険物の第三石油類のうち、水溶性液体として扱われる。特殊引火物、第一石油類、動植物油類、第6類危険物ではない。【試験ポイント】グリセリンは第三石油類・水溶性液体。【ひっかけ】アルコール類や動植物油類と混同しない。【選択肢ア】誤り。第6類ではない。【選択肢イ】誤り… 正答（4）との違いを確認し直してください。;3:（3）「特殊引火物である。」は、単独の記述としては法令上妥当な場合がありますが、本問で選ぶべき正答は（4）「第三石油類の水溶性液体として扱われる。」です。問題文の条件（グリセリンの分類として、正しいものはどれか。…）と照らし、設問が問う論点に合う肢を選び直してください。;5:（5）「動植物油類である。」は、単独の記述としては法令上妥当な場合がありますが、本問で選ぶべき正答は（4）「第三石油類の水溶性液体として扱われる。」です。問題文の条件（グリセリンの分類として、正しいものはどれか。…）と照らし、設問が問う論点に合う肢を選び直してください。,グリセリンは第4類危険物の第三石油類のうち、水溶性液体として扱われる。特殊引火物、第一石油類、動植物油類、第6類危険物ではない。【試験ポイント】グリセリンは第三石油類・水溶性液体。【ひっかけ】アルコール類や動植物油類と混同しない。【選択肢ア】誤り。第6類ではない。【選択肢イ】誤り。第一石油類ではない。【選択肢ウ】誤り。特殊引火物ではない。【選択肢エ】正しい。グリセリンは第三石油類の水溶性液体である。【選択肢オ】誤り。動植物油類ではない。,グリセリンは第4類危険物の第三石油類のうち、水溶性液体として扱われる。特殊引火物、第一石油類、動植物油類、第6類危険物ではない。【試験ポイント】グリセリンは第三石油類・水溶性液体。【ひっかけ】アルコール類や動植物油類と混同しない。【選択肢ア】誤り。第6類ではない。【選択肢イ】誤り。第一石油類ではない。【選択肢ウ】誤り。特殊引火物ではない。【選択肢エ】正しい。,
201,single,法令・制度,L-086;LAW-004;指定数量;指定数量の意味;基礎;重点,指定数量に関する説明として、誤っているものはどれか。,,,,,,指定数量は、危険物取扱者が1日に取り扱える上限量である。,第4類危険物でも品名や性質により指定数量が異なる。,指定数量の倍数は、規制対象の判断に関係する。,危険物の種類により指定数量は異なる。,指定数量は、危険物の危険性に応じて定められる。,1,指定数量は、危険物取扱者が1日に取り扱える上限量ではない。危険物の危険性に応じて政令で定められる数量である。【試験ポイント】指定数量は1日の取扱上限ではない。【ひっかけ】『最大取扱量』という言い換えに注意。【選択肢ア】誤り。1日の取扱上限量ではない。【選択肢イ】正しい。第4類でも品名や水溶性などにより異なる。【選択肢ウ】正しい。指定数量倍数は規制判断に関係する。【選択肢エ】正しい。危険物の種類により異なる。【選択肢オ】正しい。危険性に応じて定められる。,2:（2）の内容は、正答（1）「指定数量は、危険物取扱者が1日に取り扱える上限量である。」が示す論点とずれています。 解説の要点：指定数量は、危険物取扱者が1日に取り扱える上限量ではない。危険物の危険性に応じて政令で定められる数量である。【試験ポイント】指定数量は1日の取扱上限ではない。【ひっかけ】『最大取扱量』という言い換えに注意。【選択肢ア】誤り。1日の取扱上限量ではない。【選択肢イ】正しい。第4類でも… 正答（1）との違いを確認し直してください。;3:（3）の内容は、正答（1）「指定数量は、危険物取扱者が1日に取り扱える上限量である。」が示す論点とずれています。 解説の要点：指定数量は、危険物取扱者が1日に取り扱える上限量ではない。危険物の危険性に応じて政令で定められる数量である。【試験ポイント】指定数量は1日の取扱上限ではない。【ひっかけ】『最大取扱量』という言い換えに注意。【選択肢ア】誤り。1日の取扱上限量ではない。【選択肢イ】正しい。第4類でも… 正答（1）との違いを確認し直してください。;4:（4）「危険物の種類により指定数量は異なる。」は、単独の記述としては法令上妥当な場合がありますが、本問で選ぶべき正答は（1）「指定数量は、危険物取扱者が1日に取り扱える上限量である。」です。問題文の条件（指定数量に関する説明として、誤っているものはどれか。…）と照らし、設問が問う論点に合う肢を選び直してください。;5:（5）の内容は、正答（1）「指定数量は、危険物取扱者が1日に取り扱える上限量である。」が示す論点とずれています。 解説の要点：指定数量は、危険物取扱者が1日に取り扱える上限量ではない。危険物の危険性に応じて政令で定められる数量である。【試験ポイント】指定数量は1日の取扱上限ではない。【ひっかけ】『最大取扱量』という言い換えに注意。【選択肢ア】誤り。1日の取扱上限量ではない。【選択肢イ】正しい。第4類でも… 正答（1）との違いを確認し直してください。,指定数量は、危険物取扱者が1日に取り扱える上限量ではない。,指定数量は、危険物取扱者が1日に取り扱える上限量ではない。危険物の危険性に応じて政令で定められる数量である。【試験ポイント】指定数量は1日の取扱上限ではない。【ひっかけ】『最大取扱量』という言い換えに注意。【選択肢ア】誤り。1日の取扱上限量ではない。【選択肢イ】正しい。第4類でも品名や水溶性などにより異なる。【選択肢ウ】正しい。指定数量倍数は規制判断に関係す,
202,single,法令・制度,L-087;LAW-006;指定数量;水溶性・非水溶性による指定数量差;標準;重点,第1石油類の指定数量について、正しいものはどれか。,,,,,,非水溶性液体と水溶性液体で指定数量が異なる。,"すべての第1石油類は指定数量が10,000 Lである。",すべての第1石油類は指定数量が50 Lである。,水溶性かどうかは指定数量と一切関係しない。,第1石油類には指定数量が定められていない。,1,"第1石油類では、非水溶性液体と水溶性液体で指定数量が異なる。ガソリンは非水溶性液体として200 L、アセトンは水溶性液体として400 Lで整理する。【試験ポイント】第1石油類は非水溶性200 L、水溶性400 L。【ひっかけ】水溶性の違いを無視しない。【選択肢ア】正しい。水溶性・非水溶性で指定数量が異なる。【選択肢イ】誤り。10,000 Lは動植物油類である。【選択肢ウ】誤り。50 Lは特殊引火物である。【選択肢エ】誤り。指定数量に関係する。【選択肢オ】誤り。指定数量は定められている。","2:（2）の内容は、正答（1）「非水溶性液体と水溶性液体で指定数量が異なる。」が示す論点とずれています。 解説の要点：第1石油類では、非水溶性液体と水溶性液体で指定数量が異なる。ガソリンは非水溶性液体として200 L、アセトンは水溶性液体として400 Lで整理する。【試験ポイント】第1石油類は非水溶性200 L、水溶性400 L。【ひっかけ】水溶性の違いを無視しない。【選択肢ア】正しい。水溶性・… 正答（1）との違いを確認し直してください。;3:（3）の内容は、正答（1）「非水溶性液体と水溶性液体で指定数量が異なる。」が示す論点とずれています。 解説の要点：第1石油類では、非水溶性液体と水溶性液体で指定数量が異なる。ガソリンは非水溶性液体として200 L、アセトンは水溶性液体として400 Lで整理する。【試験ポイント】第1石油類は非水溶性200 L、水溶性400 L。【ひっかけ】水溶性の違いを無視しない。【選択肢ア】正しい。水溶性・… 正答（1）との違いを確認し直してください。;4:解説では「10,000 Lは動植物油類である。」とある一方、（4）の記述はそれと矛盾します。 解説の要点：第1石油類では、非水溶性液体と水溶性液体で指定数量が異なる。ガソリンは非水溶性液体として200 L、アセトンは水溶性液体として400 Lで整理する。【試験ポイント】第1石油類は非水溶性200 L、水溶性400 L。【ひっかけ】水溶性の違いを無視しない。【選択肢ア】正しい。水溶性・… 正答（1）との違いを確認し直してください。;5:解説では「10,000 Lは動植物油類である。」とある一方、（5）の記述はそれと矛盾します。 解説の要点：第1石油類では、非水溶性液体と水溶性液体で指定数量が異なる。ガソリンは非水溶性液体として200 L、アセトンは水溶性液体として400 Lで整理する。【試験ポイント】第1石油類は非水溶性200 L、水溶性400 L。【ひっかけ】水溶性の違いを無視しない。【選択肢ア】正しい。水溶性・… 正答（1）との違いを確認し直してください。",第1石油類では、非水溶性液体と水溶性液体で指定数量が異なる。,"第1石油類では、非水溶性液体と水溶性液体で指定数量が異なる。ガソリンは非水溶性液体として200 L、アセトンは水溶性液体として400 Lで整理する。【試験ポイント】第1石油類は非水溶性200 L、水溶性400 L。【ひっかけ】水溶性の違いを無視しない。【選択肢ア】正しい。水溶性・非水溶性で指定数量が異なる。【選択肢イ】誤り。10,000 Lは動植物油類である",
203,single,法令・制度,L-088;LAW-006;指定数量;水溶性・非水溶性による指定数量差;標準;重点,アセトンの指定数量として、正しいものはどれか。,,,,,,"10,000 L",400 L,50 L,"1,000 L",200 L,2,"アセトンは第1石油類の水溶性液体として扱われ、指定数量は400 Lである。【試験ポイント】アセトンは第1石油類・水溶性液体・400 L。【ひっかけ】ガソリン200 Lと混同しない。【選択肢ア】誤り。10,000 Lは動植物油類である。【選択肢イ】正しい。アセトンは第1石油類の水溶性液体で400 Lである。【選択肢ウ】誤り。50 Lは特殊引火物である。【選択肢エ】誤り。1,000 Lは第2石油類の非水溶性液体で問題になる。【選択肢オ】誤り。200 Lは第1石油類の非水溶性液体で問題になる。","1:（1）「10,000 L」は、単独の記述としては法令上妥当な場合がありますが、本問で選ぶべき正答は（2）「400 L」です。問題文の条件（アセトンの指定数量として、正しいものはどれか。…）と照らし、設問が問う論点に合う肢を選び直してください。;3:（3）「50 L」は、単独の記述としては法令上妥当な場合がありますが、本問で選ぶべき正答は（2）「400 L」です。問題文の条件（アセトンの指定数量として、正しいものはどれか。…）と照らし、設問が問う論点に合う肢を選び直してください。;4:（4）「1,000 L」は、単独の記述としては法令上妥当な場合がありますが、本問で選ぶべき正答は（2）「400 L」です。問題文の条件（アセトンの指定数量として、正しいものはどれか。…）と照らし、設問が問う論点に合う肢を選び直してください。;5:（5）「200 L」は、単独の記述としては法令上妥当な場合がありますが、本問で選ぶべき正答は（2）「400 L」です。問題文の条件（アセトンの指定数量として、正しいものはどれか。…）と照らし、設問が問う論点に合う肢を選び直してください。","アセトンは第1石油類の水溶性液体として扱われ、指定数量は400 Lである。【試験ポイント】アセトンは第1石油類・水溶性液体・400 L。【ひっかけ】ガソリン200 Lと混同しない。【選択肢ア】誤り。10,000 Lは動植物油類である。【選択肢イ】正しい。アセトンは第1石油類の水溶性液体で400 Lである。【選択肢ウ】誤り。50 Lは特殊引火物である。【選択肢エ】誤り。1,000 Lは第2石油類の非水溶性液体で問題になる。【選択肢オ】誤り。200 Lは第1石油類の非水溶性液体で問題になる。","アセトンは第1石油類の水溶性液体として扱われ、指定数量は400 Lである。【試験ポイント】アセトンは第1石油類・水溶性液体・400 L。【ひっかけ】ガソリン200 Lと混同しない。【選択肢ア】誤り。10,000 Lは動植物油類である。【選択肢イ】正しい。アセトンは第1石油類の水溶性液体で400 Lである。【選択肢ウ】誤り。50 Lは特殊引火物である。【選択肢",
204,single,法令・制度,L-089;LAW-006;指定数量;水溶性・非水溶性による指定数量差;標準;重点,第2石油類の水溶性液体の指定数量として、正しいものはどれか。,,,,,,"2,000 L","1,000 L",200 L,400 L,50 L,1,"第2石油類の水溶性液体の指定数量は2,000 Lである。非水溶性液体は1,000 Lである。【試験ポイント】第2石油類は非水溶性1,000 L、水溶性2,000 L。【ひっかけ】水溶性と非水溶性の指定数量差に注意。【選択肢ア】正しい。第2石油類の水溶性液体は2,000 Lである。【選択肢イ】誤り。1,000 Lは第2石油類の非水溶性液体である。【選択肢ウ】誤り。200 Lは第1石油類の非水溶性液体である。【選択肢エ】誤り。400 Lはアルコール類などで問題になる。【選択肢オ】誤り。50 Lは特殊引火物である。","2:（2）「1,000 L」は、単独の記述としては法令上妥当な場合がありますが、本問で選ぶべき正答は（1）「2,000 L」です。問題文の条件（第2石油類の水溶性液体の指定数量として、正しいものはどれか。…）と照らし、設問が問う論点に合う肢を選び直してください。;3:（3）「200 L」は、単独の記述としては法令上妥当な場合がありますが、本問で選ぶべき正答は（1）「2,000 L」です。問題文の条件（第2石油類の水溶性液体の指定数量として、正しいものはどれか。…）と照らし、設問が問う論点に合う肢を選び直してください。;4:（4）「400 L」は、単独の記述としては法令上妥当な場合がありますが、本問で選ぶべき正答は（1）「2,000 L」です。問題文の条件（第2石油類の水溶性液体の指定数量として、正しいものはどれか。…）と照らし、設問が問う論点に合う肢を選び直してください。;5:（5）「50 L」は、単独の記述としては法令上妥当な場合がありますが、本問で選ぶべき正答は（1）「2,000 L」です。問題文の条件（第2石油類の水溶性液体の指定数量として、正しいものはどれか。…）と照らし、設問が問う論点に合う肢を選び直してください。","第2石油類の水溶性液体の指定数量は2,000 Lである。非水溶性液体は1,000 Lである。【試験ポイント】第2石油類は非水溶性1,000 L、水溶性2,000 L。【ひっかけ】水溶性と非水溶性の指定数量差に注意。【選択肢ア】正しい。第2石油類の水溶性液体は2,000 Lである。【選択肢イ】誤り。1,000 Lは第2石油類の非水溶性液体である。【選択肢ウ】誤り。200 Lは第1石油類の非水溶性液体である。【選択肢エ】誤り。400 Lはアルコール類などで問題になる。【選択肢オ】誤り。50 Lは特殊引火物である。","第2石油類の水溶性液体の指定数量は2,000 Lである。非水溶性液体は1,000 Lである。【試験ポイント】第2石油類は非水溶性1,000 L、水溶性2,000 L。【ひっかけ】水溶性と非水溶性の指定数量差に注意。【選択肢ア】正しい。第2石油類の水溶性液体は2,000 Lである。【選択肢イ】誤り。1,000 Lは第2石油類の非水溶性液体である。【選択肢ウ】誤",
205,single,法令・制度,L-090;LAW-006;指定数量;水溶性・非水溶性による指定数量差;標準;重点,第3石油類の非水溶性液体の指定数量として、正しいものはどれか。,,,,,,"1,000 L",400 L,"6,000 L","2,000 L","4,000 L",4,"第3石油類の非水溶性液体の指定数量は2,000 Lである。水溶性液体は4,000 Lである。【試験ポイント】第3石油類は非水溶性2,000 L、水溶性4,000 L。【ひっかけ】グリセリン4,000 Lと重油2,000 Lを区別する。【選択肢ア】誤り。1,000 Lは第2石油類の非水溶性液体である。【選択肢イ】誤り。400 Lはアルコール類などで問題になる。【選択肢ウ】誤り。6,000 Lは第4石油類である。【選択肢エ】正しい。第3石油類の非水溶性液体は2,000 Lである。【選択肢オ】誤り。4,000 Lは第3石油類の水溶性液体である。","1:（1）「1,000 L」は、単独の記述としては法令上妥当な場合がありますが、本問で選ぶべき正答は（4）「2,000 L」です。問題文の条件（第3石油類の非水溶性液体の指定数量として、正しいものはどれか。…）と照らし、設問が問う論点に合う肢を選び直してください。;2:（2）「400 L」は、単独の記述としては法令上妥当な場合がありますが、本問で選ぶべき正答は（4）「2,000 L」です。問題文の条件（第3石油類の非水溶性液体の指定数量として、正しいものはどれか。…）と照らし、設問が問う論点に合う肢を選び直してください。;3:（3）「6,000 L」は、単独の記述としては法令上妥当な場合がありますが、本問で選ぶべき正答は（4）「2,000 L」です。問題文の条件（第3石油類の非水溶性液体の指定数量として、正しいものはどれか。…）と照らし、設問が問う論点に合う肢を選び直してください。;5:（5）「4,000 L」は、単独の記述としては法令上妥当な場合がありますが、本問で選ぶべき正答は（4）「2,000 L」です。問題文の条件（第3石油類の非水溶性液体の指定数量として、正しいものはどれか。…）と照らし、設問が問う論点に合う肢を選び直してください。","第3石油類の非水溶性液体の指定数量は2,000 Lである。水溶性液体は4,000 Lである。【試験ポイント】第3石油類は非水溶性2,000 L、水溶性4,000 L。【ひっかけ】グリセリン4,000 Lと重油2,000 Lを区別する。【選択肢ア】誤り。1,000 Lは第2石油類の非水溶性液体である。【選択肢イ】誤り。400 Lはアルコール類などで問題になる。【選択肢ウ】誤り。6,000 Lは第4石油類である。【選択肢エ】正しい。第3石油類の非水溶性液体は2,000 Lである。【選択肢オ】誤り。4,000 Lは第3石油類の水溶性液体である。","第3石油類の非水溶性液体の指定数量は2,000 Lである。水溶性液体は4,000 Lである。【試験ポイント】第3石油類は非水溶性2,000 L、水溶性4,000 L。【ひっかけ】グリセリン4,000 Lと重油2,000 Lを区別する。【選択肢ア】誤り。1,000 Lは第2石油類の非水溶性液体である。【選択肢イ】誤り。400 Lはアルコール類などで問題になる。",
206,single,法令・制度,L-091;LAW-005;指定数量;第4類危険物の指定数量;標準;重点,第4石油類の指定数量として、正しいものはどれか。,,,,,,"1,000 L",400 L,"10,000 L","6,000 L","2,000 L",4,"第4石油類の指定数量は6,000 Lである。潤滑油類などが代表例である。【試験ポイント】第4石油類は6,000 L。【ひっかけ】動植物油類10,000 Lと混同しない。【選択肢ア】誤り。1,000 Lは第2石油類の非水溶性液体である。【選択肢イ】誤り。400 Lはアルコール類などで問題になる。【選択肢ウ】誤り。10,000 Lは動植物油類である。【選択肢エ】正しい。第4石油類は6,000 Lである。【選択肢オ】誤り。2,000 Lは第3石油類の非水溶性液体である。","1:（1）「1,000 L」は、単独の記述としては法令上妥当な場合がありますが、本問で選ぶべき正答は（4）「6,000 L」です。問題文の条件（第4石油類の指定数量として、正しいものはどれか。…）と照らし、設問が問う論点に合う肢を選び直してください。;2:（2）「400 L」は、単独の記述としては法令上妥当な場合がありますが、本問で選ぶべき正答は（4）「6,000 L」です。問題文の条件（第4石油類の指定数量として、正しいものはどれか。…）と照らし、設問が問う論点に合う肢を選び直してください。;3:（3）「10,000 L」は、単独の記述としては法令上妥当な場合がありますが、本問で選ぶべき正答は（4）「6,000 L」です。問題文の条件（第4石油類の指定数量として、正しいものはどれか。…）と照らし、設問が問う論点に合う肢を選び直してください。;5:（5）「2,000 L」は、単独の記述としては法令上妥当な場合がありますが、本問で選ぶべき正答は（4）「6,000 L」です。問題文の条件（第4石油類の指定数量として、正しいものはどれか。…）と照らし、設問が問う論点に合う肢を選び直してください。","第4石油類の指定数量は6,000 Lである。潤滑油類などが代表例である。【試験ポイント】第4石油類は6,000 L。【ひっかけ】動植物油類10,000 Lと混同しない。【選択肢ア】誤り。1,000 Lは第2石油類の非水溶性液体である。【選択肢イ】誤り。400 Lはアルコール類などで問題になる。【選択肢ウ】誤り。10,000 Lは動植物油類である。【選択肢エ】正しい。第4石油類は6,000 Lである。【選択肢オ】誤り。2,000 Lは第3石油類の非水溶性液体である。","第4石油類の指定数量は6,000 Lである。潤滑油類などが代表例である。【試験ポイント】第4石油類は6,000 L。【ひっかけ】動植物油類10,000 Lと混同しない。【選択肢ア】誤り。1,000 Lは第2石油類の非水溶性液体である。【選択肢イ】誤り。400 Lはアルコール類などで問題になる。【選択肢ウ】誤り。10,000 Lは動植物油類である。【選択肢エ】",
207,single,法令・制度,L-092;LAW-007;指定数量;指定数量の倍数計算;標準;重点,エタノール100 Lを貯蔵する場合の指定数量の倍数として、正しいものはどれか。ただし、エタノールの指定数量は400 Lとする。,,,,,,4.0倍,0.25倍,2.0倍,1.0倍,0.5倍,2,"指定数量の倍数は数量を指定数量で割る。100÷400＝0.25倍である。【試験ポイント】指定数量倍数＝数量÷指定数量。【ひっかけ】分母と分子を逆にしない。【選択肢ア】誤り。1,600 Lなら4.0倍である。【選択肢イ】正しい。100÷400＝0.25倍である。【選択肢ウ】誤り。800 Lなら2.0倍である。【選択肢エ】誤り。400 Lなら1.0倍である。【選択肢オ】誤り。200 Lなら0.5倍である。",1:（1）「4.0倍」は、単独の記述としては法令上妥当な場合がありますが、本問で選ぶべき正答は（2）「0.25倍」です。問題文の条件（エタノール100 Lを貯蔵する場合の指定数量の倍数として、正しいものはどれか。ただし、エタノール…）と照らし、設問が問う論点に合う肢を選び直してください。;3:（3）「2.0倍」は、単独の記述としては法令上妥当な場合がありますが、本問で選ぶべき正答は（2）「0.25倍」です。問題文の条件（エタノール100 Lを貯蔵する場合の指定数量の倍数として、正しいものはどれか。ただし、エタノール…）と照らし、設問が問う論点に合う肢を選び直してください。;4:（4）「1.0倍」は、単独の記述としては法令上妥当な場合がありますが、本問で選ぶべき正答は（2）「0.25倍」です。問題文の条件（エタノール100 Lを貯蔵する場合の指定数量の倍数として、正しいものはどれか。ただし、エタノール…）と照らし、設問が問う論点に合う肢を選び直してください。;5:（5）「0.5倍」は、単独の記述としては法令上妥当な場合がありますが、本問で選ぶべき正答は（2）「0.25倍」です。問題文の条件（エタノール100 Lを貯蔵する場合の指定数量の倍数として、正しいものはどれか。ただし、エタノール…）と照らし、設問が問う論点に合う肢を選び直してください。,"指定数量の倍数は数量を指定数量で割る。100÷400＝0.25倍である。【試験ポイント】指定数量倍数＝数量÷指定数量。【ひっかけ】分母と分子を逆にしない。【選択肢ア】誤り。1,600 Lなら4.0倍である。【選択肢イ】正しい。100÷400＝0.25倍である。【選択肢ウ】誤り。800 Lなら2.0倍である。【選択肢エ】誤り。400 Lなら1.0倍である。【選択肢オ】誤り。200 Lなら0.5倍である。","指定数量の倍数は数量を指定数量で割る。100÷400＝0.25倍である。【試験ポイント】指定数量倍数＝数量÷指定数量。【ひっかけ】分母と分子を逆にしない。【選択肢ア】誤り。1,600 Lなら4.0倍である。【選択肢イ】正しい。100÷400＝0.25倍である。【選択肢ウ】誤り。800 Lなら2.0倍である。【選択肢エ】誤り。400 Lなら1.0倍である。【選",
208,single,法令・制度,L-093;LAW-008;指定数量;複数危険物を扱う場合の倍数合算;標準;重点,"灯油500 L、軽油500 Lを同一場所で貯蔵する場合の指定数量の倍数として、正しいものはどれか。ただし、灯油・軽油の指定数量はいずれも1,000 Lとする。",,,,,,1.5倍,0.25倍,2.0倍,1.0倍,0.5倍,4,"灯油500÷1,000＝0.5倍、軽油500÷1,000＝0.5倍、合計1.0倍である。【試験ポイント】複数危険物は倍数を合算する。【ひっかけ】数量を足してから一つの指定数量で割る考え方に注意。【選択肢ア】誤り。計算結果ではない。【選択肢イ】誤り。計算結果ではない。【選択肢ウ】誤り。合計は1.0倍である。【選択肢エ】正しい。0.5倍＋0.5倍＝1.0倍である。【選択肢オ】誤り。片方だけの倍数である。",1:（1）「1.5倍」は、単独の記述としては法令上妥当な場合がありますが、本問で選ぶべき正答は（4）「1.0倍」です。問題文の条件（灯油500 L、軽油500 Lを同一場所で貯蔵する場合の指定数量の倍数として、正しいものはどれか…）と照らし、設問が問う論点に合う肢を選び直してください。;2:（2）「0.25倍」は、単独の記述としては法令上妥当な場合がありますが、本問で選ぶべき正答は（4）「1.0倍」です。問題文の条件（灯油500 L、軽油500 Lを同一場所で貯蔵する場合の指定数量の倍数として、正しいものはどれか…）と照らし、設問が問う論点に合う肢を選び直してください。;3:（3）「2.0倍」は、単独の記述としては法令上妥当な場合がありますが、本問で選ぶべき正答は（4）「1.0倍」です。問題文の条件（灯油500 L、軽油500 Lを同一場所で貯蔵する場合の指定数量の倍数として、正しいものはどれか…）と照らし、設問が問う論点に合う肢を選び直してください。;5:（5）「0.5倍」は、単独の記述としては法令上妥当な場合がありますが、本問で選ぶべき正答は（4）「1.0倍」です。問題文の条件（灯油500 L、軽油500 Lを同一場所で貯蔵する場合の指定数量の倍数として、正しいものはどれか…）と照らし、設問が問う論点に合う肢を選び直してください。,"灯油500÷1,000＝0.5倍、軽油500÷1,000＝0.5倍、合計1.0倍である。【試験ポイント】複数危険物は倍数を合算する。【ひっかけ】数量を足してから一つの指定数量で割る考え方に注意。【選択肢ア】誤り。計算結果ではない。【選択肢イ】誤り。計算結果ではない。【選択肢ウ】誤り。合計は1.0倍である。【選択肢エ】正しい。0.5倍＋0.5倍＝1.0倍である。【選択肢オ】誤り。片方だけの倍数である。","灯油500÷1,000＝0.5倍、軽油500÷1,000＝0.5倍、合計1.0倍である。【試験ポイント】複数危険物は倍数を合算する。【ひっかけ】数量を足してから一つの指定数量で割る考え方に注意。【選択肢ア】誤り。計算結果ではない。【選択肢イ】誤り。計算結果ではない。【選択肢ウ】誤り。合計は1.0倍である。【選択肢エ】正しい。0.5倍＋0.5倍＝1.0倍である",
209,single,法令・制度,L-094;LAW-014;許可;製造所等の設置許可;基礎;重点,製造所等の設置許可について、正しいものはどれか。,,,,,,指定数量未満なら必ず消防法令上も条例上も完全に自由である。,危険物取扱者免状の写真を変更する手続きである。,指定数量以上の危険物を扱う製造所等を設置する場合に問題となる。,乙4では設置許可制度は一切関係しない。,製造所等の設置許可は、危険物の分類名である。,3,指定数量以上の危険物を貯蔵し、又は取り扱う製造所等を設置する場合、法令上の許可が問題となる。【試験ポイント】設置許可は指定数量以上の製造所等で重要。【ひっかけ】免状手続きと施設許可を混同しない。【選択肢ア】誤り。指定数量未満でも条例等が関係する場合がある。【選択肢イ】誤り。免状写真の変更ではない。【選択肢ウ】正しい。製造所等の設置には許可が必要となる場合がある。【選択肢エ】誤り。乙4でも関係する。【選択肢オ】誤り。分類名ではない。,1:（1）の内容は、正答（3）「指定数量以上の危険物を扱う製造所等を設置する場合に問題となる。」が示す論点とずれています。 解説の要点：指定数量以上の危険物を貯蔵し、又は取り扱う製造所等を設置する場合、法令上の許可が問題となる。【試験ポイント】設置許可は指定数量以上の製造所等で重要。【ひっかけ】免状手続きと施設許可を混同しない。【選択肢ア】誤り。指定数量未満でも条例等が関係する場合がある。【選択肢イ】誤り。免状写… 正答（3）との違いを確認し直してください。;2:（2）の内容は、正答（3）「指定数量以上の危険物を扱う製造所等を設置する場合に問題となる。」が示す論点とずれています。 解説の要点：指定数量以上の危険物を貯蔵し、又は取り扱う製造所等を設置する場合、法令上の許可が問題となる。【試験ポイント】設置許可は指定数量以上の製造所等で重要。【ひっかけ】免状手続きと施設許可を混同しない。【選択肢ア】誤り。指定数量未満でも条例等が関係する場合がある。【選択肢イ】誤り。免状写… 正答（3）との違いを確認し直してください。;4:解説では「指定数量未満でも条例等が関係する場合がある。」とある一方、（4）の記述はそれと矛盾します。 解説の要点：指定数量以上の危険物を貯蔵し、又は取り扱う製造所等を設置する場合、法令上の許可が問題となる。【試験ポイント】設置許可は指定数量以上の製造所等で重要。【ひっかけ】免状手続きと施設許可を混同しない。【選択肢ア】誤り。指定数量未満でも条例等が関係する場合がある。【選択肢イ】誤り。免状写… 正答（3）との違いを確認し直してください。;5:（5）の内容は、正答（3）「指定数量以上の危険物を扱う製造所等を設置する場合に問題となる。」が示す論点とずれています。 解説の要点：指定数量以上の危険物を貯蔵し、又は取り扱う製造所等を設置する場合、法令上の許可が問題となる。【試験ポイント】設置許可は指定数量以上の製造所等で重要。【ひっかけ】免状手続きと施設許可を混同しない。【選択肢ア】誤り。指定数量未満でも条例等が関係する場合がある。【選択肢イ】誤り。免状写… 正答（3）との違いを確認し直してください。,指定数量以上の危険物を貯蔵し、又は取り扱う製造所等を設置する場合、法令上の許可が問題となる。【試験ポイント】設置許可は指定数量以上の製造所等で重要。【ひっかけ】免状手続きと施設許可を混同しない。【選択肢ア】誤り。指定数量未満でも条例等が関係する場合がある。【選択肢イ】誤り。免状写真の変更ではない。【選択肢ウ】正しい。製造所等の設置には許可が必要となる場合がある。【選択肢エ】誤り。乙4でも関係する。【選択肢オ】誤り。分類名ではない。,指定数量以上の危険物を貯蔵し、又は取り扱う製造所等を設置する場合、法令上の許可が問題となる。【試験ポイント】設置許可は指定数量以上の製造所等で重要。【ひっかけ】免状手続きと施設許可を混同しない。【選択肢ア】誤り。指定数量未満でも条例等が関係する場合がある。【選択肢イ】誤り。免状写真の変更ではない。【選択肢ウ】正しい。製造所等の設置には許可が必要となる場合があ,
210,single,法令・制度,L-095;LAW-015;許可;製造所等の変更許可;標準;重点,製造所等の変更許可について、正しいものはどれか。,,,,,,第4類危険物では変更許可は絶対に不要である。,位置、構造または設備を変更する場合に必要となる場合がある。,危険物の価格を変える手続きである。,掲示板の文字を読めれば常に不要である。,危険物取扱者の住所変更だけをいう。,2,製造所等の位置、構造または設備を変更する場合、変更許可が必要となる場合がある。【試験ポイント】変更許可は位置・構造・設備の変更で問題になる。【ひっかけ】届出と許可の違いに注意。【選択肢ア】誤り。第4類危険物施設でも関係する。【選択肢イ】正しい。位置・構造・設備の変更で問題となる。【選択肢ウ】誤り。価格変更ではない。【選択肢エ】誤り。掲示板の有無だけで判断しない。【選択肢オ】誤り。取扱者の住所変更ではない。,1:解説では「製造所等の位置、構造または設備を変更する場合、変更許可が必要となる場合がある。」とある一方、（1）の記述はそれと矛盾します。 解説の要点：製造所等の位置、構造または設備を変更する場合、変更許可が必要となる場合がある。【試験ポイント】変更許可は位置・構造・設備の変更で問題になる。【ひっかけ】届出と許可の違いに注意。【選択肢ア】誤り。第4類危険物施設でも関係する。【選択肢イ】正しい。位置・構造・設備の変更で問題となる。… 正答（2）との違いを確認し直してください。;3:（3）「危険物の価格を変える手続きである。」は、単独の記述としては法令上妥当な場合がありますが、本問で選ぶべき正答は（2）「位置、構造または設備を変更する場合に必要となる場合がある。」です。問題文の条件（製造所等の変更許可について、正しいものはどれか。…）と照らし、設問が問う論点に合う肢を選び直してください。;4:解説では「製造所等の位置、構造または設備を変更する場合、変更許可が必要となる場合がある。」とある一方、（4）の記述はそれと矛盾します。 解説の要点：製造所等の位置、構造または設備を変更する場合、変更許可が必要となる場合がある。【試験ポイント】変更許可は位置・構造・設備の変更で問題になる。【ひっかけ】届出と許可の違いに注意。【選択肢ア】誤り。第4類危険物施設でも関係する。【選択肢イ】正しい。位置・構造・設備の変更で問題となる。… 正答（2）との違いを確認し直してください。;5:（5）「危険物取扱者の住所変更だけをいう。」は、単独の記述としては法令上妥当な場合がありますが、本問で選ぶべき正答は（2）「位置、構造または設備を変更する場合に必要となる場合がある。」です。問題文の条件（製造所等の変更許可について、正しいものはどれか。…）と照らし、設問が問う論点に合う肢を選び直してください。,製造所等の位置、構造または設備を変更する場合、変更許可が必要となる場合がある。【試験ポイント】変更許可は位置・構造・設備の変更で問題になる。【ひっかけ】届出と許可の違いに注意。【選択肢ア】誤り。第4類危険物施設でも関係する。【選択肢イ】正しい。位置・構造・設備の変更で問題となる。【選択肢ウ】誤り。価格変更ではない。【選択肢エ】誤り。掲示板の有無だけで判断しない。【選択肢オ】誤り。取扱者の住所変更ではない。,製造所等の位置、構造または設備を変更する場合、変更許可が必要となる場合がある。【試験ポイント】変更許可は位置・構造・設備の変更で問題になる。【ひっかけ】届出と許可の違いに注意。【選択肢ア】誤り。第4類危険物施設でも関係する。【選択肢イ】正しい。位置・構造・設備の変更で問題となる。【選択肢ウ】誤り。価格変更ではない。【選択肢エ】誤り。掲示板の有無だけで判断しな,
211,single,法令・制度,L-096;LAW-016;検査;完成検査;基礎;重点,完成検査の説明として、正しいものはどれか。,,,,,,指定数量を自由に変更する手続きである。,設置または変更工事後、施設が基準に適合するか確認する検査である。,危険物取扱者試験の合格発表である。,免状の写真だけを確認する手続きである。,危険物の味を確認する検査である。,2,完成検査は、製造所等の設置または変更工事後、施設が法令基準に適合するかを確認する検査である。【試験ポイント】完成検査は施設使用前の重要手続き。【ひっかけ】完成検査と定期点検を混同しない。【選択肢ア】誤り。指定数量変更手続きではない。【選択肢イ】正しい。完成検査の説明である。【選択肢ウ】誤り。試験合格発表ではない。【選択肢エ】誤り。免状写真だけの確認ではない。【選択肢オ】誤り。危険物の味を確認してはならない。,1:（1）の内容は、正答（2）「設置または変更工事後、施設が基準に適合するか確認する検査である。」が示す論点とずれています。 解説の要点：完成検査は、製造所等の設置または変更工事後、施設が法令基準に適合するかを確認する検査である。【試験ポイント】完成検査は施設使用前の重要手続き。【ひっかけ】完成検査と定期点検を混同しない。【選択肢ア】誤り。指定数量変更手続きではない。【選択肢イ】正しい。完成検査の説明である。【選択… 正答（2）との違いを確認し直してください。;3:（3）「危険物取扱者試験の合格発表である。」は、単独の記述としては法令上妥当な場合がありますが、本問で選ぶべき正答は（2）「設置または変更工事後、施設が基準に適合するか確認する検査である。」です。問題文の条件（完成検査の説明として、正しいものはどれか。…）と照らし、設問が問う論点に合う肢を選び直してください。;4:（4）の内容は、正答（2）「設置または変更工事後、施設が基準に適合するか確認する検査である。」が示す論点とずれています。 解説の要点：完成検査は、製造所等の設置または変更工事後、施設が法令基準に適合するかを確認する検査である。【試験ポイント】完成検査は施設使用前の重要手続き。【ひっかけ】完成検査と定期点検を混同しない。【選択肢ア】誤り。指定数量変更手続きではない。【選択肢イ】正しい。完成検査の説明である。【選択… 正答（2）との違いを確認し直してください。;5:（5）「危険物の味を確認する検査である。」は、単独の記述としては法令上妥当な場合がありますが、本問で選ぶべき正答は（2）「設置または変更工事後、施設が基準に適合するか確認する検査である。」です。問題文の条件（完成検査の説明として、正しいものはどれか。…）と照らし、設問が問う論点に合う肢を選び直してください。,完成検査は、製造所等の設置または変更工事後、施設が法令基準に適合するかを確認する検査である。【試験ポイント】完成検査は施設使用前の重要手続き。【ひっかけ】完成検査と定期点検を混同しない。【選択肢ア】誤り。指定数量変更手続きではない。【選択肢イ】正しい。完成検査の説明である。【選択肢ウ】誤り。試験合格発表ではない。【選択肢エ】誤り。免状写真だけの確認ではない。【選択肢オ】誤り。危険物の味を確認してはならない。,完成検査は、製造所等の設置または変更工事後、施設が法令基準に適合するかを確認する検査である。【試験ポイント】完成検査は施設使用前の重要手続き。【ひっかけ】完成検査と定期点検を混同しない。【選択肢ア】誤り。指定数量変更手続きではない。【選択肢イ】正しい。完成検査の説明である。【選択肢ウ】誤り。試験合格発表ではない。【選択肢エ】誤り。免状写真だけの確認ではない。,
212,single,法令・制度,L-097;LAW-019;届出;危険物保安監督者選任・解任届出;標準;重点,危険物保安監督者を選任または解任した場合について、正しいものはどれか。,,,,,,法令上、届出が必要となる場合がある。,選任届出は、危険物の分類名である。,乙4では保安監督者の選任・解任は絶対に関係しない。,選任や解任をしても、届出制度は一切ない。,選任届出は、危険物の指定数量を計算する式である。,1,危険物保安監督者を選任または解任した場合、法令上、届出が必要となる場合がある。【試験ポイント】保安監督者は選任だけでなく届出も押さえる。【ひっかけ】選任と届出を切り離して覚えない。【選択肢ア】正しい。選任・解任届出が問題となる。【選択肢イ】誤り。分類名ではない。【選択肢ウ】誤り。乙4でも関係し得る。【選択肢エ】誤り。届出が必要となる場合がある。【選択肢オ】誤り。計算式ではない。,2:（2）「選任届出は、危険物の分類名である。」は、単独の記述としては法令上妥当な場合がありますが、本問で選ぶべき正答は（1）「法令上、届出が必要となる場合がある。」です。問題文の条件（危険物保安監督者を選任または解任した場合について、正しいものはどれか。…）と照らし、設問が問う論点に合う肢を選び直してください。;3:解説では「危険物保安監督者を選任または解任した場合、法令上、届出が必要となる場合がある。」とある一方、（3）の記述はそれと矛盾します。 解説の要点：危険物保安監督者を選任または解任した場合、法令上、届出が必要となる場合がある。【試験ポイント】保安監督者は選任だけでなく届出も押さえる。【ひっかけ】選任と届出を切り離して覚えない。【選択肢ア】正しい。選任・解任届出が問題となる。【選択肢イ】誤り。分類名ではない。【選択肢ウ】誤り。… 正答（1）との違いを確認し直してください。;4:解説では「危険物保安監督者を選任または解任した場合、法令上、届出が必要となる場合がある。」とある一方、（4）の記述はそれと矛盾します。 解説の要点：危険物保安監督者を選任または解任した場合、法令上、届出が必要となる場合がある。【試験ポイント】保安監督者は選任だけでなく届出も押さえる。【ひっかけ】選任と届出を切り離して覚えない。【選択肢ア】正しい。選任・解任届出が問題となる。【選択肢イ】誤り。分類名ではない。【選択肢ウ】誤り。… 正答（1）との違いを確認し直してください。;5:（5）の内容は、正答（1）「法令上、届出が必要となる場合がある。」が示す論点とずれています。 解説の要点：危険物保安監督者を選任または解任した場合、法令上、届出が必要となる場合がある。【試験ポイント】保安監督者は選任だけでなく届出も押さえる。【ひっかけ】選任と届出を切り離して覚えない。【選択肢ア】正しい。選任・解任届出が問題となる。【選択肢イ】誤り。分類名ではない。【選択肢ウ】誤り。… 正答（1）との違いを確認し直してください。,危険物保安監督者を選任または解任した場合、法令上、届出が必要となる場合がある。,危険物保安監督者を選任または解任した場合、法令上、届出が必要となる場合がある。【試験ポイント】保安監督者は選任だけでなく届出も押さえる。【ひっかけ】選任と届出を切り離して覚えない。【選択肢ア】正しい。選任・解任届出が問題となる。【選択肢イ】誤り。分類名ではない。【選択肢ウ】誤り。乙4でも関係し得る。【選択肢エ】誤り。届出が必要となる場合がある。【選択肢オ】誤,
213,single,法令・制度,L-098;LAW-021;届出;譲渡・引渡しの届出;標準;網羅,製造所等の譲渡または引渡しがあった場合について、正しいものはどれか。,,,,,,譲渡届出は、危険物取扱者試験の受験票である。,第4類危険物施設では譲渡や引渡しは存在しない。,法令上、届出が必要となる場合がある。,譲渡届出とは、危険物の味を確認する制度である。,所有者が変わっても、危険物施設に関する手続きは常に不要である。,3,製造所等の譲渡または引渡しがあった場合、法令上、届出が必要となる場合がある。【試験ポイント】譲渡・引渡しも届出論点。【ひっかけ】施設の所有・管理変更を軽視しない。【選択肢ア】誤り。受験票ではない。【選択肢イ】誤り。第4類施設でも譲渡・引渡しはあり得る。【選択肢ウ】正しい。譲渡・引渡し届出が問題となる。【選択肢エ】誤り。味を確認する制度ではない。【選択肢オ】誤り。手続きが必要となる場合がある。,1:（1）の内容は、正答（3）「法令上、届出が必要となる場合がある。」が示す論点とずれています。 解説の要点：製造所等の譲渡または引渡しがあった場合、法令上、届出が必要となる場合がある。【試験ポイント】譲渡・引渡しも届出論点。【ひっかけ】施設の所有・管理変更を軽視しない。【選択肢ア】誤り。受験票ではない。【選択肢イ】誤り。第4類施設でも譲渡・引渡しはあり得る。【選択肢ウ】正しい。譲渡・引… 正答（3）との違いを確認し直してください。;2:解説では「製造所等の譲渡または引渡しがあった場合、法令上、届出が必要となる場合がある。」とある一方、（2）の記述はそれと矛盾します。 解説の要点：製造所等の譲渡または引渡しがあった場合、法令上、届出が必要となる場合がある。【試験ポイント】譲渡・引渡しも届出論点。【ひっかけ】施設の所有・管理変更を軽視しない。【選択肢ア】誤り。受験票ではない。【選択肢イ】誤り。第4類施設でも譲渡・引渡しはあり得る。【選択肢ウ】正しい。譲渡・引… 正答（3）との違いを確認し直してください。;4:（4）の内容は、正答（3）「法令上、届出が必要となる場合がある。」が示す論点とずれています。 解説の要点：製造所等の譲渡または引渡しがあった場合、法令上、届出が必要となる場合がある。【試験ポイント】譲渡・引渡しも届出論点。【ひっかけ】施設の所有・管理変更を軽視しない。【選択肢ア】誤り。受験票ではない。【選択肢イ】誤り。第4類施設でも譲渡・引渡しはあり得る。【選択肢ウ】正しい。譲渡・引… 正答（3）との違いを確認し直してください。;5:解説では「製造所等の譲渡または引渡しがあった場合、法令上、届出が必要となる場合がある。」とある一方、（5）の記述はそれと矛盾します。 解説の要点：製造所等の譲渡または引渡しがあった場合、法令上、届出が必要となる場合がある。【試験ポイント】譲渡・引渡しも届出論点。【ひっかけ】施設の所有・管理変更を軽視しない。【選択肢ア】誤り。受験票ではない。【選択肢イ】誤り。第4類施設でも譲渡・引渡しはあり得る。【選択肢ウ】正しい。譲渡・引… 正答（3）との違いを確認し直してください。,製造所等の譲渡または引渡しがあった場合、法令上、届出が必要となる場合がある。,製造所等の譲渡または引渡しがあった場合、法令上、届出が必要となる場合がある。【試験ポイント】譲渡・引渡しも届出論点。【ひっかけ】施設の所有・管理変更を軽視しない。【選択肢ア】誤り。受験票ではない。【選択肢イ】誤り。第4類施設でも譲渡・引渡しはあり得る。【選択肢ウ】正しい。譲渡・引渡し届出が問題となる。【選択肢エ】誤り。味を確認する制度ではない。【選択肢オ】誤,
214,single,法令・制度,L-099;LAW-032;定期点検;定期点検が必要な施設;標準;重点,定期点検の目的として、最も適切なものはどれか。,,,,,,危険物を飲めるか確認するため。,危険物の販売価格を決めるため。,標識の色を自由に変えるため。,危険物施設の維持管理状態を確認し、事故を予防するため。,危険物取扱者試験の点数を決めるため。,4,定期点検は、危険物施設の維持管理状態を確認し、事故を予防するために行われる。【試験ポイント】定期点検は事故予防のための管理。【ひっかけ】点検記録の保存も関連して問われる。【選択肢ア】誤り。危険物を飲んではならない。【選択肢イ】誤り。販売価格決定ではない。【選択肢ウ】誤り。標識色変更のためではない。【選択肢エ】正しい。定期点検の目的である。【選択肢オ】誤り。試験点数とは関係ない。,1:（1）「危険物を飲めるか確認するため。」は、単独の記述としては法令上妥当な場合がありますが、本問で選ぶべき正答は（4）「危険物施設の維持管理状態を確認し、事故を予防するため。」です。問題文の条件（定期点検の目的として、最も適切なものはどれか。…）と照らし、設問が問う論点に合う肢を選び直してください。;2:（2）「危険物の販売価格を決めるため。」は、単独の記述としては法令上妥当な場合がありますが、本問で選ぶべき正答は（4）「危険物施設の維持管理状態を確認し、事故を予防するため。」です。問題文の条件（定期点検の目的として、最も適切なものはどれか。…）と照らし、設問が問う論点に合う肢を選び直してください。;3:（3）「標識の色を自由に変えるため。」は、単独の記述としては法令上妥当な場合がありますが、本問で選ぶべき正答は（4）「危険物施設の維持管理状態を確認し、事故を予防するため。」です。問題文の条件（定期点検の目的として、最も適切なものはどれか。…）と照らし、設問が問う論点に合う肢を選び直してください。;5:（5）「危険物取扱者試験の点数を決めるため。」は、単独の記述としては法令上妥当な場合がありますが、本問で選ぶべき正答は（4）「危険物施設の維持管理状態を確認し、事故を予防するため。」です。問題文の条件（定期点検の目的として、最も適切なものはどれか。…）と照らし、設問が問う論点に合う肢を選び直してください。,定期点検は、危険物施設の維持管理状態を確認し、事故を予防するために行われる。,定期点検は、危険物施設の維持管理状態を確認し、事故を予防するために行われる。【試験ポイント】定期点検は事故予防のための管理。【ひっかけ】点検記録の保存も関連して問われる。【選択肢ア】誤り。危険物を飲んではならない。【選択肢イ】誤り。販売価格決定ではない。【選択肢ウ】誤り。標識色変更のためではない。【選択肢エ】正しい。定期点検の目的である。【選択肢オ】誤り。試,
215,single,法令・制度,L-100;LAW-033;定期点検;点検記録の保存;標準;網羅,定期点検記録について、正しいものはどれか。,,,,,,危険物の味を記録するものである。,危険物取扱者試験の答案用紙である。,作成し、一定期間保存することが求められる場合がある。,指定数量を自動で変更する帳票である。,点検後ただちに破棄しなければならない。,3,定期点検を行った場合、点検記録を作成し、一定期間保存することが求められる場合がある。【試験ポイント】定期点検は記録保存まで押さえる。【ひっかけ】点検だけで終わりではない。【選択肢ア】誤り。味を記録するものではない。【選択肢イ】誤り。答案用紙ではない。【選択肢ウ】正しい。記録作成・保存が必要となる場合がある。【選択肢エ】誤り。指定数量を変更する帳票ではない。【選択肢オ】誤り。ただちに破棄するものではない。,1:（1）「危険物の味を記録するものである。」は、単独の記述としては法令上妥当な場合がありますが、本問で選ぶべき正答は（3）「作成し、一定期間保存することが求められる場合がある。」です。問題文の条件（定期点検記録について、正しいものはどれか。…）と照らし、設問が問う論点に合う肢を選び直してください。;2:（2）「危険物取扱者試験の答案用紙である。」は、単独の記述としては法令上妥当な場合がありますが、本問で選ぶべき正答は（3）「作成し、一定期間保存することが求められる場合がある。」です。問題文の条件（定期点検記録について、正しいものはどれか。…）と照らし、設問が問う論点に合う肢を選び直してください。;4:（4）「指定数量を自動で変更する帳票である。」は、単独の記述としては法令上妥当な場合がありますが、本問で選ぶべき正答は（3）「作成し、一定期間保存することが求められる場合がある。」です。問題文の条件（定期点検記録について、正しいものはどれか。…）と照らし、設問が問う論点に合う肢を選び直してください。;5:解説では「定期点検を行った場合、点検記録を作成し、一定期間保存することが求められる場合がある。」とある一方、（5）の記述はそれと矛盾します。 解説の要点：定期点検を行った場合、点検記録を作成し、一定期間保存することが求められる場合がある。【試験ポイント】定期点検は記録保存まで押さえる。【ひっかけ】点検だけで終わりではない。【選択肢ア】誤り。味を記録するものではない。【選択肢イ】誤り。答案用紙ではない。【選択肢ウ】正しい。記録作成・… 正答（3）との違いを確認し直してください。,定期点検を行った場合、点検記録を作成し、一定期間保存することが求められる場合がある。,定期点検を行った場合、点検記録を作成し、一定期間保存することが求められる場合がある。【試験ポイント】定期点検は記録保存まで押さえる。【ひっかけ】点検だけで終わりではない。【選択肢ア】誤り。味を記録するものではない。【選択肢イ】誤り。答案用紙ではない。【選択肢ウ】正しい。記録作成・保存が必要となる場合がある。【選択肢エ】誤り。指定数量を変更する帳票ではない。【,
216,single,法令・制度,L-101;LAW-034;保安検査;保安検査の対象;標準;網羅,保安検査と定期点検の説明として、正しいものはどれか。,,,,,,いずれも危険物施設の安全確保に関係するが、制度上は区別される。,完全に同じ制度であり、名称以外に違いはない。,どちらも危険物の味を確認する検査である。,どちらも危険物取扱者試験の採点方法である。,第4類危険物ではどちらも一切関係しない。,1,保安検査と定期点検はいずれも危険物施設の安全確保に関係するが、制度上は区別される。【試験ポイント】保安検査と定期点検を区別する。【ひっかけ】似た言葉を同一視しない。【選択肢ア】正しい。安全確保に関係するが別の制度である。【選択肢イ】誤り。完全に同じ制度ではない。【選択肢ウ】誤り。味を確認する検査ではない。【選択肢エ】誤り。試験採点方法ではない。【選択肢オ】誤り。第4類施設でも関係し得る。,2:解説では「安全確保に関係するが別の制度である。」とある一方、（2）の記述はそれと矛盾します。 解説の要点：保安検査と定期点検はいずれも危険物施設の安全確保に関係するが、制度上は区別される。【試験ポイント】保安検査と定期点検を区別する。【ひっかけ】似た言葉を同一視しない。【選択肢ア】正しい。安全確保に関係するが別の制度である。【選択肢イ】誤り。完全に同じ制度ではない。【選択肢ウ】誤り。… 正答（1）との違いを確認し直してください。;3:（3）の内容は、正答（1）「いずれも危険物施設の安全確保に関係するが、制度上は区別される。」が示す論点とずれています。 解説の要点：保安検査と定期点検はいずれも危険物施設の安全確保に関係するが、制度上は区別される。【試験ポイント】保安検査と定期点検を区別する。【ひっかけ】似た言葉を同一視しない。【選択肢ア】正しい。安全確保に関係するが別の制度である。【選択肢イ】誤り。完全に同じ制度ではない。【選択肢ウ】誤り。… 正答（1）との違いを確認し直してください。;4:根拠の記述が異なります。解説では「試験採点方法」が根拠ですが、（4）は「危険物取扱者試験の採点方法」を根拠とする内容です。 解説の要点：保安検査と定期点検はいずれも危険物施設の安全確保に関係するが、制度上は区別される。【試験ポイント】保安検査と定期点検を区別する。【ひっかけ】似た言葉を同一視しない。【選択肢ア】正しい。安全確保に関係するが別の制度である。【選択肢イ】誤り。完全に同じ制度ではない。【選択肢ウ】誤り。… 正答（1）との違いを確認し直してください。;5:解説では「安全確保に関係するが別の制度である。」とある一方、（5）の記述はそれと矛盾します。 解説の要点：保安検査と定期点検はいずれも危険物施設の安全確保に関係するが、制度上は区別される。【試験ポイント】保安検査と定期点検を区別する。【ひっかけ】似た言葉を同一視しない。【選択肢ア】正しい。安全確保に関係するが別の制度である。【選択肢イ】誤り。完全に同じ制度ではない。【選択肢ウ】誤り。… 正答（1）との違いを確認し直してください。,保安検査と定期点検はいずれも危険物施設の安全確保に関係するが、制度上は区別される。,保安検査と定期点検はいずれも危険物施設の安全確保に関係するが、制度上は区別される。【試験ポイント】保安検査と定期点検を区別する。【ひっかけ】似た言葉を同一視しない。【選択肢ア】正しい。安全確保に関係するが別の制度である。【選択肢イ】誤り。完全に同じ制度ではない。【選択肢ウ】誤り。味を確認する検査ではない。【選択肢エ】誤り。試験採点方法ではない。【選択肢オ】誤,
217,single,法令・制度,L-102;LAW-036;事故時対応;災害発生時の応急措置;基礎;重点,危険物の流出事故が発生した場合の対応として、適切なものはどれか。,,,,,,容器をさらに開放して蒸気を増やす。,流出拡大を防ぎ、火気を避け、必要な通報を行う。,火気を近づけて蒸気の有無を確認する。,周囲に知らせず、放置する。,流出物をすべて下水へ流す。,2,危険物の流出時は、流出拡大防止、火気厳禁、通報、回収などの応急措置が重要である。【試験ポイント】事故時は拡大防止・火気厳禁・通報。【ひっかけ】下水へ流さない。【選択肢ア】誤り。蒸気を増やすのは危険である。【選択肢イ】正しい。適切な応急対応である。【選択肢ウ】誤り。火気を近づけてはならない。【選択肢エ】誤り。放置してはならない。【選択肢オ】誤り。下水へ流してはならない。,1:（1）「容器をさらに開放して蒸気を増やす。」は、単独の記述としては法令上妥当な場合がありますが、本問で選ぶべき正答は（2）「流出拡大を防ぎ、火気を避け、必要な通報を行う。」です。問題文の条件（危険物の流出事故が発生した場合の対応として、適切なものはどれか。…）と照らし、設問が問う論点に合う肢を選び直してください。;3:（3）「火気を近づけて蒸気の有無を確認する。」は、単独の記述としては法令上妥当な場合がありますが、本問で選ぶべき正答は（2）「流出拡大を防ぎ、火気を避け、必要な通報を行う。」です。問題文の条件（危険物の流出事故が発生した場合の対応として、適切なものはどれか。…）と照らし、設問が問う論点に合う肢を選び直してください。;4:（4）「周囲に知らせず、放置する。」は、単独の記述としては法令上妥当な場合がありますが、本問で選ぶべき正答は（2）「流出拡大を防ぎ、火気を避け、必要な通報を行う。」です。問題文の条件（危険物の流出事故が発生した場合の対応として、適切なものはどれか。…）と照らし、設問が問う論点に合う肢を選び直してください。;5:（5）「流出物をすべて下水へ流す。」は、単独の記述としては法令上妥当な場合がありますが、本問で選ぶべき正答は（2）「流出拡大を防ぎ、火気を避け、必要な通報を行う。」です。問題文の条件（危険物の流出事故が発生した場合の対応として、適切なものはどれか。…）と照らし、設問が問う論点に合う肢を選び直してください。,危険物の流出時は、流出拡大防止、火気厳禁、通報、回収などの応急措置が重要である。【試験ポイント】事故時は拡大防止・火気厳禁・通報。【ひっかけ】下水へ流さない。【選択肢ア】誤り。蒸気を増やすのは危険である。【選択肢イ】正しい。適切な応急対応である。【選択肢ウ】誤り。火気を近づけてはならない。【選択肢エ】誤り。放置してはならない。【選択肢オ】誤り。下水へ流してはならない。,危険物の流出時は、流出拡大防止、火気厳禁、通報、回収などの応急措置が重要である。【試験ポイント】事故時は拡大防止・火気厳禁・通報。【ひっかけ】下水へ流さない。【選択肢ア】誤り。蒸気を増やすのは危険である。【選択肢イ】正しい。適切な応急対応である。【選択肢ウ】誤り。火気を近づけてはならない。【選択肢エ】誤り。放置してはならない。【選択肢オ】誤り。下水へ流しては,
218,single,法令・制度,L-103;LAW-039;標識・掲示板;標識・掲示板の設置;基礎;重点,危険物施設に標識や掲示板を設ける目的として、適切なものはどれか。,,,,,,免状の写真を掲示するためだけ。,危険物を不燃性にするため。,危険物の味を知らせるため。,指定数量を自由に変えるため。,施設の種類や危険物の性質、注意事項を明示するため。,5,標識や掲示板は、施設の種類、危険物の性質、注意事項などを明示し、安全管理に役立てるために設けられる。【試験ポイント】標識・掲示板は危険の明示と注意喚起。【ひっかけ】掲示板を単なる飾りと考えない。【選択肢ア】誤り。免状写真だけの掲示ではない。【選択肢イ】誤り。不燃性にするものではない。【選択肢ウ】誤り。味を知らせるものではない。【選択肢エ】誤り。指定数量を変えない。【選択肢オ】正しい。標識・掲示板の目的である。,1:（1）「免状の写真を掲示するためだけ。」は、単独の記述としては法令上妥当な場合がありますが、本問で選ぶべき正答は（5）「施設の種類や危険物の性質、注意事項を明示するため。」です。問題文の条件（危険物施設に標識や掲示板を設ける目的として、適切なものはどれか。…）と照らし、設問が問う論点に合う肢を選び直してください。;2:（2）「危険物を不燃性にするため。」は、単独の記述としては法令上妥当な場合がありますが、本問で選ぶべき正答は（5）「施設の種類や危険物の性質、注意事項を明示するため。」です。問題文の条件（危険物施設に標識や掲示板を設ける目的として、適切なものはどれか。…）と照らし、設問が問う論点に合う肢を選び直してください。;3:（3）「危険物の味を知らせるため。」は、単独の記述としては法令上妥当な場合がありますが、本問で選ぶべき正答は（5）「施設の種類や危険物の性質、注意事項を明示するため。」です。問題文の条件（危険物施設に標識や掲示板を設ける目的として、適切なものはどれか。…）と照らし、設問が問う論点に合う肢を選び直してください。;4:（4）「指定数量を自由に変えるため。」は、単独の記述としては法令上妥当な場合がありますが、本問で選ぶべき正答は（5）「施設の種類や危険物の性質、注意事項を明示するため。」です。問題文の条件（危険物施設に標識や掲示板を設ける目的として、適切なものはどれか。…）と照らし、設問が問う論点に合う肢を選び直してください。,標識や掲示板は、施設の種類、危険物の性質、注意事項などを明示し、安全管理に役立てるために設けられる。【試験ポイント】標識・掲示板は危険の明示と注意喚起。【ひっかけ】掲示板を単なる飾りと考えない。【選択肢ア】誤り。免状写真だけの掲示ではない。【選択肢イ】誤り。不燃性にするものではない。【選択肢ウ】誤り。味を知らせるものではない。【選択肢エ】誤り。指定数量を変えない。【選択肢オ】正しい。標識・掲示板の目的である。,標識や掲示板は、施設の種類、危険物の性質、注意事項などを明示し、安全管理に役立てるために設けられる。【試験ポイント】標識・掲示板は危険の明示と注意喚起。【ひっかけ】掲示板を単なる飾りと考えない。【選択肢ア】誤り。免状写真だけの掲示ではない。【選択肢イ】誤り。不燃性にするものではない。【選択肢ウ】誤り。味を知らせるものではない。【選択肢エ】誤り。指定数量を変え,
219,single,法令・制度,L-104;LAW-042;警報設備等;警報設備・避難設備;基礎;網羅,避難設備の役割として、適切なものはどれか。,,,,,,危険物の指定数量を増やす設備である。,危険物取扱者免状を印刷する設備である。,火災等の際に安全な避難を助けるための設備である。,危険物を販売するためのレジである。,可燃性蒸気を発生させる設備である。,3,避難設備は、火災等の際に安全な避難を助けるための設備である。【試験ポイント】避難設備は安全な避難を助ける。【ひっかけ】警報設備・消火設備との違いを押さえる。【選択肢ア】誤り。指定数量を増やさない。【選択肢イ】誤り。免状印刷設備ではない。【選択肢ウ】正しい。避難設備の役割である。【選択肢エ】誤り。販売レジではない。【選択肢オ】誤り。蒸気発生設備ではない。,1:（1）「危険物の指定数量を増やす設備である。」は、単独の記述としては法令上妥当な場合がありますが、本問で選ぶべき正答は（3）「火災等の際に安全な避難を助けるための設備である。」です。問題文の条件（避難設備の役割として、適切なものはどれか。…）と照らし、設問が問う論点に合う肢を選び直してください。;2:（2）の内容は、正答（3）「火災等の際に安全な避難を助けるための設備である。」が示す論点とずれています。 解説の要点：避難設備は、火災等の際に安全な避難を助けるための設備である。【試験ポイント】避難設備は安全な避難を助ける。【ひっかけ】警報設備・消火設備との違いを押さえる。【選択肢ア】誤り。指定数量を増やさない。【選択肢イ】誤り。免状印刷設備ではない。【選択肢ウ】正しい。避難設備の役割である。【… 正答（3）との違いを確認し直してください。;4:（4）「危険物を販売するためのレジである。」は、単独の記述としては法令上妥当な場合がありますが、本問で選ぶべき正答は（3）「火災等の際に安全な避難を助けるための設備である。」です。問題文の条件（避難設備の役割として、適切なものはどれか。…）と照らし、設問が問う論点に合う肢を選び直してください。;5:（5）「可燃性蒸気を発生させる設備である。」は、単独の記述としては法令上妥当な場合がありますが、本問で選ぶべき正答は（3）「火災等の際に安全な避難を助けるための設備である。」です。問題文の条件（避難設備の役割として、適切なものはどれか。…）と照らし、設問が問う論点に合う肢を選び直してください。,避難設備は、火災等の際に安全な避難を助けるための設備である。,避難設備は、火災等の際に安全な避難を助けるための設備である。【試験ポイント】避難設備は安全な避難を助ける。【ひっかけ】警報設備・消火設備との違いを押さえる。【選択肢ア】誤り。指定数量を増やさない。【選択肢イ】誤り。免状印刷設備ではない。【選択肢ウ】正しい。避難設備の役割である。【選択肢エ】誤り。販売レジではない。【選択肢オ】誤り。蒸気発生設備ではない。,
220,single,法令・制度,L-105;LAW-049;貯蔵所基準;移動タンク貯蔵所の基準;標準;重点,移動タンク貯蔵所の説明として、誤っているものはどれか。,,,,,,常に給油取扱所に分類される。,貯蔵所の一種である。,車両に固定されたタンクで危険物を移送する施設である。,タンクローリーが代表的なイメージである。,危険物の漏えい防止が重要である。,1,移動タンク貯蔵所は貯蔵所の一種であり、給油取扱所ではない。【試験ポイント】移動タンク貯蔵所は貯蔵所。【ひっかけ】『移動』という語で取扱所と誤解しない。【選択肢ア】誤り。移動タンク貯蔵所は給油取扱所ではなく貯蔵所である。【選択肢イ】正しい。貯蔵所の一種である。【選択肢ウ】正しい。車両に固定されたタンクで移送する。【選択肢エ】正しい。タンクローリーが代表的なイメージである。【選択肢オ】正しい。漏えい防止は重要である。,2:（2）「貯蔵所の一種である。」は、単独の記述としては法令上妥当な場合がありますが、本問で選ぶべき正答は（1）「常に給油取扱所に分類される。」です。問題文の条件（移動タンク貯蔵所の説明として、誤っているものはどれか。…）と照らし、設問が問う論点に合う肢を選び直してください。;3:（3）の内容は、正答（1）「常に給油取扱所に分類される。」が示す論点とずれています。 解説の要点：移動タンク貯蔵所は貯蔵所の一種であり、給油取扱所ではない。【試験ポイント】移動タンク貯蔵所は貯蔵所。【ひっかけ】『移動』という語で取扱所と誤解しない。【選択肢ア】誤り。移動タンク貯蔵所は給油取扱所ではなく貯蔵所である。【選択肢イ】正しい。貯蔵所の一種である。【選択肢ウ】正しい。車… 正答（1）との違いを確認し直してください。;4:（4）の内容は、正答（1）「常に給油取扱所に分類される。」が示す論点とずれています。 解説の要点：移動タンク貯蔵所は貯蔵所の一種であり、給油取扱所ではない。【試験ポイント】移動タンク貯蔵所は貯蔵所。【ひっかけ】『移動』という語で取扱所と誤解しない。【選択肢ア】誤り。移動タンク貯蔵所は給油取扱所ではなく貯蔵所である。【選択肢イ】正しい。貯蔵所の一種である。【選択肢ウ】正しい。車… 正答（1）との違いを確認し直してください。;5:（5）「危険物の漏えい防止が重要である。」は、単独の記述としては法令上妥当な場合がありますが、本問で選ぶべき正答は（1）「常に給油取扱所に分類される。」です。問題文の条件（移動タンク貯蔵所の説明として、誤っているものはどれか。…）と照らし、設問が問う論点に合う肢を選び直してください。,移動タンク貯蔵所は貯蔵所の一種であり、給油取扱所ではない。【試験ポイント】移動タンク貯蔵所は貯蔵所。【ひっかけ】『移動』という語で取扱所と誤解しない。【選択肢ア】誤り。移動タンク貯蔵所は給油取扱所ではなく貯蔵所である。【選択肢イ】正しい。貯蔵所の一種である。【選択肢ウ】正しい。車両に固定されたタンクで移送する。【選択肢エ】正しい。タンクローリーが代表的なイメージである。【選択肢オ】正しい。漏えい防止は重要である。,移動タンク貯蔵所は貯蔵所の一種であり、給油取扱所ではない。【試験ポイント】移動タンク貯蔵所は貯蔵所。【ひっかけ】『移動』という語で取扱所と誤解しない。【選択肢ア】誤り。移動タンク貯蔵所は給油取扱所ではなく貯蔵所である。【選択肢イ】正しい。貯蔵所の一種である。【選択肢ウ】正しい。車両に固定されたタンクで移送する。【選択肢エ】正しい。タンクローリーが代表的なイメ,
221,single,法令・制度,L-106;LAW-050;取扱所基準;給油取扱所の基準;基礎;重点,給油取扱所で特に注意すべき事項として、適切なものはどれか。,,,,,,可燃性蒸気をためるため換気を避ける。,漏れたガソリンを下水へ流す。,裸火を使ってガソリン蒸気を確認する。,火気管理、漏えい防止、静電気対策に注意する。,給油中は喫煙を推奨する。,4,給油取扱所ではガソリン等の第4類危険物を扱うため、火気管理、漏えい防止、静電気対策が重要である。【試験ポイント】給油取扱所では火気・漏えい・静電気に注意。【ひっかけ】ガソリン蒸気確認に火を使わない。【選択肢ア】誤り。換気は重要である。【選択肢イ】誤り。下水へ流してはならない。【選択肢ウ】誤り。裸火は危険である。【選択肢エ】正しい。給油取扱所の安全管理として適切である。【選択肢オ】誤り。喫煙は危険である。,1:（1）「可燃性蒸気をためるため換気を避ける。」は、単独の記述としては法令上妥当な場合がありますが、本問で選ぶべき正答は（4）「火気管理、漏えい防止、静電気対策に注意する。」です。問題文の条件（給油取扱所で特に注意すべき事項として、適切なものはどれか。…）と照らし、設問が問う論点に合う肢を選び直してください。;2:（2）「漏れたガソリンを下水へ流す。」は、単独の記述としては法令上妥当な場合がありますが、本問で選ぶべき正答は（4）「火気管理、漏えい防止、静電気対策に注意する。」です。問題文の条件（給油取扱所で特に注意すべき事項として、適切なものはどれか。…）と照らし、設問が問う論点に合う肢を選び直してください。;3:（3）「裸火を使ってガソリン蒸気を確認する。」は、単独の記述としては法令上妥当な場合がありますが、本問で選ぶべき正答は（4）「火気管理、漏えい防止、静電気対策に注意する。」です。問題文の条件（給油取扱所で特に注意すべき事項として、適切なものはどれか。…）と照らし、設問が問う論点に合う肢を選び直してください。;5:（5）「給油中は喫煙を推奨する。」は、単独の記述としては法令上妥当な場合がありますが、本問で選ぶべき正答は（4）「火気管理、漏えい防止、静電気対策に注意する。」です。問題文の条件（給油取扱所で特に注意すべき事項として、適切なものはどれか。…）と照らし、設問が問う論点に合う肢を選び直してください。,給油取扱所ではガソリン等の第4類危険物を扱うため、火気管理、漏えい防止、静電気対策が重要である。【試験ポイント】給油取扱所では火気・漏えい・静電気に注意。【ひっかけ】ガソリン蒸気確認に火を使わない。【選択肢ア】誤り。換気は重要である。【選択肢イ】誤り。下水へ流してはならない。【選択肢ウ】誤り。裸火は危険である。【選択肢エ】正しい。給油取扱所の安全管理として適切である。【選択肢オ】誤り。喫煙は危険である。,給油取扱所ではガソリン等の第4類危険物を扱うため、火気管理、漏えい防止、静電気対策が重要である。【試験ポイント】給油取扱所では火気・漏えい・静電気に注意。【ひっかけ】ガソリン蒸気確認に火を使わない。【選択肢ア】誤り。換気は重要である。【選択肢イ】誤り。下水へ流してはならない。【選択肢ウ】誤り。裸火は危険である。【選択肢エ】正しい。給油取扱所の安全管理として適,
222,single,法令・制度,L-107;LAW-051;取扱所基準;セルフ式給油取扱所の基準;標準;網羅,セルフ式給油取扱所の管理について、適切なものはどれか。,,,,,,顧客が自由に扱うため、監視は一切不要である。,顧客の給油状況を監視し、安全確保を行う。,火気使用を推奨する。,危険物取扱者制度とは一切関係しない。,漏えい時も営業を続けることを優先する。,2,セルフ式給油取扱所では、顧客が自ら給油するため、監視や安全確保が重要である。【試験ポイント】セルフ式は監視体制が重要。【ひっかけ】セルフ式＝無管理ではない。【選択肢ア】誤り。監視不要ではない。【選択肢イ】正しい。監視と安全確保が必要である。【選択肢ウ】誤り。火気使用は危険である。【選択肢エ】誤り。危険物取扱者制度と関係する。【選択肢オ】誤り。漏えい時は適切な措置が必要である。,1:解説では「セルフ式給油取扱所では、顧客が自ら給油するため、監視や安全確保が重要である。」とある一方、（1）の記述はそれと矛盾します。 解説の要点：セルフ式給油取扱所では、顧客が自ら給油するため、監視や安全確保が重要である。【試験ポイント】セルフ式は監視体制が重要。【ひっかけ】セルフ式＝無管理ではない。【選択肢ア】誤り。監視不要ではない。【選択肢イ】正しい。監視と安全確保が必要である。【選択肢ウ】誤り。火気使用は危険である。… 正答（2）との違いを確認し直してください。;3:（3）「火気使用を推奨する。」は、単独の記述としては法令上妥当な場合がありますが、本問で選ぶべき正答は（2）「顧客の給油状況を監視し、安全確保を行う。」です。問題文の条件（セルフ式給油取扱所の管理について、適切なものはどれか。…）と照らし、設問が問う論点に合う肢を選び直してください。;4:（4）「危険物取扱者制度とは一切関係しない。」は、単独の記述としては法令上妥当な場合がありますが、本問で選ぶべき正答は（2）「顧客の給油状況を監視し、安全確保を行う。」です。問題文の条件（セルフ式給油取扱所の管理について、適切なものはどれか。…）と照らし、設問が問う論点に合う肢を選び直してください。;5:（5）の内容は、正答（2）「顧客の給油状況を監視し、安全確保を行う。」が示す論点とずれています。 解説の要点：セルフ式給油取扱所では、顧客が自ら給油するため、監視や安全確保が重要である。【試験ポイント】セルフ式は監視体制が重要。【ひっかけ】セルフ式＝無管理ではない。【選択肢ア】誤り。監視不要ではない。【選択肢イ】正しい。監視と安全確保が必要である。【選択肢ウ】誤り。火気使用は危険である。… 正答（2）との違いを確認し直してください。,セルフ式給油取扱所では、顧客が自ら給油するため、監視や安全確保が重要である。【試験ポイント】セルフ式は監視体制が重要。【ひっかけ】セルフ式＝無管理ではない。【選択肢ア】誤り。監視不要ではない。【選択肢イ】正しい。監視と安全確保が必要である。【選択肢ウ】誤り。火気使用は危険である。【選択肢エ】誤り。危険物取扱者制度と関係する。【選択肢オ】誤り。漏えい時は適切な措置が必要である。,セルフ式給油取扱所では、顧客が自ら給油するため、監視や安全確保が重要である。【試験ポイント】セルフ式は監視体制が重要。【ひっかけ】セルフ式＝無管理ではない。【選択肢ア】誤り。監視不要ではない。【選択肢イ】正しい。監視と安全確保が必要である。【選択肢ウ】誤り。火気使用は危険である。【選択肢エ】誤り。危険物取扱者制度と関係する。【選択肢オ】誤り。漏えい時は適切な,
223,single,法令・制度,L-108;LAW-053;取扱所基準;移送取扱所の基準;標準;網羅,移送取扱所と移動タンク貯蔵所の違いとして、正しいものはどれか。,,,,,,移送取扱所は必ず家庭内に設ける施設である。,移動タンク貯蔵所は常に給油取扱所である。,どちらも危険物取扱者免状の種類である。,移送取扱所は配管等による移送、移動タンク貯蔵所は車両に固定されたタンクによる移送に関係する。,どちらも第1類危険物だけを扱う施設である。,4,移送取扱所は配管等による危険物の移送、移動タンク貯蔵所は車両に固定されたタンクによる危険物の移送に関係する。両者は区別する。【試験ポイント】移送取扱所と移動タンク貯蔵所を区別する。【ひっかけ】『移送』と『移動』の語感だけで判断しない。【選択肢ア】誤り。家庭内施設ではない。【選択肢イ】誤り。移動タンク貯蔵所は貯蔵所である。【選択肢ウ】誤り。免状の種類ではない。【選択肢エ】正しい。両者の違いとして妥当である。【選択肢オ】誤り。第1類だけを扱うわけではない。,1:（1）の内容は、正答（4）「移送取扱所は配管等による移送、移動タンク貯蔵所は車両に固定されたタンクによる移送に関係する。」が示す論点とずれています。 解説の要点：移送取扱所は配管等による危険物の移送、移動タンク貯蔵所は車両に固定されたタンクによる危険物の移送に関係する。両者は区別する。【試験ポイント】移送取扱所と移動タンク貯蔵所を区別する。【ひっかけ】『移送』と『移動』の語感だけで判断しない。【選択肢ア】誤り。家庭内施設ではない。【選択肢… 正答（4）との違いを確認し直してください。;2:（2）の内容は、正答（4）「移送取扱所は配管等による移送、移動タンク貯蔵所は車両に固定されたタンクによる移送に関係する。」が示す論点とずれています。 解説の要点：移送取扱所は配管等による危険物の移送、移動タンク貯蔵所は車両に固定されたタンクによる危険物の移送に関係する。両者は区別する。【試験ポイント】移送取扱所と移動タンク貯蔵所を区別する。【ひっかけ】『移送』と『移動』の語感だけで判断しない。【選択肢ア】誤り。家庭内施設ではない。【選択肢… 正答（4）との違いを確認し直してください。;3:（3）の内容は、正答（4）「移送取扱所は配管等による移送、移動タンク貯蔵所は車両に固定されたタンクによる移送に関係する。」が示す論点とずれています。 解説の要点：移送取扱所は配管等による危険物の移送、移動タンク貯蔵所は車両に固定されたタンクによる危険物の移送に関係する。両者は区別する。【試験ポイント】移送取扱所と移動タンク貯蔵所を区別する。【ひっかけ】『移送』と『移動』の語感だけで判断しない。【選択肢ア】誤り。家庭内施設ではない。【選択肢… 正答（4）との違いを確認し直してください。;5:（5）の内容は、正答（4）「移送取扱所は配管等による移送、移動タンク貯蔵所は車両に固定されたタンクによる移送に関係する。」が示す論点とずれています。 解説の要点：移送取扱所は配管等による危険物の移送、移動タンク貯蔵所は車両に固定されたタンクによる危険物の移送に関係する。両者は区別する。【試験ポイント】移送取扱所と移動タンク貯蔵所を区別する。【ひっかけ】『移送』と『移動』の語感だけで判断しない。【選択肢ア】誤り。家庭内施設ではない。【選択肢… 正答（4）との違いを確認し直してください。,移送取扱所は配管等による危険物の移送、移動タンク貯蔵所は車両に固定されたタンクによる危険物の移送に関係する。両者は区別する。【試験ポイント】移送取扱所と移動タンク貯蔵所を区別する。【ひっかけ】『移送』と『移動』の語感だけで判断しない。【選択肢ア】誤り。家庭内施設ではない。【選択肢イ】誤り。移動タンク貯蔵所は貯蔵所である。【選択肢ウ】誤り。免状の種類ではない。【選択肢エ】正しい。両者の違いとして妥当である。【選択肢オ】誤り。第1類だけを扱うわけではない。,移送取扱所は配管等による危険物の移送、移動タンク貯蔵所は車両に固定されたタンクによる危険物の移送に関係する。両者は区別する。【試験ポイント】移送取扱所と移動タンク貯蔵所を区別する。【ひっかけ】『移送』と『移動』の語感だけで判断しない。【選択肢ア】誤り。家庭内施設ではない。【選択肢イ】誤り。移動タンク貯蔵所は貯蔵所である。【選択肢ウ】誤り。免状の種類ではない。,
224,single,法令・制度,L-109;LAW-054;取扱所基準;一般取扱所の基準;基礎;網羅,一般取扱所に該当するものとして、最も適切なものはどれか。,,,,,,危険物取扱者試験を行う施設,地盤面下のタンクで危険物を貯蔵する施設,給油取扱所、販売取扱所、移送取扱所以外で危険物を取り扱う取扱所,危険物の指定数量を表示する表,屋外に設置したタンクで危険物を貯蔵する施設,3,一般取扱所は、給油取扱所、販売取扱所、移送取扱所以外で危険物を取り扱う取扱所である。【試験ポイント】一般取扱所は取扱所の一種。【ひっかけ】貯蔵所と取扱所を混同しない。【選択肢ア】誤り。試験施設ではない。【選択肢イ】誤り。地下タンク貯蔵所の説明である。【選択肢ウ】正しい。一般取扱所の説明である。【選択肢エ】誤り。指定数量表ではない。【選択肢オ】誤り。屋外タンク貯蔵所の説明である。,1:（1）「危険物取扱者試験を行う施設」は、単独の記述としては法令上妥当な場合がありますが、本問で選ぶべき正答は（3）「給油取扱所、販売取扱所、移送取扱所以外で危険物を取り扱う取扱所」です。問題文の条件（一般取扱所に該当するものとして、最も適切なものはどれか。…）と照らし、設問が問う論点に合う肢を選び直してください。;2:（2）の内容は、正答（3）「給油取扱所、販売取扱所、移送取扱所以外で危険物を取り扱う取扱所」が示す論点とずれています。 解説の要点：一般取扱所は、給油取扱所、販売取扱所、移送取扱所以外で危険物を取り扱う取扱所である。【試験ポイント】一般取扱所は取扱所の一種。【ひっかけ】貯蔵所と取扱所を混同しない。【選択肢ア】誤り。試験施設ではない。【選択肢イ】誤り。地下タンク貯蔵所の説明である。【選択肢ウ】正しい。一般取扱所… 正答（3）との違いを確認し直してください。;4:（4）「危険物の指定数量を表示する表」は、単独の記述としては法令上妥当な場合がありますが、本問で選ぶべき正答は（3）「給油取扱所、販売取扱所、移送取扱所以外で危険物を取り扱う取扱所」です。問題文の条件（一般取扱所に該当するものとして、最も適切なものはどれか。…）と照らし、設問が問う論点に合う肢を選び直してください。;5:（5）の内容は、正答（3）「給油取扱所、販売取扱所、移送取扱所以外で危険物を取り扱う取扱所」が示す論点とずれています。 解説の要点：一般取扱所は、給油取扱所、販売取扱所、移送取扱所以外で危険物を取り扱う取扱所である。【試験ポイント】一般取扱所は取扱所の一種。【ひっかけ】貯蔵所と取扱所を混同しない。【選択肢ア】誤り。試験施設ではない。【選択肢イ】誤り。地下タンク貯蔵所の説明である。【選択肢ウ】正しい。一般取扱所… 正答（3）との違いを確認し直してください。,一般取扱所は、給油取扱所、販売取扱所、移送取扱所以外で危険物を取り扱う取扱所である。,一般取扱所は、給油取扱所、販売取扱所、移送取扱所以外で危険物を取り扱う取扱所である。【試験ポイント】一般取扱所は取扱所の一種。【ひっかけ】貯蔵所と取扱所を混同しない。【選択肢ア】誤り。試験施設ではない。【選択肢イ】誤り。地下タンク貯蔵所の説明である。【選択肢ウ】正しい。一般取扱所の説明である。【選択肢エ】誤り。指定数量表ではない。【選択肢オ】誤り。屋外タンク,
225,single,法令・制度,L-110;LAW-061;総合問題;法令分野の複合・ひっかけ問題;標準;総合,危険物法令の説明として、正しいものはどれか。,,,,,,指定数量は、危険物の販売価格を表す。,第4類危険物は酸化性固体である。,危険物取扱者免状があれば、施設の設置許可は常に不要である。,製造所等とは、免状を持つ人の総称である。,施設の許可、取扱者の資格、指定数量はそれぞれ別の論点である。,5,危険物法令では、施設の許可、取扱者の資格、指定数量などを別々の論点として整理する必要がある。【試験ポイント】施設許可・資格・指定数量を分けて理解する。【ひっかけ】免状があれば施設許可不要、という誤解に注意。【選択肢ア】誤り。指定数量は販売価格ではない。【選択肢イ】誤り。第4類は引火性液体である。【選択肢ウ】誤り。免状と施設許可は別である。【選択肢エ】誤り。製造所等は施設の総称である。【選択肢オ】正しい。各制度は別の論点である。,1:（1）「指定数量は、危険物の販売価格を表す。」は、単独の記述としては法令上妥当な場合がありますが、本問で選ぶべき正答は（5）「施設の許可、取扱者の資格、指定数量はそれぞれ別の論点である。」です。問題文の条件（危険物法令の説明として、正しいものはどれか。…）と照らし、設問が問う論点に合う肢を選び直してください。;2:（2）「第4類危険物は酸化性固体である。」は、単独の記述としては法令上妥当な場合がありますが、本問で選ぶべき正答は（5）「施設の許可、取扱者の資格、指定数量はそれぞれ別の論点である。」です。問題文の条件（危険物法令の説明として、正しいものはどれか。…）と照らし、設問が問う論点に合う肢を選び直してください。;3:解説では「危険物法令では、施設の許可、取扱者の資格、指定数量などを別々の論点として整理する必要がある。」とある一方、（3）の記述はそれと矛盾します。 解説の要点：危険物法令では、施設の許可、取扱者の資格、指定数量などを別々の論点として整理する必要がある。【試験ポイント】施設許可・資格・指定数量を分けて理解する。【ひっかけ】免状があれば施設許可不要、という誤解に注意。【選択肢ア】誤り。指定数量は販売価格ではない。【選択肢イ】誤り。第4類は引… 正答（5）との違いを確認し直してください。;4:（4）の内容は、正答（5）「施設の許可、取扱者の資格、指定数量はそれぞれ別の論点である。」が示す論点とずれています。 解説の要点：危険物法令では、施設の許可、取扱者の資格、指定数量などを別々の論点として整理する必要がある。【試験ポイント】施設許可・資格・指定数量を分けて理解する。【ひっかけ】免状があれば施設許可不要、という誤解に注意。【選択肢ア】誤り。指定数量は販売価格ではない。【選択肢イ】誤り。第4類は引… 正答（5）との違いを確認し直してください。,危険物法令では、施設の許可、取扱者の資格、指定数量などを別々の論点として整理する必要がある。【試験ポイント】施設許可・資格・指定数量を分けて理解する。【ひっかけ】免状があれば施設許可不要、という誤解に注意。【選択肢ア】誤り。指定数量は販売価格ではない。【選択肢イ】誤り。第4類は引火性液体である。【選択肢ウ】誤り。免状と施設許可は別である。【選択肢エ】誤り。製造所等は施設の総称である。【選択肢オ】正しい。各制度は別の論点である。,危険物法令では、施設の許可、取扱者の資格、指定数量などを別々の論点として整理する必要がある。【試験ポイント】施設許可・資格・指定数量を分けて理解する。【ひっかけ】免状があれば施設許可不要、という誤解に注意。【選択肢ア】誤り。指定数量は販売価格ではない。【選択肢イ】誤り。第4類は引火性液体である。【選択肢ウ】誤り。免状と施設許可は別である。【選択肢エ】誤り。製,
226,single,物性・化学,PC-058;PC-002;燃焼;燃焼の継続・連鎖反応の考え方;標準;網羅,燃焼の連鎖反応について、正しいものはどれか。,,,,,,指定数量を計算する単位である。,燃焼が継続する過程に関係する反応である。,水に溶ける速さだけを表す反応である。,危険物取扱者免状の交付手続きである。,液体の比重を測る装置である。,2,燃焼の連鎖反応は、燃焼が継続する過程に関係する考え方である。抑制消火はこの連鎖反応を抑えることに関係する。【試験ポイント】燃焼の継続には連鎖反応の考え方が関係する。【ひっかけ】燃焼の三要素だけでなく抑制消火も意識する。【選択肢ア】誤り。指定数量の単位ではない。【選択肢イ】正しい。燃焼の継続に関係する。【選択肢ウ】誤り。溶解速度ではない。【選択肢エ】誤り。免状手続きではない。【選択肢オ】誤り。装置ではない。,1:（1）「指定数量を計算する単位である。」は、単独の記述としては法令上妥当な場合がありますが、本問で選ぶべき正答は（2）「燃焼が継続する過程に関係する反応である。」です。問題文の条件（燃焼の連鎖反応について、正しいものはどれか。…）と照らし、設問が問う論点に合う肢を選び直してください。;3:（3）「水に溶ける速さだけを表す反応である。」は、単独の記述としては法令上妥当な場合がありますが、本問で選ぶべき正答は（2）「燃焼が継続する過程に関係する反応である。」です。問題文の条件（燃焼の連鎖反応について、正しいものはどれか。…）と照らし、設問が問う論点に合う肢を選び直してください。;4:（4）「危険物取扱者免状の交付手続きである。」は、単独の記述としては法令上妥当な場合がありますが、本問で選ぶべき正答は（2）「燃焼が継続する過程に関係する反応である。」です。問題文の条件（燃焼の連鎖反応について、正しいものはどれか。…）と照らし、設問が問う論点に合う肢を選び直してください。;5:（5）「液体の比重を測る装置である。」は、単独の記述としては法令上妥当な場合がありますが、本問で選ぶべき正答は（2）「燃焼が継続する過程に関係する反応である。」です。問題文の条件（燃焼の連鎖反応について、正しいものはどれか。…）と照らし、設問が問う論点に合う肢を選び直してください。,燃焼の連鎖反応は、燃焼が継続する過程に関係する考え方である。抑制消火はこの連鎖反応を抑えることに関係する。【試験ポイント】燃焼の継続には連鎖反応の考え方が関係する。【ひっかけ】燃焼の三要素だけでなく抑制消火も意識する。【選択肢ア】誤り。指定数量の単位ではない。【選択肢イ】正しい。燃焼の継続に関係する。【選択肢ウ】誤り。溶解速度ではない。【選択肢エ】誤り。免状手続きではない。【選択肢オ】誤り。装置ではない。,燃焼の連鎖反応は、燃焼が継続する過程に関係する考え方である。抑制消火はこの連鎖反応を抑えることに関係する。【試験ポイント】燃焼の継続には連鎖反応の考え方が関係する。【ひっかけ】燃焼の三要素だけでなく抑制消火も意識する。【選択肢ア】誤り。指定数量の単位ではない。【選択肢イ】正しい。燃焼の継続に関係する。【選択肢ウ】誤り。溶解速度ではない。【選択肢エ】誤り。免状,
227,single,物性・化学,PC-059;PC-005;燃焼;可燃物・酸素供給源・点火源;基礎;重点,点火源として適切なものはどれか。,,,,,,水,氷,窒素,二酸化炭素,火花,5,火花は点火源となり得る。第4類危険物では、火花や静電気などの着火源に注意が必要である。【試験ポイント】火花・静電気は点火源になる。【ひっかけ】点火源と消火剤を混同しない。【選択肢ア】誤り。水は通常点火源ではない。【選択肢イ】誤り。氷は点火源ではない。【選択肢ウ】誤り。窒素は通常点火源ではない。【選択肢エ】誤り。二酸化炭素は消火に使われることがある。【選択肢オ】正しい。火花は点火源となる。,1:（1）「水」は、単独の記述としては法令上妥当な場合がありますが、本問で選ぶべき正答は（5）「火花」です。問題文の条件（点火源として適切なものはどれか。…）と照らし、設問が問う論点に合う肢を選び直してください。;2:（2）「氷」は、単独の記述としては法令上妥当な場合がありますが、本問で選ぶべき正答は（5）「火花」です。問題文の条件（点火源として適切なものはどれか。…）と照らし、設問が問う論点に合う肢を選び直してください。;3:（3）「窒素」は、単独の記述としては法令上妥当な場合がありますが、本問で選ぶべき正答は（5）「火花」です。問題文の条件（点火源として適切なものはどれか。…）と照らし、設問が問う論点に合う肢を選び直してください。;4:（4）「二酸化炭素」は、単独の記述としては法令上妥当な場合がありますが、本問で選ぶべき正答は（5）「火花」です。問題文の条件（点火源として適切なものはどれか。…）と照らし、設問が問う論点に合う肢を選び直してください。,火花は点火源となり得る。第4類危険物では、火花や静電気などの着火源に注意が必要である。【試験ポイント】火花・静電気は点火源になる。【ひっかけ】点火源と消火剤を混同しない。【選択肢ア】誤り。水は通常点火源ではない。【選択肢イ】誤り。氷は点火源ではない。【選択肢ウ】誤り。窒素は通常点火源ではない。【選択肢エ】誤り。二酸化炭素は消火に使われることがある。【選択肢オ】正しい。火花は点火源となる。,火花は点火源となり得る。第4類危険物では、火花や静電気などの着火源に注意が必要である。【試験ポイント】火花・静電気は点火源になる。【ひっかけ】点火源と消火剤を混同しない。【選択肢ア】誤り。水は通常点火源ではない。【選択肢イ】誤り。氷は点火源ではない。【選択肢ウ】誤り。窒素は通常点火源ではない。【選択肢エ】誤り。二酸化炭素は消火に使われることがある。【選択肢オ,
228,single,物性・化学,PC-060;PC-009;燃焼;可燃性蒸気と空気の混合;標準;重点,可燃性蒸気と空気の混合について、正しいものはどれか。,,,,,,水に溶けると必ず発火する。,蒸気比重が大きいと指定数量がゼロになる。,濃度に関係なく絶対に燃焼しない。,空気と混ざると必ず不燃性になる。,一定の濃度範囲にあると引火・燃焼の危険がある。,5,可燃性蒸気と空気の混合気は、燃焼範囲内にあると引火・燃焼の危険がある。【試験ポイント】可燃性蒸気は空気との混合濃度が重要。【ひっかけ】濃すぎても薄すぎても燃えにくい。【選択肢ア】誤り。水溶性と発火は別である。【選択肢イ】誤り。指定数量はゼロにならない。【選択肢ウ】誤り。燃焼範囲内では燃焼し得る。【選択肢エ】誤り。不燃性になるとは限らない。【選択肢オ】正しい。燃焼範囲内では危険がある。,1:（1）「水に溶けると必ず発火する。」は、単独の記述としては法令上妥当な場合がありますが、本問で選ぶべき正答は（5）「一定の濃度範囲にあると引火・燃焼の危険がある。」です。問題文の条件（可燃性蒸気と空気の混合について、正しいものはどれか。…）と照らし、設問が問う論点に合う肢を選び直してください。;2:（2）の内容は、正答（5）「一定の濃度範囲にあると引火・燃焼の危険がある。」が示す論点とずれています。 解説の要点：可燃性蒸気と空気の混合気は、燃焼範囲内にあると引火・燃焼の危険がある。【試験ポイント】可燃性蒸気は空気との混合濃度が重要。【ひっかけ】濃すぎても薄すぎても燃えにくい。【選択肢ア】誤り。水溶性と発火は別である。【選択肢イ】誤り。指定数量はゼロにならない。【選択肢ウ】誤り。燃焼範囲内… 正答（5）との違いを確認し直してください。;3:（3）「濃度に関係なく絶対に燃焼しない。」は、単独の記述としては法令上妥当な場合がありますが、本問で選ぶべき正答は（5）「一定の濃度範囲にあると引火・燃焼の危険がある。」です。問題文の条件（可燃性蒸気と空気の混合について、正しいものはどれか。…）と照らし、設問が問う論点に合う肢を選び直してください。;4:（4）「空気と混ざると必ず不燃性になる。」は、単独の記述としては法令上妥当な場合がありますが、本問で選ぶべき正答は（5）「一定の濃度範囲にあると引火・燃焼の危険がある。」です。問題文の条件（可燃性蒸気と空気の混合について、正しいものはどれか。…）と照らし、設問が問う論点に合う肢を選び直してください。,可燃性蒸気と空気の混合気は、燃焼範囲内にあると引火・燃焼の危険がある。【試験ポイント】可燃性蒸気は空気との混合濃度が重要。【ひっかけ】濃すぎても薄すぎても燃えにくい。【選択肢ア】誤り。水溶性と発火は別である。【選択肢イ】誤り。指定数量はゼロにならない。【選択肢ウ】誤り。燃焼範囲内では燃焼し得る。【選択肢エ】誤り。不燃性になるとは限らない。【選択肢オ】正しい。燃焼範囲内では危険がある。,可燃性蒸気と空気の混合気は、燃焼範囲内にあると引火・燃焼の危険がある。【試験ポイント】可燃性蒸気は空気との混合濃度が重要。【ひっかけ】濃すぎても薄すぎても燃えにくい。【選択肢ア】誤り。水溶性と発火は別である。【選択肢イ】誤り。指定数量はゼロにならない。【選択肢ウ】誤り。燃焼範囲内では燃焼し得る。【選択肢エ】誤り。不燃性になるとは限らない。【選択肢オ】正しい。,
229,single,物性・化学,PC-061;PC-016;消火;泡・二酸化炭素・粉末消火剤の基本作用;標準;重点,泡消火剤の主な作用として、正しいものはどれか。,,,,,,危険物を必ず水に溶かす。,燃焼中の液体を激しくかき混ぜる。,酸素を供給して燃焼を促進する。,液面を覆い、可燃性蒸気の発生や空気との接触を抑える。,指定数量を自動的に減らす。,4,泡消火剤は液面を覆い、可燃性蒸気の発生や空気との接触を抑えることで消火に役立つ。【試験ポイント】泡は液面を覆う窒息効果が重要。【ひっかけ】泡を水溶化剤と考えない。【選択肢ア】誤り。水に溶かすことが目的ではない。【選択肢イ】誤り。かき混ぜると危険である。【選択肢ウ】誤り。酸素供給は燃焼を助ける。【選択肢エ】正しい。泡消火の主な作用である。【選択肢オ】誤り。指定数量を変えない。,1:（1）「危険物を必ず水に溶かす。」は、単独の記述としては法令上妥当な場合がありますが、本問で選ぶべき正答は（4）「液面を覆い、可燃性蒸気の発生や空気との接触を抑える。」です。問題文の条件（泡消火剤の主な作用として、正しいものはどれか。…）と照らし、設問が問う論点に合う肢を選び直してください。;2:（2）「燃焼中の液体を激しくかき混ぜる。」は、単独の記述としては法令上妥当な場合がありますが、本問で選ぶべき正答は（4）「液面を覆い、可燃性蒸気の発生や空気との接触を抑える。」です。問題文の条件（泡消火剤の主な作用として、正しいものはどれか。…）と照らし、設問が問う論点に合う肢を選び直してください。;3:（3）「酸素を供給して燃焼を促進する。」は、単独の記述としては法令上妥当な場合がありますが、本問で選ぶべき正答は（4）「液面を覆い、可燃性蒸気の発生や空気との接触を抑える。」です。問題文の条件（泡消火剤の主な作用として、正しいものはどれか。…）と照らし、設問が問う論点に合う肢を選び直してください。;5:（5）「指定数量を自動的に減らす。」は、単独の記述としては法令上妥当な場合がありますが、本問で選ぶべき正答は（4）「液面を覆い、可燃性蒸気の発生や空気との接触を抑える。」です。問題文の条件（泡消火剤の主な作用として、正しいものはどれか。…）と照らし、設問が問う論点に合う肢を選び直してください。,泡消火剤は液面を覆い、可燃性蒸気の発生や空気との接触を抑えることで消火に役立つ。,泡消火剤は液面を覆い、可燃性蒸気の発生や空気との接触を抑えることで消火に役立つ。【試験ポイント】泡は液面を覆う窒息効果が重要。【ひっかけ】泡を水溶化剤と考えない。【選択肢ア】誤り。水に溶かすことが目的ではない。【選択肢イ】誤り。かき混ぜると危険である。【選択肢ウ】誤り。酸素供給は燃焼を助ける。【選択肢エ】正しい。泡消火の主な作用である。【選択肢オ】誤り。指定,
230,single,物性・化学,PC-062;PC-026;物質の状態;蒸気圧;標準;重点,蒸気圧が高い液体について、一般に正しいものはどれか。,,,,,,絶対に可燃性蒸気を発生しない。,必ず水より重い。,蒸発しやすい傾向がある。,蒸発しにくい傾向がある。,必ず酸素を放出する。,3,蒸気圧が高い液体は、一般に蒸発しやすい傾向がある。第4類危険物では可燃性蒸気の発生に注意する。【試験ポイント】蒸気圧が高いほど蒸発しやすい傾向。【ひっかけ】蒸気圧と比重を混同しない。【選択肢ア】誤り。可燃性蒸気を発生するものがある。【選択肢イ】誤り。液比重とは別である。【選択肢ウ】正しい。蒸発しやすい傾向がある。【選択肢エ】誤り。逆である。【選択肢オ】誤り。酸素放出とは別である。,1:（1）「絶対に可燃性蒸気を発生しない。」は、単独の記述としては法令上妥当な場合がありますが、本問で選ぶべき正答は（3）「蒸発しやすい傾向がある。」です。問題文の条件（蒸気圧が高い液体について、一般に正しいものはどれか。…）と照らし、設問が問う論点に合う肢を選び直してください。;2:（2）「必ず水より重い。」は、単独の記述としては法令上妥当な場合がありますが、本問で選ぶべき正答は（3）「蒸発しやすい傾向がある。」です。問題文の条件（蒸気圧が高い液体について、一般に正しいものはどれか。…）と照らし、設問が問う論点に合う肢を選び直してください。;4:（4）「蒸発しにくい傾向がある。」は、単独の記述としては法令上妥当な場合がありますが、本問で選ぶべき正答は（3）「蒸発しやすい傾向がある。」です。問題文の条件（蒸気圧が高い液体について、一般に正しいものはどれか。…）と照らし、設問が問う論点に合う肢を選び直してください。;5:（5）「必ず酸素を放出する。」は、単独の記述としては法令上妥当な場合がありますが、本問で選ぶべき正答は（3）「蒸発しやすい傾向がある。」です。問題文の条件（蒸気圧が高い液体について、一般に正しいものはどれか。…）と照らし、設問が問う論点に合う肢を選び直してください。,蒸気圧が高い液体は、一般に蒸発しやすい傾向がある。 蒸発しやすい傾向がある。,蒸気圧が高い液体は、一般に蒸発しやすい傾向がある。第4類危険物では可燃性蒸気の発生に注意する。【試験ポイント】蒸気圧が高いほど蒸発しやすい傾向。【ひっかけ】蒸気圧と比重を混同しない。【選択肢ア】誤り。可燃性蒸気を発生するものがある。【選択肢イ】誤り。液比重とは別である。【選択肢ウ】正しい。蒸発しやすい傾向がある。【選択肢エ】誤り。逆である。【選択肢オ】誤り。,
231,single,物性・化学,PC-063;PC-018;熱;比熱;標準;網羅,比熱が大きい物質について、一般に正しいものはどれか。,,,,,,温度を上げるのに多くの熱量が必要である。,指定数量が必ず50 Lになる。,必ず可燃性蒸気を出す。,必ず水に浮く。,少しの熱で必ず爆発する。,1,比熱が大きい物質は、同じ質量で同じ温度だけ上げるのに多くの熱量が必要である。【試験ポイント】比熱が大きいほど温度が上がりにくい。【ひっかけ】比熱と比重を混同しない。【選択肢ア】正しい。比熱が大きいほど温度上昇に多くの熱が必要である。【選択肢イ】誤り。指定数量とは別である。【選択肢ウ】誤り。蒸気発生とは別である。【選択肢エ】誤り。比重とは別である。【選択肢オ】誤り。爆発性とは直接同じ意味ではない。,2:（2）「指定数量が必ず50 Lになる。」は、単独の記述としては法令上妥当な場合がありますが、本問で選ぶべき正答は（1）「温度を上げるのに多くの熱量が必要である。」です。問題文の条件（比熱が大きい物質について、一般に正しいものはどれか。…）と照らし、設問が問う論点に合う肢を選び直してください。;3:（3）「必ず可燃性蒸気を出す。」は、単独の記述としては法令上妥当な場合がありますが、本問で選ぶべき正答は（1）「温度を上げるのに多くの熱量が必要である。」です。問題文の条件（比熱が大きい物質について、一般に正しいものはどれか。…）と照らし、設問が問う論点に合う肢を選び直してください。;4:（4）「必ず水に浮く。」は、単独の記述としては法令上妥当な場合がありますが、本問で選ぶべき正答は（1）「温度を上げるのに多くの熱量が必要である。」です。問題文の条件（比熱が大きい物質について、一般に正しいものはどれか。…）と照らし、設問が問う論点に合う肢を選び直してください。;5:（5）「少しの熱で必ず爆発する。」は、単独の記述としては法令上妥当な場合がありますが、本問で選ぶべき正答は（1）「温度を上げるのに多くの熱量が必要である。」です。問題文の条件（比熱が大きい物質について、一般に正しいものはどれか。…）と照らし、設問が問う論点に合う肢を選び直してください。,比熱が大きい物質は、同じ質量で同じ温度だけ上げるのに多くの熱量が必要である。【試験ポイント】比熱が大きいほど温度が上がりにくい。【ひっかけ】比熱と比重を混同しない。【選択肢ア】正しい。比熱が大きいほど温度上昇に多くの熱が必要である。【選択肢イ】誤り。指定数量とは別である。【選択肢ウ】誤り。蒸気発生とは別である。【選択肢エ】誤り。比重とは別である。【選択肢オ】誤り。爆発性とは直接同じ意味ではない。,比熱が大きい物質は、同じ質量で同じ温度だけ上げるのに多くの熱量が必要である。【試験ポイント】比熱が大きいほど温度が上がりにくい。【ひっかけ】比熱と比重を混同しない。【選択肢ア】正しい。比熱が大きいほど温度上昇に多くの熱が必要である。【選択肢イ】誤り。指定数量とは別である。【選択肢ウ】誤り。蒸気発生とは別である。【選択肢エ】誤り。比重とは別である。【選択肢オ】,
232,single,物性・化学,PC-064;PC-029;密度・比重;密度;標準;重点,同じ体積で質量が大きい物質について、密度はどうなるか。,,,,,,必ずゼロになる。,必ず水溶性になる。,必ず発火する。,大きくなる。,必ず小さくなる。,4,密度は質量を体積で割った値である。同じ体積で質量が大きいほど、密度は大きくなる。【試験ポイント】密度＝質量÷体積。【ひっかけ】密度と水溶性を混同しない。【選択肢ア】誤り。ゼロにはならない。【選択肢イ】誤り。水溶性とは別である。【選択肢ウ】誤り。発火とは別である。【選択肢エ】正しい。密度は大きくなる。【選択肢オ】誤り。小さくならない。,1:（1）「必ずゼロになる。」は、単独の記述としては法令上妥当な場合がありますが、本問で選ぶべき正答は（4）「大きくなる。」です。問題文の条件（同じ体積で質量が大きい物質について、密度はどうなるか。…）と照らし、設問が問う論点に合う肢を選び直してください。;2:（2）「必ず水溶性になる。」は、単独の記述としては法令上妥当な場合がありますが、本問で選ぶべき正答は（4）「大きくなる。」です。問題文の条件（同じ体積で質量が大きい物質について、密度はどうなるか。…）と照らし、設問が問う論点に合う肢を選び直してください。;3:（3）「必ず発火する。」は、単独の記述としては法令上妥当な場合がありますが、本問で選ぶべき正答は（4）「大きくなる。」です。問題文の条件（同じ体積で質量が大きい物質について、密度はどうなるか。…）と照らし、設問が問う論点に合う肢を選び直してください。;5:（5）「必ず小さくなる。」は、単独の記述としては法令上妥当な場合がありますが、本問で選ぶべき正答は（4）「大きくなる。」です。問題文の条件（同じ体積で質量が大きい物質について、密度はどうなるか。…）と照らし、設問が問う論点に合う肢を選び直してください。,密度は質量を体積で割った値である。同じ体積で質量が大きいほど、密度は大きくなる。【試験ポイント】密度＝質量÷体積。【ひっかけ】密度と水溶性を混同しない。【選択肢ア】誤り。ゼロにはならない。【選択肢イ】誤り。水溶性とは別である。【選択肢ウ】誤り。発火とは別である。【選択肢エ】正しい。密度は大きくなる。【選択肢オ】誤り。小さくならない。,密度は質量を体積で割った値である。同じ体積で質量が大きいほど、密度は大きくなる。【試験ポイント】密度＝質量÷体積。【ひっかけ】密度と水溶性を混同しない。【選択肢ア】誤り。ゼロにはならない。【選択肢イ】誤り。水溶性とは別である。【選択肢ウ】誤り。発火とは別である。【選択肢エ】正しい。密度は大きくなる。【選択肢オ】誤り。小さくならない。,
233,single,物性・化学,PC-065;PC-032;密度・比重;蒸気比重;標準;重点,蒸気比重が1より大きい蒸気について、一般に正しいものはどれか。,,,,,,必ず第1類危険物である。,必ず不燃性である。,空気より重い。,空気より軽い。,必ず水に溶ける。,3,蒸気比重が1より大きい蒸気は、空気より重い。低所滞留に注意が必要である。【試験ポイント】蒸気比重1超は空気より重い。【ひっかけ】蒸気比重と液比重を混同しない。【選択肢ア】誤り。第1類とは限らない。【選択肢イ】誤り。不燃性とは限らない。【選択肢ウ】正しい。空気より重い。【選択肢エ】誤り。1より大きければ空気より重い。【選択肢オ】誤り。水溶性とは別である。,1:（1）「必ず第1類危険物である。」は、単独の記述としては法令上妥当な場合がありますが、本問で選ぶべき正答は（3）「空気より重い。」です。問題文の条件（蒸気比重が1より大きい蒸気について、一般に正しいものはどれか。…）と照らし、設問が問う論点に合う肢を選び直してください。;2:（2）「必ず不燃性である。」は、単独の記述としては法令上妥当な場合がありますが、本問で選ぶべき正答は（3）「空気より重い。」です。問題文の条件（蒸気比重が1より大きい蒸気について、一般に正しいものはどれか。…）と照らし、設問が問う論点に合う肢を選び直してください。;4:（4）「空気より軽い。」は、単独の記述としては法令上妥当な場合がありますが、本問で選ぶべき正答は（3）「空気より重い。」です。問題文の条件（蒸気比重が1より大きい蒸気について、一般に正しいものはどれか。…）と照らし、設問が問う論点に合う肢を選び直してください。;5:（5）「必ず水に溶ける。」は、単独の記述としては法令上妥当な場合がありますが、本問で選ぶべき正答は（3）「空気より重い。」です。問題文の条件（蒸気比重が1より大きい蒸気について、一般に正しいものはどれか。…）と照らし、設問が問う論点に合う肢を選び直してください。,蒸気比重が1より大きい蒸気は、空気より重い。低所滞留に注意が必要である。【試験ポイント】蒸気比重1超は空気より重い。【ひっかけ】蒸気比重と液比重を混同しない。【選択肢ア】誤り。第1類とは限らない。【選択肢イ】誤り。不燃性とは限らない。【選択肢ウ】正しい。空気より重い。【選択肢エ】誤り。1より大きければ空気より重い。【選択肢オ】誤り。水溶性とは別である。,蒸気比重が1より大きい蒸気は、空気より重い。低所滞留に注意が必要である。【試験ポイント】蒸気比重1超は空気より重い。【ひっかけ】蒸気比重と液比重を混同しない。【選択肢ア】誤り。第1類とは限らない。【選択肢イ】誤り。不燃性とは限らない。【選択肢ウ】正しい。空気より重い。【選択肢エ】誤り。1より大きければ空気より重い。【選択肢オ】誤り。水溶性とは別である。,
234,single,物性・化学,PC-066;PC-052;酸・アルカリ;pH;基礎;網羅,pHが7より小さい水溶液について、一般に正しいものはどれか。,,,,,,酸性を示す。,必ず不燃性である。,中性を示す。,必ず第4類危険物である。,アルカリ性を示す。,1,一般に、pHが7より小さい水溶液は酸性を示す。pH7付近は中性、7より大きいものはアルカリ性である。【試験ポイント】pH7未満は酸性。【ひっかけ】pHの大小を逆に覚えない。【選択肢ア】正しい。pH7未満は酸性である。【選択肢イ】誤り。pHだけで不燃性とは判断できない。【選択肢ウ】誤り。pH7付近が中性である。【選択肢エ】誤り。必ず第4類ではない。【選択肢オ】誤り。pH7超がアルカリ性である。,2:（2）「必ず不燃性である。」は、単独の記述としては法令上妥当な場合がありますが、本問で選ぶべき正答は（1）「酸性を示す。」です。問題文の条件（pHが7より小さい水溶液について、一般に正しいものはどれか。…）と照らし、設問が問う論点に合う肢を選び直してください。;3:（3）「中性を示す。」は、単独の記述としては法令上妥当な場合がありますが、本問で選ぶべき正答は（1）「酸性を示す。」です。問題文の条件（pHが7より小さい水溶液について、一般に正しいものはどれか。…）と照らし、設問が問う論点に合う肢を選び直してください。;4:（4）「必ず第4類危険物である。」は、単独の記述としては法令上妥当な場合がありますが、本問で選ぶべき正答は（1）「酸性を示す。」です。問題文の条件（pHが7より小さい水溶液について、一般に正しいものはどれか。…）と照らし、設問が問う論点に合う肢を選び直してください。;5:（5）「アルカリ性を示す。」は、単独の記述としては法令上妥当な場合がありますが、本問で選ぶべき正答は（1）「酸性を示す。」です。問題文の条件（pHが7より小さい水溶液について、一般に正しいものはどれか。…）と照らし、設問が問う論点に合う肢を選び直してください。,一般に、pHが7より小さい水溶液は酸性を示す。pH7付近は中性、7より大きいものはアルカリ性である。【試験ポイント】pH7未満は酸性。【ひっかけ】pHの大小を逆に覚えない。【選択肢ア】正しい。pH7未満は酸性である。【選択肢イ】誤り。pHだけで不燃性とは判断できない。【選択肢ウ】誤り。pH7付近が中性である。【選択肢エ】誤り。必ず第4類ではない。【選択肢オ】誤り。pH7超がアルカリ性である。,一般に、pHが7より小さい水溶液は酸性を示す。pH7付近は中性、7より大きいものはアルカリ性である。【試験ポイント】pH7未満は酸性。【ひっかけ】pHの大小を逆に覚えない。【選択肢ア】正しい。pH7未満は酸性である。【選択肢イ】誤り。pHだけで不燃性とは判断できない。【選択肢ウ】誤り。pH7付近が中性である。【選択肢エ】誤り。必ず第4類ではない。【選択肢オ】,
235,single,物性・化学,PC-067;PC-058;計算問題;密度・質量・体積の計算;標準;重点,密度0.8 g/cm³の液体が500 cm³ある。この液体の質量として、正しいものはどれか。,,,,,,0.0016 g,500 g,625 g,400 g,800 g,4,質量は密度×体積で求める。0.8 g/cm³×500 cm³＝400 gである。【試験ポイント】質量＝密度×体積。【ひっかけ】密度計算の式を入れ替えない。【選択肢ア】誤り。割り算の向きが不適切である。【選択肢イ】誤り。体積をそのまま質量にしている。【選択肢ウ】誤り。500÷0.8の値である。【選択肢エ】正しい。0.8×500＝400 gである。【選択肢オ】誤り。計算結果ではない。,1:（1）「0.0016 g」は、単独の記述としては法令上妥当な場合がありますが、本問で選ぶべき正答は（4）「400 g」です。問題文の条件（密度0.8 g/cm³の液体が500 cm³ある。この液体の質量として、正しいものはどれか。…）と照らし、設問が問う論点に合う肢を選び直してください。;2:（2）「500 g」は、単独の記述としては法令上妥当な場合がありますが、本問で選ぶべき正答は（4）「400 g」です。問題文の条件（密度0.8 g/cm³の液体が500 cm³ある。この液体の質量として、正しいものはどれか。…）と照らし、設問が問う論点に合う肢を選び直してください。;3:（3）「625 g」は、単独の記述としては法令上妥当な場合がありますが、本問で選ぶべき正答は（4）「400 g」です。問題文の条件（密度0.8 g/cm³の液体が500 cm³ある。この液体の質量として、正しいものはどれか。…）と照らし、設問が問う論点に合う肢を選び直してください。;5:（5）「800 g」は、単独の記述としては法令上妥当な場合がありますが、本問で選ぶべき正答は（4）「400 g」です。問題文の条件（密度0.8 g/cm³の液体が500 cm³ある。この液体の質量として、正しいものはどれか。…）と照らし、設問が問う論点に合う肢を選び直してください。,質量は密度×体積で求める。0.8 g/cm³×500 cm³＝400 gである。【試験ポイント】質量＝密度×体積。【ひっかけ】密度計算の式を入れ替えない。【選択肢ア】誤り。割り算の向きが不適切である。【選択肢イ】誤り。体積をそのまま質量にしている。【選択肢ウ】誤り。500÷0.8の値である。【選択肢エ】正しい。0.8×500＝400 gである。【選択肢オ】誤り。計算結果ではない。,質量は密度×体積で求める。0.8 g/cm³×500 cm³＝400 gである。【試験ポイント】質量＝密度×体積。【ひっかけ】密度計算の式を入れ替えない。【選択肢ア】誤り。割り算の向きが不適切である。【選択肢イ】誤り。体積をそのまま質量にしている。【選択肢ウ】誤り。500÷0.8の値である。【選択肢エ】正しい。0.8×500＝400 gである。【選択肢オ】誤,
236,single,火災・消火・漏えい,PF-059;PF-001;第4類共通性質;第4類危険物の共通性質;基礎;重点,第4類危険物に共通する基本的な性質として、正しいものはどれか。,,,,,,引火性液体である。,可燃性固体である。,自己反応性物質である。,酸化性固体である。,酸化性液体である。,1,第4類危険物は引火性液体である。【試験ポイント】第4類＝引火性液体。【ひっかけ】第1類〜第6類の性状を混同しない。【選択肢ア】正しい。第4類は引火性液体である。【選択肢イ】誤り。可燃性固体は第2類である。【選択肢ウ】誤り。自己反応性物質は第5類である。【選択肢エ】誤り。酸化性固体は第1類である。【選択肢オ】誤り。酸化性液体は第6類である。,2:（2）「可燃性固体である。」は、単独の記述としては法令上妥当な場合がありますが、本問で選ぶべき正答は（1）「引火性液体である。」です。問題文の条件（第4類危険物に共通する基本的な性質として、正しいものはどれか。…）と照らし、設問が問う論点に合う肢を選び直してください。;3:（3）「自己反応性物質である。」は、単独の記述としては法令上妥当な場合がありますが、本問で選ぶべき正答は（1）「引火性液体である。」です。問題文の条件（第4類危険物に共通する基本的な性質として、正しいものはどれか。…）と照らし、設問が問う論点に合う肢を選び直してください。;4:（4）「酸化性固体である。」は、単独の記述としては法令上妥当な場合がありますが、本問で選ぶべき正答は（1）「引火性液体である。」です。問題文の条件（第4類危険物に共通する基本的な性質として、正しいものはどれか。…）と照らし、設問が問う論点に合う肢を選び直してください。;5:（5）「酸化性液体である。」は、単独の記述としては法令上妥当な場合がありますが、本問で選ぶべき正答は（1）「引火性液体である。」です。問題文の条件（第4類危険物に共通する基本的な性質として、正しいものはどれか。…）と照らし、設問が問う論点に合う肢を選び直してください。,第4類危険物は引火性液体である。 第4類は引火性液体である。,第4類危険物は引火性液体である。【試験ポイント】第4類＝引火性液体。【ひっかけ】第1類〜第6類の性状を混同しない。【選択肢ア】正しい。第4類は引火性液体である。【選択肢イ】誤り。可燃性固体は第2類である。【選択肢ウ】誤り。自己反応性物質は第5類である。【選択肢エ】誤り。酸化性固体は第1類である。【選択肢オ】誤り。酸化性液体は第6類である。,
237,single,火災・消火・漏えい,PF-060;PF-002;第4類共通性質;引火性液体としての基本性質;基礎;重点,引火性液体の危険性として、正しいものはどれか。,,,,,,すべて不燃性である。,発生した可燃性蒸気に引火する危険がある。,必ず水と激しく反応して水素を出す。,必ず酸素を放出して燃焼を助ける。,すべて固体である。,2,引火性液体では、液体から発生する可燃性蒸気に引火する危険がある。【試験ポイント】第4類は可燃性蒸気への引火に注意。【ひっかけ】液体そのものだけでなく蒸気に注目する。【選択肢ア】誤り。不燃性ではない。【選択肢イ】正しい。可燃性蒸気への引火が重要である。【選択肢ウ】誤り。禁水性物質の説明ではない。【選択肢エ】誤り。酸素放出性ではない。【選択肢オ】誤り。液体である。,1:（1）「すべて不燃性である。」は、単独の記述としては法令上妥当な場合がありますが、本問で選ぶべき正答は（2）「発生した可燃性蒸気に引火する危険がある。」です。問題文の条件（引火性液体の危険性として、正しいものはどれか。…）と照らし、設問が問う論点に合う肢を選び直してください。;3:（3）の内容は、正答（2）「発生した可燃性蒸気に引火する危険がある。」が示す論点とずれています。 解説の要点：引火性液体では、液体から発生する可燃性蒸気に引火する危険がある。【試験ポイント】第4類は可燃性蒸気への引火に注意。【ひっかけ】液体そのものだけでなく蒸気に注目する。【選択肢ア】誤り。不燃性ではない。【選択肢イ】正しい。可燃性蒸気への引火が重要である。【選択肢ウ】誤り。禁水性物質の… 正答（2）との違いを確認し直してください。;4:（4）の内容は、正答（2）「発生した可燃性蒸気に引火する危険がある。」が示す論点とずれています。 解説の要点：引火性液体では、液体から発生する可燃性蒸気に引火する危険がある。【試験ポイント】第4類は可燃性蒸気への引火に注意。【ひっかけ】液体そのものだけでなく蒸気に注目する。【選択肢ア】誤り。不燃性ではない。【選択肢イ】正しい。可燃性蒸気への引火が重要である。【選択肢ウ】誤り。禁水性物質の… 正答（2）との違いを確認し直してください。;5:（5）「すべて固体である。」は、単独の記述としては法令上妥当な場合がありますが、本問で選ぶべき正答は（2）「発生した可燃性蒸気に引火する危険がある。」です。問題文の条件（引火性液体の危険性として、正しいものはどれか。…）と照らし、設問が問う論点に合う肢を選び直してください。,引火性液体では、液体から発生する可燃性蒸気に引火する危険がある。【試験ポイント】第4類は可燃性蒸気への引火に注意。【ひっかけ】液体そのものだけでなく蒸気に注目する。【選択肢ア】誤り。不燃性ではない。【選択肢イ】正しい。可燃性蒸気への引火が重要である。【選択肢ウ】誤り。禁水性物質の説明ではない。【選択肢エ】誤り。酸素放出性ではない。【選択肢オ】誤り。液体である。,引火性液体では、液体から発生する可燃性蒸気に引火する危険がある。【試験ポイント】第4類は可燃性蒸気への引火に注意。【ひっかけ】液体そのものだけでなく蒸気に注目する。【選択肢ア】誤り。不燃性ではない。【選択肢イ】正しい。可燃性蒸気への引火が重要である。【選択肢ウ】誤り。禁水性物質の説明ではない。【選択肢エ】誤り。酸素放出性ではない。【選択肢オ】誤り。液体である,
238,single,火災・消火・漏えい,PF-061;PF-003;第4類共通性質;蒸気が空気より重い性質;標準;重点,第4類危険物の可燃性蒸気について、正しいものはどれか。,,,,,,可燃性蒸気は必ず酸素を放出する。,可燃性蒸気は火災危険と関係しない。,可燃性蒸気は必ず水に溶ける。,すべて空気より軽く天井だけに集まる。,空気より重く低所に滞留しやすいものが多い。,5,第4類危険物の可燃性蒸気は、空気より重く低所に滞留しやすいものが多い。【試験ポイント】第4類の蒸気は低所滞留に注意。【ひっかけ】蒸気比重と水溶性を混同しない。【選択肢ア】誤り。酸素放出とは別である。【選択肢イ】誤り。火災危険と関係する。【選択肢ウ】誤り。水溶性とは別である。【選択肢エ】誤り。すべて空気より軽いわけではない。【選択肢オ】正しい。低所滞留に注意する。,1:（1）の内容は、正答（5）「空気より重く低所に滞留しやすいものが多い。」が示す論点とずれています。 解説の要点：第4類危険物の可燃性蒸気は、空気より重く低所に滞留しやすいものが多い。【試験ポイント】第4類の蒸気は低所滞留に注意。【ひっかけ】蒸気比重と水溶性を混同しない。【選択肢ア】誤り。酸素放出とは別である。【選択肢イ】誤り。火災危険と関係する。【選択肢ウ】誤り。水溶性とは別である。【選択… 正答（5）との違いを確認し直してください。;2:（2）の内容は、正答（5）「空気より重く低所に滞留しやすいものが多い。」が示す論点とずれています。 解説の要点：第4類危険物の可燃性蒸気は、空気より重く低所に滞留しやすいものが多い。【試験ポイント】第4類の蒸気は低所滞留に注意。【ひっかけ】蒸気比重と水溶性を混同しない。【選択肢ア】誤り。酸素放出とは別である。【選択肢イ】誤り。火災危険と関係する。【選択肢ウ】誤り。水溶性とは別である。【選択… 正答（5）との違いを確認し直してください。;3:（3）「可燃性蒸気は必ず水に溶ける。」は、単独の記述としては法令上妥当な場合がありますが、本問で選ぶべき正答は（5）「空気より重く低所に滞留しやすいものが多い。」です。問題文の条件（第4類危険物の可燃性蒸気について、正しいものはどれか。…）と照らし、設問が問う論点に合う肢を選び直してください。;4:（4）の内容は、正答（5）「空気より重く低所に滞留しやすいものが多い。」が示す論点とずれています。 解説の要点：第4類危険物の可燃性蒸気は、空気より重く低所に滞留しやすいものが多い。【試験ポイント】第4類の蒸気は低所滞留に注意。【ひっかけ】蒸気比重と水溶性を混同しない。【選択肢ア】誤り。酸素放出とは別である。【選択肢イ】誤り。火災危険と関係する。【選択肢ウ】誤り。水溶性とは別である。【選択… 正答（5）との違いを確認し直してください。,第4類危険物の可燃性蒸気は、空気より重く低所に滞留しやすいものが多い。,第4類危険物の可燃性蒸気は、空気より重く低所に滞留しやすいものが多い。【試験ポイント】第4類の蒸気は低所滞留に注意。【ひっかけ】蒸気比重と水溶性を混同しない。【選択肢ア】誤り。酸素放出とは別である。【選択肢イ】誤り。火災危険と関係する。【選択肢ウ】誤り。水溶性とは別である。【選択肢エ】誤り。すべて空気より軽いわけではない。【選択肢オ】正しい。低所滞留に注意す,
239,single,火災・消火・漏えい,PF-062;PF-004;第4類共通性質;可燃性蒸気と空気の混合危険;標準;重点,可燃性蒸気と空気の混合気について、正しいものはどれか。,,,,,,燃焼範囲内にあると引火・爆発の危険がある。,指定数量をなくす働きがある。,空気と混ざると必ず安全になる。,水に溶けると必ず第6類になる。,濃度に関係なく絶対に燃焼しない。,1,可燃性蒸気と空気の混合気が燃焼範囲内にあると、引火・爆発の危険がある。【試験ポイント】可燃性蒸気は空気との混合濃度が重要。【ひっかけ】空気で薄まれば常に安全、とは限らない。【選択肢ア】正しい。燃焼範囲内では危険がある。【選択肢イ】誤り。指定数量をなくさない。【選択肢ウ】誤り。空気との混合で危険になる場合がある。【選択肢エ】誤り。分類が変わるわけではない。【選択肢オ】誤り。燃焼範囲内では燃焼し得る。,2:（2）「指定数量をなくす働きがある。」は、単独の記述としては法令上妥当な場合がありますが、本問で選ぶべき正答は（1）「燃焼範囲内にあると引火・爆発の危険がある。」です。問題文の条件（可燃性蒸気と空気の混合気について、正しいものはどれか。…）と照らし、設問が問う論点に合う肢を選び直してください。;3:（3）の内容は、正答（1）「燃焼範囲内にあると引火・爆発の危険がある。」が示す論点とずれています。 解説の要点：可燃性蒸気と空気の混合気が燃焼範囲内にあると、引火・爆発の危険がある。【試験ポイント】可燃性蒸気は空気との混合濃度が重要。【ひっかけ】空気で薄まれば常に安全、とは限らない。【選択肢ア】正しい。燃焼範囲内では危険がある。【選択肢イ】誤り。指定数量をなくさない。【選択肢ウ】誤り。空気… 正答（1）との違いを確認し直してください。;4:（4）の内容は、正答（1）「燃焼範囲内にあると引火・爆発の危険がある。」が示す論点とずれています。 解説の要点：可燃性蒸気と空気の混合気が燃焼範囲内にあると、引火・爆発の危険がある。【試験ポイント】可燃性蒸気は空気との混合濃度が重要。【ひっかけ】空気で薄まれば常に安全、とは限らない。【選択肢ア】正しい。燃焼範囲内では危険がある。【選択肢イ】誤り。指定数量をなくさない。【選択肢ウ】誤り。空気… 正答（1）との違いを確認し直してください。;5:解説では「可燃性蒸気と空気の混合気が燃焼範囲内にあると、引火・爆発の危険がある。」とある一方、（5）の記述はそれと矛盾します。 解説の要点：可燃性蒸気と空気の混合気が燃焼範囲内にあると、引火・爆発の危険がある。【試験ポイント】可燃性蒸気は空気との混合濃度が重要。【ひっかけ】空気で薄まれば常に安全、とは限らない。【選択肢ア】正しい。燃焼範囲内では危険がある。【選択肢イ】誤り。指定数量をなくさない。【選択肢ウ】誤り。空気… 正答（1）との違いを確認し直してください。,可燃性蒸気と空気の混合気が燃焼範囲内にあると、引火・爆発の危険がある。【試験ポイント】可燃性蒸気は空気との混合濃度が重要。【ひっかけ】空気で薄まれば常に安全、とは限らない。【選択肢ア】正しい。燃焼範囲内では危険がある。【選択肢イ】誤り。指定数量をなくさない。【選択肢ウ】誤り。空気との混合で危険になる場合がある。【選択肢エ】誤り。分類が変わるわけではない。【選択肢オ】誤り。燃焼範囲内では燃焼し得る。,可燃性蒸気と空気の混合気が燃焼範囲内にあると、引火・爆発の危険がある。【試験ポイント】可燃性蒸気は空気との混合濃度が重要。【ひっかけ】空気で薄まれば常に安全、とは限らない。【選択肢ア】正しい。燃焼範囲内では危険がある。【選択肢イ】誤り。指定数量をなくさない。【選択肢ウ】誤り。空気との混合で危険になる場合がある。【選択肢エ】誤り。分類が変わるわけではない。【選,
240,single,火災・消火・漏えい,PF-063;PF-005;第4類共通性質;水溶性・非水溶性の違い;標準;重点,水溶性の第4類危険物について、正しいものはどれか。,,,,,,水に溶けるものはすべて第1類である。,水に溶けても引火危険があるものがある。,"水に溶けるものは必ず指定数量が10,000 Lである。",水に溶けるものはすべて不燃性である。,水に溶けるものは可燃性蒸気を絶対に出さない。,2,水溶性の第4類危険物でも、引火危険があるものがある。水に溶けることは不燃性を意味しない。【試験ポイント】水溶性＝安全ではない。【ひっかけ】水に溶けるかと燃えるかを混同しない。【選択肢ア】誤り。第4類の水溶性液体もある。【選択肢イ】正しい。水溶性でも引火危険がある。【選択肢ウ】誤り。指定数量は分類により異なる。【選択肢エ】誤り。不燃性とは限らない。【選択肢オ】誤り。可燃性蒸気を出すものがある。,1:（1）の内容は、正答（2）「水に溶けても引火危険があるものがある。」が示す論点とずれています。 解説の要点：水溶性の第4類危険物でも、引火危険があるものがある。水に溶けることは不燃性を意味しない。【試験ポイント】水溶性＝安全ではない。【ひっかけ】水に溶けるかと燃えるかを混同しない。【選択肢ア】誤り。第4類の水溶性液体もある。【選択肢イ】正しい。水溶性でも引火危険がある。【選択肢ウ】誤り… 正答（2）との違いを確認し直してください。;3:（3）の内容は、正答（2）「水に溶けても引火危険があるものがある。」が示す論点とずれています。 解説の要点：水溶性の第4類危険物でも、引火危険があるものがある。水に溶けることは不燃性を意味しない。【試験ポイント】水溶性＝安全ではない。【ひっかけ】水に溶けるかと燃えるかを混同しない。【選択肢ア】誤り。第4類の水溶性液体もある。【選択肢イ】正しい。水溶性でも引火危険がある。【選択肢ウ】誤り… 正答（2）との違いを確認し直してください。;4:（4）の内容は、正答（2）「水に溶けても引火危険があるものがある。」が示す論点とずれています。 解説の要点：水溶性の第4類危険物でも、引火危険があるものがある。水に溶けることは不燃性を意味しない。【試験ポイント】水溶性＝安全ではない。【ひっかけ】水に溶けるかと燃えるかを混同しない。【選択肢ア】誤り。第4類の水溶性液体もある。【選択肢イ】正しい。水溶性でも引火危険がある。【選択肢ウ】誤り… 正答（2）との違いを確認し直してください。;5:解説では「水溶性の第4類危険物でも、引火危険があるものがある。」とある一方、（5）の記述はそれと矛盾します。 解説の要点：水溶性の第4類危険物でも、引火危険があるものがある。水に溶けることは不燃性を意味しない。【試験ポイント】水溶性＝安全ではない。【ひっかけ】水に溶けるかと燃えるかを混同しない。【選択肢ア】誤り。第4類の水溶性液体もある。【選択肢イ】正しい。水溶性でも引火危険がある。【選択肢ウ】誤り… 正答（2）との違いを確認し直してください。,水溶性の第4類危険物でも、引火危険があるものがある。水に溶けることは不燃性を意味しない。【試験ポイント】水溶性＝安全ではない。【ひっかけ】水に溶けるかと燃えるかを混同しない。【選択肢ア】誤り。第4類の水溶性液体もある。【選択肢イ】正しい。水溶性でも引火危険がある。【選択肢ウ】誤り。指定数量は分類により異なる。【選択肢エ】誤り。不燃性とは限らない。【選択肢オ】誤り。可燃性蒸気を出すものがある。,水溶性の第4類危険物でも、引火危険があるものがある。水に溶けることは不燃性を意味しない。【試験ポイント】水溶性＝安全ではない。【ひっかけ】水に溶けるかと燃えるかを混同しない。【選択肢ア】誤り。第4類の水溶性液体もある。【選択肢イ】正しい。水溶性でも引火危険がある。【選択肢ウ】誤り。指定数量は分類により異なる。【選択肢エ】誤り。不燃性とは限らない。【選択肢オ】,
241,single,火災・消火・漏えい,PF-064;PF-006;第4類共通性質;液比重・蒸気比重;標準;重点,液比重と蒸気比重の説明として、正しいものはどれか。,,,,,,液比重も蒸気比重も必ず水を基準にする。,液比重は水、蒸気比重は空気を基準に考える。,液比重も蒸気比重も必ず空気を基準にする。,蒸気比重は引火点の別名である。,液比重は指定数量の別名である。,2,液比重は水を基準にした液体の重さ、蒸気比重は空気を基準にした蒸気の重さとして整理する。【試験ポイント】液比重は水、蒸気比重は空気が基準。【ひっかけ】液体と蒸気の基準を混同しない。【選択肢ア】誤り。蒸気比重は空気基準である。【選択肢イ】正しい。基準が異なる。【選択肢ウ】誤り。液比重は水基準である。【選択肢エ】誤り。引火点ではない。【選択肢オ】誤り。指定数量ではない。,1:（1）の内容は、正答（2）「液比重は水、蒸気比重は空気を基準に考える。」が示す論点とずれています。 解説の要点：液比重は水を基準にした液体の重さ、蒸気比重は空気を基準にした蒸気の重さとして整理する。【試験ポイント】液比重は水、蒸気比重は空気が基準。【ひっかけ】液体と蒸気の基準を混同しない。【選択肢ア】誤り。蒸気比重は空気基準である。【選択肢イ】正しい。基準が異なる。【選択肢ウ】誤り。液比重… 正答（2）との違いを確認し直してください。;3:（3）の内容は、正答（2）「液比重は水、蒸気比重は空気を基準に考える。」が示す論点とずれています。 解説の要点：液比重は水を基準にした液体の重さ、蒸気比重は空気を基準にした蒸気の重さとして整理する。【試験ポイント】液比重は水、蒸気比重は空気が基準。【ひっかけ】液体と蒸気の基準を混同しない。【選択肢ア】誤り。蒸気比重は空気基準である。【選択肢イ】正しい。基準が異なる。【選択肢ウ】誤り。液比重… 正答（2）との違いを確認し直してください。;4:（4）の内容は、正答（2）「液比重は水、蒸気比重は空気を基準に考える。」が示す論点とずれています。 解説の要点：液比重は水を基準にした液体の重さ、蒸気比重は空気を基準にした蒸気の重さとして整理する。【試験ポイント】液比重は水、蒸気比重は空気が基準。【ひっかけ】液体と蒸気の基準を混同しない。【選択肢ア】誤り。蒸気比重は空気基準である。【選択肢イ】正しい。基準が異なる。【選択肢ウ】誤り。液比重… 正答（2）との違いを確認し直してください。;5:（5）の内容は、正答（2）「液比重は水、蒸気比重は空気を基準に考える。」が示す論点とずれています。 解説の要点：液比重は水を基準にした液体の重さ、蒸気比重は空気を基準にした蒸気の重さとして整理する。【試験ポイント】液比重は水、蒸気比重は空気が基準。【ひっかけ】液体と蒸気の基準を混同しない。【選択肢ア】誤り。蒸気比重は空気基準である。【選択肢イ】正しい。基準が異なる。【選択肢ウ】誤り。液比重… 正答（2）との違いを確認し直してください。,液比重は水を基準にした液体の重さ、蒸気比重は空気を基準にした蒸気の重さとして整理する。【試験ポイント】液比重は水、蒸気比重は空気が基準。【ひっかけ】液体と蒸気の基準を混同しない。【選択肢ア】誤り。蒸気比重は空気基準である。【選択肢イ】正しい。基準が異なる。【選択肢ウ】誤り。液比重は水基準である。【選択肢エ】誤り。引火点ではない。【選択肢オ】誤り。指定数量ではない。,液比重は水を基準にした液体の重さ、蒸気比重は空気を基準にした蒸気の重さとして整理する。【試験ポイント】液比重は水、蒸気比重は空気が基準。【ひっかけ】液体と蒸気の基準を混同しない。【選択肢ア】誤り。蒸気比重は空気基準である。【選択肢イ】正しい。基準が異なる。【選択肢ウ】誤り。液比重は水基準である。【選択肢エ】誤り。引火点ではない。【選択肢オ】誤り。指定数量では,
242,single,火災・消火・漏えい,PF-065;PF-008;火災予防;換気・火気管理;基礎;重点,第4類危険物を取り扱う場所で換気が重要な理由として、適切なものはどれか。,,,,,,指定数量を減らすため。,危険物取扱者免状を発行するため。,蒸気比重を必ずゼロにするため。,危険物を不燃性に変えるため。,可燃性蒸気の滞留を防ぐため。,5,第4類危険物では可燃性蒸気が発生することがあるため、換気により滞留を防ぐことが重要である。【試験ポイント】換気は可燃性蒸気の滞留防止。【ひっかけ】換気を消火剤と混同しない。【選択肢ア】誤り。指定数量は減らない。【選択肢イ】誤り。免状発行とは関係ない。【選択肢ウ】誤り。蒸気比重はゼロにならない。【選択肢エ】誤り。不燃性に変えるものではない。【選択肢オ】正しい。可燃性蒸気の滞留防止が目的である。,1:（1）「指定数量を減らすため。」は、単独の記述としては法令上妥当な場合がありますが、本問で選ぶべき正答は（5）「可燃性蒸気の滞留を防ぐため。」です。問題文の条件（第4類危険物を取り扱う場所で換気が重要な理由として、適切なものはどれか。…）と照らし、設問が問う論点に合う肢を選び直してください。;2:（2）の内容は、正答（5）「可燃性蒸気の滞留を防ぐため。」が示す論点とずれています。 解説の要点：第4類危険物では可燃性蒸気が発生することがあるため、換気により滞留を防ぐことが重要である。【試験ポイント】換気は可燃性蒸気の滞留防止。【ひっかけ】換気を消火剤と混同しない。【選択肢ア】誤り。指定数量は減らない。【選択肢イ】誤り。免状発行とは関係ない。【選択肢ウ】誤り。蒸気比重はゼ… 正答（5）との違いを確認し直してください。;3:（3）の内容は、正答（5）「可燃性蒸気の滞留を防ぐため。」が示す論点とずれています。 解説の要点：第4類危険物では可燃性蒸気が発生することがあるため、換気により滞留を防ぐことが重要である。【試験ポイント】換気は可燃性蒸気の滞留防止。【ひっかけ】換気を消火剤と混同しない。【選択肢ア】誤り。指定数量は減らない。【選択肢イ】誤り。免状発行とは関係ない。【選択肢ウ】誤り。蒸気比重はゼ… 正答（5）との違いを確認し直してください。;4:（4）「危険物を不燃性に変えるため。」は、単独の記述としては法令上妥当な場合がありますが、本問で選ぶべき正答は（5）「可燃性蒸気の滞留を防ぐため。」です。問題文の条件（第4類危険物を取り扱う場所で換気が重要な理由として、適切なものはどれか。…）と照らし、設問が問う論点に合う肢を選び直してください。,第4類危険物では可燃性蒸気が発生することがあるため、換気により滞留を防ぐことが重要である。【試験ポイント】換気は可燃性蒸気の滞留防止。【ひっかけ】換気を消火剤と混同しない。【選択肢ア】誤り。指定数量は減らない。【選択肢イ】誤り。免状発行とは関係ない。【選択肢ウ】誤り。蒸気比重はゼロにならない。【選択肢エ】誤り。不燃性に変えるものではない。【選択肢オ】正しい。可燃性蒸気の滞留防止が目的である。,第4類危険物では可燃性蒸気が発生することがあるため、換気により滞留を防ぐことが重要である。【試験ポイント】換気は可燃性蒸気の滞留防止。【ひっかけ】換気を消火剤と混同しない。【選択肢ア】誤り。指定数量は減らない。【選択肢イ】誤り。免状発行とは関係ない。【選択肢ウ】誤り。蒸気比重はゼロにならない。【選択肢エ】誤り。不燃性に変えるものではない。【選択肢オ】正しい。,
243,single,火災・消火・漏えい,PF-066;PF-013;特殊引火物;特殊引火物の性質;標準;重点,特殊引火物に該当する組合せとして、適切なものはどれか。,,,,,,メタノール・エタノール,重油・潤滑油,大豆油・菜種油,灯油・軽油,ジエチルエーテル・二硫化炭素,5,ジエチルエーテルと二硫化炭素は特殊引火物の代表例である。【試験ポイント】特殊引火物の代表例を押さえる。【ひっかけ】石油類・アルコール類と混同しない。【選択肢ア】誤り。アルコール類である。【選択肢イ】誤り。重油は第三石油類、潤滑油は第四石油類である。【選択肢ウ】誤り。動植物油類である。【選択肢エ】誤り。灯油・軽油は第二石油類である。【選択肢オ】正しい。どちらも特殊引火物である。,1:（1）「メタノール・エタノール」は、単独の記述としては法令上妥当な場合がありますが、本問で選ぶべき正答は（5）「ジエチルエーテル・二硫化炭素」です。問題文の条件（特殊引火物に該当する組合せとして、適切なものはどれか。…）と照らし、設問が問う論点に合う肢を選び直してください。;2:（2）「重油・潤滑油」は、単独の記述としては法令上妥当な場合がありますが、本問で選ぶべき正答は（5）「ジエチルエーテル・二硫化炭素」です。問題文の条件（特殊引火物に該当する組合せとして、適切なものはどれか。…）と照らし、設問が問う論点に合う肢を選び直してください。;3:（3）「大豆油・菜種油」は、単独の記述としては法令上妥当な場合がありますが、本問で選ぶべき正答は（5）「ジエチルエーテル・二硫化炭素」です。問題文の条件（特殊引火物に該当する組合せとして、適切なものはどれか。…）と照らし、設問が問う論点に合う肢を選び直してください。;4:（4）「灯油・軽油」は、単独の記述としては法令上妥当な場合がありますが、本問で選ぶべき正答は（5）「ジエチルエーテル・二硫化炭素」です。問題文の条件（特殊引火物に該当する組合せとして、適切なものはどれか。…）と照らし、設問が問う論点に合う肢を選び直してください。,ジエチルエーテルと二硫化炭素は特殊引火物の代表例である。【試験ポイント】特殊引火物の代表例を押さえる。【ひっかけ】石油類・アルコール類と混同しない。【選択肢ア】誤り。アルコール類である。【選択肢イ】誤り。重油は第三石油類、潤滑油は第四石油類である。【選択肢ウ】誤り。動植物油類である。【選択肢エ】誤り。灯油・軽油は第二石油類である。【選択肢オ】正しい。どちらも特殊引火物である。,ジエチルエーテルと二硫化炭素は特殊引火物の代表例である。【試験ポイント】特殊引火物の代表例を押さえる。【ひっかけ】石油類・アルコール類と混同しない。【選択肢ア】誤り。アルコール類である。【選択肢イ】誤り。重油は第三石油類、潤滑油は第四石油類である。【選択肢ウ】誤り。動植物油類である。【選択肢エ】誤り。灯油・軽油は第二石油類である。【選択肢オ】正しい。どちらも,
244,single,火災・消火・漏えい,PF-067;PF-018;第一石油類;ガソリン;標準;重点,ガソリンについて、誤っているものはどれか。,,,,,,火気を避けて取り扱う必要がある。,揮発しやすい。,第一石油類である。,水に完全に溶け、引火危険がない。,可燃性蒸気に引火する危険がある。,4,ガソリンは水に完全に溶けるわけではなく、引火危険が高い。第一石油類の代表例である。【試験ポイント】ガソリンは第一石油類で引火危険が高い。【ひっかけ】『誤っているもの』の問いに注意。【選択肢ア】正しい。火気厳禁が重要である。【選択肢イ】正しい。揮発しやすい。【選択肢ウ】正しい。第一石油類である。【選択肢エ】誤り。ガソリンは水に溶けにくく、引火危険がある。【選択肢オ】正しい。可燃性蒸気に引火する危険がある。,1:（1）の内容は、正答（4）「水に完全に溶け、引火危険がない。」が示す論点とずれています。 解説の要点：ガソリンは水に完全に溶けるわけではなく、引火危険が高い。第一石油類の代表例である。【試験ポイント】ガソリンは第一石油類で引火危険が高い。【ひっかけ】『誤っているもの』の問いに注意。【選択肢ア】正しい。火気厳禁が重要である。【選択肢イ】正しい。揮発しやすい。【選択肢ウ】正しい。第一… 正答（4）との違いを確認し直してください。;2:（2）「揮発しやすい。」は、単独の記述としては法令上妥当な場合がありますが、本問で選ぶべき正答は（4）「水に完全に溶け、引火危険がない。」です。問題文の条件（ガソリンについて、誤っているものはどれか。…）と照らし、設問が問う論点に合う肢を選び直してください。;3:（3）「第一石油類である。」は、単独の記述としては法令上妥当な場合がありますが、本問で選ぶべき正答は（4）「水に完全に溶け、引火危険がない。」です。問題文の条件（ガソリンについて、誤っているものはどれか。…）と照らし、設問が問う論点に合う肢を選び直してください。;5:（5）の内容は、正答（4）「水に完全に溶け、引火危険がない。」が示す論点とずれています。 解説の要点：ガソリンは水に完全に溶けるわけではなく、引火危険が高い。第一石油類の代表例である。【試験ポイント】ガソリンは第一石油類で引火危険が高い。【ひっかけ】『誤っているもの』の問いに注意。【選択肢ア】正しい。火気厳禁が重要である。【選択肢イ】正しい。揮発しやすい。【選択肢ウ】正しい。第一… 正答（4）との違いを確認し直してください。,ガソリンは水に完全に溶けるわけではなく、引火危険が高い。第一石油類の代表例である。【試験ポイント】ガソリンは第一石油類で引火危険が高い。【ひっかけ】『誤っているもの』の問いに注意。【選択肢ア】正しい。火気厳禁が重要である。【選択肢イ】正しい。揮発しやすい。【選択肢ウ】正しい。第一石油類である。【選択肢エ】誤り。ガソリンは水に溶けにくく、引火危険がある。【選択肢オ】正しい。可燃性蒸気に引火する危険がある。,ガソリンは水に完全に溶けるわけではなく、引火危険が高い。第一石油類の代表例である。【試験ポイント】ガソリンは第一石油類で引火危険が高い。【ひっかけ】『誤っているもの』の問いに注意。【選択肢ア】正しい。火気厳禁が重要である。【選択肢イ】正しい。揮発しやすい。【選択肢ウ】正しい。第一石油類である。【選択肢エ】誤り。ガソリンは水に溶けにくく、引火危険がある。【選択,
245,single,火災・消火・漏えい,PF-068;PF-020;第一石油類;アセトン;標準;重点,アセトンの分類と性質について、正しいものはどれか。,,,,,,水に溶けるため、絶対に燃えない。,第6類危険物である。,水に溶けるが、引火危険がある。,第二石油類の非水溶性液体である。,動植物油類である。,3,アセトンは第4類危険物の第一石油類に分類される水溶性液体であり、水に溶けるが引火危険がある。【試験ポイント】アセトンは水溶性でも引火危険がある。【ひっかけ】水溶性＝不燃性ではない。【選択肢ア】誤り。水に溶けても引火危険がある。【選択肢イ】誤り。第6類ではない。【選択肢ウ】正しい。アセトンの性質である。【選択肢エ】誤り。第一石油類である。【選択肢オ】誤り。動植物油類ではない。,1:解説では「アセトンは第4類危険物の第一石油類に分類される水溶性液体であり、水に溶けるが引火危険がある。」とある一方、（1）の記述はそれと矛盾します。 解説の要点：アセトンは第4類危険物の第一石油類に分類される水溶性液体であり、水に溶けるが引火危険がある。【試験ポイント】アセトンは水溶性でも引火危険がある。【ひっかけ】水溶性＝不燃性ではない。【選択肢ア】誤り。水に溶けても引火危険がある。【選択肢イ】誤り。第6類ではない。【選択肢ウ】正しい。… 正答（3）との違いを確認し直してください。;2:（2）「第6類危険物である。」は、単独の記述としては法令上妥当な場合がありますが、本問で選ぶべき正答は（3）「水に溶けるが、引火危険がある。」です。問題文の条件（アセトンの分類と性質について、正しいものはどれか。…）と照らし、設問が問う論点に合う肢を選び直してください。;4:（4）の内容は、正答（3）「水に溶けるが、引火危険がある。」が示す論点とずれています。 解説の要点：アセトンは第4類危険物の第一石油類に分類される水溶性液体であり、水に溶けるが引火危険がある。【試験ポイント】アセトンは水溶性でも引火危険がある。【ひっかけ】水溶性＝不燃性ではない。【選択肢ア】誤り。水に溶けても引火危険がある。【選択肢イ】誤り。第6類ではない。【選択肢ウ】正しい。… 正答（3）との違いを確認し直してください。;5:（5）「動植物油類である。」は、単独の記述としては法令上妥当な場合がありますが、本問で選ぶべき正答は（3）「水に溶けるが、引火危険がある。」です。問題文の条件（アセトンの分類と性質について、正しいものはどれか。…）と照らし、設問が問う論点に合う肢を選び直してください。,アセトンは第4類危険物の第一石油類に分類される水溶性液体であり、水に溶けるが引火危険がある。【試験ポイント】アセトンは水溶性でも引火危険がある。【ひっかけ】水溶性＝不燃性ではない。【選択肢ア】誤り。水に溶けても引火危険がある。【選択肢イ】誤り。第6類ではない。【選択肢ウ】正しい。アセトンの性質である。【選択肢エ】誤り。第一石油類である。【選択肢オ】誤り。動植物油類ではない。,アセトンは第4類危険物の第一石油類に分類される水溶性液体であり、水に溶けるが引火危険がある。【試験ポイント】アセトンは水溶性でも引火危険がある。【ひっかけ】水溶性＝不燃性ではない。【選択肢ア】誤り。水に溶けても引火危険がある。【選択肢イ】誤り。第6類ではない。【選択肢ウ】正しい。アセトンの性質である。【選択肢エ】誤り。第一石油類である。【選択肢オ】誤り。動植,
246,single,火災・消火・漏えい,PF-069;PF-022;アルコール類;アルコール類の性質;基礎;重点,アルコール類の代表例として、正しい組合せはどれか。,,,,,,ジエチルエーテル・二硫化炭素,ガソリン・灯油,メタノール・エタノール,大豆油・菜種油,重油・潤滑油,3,メタノールとエタノールはアルコール類の代表例である。【試験ポイント】メタノール・エタノールはアルコール類。【ひっかけ】名前のなじみだけで分類しない。【選択肢ア】誤り。特殊引火物である。【選択肢イ】誤り。ガソリンは第一石油類、灯油は第二石油類である。【選択肢ウ】正しい。メタノール・エタノールはアルコール類である。【選択肢エ】誤り。動植物油類である。【選択肢オ】誤り。重油は第三石油類、潤滑油は第四石油類である。,1:（1）「ジエチルエーテル・二硫化炭素」は、単独の記述としては法令上妥当な場合がありますが、本問で選ぶべき正答は（3）「メタノール・エタノール」です。問題文の条件（アルコール類の代表例として、正しい組合せはどれか。…）と照らし、設問が問う論点に合う肢を選び直してください。;2:（2）「ガソリン・灯油」は、単独の記述としては法令上妥当な場合がありますが、本問で選ぶべき正答は（3）「メタノール・エタノール」です。問題文の条件（アルコール類の代表例として、正しい組合せはどれか。…）と照らし、設問が問う論点に合う肢を選び直してください。;4:（4）「大豆油・菜種油」は、単独の記述としては法令上妥当な場合がありますが、本問で選ぶべき正答は（3）「メタノール・エタノール」です。問題文の条件（アルコール類の代表例として、正しい組合せはどれか。…）と照らし、設問が問う論点に合う肢を選び直してください。;5:（5）「重油・潤滑油」は、単独の記述としては法令上妥当な場合がありますが、本問で選ぶべき正答は（3）「メタノール・エタノール」です。問題文の条件（アルコール類の代表例として、正しい組合せはどれか。…）と照らし、設問が問う論点に合う肢を選び直してください。,【試験ポイント】メタノール・エタノールはアルコール類。 メタノール・エタノールはアルコール類である。,メタノールとエタノールはアルコール類の代表例である。【試験ポイント】メタノール・エタノールはアルコール類。【ひっかけ】名前のなじみだけで分類しない。【選択肢ア】誤り。特殊引火物である。【選択肢イ】誤り。ガソリンは第一石油類、灯油は第二石油類である。【選択肢ウ】正しい。メタノール・エタノールはアルコール類である。【選択肢エ】誤り。動植物油類である。【選択肢オ】,
247,single,火災・消火・漏えい,PF-070;PF-026;第二石油類;第二石油類の性質;標準;重点,第二石油類について、正しいものはどれか。,,,,,,灯油や軽油が代表例である。,メタノールだけが該当する。,ガソリンだけが該当する。,ジエチルエーテルだけが該当する。,動植物油だけが該当する。,1,第二石油類の代表例には、灯油や軽油がある。【試験ポイント】灯油・軽油は第二石油類。【ひっかけ】ガソリンと灯油・軽油を混同しない。【選択肢ア】正しい。灯油・軽油は第二石油類である。【選択肢イ】誤り。メタノールはアルコール類である。【選択肢ウ】誤り。ガソリンは第一石油類である。【選択肢エ】誤り。ジエチルエーテルは特殊引火物である。【選択肢オ】誤り。動植物油は動植物油類である。,2:（2）「メタノールだけが該当する。」は、単独の記述としては法令上妥当な場合がありますが、本問で選ぶべき正答は（1）「灯油や軽油が代表例である。」です。問題文の条件（第二石油類について、正しいものはどれか。…）と照らし、設問が問う論点に合う肢を選び直してください。;3:（3）「ガソリンだけが該当する。」は、単独の記述としては法令上妥当な場合がありますが、本問で選ぶべき正答は（1）「灯油や軽油が代表例である。」です。問題文の条件（第二石油類について、正しいものはどれか。…）と照らし、設問が問う論点に合う肢を選び直してください。;4:（4）の内容は、正答（1）「灯油や軽油が代表例である。」が示す論点とずれています。 解説の要点：第二石油類の代表例には、灯油や軽油がある。【試験ポイント】灯油・軽油は第二石油類。【ひっかけ】ガソリンと灯油・軽油を混同しない。【選択肢ア】正しい。灯油・軽油は第二石油類である。【選択肢イ】誤り。メタノールはアルコール類である。【選択肢ウ】誤り。ガソリンは第一石油類である。【選択… 正答（1）との違いを確認し直してください。;5:（5）「動植物油だけが該当する。」は、単独の記述としては法令上妥当な場合がありますが、本問で選ぶべき正答は（1）「灯油や軽油が代表例である。」です。問題文の条件（第二石油類について、正しいものはどれか。…）と照らし、設問が問う論点に合う肢を選び直してください。,第二石油類の代表例には、灯油や軽油がある。【試験ポイント】灯油・軽油は第二石油類。【ひっかけ】ガソリンと灯油・軽油を混同しない。【選択肢ア】正しい。灯油・軽油は第二石油類である。【選択肢イ】誤り。メタノールはアルコール類である。【選択肢ウ】誤り。ガソリンは第一石油類である。【選択肢エ】誤り。ジエチルエーテルは特殊引火物である。【選択肢オ】誤り。動植物油は動植物油類である。,第二石油類の代表例には、灯油や軽油がある。【試験ポイント】灯油・軽油は第二石油類。【ひっかけ】ガソリンと灯油・軽油を混同しない。【選択肢ア】正しい。灯油・軽油は第二石油類である。【選択肢イ】誤り。メタノールはアルコール類である。【選択肢ウ】誤り。ガソリンは第一石油類である。【選択肢エ】誤り。ジエチルエーテルは特殊引火物である。【選択肢オ】誤り。動植物油は動植,
248,single,火災・消火・漏えい,PF-071;PF-032;第三石油類;クレオソート油・アニリン・エチレングリコール;標準;網羅,アニリンの分類として、正しいものはどれか。,,,,,,動植物油類,第三石油類,アルコール類,第一石油類,特殊引火物,2,アニリンは第4類危険物の第三石油類に分類される代表的な物質である。【試験ポイント】アニリンは第三石油類。【ひっかけ】名前からアルコール類と誤認しない。【選択肢ア】誤り。動植物油類ではない。【選択肢イ】正しい。アニリンは第三石油類である。【選択肢ウ】誤り。アルコール類ではない。【選択肢エ】誤り。第一石油類ではない。【選択肢オ】誤り。特殊引火物ではない。,1:（1）「動植物油類」は、単独の記述としては法令上妥当な場合がありますが、本問で選ぶべき正答は（2）「第三石油類」です。問題文の条件（アニリンの分類として、正しいものはどれか。…）と照らし、設問が問う論点に合う肢を選び直してください。;3:（3）「アルコール類」は、単独の記述としては法令上妥当な場合がありますが、本問で選ぶべき正答は（2）「第三石油類」です。問題文の条件（アニリンの分類として、正しいものはどれか。…）と照らし、設問が問う論点に合う肢を選び直してください。;4:（4）「第一石油類」は、単独の記述としては法令上妥当な場合がありますが、本問で選ぶべき正答は（2）「第三石油類」です。問題文の条件（アニリンの分類として、正しいものはどれか。…）と照らし、設問が問う論点に合う肢を選び直してください。;5:（5）「特殊引火物」は、単独の記述としては法令上妥当な場合がありますが、本問で選ぶべき正答は（2）「第三石油類」です。問題文の条件（アニリンの分類として、正しいものはどれか。…）と照らし、設問が問う論点に合う肢を選び直してください。,アニリンは第4類危険物の第三石油類に分類される代表的な物質である。【試験ポイント】アニリンは第三石油類。【ひっかけ】名前からアルコール類と誤認しない。【選択肢ア】誤り。動植物油類ではない。【選択肢イ】正しい。アニリンは第三石油類である。【選択肢ウ】誤り。アルコール類ではない。【選択肢エ】誤り。第一石油類ではない。【選択肢オ】誤り。特殊引火物ではない。,アニリンは第4類危険物の第三石油類に分類される代表的な物質である。【試験ポイント】アニリンは第三石油類。【ひっかけ】名前からアルコール類と誤認しない。【選択肢ア】誤り。動植物油類ではない。【選択肢イ】正しい。アニリンは第三石油類である。【選択肢ウ】誤り。アルコール類ではない。【選択肢エ】誤り。第一石油類ではない。【選択肢オ】誤り。特殊引火物ではない。,
249,single,火災・消火・漏えい,PF-072;PF-043;消火方法;物質別の消火方法;標準;重点,非水溶性の第4類危険物火災への泡消火について、正しいものはどれか。,,,,,,酸素を大量に送り込む。,液面を泡で覆い、可燃性蒸気の発生を抑える。,火気を近づけて燃え尽きさせる。,下水へ流して消火する。,燃焼中の液面をかき混ぜる。,2,非水溶性の第4類危険物火災では、泡で液面を覆い、可燃性蒸気の発生や空気との接触を抑える方法が有効である。【試験ポイント】泡消火は液面を覆う。【ひっかけ】消火時に液体を広げない。【選択肢ア】誤り。酸素供給は燃焼を助ける。【選択肢イ】正しい。泡消火の基本である。【選択肢ウ】誤り。火気を近づけてはならない。【選択肢エ】誤り。下水へ流してはならない。【選択肢オ】誤り。かき混ぜると危険である。,1:（1）「酸素を大量に送り込む。」は、単独の記述としては法令上妥当な場合がありますが、本問で選ぶべき正答は（2）「液面を泡で覆い、可燃性蒸気の発生を抑える。」です。問題文の条件（非水溶性の第4類危険物火災への泡消火について、正しいものはどれか。…）と照らし、設問が問う論点に合う肢を選び直してください。;3:（3）の内容は、正答（2）「液面を泡で覆い、可燃性蒸気の発生を抑える。」が示す論点とずれています。 解説の要点：非水溶性の第4類危険物火災では、泡で液面を覆い、可燃性蒸気の発生や空気との接触を抑える方法が有効である。【試験ポイント】泡消火は液面を覆う。【ひっかけ】消火時に液体を広げない。【選択肢ア】誤り。酸素供給は燃焼を助ける。【選択肢イ】正しい。泡消火の基本である。【選択肢ウ】誤り。火気… 正答（2）との違いを確認し直してください。;4:（4）「下水へ流して消火する。」は、単独の記述としては法令上妥当な場合がありますが、本問で選ぶべき正答は（2）「液面を泡で覆い、可燃性蒸気の発生を抑える。」です。問題文の条件（非水溶性の第4類危険物火災への泡消火について、正しいものはどれか。…）と照らし、設問が問う論点に合う肢を選び直してください。;5:（5）「燃焼中の液面をかき混ぜる。」は、単独の記述としては法令上妥当な場合がありますが、本問で選ぶべき正答は（2）「液面を泡で覆い、可燃性蒸気の発生を抑える。」です。問題文の条件（非水溶性の第4類危険物火災への泡消火について、正しいものはどれか。…）と照らし、設問が問う論点に合う肢を選び直してください。,非水溶性の第4類危険物火災では、泡で液面を覆い、可燃性蒸気の発生や空気との接触を抑える方法が有効である。【試験ポイント】泡消火は液面を覆う。【ひっかけ】消火時に液体を広げない。【選択肢ア】誤り。酸素供給は燃焼を助ける。【選択肢イ】正しい。泡消火の基本である。【選択肢ウ】誤り。火気を近づけてはならない。【選択肢エ】誤り。下水へ流してはならない。【選択肢オ】誤り。かき混ぜると危険である。,非水溶性の第4類危険物火災では、泡で液面を覆い、可燃性蒸気の発生や空気との接触を抑える方法が有効である。【試験ポイント】泡消火は液面を覆う。【ひっかけ】消火時に液体を広げない。【選択肢ア】誤り。酸素供給は燃焼を助ける。【選択肢イ】正しい。泡消火の基本である。【選択肢ウ】誤り。火気を近づけてはならない。【選択肢エ】誤り。下水へ流してはならない。【選択肢オ】誤り,
250,single,火災・消火・漏えい,PF-073;PF-046;総合問題;性消分野の複合問題;標準;総合,第4類危険物の火災予防・消火に関する説明として、正しいものはどれか。,,,,,,火気を近づけると安全性が高まる。,水に溶けるものはすべて火災危険がない。,可燃性蒸気、火気、静電気、消火剤の適用を総合的に考える必要がある。,泡消火剤は常に燃焼を促進する。,第4類危険物はすべて酸素を放出する。,3,第4類危険物では、可燃性蒸気、火気、静電気、漏えい、消火剤の適用を総合的に考える必要がある。【試験ポイント】第4類は蒸気・火気・静電気・消火方法を一体で理解する。【ひっかけ】水溶性や消火剤の役割を誤解しない。【選択肢ア】誤り。火気は危険である。【選択肢イ】誤り。水溶性でも引火危険がある。【選択肢ウ】正しい。性消分野の総合理解として妥当である。【選択肢エ】誤り。泡消火剤は液面を覆う消火効果がある。【選択肢オ】誤り。酸素放出性ではない。,1:（1）の内容は、正答（3）「可燃性蒸気、火気、静電気、消火剤の適用を総合的に考える必要がある。」が示す論点とずれています。 解説の要点：第4類危険物では、可燃性蒸気、火気、静電気、漏えい、消火剤の適用を総合的に考える必要がある。【試験ポイント】第4類は蒸気・火気・静電気・消火方法を一体で理解する。【ひっかけ】水溶性や消火剤の役割を誤解しない。【選択肢ア】誤り。火気は危険である。【選択肢イ】誤り。水溶性でも引火危険… 正答（3）との違いを確認し直してください。;2:解説では「第4類危険物では、可燃性蒸気、火気、静電気、漏えい、消火剤の適用を総合的に考える必要がある。」とある一方、（2）の記述はそれと矛盾します。 解説の要点：第4類危険物では、可燃性蒸気、火気、静電気、漏えい、消火剤の適用を総合的に考える必要がある。【試験ポイント】第4類は蒸気・火気・静電気・消火方法を一体で理解する。【ひっかけ】水溶性や消火剤の役割を誤解しない。【選択肢ア】誤り。火気は危険である。【選択肢イ】誤り。水溶性でも引火危険… 正答（3）との違いを確認し直してください。;4:（4）の内容は、正答（3）「可燃性蒸気、火気、静電気、消火剤の適用を総合的に考える必要がある。」が示す論点とずれています。 解説の要点：第4類危険物では、可燃性蒸気、火気、静電気、漏えい、消火剤の適用を総合的に考える必要がある。【試験ポイント】第4類は蒸気・火気・静電気・消火方法を一体で理解する。【ひっかけ】水溶性や消火剤の役割を誤解しない。【選択肢ア】誤り。火気は危険である。【選択肢イ】誤り。水溶性でも引火危険… 正答（3）との違いを確認し直してください。;5:（5）の内容は、正答（3）「可燃性蒸気、火気、静電気、消火剤の適用を総合的に考える必要がある。」が示す論点とずれています。 解説の要点：第4類危険物では、可燃性蒸気、火気、静電気、漏えい、消火剤の適用を総合的に考える必要がある。【試験ポイント】第4類は蒸気・火気・静電気・消火方法を一体で理解する。【ひっかけ】水溶性や消火剤の役割を誤解しない。【選択肢ア】誤り。火気は危険である。【選択肢イ】誤り。水溶性でも引火危険… 正答（3）との違いを確認し直してください。,第4類危険物では、可燃性蒸気、火気、静電気、漏えい、消火剤の適用を総合的に考える必要がある。【試験ポイント】第4類は蒸気・火気・静電気・消火方法を一体で理解する。【ひっかけ】水溶性や消火剤の役割を誤解しない。【選択肢ア】誤り。火気は危険である。【選択肢イ】誤り。水溶性でも引火危険がある。【選択肢ウ】正しい。性消分野の総合理解として妥当である。【選択肢エ】誤り。泡消火剤は液面を覆う消火効果がある。【選択肢オ】誤り。酸素放出性ではない。,第4類危険物では、可燃性蒸気、火気、静電気、漏えい、消火剤の適用を総合的に考える必要がある。【試験ポイント】第4類は蒸気・火気・静電気・消火方法を一体で理解する。【ひっかけ】水溶性や消火剤の役割を誤解しない。【選択肢ア】誤り。火気は危険である。【選択肢イ】誤り。水溶性でも引火危険がある。【選択肢ウ】正しい。性消分野の総合理解として妥当である。【選択肢エ】誤り,
251,single,法令・制度,L-111;LAW-018;仮貯蔵・仮取扱い;仮貯蔵・仮取扱い;標準;重点,仮貯蔵・仮取扱いに関する説明として、正しいものはどれか。,,,,,,仮貯蔵は危険物取扱者免状の別名である。,一時的であれば、指定数量以上でも常に自由に扱える。,第4類危険物は仮貯蔵の対象にならない。,屋外であれば火気管理は不要である。,一時的な場合でも、指定数量以上なら承認が必要となる場合がある。,5,指定数量以上の危険物を一時的に貯蔵または取り扱う場合、仮貯蔵・仮取扱いとして承認が必要となる場合がある。【試験ポイント】仮貯蔵・仮取扱いは一時的でも承認が問題になる。【ひっかけ】一時的＝自由、ではない。【選択肢ア】誤り。免状の別名ではない。【選択肢イ】誤り。常に自由に扱えるわけではない。【選択肢ウ】誤り。第4類危険物も対象になり得る。【選択肢エ】誤り。屋外でも火気管理は必要である。【選択肢オ】正しい。一時的でも承認が必要となる場合がある。,1:（1）の内容は、正答（5）「一時的な場合でも、指定数量以上なら承認が必要となる場合がある。」が示す論点とずれています。 解説の要点：指定数量以上の危険物を一時的に貯蔵または取り扱う場合、仮貯蔵・仮取扱いとして承認が必要となる場合がある。【試験ポイント】仮貯蔵・仮取扱いは一時的でも承認が問題になる。【ひっかけ】一時的＝自由、ではない。【選択肢ア】誤り。免状の別名ではない。【選択肢イ】誤り。常に自由に扱えるわけで… 正答（5）との違いを確認し直してください。;2:（2）の内容は、正答（5）「一時的な場合でも、指定数量以上なら承認が必要となる場合がある。」が示す論点とずれています。 解説の要点：指定数量以上の危険物を一時的に貯蔵または取り扱う場合、仮貯蔵・仮取扱いとして承認が必要となる場合がある。【試験ポイント】仮貯蔵・仮取扱いは一時的でも承認が問題になる。【ひっかけ】一時的＝自由、ではない。【選択肢ア】誤り。免状の別名ではない。【選択肢イ】誤り。常に自由に扱えるわけで… 正答（5）との違いを確認し直してください。;3:解説では「指定数量以上の危険物を一時的に貯蔵または取り扱う場合、仮貯蔵・仮取扱いとして承認が必要となる場合がある。」とある一方、（3）の記述はそれと矛盾します。 解説の要点：指定数量以上の危険物を一時的に貯蔵または取り扱う場合、仮貯蔵・仮取扱いとして承認が必要となる場合がある。【試験ポイント】仮貯蔵・仮取扱いは一時的でも承認が問題になる。【ひっかけ】一時的＝自由、ではない。【選択肢ア】誤り。免状の別名ではない。【選択肢イ】誤り。常に自由に扱えるわけで… 正答（5）との違いを確認し直してください。;4:（4）「屋外であれば火気管理は不要である。」は、単独の記述としては法令上妥当な場合がありますが、本問で選ぶべき正答は（5）「一時的な場合でも、指定数量以上なら承認が必要となる場合がある。」です。問題文の条件（仮貯蔵・仮取扱いに関する説明として、正しいものはどれか。…）と照らし、設問が問う論点に合う肢を選び直してください。,指定数量以上の危険物を一時的に貯蔵または取り扱う場合、仮貯蔵・仮取扱いとして承認が必要となる場合がある。【試験ポイント】仮貯蔵・仮取扱いは一時的でも承認が問題になる。【ひっかけ】一時的＝自由、ではない。【選択肢ア】誤り。免状の別名ではない。【選択肢イ】誤り。常に自由に扱えるわけではない。【選択肢ウ】誤り。第4類危険物も対象になり得る。【選択肢エ】誤り。屋外でも火気管理は必要である。【選択肢オ】正しい。一時的でも承認が必要となる場合がある。,指定数量以上の危険物を一時的に貯蔵または取り扱う場合、仮貯蔵・仮取扱いとして承認が必要となる場合がある。【試験ポイント】仮貯蔵・仮取扱いは一時的でも承認が問題になる。【ひっかけ】一時的＝自由、ではない。【選択肢ア】誤り。免状の別名ではない。【選択肢イ】誤り。常に自由に扱えるわけではない。【選択肢ウ】誤り。第4類危険物も対象になり得る。【選択肢エ】誤り。屋外で,
252,single,法令・制度,L-112;LAW-018;仮使用;仮使用の承認;標準;網羅,仮使用と仮貯蔵・仮取扱いの説明として、正しいものはどれか。,,,,,,どちらも指定数量をなくす制度である。,どちらも危険物取扱者試験の受験制度である。,いずれも例外的な使用・取扱いに関する手続きだが、制度上は区別される。,完全に同じ制度であり、名称以外に違いはない。,どちらも火災予防上の措置を不要にする制度である。,3,仮使用と仮貯蔵・仮取扱いは、いずれも例外的な場面で問題となるが、制度上は区別される。【試験ポイント】仮使用と仮貯蔵・仮取扱いを区別する。【ひっかけ】『仮』が付く制度を一括りにしない。【選択肢ア】誤り。指定数量をなくす制度ではない。【選択肢イ】誤り。試験制度ではない。【選択肢ウ】正しい。制度上は区別して理解する。【選択肢エ】誤り。完全に同じ制度ではない。【選択肢オ】誤り。安全措置を不要にする制度ではない。,1:（1）「どちらも指定数量をなくす制度である。」は、単独の記述としては法令上妥当な場合がありますが、本問で選ぶべき正答は（3）「いずれも例外的な使用・取扱いに関する手続きだが、制度上は区別される。」です。問題文の条件（仮使用と仮貯蔵・仮取扱いの説明として、正しいものはどれか。…）と照らし、設問が問う論点に合う肢を選び直してください。;2:（2）の内容は、正答（3）「いずれも例外的な使用・取扱いに関する手続きだが、制度上は区別される。」が示す論点とずれています。 解説の要点：仮使用と仮貯蔵・仮取扱いは、いずれも例外的な場面で問題となるが、制度上は区別される。【試験ポイント】仮使用と仮貯蔵・仮取扱いを区別する。【ひっかけ】『仮』が付く制度を一括りにしない。【選択肢ア】誤り。指定数量をなくす制度ではない。【選択肢イ】誤り。試験制度ではない。【選択肢ウ】正… 正答（3）との違いを確認し直してください。;4:（4）の内容は、正答（3）「いずれも例外的な使用・取扱いに関する手続きだが、制度上は区別される。」が示す論点とずれています。 解説の要点：仮使用と仮貯蔵・仮取扱いは、いずれも例外的な場面で問題となるが、制度上は区別される。【試験ポイント】仮使用と仮貯蔵・仮取扱いを区別する。【ひっかけ】『仮』が付く制度を一括りにしない。【選択肢ア】誤り。指定数量をなくす制度ではない。【選択肢イ】誤り。試験制度ではない。【選択肢ウ】正… 正答（3）との違いを確認し直してください。;5:（5）の内容は、正答（3）「いずれも例外的な使用・取扱いに関する手続きだが、制度上は区別される。」が示す論点とずれています。 解説の要点：仮使用と仮貯蔵・仮取扱いは、いずれも例外的な場面で問題となるが、制度上は区別される。【試験ポイント】仮使用と仮貯蔵・仮取扱いを区別する。【ひっかけ】『仮』が付く制度を一括りにしない。【選択肢ア】誤り。指定数量をなくす制度ではない。【選択肢イ】誤り。試験制度ではない。【選択肢ウ】正… 正答（3）との違いを確認し直してください。,仮使用と仮貯蔵・仮取扱いは、いずれも例外的な場面で問題となるが、制度上は区別される。【試験ポイント】仮使用と仮貯蔵・仮取扱いを区別する。【ひっかけ】『仮』が付く制度を一括りにしない。【選択肢ア】誤り。指定数量をなくす制度ではない。【選択肢イ】誤り。試験制度ではない。【選択肢ウ】正しい。制度上は区別して理解する。【選択肢エ】誤り。完全に同じ制度ではない。【選択肢オ】誤り。安全措置を不要にする制度ではない。,仮使用と仮貯蔵・仮取扱いは、いずれも例外的な場面で問題となるが、制度上は区別される。【試験ポイント】仮使用と仮貯蔵・仮取扱いを区別する。【ひっかけ】『仮』が付く制度を一括りにしない。【選択肢ア】誤り。指定数量をなくす制度ではない。【選択肢イ】誤り。試験制度ではない。【選択肢ウ】正しい。制度上は区別して理解する。【選択肢エ】誤り。完全に同じ制度ではない。【選択,
253,single,法令・制度,L-113;LAW-019;届出;危険物保安監督者選任・解任届出;標準;重点,危険物保安監督者を選任した場合の届出について、正しいものはどれか。,,,,,,選任すれば届出は絶対に不要である。,乙種第4類では保安監督者制度は一切関係しない。,届出は指定数量を計算するための数式である。,届出は危険物の分類名である。,法令上、届出が必要となる場合がある。,5,危険物保安監督者を選任した場合、法令上、届出が必要となる場合がある。【試験ポイント】保安監督者は選任と届出をセットで押さえる。【ひっかけ】選任だけして終わり、とは限らない。【選択肢ア】誤り。届出が必要となる場合がある。【選択肢イ】誤り。乙4の施設でも関係し得る。【選択肢ウ】誤り。数式ではない。【選択肢エ】誤り。分類名ではない。【選択肢オ】正しい。選任時の届出が問題となる。,1:（1）「選任すれば届出は絶対に不要である。」は、単独の記述としては法令上妥当な場合がありますが、本問で選ぶべき正答は（5）「法令上、届出が必要となる場合がある。」です。問題文の条件（危険物保安監督者を選任した場合の届出について、正しいものはどれか。…）と照らし、設問が問う論点に合う肢を選び直してください。;2:解説では「危険物保安監督者を選任した場合、法令上、届出が必要となる場合がある。」とある一方、（2）の記述はそれと矛盾します。 解説の要点：危険物保安監督者を選任した場合、法令上、届出が必要となる場合がある。【試験ポイント】保安監督者は選任と届出をセットで押さえる。【ひっかけ】選任だけして終わり、とは限らない。【選択肢ア】誤り。届出が必要となる場合がある。【選択肢イ】誤り。乙4の施設でも関係し得る。【選択肢ウ】誤り。… 正答（5）との違いを確認し直してください。;3:（3）の内容は、正答（5）「法令上、届出が必要となる場合がある。」が示す論点とずれています。 解説の要点：危険物保安監督者を選任した場合、法令上、届出が必要となる場合がある。【試験ポイント】保安監督者は選任と届出をセットで押さえる。【ひっかけ】選任だけして終わり、とは限らない。【選択肢ア】誤り。届出が必要となる場合がある。【選択肢イ】誤り。乙4の施設でも関係し得る。【選択肢ウ】誤り。… 正答（5）との違いを確認し直してください。;4:（4）「届出は危険物の分類名である。」は、単独の記述としては法令上妥当な場合がありますが、本問で選ぶべき正答は（5）「法令上、届出が必要となる場合がある。」です。問題文の条件（危険物保安監督者を選任した場合の届出について、正しいものはどれか。…）と照らし、設問が問う論点に合う肢を選び直してください。,危険物保安監督者を選任した場合、法令上、届出が必要となる場合がある。,危険物保安監督者を選任した場合、法令上、届出が必要となる場合がある。【試験ポイント】保安監督者は選任と届出をセットで押さえる。【ひっかけ】選任だけして終わり、とは限らない。【選択肢ア】誤り。届出が必要となる場合がある。【選択肢イ】誤り。乙4の施設でも関係し得る。【選択肢ウ】誤り。数式ではない。【選択肢エ】誤り。分類名ではない。【選択肢オ】正しい。選任時の届出,
254,single,法令・制度,L-114;LAW-020;届出;品名・数量・指定数量倍数の変更届出;標準;重点,危険物の品名変更に関する説明として、正しいものはどれか。,,,,,,品名変更は、危険物取扱者の氏名変更だけをいう。,品名を変えれば指定数量は必ずゼロになる。,第4類危険物では品名変更の手続きは絶対にない。,掲示板があれば品名変更の管理は常に不要である。,製造所等で扱う危険物の品名を変更する場合、届出が必要となる場合がある。,5,製造所等で貯蔵し、又は取り扱う危険物の品名を変更する場合、届出が必要となる場合がある。【試験ポイント】品名・数量・指定数量倍数の変更届を押さえる。【ひっかけ】免状の氏名変更と混同しない。【選択肢ア】誤り。取扱者の氏名変更ではない。【選択肢イ】誤り。指定数量はゼロにならない。【選択肢ウ】誤り。第4類でも関係する。【選択肢エ】誤り。掲示板だけで不要になるわけではない。【選択肢オ】正しい。品名変更は届出論点である。,1:（1）の内容は、正答（5）「製造所等で扱う危険物の品名を変更する場合、届出が必要となる場合がある。」が示す論点とずれています。 解説の要点：製造所等で貯蔵し、又は取り扱う危険物の品名を変更する場合、届出が必要となる場合がある。【試験ポイント】品名・数量・指定数量倍数の変更届を押さえる。【ひっかけ】免状の氏名変更と混同しない。【選択肢ア】誤り。取扱者の氏名変更ではない。【選択肢イ】誤り。指定数量はゼロにならない。【選択… 正答（5）との違いを確認し直してください。;2:（2）の内容は、正答（5）「製造所等で扱う危険物の品名を変更する場合、届出が必要となる場合がある。」が示す論点とずれています。 解説の要点：製造所等で貯蔵し、又は取り扱う危険物の品名を変更する場合、届出が必要となる場合がある。【試験ポイント】品名・数量・指定数量倍数の変更届を押さえる。【ひっかけ】免状の氏名変更と混同しない。【選択肢ア】誤り。取扱者の氏名変更ではない。【選択肢イ】誤り。指定数量はゼロにならない。【選択… 正答（5）との違いを確認し直してください。;3:解説では「製造所等で貯蔵し、又は取り扱う危険物の品名を変更する場合、届出が必要となる場合がある。」とある一方、（3）の記述はそれと矛盾します。 解説の要点：製造所等で貯蔵し、又は取り扱う危険物の品名を変更する場合、届出が必要となる場合がある。【試験ポイント】品名・数量・指定数量倍数の変更届を押さえる。【ひっかけ】免状の氏名変更と混同しない。【選択肢ア】誤り。取扱者の氏名変更ではない。【選択肢イ】誤り。指定数量はゼロにならない。【選択… 正答（5）との違いを確認し直してください。;4:解説では「製造所等で貯蔵し、又は取り扱う危険物の品名を変更する場合、届出が必要となる場合がある。」とある一方、（4）の記述はそれと矛盾します。 解説の要点：製造所等で貯蔵し、又は取り扱う危険物の品名を変更する場合、届出が必要となる場合がある。【試験ポイント】品名・数量・指定数量倍数の変更届を押さえる。【ひっかけ】免状の氏名変更と混同しない。【選択肢ア】誤り。取扱者の氏名変更ではない。【選択肢イ】誤り。指定数量はゼロにならない。【選択… 正答（5）との違いを確認し直してください。,製造所等で貯蔵し、又は取り扱う危険物の品名を変更する場合、届出が必要となる場合がある。【試験ポイント】品名・数量・指定数量倍数の変更届を押さえる。【ひっかけ】免状の氏名変更と混同しない。【選択肢ア】誤り。取扱者の氏名変更ではない。【選択肢イ】誤り。指定数量はゼロにならない。【選択肢ウ】誤り。第4類でも関係する。【選択肢エ】誤り。掲示板だけで不要になるわけではない。【選択肢オ】正しい。品名変更は届出論点である。,製造所等で貯蔵し、又は取り扱う危険物の品名を変更する場合、届出が必要となる場合がある。【試験ポイント】品名・数量・指定数量倍数の変更届を押さえる。【ひっかけ】免状の氏名変更と混同しない。【選択肢ア】誤り。取扱者の氏名変更ではない。【選択肢イ】誤り。指定数量はゼロにならない。【選択肢ウ】誤り。第4類でも関係する。【選択肢エ】誤り。掲示板だけで不要になるわけでは,
255,single,法令・制度,L-115;LAW-022;届出;廃止届出;基礎;網羅,製造所等を廃止した場合について、正しいものはどれか。,,,,,,廃止届は危険物取扱者試験の申込書である。,廃止すると指定数量が自動的に10倍になる。,第4類危険物施設は廃止できない。,廃止すれば危険物が残っていても安全措置は不要である。,法令上、廃止の届出が必要となる場合がある。,5,製造所等を廃止した場合、法令上、廃止の届出が必要となる場合がある。危険物の残存にも注意が必要である。【試験ポイント】廃止時も届出と安全措置が重要。【ひっかけ】使わなくなれば何もしなくてよい、ではない。【選択肢ア】誤り。試験申込書ではない。【選択肢イ】誤り。指定数量は変わらない。【選択肢ウ】誤り。施設の廃止はあり得る。【選択肢エ】誤り。残存危険物への安全措置は必要である。【選択肢オ】正しい。廃止届出が問題となる。,1:（1）の内容は、正答（5）「法令上、廃止の届出が必要となる場合がある。」が示す論点とずれています。 解説の要点：製造所等を廃止した場合、法令上、廃止の届出が必要となる場合がある。危険物の残存にも注意が必要である。【試験ポイント】廃止時も届出と安全措置が重要。【ひっかけ】使わなくなれば何もしなくてよい、ではない。【選択肢ア】誤り。試験申込書ではない。【選択肢イ】誤り。指定数量は変わらない。【… 正答（5）との違いを確認し直してください。;2:（2）の内容は、正答（5）「法令上、廃止の届出が必要となる場合がある。」が示す論点とずれています。 解説の要点：製造所等を廃止した場合、法令上、廃止の届出が必要となる場合がある。危険物の残存にも注意が必要である。【試験ポイント】廃止時も届出と安全措置が重要。【ひっかけ】使わなくなれば何もしなくてよい、ではない。【選択肢ア】誤り。試験申込書ではない。【選択肢イ】誤り。指定数量は変わらない。【… 正答（5）との違いを確認し直してください。;3:（3）「第4類危険物施設は廃止できない。」は、単独の記述としては法令上妥当な場合がありますが、本問で選ぶべき正答は（5）「法令上、廃止の届出が必要となる場合がある。」です。問題文の条件（製造所等を廃止した場合について、正しいものはどれか。…）と照らし、設問が問う論点に合う肢を選び直してください。;4:解説では「製造所等を廃止した場合、法令上、廃止の届出が必要となる場合がある。」とある一方、（4）の記述はそれと矛盾します。 解説の要点：製造所等を廃止した場合、法令上、廃止の届出が必要となる場合がある。危険物の残存にも注意が必要である。【試験ポイント】廃止時も届出と安全措置が重要。【ひっかけ】使わなくなれば何もしなくてよい、ではない。【選択肢ア】誤り。試験申込書ではない。【選択肢イ】誤り。指定数量は変わらない。【… 正答（5）との違いを確認し直してください。,製造所等を廃止した場合、法令上、廃止の届出が必要となる場合がある。,製造所等を廃止した場合、法令上、廃止の届出が必要となる場合がある。危険物の残存にも注意が必要である。【試験ポイント】廃止時も届出と安全措置が重要。【ひっかけ】使わなくなれば何もしなくてよい、ではない。【選択肢ア】誤り。試験申込書ではない。【選択肢イ】誤り。指定数量は変わらない。【選択肢ウ】誤り。施設の廃止はあり得る。【選択肢エ】誤り。残存危険物への安全措置は,
256,single,法令・制度,L-116;LAW-024;免状;免状の交付・書換え・再交付;基礎;網羅,危険物取扱者免状の書換えが問題となる場合として、適切なものはどれか。,,,,,,危険物を一度も扱わない場合は必ず毎日書換える。,給油取扱所を見学した場合。,危険物の指定数量を暗記した場合。,消火器を購入した場合。,免状の記載事項に変更があった場合。,5,危険物取扱者免状の記載事項に変更があった場合、書換えの手続きが問題となる。【試験ポイント】免状は交付・書換え・再交付を押さえる。【ひっかけ】施設手続きと免状手続きを混同しない。【選択肢ア】誤り。毎日書換える制度ではない。【選択肢イ】誤り。見学だけで書換えは不要である。【選択肢ウ】誤り。暗記とは関係ない。【選択肢エ】誤り。消火器購入とは関係ない。【選択肢オ】正しい。記載事項変更時は書換えが問題となる。,1:解説では「見学だけで書換えは不要である。」とある一方、（1）の記述はそれと矛盾します。 解説の要点：危険物取扱者免状の記載事項に変更があった場合、書換えの手続きが問題となる。【試験ポイント】免状は交付・書換え・再交付を押さえる。【ひっかけ】施設手続きと免状手続きを混同しない。【選択肢ア】誤り。毎日書換える制度ではない。【選択肢イ】誤り。見学だけで書換えは不要である。【選択肢ウ】… 正答（5）との違いを確認し直してください。;2:（2）「給油取扱所を見学した場合。」は、単独の記述としては法令上妥当な場合がありますが、本問で選ぶべき正答は（5）「免状の記載事項に変更があった場合。」です。問題文の条件（危険物取扱者免状の書換えが問題となる場合として、適切なものはどれか。…）と照らし、設問が問う論点に合う肢を選び直してください。;3:（3）「危険物の指定数量を暗記した場合。」は、単独の記述としては法令上妥当な場合がありますが、本問で選ぶべき正答は（5）「免状の記載事項に変更があった場合。」です。問題文の条件（危険物取扱者免状の書換えが問題となる場合として、適切なものはどれか。…）と照らし、設問が問う論点に合う肢を選び直してください。;4:（4）「消火器を購入した場合。」は、単独の記述としては法令上妥当な場合がありますが、本問で選ぶべき正答は（5）「免状の記載事項に変更があった場合。」です。問題文の条件（危険物取扱者免状の書換えが問題となる場合として、適切なものはどれか。…）と照らし、設問が問う論点に合う肢を選び直してください。,危険物取扱者免状の記載事項に変更があった場合、書換えの手続きが問題となる。【試験ポイント】免状は交付・書換え・再交付を押さえる。【ひっかけ】施設手続きと免状手続きを混同しない。【選択肢ア】誤り。毎日書換える制度ではない。【選択肢イ】誤り。見学だけで書換えは不要である。【選択肢ウ】誤り。暗記とは関係ない。【選択肢エ】誤り。消火器購入とは関係ない。【選択肢オ】正しい。記載事項変更時は書換えが問題となる。,危険物取扱者免状の記載事項に変更があった場合、書換えの手続きが問題となる。【試験ポイント】免状は交付・書換え・再交付を押さえる。【ひっかけ】施設手続きと免状手続きを混同しない。【選択肢ア】誤り。毎日書換える制度ではない。【選択肢イ】誤り。見学だけで書換えは不要である。【選択肢ウ】誤り。暗記とは関係ない。【選択肢エ】誤り。消火器購入とは関係ない。【選択肢オ】正,
257,single,法令・制度,L-117;LAW-026;危険物保安統括管理者;選任要件・役割;標準;網羅,危険物保安統括管理者の役割として、最も適切なものはどれか。,,,,,,危険物の販売価格だけを決める。,事業所全体の危険物保安に関する業務を統括管理する。,指定数量を自由に変更する。,危険物の味を確認する。,危険物取扱者試験の問題を印刷する。,2,危険物保安統括管理者は、一定の事業所における危険物保安に関する業務を統括管理する役割である。【試験ポイント】保安統括管理者は事業所全体の保安管理。【ひっかけ】保安監督者との役割差に注意。【選択肢ア】誤り。販売価格だけを決める役割ではない。【選択肢イ】正しい。統括管理が中心である。【選択肢ウ】誤り。指定数量は自由に変えられない。【選択肢エ】誤り。味を確認してはならない。【選択肢オ】誤り。試験問題印刷ではない。,1:（1）「危険物の販売価格だけを決める。」は、単独の記述としては法令上妥当な場合がありますが、本問で選ぶべき正答は（2）「事業所全体の危険物保安に関する業務を統括管理する。」です。問題文の条件（危険物保安統括管理者の役割として、最も適切なものはどれか。…）と照らし、設問が問う論点に合う肢を選び直してください。;3:（3）「指定数量を自由に変更する。」は、単独の記述としては法令上妥当な場合がありますが、本問で選ぶべき正答は（2）「事業所全体の危険物保安に関する業務を統括管理する。」です。問題文の条件（危険物保安統括管理者の役割として、最も適切なものはどれか。…）と照らし、設問が問う論点に合う肢を選び直してください。;4:（4）「危険物の味を確認する。」は、単独の記述としては法令上妥当な場合がありますが、本問で選ぶべき正答は（2）「事業所全体の危険物保安に関する業務を統括管理する。」です。問題文の条件（危険物保安統括管理者の役割として、最も適切なものはどれか。…）と照らし、設問が問う論点に合う肢を選び直してください。;5:（5）「危険物取扱者試験の問題を印刷する。」は、単独の記述としては法令上妥当な場合がありますが、本問で選ぶべき正答は（2）「事業所全体の危険物保安に関する業務を統括管理する。」です。問題文の条件（危険物保安統括管理者の役割として、最も適切なものはどれか。…）と照らし、設問が問う論点に合う肢を選び直してください。,危険物保安統括管理者は、一定の事業所における危険物保安に関する業務を統括管理する役割である。【試験ポイント】保安統括管理者は事業所全体の保安管理。【ひっかけ】保安監督者との役割差に注意。【選択肢ア】誤り。販売価格だけを決める役割ではない。【選択肢イ】正しい。統括管理が中心である。【選択肢ウ】誤り。指定数量は自由に変えられない。【選択肢エ】誤り。味を確認してはならない。【選択肢オ】誤り。試験問題印刷ではない。,危険物保安統括管理者は、一定の事業所における危険物保安に関する業務を統括管理する役割である。【試験ポイント】保安統括管理者は事業所全体の保安管理。【ひっかけ】保安監督者との役割差に注意。【選択肢ア】誤り。販売価格だけを決める役割ではない。【選択肢イ】正しい。統括管理が中心である。【選択肢ウ】誤り。指定数量は自由に変えられない。【選択肢エ】誤り。味を確認しては,
258,single,法令・制度,L-118;LAW-028;危険物保安監督者;危険物保安監督者の業務;標準;重点,危険物保安監督者に関する説明として、正しいものはどれか。,,,,,,消火剤の名称である。,危険物の取扱作業の保安監督に関係する。,危険物の分類そのものである。,すべての家庭に必ず選任する。,指定数量の単位である。,2,危険物保安監督者は、危険物の取扱作業に関する保安監督に関係する。【試験ポイント】保安監督者は取扱作業の保安監督。【ひっかけ】名称だけで施設全体の統括者と混同しない。【選択肢ア】誤り。消火剤名ではない。【選択肢イ】正しい。保安監督者の役割である。【選択肢ウ】誤り。分類名ではない。【選択肢エ】誤り。すべての家庭に必要なものではない。【選択肢オ】誤り。指定数量の単位ではない。,1:（1）「消火剤の名称である。」は、単独の記述としては法令上妥当な場合がありますが、本問で選ぶべき正答は（2）「危険物の取扱作業の保安監督に関係する。」です。問題文の条件（危険物保安監督者に関する説明として、正しいものはどれか。…）と照らし、設問が問う論点に合う肢を選び直してください。;3:（3）「危険物の分類そのものである。」は、単独の記述としては法令上妥当な場合がありますが、本問で選ぶべき正答は（2）「危険物の取扱作業の保安監督に関係する。」です。問題文の条件（危険物保安監督者に関する説明として、正しいものはどれか。…）と照らし、設問が問う論点に合う肢を選び直してください。;4:（4）「すべての家庭に必ず選任する。」は、単独の記述としては法令上妥当な場合がありますが、本問で選ぶべき正答は（2）「危険物の取扱作業の保安監督に関係する。」です。問題文の条件（危険物保安監督者に関する説明として、正しいものはどれか。…）と照らし、設問が問う論点に合う肢を選び直してください。;5:（5）「指定数量の単位である。」は、単独の記述としては法令上妥当な場合がありますが、本問で選ぶべき正答は（2）「危険物の取扱作業の保安監督に関係する。」です。問題文の条件（危険物保安監督者に関する説明として、正しいものはどれか。…）と照らし、設問が問う論点に合う肢を選び直してください。,危険物保安監督者は、危険物の取扱作業に関する保安監督に関係する。【試験ポイント】保安監督者は取扱作業の保安監督。【ひっかけ】名称だけで施設全体の統括者と混同しない。【選択肢ア】誤り。消火剤名ではない。【選択肢イ】正しい。保安監督者の役割である。【選択肢ウ】誤り。分類名ではない。【選択肢エ】誤り。すべての家庭に必要なものではない。【選択肢オ】誤り。指定数量の単位ではない。,危険物保安監督者は、危険物の取扱作業に関する保安監督に関係する。【試験ポイント】保安監督者は取扱作業の保安監督。【ひっかけ】名称だけで施設全体の統括者と混同しない。【選択肢ア】誤り。消火剤名ではない。【選択肢イ】正しい。保安監督者の役割である。【選択肢ウ】誤り。分類名ではない。【選択肢エ】誤り。すべての家庭に必要なものではない。【選択肢オ】誤り。指定数量の単,
259,single,法令・制度,L-119;LAW-029;危険物保安統括管理者;選任要件・役割;標準;網羅,危険物保安統括管理者と危険物保安監督者の関係として、正しいものはどれか。,,,,,,どちらも危険物の品名である。,名称は似ているが、制度上の役割は区別される。,どちらも消火器の型式である。,完全に同じ制度であり、どちらか一方の名称しか使えない。,どちらも指定数量を表す単位である。,2,危険物保安統括管理者と危険物保安監督者は名称が似ているが、制度上の役割は区別される。【試験ポイント】保安統括管理者と保安監督者を区別する。【ひっかけ】似た名称を同一視しない。【選択肢ア】誤り。危険物の品名ではない。【選択肢イ】正しい。役割を区別する必要がある。【選択肢ウ】誤り。消火器の型式ではない。【選択肢エ】誤り。完全に同じ制度ではない。【選択肢オ】誤り。指定数量の単位ではない。,1:（1）「どちらも危険物の品名である。」は、単独の記述としては法令上妥当な場合がありますが、本問で選ぶべき正答は（2）「名称は似ているが、制度上の役割は区別される。」です。問題文の条件（危険物保安統括管理者と危険物保安監督者の関係として、正しいものはどれか。…）と照らし、設問が問う論点に合う肢を選び直してください。;3:（3）「どちらも消火器の型式である。」は、単独の記述としては法令上妥当な場合がありますが、本問で選ぶべき正答は（2）「名称は似ているが、制度上の役割は区別される。」です。問題文の条件（危険物保安統括管理者と危険物保安監督者の関係として、正しいものはどれか。…）と照らし、設問が問う論点に合う肢を選び直してください。;4:解説では「役割を区別する必要がある。」とある一方、（4）の記述はそれと矛盾します。 解説の要点：危険物保安統括管理者と危険物保安監督者は名称が似ているが、制度上の役割は区別される。【試験ポイント】保安統括管理者と保安監督者を区別する。【ひっかけ】似た名称を同一視しない。【選択肢ア】誤り。危険物の品名ではない。【選択肢イ】正しい。役割を区別する必要がある。【選択肢ウ】誤り。消… 正答（2）との違いを確認し直してください。;5:（5）「どちらも指定数量を表す単位である。」は、単独の記述としては法令上妥当な場合がありますが、本問で選ぶべき正答は（2）「名称は似ているが、制度上の役割は区別される。」です。問題文の条件（危険物保安統括管理者と危険物保安監督者の関係として、正しいものはどれか。…）と照らし、設問が問う論点に合う肢を選び直してください。,危険物保安統括管理者と危険物保安監督者は名称が似ているが、制度上の役割は区別される。【試験ポイント】保安統括管理者と保安監督者を区別する。【ひっかけ】似た名称を同一視しない。【選択肢ア】誤り。危険物の品名ではない。【選択肢イ】正しい。役割を区別する必要がある。【選択肢ウ】誤り。消火器の型式ではない。【選択肢エ】誤り。完全に同じ制度ではない。【選択肢オ】誤り。指定数量の単位ではない。,危険物保安統括管理者と危険物保安監督者は名称が似ているが、制度上の役割は区別される。【試験ポイント】保安統括管理者と保安監督者を区別する。【ひっかけ】似た名称を同一視しない。【選択肢ア】誤り。危険物の品名ではない。【選択肢イ】正しい。役割を区別する必要がある。【選択肢ウ】誤り。消火器の型式ではない。【選択肢エ】誤り。完全に同じ制度ではない。【選択肢オ】誤り。,
260,single,法令・制度,L-120;LAW-030;危険物施設保安員;選任要件・役割;標準;網羅,危険物施設保安員と関係が深いものはどれか。,,,,,,危険物の味の確認。,危険物取扱者試験の受験票。,危険物の販売価格の決定。,指定数量の自動変更。,危険物施設の構造・設備の保安に関する業務。,5,危険物施設保安員は、一定の危険物施設の構造や設備に関する保安業務に関係する。【試験ポイント】危険物施設保安員は施設設備の保安に関係する。【ひっかけ】保安監督者・施設保安員の違いに注意。【選択肢ア】誤り。味を確認してはならない。【選択肢イ】誤り。受験票ではない。【選択肢ウ】誤り。販売価格決定ではない。【選択肢エ】誤り。指定数量は変更できない。【選択肢オ】正しい。施設の保安業務に関係する。,1:（1）「危険物の味の確認。」は、単独の記述としては法令上妥当な場合がありますが、本問で選ぶべき正答は（5）「危険物施設の構造・設備の保安に関する業務。」です。問題文の条件（危険物施設保安員と関係が深いものはどれか。…）と照らし、設問が問う論点に合う肢を選び直してください。;2:（2）「危険物取扱者試験の受験票。」は、単独の記述としては法令上妥当な場合がありますが、本問で選ぶべき正答は（5）「危険物施設の構造・設備の保安に関する業務。」です。問題文の条件（危険物施設保安員と関係が深いものはどれか。…）と照らし、設問が問う論点に合う肢を選び直してください。;3:（3）「危険物の販売価格の決定。」は、単独の記述としては法令上妥当な場合がありますが、本問で選ぶべき正答は（5）「危険物施設の構造・設備の保安に関する業務。」です。問題文の条件（危険物施設保安員と関係が深いものはどれか。…）と照らし、設問が問う論点に合う肢を選び直してください。;4:（4）「指定数量の自動変更。」は、単独の記述としては法令上妥当な場合がありますが、本問で選ぶべき正答は（5）「危険物施設の構造・設備の保安に関する業務。」です。問題文の条件（危険物施設保安員と関係が深いものはどれか。…）と照らし、設問が問う論点に合う肢を選び直してください。,危険物施設保安員は、一定の危険物施設の構造や設備に関する保安業務に関係する。【試験ポイント】危険物施設保安員は施設設備の保安に関係する。【ひっかけ】保安監督者・施設保安員の違いに注意。【選択肢ア】誤り。味を確認してはならない。【選択肢イ】誤り。受験票ではない。【選択肢ウ】誤り。販売価格決定ではない。【選択肢エ】誤り。指定数量は変更できない。【選択肢オ】正しい。施設の保安業務に関係する。,危険物施設保安員は、一定の危険物施設の構造や設備に関する保安業務に関係する。【試験ポイント】危険物施設保安員は施設設備の保安に関係する。【ひっかけ】保安監督者・施設保安員の違いに注意。【選択肢ア】誤り。味を確認してはならない。【選択肢イ】誤り。受験票ではない。【選択肢ウ】誤り。販売価格決定ではない。【選択肢エ】誤り。指定数量は変更できない。【選択肢オ】正しい,
261,single,法令・制度,L-121;LAW-031;予防規程;予防規程の作成・認可;標準;重点,予防規程を定める目的として、最も適切なものはどれか。,,,,,,指定数量を自由に増減するため。,危険物の販売価格を決めるため。,危険物施設における火災予防や保安管理を適切に行うため。,危険物取扱者試験の合格者を決めるため。,危険物を食品として扱うため。,3,予防規程は、危険物施設における火災予防や保安管理を適切に行うために定められる。【試験ポイント】予防規程は保安管理のルール。【ひっかけ】価格表や試験制度と混同しない。【選択肢ア】誤り。指定数量を自由に変えるものではない。【選択肢イ】誤り。販売価格の決定ではない。【選択肢ウ】正しい。予防規程の目的である。【選択肢エ】誤り。試験合格者の決定ではない。【選択肢オ】誤り。食品として扱うためではない。,1:（1）「指定数量を自由に増減するため。」は、単独の記述としては法令上妥当な場合がありますが、本問で選ぶべき正答は（3）「危険物施設における火災予防や保安管理を適切に行うため。」です。問題文の条件（予防規程を定める目的として、最も適切なものはどれか。…）と照らし、設問が問う論点に合う肢を選び直してください。;2:（2）「危険物の販売価格を決めるため。」は、単独の記述としては法令上妥当な場合がありますが、本問で選ぶべき正答は（3）「危険物施設における火災予防や保安管理を適切に行うため。」です。問題文の条件（予防規程を定める目的として、最も適切なものはどれか。…）と照らし、設問が問う論点に合う肢を選び直してください。;4:（4）の内容は、正答（3）「危険物施設における火災予防や保安管理を適切に行うため。」が示す論点とずれています。 解説の要点：予防規程は、危険物施設における火災予防や保安管理を適切に行うために定められる。【試験ポイント】予防規程は保安管理のルール。【ひっかけ】価格表や試験制度と混同しない。【選択肢ア】誤り。指定数量を自由に変えるものではない。【選択肢イ】誤り。販売価格の決定ではない。【選択肢ウ】正しい。… 正答（3）との違いを確認し直してください。;5:（5）「危険物を食品として扱うため。」は、単独の記述としては法令上妥当な場合がありますが、本問で選ぶべき正答は（3）「危険物施設における火災予防や保安管理を適切に行うため。」です。問題文の条件（予防規程を定める目的として、最も適切なものはどれか。…）と照らし、設問が問う論点に合う肢を選び直してください。,予防規程は、危険物施設における火災予防や保安管理を適切に行うために定められる。,予防規程は、危険物施設における火災予防や保安管理を適切に行うために定められる。【試験ポイント】予防規程は保安管理のルール。【ひっかけ】価格表や試験制度と混同しない。【選択肢ア】誤り。指定数量を自由に変えるものではない。【選択肢イ】誤り。販売価格の決定ではない。【選択肢ウ】正しい。予防規程の目的である。【選択肢エ】誤り。試験合格者の決定ではない。【選択肢オ】誤,
262,single,法令・制度,L-122;LAW-035;自衛消防組織;自衛消防組織の設置対象・役割;標準;網羅,自衛消防組織の役割として、適切なものはどれか。,,,,,,危険物を不燃性に変える。,火災等に備えた初期対応や通報、避難誘導などに関係する。,危険物の味を調べる。,危険物の指定数量を決定する。,危険物取扱者免状を印刷する。,2,自衛消防組織は、火災等に備えた初期対応、通報、避難誘導などの体制に関係する。【試験ポイント】自衛消防組織は災害時対応の体制。【ひっかけ】指定数量や免状制度と混同しない。【選択肢ア】誤り。不燃性に変えるものではない。【選択肢イ】正しい。自衛消防組織の役割である。【選択肢ウ】誤り。味を調べてはならない。【選択肢エ】誤り。指定数量を決定しない。【選択肢オ】誤り。免状を印刷しない。,1:（1）「危険物を不燃性に変える。」は、単独の記述としては法令上妥当な場合がありますが、本問で選ぶべき正答は（2）「火災等に備えた初期対応や通報、避難誘導などに関係する。」です。問題文の条件（自衛消防組織の役割として、適切なものはどれか。…）と照らし、設問が問う論点に合う肢を選び直してください。;3:（3）「危険物の味を調べる。」は、単独の記述としては法令上妥当な場合がありますが、本問で選ぶべき正答は（2）「火災等に備えた初期対応や通報、避難誘導などに関係する。」です。問題文の条件（自衛消防組織の役割として、適切なものはどれか。…）と照らし、設問が問う論点に合う肢を選び直してください。;4:（4）「危険物の指定数量を決定する。」は、単独の記述としては法令上妥当な場合がありますが、本問で選ぶべき正答は（2）「火災等に備えた初期対応や通報、避難誘導などに関係する。」です。問題文の条件（自衛消防組織の役割として、適切なものはどれか。…）と照らし、設問が問う論点に合う肢を選び直してください。;5:（5）「危険物取扱者免状を印刷する。」は、単独の記述としては法令上妥当な場合がありますが、本問で選ぶべき正答は（2）「火災等に備えた初期対応や通報、避難誘導などに関係する。」です。問題文の条件（自衛消防組織の役割として、適切なものはどれか。…）と照らし、設問が問う論点に合う肢を選び直してください。,自衛消防組織は、火災等に備えた初期対応、通報、避難誘導などの体制に関係する。【試験ポイント】自衛消防組織は災害時対応の体制。【ひっかけ】指定数量や免状制度と混同しない。【選択肢ア】誤り。不燃性に変えるものではない。【選択肢イ】正しい。自衛消防組織の役割である。【選択肢ウ】誤り。味を調べてはならない。【選択肢エ】誤り。指定数量を決定しない。【選択肢オ】誤り。免状を印刷しない。,自衛消防組織は、火災等に備えた初期対応、通報、避難誘導などの体制に関係する。【試験ポイント】自衛消防組織は災害時対応の体制。【ひっかけ】指定数量や免状制度と混同しない。【選択肢ア】誤り。不燃性に変えるものではない。【選択肢イ】正しい。自衛消防組織の役割である。【選択肢ウ】誤り。味を調べてはならない。【選択肢エ】誤り。指定数量を決定しない。【選択肢オ】誤り。免,
263,single,法令・制度,L-123;LAW-036;事故時対応;災害発生時の応急措置;基礎;重点,危険物火災が発生した場合の初期対応として、適切なものはどれか。,,,,,,可燃性蒸気をためるため換気を止める。,火気をさらに近づけて燃焼状況を確認する。,周囲へ知らせ、通報し、状況に応じた初期消火や避難を行う。,周囲に知らせず放置する。,漏えいした危険物を下水へ流す。,3,危険物火災では、通報、避難、初期消火、周囲への注意喚起など、被害拡大を防ぐ対応が重要である。【試験ポイント】事故時は通報・避難・初期対応。【ひっかけ】火気確認や放置は不適切。【選択肢ア】誤り。可燃性蒸気をためてはならない。【選択肢イ】誤り。火気を近づけるのは危険である。【選択肢ウ】正しい。初期対応として適切である。【選択肢エ】誤り。放置してはならない。【選択肢オ】誤り。下水へ流してはならない。,1:（1）「可燃性蒸気をためるため換気を止める。」は、単独の記述としては法令上妥当な場合がありますが、本問で選ぶべき正答は（3）「周囲へ知らせ、通報し、状況に応じた初期消火や避難を行う。」です。問題文の条件（危険物火災が発生した場合の初期対応として、適切なものはどれか。…）と照らし、設問が問う論点に合う肢を選び直してください。;2:（2）の内容は、正答（3）「周囲へ知らせ、通報し、状況に応じた初期消火や避難を行う。」が示す論点とずれています。 解説の要点：危険物火災では、通報、避難、初期消火、周囲への注意喚起など、被害拡大を防ぐ対応が重要である。【試験ポイント】事故時は通報・避難・初期対応。【ひっかけ】火気確認や放置は不適切。【選択肢ア】誤り。可燃性蒸気をためてはならない。【選択肢イ】誤り。火気を近づけるのは危険である。【選択肢ウ… 正答（3）との違いを確認し直してください。;4:（4）「周囲に知らせず放置する。」は、単独の記述としては法令上妥当な場合がありますが、本問で選ぶべき正答は（3）「周囲へ知らせ、通報し、状況に応じた初期消火や避難を行う。」です。問題文の条件（危険物火災が発生した場合の初期対応として、適切なものはどれか。…）と照らし、設問が問う論点に合う肢を選び直してください。;5:（5）「漏えいした危険物を下水へ流す。」は、単独の記述としては法令上妥当な場合がありますが、本問で選ぶべき正答は（3）「周囲へ知らせ、通報し、状況に応じた初期消火や避難を行う。」です。問題文の条件（危険物火災が発生した場合の初期対応として、適切なものはどれか。…）と照らし、設問が問う論点に合う肢を選び直してください。,危険物火災では、通報、避難、初期消火、周囲への注意喚起など、被害拡大を防ぐ対応が重要である。【試験ポイント】事故時は通報・避難・初期対応。【ひっかけ】火気確認や放置は不適切。【選択肢ア】誤り。可燃性蒸気をためてはならない。【選択肢イ】誤り。火気を近づけるのは危険である。【選択肢ウ】正しい。初期対応として適切である。【選択肢エ】誤り。放置してはならない。【選択肢オ】誤り。下水へ流してはならない。,危険物火災では、通報、避難、初期消火、周囲への注意喚起など、被害拡大を防ぐ対応が重要である。【試験ポイント】事故時は通報・避難・初期対応。【ひっかけ】火気確認や放置は不適切。【選択肢ア】誤り。可燃性蒸気をためてはならない。【選択肢イ】誤り。火気を近づけるのは危険である。【選択肢ウ】正しい。初期対応として適切である。【選択肢エ】誤り。放置してはならない。【選択,
264,single,法令・制度,L-124;LAW-041;消火設備;消火設備の区分・設置;基礎;重点,消火設備と警報設備の違いとして、正しいものはどれか。,,,,,,どちらも危険物取扱者免状の種類である。,どちらも危険物を販売するレジである。,消火設備は消火に、警報設備は異常の知らせに関係する。,どちらも危険物の味を確認する設備である。,どちらも危険物の指定数量を示す単位である。,3,消火設備は火災の消火に関係し、警報設備は火災等の異常を知らせる設備である。【試験ポイント】消火設備・警報設備・避難設備を区別する。【ひっかけ】設備名を一括りにしない。【選択肢ア】誤り。免状の種類ではない。【選択肢イ】誤り。販売レジではない。【選択肢ウ】正しい。役割の違いとして妥当である。【選択肢エ】誤り。味を確認する設備ではない。【選択肢オ】誤り。指定数量の単位ではない。,1:（1）の内容は、正答（3）「消火設備は消火に、警報設備は異常の知らせに関係する。」が示す論点とずれています。 解説の要点：消火設備は火災の消火に関係し、警報設備は火災等の異常を知らせる設備である。【試験ポイント】消火設備・警報設備・避難設備を区別する。【ひっかけ】設備名を一括りにしない。【選択肢ア】誤り。免状の種類ではない。【選択肢イ】誤り。販売レジではない。【選択肢ウ】正しい。役割の違いとして妥当… 正答（3）との違いを確認し直してください。;2:（2）「どちらも危険物を販売するレジである。」は、単独の記述としては法令上妥当な場合がありますが、本問で選ぶべき正答は（3）「消火設備は消火に、警報設備は異常の知らせに関係する。」です。問題文の条件（消火設備と警報設備の違いとして、正しいものはどれか。…）と照らし、設問が問う論点に合う肢を選び直してください。;4:（4）の内容は、正答（3）「消火設備は消火に、警報設備は異常の知らせに関係する。」が示す論点とずれています。 解説の要点：消火設備は火災の消火に関係し、警報設備は火災等の異常を知らせる設備である。【試験ポイント】消火設備・警報設備・避難設備を区別する。【ひっかけ】設備名を一括りにしない。【選択肢ア】誤り。免状の種類ではない。【選択肢イ】誤り。販売レジではない。【選択肢ウ】正しい。役割の違いとして妥当… 正答（3）との違いを確認し直してください。;5:（5）の内容は、正答（3）「消火設備は消火に、警報設備は異常の知らせに関係する。」が示す論点とずれています。 解説の要点：消火設備は火災の消火に関係し、警報設備は火災等の異常を知らせる設備である。【試験ポイント】消火設備・警報設備・避難設備を区別する。【ひっかけ】設備名を一括りにしない。【選択肢ア】誤り。免状の種類ではない。【選択肢イ】誤り。販売レジではない。【選択肢ウ】正しい。役割の違いとして妥当… 正答（3）との違いを確認し直してください。,消火設備は火災の消火に関係し、警報設備は火災等の異常を知らせる設備である。【試験ポイント】消火設備・警報設備・避難設備を区別する。【ひっかけ】設備名を一括りにしない。【選択肢ア】誤り。免状の種類ではない。【選択肢イ】誤り。販売レジではない。【選択肢ウ】正しい。役割の違いとして妥当である。【選択肢エ】誤り。味を確認する設備ではない。【選択肢オ】誤り。指定数量の単位ではない。,消火設備は火災の消火に関係し、警報設備は火災等の異常を知らせる設備である。【試験ポイント】消火設備・警報設備・避難設備を区別する。【ひっかけ】設備名を一括りにしない。【選択肢ア】誤り。免状の種類ではない。【選択肢イ】誤り。販売レジではない。【選択肢ウ】正しい。役割の違いとして妥当である。【選択肢エ】誤り。味を確認する設備ではない。【選択肢オ】誤り。指定数量の,
265,single,法令・制度,L-125;LAW-043;貯蔵所基準;屋内貯蔵所の基準;基礎;網羅,屋内貯蔵所と屋内タンク貯蔵所の違いとして、正しいものはどれか。,,,,,,どちらも危険物取扱者免状の種類である。,どちらも第6類危険物だけを扱う施設である。,どちらも指定数量を計算する式である。,屋内貯蔵所は建築物内での貯蔵、屋内タンク貯蔵所は屋内タンクによる貯蔵に関係する。,どちらも給油取扱所の別名である。,4,屋内貯蔵所と屋内タンク貯蔵所は名称が似ているが、施設の形態が異なる。【試験ポイント】屋内貯蔵所と屋内タンク貯蔵所を区別する。【ひっかけ】名称の類似に注意する。【選択肢ア】誤り。免状の種類ではない。【選択肢イ】誤り。第6類だけではない。【選択肢ウ】誤り。計算式ではない。【選択肢エ】正しい。違いとして妥当である。【選択肢オ】誤り。給油取扱所ではない。,1:（1）の内容は、正答（4）「屋内貯蔵所は建築物内での貯蔵、屋内タンク貯蔵所は屋内タンクによる貯蔵に関係する。」が示す論点とずれています。 解説の要点：屋内貯蔵所と屋内タンク貯蔵所は名称が似ているが、施設の形態が異なる。【試験ポイント】屋内貯蔵所と屋内タンク貯蔵所を区別する。【ひっかけ】名称の類似に注意する。【選択肢ア】誤り。免状の種類ではない。【選択肢イ】誤り。第6類だけではない。【選択肢ウ】誤り。計算式ではない。【選択肢エ】… 正答（4）との違いを確認し直してください。;2:（2）の内容は、正答（4）「屋内貯蔵所は建築物内での貯蔵、屋内タンク貯蔵所は屋内タンクによる貯蔵に関係する。」が示す論点とずれています。 解説の要点：屋内貯蔵所と屋内タンク貯蔵所は名称が似ているが、施設の形態が異なる。【試験ポイント】屋内貯蔵所と屋内タンク貯蔵所を区別する。【ひっかけ】名称の類似に注意する。【選択肢ア】誤り。免状の種類ではない。【選択肢イ】誤り。第6類だけではない。【選択肢ウ】誤り。計算式ではない。【選択肢エ】… 正答（4）との違いを確認し直してください。;3:（3）「どちらも指定数量を計算する式である。」は、単独の記述としては法令上妥当な場合がありますが、本問で選ぶべき正答は（4）「屋内貯蔵所は建築物内での貯蔵、屋内タンク貯蔵所は屋内タンクによる貯蔵に関係する。」です。問題文の条件（屋内貯蔵所と屋内タンク貯蔵所の違いとして、正しいものはどれか。…）と照らし、設問が問う論点に合う肢を選び直してください。;5:（5）「どちらも給油取扱所の別名である。」は、単独の記述としては法令上妥当な場合がありますが、本問で選ぶべき正答は（4）「屋内貯蔵所は建築物内での貯蔵、屋内タンク貯蔵所は屋内タンクによる貯蔵に関係する。」です。問題文の条件（屋内貯蔵所と屋内タンク貯蔵所の違いとして、正しいものはどれか。…）と照らし、設問が問う論点に合う肢を選び直してください。,屋内貯蔵所と屋内タンク貯蔵所は名称が似ているが、施設の形態が異なる。【試験ポイント】屋内貯蔵所と屋内タンク貯蔵所を区別する。【ひっかけ】名称の類似に注意する。【選択肢ア】誤り。免状の種類ではない。【選択肢イ】誤り。第6類だけではない。【選択肢ウ】誤り。計算式ではない。【選択肢エ】正しい。違いとして妥当である。【選択肢オ】誤り。給油取扱所ではない。,屋内貯蔵所と屋内タンク貯蔵所は名称が似ているが、施設の形態が異なる。【試験ポイント】屋内貯蔵所と屋内タンク貯蔵所を区別する。【ひっかけ】名称の類似に注意する。【選択肢ア】誤り。免状の種類ではない。【選択肢イ】誤り。第6類だけではない。【選択肢ウ】誤り。計算式ではない。【選択肢エ】正しい。違いとして妥当である。【選択肢オ】誤り。給油取扱所ではない。,
266,single,法令・制度,L-126;LAW-044;貯蔵所基準;屋外貯蔵所の基準;基礎;網羅,屋外貯蔵所と屋外タンク貯蔵所の違いとして、正しいものはどれか。,,,,,,どちらも消火器の種類である。,どちらも危険物取扱者試験の会場である。,屋外貯蔵所は屋外での貯蔵、屋外タンク貯蔵所は屋外タンクによる貯蔵に関係する。,どちらも販売取扱所の別名である。,どちらも指定数量の単位である。,3,屋外貯蔵所と屋外タンク貯蔵所は、いずれも貯蔵所だが、施設形態が異なる。【試験ポイント】屋外貯蔵所と屋外タンク貯蔵所を区別する。【ひっかけ】『屋外』だけで同一視しない。【選択肢ア】誤り。消火器の種類ではない。【選択肢イ】誤り。試験会場ではない。【選択肢ウ】正しい。違いとして妥当である。【選択肢エ】誤り。販売取扱所ではない。【選択肢オ】誤り。指定数量の単位ではない。,1:（1）「どちらも消火器の種類である。」は、単独の記述としては法令上妥当な場合がありますが、本問で選ぶべき正答は（3）「屋外貯蔵所は屋外での貯蔵、屋外タンク貯蔵所は屋外タンクによる貯蔵に関係する。」です。問題文の条件（屋外貯蔵所と屋外タンク貯蔵所の違いとして、正しいものはどれか。…）と照らし、設問が問う論点に合う肢を選び直してください。;2:（2）の内容は、正答（3）「屋外貯蔵所は屋外での貯蔵、屋外タンク貯蔵所は屋外タンクによる貯蔵に関係する。」が示す論点とずれています。 解説の要点：屋外貯蔵所と屋外タンク貯蔵所は、いずれも貯蔵所だが、施設形態が異なる。【試験ポイント】屋外貯蔵所と屋外タンク貯蔵所を区別する。【ひっかけ】『屋外』だけで同一視しない。【選択肢ア】誤り。消火器の種類ではない。【選択肢イ】誤り。試験会場ではない。【選択肢ウ】正しい。違いとして妥当であ… 正答（3）との違いを確認し直してください。;4:（4）「どちらも販売取扱所の別名である。」は、単独の記述としては法令上妥当な場合がありますが、本問で選ぶべき正答は（3）「屋外貯蔵所は屋外での貯蔵、屋外タンク貯蔵所は屋外タンクによる貯蔵に関係する。」です。問題文の条件（屋外貯蔵所と屋外タンク貯蔵所の違いとして、正しいものはどれか。…）と照らし、設問が問う論点に合う肢を選び直してください。;5:（5）「どちらも指定数量の単位である。」は、単独の記述としては法令上妥当な場合がありますが、本問で選ぶべき正答は（3）「屋外貯蔵所は屋外での貯蔵、屋外タンク貯蔵所は屋外タンクによる貯蔵に関係する。」です。問題文の条件（屋外貯蔵所と屋外タンク貯蔵所の違いとして、正しいものはどれか。…）と照らし、設問が問う論点に合う肢を選び直してください。,屋外貯蔵所と屋外タンク貯蔵所は、いずれも貯蔵所だが、施設形態が異なる。【試験ポイント】屋外貯蔵所と屋外タンク貯蔵所を区別する。【ひっかけ】『屋外』だけで同一視しない。【選択肢ア】誤り。消火器の種類ではない。【選択肢イ】誤り。試験会場ではない。【選択肢ウ】正しい。違いとして妥当である。【選択肢エ】誤り。販売取扱所ではない。【選択肢オ】誤り。指定数量の単位ではない。,屋外貯蔵所と屋外タンク貯蔵所は、いずれも貯蔵所だが、施設形態が異なる。【試験ポイント】屋外貯蔵所と屋外タンク貯蔵所を区別する。【ひっかけ】『屋外』だけで同一視しない。【選択肢ア】誤り。消火器の種類ではない。【選択肢イ】誤り。試験会場ではない。【選択肢ウ】正しい。違いとして妥当である。【選択肢エ】誤り。販売取扱所ではない。【選択肢オ】誤り。指定数量の単位ではな,
267,single,法令・制度,L-127;LAW-047;貯蔵所基準;地下タンク貯蔵所の基準;標準;網羅,地下タンク貯蔵所で特に注意すべき事項として、適切なものはどれか。,,,,,,危険物を地中に自由に放出する。,標識を設ければ漏えい対策は不要である。,裸火で漏えいを確認する。,タンク内の危険物を飲んで確認する。,漏えいの発見や防止が重要である。,5,地下タンク貯蔵所では、地下に設置されたタンクからの漏えい発見や防止が重要である。【試験ポイント】地下タンクでは漏えい管理が重要。【ひっかけ】見えにくい場所の漏えいリスクを意識する。【選択肢ア】誤り。危険物を放出してはならない。【選択肢イ】誤り。標識だけで対策不要にはならない。【選択肢ウ】誤り。裸火で確認してはならない。【選択肢エ】誤り。危険物を飲んではならない。【選択肢オ】正しい。漏えい防止・発見が重要である。,1:（1）「危険物を地中に自由に放出する。」は、単独の記述としては法令上妥当な場合がありますが、本問で選ぶべき正答は（5）「漏えいの発見や防止が重要である。」です。問題文の条件（地下タンク貯蔵所で特に注意すべき事項として、適切なものはどれか。…）と照らし、設問が問う論点に合う肢を選び直してください。;2:解説では「地下タンク貯蔵所では、地下に設置されたタンクからの漏えい発見や防止が重要である。」とある一方、（2）の記述はそれと矛盾します。 解説の要点：地下タンク貯蔵所では、地下に設置されたタンクからの漏えい発見や防止が重要である。【試験ポイント】地下タンクでは漏えい管理が重要。【ひっかけ】見えにくい場所の漏えいリスクを意識する。【選択肢ア】誤り。危険物を放出してはならない。【選択肢イ】誤り。標識だけで対策不要にはならない。【選… 正答（5）との違いを確認し直してください。;3:（3）「裸火で漏えいを確認する。」は、単独の記述としては法令上妥当な場合がありますが、本問で選ぶべき正答は（5）「漏えいの発見や防止が重要である。」です。問題文の条件（地下タンク貯蔵所で特に注意すべき事項として、適切なものはどれか。…）と照らし、設問が問う論点に合う肢を選び直してください。;4:（4）「タンク内の危険物を飲んで確認する。」は、単独の記述としては法令上妥当な場合がありますが、本問で選ぶべき正答は（5）「漏えいの発見や防止が重要である。」です。問題文の条件（地下タンク貯蔵所で特に注意すべき事項として、適切なものはどれか。…）と照らし、設問が問う論点に合う肢を選び直してください。,地下タンク貯蔵所では、地下に設置されたタンクからの漏えい発見や防止が重要である。【試験ポイント】地下タンクでは漏えい管理が重要。【ひっかけ】見えにくい場所の漏えいリスクを意識する。【選択肢ア】誤り。危険物を放出してはならない。【選択肢イ】誤り。標識だけで対策不要にはならない。【選択肢ウ】誤り。裸火で確認してはならない。【選択肢エ】誤り。危険物を飲んではならない。【選択肢オ】正しい。漏えい防止・発見が重要である。,地下タンク貯蔵所では、地下に設置されたタンクからの漏えい発見や防止が重要である。【試験ポイント】地下タンクでは漏えい管理が重要。【ひっかけ】見えにくい場所の漏えいリスクを意識する。【選択肢ア】誤り。危険物を放出してはならない。【選択肢イ】誤り。標識だけで対策不要にはならない。【選択肢ウ】誤り。裸火で確認してはならない。【選択肢エ】誤り。危険物を飲んではならな,
268,single,法令・制度,L-128;LAW-052;取扱所基準;販売取扱所の基準;基礎;網羅,販売取扱所に関する説明として、正しいものはどれか。,,,,,,指定数量の計算方法である。,危険物取扱者免状の別名である。,地盤面下のタンクで貯蔵する施設である。,車両に固定されたタンクで危険物を移送する貯蔵所である。,容器入り危険物を販売する取扱所である。,5,販売取扱所は、容器入りの危険物を販売する取扱所である。【試験ポイント】販売取扱所は取扱所の一種。【ひっかけ】販売取扱所と貯蔵所を混同しない。【選択肢ア】誤り。計算方法ではない。【選択肢イ】誤り。免状ではない。【選択肢ウ】誤り。地下タンク貯蔵所の説明である。【選択肢エ】誤り。移動タンク貯蔵所の説明である。【選択肢オ】正しい。販売取扱所の説明である。,1:（1）「指定数量の計算方法である。」は、単独の記述としては法令上妥当な場合がありますが、本問で選ぶべき正答は（5）「容器入り危険物を販売する取扱所である。」です。問題文の条件（販売取扱所に関する説明として、正しいものはどれか。…）と照らし、設問が問う論点に合う肢を選び直してください。;2:（2）「危険物取扱者免状の別名である。」は、単独の記述としては法令上妥当な場合がありますが、本問で選ぶべき正答は（5）「容器入り危険物を販売する取扱所である。」です。問題文の条件（販売取扱所に関する説明として、正しいものはどれか。…）と照らし、設問が問う論点に合う肢を選び直してください。;3:（3）の内容は、正答（5）「容器入り危険物を販売する取扱所である。」が示す論点とずれています。 解説の要点：販売取扱所は、容器入りの危険物を販売する取扱所である。【試験ポイント】販売取扱所は取扱所の一種。【ひっかけ】販売取扱所と貯蔵所を混同しない。【選択肢ア】誤り。計算方法ではない。【選択肢イ】誤り。免状ではない。【選択肢ウ】誤り。地下タンク貯蔵所の説明である。【選択肢エ】誤り。移動タ… 正答（5）との違いを確認し直してください。;4:（4）の内容は、正答（5）「容器入り危険物を販売する取扱所である。」が示す論点とずれています。 解説の要点：販売取扱所は、容器入りの危険物を販売する取扱所である。【試験ポイント】販売取扱所は取扱所の一種。【ひっかけ】販売取扱所と貯蔵所を混同しない。【選択肢ア】誤り。計算方法ではない。【選択肢イ】誤り。免状ではない。【選択肢ウ】誤り。地下タンク貯蔵所の説明である。【選択肢エ】誤り。移動タ… 正答（5）との違いを確認し直してください。,販売取扱所は、容器入りの危険物を販売する取扱所である。【試験ポイント】販売取扱所は取扱所の一種。【ひっかけ】販売取扱所と貯蔵所を混同しない。【選択肢ア】誤り。計算方法ではない。【選択肢イ】誤り。免状ではない。【選択肢ウ】誤り。地下タンク貯蔵所の説明である。【選択肢エ】誤り。移動タンク貯蔵所の説明である。【選択肢オ】正しい。販売取扱所の説明である。,販売取扱所は、容器入りの危険物を販売する取扱所である。【試験ポイント】販売取扱所は取扱所の一種。【ひっかけ】販売取扱所と貯蔵所を混同しない。【選択肢ア】誤り。計算方法ではない。【選択肢イ】誤り。免状ではない。【選択肢ウ】誤り。地下タンク貯蔵所の説明である。【選択肢エ】誤り。移動タンク貯蔵所の説明である。【選択肢オ】正しい。販売取扱所の説明である。,
269,single,法令・制度,L-129;LAW-059;火災予防;火気・静電気・漏えい防止;基礎;重点,第4類危険物を扱う場所で避けるべき行為として、適切なものはどれか。,,,,,,接地の実施,容器の密栓,換気の実施,漏えい防止,裸火の使用,5,第4類危険物を扱う場所では、可燃性蒸気への引火を避けるため、裸火の使用を避ける必要がある。【試験ポイント】第4類では火気厳禁が基本。【ひっかけ】適切な対策と危険行為を取り違えない。【選択肢ア】誤り。接地は静電気対策として有効である。【選択肢イ】誤り。容器の密栓は重要である。【選択肢ウ】誤り。換気は重要である。【選択肢エ】誤り。漏えい防止は重要である。【選択肢オ】正しい。裸火は避けるべきである。,1:（1）「接地の実施」は、単独の記述としては法令上妥当な場合がありますが、本問で選ぶべき正答は（5）「裸火の使用」です。問題文の条件（第4類危険物を扱う場所で避けるべき行為として、適切なものはどれか。…）と照らし、設問が問う論点に合う肢を選び直してください。;2:（2）「容器の密栓」は、単独の記述としては法令上妥当な場合がありますが、本問で選ぶべき正答は（5）「裸火の使用」です。問題文の条件（第4類危険物を扱う場所で避けるべき行為として、適切なものはどれか。…）と照らし、設問が問う論点に合う肢を選び直してください。;3:（3）「換気の実施」は、単独の記述としては法令上妥当な場合がありますが、本問で選ぶべき正答は（5）「裸火の使用」です。問題文の条件（第4類危険物を扱う場所で避けるべき行為として、適切なものはどれか。…）と照らし、設問が問う論点に合う肢を選び直してください。;4:（4）「漏えい防止」は、単独の記述としては法令上妥当な場合がありますが、本問で選ぶべき正答は（5）「裸火の使用」です。問題文の条件（第4類危険物を扱う場所で避けるべき行為として、適切なものはどれか。…）と照らし、設問が問う論点に合う肢を選び直してください。,第4類危険物を扱う場所では、可燃性蒸気への引火を避けるため、裸火の使用を避ける必要がある。【試験ポイント】第4類では火気厳禁が基本。【ひっかけ】適切な対策と危険行為を取り違えない。【選択肢ア】誤り。接地は静電気対策として有効である。【選択肢イ】誤り。容器の密栓は重要である。【選択肢ウ】誤り。換気は重要である。【選択肢エ】誤り。漏えい防止は重要である。【選択肢オ】正しい。裸火は避けるべきである。,第4類危険物を扱う場所では、可燃性蒸気への引火を避けるため、裸火の使用を避ける必要がある。【試験ポイント】第4類では火気厳禁が基本。【ひっかけ】適切な対策と危険行為を取り違えない。【選択肢ア】誤り。接地は静電気対策として有効である。【選択肢イ】誤り。容器の密栓は重要である。【選択肢ウ】誤り。換気は重要である。【選択肢エ】誤り。漏えい防止は重要である。【選択肢,
270,single,法令・制度,L-130;LAW-061;総合問題;法令分野の複合・ひっかけ問題;標準;総合,危険物法令の学習で、特に区別すべき組合せとして適切なものはどれか。,,,,,,標識の大きさと食品表示,水溶性と免状番号,製造所等の許可と危険物取扱者免状,消火器の色と受験番号,危険物の味と販売価格,3,製造所等の許可は施設に関する制度、危険物取扱者免状は人の資格に関する制度であり、区別して理解する必要がある。【試験ポイント】施設の制度と人の資格制度を区別する。【ひっかけ】免状があれば施設許可が不要になる、とは考えない。【選択肢ア】誤り。食品表示とは別である。【選択肢イ】誤り。水溶性と免状番号は別概念である。【選択肢ウ】正しい。施設許可と免状は別の論点である。【選択肢エ】誤り。学習上の重要な区別ではない。【選択肢オ】誤り。危険物の味を確認してはならない。,1:（1）「標識の大きさと食品表示」は、単独の記述としては法令上妥当な場合がありますが、本問で選ぶべき正答は（3）「製造所等の許可と危険物取扱者免状」です。問題文の条件（危険物法令の学習で、特に区別すべき組合せとして適切なものはどれか。…）と照らし、設問が問う論点に合う肢を選び直してください。;2:（2）「水溶性と免状番号」は、単独の記述としては法令上妥当な場合がありますが、本問で選ぶべき正答は（3）「製造所等の許可と危険物取扱者免状」です。問題文の条件（危険物法令の学習で、特に区別すべき組合せとして適切なものはどれか。…）と照らし、設問が問う論点に合う肢を選び直してください。;4:（4）「消火器の色と受験番号」は、単独の記述としては法令上妥当な場合がありますが、本問で選ぶべき正答は（3）「製造所等の許可と危険物取扱者免状」です。問題文の条件（危険物法令の学習で、特に区別すべき組合せとして適切なものはどれか。…）と照らし、設問が問う論点に合う肢を選び直してください。;5:（5）「危険物の味と販売価格」は、単独の記述としては法令上妥当な場合がありますが、本問で選ぶべき正答は（3）「製造所等の許可と危険物取扱者免状」です。問題文の条件（危険物法令の学習で、特に区別すべき組合せとして適切なものはどれか。…）と照らし、設問が問う論点に合う肢を選び直してください。,製造所等の許可は施設に関する制度、危険物取扱者免状は人の資格に関する制度であり、区別して理解する必要がある。【試験ポイント】施設の制度と人の資格制度を区別する。【ひっかけ】免状があれば施設許可が不要になる、とは考えない。【選択肢ア】誤り。食品表示とは別である。【選択肢イ】誤り。水溶性と免状番号は別概念である。【選択肢ウ】正しい。施設許可と免状は別の論点である。【選択肢エ】誤り。学習上の重要な区別ではない。【選択肢オ】誤り。危険物の味を確認してはならない。,製造所等の許可は施設に関する制度、危険物取扱者免状は人の資格に関する制度であり、区別して理解する必要がある。【試験ポイント】施設の制度と人の資格制度を区別する。【ひっかけ】免状があれば施設許可が不要になる、とは考えない。【選択肢ア】誤り。食品表示とは別である。【選択肢イ】誤り。水溶性と免状番号は別概念である。【選択肢ウ】正しい。施設許可と免状は別の論点である,
271,single,物性・化学,PC-068;PC-006;燃焼;引火・発火・自然発火の違い;標準;重点,引火と発火の違いとして、正しいものはどれか。,,,,,,引火も発火も完全に同じ意味である。,引火は水に溶けること、発火は水に浮くことをいう。,引火は指定数量、発火は免状番号をいう。,引火は火源により燃え始めること、発火は火源なしで燃え始めることをいう。,引火も発火も消火設備の種類である。,4,引火は火源により可燃性蒸気などが燃え始めること、発火は火源がなくても燃え始めることをいう。【試験ポイント】引火点と発火点の違いを押さえる。【ひっかけ】火源の有無に注意する。【選択肢ア】誤り。同じ意味ではない。【選択肢イ】誤り。溶解や浮沈ではない。【選択肢ウ】誤り。指定数量や免状番号ではない。【選択肢エ】正しい。引火と発火の違いである。【選択肢オ】誤り。消火設備の種類ではない。,1:（1）「引火も発火も完全に同じ意味である。」は、単独の記述としては法令上妥当な場合がありますが、本問で選ぶべき正答は（4）「引火は火源により燃え始めること、発火は火源なしで燃え始めることをいう。」です。問題文の条件（引火と発火の違いとして、正しいものはどれか。…）と照らし、設問が問う論点に合う肢を選び直してください。;2:（2）の内容は、正答（4）「引火は火源により燃え始めること、発火は火源なしで燃え始めることをいう。」が示す論点とずれています。 解説の要点：引火は火源により可燃性蒸気などが燃え始めること、発火は火源がなくても燃え始めることをいう。【試験ポイント】引火点と発火点の違いを押さえる。【ひっかけ】火源の有無に注意する。【選択肢ア】誤り。同じ意味ではない。【選択肢イ】誤り。溶解や浮沈ではない。【選択肢ウ】誤り。指定数量や免状番… 正答（4）との違いを確認し直してください。;3:（3）の内容は、正答（4）「引火は火源により燃え始めること、発火は火源なしで燃え始めることをいう。」が示す論点とずれています。 解説の要点：引火は火源により可燃性蒸気などが燃え始めること、発火は火源がなくても燃え始めることをいう。【試験ポイント】引火点と発火点の違いを押さえる。【ひっかけ】火源の有無に注意する。【選択肢ア】誤り。同じ意味ではない。【選択肢イ】誤り。溶解や浮沈ではない。【選択肢ウ】誤り。指定数量や免状番… 正答（4）との違いを確認し直してください。;5:（5）「引火も発火も消火設備の種類である。」は、単独の記述としては法令上妥当な場合がありますが、本問で選ぶべき正答は（4）「引火は火源により燃え始めること、発火は火源なしで燃え始めることをいう。」です。問題文の条件（引火と発火の違いとして、正しいものはどれか。…）と照らし、設問が問う論点に合う肢を選び直してください。,引火は火源により可燃性蒸気などが燃え始めること、発火は火源がなくても燃え始めることをいう。【試験ポイント】引火点と発火点の違いを押さえる。【ひっかけ】火源の有無に注意する。【選択肢ア】誤り。同じ意味ではない。【選択肢イ】誤り。溶解や浮沈ではない。【選択肢ウ】誤り。指定数量や免状番号ではない。【選択肢エ】正しい。引火と発火の違いである。【選択肢オ】誤り。消火設備の種類ではない。,引火は火源により可燃性蒸気などが燃え始めること、発火は火源がなくても燃え始めることをいう。【試験ポイント】引火点と発火点の違いを押さえる。【ひっかけ】火源の有無に注意する。【選択肢ア】誤り。同じ意味ではない。【選択肢イ】誤り。溶解や浮沈ではない。【選択肢ウ】誤り。指定数量や免状番号ではない。【選択肢エ】正しい。引火と発火の違いである。【選択肢オ】誤り。消火設,
272,single,物性・化学,PC-069;PC-007;燃焼;燃焼範囲・爆発範囲;標準;重点,燃焼範囲の上限界について、正しいものはどれか。,,,,,,水に沈むかどうかの境界である。,可燃性蒸気の濃度がこれより高いと、一般に燃焼しにくい濃度をいう。,液体が沸騰する温度をいう。,危険物取扱者免状の番号である。,可燃性蒸気の濃度がこれより高いと、必ず最大に燃焼する濃度をいう。,2,燃焼範囲の上限界は、可燃性蒸気の濃度がこれより高いと酸素不足などにより燃焼しにくい限界濃度である。【試験ポイント】燃焼範囲は下限界と上限界で考える。【ひっかけ】濃いほど必ず危険最大、とは限らない。【選択肢ア】誤り。比重ではない。【選択肢イ】正しい。濃すぎても燃焼しにくい。【選択肢ウ】誤り。沸点ではない。【選択肢エ】誤り。免状番号ではない。【選択肢オ】誤り。濃すぎると燃焼しにくい。,1:（1）「水に沈むかどうかの境界である。」は、単独の記述としては法令上妥当な場合がありますが、本問で選ぶべき正答は（2）「可燃性蒸気の濃度がこれより高いと、一般に燃焼しにくい濃度をいう。」です。問題文の条件（燃焼範囲の上限界について、正しいものはどれか。…）と照らし、設問が問う論点に合う肢を選び直してください。;3:（3）「液体が沸騰する温度をいう。」は、単独の記述としては法令上妥当な場合がありますが、本問で選ぶべき正答は（2）「可燃性蒸気の濃度がこれより高いと、一般に燃焼しにくい濃度をいう。」です。問題文の条件（燃焼範囲の上限界について、正しいものはどれか。…）と照らし、設問が問う論点に合う肢を選び直してください。;4:（4）「危険物取扱者免状の番号である。」は、単独の記述としては法令上妥当な場合がありますが、本問で選ぶべき正答は（2）「可燃性蒸気の濃度がこれより高いと、一般に燃焼しにくい濃度をいう。」です。問題文の条件（燃焼範囲の上限界について、正しいものはどれか。…）と照らし、設問が問う論点に合う肢を選び直してください。;5:（5）の内容は、正答（2）「可燃性蒸気の濃度がこれより高いと、一般に燃焼しにくい濃度をいう。」が示す論点とずれています。 解説の要点：燃焼範囲の上限界は、可燃性蒸気の濃度がこれより高いと酸素不足などにより燃焼しにくい限界濃度である。【試験ポイント】燃焼範囲は下限界と上限界で考える。【ひっかけ】濃いほど必ず危険最大、とは限らない。【選択肢ア】誤り。比重ではない。【選択肢イ】正しい。濃すぎても燃焼しにくい。【選択肢… 正答（2）との違いを確認し直してください。,燃焼範囲の上限界は、可燃性蒸気の濃度がこれより高いと酸素不足などにより燃焼しにくい限界濃度である。【試験ポイント】燃焼範囲は下限界と上限界で考える。【ひっかけ】濃いほど必ず危険最大、とは限らない。【選択肢ア】誤り。比重ではない。【選択肢イ】正しい。濃すぎても燃焼しにくい。【選択肢ウ】誤り。沸点ではない。【選択肢エ】誤り。免状番号ではない。【選択肢オ】誤り。濃すぎると燃焼しにくい。,燃焼範囲の上限界は、可燃性蒸気の濃度がこれより高いと酸素不足などにより燃焼しにくい限界濃度である。【試験ポイント】燃焼範囲は下限界と上限界で考える。【ひっかけ】濃いほど必ず危険最大、とは限らない。【選択肢ア】誤り。比重ではない。【選択肢イ】正しい。濃すぎても燃焼しにくい。【選択肢ウ】誤り。沸点ではない。【選択肢エ】誤り。免状番号ではない。【選択肢オ】誤り。濃,
273,single,物性・化学,PC-070;PC-010;燃焼;自然発火;標準;重点,自然発火について、正しいものはどれか。,,,,,,危険物取扱者免状を取得することである。,指定数量を超えると必ず自然発火することである。,必ず水に溶けることである。,蒸気比重が1になることである。,外部から直接火源を与えなくても、蓄熱などにより発火することがある。,5,自然発火は、外部から直接火源を与えなくても、酸化熱の蓄積などにより発火する現象である。【試験ポイント】自然発火は蓄熱や酸化熱と関係する。【ひっかけ】火源がないから安全とは限らない。【選択肢ア】誤り。免状取得ではない。【選択肢イ】誤り。指定数量超過で必ず発生するわけではない。【選択肢ウ】誤り。溶解ではない。【選択肢エ】誤り。蒸気比重とは別である。【選択肢オ】正しい。自然発火の説明である。,1:（1）の内容は、正答（5）「外部から直接火源を与えなくても、蓄熱などにより発火することがある。」が示す論点とずれています。 解説の要点：自然発火は、外部から直接火源を与えなくても、酸化熱の蓄積などにより発火する現象である。【試験ポイント】自然発火は蓄熱や酸化熱と関係する。【ひっかけ】火源がないから安全とは限らない。【選択肢ア】誤り。免状取得ではない。【選択肢イ】誤り。指定数量超過で必ず発生するわけではない。【選択… 正答（5）との違いを確認し直してください。;2:（2）の内容は、正答（5）「外部から直接火源を与えなくても、蓄熱などにより発火することがある。」が示す論点とずれています。 解説の要点：自然発火は、外部から直接火源を与えなくても、酸化熱の蓄積などにより発火する現象である。【試験ポイント】自然発火は蓄熱や酸化熱と関係する。【ひっかけ】火源がないから安全とは限らない。【選択肢ア】誤り。免状取得ではない。【選択肢イ】誤り。指定数量超過で必ず発生するわけではない。【選択… 正答（5）との違いを確認し直してください。;3:（3）「必ず水に溶けることである。」は、単独の記述としては法令上妥当な場合がありますが、本問で選ぶべき正答は（5）「外部から直接火源を与えなくても、蓄熱などにより発火することがある。」です。問題文の条件（自然発火について、正しいものはどれか。…）と照らし、設問が問う論点に合う肢を選び直してください。;4:（4）「蒸気比重が1になることである。」は、単独の記述としては法令上妥当な場合がありますが、本問で選ぶべき正答は（5）「外部から直接火源を与えなくても、蓄熱などにより発火することがある。」です。問題文の条件（自然発火について、正しいものはどれか。…）と照らし、設問が問う論点に合う肢を選び直してください。,自然発火は、外部から直接火源を与えなくても、酸化熱の蓄積などにより発火する現象である。【試験ポイント】自然発火は蓄熱や酸化熱と関係する。【ひっかけ】火源がないから安全とは限らない。【選択肢ア】誤り。免状取得ではない。【選択肢イ】誤り。指定数量超過で必ず発生するわけではない。【選択肢ウ】誤り。溶解ではない。【選択肢エ】誤り。蒸気比重とは別である。【選択肢オ】正しい。自然発火の説明である。,自然発火は、外部から直接火源を与えなくても、酸化熱の蓄積などにより発火する現象である。【試験ポイント】自然発火は蓄熱や酸化熱と関係する。【ひっかけ】火源がないから安全とは限らない。【選択肢ア】誤り。免状取得ではない。【選択肢イ】誤り。指定数量超過で必ず発生するわけではない。【選択肢ウ】誤り。溶解ではない。【選択肢エ】誤り。蒸気比重とは別である。【選択肢オ】正,
274,single,物性・化学,PC-071;PC-012;消火;窒息消火;基礎;重点,窒息消火の例として、適切なものはどれか。,,,,,,液体を加熱する。,泡で液面を覆う。,酸素を大量に送り込む。,火花を発生させる。,可燃物をさらに追加する。,2,泡で液面を覆うと、酸素の供給や可燃性蒸気の発生を抑える効果があり、窒息消火に関係する。【試験ポイント】窒息消火は酸素の供給を断つ。【ひっかけ】酸素供給と窒息消火を逆に覚えない。【選択肢ア】誤り。加熱は危険を高める。【選択肢イ】正しい。泡で覆うことは窒息効果に関係する。【選択肢ウ】誤り。酸素供給は燃焼を助ける。【選択肢エ】誤り。火花は着火源である。【選択肢オ】誤り。可燃物を追加してはならない。,1:（1）「液体を加熱する。」は、単独の記述としては法令上妥当な場合がありますが、本問で選ぶべき正答は（2）「泡で液面を覆う。」です。問題文の条件（窒息消火の例として、適切なものはどれか。…）と照らし、設問が問う論点に合う肢を選び直してください。;3:（3）「酸素を大量に送り込む。」は、単独の記述としては法令上妥当な場合がありますが、本問で選ぶべき正答は（2）「泡で液面を覆う。」です。問題文の条件（窒息消火の例として、適切なものはどれか。…）と照らし、設問が問う論点に合う肢を選び直してください。;4:（4）「火花を発生させる。」は、単独の記述としては法令上妥当な場合がありますが、本問で選ぶべき正答は（2）「泡で液面を覆う。」です。問題文の条件（窒息消火の例として、適切なものはどれか。…）と照らし、設問が問う論点に合う肢を選び直してください。;5:（5）「可燃物をさらに追加する。」は、単独の記述としては法令上妥当な場合がありますが、本問で選ぶべき正答は（2）「泡で液面を覆う。」です。問題文の条件（窒息消火の例として、適切なものはどれか。…）と照らし、設問が問う論点に合う肢を選び直してください。,泡で液面を覆うと、酸素の供給や可燃性蒸気の発生を抑える効果があり、窒息消火に関係する。【試験ポイント】窒息消火は酸素の供給を断つ。【ひっかけ】酸素供給と窒息消火を逆に覚えない。【選択肢ア】誤り。加熱は危険を高める。【選択肢イ】正しい。泡で覆うことは窒息効果に関係する。【選択肢ウ】誤り。酸素供給は燃焼を助ける。【選択肢エ】誤り。火花は着火源である。【選択肢オ】誤り。可燃物を追加してはならない。,泡で液面を覆うと、酸素の供給や可燃性蒸気の発生を抑える効果があり、窒息消火に関係する。【試験ポイント】窒息消火は酸素の供給を断つ。【ひっかけ】酸素供給と窒息消火を逆に覚えない。【選択肢ア】誤り。加熱は危険を高める。【選択肢イ】正しい。泡で覆うことは窒息効果に関係する。【選択肢ウ】誤り。酸素供給は燃焼を助ける。【選択肢エ】誤り。火花は着火源である。【選択肢オ】,
275,single,物性・化学,PC-072;PC-013;消火;冷却消火;基礎;重点,冷却消火の例として、適切なものはどれか。,,,,,,可燃性蒸気をためる。,火花を発生させる。,危険物を下水へ流す。,酸素を大量に送り込む。,水で燃焼物の温度を下げる。,5,水で燃焼物の温度を下げることは、冷却消火の代表的な考え方である。【試験ポイント】冷却消火は温度を下げる。【ひっかけ】水が常に第4類火災に適切とは限らない。【選択肢ア】誤り。可燃性蒸気をためてはならない。【選択肢イ】誤り。火花は危険である。【選択肢ウ】誤り。下水へ流してはならない。【選択肢エ】誤り。酸素供給は燃焼を助ける。【選択肢オ】正しい。温度を下げるのが冷却消火である。,1:（1）「可燃性蒸気をためる。」は、単独の記述としては法令上妥当な場合がありますが、本問で選ぶべき正答は（5）「水で燃焼物の温度を下げる。」です。問題文の条件（冷却消火の例として、適切なものはどれか。…）と照らし、設問が問う論点に合う肢を選び直してください。;2:（2）「火花を発生させる。」は、単独の記述としては法令上妥当な場合がありますが、本問で選ぶべき正答は（5）「水で燃焼物の温度を下げる。」です。問題文の条件（冷却消火の例として、適切なものはどれか。…）と照らし、設問が問う論点に合う肢を選び直してください。;3:（3）「危険物を下水へ流す。」は、単独の記述としては法令上妥当な場合がありますが、本問で選ぶべき正答は（5）「水で燃焼物の温度を下げる。」です。問題文の条件（冷却消火の例として、適切なものはどれか。…）と照らし、設問が問う論点に合う肢を選び直してください。;4:（4）「酸素を大量に送り込む。」は、単独の記述としては法令上妥当な場合がありますが、本問で選ぶべき正答は（5）「水で燃焼物の温度を下げる。」です。問題文の条件（冷却消火の例として、適切なものはどれか。…）と照らし、設問が問う論点に合う肢を選び直してください。,水で燃焼物の温度を下げることは、冷却消火の代表的な考え方である。【試験ポイント】冷却消火は温度を下げる。【ひっかけ】水が常に第4類火災に適切とは限らない。【選択肢ア】誤り。可燃性蒸気をためてはならない。【選択肢イ】誤り。火花は危険である。【選択肢ウ】誤り。下水へ流してはならない。【選択肢エ】誤り。酸素供給は燃焼を助ける。【選択肢オ】正しい。温度を下げるのが冷却消火である。,水で燃焼物の温度を下げることは、冷却消火の代表的な考え方である。【試験ポイント】冷却消火は温度を下げる。【ひっかけ】水が常に第4類火災に適切とは限らない。【選択肢ア】誤り。可燃性蒸気をためてはならない。【選択肢イ】誤り。火花は危険である。【選択肢ウ】誤り。下水へ流してはならない。【選択肢エ】誤り。酸素供給は燃焼を助ける。【選択肢オ】正しい。温度を下げるのが冷,
276,single,物性・化学,PC-073;PC-020;熱;熱伝導・対流・放射;基礎;網羅,対流による熱の伝わり方として、正しいものはどれか。,,,,,,免状番号が移動することをいう。,固体内部だけを通って熱が伝わることをいう。,真空中で電磁波により熱が伝わることだけをいう。,液体や気体の移動により熱が運ばれる。,危険物の指定数量が変化することをいう。,4,対流は、液体や気体などの流体の移動によって熱が運ばれる現象である。【試験ポイント】対流は流体の移動による熱移動。【ひっかけ】伝導・対流・放射を区別する。【選択肢ア】誤り。免状番号とは関係ない。【選択肢イ】誤り。熱伝導の説明に近い。【選択肢ウ】誤り。放射の説明に近い。【選択肢エ】正しい。対流の説明である。【選択肢オ】誤り。指定数量とは関係ない。,1:（1）「免状番号が移動することをいう。」は、単独の記述としては法令上妥当な場合がありますが、本問で選ぶべき正答は（4）「液体や気体の移動により熱が運ばれる。」です。問題文の条件（対流による熱の伝わり方として、正しいものはどれか。…）と照らし、設問が問う論点に合う肢を選び直してください。;2:（2）の内容は、正答（4）「液体や気体の移動により熱が運ばれる。」が示す論点とずれています。 解説の要点：対流は、液体や気体などの流体の移動によって熱が運ばれる現象である。【試験ポイント】対流は流体の移動による熱移動。【ひっかけ】伝導・対流・放射を区別する。【選択肢ア】誤り。免状番号とは関係ない。【選択肢イ】誤り。熱伝導の説明に近い。【選択肢ウ】誤り。放射の説明に近い。【選択肢エ】正… 正答（4）との違いを確認し直してください。;3:（3）の内容は、正答（4）「液体や気体の移動により熱が運ばれる。」が示す論点とずれています。 解説の要点：対流は、液体や気体などの流体の移動によって熱が運ばれる現象である。【試験ポイント】対流は流体の移動による熱移動。【ひっかけ】伝導・対流・放射を区別する。【選択肢ア】誤り。免状番号とは関係ない。【選択肢イ】誤り。熱伝導の説明に近い。【選択肢ウ】誤り。放射の説明に近い。【選択肢エ】正… 正答（4）との違いを確認し直してください。;5:（5）の内容は、正答（4）「液体や気体の移動により熱が運ばれる。」が示す論点とずれています。 解説の要点：対流は、液体や気体などの流体の移動によって熱が運ばれる現象である。【試験ポイント】対流は流体の移動による熱移動。【ひっかけ】伝導・対流・放射を区別する。【選択肢ア】誤り。免状番号とは関係ない。【選択肢イ】誤り。熱伝導の説明に近い。【選択肢ウ】誤り。放射の説明に近い。【選択肢エ】正… 正答（4）との違いを確認し直してください。,対流は、液体や気体などの流体の移動によって熱が運ばれる現象である。【試験ポイント】対流は流体の移動による熱移動。【ひっかけ】伝導・対流・放射を区別する。【選択肢ア】誤り。免状番号とは関係ない。【選択肢イ】誤り。熱伝導の説明に近い。【選択肢ウ】誤り。放射の説明に近い。【選択肢エ】正しい。対流の説明である。【選択肢オ】誤り。指定数量とは関係ない。,対流は、液体や気体などの流体の移動によって熱が運ばれる現象である。【試験ポイント】対流は流体の移動による熱移動。【ひっかけ】伝導・対流・放射を区別する。【選択肢ア】誤り。免状番号とは関係ない。【選択肢イ】誤り。熱伝導の説明に近い。【選択肢ウ】誤り。放射の説明に近い。【選択肢エ】正しい。対流の説明である。【選択肢オ】誤り。指定数量とは関係ない。,
277,single,物性・化学,PC-074;PC-020;熱;熱伝導・対流・放射;基礎;網羅,放射による熱の伝わり方として、正しいものはどれか。,,,,,,指定数量の倍数で熱が伝わる。,液体の流れだけで熱が伝わる。,水に溶けることで熱が伝わる。,固体内部だけで熱が伝わる。,電磁波により熱が伝わる。,5,放射は、電磁波により熱が伝わる現象であり、真空中でも伝わる。【試験ポイント】放射は電磁波による熱移動。【ひっかけ】対流や伝導と混同しない。【選択肢ア】誤り。指定数量倍数ではない。【選択肢イ】誤り。対流の説明に近い。【選択肢ウ】誤り。溶解ではない。【選択肢エ】誤り。熱伝導の説明に近い。【選択肢オ】正しい。放射の説明である。,1:（1）「指定数量の倍数で熱が伝わる。」は、単独の記述としては法令上妥当な場合がありますが、本問で選ぶべき正答は（5）「電磁波により熱が伝わる。」です。問題文の条件（放射による熱の伝わり方として、正しいものはどれか。…）と照らし、設問が問う論点に合う肢を選び直してください。;2:（2）「液体の流れだけで熱が伝わる。」は、単独の記述としては法令上妥当な場合がありますが、本問で選ぶべき正答は（5）「電磁波により熱が伝わる。」です。問題文の条件（放射による熱の伝わり方として、正しいものはどれか。…）と照らし、設問が問う論点に合う肢を選び直してください。;3:（3）「水に溶けることで熱が伝わる。」は、単独の記述としては法令上妥当な場合がありますが、本問で選ぶべき正答は（5）「電磁波により熱が伝わる。」です。問題文の条件（放射による熱の伝わり方として、正しいものはどれか。…）と照らし、設問が問う論点に合う肢を選び直してください。;4:（4）「固体内部だけで熱が伝わる。」は、単独の記述としては法令上妥当な場合がありますが、本問で選ぶべき正答は（5）「電磁波により熱が伝わる。」です。問題文の条件（放射による熱の伝わり方として、正しいものはどれか。…）と照らし、設問が問う論点に合う肢を選び直してください。,放射は、電磁波により熱が伝わる現象であり、真空中でも伝わる。【試験ポイント】放射は電磁波による熱移動。【ひっかけ】対流や伝導と混同しない。【選択肢ア】誤り。指定数量倍数ではない。【選択肢イ】誤り。対流の説明に近い。【選択肢ウ】誤り。溶解ではない。【選択肢エ】誤り。熱伝導の説明に近い。【選択肢オ】正しい。放射の説明である。,放射は、電磁波により熱が伝わる現象であり、真空中でも伝わる。【試験ポイント】放射は電磁波による熱移動。【ひっかけ】対流や伝導と混同しない。【選択肢ア】誤り。指定数量倍数ではない。【選択肢イ】誤り。対流の説明に近い。【選択肢ウ】誤り。溶解ではない。【選択肢エ】誤り。熱伝導の説明に近い。【選択肢オ】正しい。放射の説明である。,
278,single,物性・化学,PC-075;PC-023;物質の状態;固体・液体・気体;基礎;網羅,気体の特徴として、一般に正しいものはどれか。,,,,,,常に一定の形と体積を保つ。,必ず水に沈む。,必ず第4類危険物である。,一定の形や体積を保ちにくく、容器全体に広がる。,必ず不燃性である。,4,気体は、一定の形や体積を保ちにくく、容器全体に広がる性質がある。【試験ポイント】気体は容器全体に広がる。【ひっかけ】固体・液体・気体の性質を区別する。【選択肢ア】誤り。固体の説明に近い。【選択肢イ】誤り。水への浮沈ではない。【選択肢ウ】誤り。第4類危険物とは限らない。【選択肢エ】正しい。気体の特徴である。【選択肢オ】誤り。不燃性とは限らない。,1:（1）「常に一定の形と体積を保つ。」は、単独の記述としては法令上妥当な場合がありますが、本問で選ぶべき正答は（4）「一定の形や体積を保ちにくく、容器全体に広がる。」です。問題文の条件（気体の特徴として、一般に正しいものはどれか。…）と照らし、設問が問う論点に合う肢を選び直してください。;2:（2）「必ず水に沈む。」は、単独の記述としては法令上妥当な場合がありますが、本問で選ぶべき正答は（4）「一定の形や体積を保ちにくく、容器全体に広がる。」です。問題文の条件（気体の特徴として、一般に正しいものはどれか。…）と照らし、設問が問う論点に合う肢を選び直してください。;3:（3）「必ず第4類危険物である。」は、単独の記述としては法令上妥当な場合がありますが、本問で選ぶべき正答は（4）「一定の形や体積を保ちにくく、容器全体に広がる。」です。問題文の条件（気体の特徴として、一般に正しいものはどれか。…）と照らし、設問が問う論点に合う肢を選び直してください。;5:（5）「必ず不燃性である。」は、単独の記述としては法令上妥当な場合がありますが、本問で選ぶべき正答は（4）「一定の形や体積を保ちにくく、容器全体に広がる。」です。問題文の条件（気体の特徴として、一般に正しいものはどれか。…）と照らし、設問が問う論点に合う肢を選び直してください。,気体は、一定の形や体積を保ちにくく、容器全体に広がる性質がある。,気体は、一定の形や体積を保ちにくく、容器全体に広がる性質がある。【試験ポイント】気体は容器全体に広がる。【ひっかけ】固体・液体・気体の性質を区別する。【選択肢ア】誤り。固体の説明に近い。【選択肢イ】誤り。水への浮沈ではない。【選択肢ウ】誤り。第4類危険物とは限らない。【選択肢エ】正しい。気体の特徴である。【選択肢オ】誤り。不燃性とは限らない。,
279,single,物性・化学,PC-076;PC-024;物質の状態;融点・沸点;基礎;網羅,融点について、正しいものはどれか。,,,,,,火源なしで発火する最低温度である。,蒸気比重が1になる温度である。,液体が沸騰し始める温度である。,固体が液体になり始める温度である。,可燃性蒸気が引火する最低温度である。,4,融点は、固体が液体になり始める温度である。沸点、引火点、発火点とは異なる。【試験ポイント】融点・沸点・引火点・発火点を区別する。【ひっかけ】温度用語を一括りにしない。【選択肢ア】誤り。発火点の説明である。【選択肢イ】誤り。蒸気比重とは関係ない。【選択肢ウ】誤り。沸点の説明である。【選択肢エ】正しい。融点の説明である。【選択肢オ】誤り。引火点の説明である。,1:（1）「火源なしで発火する最低温度である。」は、単独の記述としては法令上妥当な場合がありますが、本問で選ぶべき正答は（4）「固体が液体になり始める温度である。」です。問題文の条件（融点について、正しいものはどれか。…）と照らし、設問が問う論点に合う肢を選び直してください。;2:（2）「蒸気比重が1になる温度である。」は、単独の記述としては法令上妥当な場合がありますが、本問で選ぶべき正答は（4）「固体が液体になり始める温度である。」です。問題文の条件（融点について、正しいものはどれか。…）と照らし、設問が問う論点に合う肢を選び直してください。;3:（3）「液体が沸騰し始める温度である。」は、単独の記述としては法令上妥当な場合がありますが、本問で選ぶべき正答は（4）「固体が液体になり始める温度である。」です。問題文の条件（融点について、正しいものはどれか。…）と照らし、設問が問う論点に合う肢を選び直してください。;5:（5）「可燃性蒸気が引火する最低温度である。」は、単独の記述としては法令上妥当な場合がありますが、本問で選ぶべき正答は（4）「固体が液体になり始める温度である。」です。問題文の条件（融点について、正しいものはどれか。…）と照らし、設問が問う論点に合う肢を選び直してください。,融点は、固体が液体になり始める温度である。,融点は、固体が液体になり始める温度である。沸点、引火点、発火点とは異なる。【試験ポイント】融点・沸点・引火点・発火点を区別する。【ひっかけ】温度用語を一括りにしない。【選択肢ア】誤り。発火点の説明である。【選択肢イ】誤り。蒸気比重とは関係ない。【選択肢ウ】誤り。沸点の説明である。【選択肢エ】正しい。融点の説明である。【選択肢オ】誤り。引火点の説明である。,
280,single,物性・化学,PC-077;PC-027;物質の状態;沸点と圧力の関係;標準;網羅,標高が高い場所で水の沸点が下がる理由として、最も関係が深いものはどれか。,,,,,,水が必ず不燃性を失うため。,水が第4類危険物になるため。,指定数量が増えるため。,水の色が変わるため。,外圧が低くなるため。,5,標高が高くなると外圧が低くなり、一般に水の沸点は下がる。【試験ポイント】沸点は外圧の影響を受ける。【ひっかけ】沸点を常に固定値と考えない。【選択肢ア】誤り。不燃性の問題ではない。【選択肢イ】誤り。水が第4類危険物になるわけではない。【選択肢ウ】誤り。指定数量とは関係ない。【選択肢エ】誤り。色の変化ではない。【選択肢オ】正しい。外圧低下が関係する。,1:（1）「水が必ず不燃性を失うため。」は、単独の記述としては法令上妥当な場合がありますが、本問で選ぶべき正答は（5）「外圧が低くなるため。」です。問題文の条件（標高が高い場所で水の沸点が下がる理由として、最も関係が深いものはどれか。…）と照らし、設問が問う論点に合う肢を選び直してください。;2:（2）「水が第4類危険物になるため。」は、単独の記述としては法令上妥当な場合がありますが、本問で選ぶべき正答は（5）「外圧が低くなるため。」です。問題文の条件（標高が高い場所で水の沸点が下がる理由として、最も関係が深いものはどれか。…）と照らし、設問が問う論点に合う肢を選び直してください。;3:（3）「指定数量が増えるため。」は、単独の記述としては法令上妥当な場合がありますが、本問で選ぶべき正答は（5）「外圧が低くなるため。」です。問題文の条件（標高が高い場所で水の沸点が下がる理由として、最も関係が深いものはどれか。…）と照らし、設問が問う論点に合う肢を選び直してください。;4:（4）「水の色が変わるため。」は、単独の記述としては法令上妥当な場合がありますが、本問で選ぶべき正答は（5）「外圧が低くなるため。」です。問題文の条件（標高が高い場所で水の沸点が下がる理由として、最も関係が深いものはどれか。…）と照らし、設問が問う論点に合う肢を選び直してください。,標高が高くなると外圧が低くなり、一般に水の沸点は下がる。【試験ポイント】沸点は外圧の影響を受ける。【ひっかけ】沸点を常に固定値と考えない。【選択肢ア】誤り。不燃性の問題ではない。【選択肢イ】誤り。水が第4類危険物になるわけではない。【選択肢ウ】誤り。指定数量とは関係ない。【選択肢エ】誤り。色の変化ではない。【選択肢オ】正しい。外圧低下が関係する。,標高が高くなると外圧が低くなり、一般に水の沸点は下がる。【試験ポイント】沸点は外圧の影響を受ける。【ひっかけ】沸点を常に固定値と考えない。【選択肢ア】誤り。不燃性の問題ではない。【選択肢イ】誤り。水が第4類危険物になるわけではない。【選択肢ウ】誤り。指定数量とは関係ない。【選択肢エ】誤り。色の変化ではない。【選択肢オ】正しい。外圧低下が関係する。,
281,single,物性・化学,PC-078;PC-041;化学反応;化学変化と物理変化;基礎;網羅,物理変化に該当するものとして、適切なものはどれか。,,,,,,氷が溶けて水になる。,ガソリンが燃焼する。,木炭が燃焼する。,鉄がさびる。,紙が燃えて灰になる。,1,氷が溶けて水になるのは状態変化であり、物理変化である。燃焼やさびは化学変化である。【試験ポイント】状態変化は物理変化。【ひっかけ】燃焼は化学変化。【選択肢ア】正しい。状態変化であり物理変化である。【選択肢イ】誤り。燃焼は化学変化である。【選択肢ウ】誤り。燃焼は化学変化である。【選択肢エ】誤り。酸化反応であり化学変化である。【選択肢オ】誤り。燃焼は化学変化である。,2:（2）「ガソリンが燃焼する。」は、単独の記述としては法令上妥当な場合がありますが、本問で選ぶべき正答は（1）「氷が溶けて水になる。」です。問題文の条件（物理変化に該当するものとして、適切なものはどれか。…）と照らし、設問が問う論点に合う肢を選び直してください。;3:（3）「木炭が燃焼する。」は、単独の記述としては法令上妥当な場合がありますが、本問で選ぶべき正答は（1）「氷が溶けて水になる。」です。問題文の条件（物理変化に該当するものとして、適切なものはどれか。…）と照らし、設問が問う論点に合う肢を選び直してください。;4:（4）「鉄がさびる。」は、単独の記述としては法令上妥当な場合がありますが、本問で選ぶべき正答は（1）「氷が溶けて水になる。」です。問題文の条件（物理変化に該当するものとして、適切なものはどれか。…）と照らし、設問が問う論点に合う肢を選び直してください。;5:（5）「紙が燃えて灰になる。」は、単独の記述としては法令上妥当な場合がありますが、本問で選ぶべき正答は（1）「氷が溶けて水になる。」です。問題文の条件（物理変化に該当するものとして、適切なものはどれか。…）と照らし、設問が問う論点に合う肢を選び直してください。,氷が溶けて水になるのは状態変化であり、物理変化である。燃焼やさびは化学変化である。【試験ポイント】状態変化は物理変化。【ひっかけ】燃焼は化学変化。【選択肢ア】正しい。状態変化であり物理変化である。【選択肢イ】誤り。燃焼は化学変化である。【選択肢ウ】誤り。燃焼は化学変化である。【選択肢エ】誤り。酸化反応であり化学変化である。【選択肢オ】誤り。燃焼は化学変化である。,氷が溶けて水になるのは状態変化であり、物理変化である。燃焼やさびは化学変化である。【試験ポイント】状態変化は物理変化。【ひっかけ】燃焼は化学変化。【選択肢ア】正しい。状態変化であり物理変化である。【選択肢イ】誤り。燃焼は化学変化である。【選択肢ウ】誤り。燃焼は化学変化である。【選択肢エ】誤り。酸化反応であり化学変化である。【選択肢オ】誤り。燃焼は化学変化であ,
282,single,物性・化学,PC-079;PC-045;酸化・還元;酸化;基礎;重点,燃焼と酸化の関係として、正しいものはどれか。,,,,,,燃焼は酸化とまったく関係がない。,燃焼は免状を書き換えることである。,燃焼は急激な酸化反応と考えられる。,燃焼は必ず水に溶けることである。,燃焼は指定数量を計算することである。,3,燃焼は、熱や光を伴う急激な酸化反応として理解できる。【試験ポイント】燃焼は急激な酸化反応。【ひっかけ】燃焼と溶解を混同しない。【選択肢ア】誤り。酸化と関係がある。【選択肢イ】誤り。免状書換えではない。【選択肢ウ】正しい。燃焼は酸化反応と関係が深い。【選択肢エ】誤り。溶解ではない。【選択肢オ】誤り。指定数量計算ではない。,1:（1）「燃焼は酸化とまったく関係がない。」は、単独の記述としては法令上妥当な場合がありますが、本問で選ぶべき正答は（3）「燃焼は急激な酸化反応と考えられる。」です。問題文の条件（燃焼と酸化の関係として、正しいものはどれか。…）と照らし、設問が問う論点に合う肢を選び直してください。;2:（2）「燃焼は免状を書き換えることである。」は、単独の記述としては法令上妥当な場合がありますが、本問で選ぶべき正答は（3）「燃焼は急激な酸化反応と考えられる。」です。問題文の条件（燃焼と酸化の関係として、正しいものはどれか。…）と照らし、設問が問う論点に合う肢を選び直してください。;4:（4）「燃焼は必ず水に溶けることである。」は、単独の記述としては法令上妥当な場合がありますが、本問で選ぶべき正答は（3）「燃焼は急激な酸化反応と考えられる。」です。問題文の条件（燃焼と酸化の関係として、正しいものはどれか。…）と照らし、設問が問う論点に合う肢を選び直してください。;5:（5）「燃焼は指定数量を計算することである。」は、単独の記述としては法令上妥当な場合がありますが、本問で選ぶべき正答は（3）「燃焼は急激な酸化反応と考えられる。」です。問題文の条件（燃焼と酸化の関係として、正しいものはどれか。…）と照らし、設問が問う論点に合う肢を選び直してください。,燃焼は、熱や光を伴う急激な酸化反応として理解できる。【試験ポイント】燃焼は急激な酸化反応。【ひっかけ】燃焼と溶解を混同しない。【選択肢ア】誤り。酸化と関係がある。【選択肢イ】誤り。免状書換えではない。【選択肢ウ】正しい。燃焼は酸化反応と関係が深い。【選択肢エ】誤り。溶解ではない。【選択肢オ】誤り。指定数量計算ではない。,燃焼は、熱や光を伴う急激な酸化反応として理解できる。【試験ポイント】燃焼は急激な酸化反応。【ひっかけ】燃焼と溶解を混同しない。【選択肢ア】誤り。酸化と関係がある。【選択肢イ】誤り。免状書換えではない。【選択肢ウ】正しい。燃焼は酸化反応と関係が深い。【選択肢エ】誤り。溶解ではない。【選択肢オ】誤り。指定数量計算ではない。,
283,single,物性・化学,PC-080;PC-049;酸・アルカリ;酸の性質;基礎;網羅,酸性の水溶液について、一般に正しいものはどれか。,,,,,,必ず蒸気比重が1より大きい。,pHが7より大きいものだけをいう。,必ず不燃性である。,pHが7より小さいものが多い。,必ず第4類危険物である。,4,酸性の水溶液は、一般にpHが7より小さい。pHが7より大きいものはアルカリ性である。【試験ポイント】酸性はpH7未満。【ひっかけ】酸性とアルカリ性を逆に覚えない。【選択肢ア】誤り。蒸気比重とは別である。【選択肢イ】誤り。pH7超はアルカリ性である。【選択肢ウ】誤り。必ず不燃性とは限らない。【選択肢エ】正しい。酸性は一般にpH7未満である。【選択肢オ】誤り。必ず第4類危険物ではない。,1:（1）「必ず蒸気比重が1より大きい。」は、単独の記述としては法令上妥当な場合がありますが、本問で選ぶべき正答は（4）「pHが7より小さいものが多い。」です。問題文の条件（酸性の水溶液について、一般に正しいものはどれか。…）と照らし、設問が問う論点に合う肢を選び直してください。;2:（2）「pHが7より大きいものだけをいう。」は、単独の記述としては法令上妥当な場合がありますが、本問で選ぶべき正答は（4）「pHが7より小さいものが多い。」です。問題文の条件（酸性の水溶液について、一般に正しいものはどれか。…）と照らし、設問が問う論点に合う肢を選び直してください。;3:（3）「必ず不燃性である。」は、単独の記述としては法令上妥当な場合がありますが、本問で選ぶべき正答は（4）「pHが7より小さいものが多い。」です。問題文の条件（酸性の水溶液について、一般に正しいものはどれか。…）と照らし、設問が問う論点に合う肢を選び直してください。;5:（5）「必ず第4類危険物である。」は、単独の記述としては法令上妥当な場合がありますが、本問で選ぶべき正答は（4）「pHが7より小さいものが多い。」です。問題文の条件（酸性の水溶液について、一般に正しいものはどれか。…）と照らし、設問が問う論点に合う肢を選び直してください。,酸性の水溶液は、一般にpHが7より小さい。pHが7より大きいものはアルカリ性である。【試験ポイント】酸性はpH7未満。【ひっかけ】酸性とアルカリ性を逆に覚えない。【選択肢ア】誤り。蒸気比重とは別である。【選択肢イ】誤り。pH7超はアルカリ性である。【選択肢ウ】誤り。必ず不燃性とは限らない。【選択肢エ】正しい。酸性は一般にpH7未満である。【選択肢オ】誤り。必ず第4類危険物ではない。,酸性の水溶液は、一般にpHが7より小さい。pHが7より大きいものはアルカリ性である。【試験ポイント】酸性はpH7未満。【ひっかけ】酸性とアルカリ性を逆に覚えない。【選択肢ア】誤り。蒸気比重とは別である。【選択肢イ】誤り。pH7超はアルカリ性である。【選択肢ウ】誤り。必ず不燃性とは限らない。【選択肢エ】正しい。酸性は一般にpH7未満である。【選択肢オ】誤り。必,
284,single,物性・化学,PC-081;PC-054;有機化合物;炭化水素;基礎;網羅,炭化水素の構成元素として、正しい組合せはどれか。,,,,,,鉄と銅,ナトリウムと塩素だけ,炭素と水素,水素とヘリウムだけ,酸素と窒素,3,炭化水素は、炭素と水素からなる化合物である。【試験ポイント】炭化水素は炭素と水素。【ひっかけ】有機化合物の基礎として押さえる。【選択肢ア】誤り。鉄と銅ではない。【選択肢イ】誤り。ナトリウムと塩素だけではない。【選択肢ウ】正しい。炭化水素は炭素と水素からなる。【選択肢エ】誤り。水素とヘリウムだけではない。【選択肢オ】誤り。酸素と窒素ではない。,1:（1）「鉄と銅」は、単独の記述としては法令上妥当な場合がありますが、本問で選ぶべき正答は（3）「炭素と水素」です。問題文の条件（炭化水素の構成元素として、正しい組合せはどれか。…）と照らし、設問が問う論点に合う肢を選び直してください。;2:（2）「ナトリウムと塩素だけ」は、単独の記述としては法令上妥当な場合がありますが、本問で選ぶべき正答は（3）「炭素と水素」です。問題文の条件（炭化水素の構成元素として、正しい組合せはどれか。…）と照らし、設問が問う論点に合う肢を選び直してください。;4:（4）「水素とヘリウムだけ」は、単独の記述としては法令上妥当な場合がありますが、本問で選ぶべき正答は（3）「炭素と水素」です。問題文の条件（炭化水素の構成元素として、正しい組合せはどれか。…）と照らし、設問が問う論点に合う肢を選び直してください。;5:（5）「酸素と窒素」は、単独の記述としては法令上妥当な場合がありますが、本問で選ぶべき正答は（3）「炭素と水素」です。問題文の条件（炭化水素の構成元素として、正しい組合せはどれか。…）と照らし、設問が問う論点に合う肢を選び直してください。,炭化水素は、炭素と水素からなる化合物である。【試験ポイント】炭化水素は炭素と水素。【ひっかけ】有機化合物の基礎として押さえる。【選択肢ア】誤り。鉄と銅ではない。【選択肢イ】誤り。ナトリウムと塩素だけではない。【選択肢ウ】正しい。炭化水素は炭素と水素からなる。【選択肢エ】誤り。水素とヘリウムだけではない。【選択肢オ】誤り。酸素と窒素ではない。,炭化水素は、炭素と水素からなる化合物である。【試験ポイント】炭化水素は炭素と水素。【ひっかけ】有機化合物の基礎として押さえる。【選択肢ア】誤り。鉄と銅ではない。【選択肢イ】誤り。ナトリウムと塩素だけではない。【選択肢ウ】正しい。炭化水素は炭素と水素からなる。【選択肢エ】誤り。水素とヘリウムだけではない。【選択肢オ】誤り。酸素と窒素ではない。,
285,single,物性・化学,PC-082;PC-061;計算問題;濃度の計算;標準;網羅,溶質10 gを溶かして全体を100 gの溶液にした。この溶液の質量パーセント濃度として、正しいものはどれか。,,,,,,10 %,50 %,1 %,90 %,20 %,1,質量パーセント濃度は、溶質の質量÷溶液の質量×100で求める。10÷100×100＝10 %である。【試験ポイント】質量パーセント濃度＝溶質÷溶液×100。【ひっかけ】溶媒ではなく溶液全体で割る。【選択肢ア】正しい。10 %である。【選択肢イ】誤り。計算結果ではない。【選択肢ウ】誤り。計算結果ではない。【選択肢エ】誤り。計算結果ではない。【選択肢オ】誤り。計算結果ではない。,2:（2）「50 %」は、単独の記述としては法令上妥当な場合がありますが、本問で選ぶべき正答は（1）「10 %」です。問題文の条件（溶質10 gを溶かして全体を100 gの溶液にした。この溶液の質量パーセント濃度として、正しいも…）と照らし、設問が問う論点に合う肢を選び直してください。;3:（3）「1 %」は、単独の記述としては法令上妥当な場合がありますが、本問で選ぶべき正答は（1）「10 %」です。問題文の条件（溶質10 gを溶かして全体を100 gの溶液にした。この溶液の質量パーセント濃度として、正しいも…）と照らし、設問が問う論点に合う肢を選び直してください。;4:（4）「90 %」は、単独の記述としては法令上妥当な場合がありますが、本問で選ぶべき正答は（1）「10 %」です。問題文の条件（溶質10 gを溶かして全体を100 gの溶液にした。この溶液の質量パーセント濃度として、正しいも…）と照らし、設問が問う論点に合う肢を選び直してください。;5:（5）「20 %」は、単独の記述としては法令上妥当な場合がありますが、本問で選ぶべき正答は（1）「10 %」です。問題文の条件（溶質10 gを溶かして全体を100 gの溶液にした。この溶液の質量パーセント濃度として、正しいも…）と照らし、設問が問う論点に合う肢を選び直してください。,質量パーセント濃度は、溶質の質量÷溶液の質量×100で求める。10÷100×100＝10 %である。【試験ポイント】質量パーセント濃度＝溶質÷溶液×100。【ひっかけ】溶媒ではなく溶液全体で割る。【選択肢ア】正しい。10 %である。【選択肢イ】誤り。計算結果ではない。【選択肢ウ】誤り。計算結果ではない。【選択肢エ】誤り。計算結果ではない。【選択肢オ】誤り。計算結果ではない。,質量パーセント濃度は、溶質の質量÷溶液の質量×100で求める。10÷100×100＝10 %である。【試験ポイント】質量パーセント濃度＝溶質÷溶液×100。【ひっかけ】溶媒ではなく溶液全体で割る。【選択肢ア】正しい。10 %である。【選択肢イ】誤り。計算結果ではない。【選択肢ウ】誤り。計算結果ではない。【選択肢エ】誤り。計算結果ではない。【選択肢オ】誤り。計,
286,single,火災・消火・漏えい,PF-074;PF-014;特殊引火物;ジエチルエーテル;標準;重点,ジエチルエーテルの火災予防として、適切なものはどれか。,,,,,,水に溶けるため火災危険はない。,漏えいしても放置する。,火気を避け、密栓し、換気に注意する。,火気の近くで加熱する。,容器を開放して蒸気を発生させ続ける。,3,ジエチルエーテルは特殊引火物であり、引火危険が高い。火気、蒸気、換気、密栓に注意する。【試験ポイント】特殊引火物は火気管理を徹底する。【ひっかけ】揮発性の高い物質を軽視しない。【選択肢ア】誤り。火災危険がある。【選択肢イ】誤り。漏えいは適切に処理する。【選択肢ウ】正しい。適切な火災予防である。【選択肢エ】誤り。火気や加熱は危険である。【選択肢オ】誤り。蒸気を発生させ続けるのは危険である。,1:解説では「漏えいは適切に処理する。」とある一方、（1）の記述はそれと矛盾します。 解説の要点：ジエチルエーテルは特殊引火物であり、引火危険が高い。火気、蒸気、換気、密栓に注意する。【試験ポイント】特殊引火物は火気管理を徹底する。【ひっかけ】揮発性の高い物質を軽視しない。【選択肢ア】誤り。火災危険がある。【選択肢イ】誤り。漏えいは適切に処理する。【選択肢ウ】正しい。適切な火… 正答（3）との違いを確認し直してください。;2:（2）「漏えいしても放置する。」は、単独の記述としては法令上妥当な場合がありますが、本問で選ぶべき正答は（3）「火気を避け、密栓し、換気に注意する。」です。問題文の条件（ジエチルエーテルの火災予防として、適切なものはどれか。…）と照らし、設問が問う論点に合う肢を選び直してください。;4:（4）「火気の近くで加熱する。」は、単独の記述としては法令上妥当な場合がありますが、本問で選ぶべき正答は（3）「火気を避け、密栓し、換気に注意する。」です。問題文の条件（ジエチルエーテルの火災予防として、適切なものはどれか。…）と照らし、設問が問う論点に合う肢を選び直してください。;5:（5）の内容は、正答（3）「火気を避け、密栓し、換気に注意する。」が示す論点とずれています。 解説の要点：ジエチルエーテルは特殊引火物であり、引火危険が高い。火気、蒸気、換気、密栓に注意する。【試験ポイント】特殊引火物は火気管理を徹底する。【ひっかけ】揮発性の高い物質を軽視しない。【選択肢ア】誤り。火災危険がある。【選択肢イ】誤り。漏えいは適切に処理する。【選択肢ウ】正しい。適切な火… 正答（3）との違いを確認し直してください。,ジエチルエーテルは特殊引火物であり、引火危険が高い。火気、蒸気、換気、密栓に注意する。【試験ポイント】特殊引火物は火気管理を徹底する。【ひっかけ】揮発性の高い物質を軽視しない。【選択肢ア】誤り。火災危険がある。【選択肢イ】誤り。漏えいは適切に処理する。【選択肢ウ】正しい。適切な火災予防である。【選択肢エ】誤り。火気や加熱は危険である。【選択肢オ】誤り。蒸気を発生させ続けるのは危険である。,ジエチルエーテルは特殊引火物であり、引火危険が高い。火気、蒸気、換気、密栓に注意する。【試験ポイント】特殊引火物は火気管理を徹底する。【ひっかけ】揮発性の高い物質を軽視しない。【選択肢ア】誤り。火災危険がある。【選択肢イ】誤り。漏えいは適切に処理する。【選択肢ウ】正しい。適切な火災予防である。【選択肢エ】誤り。火気や加熱は危険である。【選択肢オ】誤り。蒸気を,
287,single,火災・消火・漏えい,PF-075;PF-015;特殊引火物;二硫化炭素;標準;重点,二硫化炭素の性質として、正しいものはどれか。,,,,,,不燃性液体である。,特殊引火物であり、引火危険が高い。,水に触れると必ず酸素を放出する。,動植物油類である。,第6類危険物である。,2,二硫化炭素は特殊引火物の代表例であり、引火危険が高い。【試験ポイント】二硫化炭素は特殊引火物。【ひっかけ】第6類や動植物油類と混同しない。【選択肢ア】誤り。不燃性ではない。【選択肢イ】正しい。二硫化炭素は特殊引火物である。【選択肢ウ】誤り。酸素放出性ではない。【選択肢エ】誤り。動植物油類ではない。【選択肢オ】誤り。第6類ではない。,1:（1）「不燃性液体である。」は、単独の記述としては法令上妥当な場合がありますが、本問で選ぶべき正答は（2）「特殊引火物であり、引火危険が高い。」です。問題文の条件（二硫化炭素の性質として、正しいものはどれか。…）と照らし、設問が問う論点に合う肢を選び直してください。;3:（3）の内容は、正答（2）「特殊引火物であり、引火危険が高い。」が示す論点とずれています。 解説の要点：二硫化炭素は特殊引火物の代表例であり、引火危険が高い。【試験ポイント】二硫化炭素は特殊引火物。【ひっかけ】第6類や動植物油類と混同しない。【選択肢ア】誤り。不燃性ではない。【選択肢イ】正しい。二硫化炭素は特殊引火物である。【選択肢ウ】誤り。酸素放出性ではない。【選択肢エ】誤り。動… 正答（2）との違いを確認し直してください。;4:（4）「動植物油類である。」は、単独の記述としては法令上妥当な場合がありますが、本問で選ぶべき正答は（2）「特殊引火物であり、引火危険が高い。」です。問題文の条件（二硫化炭素の性質として、正しいものはどれか。…）と照らし、設問が問う論点に合う肢を選び直してください。;5:（5）「第6類危険物である。」は、単独の記述としては法令上妥当な場合がありますが、本問で選ぶべき正答は（2）「特殊引火物であり、引火危険が高い。」です。問題文の条件（二硫化炭素の性質として、正しいものはどれか。…）と照らし、設問が問う論点に合う肢を選び直してください。,二硫化炭素は特殊引火物の代表例であり、引火危険が高い。【試験ポイント】二硫化炭素は特殊引火物。【ひっかけ】第6類や動植物油類と混同しない。【選択肢ア】誤り。不燃性ではない。【選択肢イ】正しい。二硫化炭素は特殊引火物である。【選択肢ウ】誤り。酸素放出性ではない。【選択肢エ】誤り。動植物油類ではない。【選択肢オ】誤り。第6類ではない。,二硫化炭素は特殊引火物の代表例であり、引火危険が高い。【試験ポイント】二硫化炭素は特殊引火物。【ひっかけ】第6類や動植物油類と混同しない。【選択肢ア】誤り。不燃性ではない。【選択肢イ】正しい。二硫化炭素は特殊引火物である。【選択肢ウ】誤り。酸素放出性ではない。【選択肢エ】誤り。動植物油類ではない。【選択肢オ】誤り。第6類ではない。,
288,single,火災・消火・漏えい,PF-076;PF-016;特殊引火物;アセトアルデヒド;標準;網羅,アセトアルデヒドの分類として、正しいものはどれか。,,,,,,アルコール類,特殊引火物,動植物油類,第一石油類,第二石油類,2,アセトアルデヒドは特殊引火物に分類される代表例である。【試験ポイント】アセトアルデヒドは特殊引火物。【ひっかけ】名前からアルコール類と判断しない。【選択肢ア】誤り。アルコール類ではない。【選択肢イ】正しい。特殊引火物である。【選択肢ウ】誤り。動植物油類ではない。【選択肢エ】誤り。第一石油類ではない。【選択肢オ】誤り。第二石油類ではない。,1:（1）「アルコール類」は、単独の記述としては法令上妥当な場合がありますが、本問で選ぶべき正答は（2）「特殊引火物」です。問題文の条件（アセトアルデヒドの分類として、正しいものはどれか。…）と照らし、設問が問う論点に合う肢を選び直してください。;3:（3）「動植物油類」は、単独の記述としては法令上妥当な場合がありますが、本問で選ぶべき正答は（2）「特殊引火物」です。問題文の条件（アセトアルデヒドの分類として、正しいものはどれか。…）と照らし、設問が問う論点に合う肢を選び直してください。;4:（4）「第一石油類」は、単独の記述としては法令上妥当な場合がありますが、本問で選ぶべき正答は（2）「特殊引火物」です。問題文の条件（アセトアルデヒドの分類として、正しいものはどれか。…）と照らし、設問が問う論点に合う肢を選び直してください。;5:（5）「第二石油類」は、単独の記述としては法令上妥当な場合がありますが、本問で選ぶべき正答は（2）「特殊引火物」です。問題文の条件（アセトアルデヒドの分類として、正しいものはどれか。…）と照らし、設問が問う論点に合う肢を選び直してください。,アセトアルデヒドは特殊引火物に分類される代表例である。【試験ポイント】アセトアルデヒドは特殊引火物。【ひっかけ】名前からアルコール類と判断しない。【選択肢ア】誤り。アルコール類ではない。【選択肢イ】正しい。特殊引火物である。【選択肢ウ】誤り。動植物油類ではない。【選択肢エ】誤り。第一石油類ではない。【選択肢オ】誤り。第二石油類ではない。,アセトアルデヒドは特殊引火物に分類される代表例である。【試験ポイント】アセトアルデヒドは特殊引火物。【ひっかけ】名前からアルコール類と判断しない。【選択肢ア】誤り。アルコール類ではない。【選択肢イ】正しい。特殊引火物である。【選択肢ウ】誤り。動植物油類ではない。【選択肢エ】誤り。第一石油類ではない。【選択肢オ】誤り。第二石油類ではない。,
289,single,火災・消火・漏えい,PF-077;PF-019;第一石油類;ベンゼン・トルエン;標準;重点,ベンゼンとトルエンの分類として、正しいものはどれか。,,,,,,いずれも第一石油類である。,いずれもアルコール類である。,いずれも動植物油類である。,いずれも第二石油類である。,いずれも第6類危険物である。,1,ベンゼンとトルエンはいずれも第一石油類として整理される。【試験ポイント】ベンゼン・トルエンは第一石油類。【ひっかけ】キシレンは第二石油類として区別する。【選択肢ア】正しい。どちらも第一石油類である。【選択肢イ】誤り。アルコール類ではない。【選択肢ウ】誤り。動植物油類ではない。【選択肢エ】誤り。第二石油類ではない。【選択肢オ】誤り。第6類ではない。,2:（2）「いずれもアルコール類である。」は、単独の記述としては法令上妥当な場合がありますが、本問で選ぶべき正答は（1）「いずれも第一石油類である。」です。問題文の条件（ベンゼンとトルエンの分類として、正しいものはどれか。…）と照らし、設問が問う論点に合う肢を選び直してください。;3:（3）「いずれも動植物油類である。」は、単独の記述としては法令上妥当な場合がありますが、本問で選ぶべき正答は（1）「いずれも第一石油類である。」です。問題文の条件（ベンゼンとトルエンの分類として、正しいものはどれか。…）と照らし、設問が問う論点に合う肢を選び直してください。;4:（4）「いずれも第二石油類である。」は、単独の記述としては法令上妥当な場合がありますが、本問で選ぶべき正答は（1）「いずれも第一石油類である。」です。問題文の条件（ベンゼンとトルエンの分類として、正しいものはどれか。…）と照らし、設問が問う論点に合う肢を選び直してください。;5:（5）「いずれも第6類危険物である。」は、単独の記述としては法令上妥当な場合がありますが、本問で選ぶべき正答は（1）「いずれも第一石油類である。」です。問題文の条件（ベンゼンとトルエンの分類として、正しいものはどれか。…）と照らし、設問が問う論点に合う肢を選び直してください。,ベンゼンとトルエンはいずれも第一石油類として整理される。【試験ポイント】ベンゼン・トルエンは第一石油類。【ひっかけ】キシレンは第二石油類として区別する。【選択肢ア】正しい。どちらも第一石油類である。【選択肢イ】誤り。アルコール類ではない。【選択肢ウ】誤り。動植物油類ではない。【選択肢エ】誤り。第二石油類ではない。【選択肢オ】誤り。第6類ではない。,ベンゼンとトルエンはいずれも第一石油類として整理される。【試験ポイント】ベンゼン・トルエンは第一石油類。【ひっかけ】キシレンは第二石油類として区別する。【選択肢ア】正しい。どちらも第一石油類である。【選択肢イ】誤り。アルコール類ではない。【選択肢ウ】誤り。動植物油類ではない。【選択肢エ】誤り。第二石油類ではない。【選択肢オ】誤り。第6類ではない。,
290,single,火災・消火・漏えい,PF-078;PF-021;第一石油類;酢酸エチルなどの第一石油類;標準;網羅,酢酸エチルについて、正しいものはどれか。,,,,,,動植物油類である。,第一石油類である。,第6類危険物である。,第三石油類である。,第二石油類である。,2,酢酸エチルは第一石油類に分類される。酢酸は第二石油類として整理する。【試験ポイント】酢酸エチルは第一石油類。【ひっかけ】酢酸と酢酸エチルを混同しない。【選択肢ア】誤り。動植物油類ではない。【選択肢イ】正しい。酢酸エチルは第一石油類である。【選択肢ウ】誤り。第6類ではない。【選択肢エ】誤り。第三石油類ではない。【選択肢オ】誤り。第二石油類ではない。,1:（1）「動植物油類である。」は、単独の記述としては法令上妥当な場合がありますが、本問で選ぶべき正答は（2）「第一石油類である。」です。問題文の条件（酢酸エチルについて、正しいものはどれか。…）と照らし、設問が問う論点に合う肢を選び直してください。;3:（3）「第6類危険物である。」は、単独の記述としては法令上妥当な場合がありますが、本問で選ぶべき正答は（2）「第一石油類である。」です。問題文の条件（酢酸エチルについて、正しいものはどれか。…）と照らし、設問が問う論点に合う肢を選び直してください。;4:（4）「第三石油類である。」は、単独の記述としては法令上妥当な場合がありますが、本問で選ぶべき正答は（2）「第一石油類である。」です。問題文の条件（酢酸エチルについて、正しいものはどれか。…）と照らし、設問が問う論点に合う肢を選び直してください。;5:（5）「第二石油類である。」は、単独の記述としては法令上妥当な場合がありますが、本問で選ぶべき正答は（2）「第一石油類である。」です。問題文の条件（酢酸エチルについて、正しいものはどれか。…）と照らし、設問が問う論点に合う肢を選び直してください。,酢酸エチルは第一石油類である。,酢酸エチルは第一石油類に分類される。酢酸は第二石油類として整理する。【試験ポイント】酢酸エチルは第一石油類。【ひっかけ】酢酸と酢酸エチルを混同しない。【選択肢ア】誤り。動植物油類ではない。【選択肢イ】正しい。酢酸エチルは第一石油類である。【選択肢ウ】誤り。第6類ではない。【選択肢エ】誤り。第三石油類ではない。【選択肢オ】誤り。第二石油類ではない。,
291,single,火災・消火・漏えい,PF-079;PF-029;第二石油類;キシレン・酢酸などの第二石油類;標準;重点,酢酸と酢酸エチルの分類について、正しいものはどれか。,,,,,,どちらも動植物油類である。,酢酸は第一石油類、酢酸エチルは第二石油類である。,どちらもアルコール類である。,どちらも第6類危険物である。,酢酸は第二石油類、酢酸エチルは第一石油類である。,5,酢酸は第二石油類、酢酸エチルは第一石油類である。名称が似ているため混同しやすい。【試験ポイント】酢酸は第二石油類、酢酸エチルは第一石油類。【ひっかけ】名称の類似に注意する。【選択肢ア】誤り。動植物油類ではない。【選択肢イ】誤り。逆である。【選択肢ウ】誤り。アルコール類ではない。【選択肢エ】誤り。第6類ではない。【選択肢オ】正しい。分類として妥当である。,1:（1）「どちらも動植物油類である。」は、単独の記述としては法令上妥当な場合がありますが、本問で選ぶべき正答は（5）「酢酸は第二石油類、酢酸エチルは第一石油類である。」です。問題文の条件（酢酸と酢酸エチルの分類について、正しいものはどれか。…）と照らし、設問が問う論点に合う肢を選び直してください。;2:（2）の内容は、正答（5）「酢酸は第二石油類、酢酸エチルは第一石油類である。」が示す論点とずれています。 解説の要点：酢酸は第二石油類、酢酸エチルは第一石油類である。名称が似ているため混同しやすい。【試験ポイント】酢酸は第二石油類、酢酸エチルは第一石油類。【ひっかけ】名称の類似に注意する。【選択肢ア】誤り。動植物油類ではない。【選択肢イ】誤り。逆である。【選択肢ウ】誤り。アルコール類ではない。【… 正答（5）との違いを確認し直してください。;3:（3）「どちらもアルコール類である。」は、単独の記述としては法令上妥当な場合がありますが、本問で選ぶべき正答は（5）「酢酸は第二石油類、酢酸エチルは第一石油類である。」です。問題文の条件（酢酸と酢酸エチルの分類について、正しいものはどれか。…）と照らし、設問が問う論点に合う肢を選び直してください。;4:（4）「どちらも第6類危険物である。」は、単独の記述としては法令上妥当な場合がありますが、本問で選ぶべき正答は（5）「酢酸は第二石油類、酢酸エチルは第一石油類である。」です。問題文の条件（酢酸と酢酸エチルの分類について、正しいものはどれか。…）と照らし、設問が問う論点に合う肢を選び直してください。,酢酸は第二石油類、酢酸エチルは第一石油類である。 【試験ポイント】酢酸は第二石油類、酢酸エチルは第一石油類。,酢酸は第二石油類、酢酸エチルは第一石油類である。名称が似ているため混同しやすい。【試験ポイント】酢酸は第二石油類、酢酸エチルは第一石油類。【ひっかけ】名称の類似に注意する。【選択肢ア】誤り。動植物油類ではない。【選択肢イ】誤り。逆である。【選択肢ウ】誤り。アルコール類ではない。【選択肢エ】誤り。第6類ではない。【選択肢オ】正しい。分類として妥当である。,
292,single,火災・消火・漏えい,PF-080;PF-029;第二石油類;キシレン・酢酸などの第二石油類;標準;網羅,キシレンとトルエンの分類について、正しいものはどれか。,,,,,,どちらもアルコール類である。,どちらも特殊引火物である。,キシレンは第二石油類、トルエンは第一石油類である。,どちらも動植物油類である。,キシレンは第一石油類、トルエンは第二石油類である。,3,キシレンは第二石油類、トルエンは第一石油類である。【試験ポイント】キシレンは第二、トルエンは第一。【ひっかけ】似た芳香族化合物でも分類を混同しない。【選択肢ア】誤り。アルコール類ではない。【選択肢イ】誤り。特殊引火物ではない。【選択肢ウ】正しい。分類として妥当である。【選択肢エ】誤り。動植物油類ではない。【選択肢オ】誤り。逆である。,1:（1）「どちらもアルコール類である。」は、単独の記述としては法令上妥当な場合がありますが、本問で選ぶべき正答は（3）「キシレンは第二石油類、トルエンは第一石油類である。」です。問題文の条件（キシレンとトルエンの分類について、正しいものはどれか。…）と照らし、設問が問う論点に合う肢を選び直してください。;2:（2）「どちらも特殊引火物である。」は、単独の記述としては法令上妥当な場合がありますが、本問で選ぶべき正答は（3）「キシレンは第二石油類、トルエンは第一石油類である。」です。問題文の条件（キシレンとトルエンの分類について、正しいものはどれか。…）と照らし、設問が問う論点に合う肢を選び直してください。;4:（4）「どちらも動植物油類である。」は、単独の記述としては法令上妥当な場合がありますが、本問で選ぶべき正答は（3）「キシレンは第二石油類、トルエンは第一石油類である。」です。問題文の条件（キシレンとトルエンの分類について、正しいものはどれか。…）と照らし、設問が問う論点に合う肢を選び直してください。;5:（5）の内容は、正答（3）「キシレンは第二石油類、トルエンは第一石油類である。」が示す論点とずれています。 解説の要点：キシレンは第二石油類、トルエンは第一石油類である。【試験ポイント】キシレンは第二、トルエンは第一。【ひっかけ】似た芳香族化合物でも分類を混同しない。【選択肢ア】誤り。アルコール類ではない。【選択肢イ】誤り。特殊引火物ではない。【選択肢ウ】正しい。分類として妥当である。【選択肢エ】… 正答（3）との違いを確認し直してください。,キシレンは第二石油類、トルエンは第一石油類である。,キシレンは第二石油類、トルエンは第一石油類である。【試験ポイント】キシレンは第二、トルエンは第一。【ひっかけ】似た芳香族化合物でも分類を混同しない。【選択肢ア】誤り。アルコール類ではない。【選択肢イ】誤り。特殊引火物ではない。【選択肢ウ】正しい。分類として妥当である。【選択肢エ】誤り。動植物油類ではない。【選択肢オ】誤り。逆である。,
293,single,火災・消火・漏えい,PF-081;PF-031;第三石油類;重油;標準;網羅,重油の火災予防について、適切なものはどれか。,,,,,,第1類危険物として酸素放出だけに注意する。,常に裸火で温度を確認する。,漏えいしても放置する。,水に完全に溶けるため管理不要である。,加熱や漏えいに注意し、火気を避けて管理する。,5,重油は第三石油類であり、加熱、漏えい、火気に注意して取り扱う必要がある。【試験ポイント】重油は第三石油類で火気・漏えいに注意。【ひっかけ】引火点が高めでも火災予防は必要。【選択肢ア】誤り。第1類ではない。【選択肢イ】誤り。裸火で確認してはならない。【選択肢ウ】誤り。漏えいは放置しない。【選択肢エ】誤り。管理不要ではない。【選択肢オ】正しい。火災予防として適切である。,1:（1）の内容は、正答（5）「加熱や漏えいに注意し、火気を避けて管理する。」が示す論点とずれています。 解説の要点：重油は第三石油類であり、加熱、漏えい、火気に注意して取り扱う必要がある。【試験ポイント】重油は第三石油類で火気・漏えいに注意。【ひっかけ】引火点が高めでも火災予防は必要。【選択肢ア】誤り。第1類ではない。【選択肢イ】誤り。裸火で確認してはならない。【選択肢ウ】誤り。漏えいは放置し… 正答（5）との違いを確認し直してください。;2:（2）「常に裸火で温度を確認する。」は、単独の記述としては法令上妥当な場合がありますが、本問で選ぶべき正答は（5）「加熱や漏えいに注意し、火気を避けて管理する。」です。問題文の条件（重油の火災予防について、適切なものはどれか。…）と照らし、設問が問う論点に合う肢を選び直してください。;3:（3）「漏えいしても放置する。」は、単独の記述としては法令上妥当な場合がありますが、本問で選ぶべき正答は（5）「加熱や漏えいに注意し、火気を避けて管理する。」です。問題文の条件（重油の火災予防について、適切なものはどれか。…）と照らし、設問が問う論点に合う肢を選び直してください。;4:解説では「重油は第三石油類であり、加熱、漏えい、火気に注意して取り扱う必要がある。」とある一方、（4）の記述はそれと矛盾します。 解説の要点：重油は第三石油類であり、加熱、漏えい、火気に注意して取り扱う必要がある。【試験ポイント】重油は第三石油類で火気・漏えいに注意。【ひっかけ】引火点が高めでも火災予防は必要。【選択肢ア】誤り。第1類ではない。【選択肢イ】誤り。裸火で確認してはならない。【選択肢ウ】誤り。漏えいは放置し… 正答（5）との違いを確認し直してください。,重油は第三石油類であり、加熱、漏えい、火気に注意して取り扱う必要がある。【試験ポイント】重油は第三石油類で火気・漏えいに注意。【ひっかけ】引火点が高めでも火災予防は必要。【選択肢ア】誤り。第1類ではない。【選択肢イ】誤り。裸火で確認してはならない。【選択肢ウ】誤り。漏えいは放置しない。【選択肢エ】誤り。管理不要ではない。【選択肢オ】正しい。火災予防として適切である。,重油は第三石油類であり、加熱、漏えい、火気に注意して取り扱う必要がある。【試験ポイント】重油は第三石油類で火気・漏えいに注意。【ひっかけ】引火点が高めでも火災予防は必要。【選択肢ア】誤り。第1類ではない。【選択肢イ】誤り。裸火で確認してはならない。【選択肢ウ】誤り。漏えいは放置しない。【選択肢エ】誤り。管理不要ではない。【選択肢オ】正しい。火災予防として適切,
294,single,火災・消火・漏えい,PF-082;PF-032;第三石油類;クレオソート油・アニリン・エチレングリコール;標準;網羅,クレオソート油の分類として、正しいものはどれか。,,,,,,アルコール類,第二石油類,動植物油類,第一石油類,第三石油類,5,クレオソート油は第三石油類に分類される代表例である。【試験ポイント】クレオソート油は第三石油類。【ひっかけ】石油類の代表物質を整理する。【選択肢ア】誤り。アルコール類ではない。【選択肢イ】誤り。第二石油類ではない。【選択肢ウ】誤り。動植物油類ではない。【選択肢エ】誤り。第一石油類ではない。【選択肢オ】正しい。第三石油類である。,1:（1）「アルコール類」は、単独の記述としては法令上妥当な場合がありますが、本問で選ぶべき正答は（5）「第三石油類」です。問題文の条件（クレオソート油の分類として、正しいものはどれか。…）と照らし、設問が問う論点に合う肢を選び直してください。;2:（2）「第二石油類」は、単独の記述としては法令上妥当な場合がありますが、本問で選ぶべき正答は（5）「第三石油類」です。問題文の条件（クレオソート油の分類として、正しいものはどれか。…）と照らし、設問が問う論点に合う肢を選び直してください。;3:（3）「動植物油類」は、単独の記述としては法令上妥当な場合がありますが、本問で選ぶべき正答は（5）「第三石油類」です。問題文の条件（クレオソート油の分類として、正しいものはどれか。…）と照らし、設問が問う論点に合う肢を選び直してください。;4:（4）「第一石油類」は、単独の記述としては法令上妥当な場合がありますが、本問で選ぶべき正答は（5）「第三石油類」です。問題文の条件（クレオソート油の分類として、正しいものはどれか。…）と照らし、設問が問う論点に合う肢を選び直してください。,クレオソート油は第三石油類に分類される代表例である。【試験ポイント】クレオソート油は第三石油類。【ひっかけ】石油類の代表物質を整理する。【選択肢ア】誤り。アルコール類ではない。【選択肢イ】誤り。第二石油類ではない。【選択肢ウ】誤り。動植物油類ではない。【選択肢エ】誤り。第一石油類ではない。【選択肢オ】正しい。第三石油類である。,クレオソート油は第三石油類に分類される代表例である。【試験ポイント】クレオソート油は第三石油類。【ひっかけ】石油類の代表物質を整理する。【選択肢ア】誤り。アルコール類ではない。【選択肢イ】誤り。第二石油類ではない。【選択肢ウ】誤り。動植物油類ではない。【選択肢エ】誤り。第一石油類ではない。【選択肢オ】正しい。第三石油類である。,
295,single,火災・消火・漏えい,PF-083;PF-033;第四石油類;第四石油類・潤滑油類;基礎;網羅,潤滑油について、正しいものはどれか。,,,,,,特殊引火物である。,アルコール類である。,第3類危険物である。,第四石油類に該当する代表例である。,動植物油類である。,4,潤滑油は第四石油類に該当する代表例である。【試験ポイント】潤滑油は第四石油類。【ひっかけ】重油や動植物油類と混同しない。【選択肢ア】誤り。特殊引火物ではない。【選択肢イ】誤り。アルコール類ではない。【選択肢ウ】誤り。第3類ではない。【選択肢エ】正しい。潤滑油は第四石油類である。【選択肢オ】誤り。動植物油類ではない。,1:（1）「特殊引火物である。」は、単独の記述としては法令上妥当な場合がありますが、本問で選ぶべき正答は（4）「第四石油類に該当する代表例である。」です。問題文の条件（潤滑油について、正しいものはどれか。…）と照らし、設問が問う論点に合う肢を選び直してください。;2:（2）「アルコール類である。」は、単独の記述としては法令上妥当な場合がありますが、本問で選ぶべき正答は（4）「第四石油類に該当する代表例である。」です。問題文の条件（潤滑油について、正しいものはどれか。…）と照らし、設問が問う論点に合う肢を選び直してください。;3:（3）「第3類危険物である。」は、単独の記述としては法令上妥当な場合がありますが、本問で選ぶべき正答は（4）「第四石油類に該当する代表例である。」です。問題文の条件（潤滑油について、正しいものはどれか。…）と照らし、設問が問う論点に合う肢を選び直してください。;5:（5）「動植物油類である。」は、単独の記述としては法令上妥当な場合がありますが、本問で選ぶべき正答は（4）「第四石油類に該当する代表例である。」です。問題文の条件（潤滑油について、正しいものはどれか。…）と照らし、設問が問う論点に合う肢を選び直してください。,潤滑油は第四石油類に該当する代表例である。,潤滑油は第四石油類に該当する代表例である。【試験ポイント】潤滑油は第四石油類。【ひっかけ】重油や動植物油類と混同しない。【選択肢ア】誤り。特殊引火物ではない。【選択肢イ】誤り。アルコール類ではない。【選択肢ウ】誤り。第3類ではない。【選択肢エ】正しい。潤滑油は第四石油類である。【選択肢オ】誤り。動植物油類ではない。,
296,single,火災・消火・漏えい,PF-084;PF-034;動植物油類;動植物油類の性質;標準;網羅,動植物油類の性質と指定数量について、正しいものはどれか。,,,,,,200 L,"1,000 L","動植物油類の指定数量は10,000 Lであり、油を含んだ布などの蓄熱にも注意する。",50 L,400 L,3,"動植物油類の指定数量は10,000 Lである。また、油を含んだ布などは酸化熱の蓄積により自然発火するおそれがあるため注意が必要である。【試験ポイント】動植物油類は10,000 L。油を含んだ布の蓄熱にも注意。【ひっかけ】指定数量だけでなく、自然発火の論点も問われる。【選択肢ア】誤り。200 Lは第1石油類の非水溶性液体である。【選択肢イ】誤り。1,000 Lは第2石油類の非水溶性液体である。【選択肢ウ】正しい。指定数量と自然発火の注意点を併せて押さえる。【選択肢エ】誤り。50 Lは特殊引火物である。【選択肢オ】誤り。400 Lはアルコール類などである。","1:（1）「200 L」は、単独の記述としては法令上妥当な場合がありますが、本問で選ぶべき正答は（3）「動植物油類の指定数量は10,000 Lであり、油を含んだ布などの蓄熱にも注意する。」です。問題文の条件（動植物油類の性質と指定数量について、正しいものはどれか。…）と照らし、設問が問う論点に合う肢を選び直してください。;2:（2）「1,000 L」は、単独の記述としては法令上妥当な場合がありますが、本問で選ぶべき正答は（3）「動植物油類の指定数量は10,000 Lであり、油を含んだ布などの蓄熱にも注意する。」です。問題文の条件（動植物油類の性質と指定数量について、正しいものはどれか。…）と照らし、設問が問う論点に合う肢を選び直してください。;4:（4）「50 L」は、単独の記述としては法令上妥当な場合がありますが、本問で選ぶべき正答は（3）「動植物油類の指定数量は10,000 Lであり、油を含んだ布などの蓄熱にも注意する。」です。問題文の条件（動植物油類の性質と指定数量について、正しいものはどれか。…）と照らし、設問が問う論点に合う肢を選び直してください。;5:（5）「400 L」は、単独の記述としては法令上妥当な場合がありますが、本問で選ぶべき正答は（3）「動植物油類の指定数量は10,000 Lであり、油を含んだ布などの蓄熱にも注意する。」です。問題文の条件（動植物油類の性質と指定数量について、正しいものはどれか。…）と照らし、設問が問う論点に合う肢を選び直してください。","動植物油類の指定数量は10,000 Lである。","動植物油類の指定数量は10,000 Lである。また、油を含んだ布などは酸化熱の蓄積により自然発火するおそれがあるため注意が必要である。【試験ポイント】動植物油類は10,000 L。油を含んだ布の蓄熱にも注意。【ひっかけ】指定数量だけでなく、自然発火の論点も問われる。【選択肢ア】誤り。200 Lは第1石油類の非水溶性液体である。【選択肢イ】誤り。1,000 L",
297,single,火災・消火・漏えい,PF-085;PF-035;動植物油類;乾性油・自然発火;標準;重点,乾性油を含んだ布が自然発火するおそれがある理由として、適切なものはどれか。,,,,,,酸化により発生した熱が蓄積することがあるため。,必ず酸素を大量に放出するため。,不燃性のため熱がまったく出ないため。,指定数量がゼロになるため。,必ず水と反応して水素を発生するため。,1,乾性油を含んだ布などは、酸化による発熱が蓄積して自然発火することがある。【試験ポイント】油を含んだ布は蓄熱に注意。【ひっかけ】火気がなくても自然発火の危険がある。【選択肢ア】正しい。酸化熱の蓄積が関係する。【選択肢イ】誤り。酸素放出性の説明ではない。【選択肢ウ】誤り。発熱することがある。【選択肢エ】誤り。指定数量はゼロにならない。【選択肢オ】誤り。禁水性物質の説明ではない。,2:（2）の内容は、正答（1）「酸化により発生した熱が蓄積することがあるため。」が示す論点とずれています。 解説の要点：乾性油を含んだ布などは、酸化による発熱が蓄積して自然発火することがある。【試験ポイント】油を含んだ布は蓄熱に注意。【ひっかけ】火気がなくても自然発火の危険がある。【選択肢ア】正しい。酸化熱の蓄積が関係する。【選択肢イ】誤り。酸素放出性の説明ではない。【選択肢ウ】誤り。発熱すること… 正答（1）との違いを確認し直してください。;3:解説では「乾性油を含んだ布などは、酸化による発熱が蓄積して自然発火することがある。」とある一方、（3）の記述はそれと矛盾します。 解説の要点：乾性油を含んだ布などは、酸化による発熱が蓄積して自然発火することがある。【試験ポイント】油を含んだ布は蓄熱に注意。【ひっかけ】火気がなくても自然発火の危険がある。【選択肢ア】正しい。酸化熱の蓄積が関係する。【選択肢イ】誤り。酸素放出性の説明ではない。【選択肢ウ】誤り。発熱すること… 正答（1）との違いを確認し直してください。;4:（4）「指定数量がゼロになるため。」は、単独の記述としては法令上妥当な場合がありますが、本問で選ぶべき正答は（1）「酸化により発生した熱が蓄積することがあるため。」です。問題文の条件（乾性油を含んだ布が自然発火するおそれがある理由として、適切なものはどれか。…）と照らし、設問が問う論点に合う肢を選び直してください。;5:（5）の内容は、正答（1）「酸化により発生した熱が蓄積することがあるため。」が示す論点とずれています。 解説の要点：乾性油を含んだ布などは、酸化による発熱が蓄積して自然発火することがある。【試験ポイント】油を含んだ布は蓄熱に注意。【ひっかけ】火気がなくても自然発火の危険がある。【選択肢ア】正しい。酸化熱の蓄積が関係する。【選択肢イ】誤り。酸素放出性の説明ではない。【選択肢ウ】誤り。発熱すること… 正答（1）との違いを確認し直してください。,乾性油を含んだ布などは、酸化による発熱が蓄積して自然発火することがある。【試験ポイント】油を含んだ布は蓄熱に注意。【ひっかけ】火気がなくても自然発火の危険がある。【選択肢ア】正しい。酸化熱の蓄積が関係する。【選択肢イ】誤り。酸素放出性の説明ではない。【選択肢ウ】誤り。発熱することがある。【選択肢エ】誤り。指定数量はゼロにならない。【選択肢オ】誤り。禁水性物質の説明ではない。,乾性油を含んだ布などは、酸化による発熱が蓄積して自然発火することがある。【試験ポイント】油を含んだ布は蓄熱に注意。【ひっかけ】火気がなくても自然発火の危険がある。【選択肢ア】正しい。酸化熱の蓄積が関係する。【選択肢イ】誤り。酸素放出性の説明ではない。【選択肢ウ】誤り。発熱することがある。【選択肢エ】誤り。指定数量はゼロにならない。【選択肢オ】誤り。禁水性物質,
298,single,火災・消火・漏えい,PF-086;PF-040;分類比較;水溶性・非水溶性の代表例;標準;重点,非水溶性の第4類危険物として、適切なものはどれか。,,,,,,ガソリン,エタノール,グリセリン,アセトン,メタノール,1,ガソリンは第1石油類の非水溶性液体として扱われる。アセトン、メタノール、エタノール、グリセリンは水溶性として整理される。【試験ポイント】ガソリンは非水溶性、アセトンは水溶性。【ひっかけ】水溶性・非水溶性の代表例を整理する。【選択肢ア】正しい。ガソリンは非水溶性液体である。【選択肢イ】誤り。エタノールは水溶性である。【選択肢ウ】誤り。グリセリンは水溶性液体である。【選択肢エ】誤り。アセトンは水溶性液体である。【選択肢オ】誤り。メタノールは水溶性である。,2:（2）「エタノール」は、単独の記述としては法令上妥当な場合がありますが、本問で選ぶべき正答は（1）「ガソリン」です。問題文の条件（非水溶性の第4類危険物として、適切なものはどれか。…）と照らし、設問が問う論点に合う肢を選び直してください。;3:（3）「グリセリン」は、単独の記述としては法令上妥当な場合がありますが、本問で選ぶべき正答は（1）「ガソリン」です。問題文の条件（非水溶性の第4類危険物として、適切なものはどれか。…）と照らし、設問が問う論点に合う肢を選び直してください。;4:（4）「アセトン」は、単独の記述としては法令上妥当な場合がありますが、本問で選ぶべき正答は（1）「ガソリン」です。問題文の条件（非水溶性の第4類危険物として、適切なものはどれか。…）と照らし、設問が問う論点に合う肢を選び直してください。;5:（5）「メタノール」は、単独の記述としては法令上妥当な場合がありますが、本問で選ぶべき正答は（1）「ガソリン」です。問題文の条件（非水溶性の第4類危険物として、適切なものはどれか。…）と照らし、設問が問う論点に合う肢を選び直してください。,ガソリンは第1石油類の非水溶性液体として扱われる。アセトン、メタノール、エタノール、グリセリンは水溶性として整理される。【試験ポイント】ガソリンは非水溶性、アセトンは水溶性。【ひっかけ】水溶性・非水溶性の代表例を整理する。【選択肢ア】正しい。ガソリンは非水溶性液体である。【選択肢イ】誤り。エタノールは水溶性である。【選択肢ウ】誤り。グリセリンは水溶性液体である。【選択肢エ】誤り。アセトンは水溶性液体である。【選択肢オ】誤り。メタノールは水溶性である。,ガソリンは第1石油類の非水溶性液体として扱われる。アセトン、メタノール、エタノール、グリセリンは水溶性として整理される。【試験ポイント】ガソリンは非水溶性、アセトンは水溶性。【ひっかけ】水溶性・非水溶性の代表例を整理する。【選択肢ア】正しい。ガソリンは非水溶性液体である。【選択肢イ】誤り。エタノールは水溶性である。【選択肢ウ】誤り。グリセリンは水溶性液体であ,
299,single,火災・消火・漏えい,PF-087;PF-042;火災予防;物質別の火災予防;標準;重点,アルコール類の火災で注意すべき点として、適切なものはどれか。,,,,,,必ず水より軽く、水面上でだけ燃える。,常に粉末消火剤は使用できない。,必ず第1類危険物として酸素放出だけに注意する。,水溶性液体のため、泡消火では耐アルコール泡などの適用を考慮する。,水に溶けるため、火災危険は一切ない。,4,アルコール類は水溶性液体であり、泡消火では通常の泡が破壊されやすいため、耐アルコール泡などの適用を考慮する。【試験ポイント】水溶性液体火災では耐アルコール泡を意識する。【ひっかけ】水溶性＝消火しやすい、とは限らない。【選択肢ア】誤り。水溶性であり、水面上だけで燃えるとは限らない。【選択肢イ】誤り。消火剤の適用は状況により判断する。【選択肢ウ】誤り。第1類ではない。【選択肢エ】正しい。水溶性液体火災の消火で重要である。【選択肢オ】誤り。水に溶けても引火危険がある。,1:（1）の内容は、正答（4）「水溶性液体のため、泡消火では耐アルコール泡などの適用を考慮する。」が示す論点とずれています。 解説の要点：アルコール類は水溶性液体であり、泡消火では通常の泡が破壊されやすいため、耐アルコール泡などの適用を考慮する。【試験ポイント】水溶性液体火災では耐アルコール泡を意識する。【ひっかけ】水溶性＝消火しやすい、とは限らない。【選択肢ア】誤り。水溶性であり、水面上だけで燃えるとは限らない。… 正答（4）との違いを確認し直してください。;2:解説では「水溶性液体火災の消火で重要である。」とある一方、（2）の記述はそれと矛盾します。 解説の要点：アルコール類は水溶性液体であり、泡消火では通常の泡が破壊されやすいため、耐アルコール泡などの適用を考慮する。【試験ポイント】水溶性液体火災では耐アルコール泡を意識する。【ひっかけ】水溶性＝消火しやすい、とは限らない。【選択肢ア】誤り。水溶性であり、水面上だけで燃えるとは限らない。… 正答（4）との違いを確認し直してください。;3:（3）の内容は、正答（4）「水溶性液体のため、泡消火では耐アルコール泡などの適用を考慮する。」が示す論点とずれています。 解説の要点：アルコール類は水溶性液体であり、泡消火では通常の泡が破壊されやすいため、耐アルコール泡などの適用を考慮する。【試験ポイント】水溶性液体火災では耐アルコール泡を意識する。【ひっかけ】水溶性＝消火しやすい、とは限らない。【選択肢ア】誤り。水溶性であり、水面上だけで燃えるとは限らない。… 正答（4）との違いを確認し直してください。;5:解説では「水溶性液体火災の消火で重要である。」とある一方、（5）の記述はそれと矛盾します。 解説の要点：アルコール類は水溶性液体であり、泡消火では通常の泡が破壊されやすいため、耐アルコール泡などの適用を考慮する。【試験ポイント】水溶性液体火災では耐アルコール泡を意識する。【ひっかけ】水溶性＝消火しやすい、とは限らない。【選択肢ア】誤り。水溶性であり、水面上だけで燃えるとは限らない。… 正答（4）との違いを確認し直してください。,アルコール類は水溶性液体であり、泡消火では通常の泡が破壊されやすいため、耐アルコール泡などの適用を考慮する。【試験ポイント】水溶性液体火災では耐アルコール泡を意識する。【ひっかけ】水溶性＝消火しやすい、とは限らない。【選択肢ア】誤り。水溶性であり、水面上だけで燃えるとは限らない。【選択肢イ】誤り。消火剤の適用は状況により判断する。【選択肢ウ】誤り。第1類ではない。【選択肢エ】正しい。水溶性液体火災の消火で重要である。【選択肢オ】誤り。水に溶けても引火危険がある。,アルコール類は水溶性液体であり、泡消火では通常の泡が破壊されやすいため、耐アルコール泡などの適用を考慮する。【試験ポイント】水溶性液体火災では耐アルコール泡を意識する。【ひっかけ】水溶性＝消火しやすい、とは限らない。【選択肢ア】誤り。水溶性であり、水面上だけで燃えるとは限らない。【選択肢イ】誤り。消火剤の適用は状況により判断する。【選択肢ウ】誤り。第1類では,
300,single,火災・消火・漏えい,PF-088;PF-046;総合問題;性消分野の複合問題;標準;総合,第4類危険物の性質・消火の学習で、特に区別すべきものはどれか。,,,,,,受験番号と試験会場,標識の色と会社名,免状写真と住所欄,販売価格と広告文,水溶性と非水溶性、液比重と蒸気比重、引火点と発火点,5,第4類危険物では、水溶性と非水溶性、液比重と蒸気比重、引火点と発火点などを区別することが重要である。【試験ポイント】性消分野は似た概念の区別が重要。【ひっかけ】言葉の雰囲気だけで判断しない。【選択肢ア】誤り。試験運営情報である。【選択肢イ】誤り。会社名は性消分野の中心ではない。【選択肢ウ】誤り。免状手続きの話である。【選択肢エ】誤り。性消分野の中心論点ではない。【選択肢オ】正しい。性消分野の重要な区別である。,1:（1）「受験番号と試験会場」は、単独の記述としては法令上妥当な場合がありますが、本問で選ぶべき正答は（5）「水溶性と非水溶性、液比重と蒸気比重、引火点と発火点」です。問題文の条件（第4類危険物の性質・消火の学習で、特に区別すべきものはどれか。…）と照らし、設問が問う論点に合う肢を選び直してください。;2:（2）「標識の色と会社名」は、単独の記述としては法令上妥当な場合がありますが、本問で選ぶべき正答は（5）「水溶性と非水溶性、液比重と蒸気比重、引火点と発火点」です。問題文の条件（第4類危険物の性質・消火の学習で、特に区別すべきものはどれか。…）と照らし、設問が問う論点に合う肢を選び直してください。;3:（3）「免状写真と住所欄」は、単独の記述としては法令上妥当な場合がありますが、本問で選ぶべき正答は（5）「水溶性と非水溶性、液比重と蒸気比重、引火点と発火点」です。問題文の条件（第4類危険物の性質・消火の学習で、特に区別すべきものはどれか。…）と照らし、設問が問う論点に合う肢を選び直してください。;4:（4）「販売価格と広告文」は、単独の記述としては法令上妥当な場合がありますが、本問で選ぶべき正答は（5）「水溶性と非水溶性、液比重と蒸気比重、引火点と発火点」です。問題文の条件（第4類危険物の性質・消火の学習で、特に区別すべきものはどれか。…）と照らし、設問が問う論点に合う肢を選び直してください。,第4類危険物では、水溶性と非水溶性、液比重と蒸気比重、引火点と発火点などを区別することが重要である。,第4類危険物では、水溶性と非水溶性、液比重と蒸気比重、引火点と発火点などを区別することが重要である。【試験ポイント】性消分野は似た概念の区別が重要。【ひっかけ】言葉の雰囲気だけで判断しない。【選択肢ア】誤り。試験運営情報である。【選択肢イ】誤り。会社名は性消分野の中心ではない。【選択肢ウ】誤り。免状手続きの話である。【選択肢エ】誤り。性消分野の中心論点ではな,
301,single,法令・制度,L-131;LAW-005;指定数量;第4類危険物の指定数量;標準;重点,特殊引火物と動植物油類の指定数量の正しい組合せはどれか。,,,,,,特殊引火物400 L、動植物油類50 L,特殊引火物200 L、動植物油類400 L,"特殊引火物10,000 L、動植物油類50 L","特殊引火物1,000 L、動植物油類2,000 L","特殊引火物50 L、動植物油類10,000 L",5,"特殊引火物の指定数量は50 L、動植物油類の指定数量は10,000 Lである。【試験ポイント】特殊引火物50 L、動植物油類10,000 L。【ひっかけ】最小級と最大級の指定数量を逆にしない。【選択肢ア】誤り。数値が逆ではない。【選択肢イ】誤り。特殊引火物は50 Lである。【選択肢ウ】誤り。特殊引火物と動植物油類が逆である。【選択肢エ】誤り。どちらも誤りである。【選択肢オ】正しい。組合せとして正しい。","1:（1）「特殊引火物400 L、動植物油類50 L」は、単独の記述としては法令上妥当な場合がありますが、本問で選ぶべき正答は（5）「特殊引火物50 L、動植物油類10,000 L」です。問題文の条件（特殊引火物と動植物油類の指定数量の正しい組合せはどれか。…）と照らし、設問が問う論点に合う肢を選び直してください。;2:（2）の内容は、正答（5）「特殊引火物50 L、動植物油類10,000 L」が示す論点とずれています。 解説の要点：特殊引火物の指定数量は50 L、動植物油類の指定数量は10,000 Lである。【試験ポイント】特殊引火物50 L、動植物油類10,000 L。【ひっかけ】最小級と最大級の指定数量を逆にしない。【選択肢ア】誤り。数値が逆ではない。【選択肢イ】誤り。特殊引火物は50 Lである。【選択… 正答（5）との違いを確認し直してください。;3:（3）の内容は、正答（5）「特殊引火物50 L、動植物油類10,000 L」が示す論点とずれています。 解説の要点：特殊引火物の指定数量は50 L、動植物油類の指定数量は10,000 Lである。【試験ポイント】特殊引火物50 L、動植物油類10,000 L。【ひっかけ】最小級と最大級の指定数量を逆にしない。【選択肢ア】誤り。数値が逆ではない。【選択肢イ】誤り。特殊引火物は50 Lである。【選択… 正答（5）との違いを確認し直してください。;4:（4）の内容は、正答（5）「特殊引火物50 L、動植物油類10,000 L」が示す論点とずれています。 解説の要点：特殊引火物の指定数量は50 L、動植物油類の指定数量は10,000 Lである。【試験ポイント】特殊引火物50 L、動植物油類10,000 L。【ひっかけ】最小級と最大級の指定数量を逆にしない。【選択肢ア】誤り。数値が逆ではない。【選択肢イ】誤り。特殊引火物は50 Lである。【選択… 正答（5）との違いを確認し直してください。","【試験ポイント】特殊引火物50 L、動植物油類10,000 L。","特殊引火物の指定数量は50 L、動植物油類の指定数量は10,000 Lである。【試験ポイント】特殊引火物50 L、動植物油類10,000 L。【ひっかけ】最小級と最大級の指定数量を逆にしない。【選択肢ア】誤り。数値が逆ではない。【選択肢イ】誤り。特殊引火物は50 Lである。【選択肢ウ】誤り。特殊引火物と動植物油類が逆である。【選択肢エ】誤り。どちらも誤りであ",
302,single,法令・制度,L-132;LAW-007;指定数量;指定数量の倍数計算;標準;重点,特殊引火物25 Lを貯蔵する場合、指定数量の倍数はどれか。ただし、特殊引火物の指定数量は50 Lとする。,,,,,,1.0倍,2.0倍,0.25倍,0.5倍,5.0倍,4,指定数量の倍数は数量÷指定数量で求める。25÷50＝0.5倍である。【試験ポイント】指定数量倍数＝数量÷指定数量。【ひっかけ】指定数量が小さい特殊引火物の計算に注意。【選択肢ア】誤り。50 Lなら1.0倍である。【選択肢イ】誤り。100 Lなら2.0倍である。【選択肢ウ】誤り。計算結果ではない。【選択肢エ】正しい。25÷50＝0.5倍である。【選択肢オ】誤り。計算結果ではない。,1:（1）「1.0倍」は、単独の記述としては法令上妥当な場合がありますが、本問で選ぶべき正答は（4）「0.5倍」です。問題文の条件（特殊引火物25 Lを貯蔵する場合、指定数量の倍数はどれか。ただし、特殊引火物の指定数量は50 L…）と照らし、設問が問う論点に合う肢を選び直してください。;2:（2）「2.0倍」は、単独の記述としては法令上妥当な場合がありますが、本問で選ぶべき正答は（4）「0.5倍」です。問題文の条件（特殊引火物25 Lを貯蔵する場合、指定数量の倍数はどれか。ただし、特殊引火物の指定数量は50 L…）と照らし、設問が問う論点に合う肢を選び直してください。;3:（3）「0.25倍」は、単独の記述としては法令上妥当な場合がありますが、本問で選ぶべき正答は（4）「0.5倍」です。問題文の条件（特殊引火物25 Lを貯蔵する場合、指定数量の倍数はどれか。ただし、特殊引火物の指定数量は50 L…）と照らし、設問が問う論点に合う肢を選び直してください。;5:（5）「5.0倍」は、単独の記述としては法令上妥当な場合がありますが、本問で選ぶべき正答は（4）「0.5倍」です。問題文の条件（特殊引火物25 Lを貯蔵する場合、指定数量の倍数はどれか。ただし、特殊引火物の指定数量は50 L…）と照らし、設問が問う論点に合う肢を選び直してください。,指定数量の倍数は数量÷指定数量で求める。25÷50＝0.5倍である。【試験ポイント】指定数量倍数＝数量÷指定数量。【ひっかけ】指定数量が小さい特殊引火物の計算に注意。【選択肢ア】誤り。50 Lなら1.0倍である。【選択肢イ】誤り。100 Lなら2.0倍である。【選択肢ウ】誤り。計算結果ではない。【選択肢エ】正しい。25÷50＝0.5倍である。【選択肢オ】誤り。計算結果ではない。,指定数量の倍数は数量÷指定数量で求める。25÷50＝0.5倍である。【試験ポイント】指定数量倍数＝数量÷指定数量。【ひっかけ】指定数量が小さい特殊引火物の計算に注意。【選択肢ア】誤り。50 Lなら1.0倍である。【選択肢イ】誤り。100 Lなら2.0倍である。【選択肢ウ】誤り。計算結果ではない。【選択肢エ】正しい。25÷50＝0.5倍である。【選択肢オ】誤り,
303,single,法令・制度,L-133;LAW-008;指定数量;複数危険物を扱う場合の倍数合算;標準;重点,ガソリン40 Lとエタノール80 Lを同一場所で貯蔵する場合、指定数量の倍数はどれか。ただし、ガソリン200 L、エタノール400 Lを指定数量とする。,,,,,,0.4倍,0.2倍,2.0倍,0.6倍,1.0倍,1,ガソリン40÷200＝0.2倍、エタノール80÷400＝0.2倍、合計0.4倍である。【試験ポイント】複数危険物はそれぞれ倍数を求めて合算する。【ひっかけ】単純なリットル合計で判断しない。【選択肢ア】正しい。0.2倍＋0.2倍＝0.4倍である。【選択肢イ】誤り。片方だけの倍数である。【選択肢ウ】誤り。計算結果ではない。【選択肢エ】誤り。合計は0.4倍である。【選択肢オ】誤り。計算結果ではない。,2:（2）「0.2倍」は、単独の記述としては法令上妥当な場合がありますが、本問で選ぶべき正答は（1）「0.4倍」です。問題文の条件（ガソリン40 Lとエタノール80 Lを同一場所で貯蔵する場合、指定数量の倍数はどれか。ただし、ガ…）と照らし、設問が問う論点に合う肢を選び直してください。;3:（3）「2.0倍」は、単独の記述としては法令上妥当な場合がありますが、本問で選ぶべき正答は（1）「0.4倍」です。問題文の条件（ガソリン40 Lとエタノール80 Lを同一場所で貯蔵する場合、指定数量の倍数はどれか。ただし、ガ…）と照らし、設問が問う論点に合う肢を選び直してください。;4:（4）「0.6倍」は、単独の記述としては法令上妥当な場合がありますが、本問で選ぶべき正答は（1）「0.4倍」です。問題文の条件（ガソリン40 Lとエタノール80 Lを同一場所で貯蔵する場合、指定数量の倍数はどれか。ただし、ガ…）と照らし、設問が問う論点に合う肢を選び直してください。;5:（5）「1.0倍」は、単独の記述としては法令上妥当な場合がありますが、本問で選ぶべき正答は（1）「0.4倍」です。問題文の条件（ガソリン40 Lとエタノール80 Lを同一場所で貯蔵する場合、指定数量の倍数はどれか。ただし、ガ…）と照らし、設問が問う論点に合う肢を選び直してください。,ガソリン40÷200＝0.2倍、エタノール80÷400＝0.2倍、合計0.4倍である。【試験ポイント】複数危険物はそれぞれ倍数を求めて合算する。【ひっかけ】単純なリットル合計で判断しない。【選択肢ア】正しい。0.2倍＋0.2倍＝0.4倍である。【選択肢イ】誤り。片方だけの倍数である。【選択肢ウ】誤り。計算結果ではない。【選択肢エ】誤り。合計は0.4倍である。【選択肢オ】誤り。計算結果ではない。,ガソリン40÷200＝0.2倍、エタノール80÷400＝0.2倍、合計0.4倍である。【試験ポイント】複数危険物はそれぞれ倍数を求めて合算する。【ひっかけ】単純なリットル合計で判断しない。【選択肢ア】正しい。0.2倍＋0.2倍＝0.4倍である。【選択肢イ】誤り。片方だけの倍数である。【選択肢ウ】誤り。計算結果ではない。【選択肢エ】誤り。合計は0.4倍である。,
304,single,法令・制度,L-134;LAW-014;許可;製造所等の設置許可;基礎;重点,施設の設置許可と危険物取扱者免状の関係について、正しいものはどれか。,,,,,,どちらも消火剤の種類である。,設置許可を受ければ免状は常に不要である。,どちらも危険物の指定数量である。,免状があれば施設の設置許可は常に不要である。,施設の設置許可と取扱者の免状は別の制度である。,5,製造所等の設置許可は施設に関する制度であり、危険物取扱者免状は人の資格に関する制度である。【試験ポイント】施設許可と人の資格を分けて理解する。【ひっかけ】免状があれば施設許可不要、とは考えない。【選択肢ア】誤り。消火剤ではない。【選択肢イ】誤り。施設許可と免状は別である。【選択肢ウ】誤り。指定数量ではない。【選択肢エ】誤り。免状と設置許可は別である。【選択肢オ】正しい。別の制度である。,1:（1）「どちらも消火剤の種類である。」は、単独の記述としては法令上妥当な場合がありますが、本問で選ぶべき正答は（5）「施設の設置許可と取扱者の免状は別の制度である。」です。問題文の条件（施設の設置許可と危険物取扱者免状の関係について、正しいものはどれか。…）と照らし、設問が問う論点に合う肢を選び直してください。;2:解説では「製造所等の設置許可は施設に関する制度であり、危険物取扱者免状は人の資格に関する制度である。」とある一方、（2）の記述はそれと矛盾します。 解説の要点：製造所等の設置許可は施設に関する制度であり、危険物取扱者免状は人の資格に関する制度である。【試験ポイント】施設許可と人の資格を分けて理解する。【ひっかけ】免状があれば施設許可不要、とは考えない。【選択肢ア】誤り。消火剤ではない。【選択肢イ】誤り。施設許可と免状は別である。【選択肢… 正答（5）との違いを確認し直してください。;3:（3）「どちらも危険物の指定数量である。」は、単独の記述としては法令上妥当な場合がありますが、本問で選ぶべき正答は（5）「施設の設置許可と取扱者の免状は別の制度である。」です。問題文の条件（施設の設置許可と危険物取扱者免状の関係について、正しいものはどれか。…）と照らし、設問が問う論点に合う肢を選び直してください。;4:解説では「製造所等の設置許可は施設に関する制度であり、危険物取扱者免状は人の資格に関する制度である。」とある一方、（4）の記述はそれと矛盾します。 解説の要点：製造所等の設置許可は施設に関する制度であり、危険物取扱者免状は人の資格に関する制度である。【試験ポイント】施設許可と人の資格を分けて理解する。【ひっかけ】免状があれば施設許可不要、とは考えない。【選択肢ア】誤り。消火剤ではない。【選択肢イ】誤り。施設許可と免状は別である。【選択肢… 正答（5）との違いを確認し直してください。,製造所等の設置許可は施設に関する制度であり、危険物取扱者免状は人の資格に関する制度である。【試験ポイント】施設許可と人の資格を分けて理解する。【ひっかけ】免状があれば施設許可不要、とは考えない。【選択肢ア】誤り。消火剤ではない。【選択肢イ】誤り。施設許可と免状は別である。【選択肢ウ】誤り。指定数量ではない。【選択肢エ】誤り。免状と設置許可は別である。【選択肢オ】正しい。別の制度である。,製造所等の設置許可は施設に関する制度であり、危険物取扱者免状は人の資格に関する制度である。【試験ポイント】施設許可と人の資格を分けて理解する。【ひっかけ】免状があれば施設許可不要、とは考えない。【選択肢ア】誤り。消火剤ではない。【選択肢イ】誤り。施設許可と免状は別である。【選択肢ウ】誤り。指定数量ではない。【選択肢エ】誤り。免状と設置許可は別である。【選択肢,
305,single,法令・制度,L-135;LAW-015;許可;製造所等の変更許可;標準;重点,製造所等の変更で、変更許可の対象として最も関係が深いものはどれか。,,,,,,危険物の販売広告の色だけの変更,位置、構造または設備の変更,危険物取扱者の昼食内容の変更,消火器メーカーの社名ロゴだけの変更,受験票の印刷位置の変更,2,製造所等の位置、構造または設備を変更する場合、変更許可が必要となる場合がある。【試験ポイント】変更許可は位置・構造・設備の変更で問題になる。【ひっかけ】軽微な一般変更と法令上の変更を混同しない。【選択肢ア】誤り。広告色だけの話ではない。【選択肢イ】正しい。変更許可の中心論点である。【選択肢ウ】誤り。法令上の施設変更ではない。【選択肢エ】誤り。社名ロゴだけではない。【選択肢オ】誤り。受験票とは関係ない。,1:（1）「危険物の販売広告の色だけの変更」は、単独の記述としては法令上妥当な場合がありますが、本問で選ぶべき正答は（2）「位置、構造または設備の変更」です。問題文の条件（製造所等の変更で、変更許可の対象として最も関係が深いものはどれか。…）と照らし、設問が問う論点に合う肢を選び直してください。;3:（3）「危険物取扱者の昼食内容の変更」は、単独の記述としては法令上妥当な場合がありますが、本問で選ぶべき正答は（2）「位置、構造または設備の変更」です。問題文の条件（製造所等の変更で、変更許可の対象として最も関係が深いものはどれか。…）と照らし、設問が問う論点に合う肢を選び直してください。;4:（4）「消火器メーカーの社名ロゴだけの変更」は、単独の記述としては法令上妥当な場合がありますが、本問で選ぶべき正答は（2）「位置、構造または設備の変更」です。問題文の条件（製造所等の変更で、変更許可の対象として最も関係が深いものはどれか。…）と照らし、設問が問う論点に合う肢を選び直してください。;5:（5）「受験票の印刷位置の変更」は、単独の記述としては法令上妥当な場合がありますが、本問で選ぶべき正答は（2）「位置、構造または設備の変更」です。問題文の条件（製造所等の変更で、変更許可の対象として最も関係が深いものはどれか。…）と照らし、設問が問う論点に合う肢を選び直してください。,製造所等の位置、構造または設備を変更する場合、変更許可が必要となる場合がある。【試験ポイント】変更許可は位置・構造・設備の変更で問題になる。【ひっかけ】軽微な一般変更と法令上の変更を混同しない。【選択肢ア】誤り。広告色だけの話ではない。【選択肢イ】正しい。変更許可の中心論点である。【選択肢ウ】誤り。法令上の施設変更ではない。【選択肢エ】誤り。社名ロゴだけではない。【選択肢オ】誤り。受験票とは関係ない。,製造所等の位置、構造または設備を変更する場合、変更許可が必要となる場合がある。【試験ポイント】変更許可は位置・構造・設備の変更で問題になる。【ひっかけ】軽微な一般変更と法令上の変更を混同しない。【選択肢ア】誤り。広告色だけの話ではない。【選択肢イ】正しい。変更許可の中心論点である。【選択肢ウ】誤り。法令上の施設変更ではない。【選択肢エ】誤り。社名ロゴだけでは,
306,single,法令・制度,L-136;LAW-016;検査;完成検査;標準;重点,完成検査を行う主な趣旨として、適切なものはどれか。,,,,,,危険物取扱者の年齢を確認するため。,危険物の味を確認するため。,危険物の販売価格を確認するため。,工事後の製造所等が法令基準に適合するか確認するため。,指定数量を自由に変更するため。,4,完成検査は、製造所等の設置または変更工事後に、施設が法令基準に適合しているか確認するための検査である。【試験ポイント】完成検査は施設の基準適合確認。【ひっかけ】試験や免状手続きと混同しない。【選択肢ア】誤り。年齢確認ではない。【選択肢イ】誤り。味を確認してはならない。【選択肢ウ】誤り。販売価格確認ではない。【選択肢エ】正しい。完成検査の趣旨である。【選択肢オ】誤り。指定数量は変更できない。,1:（1）「危険物取扱者の年齢を確認するため。」は、単独の記述としては法令上妥当な場合がありますが、本問で選ぶべき正答は（4）「工事後の製造所等が法令基準に適合するか確認するため。」です。問題文の条件（完成検査を行う主な趣旨として、適切なものはどれか。…）と照らし、設問が問う論点に合う肢を選び直してください。;2:（2）「危険物の味を確認するため。」は、単独の記述としては法令上妥当な場合がありますが、本問で選ぶべき正答は（4）「工事後の製造所等が法令基準に適合するか確認するため。」です。問題文の条件（完成検査を行う主な趣旨として、適切なものはどれか。…）と照らし、設問が問う論点に合う肢を選び直してください。;3:（3）「危険物の販売価格を確認するため。」は、単独の記述としては法令上妥当な場合がありますが、本問で選ぶべき正答は（4）「工事後の製造所等が法令基準に適合するか確認するため。」です。問題文の条件（完成検査を行う主な趣旨として、適切なものはどれか。…）と照らし、設問が問う論点に合う肢を選び直してください。;5:（5）「指定数量を自由に変更するため。」は、単独の記述としては法令上妥当な場合がありますが、本問で選ぶべき正答は（4）「工事後の製造所等が法令基準に適合するか確認するため。」です。問題文の条件（完成検査を行う主な趣旨として、適切なものはどれか。…）と照らし、設問が問う論点に合う肢を選び直してください。,完成検査は、製造所等の設置または変更工事後に、施設が法令基準に適合しているか確認するための検査である。【試験ポイント】完成検査は施設の基準適合確認。【ひっかけ】試験や免状手続きと混同しない。【選択肢ア】誤り。年齢確認ではない。【選択肢イ】誤り。味を確認してはならない。【選択肢ウ】誤り。販売価格確認ではない。【選択肢エ】正しい。完成検査の趣旨である。【選択肢オ】誤り。指定数量は変更できない。,完成検査は、製造所等の設置または変更工事後に、施設が法令基準に適合しているか確認するための検査である。【試験ポイント】完成検査は施設の基準適合確認。【ひっかけ】試験や免状手続きと混同しない。【選択肢ア】誤り。年齢確認ではない。【選択肢イ】誤り。味を確認してはならない。【選択肢ウ】誤り。販売価格確認ではない。【選択肢エ】正しい。完成検査の趣旨である。【選択肢オ,
307,single,法令・制度,L-137;LAW-017;検査;完成検査前検査;標準;網羅,完成検査前検査の対象として関係が深いものはどれか。,,,,,,危険物の味見記録,危険物取扱者の筆記試験答案,危険物の販売価格表,一定の液体危険物タンク,消火器の宣伝広告,4,完成検査前検査は、一定の液体危険物タンクなどについて問題となる検査である。【試験ポイント】完成検査前検査は一定のタンクで問題になる。【ひっかけ】完成検査との違いも押さえる。【選択肢ア】誤り。味見記録ではない。【選択肢イ】誤り。筆記試験答案ではない。【選択肢ウ】誤り。価格表ではない。【選択肢エ】正しい。一定のタンクが対象として問題になる。【選択肢オ】誤り。広告ではない。,1:（1）「危険物の味見記録」は、単独の記述としては法令上妥当な場合がありますが、本問で選ぶべき正答は（4）「一定の液体危険物タンク」です。問題文の条件（完成検査前検査の対象として関係が深いものはどれか。…）と照らし、設問が問う論点に合う肢を選び直してください。;2:（2）「危険物取扱者の筆記試験答案」は、単独の記述としては法令上妥当な場合がありますが、本問で選ぶべき正答は（4）「一定の液体危険物タンク」です。問題文の条件（完成検査前検査の対象として関係が深いものはどれか。…）と照らし、設問が問う論点に合う肢を選び直してください。;3:（3）「危険物の販売価格表」は、単独の記述としては法令上妥当な場合がありますが、本問で選ぶべき正答は（4）「一定の液体危険物タンク」です。問題文の条件（完成検査前検査の対象として関係が深いものはどれか。…）と照らし、設問が問う論点に合う肢を選び直してください。;5:（5）「消火器の宣伝広告」は、単独の記述としては法令上妥当な場合がありますが、本問で選ぶべき正答は（4）「一定の液体危険物タンク」です。問題文の条件（完成検査前検査の対象として関係が深いものはどれか。…）と照らし、設問が問う論点に合う肢を選び直してください。,完成検査前検査は、一定の液体危険物タンクなどについて問題となる検査である。,完成検査前検査は、一定の液体危険物タンクなどについて問題となる検査である。【試験ポイント】完成検査前検査は一定のタンクで問題になる。【ひっかけ】完成検査との違いも押さえる。【選択肢ア】誤り。味見記録ではない。【選択肢イ】誤り。筆記試験答案ではない。【選択肢ウ】誤り。価格表ではない。【選択肢エ】正しい。一定のタンクが対象として問題になる。【選択肢オ】誤り。広告,
308,single,法令・制度,L-138;LAW-020;届出;品名・数量・指定数量倍数の変更届出;標準;重点,製造所等で取り扱う危険物の数量変更について、正しいものはどれか。,,,,,,法令上、届出が必要となる場合がある。,数量変更届は危険物取扱者試験の答案である。,数量変更は常に何の手続きも不要である。,数量を変えると危険物ではなくなる。,第4類では数量変更の管理は不要である。,1,製造所等で貯蔵し、又は取り扱う危険物の数量を変更する場合、法令上、届出が必要となる場合がある。【試験ポイント】品名・数量・指定数量倍数の変更届出を押さえる。【ひっかけ】数量変更を軽視しない。【選択肢ア】正しい。数量変更は届出論点である。【選択肢イ】誤り。試験答案ではない。【選択肢ウ】誤り。手続きが必要な場合がある。【選択肢エ】誤り。危険物でなくなるわけではない。【選択肢オ】誤り。第4類でも関係する。,2:（2）の内容は、正答（1）「法令上、届出が必要となる場合がある。」が示す論点とずれています。 解説の要点：製造所等で貯蔵し、又は取り扱う危険物の数量を変更する場合、法令上、届出が必要となる場合がある。【試験ポイント】品名・数量・指定数量倍数の変更届出を押さえる。【ひっかけ】数量変更を軽視しない。【選択肢ア】正しい。数量変更は届出論点である。【選択肢イ】誤り。試験答案ではない。【選択肢… 正答（1）との違いを確認し直してください。;3:解説では「製造所等で貯蔵し、又は取り扱う危険物の数量を変更する場合、法令上、届出が必要となる場合がある。」とある一方、（3）の記述はそれと矛盾します。 解説の要点：製造所等で貯蔵し、又は取り扱う危険物の数量を変更する場合、法令上、届出が必要となる場合がある。【試験ポイント】品名・数量・指定数量倍数の変更届出を押さえる。【ひっかけ】数量変更を軽視しない。【選択肢ア】正しい。数量変更は届出論点である。【選択肢イ】誤り。試験答案ではない。【選択肢… 正答（1）との違いを確認し直してください。;4:（4）「数量を変えると危険物ではなくなる。」は、単独の記述としては法令上妥当な場合がありますが、本問で選ぶべき正答は（1）「法令上、届出が必要となる場合がある。」です。問題文の条件（製造所等で取り扱う危険物の数量変更について、正しいものはどれか。…）と照らし、設問が問う論点に合う肢を選び直してください。;5:解説では「製造所等で貯蔵し、又は取り扱う危険物の数量を変更する場合、法令上、届出が必要となる場合がある。」とある一方、（5）の記述はそれと矛盾します。 解説の要点：製造所等で貯蔵し、又は取り扱う危険物の数量を変更する場合、法令上、届出が必要となる場合がある。【試験ポイント】品名・数量・指定数量倍数の変更届出を押さえる。【ひっかけ】数量変更を軽視しない。【選択肢ア】正しい。数量変更は届出論点である。【選択肢イ】誤り。試験答案ではない。【選択肢… 正答（1）との違いを確認し直してください。,製造所等で貯蔵し、又は取り扱う危険物の数量を変更する場合、法令上、届出が必要となる場合がある。,製造所等で貯蔵し、又は取り扱う危険物の数量を変更する場合、法令上、届出が必要となる場合がある。【試験ポイント】品名・数量・指定数量倍数の変更届出を押さえる。【ひっかけ】数量変更を軽視しない。【選択肢ア】正しい。数量変更は届出論点である。【選択肢イ】誤り。試験答案ではない。【選択肢ウ】誤り。手続きが必要な場合がある。【選択肢エ】誤り。危険物でなくなるわけではな,
309,single,法令・制度,L-139;LAW-023;危険物取扱者;甲種・乙種・丙種の違い;標準;重点,甲種危険物取扱者の取扱範囲として、正しいものはどれか。,,,,,,指定数量の単位である。,すべての種類の危険物を取り扱うことができる。,消火設備の種類である。,第4類危険物だけを取り扱う資格である。,危険物を一切取り扱えない資格である。,2,甲種危険物取扱者は、すべての種類の危険物を取り扱うことができる。【試験ポイント】甲種は全類、乙種は指定された類。【ひっかけ】甲種と乙4を混同しない。【選択肢ア】誤り。指定数量の単位ではない。【選択肢イ】正しい。甲種は全類が対象である。【選択肢ウ】誤り。消火設備ではない。【選択肢エ】誤り。第4類だけではない。【選択肢オ】誤り。危険物を扱える資格である。,1:（1）「指定数量の単位である。」は、単独の記述としては法令上妥当な場合がありますが、本問で選ぶべき正答は（2）「すべての種類の危険物を取り扱うことができる。」です。問題文の条件（甲種危険物取扱者の取扱範囲として、正しいものはどれか。…）と照らし、設問が問う論点に合う肢を選び直してください。;3:（3）「消火設備の種類である。」は、単独の記述としては法令上妥当な場合がありますが、本問で選ぶべき正答は（2）「すべての種類の危険物を取り扱うことができる。」です。問題文の条件（甲種危険物取扱者の取扱範囲として、正しいものはどれか。…）と照らし、設問が問う論点に合う肢を選び直してください。;4:（4）の内容は、正答（2）「すべての種類の危険物を取り扱うことができる。」が示す論点とずれています。 解説の要点：甲種危険物取扱者は、すべての種類の危険物を取り扱うことができる。【試験ポイント】甲種は全類、乙種は指定された類。【ひっかけ】甲種と乙4を混同しない。【選択肢ア】誤り。指定数量の単位ではない。【選択肢イ】正しい。甲種は全類が対象である。【選択肢ウ】誤り。消火設備ではない。【選択肢エ… 正答（2）との違いを確認し直してください。;5:（5）「危険物を一切取り扱えない資格である。」は、単独の記述としては法令上妥当な場合がありますが、本問で選ぶべき正答は（2）「すべての種類の危険物を取り扱うことができる。」です。問題文の条件（甲種危険物取扱者の取扱範囲として、正しいものはどれか。…）と照らし、設問が問う論点に合う肢を選び直してください。,甲種危険物取扱者は、すべての種類の危険物を取り扱うことができる。,甲種危険物取扱者は、すべての種類の危険物を取り扱うことができる。【試験ポイント】甲種は全類、乙種は指定された類。【ひっかけ】甲種と乙4を混同しない。【選択肢ア】誤り。指定数量の単位ではない。【選択肢イ】正しい。甲種は全類が対象である。【選択肢ウ】誤り。消火設備ではない。【選択肢エ】誤り。第4類だけではない。【選択肢オ】誤り。危険物を扱える資格である。,
310,single,法令・制度,L-140;LAW-024;免状;免状の交付・書換え・再交付;基礎;網羅,免状の再交付が問題となる事例として、正しいものはどれか。,,,,,,消火器を購入した場合。,危険物施設を見学した場合。,免状を亡失または損傷した場合。,ガソリンの価格が変わった場合。,指定数量を超えた場合は必ず再交付。,3,免状を亡失または損傷した場合、再交付が問題となる。【試験ポイント】亡失・損傷時は再交付。【ひっかけ】書換えと再交付を区別する。【選択肢ア】誤り。消火器購入とは関係ない。【選択肢イ】誤り。見学では再交付不要である。【選択肢ウ】正しい。再交付が問題となる場合である。【選択肢エ】誤り。価格変更とは関係ない。【選択肢オ】誤り。指定数量超過だけで再交付になるわけではない。,1:（1）「消火器を購入した場合。」は、単独の記述としては法令上妥当な場合がありますが、本問で選ぶべき正答は（3）「免状を亡失または損傷した場合。」です。問題文の条件（免状の再交付が問題となる事例として、正しいものはどれか。…）と照らし、設問が問う論点に合う肢を選び直してください。;2:（2）「危険物施設を見学した場合。」は、単独の記述としては法令上妥当な場合がありますが、本問で選ぶべき正答は（3）「免状を亡失または損傷した場合。」です。問題文の条件（免状の再交付が問題となる事例として、正しいものはどれか。…）と照らし、設問が問う論点に合う肢を選び直してください。;4:（4）「ガソリンの価格が変わった場合。」は、単独の記述としては法令上妥当な場合がありますが、本問で選ぶべき正答は（3）「免状を亡失または損傷した場合。」です。問題文の条件（免状の再交付が問題となる事例として、正しいものはどれか。…）と照らし、設問が問う論点に合う肢を選び直してください。;5:（5）「指定数量を超えた場合は必ず再交付。」は、単独の記述としては法令上妥当な場合がありますが、本問で選ぶべき正答は（3）「免状を亡失または損傷した場合。」です。問題文の条件（免状の再交付が問題となる事例として、正しいものはどれか。…）と照らし、設問が問う論点に合う肢を選び直してください。,免状を亡失または損傷した場合、再交付が問題となる。【試験ポイント】亡失・損傷時は再交付。【ひっかけ】書換えと再交付を区別する。【選択肢ア】誤り。消火器購入とは関係ない。【選択肢イ】誤り。見学では再交付不要である。【選択肢ウ】正しい。再交付が問題となる場合である。【選択肢エ】誤り。価格変更とは関係ない。【選択肢オ】誤り。指定数量超過だけで再交付になるわけではない。,免状を亡失または損傷した場合、再交付が問題となる。【試験ポイント】亡失・損傷時は再交付。【ひっかけ】書換えと再交付を区別する。【選択肢ア】誤り。消火器購入とは関係ない。【選択肢イ】誤り。見学では再交付不要である。【選択肢ウ】正しい。再交付が問題となる場合である。【選択肢エ】誤り。価格変更とは関係ない。【選択肢オ】誤り。指定数量超過だけで再交付になるわけではな,
311,single,法令・制度,L-141;LAW-025;保安講習;保安講習の対象・時期;標準;重点,免状取得後の保安講習について、正しいものはどれか。,,,,,,取扱作業に従事する場合は保安講習が必要となる場合がある。,保安講習は指定数量の別名である。,保安講習は危険物の品名である。,保安講習は免状の写真撮影だけである。,免状を取得すると保安講習制度は消滅する。,1,危険物取扱者免状を取得した後も、危険物の取扱作業に従事する場合は保安講習が必要となる場合がある。【試験ポイント】免状取得後も保安講習がある。【ひっかけ】資格取得で保安教育が終わるわけではない。【選択肢ア】正しい。免状取得後も講習が関係する。【選択肢イ】誤り。指定数量ではない。【選択肢ウ】誤り。品名ではない。【選択肢エ】誤り。写真撮影だけではない。【選択肢オ】誤り。講習制度は存在する。,2:（2）「保安講習は指定数量の別名である。」は、単独の記述としては法令上妥当な場合がありますが、本問で選ぶべき正答は（1）「取扱作業に従事する場合は保安講習が必要となる場合がある。」です。問題文の条件（免状取得後の保安講習について、正しいものはどれか。…）と照らし、設問が問う論点に合う肢を選び直してください。;3:（3）「保安講習は危険物の品名である。」は、単独の記述としては法令上妥当な場合がありますが、本問で選ぶべき正答は（1）「取扱作業に従事する場合は保安講習が必要となる場合がある。」です。問題文の条件（免状取得後の保安講習について、正しいものはどれか。…）と照らし、設問が問う論点に合う肢を選び直してください。;4:（4）「保安講習は免状の写真撮影だけである。」は、単独の記述としては法令上妥当な場合がありますが、本問で選ぶべき正答は（1）「取扱作業に従事する場合は保安講習が必要となる場合がある。」です。問題文の条件（免状取得後の保安講習について、正しいものはどれか。…）と照らし、設問が問う論点に合う肢を選び直してください。;5:（5）の内容は、正答（1）「取扱作業に従事する場合は保安講習が必要となる場合がある。」が示す論点とずれています。 解説の要点：危険物取扱者免状を取得した後も、危険物の取扱作業に従事する場合は保安講習が必要となる場合がある。【試験ポイント】免状取得後も保安講習がある。【ひっかけ】資格取得で保安教育が終わるわけではない。【選択肢ア】正しい。免状取得後も講習が関係する。【選択肢イ】誤り。指定数量ではない。【選… 正答（1）との違いを確認し直してください。,危険物取扱者免状を取得した後も、危険物の取扱作業に従事する場合は保安講習が必要となる場合がある。,危険物取扱者免状を取得した後も、危険物の取扱作業に従事する場合は保安講習が必要となる場合がある。【試験ポイント】免状取得後も保安講習がある。【ひっかけ】資格取得で保安教育が終わるわけではない。【選択肢ア】正しい。免状取得後も講習が関係する。【選択肢イ】誤り。指定数量ではない。【選択肢ウ】誤り。品名ではない。【選択肢エ】誤り。写真撮影だけではない。【選択肢オ】,
312,single,法令・制度,L-142;LAW-031;予防規程;予防規程の作成・認可;標準;重点,予防規程について、誤っている説明はどれか。,,,,,,施設の安全管理ルールとして重要である。,火災予防や保安管理に関係する。,危険物取扱者試験の問題集の名称である。,第4類危険物施設でも関係し得る。,一定の製造所等で定める必要がある場合がある。,3,予防規程は試験問題集の名称ではなく、一定の製造所等における火災予防や保安管理に関する規程である。【試験ポイント】予防規程は施設の保安管理ルール。【ひっかけ】試験教材と混同しない。【選択肢ア】正しい。施設の安全管理ルールである。【選択肢イ】正しい。火災予防や保安管理に関係する。【選択肢ウ】誤り。試験問題集ではない。【選択肢エ】正しい。第4類危険物施設でも関係し得る。【選択肢オ】正しい。一定施設で必要となる場合がある。,1:（1）の内容は、正答（3）「危険物取扱者試験の問題集の名称である。」が示す論点とずれています。 解説の要点：予防規程は試験問題集の名称ではなく、一定の製造所等における火災予防や保安管理に関する規程である。【試験ポイント】予防規程は施設の保安管理ルール。【ひっかけ】試験教材と混同しない。【選択肢ア】正しい。施設の安全管理ルールである。【選択肢イ】正しい。火災予防や保安管理に関係する。【選… 正答（3）との違いを確認し直してください。;2:（2）「火災予防や保安管理に関係する。」は、単独の記述としては法令上妥当な場合がありますが、本問で選ぶべき正答は（3）「危険物取扱者試験の問題集の名称である。」です。問題文の条件（予防規程について、誤っている説明はどれか。…）と照らし、設問が問う論点に合う肢を選び直してください。;4:（4）「第4類危険物施設でも関係し得る。」は、単独の記述としては法令上妥当な場合がありますが、本問で選ぶべき正答は（3）「危険物取扱者試験の問題集の名称である。」です。問題文の条件（予防規程について、誤っている説明はどれか。…）と照らし、設問が問う論点に合う肢を選び直してください。;5:（5）の内容は、正答（3）「危険物取扱者試験の問題集の名称である。」が示す論点とずれています。 解説の要点：予防規程は試験問題集の名称ではなく、一定の製造所等における火災予防や保安管理に関する規程である。【試験ポイント】予防規程は施設の保安管理ルール。【ひっかけ】試験教材と混同しない。【選択肢ア】正しい。施設の安全管理ルールである。【選択肢イ】正しい。火災予防や保安管理に関係する。【選… 正答（3）との違いを確認し直してください。,予防規程は試験問題集の名称ではなく、一定の製造所等における火災予防や保安管理に関する規程である。【試験ポイント】予防規程は施設の保安管理ルール。【ひっかけ】試験教材と混同しない。【選択肢ア】正しい。施設の安全管理ルールである。【選択肢イ】正しい。火災予防や保安管理に関係する。【選択肢ウ】誤り。試験問題集ではない。【選択肢エ】正しい。第4類危険物施設でも関係し得る。【選択肢オ】正しい。一定施設で必要となる場合がある。,予防規程は試験問題集の名称ではなく、一定の製造所等における火災予防や保安管理に関する規程である。【試験ポイント】予防規程は施設の保安管理ルール。【ひっかけ】試験教材と混同しない。【選択肢ア】正しい。施設の安全管理ルールである。【選択肢イ】正しい。火災予防や保安管理に関係する。【選択肢ウ】誤り。試験問題集ではない。【選択肢エ】正しい。第4類危険物施設でも関係し,
313,single,法令・制度,L-143;LAW-032;定期点検;定期点検が必要な施設;標準;重点,完成検査と定期点検の説明として、正しいものはどれか。,,,,,,完成検査は工事後の確認、定期点検は使用中の維持管理確認に関係する。,どちらも消火器購入時のレシートである。,どちらも指定数量を自由に変える手続きである。,どちらも危険物取扱者試験の採点制度である。,どちらも危険物の味を確認する検査である。,1,完成検査は設置・変更工事後の確認、定期点検は使用中の施設の維持管理状態の確認に関係する。【試験ポイント】完成検査と定期点検を区別する。【ひっかけ】検査・点検の目的を整理する。【選択肢ア】正しい。違いとして妥当である。【選択肢イ】誤り。レシートではない。【選択肢ウ】誤り。指定数量は変えられない。【選択肢エ】誤り。試験採点ではない。【選択肢オ】誤り。味を確認する検査ではない。,2:（2）の内容は、正答（1）「完成検査は工事後の確認、定期点検は使用中の維持管理確認に関係する。」が示す論点とずれています。 解説の要点：完成検査は設置・変更工事後の確認、定期点検は使用中の施設の維持管理状態の確認に関係する。【試験ポイント】完成検査と定期点検を区別する。【ひっかけ】検査・点検の目的を整理する。【選択肢ア】正しい。違いとして妥当である。【選択肢イ】誤り。レシートではない。【選択肢ウ】誤り。指定数量は… 正答（1）との違いを確認し直してください。;3:（3）の内容は、正答（1）「完成検査は工事後の確認、定期点検は使用中の維持管理確認に関係する。」が示す論点とずれています。 解説の要点：完成検査は設置・変更工事後の確認、定期点検は使用中の施設の維持管理状態の確認に関係する。【試験ポイント】完成検査と定期点検を区別する。【ひっかけ】検査・点検の目的を整理する。【選択肢ア】正しい。違いとして妥当である。【選択肢イ】誤り。レシートではない。【選択肢ウ】誤り。指定数量は… 正答（1）との違いを確認し直してください。;4:（4）の内容は、正答（1）「完成検査は工事後の確認、定期点検は使用中の維持管理確認に関係する。」が示す論点とずれています。 解説の要点：完成検査は設置・変更工事後の確認、定期点検は使用中の施設の維持管理状態の確認に関係する。【試験ポイント】完成検査と定期点検を区別する。【ひっかけ】検査・点検の目的を整理する。【選択肢ア】正しい。違いとして妥当である。【選択肢イ】誤り。レシートではない。【選択肢ウ】誤り。指定数量は… 正答（1）との違いを確認し直してください。;5:（5）の内容は、正答（1）「完成検査は工事後の確認、定期点検は使用中の維持管理確認に関係する。」が示す論点とずれています。 解説の要点：完成検査は設置・変更工事後の確認、定期点検は使用中の施設の維持管理状態の確認に関係する。【試験ポイント】完成検査と定期点検を区別する。【ひっかけ】検査・点検の目的を整理する。【選択肢ア】正しい。違いとして妥当である。【選択肢イ】誤り。レシートではない。【選択肢ウ】誤り。指定数量は… 正答（1）との違いを確認し直してください。,完成検査は設置・変更工事後の確認、定期点検は使用中の施設の維持管理状態の確認に関係する。【試験ポイント】完成検査と定期点検を区別する。【ひっかけ】検査・点検の目的を整理する。【選択肢ア】正しい。違いとして妥当である。【選択肢イ】誤り。レシートではない。【選択肢ウ】誤り。指定数量は変えられない。【選択肢エ】誤り。試験採点ではない。【選択肢オ】誤り。味を確認する検査ではない。,完成検査は設置・変更工事後の確認、定期点検は使用中の施設の維持管理状態の確認に関係する。【試験ポイント】完成検査と定期点検を区別する。【ひっかけ】検査・点検の目的を整理する。【選択肢ア】正しい。違いとして妥当である。【選択肢イ】誤り。レシートではない。【選択肢ウ】誤り。指定数量は変えられない。【選択肢エ】誤り。試験採点ではない。【選択肢オ】誤り。味を確認する,
314,single,法令・制度,L-144;LAW-037;位置の基準;保安距離;標準;重点,保安距離と保有空地の整理として、正しいものはどれか。,,,,,,どちらも消火剤の名称である。,どちらも指定数量の単位である。,どちらも危険物取扱者免状の種類である。,保安距離は周囲の保安対象物との距離、保有空地は施設周囲に確保する空地である。,どちらも危険物の販売価格である。,4,保安距離は周囲の保安対象物との距離、保有空地は施設周囲に確保する空地であり、目的や位置づけが異なる。【試験ポイント】保安距離と保有空地を区別する。【ひっかけ】どちらも距離・空間に関するため混同しやすい。【選択肢ア】誤り。消火剤ではない。【選択肢イ】誤り。指定数量の単位ではない。【選択肢ウ】誤り。免状の種類ではない。【選択肢エ】正しい。違いとして妥当である。【選択肢オ】誤り。販売価格ではない。,1:（1）「どちらも消火剤の名称である。」は、単独の記述としては法令上妥当な場合がありますが、本問で選ぶべき正答は（4）「保安距離は周囲の保安対象物との距離、保有空地は施設周囲に確保する空地である。」です。問題文の条件（保安距離と保有空地の整理として、正しいものはどれか。…）と照らし、設問が問う論点に合う肢を選び直してください。;2:（2）「どちらも指定数量の単位である。」は、単独の記述としては法令上妥当な場合がありますが、本問で選ぶべき正答は（4）「保安距離は周囲の保安対象物との距離、保有空地は施設周囲に確保する空地である。」です。問題文の条件（保安距離と保有空地の整理として、正しいものはどれか。…）と照らし、設問が問う論点に合う肢を選び直してください。;3:（3）の内容は、正答（4）「保安距離は周囲の保安対象物との距離、保有空地は施設周囲に確保する空地である。」が示す論点とずれています。 解説の要点：保安距離は周囲の保安対象物との距離、保有空地は施設周囲に確保する空地であり、目的や位置づけが異なる。【試験ポイント】保安距離と保有空地を区別する。【ひっかけ】どちらも距離・空間に関するため混同しやすい。【選択肢ア】誤り。消火剤ではない。【選択肢イ】誤り。指定数量の単位ではない。【… 正答（4）との違いを確認し直してください。;5:（5）「どちらも危険物の販売価格である。」は、単独の記述としては法令上妥当な場合がありますが、本問で選ぶべき正答は（4）「保安距離は周囲の保安対象物との距離、保有空地は施設周囲に確保する空地である。」です。問題文の条件（保安距離と保有空地の整理として、正しいものはどれか。…）と照らし、設問が問う論点に合う肢を選び直してください。,保安距離は周囲の保安対象物との距離、保有空地は施設周囲に確保する空地であり、目的や位置づけが異なる。,保安距離は周囲の保安対象物との距離、保有空地は施設周囲に確保する空地であり、目的や位置づけが異なる。【試験ポイント】保安距離と保有空地を区別する。【ひっかけ】どちらも距離・空間に関するため混同しやすい。【選択肢ア】誤り。消火剤ではない。【選択肢イ】誤り。指定数量の単位ではない。【選択肢ウ】誤り。免状の種類ではない。【選択肢エ】正しい。違いとして妥当である。【,
315,single,法令・制度,L-145;LAW-039;標識・掲示板;標識・掲示板の設置;基礎;重点,標識・掲示板の役割として、適切なものはどれか。,,,,,,危険物を不燃性に変える効果がある。,指定数量を自動で減らす効果がある。,危険物施設であることや注意事項を示す役割がある。,設置すれば施設の許可は常に不要になる。,危険物取扱者試験の合格証である。,3,標識・掲示板は、危険物施設であることや危険物の性質、注意事項を示す役割がある。【試験ポイント】標識・掲示板は注意喚起と識別のため。【ひっかけ】掲示があれば他の義務が不要になるわけではない。【選択肢ア】誤り。不燃性に変えない。【選択肢イ】誤り。指定数量は減らない。【選択肢ウ】正しい。標識・掲示板の役割である。【選択肢エ】誤り。許可が不要になるわけではない。【選択肢オ】誤り。合格証ではない。,1:（1）「危険物を不燃性に変える効果がある。」は、単独の記述としては法令上妥当な場合がありますが、本問で選ぶべき正答は（3）「危険物施設であることや注意事項を示す役割がある。」です。問題文の条件（標識・掲示板の役割として、適切なものはどれか。…）と照らし、設問が問う論点に合う肢を選び直してください。;2:（2）「指定数量を自動で減らす効果がある。」は、単独の記述としては法令上妥当な場合がありますが、本問で選ぶべき正答は（3）「危険物施設であることや注意事項を示す役割がある。」です。問題文の条件（標識・掲示板の役割として、適切なものはどれか。…）と照らし、設問が問う論点に合う肢を選び直してください。;4:解説では「標識・掲示板は、危険物施設であることや危険物の性質、注意事項を示す役割がある。」とある一方、（4）の記述はそれと矛盾します。 解説の要点：標識・掲示板は、危険物施設であることや危険物の性質、注意事項を示す役割がある。【試験ポイント】標識・掲示板は注意喚起と識別のため。【ひっかけ】掲示があれば他の義務が不要になるわけではない。【選択肢ア】誤り。不燃性に変えない。【選択肢イ】誤り。指定数量は減らない。【選択肢ウ】正しい… 正答（3）との違いを確認し直してください。;5:（5）「危険物取扱者試験の合格証である。」は、単独の記述としては法令上妥当な場合がありますが、本問で選ぶべき正答は（3）「危険物施設であることや注意事項を示す役割がある。」です。問題文の条件（標識・掲示板の役割として、適切なものはどれか。…）と照らし、設問が問う論点に合う肢を選び直してください。,標識・掲示板は、危険物施設であることや危険物の性質、注意事項を示す役割がある。【試験ポイント】標識・掲示板は注意喚起と識別のため。【ひっかけ】掲示があれば他の義務が不要になるわけではない。【選択肢ア】誤り。不燃性に変えない。【選択肢イ】誤り。指定数量は減らない。【選択肢ウ】正しい。標識・掲示板の役割である。【選択肢エ】誤り。許可が不要になるわけではない。【選択肢オ】誤り。合格証ではない。,標識・掲示板は、危険物施設であることや危険物の性質、注意事項を示す役割がある。【試験ポイント】標識・掲示板は注意喚起と識別のため。【ひっかけ】掲示があれば他の義務が不要になるわけではない。【選択肢ア】誤り。不燃性に変えない。【選択肢イ】誤り。指定数量は減らない。【選択肢ウ】正しい。標識・掲示板の役割である。【選択肢エ】誤り。許可が不要になるわけではない。【選,
316,single,法令・制度,L-146;LAW-055;運搬;運搬容器・収納・積載方法;標準;重点,危険物の積載方法として、適切な説明はどれか。,,,,,,容器を破損させやすいように積載する。,漏えいしやすいように積載する。,転倒、落下、破損、漏れを防ぐように積載する。,道路へ流しながら積載する。,火気の上に積載する。,3,危険物の運搬では、容器の転倒、落下、破損、漏れを防ぐように積載する必要がある。【試験ポイント】運搬では転倒・落下・破損・漏えいを防ぐ。【ひっかけ】運搬中の容器管理を軽視しない。【選択肢ア】誤り。破損を防ぐ必要がある。【選択肢イ】誤り。漏えいを防ぐ必要がある。【選択肢ウ】正しい。運搬時の基本である。【選択肢エ】誤り。道路へ流してはならない。【選択肢オ】誤り。火気は危険である。,1:（1）「容器を破損させやすいように積載する。」は、単独の記述としては法令上妥当な場合がありますが、本問で選ぶべき正答は（3）「転倒、落下、破損、漏れを防ぐように積載する。」です。問題文の条件（危険物の積載方法として、適切な説明はどれか。…）と照らし、設問が問う論点に合う肢を選び直してください。;2:（2）「漏えいしやすいように積載する。」は、単独の記述としては法令上妥当な場合がありますが、本問で選ぶべき正答は（3）「転倒、落下、破損、漏れを防ぐように積載する。」です。問題文の条件（危険物の積載方法として、適切な説明はどれか。…）と照らし、設問が問う論点に合う肢を選び直してください。;4:（4）「道路へ流しながら積載する。」は、単独の記述としては法令上妥当な場合がありますが、本問で選ぶべき正答は（3）「転倒、落下、破損、漏れを防ぐように積載する。」です。問題文の条件（危険物の積載方法として、適切な説明はどれか。…）と照らし、設問が問う論点に合う肢を選び直してください。;5:（5）「火気の上に積載する。」は、単独の記述としては法令上妥当な場合がありますが、本問で選ぶべき正答は（3）「転倒、落下、破損、漏れを防ぐように積載する。」です。問題文の条件（危険物の積載方法として、適切な説明はどれか。…）と照らし、設問が問う論点に合う肢を選び直してください。,危険物の運搬では、容器の転倒、落下、破損、漏れを防ぐように積載する必要がある。,危険物の運搬では、容器の転倒、落下、破損、漏れを防ぐように積載する必要がある。【試験ポイント】運搬では転倒・落下・破損・漏えいを防ぐ。【ひっかけ】運搬中の容器管理を軽視しない。【選択肢ア】誤り。破損を防ぐ必要がある。【選択肢イ】誤り。漏えいを防ぐ必要がある。【選択肢ウ】正しい。運搬時の基本である。【選択肢エ】誤り。道路へ流してはならない。【選択肢オ】誤り。火,
317,single,法令・制度,L-147;LAW-056;運搬;運搬時の表示・混載制限;標準;重点,危険物運搬時の表示に関する説明として、正しいものはどれか。,,,,,,表示は危険物の味を示すためのものである。,表示は指定数量を自由に変えるためのものである。,表示をすれば容器から漏れても問題ない。,表示は危険物取扱者免状の代わりになる。,危険物の種類や数量等に応じた表示が求められる場合がある。,5,危険物の運搬では、危険物の種類や数量等に応じて表示が求められる場合がある。【試験ポイント】運搬では表示も重要。【ひっかけ】表示だけで安全確保が完了するわけではない。【選択肢ア】誤り。味を示すものではない。【選択肢イ】誤り。指定数量は変えられない。【選択肢ウ】誤り。漏えいは防止しなければならない。【選択肢エ】誤り。免状の代わりではない。【選択肢オ】正しい。表示が必要となる場合がある。,1:（1）の内容は、正答（5）「危険物の種類や数量等に応じた表示が求められる場合がある。」が示す論点とずれています。 解説の要点：危険物の運搬では、危険物の種類や数量等に応じて表示が求められる場合がある。【試験ポイント】運搬では表示も重要。【ひっかけ】表示だけで安全確保が完了するわけではない。【選択肢ア】誤り。味を示すものではない。【選択肢イ】誤り。指定数量は変えられない。【選択肢ウ】誤り。漏えいは防止しな… 正答（5）との違いを確認し直してください。;2:（2）の内容は、正答（5）「危険物の種類や数量等に応じた表示が求められる場合がある。」が示す論点とずれています。 解説の要点：危険物の運搬では、危険物の種類や数量等に応じて表示が求められる場合がある。【試験ポイント】運搬では表示も重要。【ひっかけ】表示だけで安全確保が完了するわけではない。【選択肢ア】誤り。味を示すものではない。【選択肢イ】誤り。指定数量は変えられない。【選択肢ウ】誤り。漏えいは防止しな… 正答（5）との違いを確認し直してください。;3:解説では「危険物の運搬では、危険物の種類や数量等に応じて表示が求められる場合がある。」とある一方、（3）の記述はそれと矛盾します。 解説の要点：危険物の運搬では、危険物の種類や数量等に応じて表示が求められる場合がある。【試験ポイント】運搬では表示も重要。【ひっかけ】表示だけで安全確保が完了するわけではない。【選択肢ア】誤り。味を示すものではない。【選択肢イ】誤り。指定数量は変えられない。【選択肢ウ】誤り。漏えいは防止しな… 正答（5）との違いを確認し直してください。;4:（4）の内容は、正答（5）「危険物の種類や数量等に応じた表示が求められる場合がある。」が示す論点とずれています。 解説の要点：危険物の運搬では、危険物の種類や数量等に応じて表示が求められる場合がある。【試験ポイント】運搬では表示も重要。【ひっかけ】表示だけで安全確保が完了するわけではない。【選択肢ア】誤り。味を示すものではない。【選択肢イ】誤り。指定数量は変えられない。【選択肢ウ】誤り。漏えいは防止しな… 正答（5）との違いを確認し直してください。,危険物の運搬では、危険物の種類や数量等に応じて表示が求められる場合がある。【試験ポイント】運搬では表示も重要。【ひっかけ】表示だけで安全確保が完了するわけではない。【選択肢ア】誤り。味を示すものではない。【選択肢イ】誤り。指定数量は変えられない。【選択肢ウ】誤り。漏えいは防止しなければならない。【選択肢エ】誤り。免状の代わりではない。【選択肢オ】正しい。表示が必要となる場合がある。,危険物の運搬では、危険物の種類や数量等に応じて表示が求められる場合がある。【試験ポイント】運搬では表示も重要。【ひっかけ】表示だけで安全確保が完了するわけではない。【選択肢ア】誤り。味を示すものではない。【選択肢イ】誤り。指定数量は変えられない。【選択肢ウ】誤り。漏えいは防止しなければならない。【選択肢エ】誤り。免状の代わりではない。【選択肢オ】正しい。表示,
318,single,法令・制度,L-148;LAW-057;移送;移動タンク貯蔵所による移送基準;標準;重点,移動タンク貯蔵所の移送中事故で、適切な対応はどれか。,,,,,,漏えい拡大を防ぎ、火気を避け、必要な通報を行う。,火気を近づけて漏えい箇所を確認する。,可燃性蒸気をためるため換気を避ける。,周囲に知らせず走行を続ける。,漏れた危険物を下水へ流す。,1,移送中の事故では、漏えい拡大防止、火気厳禁、通報などの対応が重要である。【試験ポイント】移送中事故は拡大防止・火気厳禁・通報。【ひっかけ】火気確認や下水処理は不適切。【選択肢ア】正しい。適切な対応である。【選択肢イ】誤り。火気を近づけてはならない。【選択肢ウ】誤り。可燃性蒸気をためてはならない。【選択肢エ】誤り。走行継続は危険である。【選択肢オ】誤り。下水へ流してはならない。,2:（2）「火気を近づけて漏えい箇所を確認する。」は、単独の記述としては法令上妥当な場合がありますが、本問で選ぶべき正答は（1）「漏えい拡大を防ぎ、火気を避け、必要な通報を行う。」です。問題文の条件（移動タンク貯蔵所の移送中事故で、適切な対応はどれか。…）と照らし、設問が問う論点に合う肢を選び直してください。;3:（3）「可燃性蒸気をためるため換気を避ける。」は、単独の記述としては法令上妥当な場合がありますが、本問で選ぶべき正答は（1）「漏えい拡大を防ぎ、火気を避け、必要な通報を行う。」です。問題文の条件（移動タンク貯蔵所の移送中事故で、適切な対応はどれか。…）と照らし、設問が問う論点に合う肢を選び直してください。;4:（4）「周囲に知らせず走行を続ける。」は、単独の記述としては法令上妥当な場合がありますが、本問で選ぶべき正答は（1）「漏えい拡大を防ぎ、火気を避け、必要な通報を行う。」です。問題文の条件（移動タンク貯蔵所の移送中事故で、適切な対応はどれか。…）と照らし、設問が問う論点に合う肢を選び直してください。;5:（5）「漏れた危険物を下水へ流す。」は、単独の記述としては法令上妥当な場合がありますが、本問で選ぶべき正答は（1）「漏えい拡大を防ぎ、火気を避け、必要な通報を行う。」です。問題文の条件（移動タンク貯蔵所の移送中事故で、適切な対応はどれか。…）と照らし、設問が問う論点に合う肢を選び直してください。,移送中の事故では、漏えい拡大防止、火気厳禁、通報などの対応が重要である。【試験ポイント】移送中事故は拡大防止・火気厳禁・通報。【ひっかけ】火気確認や下水処理は不適切。【選択肢ア】正しい。適切な対応である。【選択肢イ】誤り。火気を近づけてはならない。【選択肢ウ】誤り。可燃性蒸気をためてはならない。【選択肢エ】誤り。走行継続は危険である。【選択肢オ】誤り。下水へ流してはならない。,移送中の事故では、漏えい拡大防止、火気厳禁、通報などの対応が重要である。【試験ポイント】移送中事故は拡大防止・火気厳禁・通報。【ひっかけ】火気確認や下水処理は不適切。【選択肢ア】正しい。適切な対応である。【選択肢イ】誤り。火気を近づけてはならない。【選択肢ウ】誤り。可燃性蒸気をためてはならない。【選択肢エ】誤り。走行継続は危険である。【選択肢オ】誤り。下水へ,
319,single,法令・制度,L-149;LAW-058;貯蔵・取扱基準;危険物の貯蔵・取扱いの共通基準;基礎;重点,危険物の貯蔵・取扱いで不適切なものはどれか。,,,,,,火気管理。,危険物の性質を無視した混触。,温度管理。,漏えい防止。,換気。,2,危険物の性質を無視して混触させると、火災や反応の危険がある。火気管理、漏えい防止、換気、温度管理は重要な対策である。【試験ポイント】混触危険に注意する。【ひっかけ】適切な管理策と危険行為を取り違えない。【選択肢ア】誤り。火気管理は必要である。【選択肢イ】正しい。性質を無視した混触は不適切である。【選択肢ウ】誤り。温度管理は必要である。【選択肢エ】誤り。漏えい防止は必要である。【選択肢オ】誤り。換気は必要である。,1:（1）「火気管理。」は、単独の記述としては法令上妥当な場合がありますが、本問で選ぶべき正答は（2）「危険物の性質を無視した混触。」です。問題文の条件（危険物の貯蔵・取扱いで不適切なものはどれか。…）と照らし、設問が問う論点に合う肢を選び直してください。;3:（3）「温度管理。」は、単独の記述としては法令上妥当な場合がありますが、本問で選ぶべき正答は（2）「危険物の性質を無視した混触。」です。問題文の条件（危険物の貯蔵・取扱いで不適切なものはどれか。…）と照らし、設問が問う論点に合う肢を選び直してください。;4:（4）「漏えい防止。」は、単独の記述としては法令上妥当な場合がありますが、本問で選ぶべき正答は（2）「危険物の性質を無視した混触。」です。問題文の条件（危険物の貯蔵・取扱いで不適切なものはどれか。…）と照らし、設問が問う論点に合う肢を選び直してください。;5:（5）「換気。」は、単独の記述としては法令上妥当な場合がありますが、本問で選ぶべき正答は（2）「危険物の性質を無視した混触。」です。問題文の条件（危険物の貯蔵・取扱いで不適切なものはどれか。…）と照らし、設問が問う論点に合う肢を選び直してください。,危険物の性質を無視して混触させると、火災や反応の危険がある。火気管理、漏えい防止、換気、温度管理は重要な対策である。【試験ポイント】混触危険に注意する。【ひっかけ】適切な管理策と危険行為を取り違えない。【選択肢ア】誤り。火気管理は必要である。【選択肢イ】正しい。性質を無視した混触は不適切である。【選択肢ウ】誤り。温度管理は必要である。【選択肢エ】誤り。漏えい防止は必要である。【選択肢オ】誤り。換気は必要である。,危険物の性質を無視して混触させると、火災や反応の危険がある。火気管理、漏えい防止、換気、温度管理は重要な対策である。【試験ポイント】混触危険に注意する。【ひっかけ】適切な管理策と危険行為を取り違えない。【選択肢ア】誤り。火気管理は必要である。【選択肢イ】正しい。性質を無視した混触は不適切である。【選択肢ウ】誤り。温度管理は必要である。【選択肢エ】誤り。漏えい,
320,single,法令・制度,L-150;LAW-061;総合問題;法令分野の複合・ひっかけ問題;標準;総合,危険物法令の全体像として、最も適切なものはどれか。,,,,,,指定数量、施設区分、免状区分、保安管理制度を分けて理解する。,免状を取得すれば施設基準はすべて不要になる。,保安管理制度は第4類危険物とは一切関係しない。,指定数量と免状区分は完全に同じものである。,施設区分と危険物の類別は完全に同じものである。,1,危険物法令では、指定数量、製造所等の施設区分、危険物取扱者免状、保安管理制度を分けて理解することが重要である。【試験ポイント】法令は制度ごとに分けて整理する。【ひっかけ】似た言葉を一つにまとめすぎない。【選択肢ア】正しい。法令分野の整理として適切である。【選択肢イ】誤り。免状と施設基準は別である。【選択肢ウ】誤り。第4類でも保安管理は関係し得る。【選択肢エ】誤り。指定数量と免状区分は別である。【選択肢オ】誤り。施設区分と危険物類別は別である。,2:解説では「危険物法令では、指定数量、製造所等の施設区分、危険物取扱者免状、保安管理制度を分けて理解することが重要である。」とある一方、（2）の記述はそれと矛盾します。 解説の要点：危険物法令では、指定数量、製造所等の施設区分、危険物取扱者免状、保安管理制度を分けて理解することが重要である。【試験ポイント】法令は制度ごとに分けて整理する。【ひっかけ】似た言葉を一つにまとめすぎない。【選択肢ア】正しい。法令分野の整理として適切である。【選択肢イ】誤り。免状と施… 正答（1）との違いを確認し直してください。;3:解説では「危険物法令では、指定数量、製造所等の施設区分、危険物取扱者免状、保安管理制度を分けて理解することが重要である。」とある一方、（3）の記述はそれと矛盾します。 解説の要点：危険物法令では、指定数量、製造所等の施設区分、危険物取扱者免状、保安管理制度を分けて理解することが重要である。【試験ポイント】法令は制度ごとに分けて整理する。【ひっかけ】似た言葉を一つにまとめすぎない。【選択肢ア】正しい。法令分野の整理として適切である。【選択肢イ】誤り。免状と施… 正答（1）との違いを確認し直してください。;4:（4）の内容は、正答（1）「指定数量、施設区分、免状区分、保安管理制度を分けて理解する。」が示す論点とずれています。 解説の要点：危険物法令では、指定数量、製造所等の施設区分、危険物取扱者免状、保安管理制度を分けて理解することが重要である。【試験ポイント】法令は制度ごとに分けて整理する。【ひっかけ】似た言葉を一つにまとめすぎない。【選択肢ア】正しい。法令分野の整理として適切である。【選択肢イ】誤り。免状と施… 正答（1）との違いを確認し直してください。;5:（5）の内容は、正答（1）「指定数量、施設区分、免状区分、保安管理制度を分けて理解する。」が示す論点とずれています。 解説の要点：危険物法令では、指定数量、製造所等の施設区分、危険物取扱者免状、保安管理制度を分けて理解することが重要である。【試験ポイント】法令は制度ごとに分けて整理する。【ひっかけ】似た言葉を一つにまとめすぎない。【選択肢ア】正しい。法令分野の整理として適切である。【選択肢イ】誤り。免状と施… 正答（1）との違いを確認し直してください。,危険物法令では、指定数量、製造所等の施設区分、危険物取扱者免状、保安管理制度を分けて理解することが重要である。【試験ポイント】法令は制度ごとに分けて整理する。【ひっかけ】似た言葉を一つにまとめすぎない。【選択肢ア】正しい。法令分野の整理として適切である。【選択肢イ】誤り。免状と施設基準は別である。【選択肢ウ】誤り。第4類でも保安管理は関係し得る。【選択肢エ】誤り。指定数量と免状区分は別である。【選択肢オ】誤り。施設区分と危険物類別は別である。,危険物法令では、指定数量、製造所等の施設区分、危険物取扱者免状、保安管理制度を分けて理解することが重要である。【試験ポイント】法令は制度ごとに分けて整理する。【ひっかけ】似た言葉を一つにまとめすぎない。【選択肢ア】正しい。法令分野の整理として適切である。【選択肢イ】誤り。免状と施設基準は別である。【選択肢ウ】誤り。第4類でも保安管理は関係し得る。【選択肢エ】,
321,single,物性・化学,PC-083;PC-006;燃焼;引火・発火・自然発火の違い;標準;重点,火源を近づけたときに可燃性蒸気が燃え始める現象として、最も適切なものはどれか。,,,,,,凝固,引火,中和,書換え,沈殿,2,火源を近づけたときに可燃性蒸気が燃え始める現象は引火である。【試験ポイント】引火は火源が関係する。【ひっかけ】発火や自然発火と区別する。【選択肢ア】誤り。液体が固体になる変化である。【選択肢イ】正しい。引火の説明である。【選択肢ウ】誤り。酸とアルカリの反応である。【選択肢エ】誤り。免状手続きである。【選択肢オ】誤り。固体が析出する現象である。,1:（1）「凝固」は、単独の記述としては法令上妥当な場合がありますが、本問で選ぶべき正答は（2）「引火」です。問題文の条件（火源を近づけたときに可燃性蒸気が燃え始める現象として、最も適切なものはどれか。…）と照らし、設問が問う論点に合う肢を選び直してください。;3:（3）「中和」は、単独の記述としては法令上妥当な場合がありますが、本問で選ぶべき正答は（2）「引火」です。問題文の条件（火源を近づけたときに可燃性蒸気が燃え始める現象として、最も適切なものはどれか。…）と照らし、設問が問う論点に合う肢を選び直してください。;4:（4）「書換え」は、単独の記述としては法令上妥当な場合がありますが、本問で選ぶべき正答は（2）「引火」です。問題文の条件（火源を近づけたときに可燃性蒸気が燃え始める現象として、最も適切なものはどれか。…）と照らし、設問が問う論点に合う肢を選び直してください。;5:（5）「沈殿」は、単独の記述としては法令上妥当な場合がありますが、本問で選ぶべき正答は（2）「引火」です。問題文の条件（火源を近づけたときに可燃性蒸気が燃え始める現象として、最も適切なものはどれか。…）と照らし、設問が問う論点に合う肢を選び直してください。,火源を近づけたときに可燃性蒸気が燃え始める現象は引火である。【試験ポイント】引火は火源が関係する。【ひっかけ】発火や自然発火と区別する。【選択肢ア】誤り。液体が固体になる変化である。【選択肢イ】正しい。引火の説明である。【選択肢ウ】誤り。酸とアルカリの反応である。【選択肢エ】誤り。免状手続きである。【選択肢オ】誤り。固体が析出する現象である。,火源を近づけたときに可燃性蒸気が燃え始める現象は引火である。【試験ポイント】引火は火源が関係する。【ひっかけ】発火や自然発火と区別する。【選択肢ア】誤り。液体が固体になる変化である。【選択肢イ】正しい。引火の説明である。【選択肢ウ】誤り。酸とアルカリの反応である。【選択肢エ】誤り。免状手続きである。【選択肢オ】誤り。固体が析出する現象である。,
322,single,物性・化学,PC-084;PC-007;燃焼;燃焼範囲・爆発範囲;標準;重点,可燃性蒸気の濃度が燃焼範囲より低い場合について、正しいものはどれか。,,,,,,必ず自然発火する。,必ず指定数量が増える。,必ず最大の爆発力を示す。,一般に薄すぎて燃焼しにくい。,必ず液体になる。,4,可燃性蒸気の濃度が燃焼範囲より低い場合、一般に薄すぎて燃焼しにくい。【試験ポイント】燃焼範囲より薄いと燃えにくい。【ひっかけ】濃度が低ければ常に爆発最大ではない。【選択肢ア】誤り。自然発火とは別である。【選択肢イ】誤り。指定数量は変わらない。【選択肢ウ】誤り。最大とは限らない。【選択肢エ】正しい。燃焼範囲未満では薄すぎる。【選択肢オ】誤り。状態変化とは別である。,1:（1）「必ず自然発火する。」は、単独の記述としては法令上妥当な場合がありますが、本問で選ぶべき正答は（4）「一般に薄すぎて燃焼しにくい。」です。問題文の条件（可燃性蒸気の濃度が燃焼範囲より低い場合について、正しいものはどれか。…）と照らし、設問が問う論点に合う肢を選び直してください。;2:（2）「必ず指定数量が増える。」は、単独の記述としては法令上妥当な場合がありますが、本問で選ぶべき正答は（4）「一般に薄すぎて燃焼しにくい。」です。問題文の条件（可燃性蒸気の濃度が燃焼範囲より低い場合について、正しいものはどれか。…）と照らし、設問が問う論点に合う肢を選び直してください。;3:（3）「必ず最大の爆発力を示す。」は、単独の記述としては法令上妥当な場合がありますが、本問で選ぶべき正答は（4）「一般に薄すぎて燃焼しにくい。」です。問題文の条件（可燃性蒸気の濃度が燃焼範囲より低い場合について、正しいものはどれか。…）と照らし、設問が問う論点に合う肢を選び直してください。;5:（5）「必ず液体になる。」は、単独の記述としては法令上妥当な場合がありますが、本問で選ぶべき正答は（4）「一般に薄すぎて燃焼しにくい。」です。問題文の条件（可燃性蒸気の濃度が燃焼範囲より低い場合について、正しいものはどれか。…）と照らし、設問が問う論点に合う肢を選び直してください。,可燃性蒸気の濃度が燃焼範囲より低い場合、一般に薄すぎて燃焼しにくい。,可燃性蒸気の濃度が燃焼範囲より低い場合、一般に薄すぎて燃焼しにくい。【試験ポイント】燃焼範囲より薄いと燃えにくい。【ひっかけ】濃度が低ければ常に爆発最大ではない。【選択肢ア】誤り。自然発火とは別である。【選択肢イ】誤り。指定数量は変わらない。【選択肢ウ】誤り。最大とは限らない。【選択肢エ】正しい。燃焼範囲未満では薄すぎる。【選択肢オ】誤り。状態変化とは別であ,
323,single,物性・化学,PC-085;PC-010;燃焼;自然発火;標準;重点,油を含んだ布の自然発火と関係が深いものはどれか。,,,,,,蒸気比重の低下だけ,免状の書換え,水への完全溶解,酸化熱の蓄積,指定数量の増加,4,油を含んだ布では、酸化による発熱が蓄積して自然発火することがある。【試験ポイント】自然発火は酸化熱・蓄熱が重要。【ひっかけ】火源がなくても危険がある。【選択肢ア】誤り。蒸気比重だけの問題ではない。【選択肢イ】誤り。免状手続きではない。【選択肢ウ】誤り。溶解ではない。【選択肢エ】正しい。酸化熱の蓄積が関係する。【選択肢オ】誤り。指定数量の変化ではない。,1:（1）「蒸気比重の低下だけ」は、単独の記述としては法令上妥当な場合がありますが、本問で選ぶべき正答は（4）「酸化熱の蓄積」です。問題文の条件（油を含んだ布の自然発火と関係が深いものはどれか。…）と照らし、設問が問う論点に合う肢を選び直してください。;2:（2）「免状の書換え」は、単独の記述としては法令上妥当な場合がありますが、本問で選ぶべき正答は（4）「酸化熱の蓄積」です。問題文の条件（油を含んだ布の自然発火と関係が深いものはどれか。…）と照らし、設問が問う論点に合う肢を選び直してください。;3:（3）「水への完全溶解」は、単独の記述としては法令上妥当な場合がありますが、本問で選ぶべき正答は（4）「酸化熱の蓄積」です。問題文の条件（油を含んだ布の自然発火と関係が深いものはどれか。…）と照らし、設問が問う論点に合う肢を選び直してください。;5:（5）「指定数量の増加」は、単独の記述としては法令上妥当な場合がありますが、本問で選ぶべき正答は（4）「酸化熱の蓄積」です。問題文の条件（油を含んだ布の自然発火と関係が深いものはどれか。…）と照らし、設問が問う論点に合う肢を選び直してください。,油を含んだ布では、酸化による発熱が蓄積して自然発火することがある。【試験ポイント】自然発火は酸化熱・蓄熱が重要。【ひっかけ】火源がなくても危険がある。【選択肢ア】誤り。蒸気比重だけの問題ではない。【選択肢イ】誤り。免状手続きではない。【選択肢ウ】誤り。溶解ではない。【選択肢エ】正しい。酸化熱の蓄積が関係する。【選択肢オ】誤り。指定数量の変化ではない。,油を含んだ布では、酸化による発熱が蓄積して自然発火することがある。【試験ポイント】自然発火は酸化熱・蓄熱が重要。【ひっかけ】火源がなくても危険がある。【選択肢ア】誤り。蒸気比重だけの問題ではない。【選択肢イ】誤り。免状手続きではない。【選択肢ウ】誤り。溶解ではない。【選択肢エ】正しい。酸化熱の蓄積が関係する。【選択肢オ】誤り。指定数量の変化ではない。,
324,single,物性・化学,PC-086;PC-012;消火;窒息消火;基礎;重点,酸素の供給を断って燃焼を止める消火方法はどれか。,,,,,,加熱消火,冷却消火,除去消火,窒息消火,発火消火,4,酸素の供給を断つことで燃焼を止める方法は窒息消火である。【試験ポイント】窒息消火は酸素供給を断つ。【ひっかけ】冷却・除去と区別する。【選択肢ア】誤り。消火方法ではない。【選択肢イ】誤り。温度を下げる方法である。【選択肢ウ】誤り。可燃物を取り除く方法である。【選択肢エ】正しい。窒息消火の説明である。【選択肢オ】誤り。消火方法ではない。,1:（1）「加熱消火」は、単独の記述としては法令上妥当な場合がありますが、本問で選ぶべき正答は（4）「窒息消火」です。問題文の条件（酸素の供給を断って燃焼を止める消火方法はどれか。…）と照らし、設問が問う論点に合う肢を選び直してください。;2:（2）「冷却消火」は、単独の記述としては法令上妥当な場合がありますが、本問で選ぶべき正答は（4）「窒息消火」です。問題文の条件（酸素の供給を断って燃焼を止める消火方法はどれか。…）と照らし、設問が問う論点に合う肢を選び直してください。;3:（3）「除去消火」は、単独の記述としては法令上妥当な場合がありますが、本問で選ぶべき正答は（4）「窒息消火」です。問題文の条件（酸素の供給を断って燃焼を止める消火方法はどれか。…）と照らし、設問が問う論点に合う肢を選び直してください。;5:（5）「発火消火」は、単独の記述としては法令上妥当な場合がありますが、本問で選ぶべき正答は（4）「窒息消火」です。問題文の条件（酸素の供給を断って燃焼を止める消火方法はどれか。…）と照らし、設問が問う論点に合う肢を選び直してください。,酸素の供給を断つことで燃焼を止める方法は窒息消火である。【試験ポイント】窒息消火は酸素供給を断つ。【ひっかけ】冷却・除去と区別する。【選択肢ア】誤り。消火方法ではない。【選択肢イ】誤り。温度を下げる方法である。【選択肢ウ】誤り。可燃物を取り除く方法である。【選択肢エ】正しい。窒息消火の説明である。【選択肢オ】誤り。消火方法ではない。,酸素の供給を断つことで燃焼を止める方法は窒息消火である。【試験ポイント】窒息消火は酸素供給を断つ。【ひっかけ】冷却・除去と区別する。【選択肢ア】誤り。消火方法ではない。【選択肢イ】誤り。温度を下げる方法である。【選択肢ウ】誤り。可燃物を取り除く方法である。【選択肢エ】正しい。窒息消火の説明である。【選択肢オ】誤り。消火方法ではない。,
325,single,物性・化学,PC-087;PC-013;消火;冷却消火;基礎;重点,燃焼物の温度を下げることを主なねらいとする消火方法はどれか。,,,,,,混触消火,除去消火,冷却消火,窒息消火,抑制消火,3,燃焼物の温度を下げることで燃焼を止める方法は冷却消火である。【試験ポイント】冷却消火は温度を下げる。【ひっかけ】消火の4方式を区別する。【選択肢ア】誤り。混触は危険である。【選択肢イ】誤り。可燃物を取り除く方法である。【選択肢ウ】正しい。冷却消火である。【選択肢エ】誤り。酸素を断つ方法である。【選択肢オ】誤り。連鎖反応を抑える方法である。,1:（1）「混触消火」は、単独の記述としては法令上妥当な場合がありますが、本問で選ぶべき正答は（3）「冷却消火」です。問題文の条件（燃焼物の温度を下げることを主なねらいとする消火方法はどれか。…）と照らし、設問が問う論点に合う肢を選び直してください。;2:（2）「除去消火」は、単独の記述としては法令上妥当な場合がありますが、本問で選ぶべき正答は（3）「冷却消火」です。問題文の条件（燃焼物の温度を下げることを主なねらいとする消火方法はどれか。…）と照らし、設問が問う論点に合う肢を選び直してください。;4:（4）「窒息消火」は、単独の記述としては法令上妥当な場合がありますが、本問で選ぶべき正答は（3）「冷却消火」です。問題文の条件（燃焼物の温度を下げることを主なねらいとする消火方法はどれか。…）と照らし、設問が問う論点に合う肢を選び直してください。;5:（5）「抑制消火」は、単独の記述としては法令上妥当な場合がありますが、本問で選ぶべき正答は（3）「冷却消火」です。問題文の条件（燃焼物の温度を下げることを主なねらいとする消火方法はどれか。…）と照らし、設問が問う論点に合う肢を選び直してください。,燃焼物の温度を下げることで燃焼を止める方法は冷却消火である。【試験ポイント】冷却消火は温度を下げる。【ひっかけ】消火の4方式を区別する。【選択肢ア】誤り。混触は危険である。【選択肢イ】誤り。可燃物を取り除く方法である。【選択肢ウ】正しい。冷却消火である。【選択肢エ】誤り。酸素を断つ方法である。【選択肢オ】誤り。連鎖反応を抑える方法である。,燃焼物の温度を下げることで燃焼を止める方法は冷却消火である。【試験ポイント】冷却消火は温度を下げる。【ひっかけ】消火の4方式を区別する。【選択肢ア】誤り。混触は危険である。【選択肢イ】誤り。可燃物を取り除く方法である。【選択肢ウ】正しい。冷却消火である。【選択肢エ】誤り。酸素を断つ方法である。【選択肢オ】誤り。連鎖反応を抑える方法である。,
326,single,物性・化学,PC-088;PC-020;熱;熱伝導・対流・放射;基礎;網羅,固体内部を熱が伝わる現象として、最も適切なものはどれか。,,,,,,還元,熱伝導,放射,対流,中和,2,固体内部を熱が伝わる現象は熱伝導である。【試験ポイント】熱伝導は物質中を熱が伝わる現象。【ひっかけ】対流・放射と区別する。【選択肢ア】誤り。酸化と対になる反応である。【選択肢イ】正しい。熱伝導の説明である。【選択肢ウ】誤り。電磁波による熱移動である。【選択肢エ】誤り。流体の移動による熱移動である。【選択肢オ】誤り。酸とアルカリの反応である。,1:（1）「還元」は、単独の記述としては法令上妥当な場合がありますが、本問で選ぶべき正答は（2）「熱伝導」です。問題文の条件（固体内部を熱が伝わる現象として、最も適切なものはどれか。…）と照らし、設問が問う論点に合う肢を選び直してください。;3:（3）「放射」は、単独の記述としては法令上妥当な場合がありますが、本問で選ぶべき正答は（2）「熱伝導」です。問題文の条件（固体内部を熱が伝わる現象として、最も適切なものはどれか。…）と照らし、設問が問う論点に合う肢を選び直してください。;4:（4）「対流」は、単独の記述としては法令上妥当な場合がありますが、本問で選ぶべき正答は（2）「熱伝導」です。問題文の条件（固体内部を熱が伝わる現象として、最も適切なものはどれか。…）と照らし、設問が問う論点に合う肢を選び直してください。;5:（5）「中和」は、単独の記述としては法令上妥当な場合がありますが、本問で選ぶべき正答は（2）「熱伝導」です。問題文の条件（固体内部を熱が伝わる現象として、最も適切なものはどれか。…）と照らし、設問が問う論点に合う肢を選び直してください。,固体内部を熱が伝わる現象は熱伝導である。【試験ポイント】熱伝導は物質中を熱が伝わる現象。【ひっかけ】対流・放射と区別する。【選択肢ア】誤り。酸化と対になる反応である。【選択肢イ】正しい。熱伝導の説明である。【選択肢ウ】誤り。電磁波による熱移動である。【選択肢エ】誤り。流体の移動による熱移動である。【選択肢オ】誤り。酸とアルカリの反応である。,固体内部を熱が伝わる現象は熱伝導である。【試験ポイント】熱伝導は物質中を熱が伝わる現象。【ひっかけ】対流・放射と区別する。【選択肢ア】誤り。酸化と対になる反応である。【選択肢イ】正しい。熱伝導の説明である。【選択肢ウ】誤り。電磁波による熱移動である。【選択肢エ】誤り。流体の移動による熱移動である。【選択肢オ】誤り。酸とアルカリの反応である。,
327,single,物性・化学,PC-089;PC-023;物質の状態;固体・液体・気体;基礎;網羅,液体の一般的な特徴として、正しいものはどれか。,,,,,,必ず燃えない。,体積はほぼ一定だが、形は容器に応じて変わる。,形も体積も必ず容器全体に広がる。,必ず水に溶ける。,形も体積も常に一定である。,2,液体は、体積はほぼ一定だが、形は容器に応じて変わる。【試験ポイント】液体は形が容器に応じて変わる。【ひっかけ】液体と気体の性質を区別する。【選択肢ア】誤り。燃える液体もある。【選択肢イ】正しい。液体の特徴である。【選択肢ウ】誤り。気体の特徴に近い。【選択肢エ】誤り。水に溶けない液体もある。【選択肢オ】誤り。固体の特徴に近い。,1:（1）「必ず燃えない。」は、単独の記述としては法令上妥当な場合がありますが、本問で選ぶべき正答は（2）「体積はほぼ一定だが、形は容器に応じて変わる。」です。問題文の条件（液体の一般的な特徴として、正しいものはどれか。…）と照らし、設問が問う論点に合う肢を選び直してください。;3:（3）「形も体積も必ず容器全体に広がる。」は、単独の記述としては法令上妥当な場合がありますが、本問で選ぶべき正答は（2）「体積はほぼ一定だが、形は容器に応じて変わる。」です。問題文の条件（液体の一般的な特徴として、正しいものはどれか。…）と照らし、設問が問う論点に合う肢を選び直してください。;4:（4）「必ず水に溶ける。」は、単独の記述としては法令上妥当な場合がありますが、本問で選ぶべき正答は（2）「体積はほぼ一定だが、形は容器に応じて変わる。」です。問題文の条件（液体の一般的な特徴として、正しいものはどれか。…）と照らし、設問が問う論点に合う肢を選び直してください。;5:（5）「形も体積も常に一定である。」は、単独の記述としては法令上妥当な場合がありますが、本問で選ぶべき正答は（2）「体積はほぼ一定だが、形は容器に応じて変わる。」です。問題文の条件（液体の一般的な特徴として、正しいものはどれか。…）と照らし、設問が問う論点に合う肢を選び直してください。,液体は、体積はほぼ一定だが、形は容器に応じて変わる。,液体は、体積はほぼ一定だが、形は容器に応じて変わる。【試験ポイント】液体は形が容器に応じて変わる。【ひっかけ】液体と気体の性質を区別する。【選択肢ア】誤り。燃える液体もある。【選択肢イ】正しい。液体の特徴である。【選択肢ウ】誤り。気体の特徴に近い。【選択肢エ】誤り。水に溶けない液体もある。【選択肢オ】誤り。固体の特徴に近い。,
328,single,物性・化学,PC-090;PC-024;物質の状態;融点・沸点;基礎;網羅,液体が気体になり始める温度を何というか。,,,,,,発火点,引火点,凝固点,融点,沸点,5,液体が沸騰して気体になり始める温度を沸点という。【試験ポイント】沸点は液体が沸騰し始める温度。【ひっかけ】沸点・引火点・発火点を区別する。【選択肢ア】誤り。火源なしで発火する最低温度である。【選択肢イ】誤り。火源で引火する最低温度である。【選択肢ウ】誤り。液体が固体になる温度である。【選択肢エ】誤り。固体が液体になる温度である。【選択肢オ】正しい。沸点である。,1:（1）「発火点」は、単独の記述としては法令上妥当な場合がありますが、本問で選ぶべき正答は（5）「沸点」です。問題文の条件（液体が気体になり始める温度を何というか。…）と照らし、設問が問う論点に合う肢を選び直してください。;2:（2）「引火点」は、単独の記述としては法令上妥当な場合がありますが、本問で選ぶべき正答は（5）「沸点」です。問題文の条件（液体が気体になり始める温度を何というか。…）と照らし、設問が問う論点に合う肢を選び直してください。;3:（3）「凝固点」は、単独の記述としては法令上妥当な場合がありますが、本問で選ぶべき正答は（5）「沸点」です。問題文の条件（液体が気体になり始める温度を何というか。…）と照らし、設問が問う論点に合う肢を選び直してください。;4:（4）「融点」は、単独の記述としては法令上妥当な場合がありますが、本問で選ぶべき正答は（5）「沸点」です。問題文の条件（液体が気体になり始める温度を何というか。…）と照らし、設問が問う論点に合う肢を選び直してください。,液体が沸騰して気体になり始める温度を沸点という。【試験ポイント】沸点は液体が沸騰し始める温度。【ひっかけ】沸点・引火点・発火点を区別する。【選択肢ア】誤り。火源なしで発火する最低温度である。【選択肢イ】誤り。火源で引火する最低温度である。【選択肢ウ】誤り。液体が固体になる温度である。【選択肢エ】誤り。固体が液体になる温度である。【選択肢オ】正しい。沸点である。,液体が沸騰して気体になり始める温度を沸点という。【試験ポイント】沸点は液体が沸騰し始める温度。【ひっかけ】沸点・引火点・発火点を区別する。【選択肢ア】誤り。火源なしで発火する最低温度である。【選択肢イ】誤り。火源で引火する最低温度である。【選択肢ウ】誤り。液体が固体になる温度である。【選択肢エ】誤り。固体が液体になる温度である。【選択肢オ】正しい。沸点である,
329,single,物性・化学,PC-091;PC-026;物質の状態;蒸気圧;標準;重点,蒸気圧が高い液体の傾向として、正しいものはどれか。,,,,,,必ず酸素を放出する。,蒸発しやすい。,必ず不燃性である。,必ず水に沈む。,指定数量がなくなる。,2,蒸気圧が高い液体は、一般に蒸発しやすい傾向がある。【試験ポイント】蒸気圧が高いほど蒸発しやすい傾向。【ひっかけ】蒸気圧と蒸気比重を混同しない。【選択肢ア】誤り。酸素放出とは別である。【選択肢イ】正しい。蒸発しやすい。【選択肢ウ】誤り。不燃性とは限らない。【選択肢エ】誤り。液比重とは別である。【選択肢オ】誤り。指定数量はなくならない。,1:（1）「必ず酸素を放出する。」は、単独の記述としては法令上妥当な場合がありますが、本問で選ぶべき正答は（2）「蒸発しやすい。」です。問題文の条件（蒸気圧が高い液体の傾向として、正しいものはどれか。…）と照らし、設問が問う論点に合う肢を選び直してください。;3:（3）「必ず不燃性である。」は、単独の記述としては法令上妥当な場合がありますが、本問で選ぶべき正答は（2）「蒸発しやすい。」です。問題文の条件（蒸気圧が高い液体の傾向として、正しいものはどれか。…）と照らし、設問が問う論点に合う肢を選び直してください。;4:（4）「必ず水に沈む。」は、単独の記述としては法令上妥当な場合がありますが、本問で選ぶべき正答は（2）「蒸発しやすい。」です。問題文の条件（蒸気圧が高い液体の傾向として、正しいものはどれか。…）と照らし、設問が問う論点に合う肢を選び直してください。;5:（5）「指定数量がなくなる。」は、単独の記述としては法令上妥当な場合がありますが、本問で選ぶべき正答は（2）「蒸発しやすい。」です。問題文の条件（蒸気圧が高い液体の傾向として、正しいものはどれか。…）と照らし、設問が問う論点に合う肢を選び直してください。,蒸気圧が高い液体は、一般に蒸発しやすい傾向がある。【試験ポイント】蒸気圧が高いほど蒸発しやすい傾向。【ひっかけ】蒸気圧と蒸気比重を混同しない。【選択肢ア】誤り。酸素放出とは別である。【選択肢イ】正しい。蒸発しやすい。【選択肢ウ】誤り。不燃性とは限らない。【選択肢エ】誤り。液比重とは別である。【選択肢オ】誤り。指定数量はなくならない。,蒸気圧が高い液体は、一般に蒸発しやすい傾向がある。【試験ポイント】蒸気圧が高いほど蒸発しやすい傾向。【ひっかけ】蒸気圧と蒸気比重を混同しない。【選択肢ア】誤り。酸素放出とは別である。【選択肢イ】正しい。蒸発しやすい。【選択肢ウ】誤り。不燃性とは限らない。【選択肢エ】誤り。液比重とは別である。【選択肢オ】誤り。指定数量はなくならない。,
330,single,物性・化学,PC-092;PC-030;密度・比重;比重;基礎;重点,液体の比重が1より小さい場合、一般に水との関係はどうなるか。,,,,,,水に浮きやすい。,必ず不燃性である。,必ず空気より重い蒸気を出す。,必ず発火する。,必ず水に完全に溶ける。,1,液体の比重が1より小さい場合、一般に水に浮きやすい。【試験ポイント】液比重1未満は水に浮きやすい。【ひっかけ】水に浮くことと水に溶けることを混同しない。【選択肢ア】正しい。水より軽いため浮きやすい。【選択肢イ】誤り。不燃性とは限らない。【選択肢ウ】誤り。蒸気比重とは別である。【選択肢エ】誤り。発火とは別である。【選択肢オ】誤り。水溶性とは別である。,2:（2）「必ず不燃性である。」は、単独の記述としては法令上妥当な場合がありますが、本問で選ぶべき正答は（1）「水に浮きやすい。」です。問題文の条件（液体の比重が1より小さい場合、一般に水との関係はどうなるか。…）と照らし、設問が問う論点に合う肢を選び直してください。;3:（3）「必ず空気より重い蒸気を出す。」は、単独の記述としては法令上妥当な場合がありますが、本問で選ぶべき正答は（1）「水に浮きやすい。」です。問題文の条件（液体の比重が1より小さい場合、一般に水との関係はどうなるか。…）と照らし、設問が問う論点に合う肢を選び直してください。;4:（4）「必ず発火する。」は、単独の記述としては法令上妥当な場合がありますが、本問で選ぶべき正答は（1）「水に浮きやすい。」です。問題文の条件（液体の比重が1より小さい場合、一般に水との関係はどうなるか。…）と照らし、設問が問う論点に合う肢を選び直してください。;5:（5）「必ず水に完全に溶ける。」は、単独の記述としては法令上妥当な場合がありますが、本問で選ぶべき正答は（1）「水に浮きやすい。」です。問題文の条件（液体の比重が1より小さい場合、一般に水との関係はどうなるか。…）と照らし、設問が問う論点に合う肢を選び直してください。,液体の比重が1より小さい場合、一般に水に浮きやすい。 【試験ポイント】液比重1未満は水に浮きやすい。,液体の比重が1より小さい場合、一般に水に浮きやすい。【試験ポイント】液比重1未満は水に浮きやすい。【ひっかけ】水に浮くことと水に溶けることを混同しない。【選択肢ア】正しい。水より軽いため浮きやすい。【選択肢イ】誤り。不燃性とは限らない。【選択肢ウ】誤り。蒸気比重とは別である。【選択肢エ】誤り。発火とは別である。【選択肢オ】誤り。水溶性とは別である。,
331,single,物性・化学,PC-093;PC-033;静電気;静電気の発生;基礎;重点,静電気の発生を抑える対策として、適切なものはどれか。,,,,,,火花を発生させる。,流速をむやみに速くする。,乾燥状態で激しく摩擦する。,絶縁して電荷を逃がさない。,接地する。,5,接地は静電気対策として重要であり、電荷を逃がす効果がある。【試験ポイント】静電気対策は接地が基本。【ひっかけ】接地と絶縁を逆にしない。【選択肢ア】誤り。火花は危険である。【選択肢イ】誤り。高速流動は帯電の原因になり得る。【選択肢ウ】誤り。乾燥・摩擦は帯電の原因になり得る。【選択肢エ】誤り。電荷を逃がす必要がある。【選択肢オ】正しい。接地は静電気対策である。,1:（1）「火花を発生させる。」は、単独の記述としては法令上妥当な場合がありますが、本問で選ぶべき正答は（5）「接地する。」です。問題文の条件（静電気の発生を抑える対策として、適切なものはどれか。…）と照らし、設問が問う論点に合う肢を選び直してください。;2:（2）「流速をむやみに速くする。」は、単独の記述としては法令上妥当な場合がありますが、本問で選ぶべき正答は（5）「接地する。」です。問題文の条件（静電気の発生を抑える対策として、適切なものはどれか。…）と照らし、設問が問う論点に合う肢を選び直してください。;3:（3）「乾燥状態で激しく摩擦する。」は、単独の記述としては法令上妥当な場合がありますが、本問で選ぶべき正答は（5）「接地する。」です。問題文の条件（静電気の発生を抑える対策として、適切なものはどれか。…）と照らし、設問が問う論点に合う肢を選び直してください。;4:（4）「絶縁して電荷を逃がさない。」は、単独の記述としては法令上妥当な場合がありますが、本問で選ぶべき正答は（5）「接地する。」です。問題文の条件（静電気の発生を抑える対策として、適切なものはどれか。…）と照らし、設問が問う論点に合う肢を選び直してください。,接地は静電気対策として重要であり、電荷を逃がす効果がある。【試験ポイント】静電気対策は接地が基本。【ひっかけ】接地と絶縁を逆にしない。【選択肢ア】誤り。火花は危険である。【選択肢イ】誤り。高速流動は帯電の原因になり得る。【選択肢ウ】誤り。乾燥・摩擦は帯電の原因になり得る。【選択肢エ】誤り。電荷を逃がす必要がある。【選択肢オ】正しい。接地は静電気対策である。,接地は静電気対策として重要であり、電荷を逃がす効果がある。【試験ポイント】静電気対策は接地が基本。【ひっかけ】接地と絶縁を逆にしない。【選択肢ア】誤り。火花は危険である。【選択肢イ】誤り。高速流動は帯電の原因になり得る。【選択肢ウ】誤り。乾燥・摩擦は帯電の原因になり得る。【選択肢エ】誤り。電荷を逃がす必要がある。【選択肢オ】正しい。接地は静電気対策である。,
332,single,物性・化学,PC-094;PC-041;化学反応;化学変化と物理変化;基礎;網羅,化学変化の例として、適切なものはどれか。,,,,,,砂糖を水に溶かす。,氷が溶ける。,紙が燃える。,ガラスが割れる。,水が蒸発する。,3,紙が燃えると別の物質を生じるため、化学変化である。【試験ポイント】燃焼は化学変化。【ひっかけ】状態変化と化学変化を混同しない。【選択肢ア】誤り。通常は物理変化として扱う。【選択肢イ】誤り。状態変化である。【選択肢ウ】正しい。燃焼は化学変化である。【選択肢エ】誤り。形状変化である。【選択肢オ】誤り。状態変化である。,1:（1）「砂糖を水に溶かす。」は、単独の記述としては法令上妥当な場合がありますが、本問で選ぶべき正答は（3）「紙が燃える。」です。問題文の条件（化学変化の例として、適切なものはどれか。…）と照らし、設問が問う論点に合う肢を選び直してください。;2:（2）「氷が溶ける。」は、単独の記述としては法令上妥当な場合がありますが、本問で選ぶべき正答は（3）「紙が燃える。」です。問題文の条件（化学変化の例として、適切なものはどれか。…）と照らし、設問が問う論点に合う肢を選び直してください。;4:（4）「ガラスが割れる。」は、単独の記述としては法令上妥当な場合がありますが、本問で選ぶべき正答は（3）「紙が燃える。」です。問題文の条件（化学変化の例として、適切なものはどれか。…）と照らし、設問が問う論点に合う肢を選び直してください。;5:（5）「水が蒸発する。」は、単独の記述としては法令上妥当な場合がありますが、本問で選ぶべき正答は（3）「紙が燃える。」です。問題文の条件（化学変化の例として、適切なものはどれか。…）と照らし、設問が問う論点に合う肢を選び直してください。,紙が燃えると別の物質を生じるため、化学変化である。【試験ポイント】燃焼は化学変化。【ひっかけ】状態変化と化学変化を混同しない。【選択肢ア】誤り。通常は物理変化として扱う。【選択肢イ】誤り。状態変化である。【選択肢ウ】正しい。燃焼は化学変化である。【選択肢エ】誤り。形状変化である。【選択肢オ】誤り。状態変化である。,紙が燃えると別の物質を生じるため、化学変化である。【試験ポイント】燃焼は化学変化。【ひっかけ】状態変化と化学変化を混同しない。【選択肢ア】誤り。通常は物理変化として扱う。【選択肢イ】誤り。状態変化である。【選択肢ウ】正しい。燃焼は化学変化である。【選択肢エ】誤り。形状変化である。【選択肢オ】誤り。状態変化である。,
333,single,物性・化学,PC-095;PC-045;酸化・還元;酸化;基礎;重点,物質が酸素と結びつく反応は、一般に何と呼ばれるか。,,,,,,中和,還元,蒸発,凝固,酸化,5,物質が酸素と結びつく反応は、酸化の一例である。【試験ポイント】酸素と結びつくことは酸化の一例。【ひっかけ】酸化と還元を区別する。【選択肢ア】誤り。酸とアルカリの反応である。【選択肢イ】誤り。酸素を失う反応などで説明される。【選択肢ウ】誤り。液体が気体になる現象である。【選択肢エ】誤り。液体が固体になる現象である。【選択肢オ】正しい。酸化である。,1:（1）「中和」は、単独の記述としては法令上妥当な場合がありますが、本問で選ぶべき正答は（5）「酸化」です。問題文の条件（物質が酸素と結びつく反応は、一般に何と呼ばれるか。…）と照らし、設問が問う論点に合う肢を選び直してください。;2:（2）「還元」は、単独の記述としては法令上妥当な場合がありますが、本問で選ぶべき正答は（5）「酸化」です。問題文の条件（物質が酸素と結びつく反応は、一般に何と呼ばれるか。…）と照らし、設問が問う論点に合う肢を選び直してください。;3:（3）「蒸発」は、単独の記述としては法令上妥当な場合がありますが、本問で選ぶべき正答は（5）「酸化」です。問題文の条件（物質が酸素と結びつく反応は、一般に何と呼ばれるか。…）と照らし、設問が問う論点に合う肢を選び直してください。;4:（4）「凝固」は、単独の記述としては法令上妥当な場合がありますが、本問で選ぶべき正答は（5）「酸化」です。問題文の条件（物質が酸素と結びつく反応は、一般に何と呼ばれるか。…）と照らし、設問が問う論点に合う肢を選び直してください。,物質が酸素と結びつく反応は、酸化の一例である。【試験ポイント】酸素と結びつくことは酸化の一例。【ひっかけ】酸化と還元を区別する。【選択肢ア】誤り。酸とアルカリの反応である。【選択肢イ】誤り。酸素を失う反応などで説明される。【選択肢ウ】誤り。液体が気体になる現象である。【選択肢エ】誤り。液体が固体になる現象である。【選択肢オ】正しい。酸化である。,物質が酸素と結びつく反応は、酸化の一例である。【試験ポイント】酸素と結びつくことは酸化の一例。【ひっかけ】酸化と還元を区別する。【選択肢ア】誤り。酸とアルカリの反応である。【選択肢イ】誤り。酸素を失う反応などで説明される。【選択肢ウ】誤り。液体が気体になる現象である。【選択肢エ】誤り。液体が固体になる現象である。【選択肢オ】正しい。酸化である。,
334,single,物性・化学,PC-096;PC-049;酸・アルカリ;酸の性質;基礎;網羅,酸性・中性・アルカリ性の基準として使われる指標はどれか。,,,,,,蒸気比重,免状番号,pH,保有空地,指定数量,3,pHは酸性・中性・アルカリ性の程度を示す指標である。【試験ポイント】pHは酸性・中性・アルカリ性の指標。【ひっかけ】pHと指定数量を混同しない。【選択肢ア】誤り。蒸気の重さを示す値である。【選択肢イ】誤り。資格証の番号である。【選択肢ウ】正しい。pHである。【選択肢エ】誤り。施設周囲の空地である。【選択肢オ】誤り。危険物の基準数量である。,1:（1）「蒸気比重」は、単独の記述としては法令上妥当な場合がありますが、本問で選ぶべき正答は（3）「pH」です。問題文の条件（酸性・中性・アルカリ性の基準として使われる指標はどれか。…）と照らし、設問が問う論点に合う肢を選び直してください。;2:（2）「免状番号」は、単独の記述としては法令上妥当な場合がありますが、本問で選ぶべき正答は（3）「pH」です。問題文の条件（酸性・中性・アルカリ性の基準として使われる指標はどれか。…）と照らし、設問が問う論点に合う肢を選び直してください。;4:（4）「保有空地」は、単独の記述としては法令上妥当な場合がありますが、本問で選ぶべき正答は（3）「pH」です。問題文の条件（酸性・中性・アルカリ性の基準として使われる指標はどれか。…）と照らし、設問が問う論点に合う肢を選び直してください。;5:（5）「指定数量」は、単独の記述としては法令上妥当な場合がありますが、本問で選ぶべき正答は（3）「pH」です。問題文の条件（酸性・中性・アルカリ性の基準として使われる指標はどれか。…）と照らし、設問が問う論点に合う肢を選び直してください。,pHは酸性・中性・アルカリ性の程度を示す指標である。【試験ポイント】pHは酸性・中性・アルカリ性の指標。【ひっかけ】pHと指定数量を混同しない。【選択肢ア】誤り。蒸気の重さを示す値である。【選択肢イ】誤り。資格証の番号である。【選択肢ウ】正しい。pHである。【選択肢エ】誤り。施設周囲の空地である。【選択肢オ】誤り。危険物の基準数量である。,pHは酸性・中性・アルカリ性の程度を示す指標である。【試験ポイント】pHは酸性・中性・アルカリ性の指標。【ひっかけ】pHと指定数量を混同しない。【選択肢ア】誤り。蒸気の重さを示す値である。【選択肢イ】誤り。資格証の番号である。【選択肢ウ】正しい。pHである。【選択肢エ】誤り。施設周囲の空地である。【選択肢オ】誤り。危険物の基準数量である。,
335,single,物性・化学,PC-097;PC-058;計算問題;密度・質量・体積の計算;標準;重点,密度0.75 g/cm³の液体が400 cm³ある。この液体の質量として、正しいものはどれか。,,,,,,400 g,300 g,0.001875 g,750 g,533 g,2,質量は密度×体積で求める。0.75×400＝300 gである。【試験ポイント】質量＝密度×体積。【ひっかけ】密度計算の式を入れ替えない。【選択肢ア】誤り。体積をそのまま質量にしている。【選択肢イ】正しい。300 gである。【選択肢ウ】誤り。計算の向きが不適切である。【選択肢エ】誤り。密度の数値を誤って扱っている。【選択肢オ】誤り。400÷0.75の近似値である。,1:（1）「400 g」は、単独の記述としては法令上妥当な場合がありますが、本問で選ぶべき正答は（2）「300 g」です。問題文の条件（密度0.75 g/cm³の液体が400 cm³ある。この液体の質量として、正しいものはどれか。…）と照らし、設問が問う論点に合う肢を選び直してください。;3:（3）「0.001875 g」は、単独の記述としては法令上妥当な場合がありますが、本問で選ぶべき正答は（2）「300 g」です。問題文の条件（密度0.75 g/cm³の液体が400 cm³ある。この液体の質量として、正しいものはどれか。…）と照らし、設問が問う論点に合う肢を選び直してください。;4:（4）「750 g」は、単独の記述としては法令上妥当な場合がありますが、本問で選ぶべき正答は（2）「300 g」です。問題文の条件（密度0.75 g/cm³の液体が400 cm³ある。この液体の質量として、正しいものはどれか。…）と照らし、設問が問う論点に合う肢を選び直してください。;5:（5）「533 g」は、単独の記述としては法令上妥当な場合がありますが、本問で選ぶべき正答は（2）「300 g」です。問題文の条件（密度0.75 g/cm³の液体が400 cm³ある。この液体の質量として、正しいものはどれか。…）と照らし、設問が問う論点に合う肢を選び直してください。,質量は密度×体積で求める。0.75×400＝300 gである。【試験ポイント】質量＝密度×体積。【ひっかけ】密度計算の式を入れ替えない。【選択肢ア】誤り。体積をそのまま質量にしている。【選択肢イ】正しい。300 gである。【選択肢ウ】誤り。計算の向きが不適切である。【選択肢エ】誤り。密度の数値を誤って扱っている。【選択肢オ】誤り。400÷0.75の近似値である。,質量は密度×体積で求める。0.75×400＝300 gである。【試験ポイント】質量＝密度×体積。【ひっかけ】密度計算の式を入れ替えない。【選択肢ア】誤り。体積をそのまま質量にしている。【選択肢イ】正しい。300 gである。【選択肢ウ】誤り。計算の向きが不適切である。【選択肢エ】誤り。密度の数値を誤って扱っている。【選択肢オ】誤り。400÷0.75の近似値であ,
336,single,火災・消火・漏えい,PF-089;PF-013;特殊引火物;特殊引火物の性質;標準;重点,特殊引火物の危険性として、最も適切なものはどれか。,,,,,,すべて動植物油類である。,引火危険が特に高い。,すべて不燃性である。,"指定数量が10,000 Lである。",すべて酸化性固体である。,2,特殊引火物は第4類危険物の中でも引火危険が特に高いものとして扱われる。【試験ポイント】特殊引火物は引火危険が高く、指定数量50 L。【ひっかけ】動植物油類と混同しない。【選択肢ア】誤り。動植物油類ではない。【選択肢イ】正しい。引火危険が高い。【選択肢ウ】誤り。不燃性ではない。【選択肢エ】誤り。指定数量は50 Lである。【選択肢オ】誤り。酸化性固体ではない。,1:（1）「すべて動植物油類である。」は、単独の記述としては法令上妥当な場合がありますが、本問で選ぶべき正答は（2）「引火危険が特に高い。」です。問題文の条件（特殊引火物の危険性として、最も適切なものはどれか。…）と照らし、設問が問う論点に合う肢を選び直してください。;3:（3）「すべて不燃性である。」は、単独の記述としては法令上妥当な場合がありますが、本問で選ぶべき正答は（2）「引火危険が特に高い。」です。問題文の条件（特殊引火物の危険性として、最も適切なものはどれか。…）と照らし、設問が問う論点に合う肢を選び直してください。;4:（4）の内容は、正答（2）「引火危険が特に高い。」が示す論点とずれています。 解説の要点：特殊引火物は第4類危険物の中でも引火危険が特に高いものとして扱われる。【試験ポイント】特殊引火物は引火危険が高く、指定数量50 L。【ひっかけ】動植物油類と混同しない。【選択肢ア】誤り。動植物油類ではない。【選択肢イ】正しい。引火危険が高い。【選択肢ウ】誤り。不燃性ではない。【選… 正答（2）との違いを確認し直してください。;5:（5）「すべて酸化性固体である。」は、単独の記述としては法令上妥当な場合がありますが、本問で選ぶべき正答は（2）「引火危険が特に高い。」です。問題文の条件（特殊引火物の危険性として、最も適切なものはどれか。…）と照らし、設問が問う論点に合う肢を選び直してください。,特殊引火物は第4類危険物の中でも引火危険が特に高いものとして扱われる。【試験ポイント】特殊引火物は引火危険が高く、指定数量50 L。【ひっかけ】動植物油類と混同しない。【選択肢ア】誤り。動植物油類ではない。【選択肢イ】正しい。引火危険が高い。【選択肢ウ】誤り。不燃性ではない。【選択肢エ】誤り。指定数量は50 Lである。【選択肢オ】誤り。酸化性固体ではない。,特殊引火物は第4類危険物の中でも引火危険が特に高いものとして扱われる。【試験ポイント】特殊引火物は引火危険が高く、指定数量50 L。【ひっかけ】動植物油類と混同しない。【選択肢ア】誤り。動植物油類ではない。【選択肢イ】正しい。引火危険が高い。【選択肢ウ】誤り。不燃性ではない。【選択肢エ】誤り。指定数量は50 Lである。【選択肢オ】誤り。酸化性固体ではない。,
337,single,火災・消火・漏えい,PF-090;PF-014;特殊引火物;ジエチルエーテル;標準;重点,ジエチルエーテルの分類として、正しいものはどれか。,,,,,,アルコール類,第四石油類,第一石油類,第二石油類,特殊引火物,5,ジエチルエーテルは特殊引火物に分類される代表例である。【試験ポイント】ジエチルエーテルは特殊引火物。【ひっかけ】名前の印象でアルコール類と判断しない。【選択肢ア】誤り。アルコール類ではない。【選択肢イ】誤り。第四石油類ではない。【選択肢ウ】誤り。第一石油類ではない。【選択肢エ】誤り。第二石油類ではない。【選択肢オ】正しい。特殊引火物である。,1:（1）「アルコール類」は、単独の記述としては法令上妥当な場合がありますが、本問で選ぶべき正答は（5）「特殊引火物」です。問題文の条件（ジエチルエーテルの分類として、正しいものはどれか。…）と照らし、設問が問う論点に合う肢を選び直してください。;2:（2）「第四石油類」は、単独の記述としては法令上妥当な場合がありますが、本問で選ぶべき正答は（5）「特殊引火物」です。問題文の条件（ジエチルエーテルの分類として、正しいものはどれか。…）と照らし、設問が問う論点に合う肢を選び直してください。;3:（3）「第一石油類」は、単独の記述としては法令上妥当な場合がありますが、本問で選ぶべき正答は（5）「特殊引火物」です。問題文の条件（ジエチルエーテルの分類として、正しいものはどれか。…）と照らし、設問が問う論点に合う肢を選び直してください。;4:（4）「第二石油類」は、単独の記述としては法令上妥当な場合がありますが、本問で選ぶべき正答は（5）「特殊引火物」です。問題文の条件（ジエチルエーテルの分類として、正しいものはどれか。…）と照らし、設問が問う論点に合う肢を選び直してください。,ジエチルエーテルは特殊引火物に分類される代表例である。【試験ポイント】ジエチルエーテルは特殊引火物。【ひっかけ】名前の印象でアルコール類と判断しない。【選択肢ア】誤り。アルコール類ではない。【選択肢イ】誤り。第四石油類ではない。【選択肢ウ】誤り。第一石油類ではない。【選択肢エ】誤り。第二石油類ではない。【選択肢オ】正しい。特殊引火物である。,ジエチルエーテルは特殊引火物に分類される代表例である。【試験ポイント】ジエチルエーテルは特殊引火物。【ひっかけ】名前の印象でアルコール類と判断しない。【選択肢ア】誤り。アルコール類ではない。【選択肢イ】誤り。第四石油類ではない。【選択肢ウ】誤り。第一石油類ではない。【選択肢エ】誤り。第二石油類ではない。【選択肢オ】正しい。特殊引火物である。,
338,single,火災・消火・漏えい,PF-091;PF-015;特殊引火物;二硫化炭素;標準;重点,二硫化炭素の分類として、正しいものはどれか。,,,,,,特殊引火物,第6類危険物,第三石油類,第二石油類,動植物油類,1,二硫化炭素は特殊引火物に分類される代表例である。【試験ポイント】二硫化炭素は特殊引火物。【ひっかけ】第6類の酸化性液体と混同しない。【選択肢ア】正しい。特殊引火物である。【選択肢イ】誤り。第6類ではない。【選択肢ウ】誤り。第三石油類ではない。【選択肢エ】誤り。第二石油類ではない。【選択肢オ】誤り。動植物油類ではない。,2:（2）「第6類危険物」は、単独の記述としては法令上妥当な場合がありますが、本問で選ぶべき正答は（1）「特殊引火物」です。問題文の条件（二硫化炭素の分類として、正しいものはどれか。…）と照らし、設問が問う論点に合う肢を選び直してください。;3:（3）「第三石油類」は、単独の記述としては法令上妥当な場合がありますが、本問で選ぶべき正答は（1）「特殊引火物」です。問題文の条件（二硫化炭素の分類として、正しいものはどれか。…）と照らし、設問が問う論点に合う肢を選び直してください。;4:（4）「第二石油類」は、単独の記述としては法令上妥当な場合がありますが、本問で選ぶべき正答は（1）「特殊引火物」です。問題文の条件（二硫化炭素の分類として、正しいものはどれか。…）と照らし、設問が問う論点に合う肢を選び直してください。;5:（5）「動植物油類」は、単独の記述としては法令上妥当な場合がありますが、本問で選ぶべき正答は（1）「特殊引火物」です。問題文の条件（二硫化炭素の分類として、正しいものはどれか。…）と照らし、設問が問う論点に合う肢を選び直してください。,二硫化炭素は特殊引火物に分類される代表例である。【試験ポイント】二硫化炭素は特殊引火物。【ひっかけ】第6類の酸化性液体と混同しない。【選択肢ア】正しい。特殊引火物である。【選択肢イ】誤り。第6類ではない。【選択肢ウ】誤り。第三石油類ではない。【選択肢エ】誤り。第二石油類ではない。【選択肢オ】誤り。動植物油類ではない。,二硫化炭素は特殊引火物に分類される代表例である。【試験ポイント】二硫化炭素は特殊引火物。【ひっかけ】第6類の酸化性液体と混同しない。【選択肢ア】正しい。特殊引火物である。【選択肢イ】誤り。第6類ではない。【選択肢ウ】誤り。第三石油類ではない。【選択肢エ】誤り。第二石油類ではない。【選択肢オ】誤り。動植物油類ではない。,
339,single,火災・消火・漏えい,PF-092;PF-017;第一石油類;第一石油類の性質;標準;重点,第一石油類の代表例として、正しい組合せはどれか。,,,,,,重油・潤滑油・大豆油,灯油・軽油・重油,ガソリン・ベンゼン・トルエン,ジエチルエーテル・二硫化炭素・アセトアルデヒド,メタノール・エタノール・グリセリン,3,ガソリン、ベンゼン、トルエンは第一石油類の代表例である。【試験ポイント】ガソリン・ベンゼン・トルエンは第一石油類。【ひっかけ】石油類と特殊引火物を混同しない。【選択肢ア】誤り。分類が混在している。【選択肢イ】誤り。灯油・軽油は第二、重油は第三である。【選択肢ウ】正しい。第一石油類の代表例である。【選択肢エ】誤り。特殊引火物である。【選択肢オ】誤り。メタノール・エタノールはアルコール類である。,1:（1）「重油・潤滑油・大豆油」は、単独の記述としては法令上妥当な場合がありますが、本問で選ぶべき正答は（3）「ガソリン・ベンゼン・トルエン」です。問題文の条件（第一石油類の代表例として、正しい組合せはどれか。…）と照らし、設問が問う論点に合う肢を選び直してください。;2:（2）「灯油・軽油・重油」は、単独の記述としては法令上妥当な場合がありますが、本問で選ぶべき正答は（3）「ガソリン・ベンゼン・トルエン」です。問題文の条件（第一石油類の代表例として、正しい組合せはどれか。…）と照らし、設問が問う論点に合う肢を選び直してください。;4:（4）の内容は、正答（3）「ガソリン・ベンゼン・トルエン」が示す論点とずれています。 解説の要点：ガソリン、ベンゼン、トルエンは第一石油類の代表例である。【試験ポイント】ガソリン・ベンゼン・トルエンは第一石油類。【ひっかけ】石油類と特殊引火物を混同しない。【選択肢ア】誤り。分類が混在している。【選択肢イ】誤り。灯油・軽油は第二、重油は第三である。【選択肢ウ】正しい。第一石油類… 正答（3）との違いを確認し直してください。;5:（5）の内容は、正答（3）「ガソリン・ベンゼン・トルエン」が示す論点とずれています。 解説の要点：ガソリン、ベンゼン、トルエンは第一石油類の代表例である。【試験ポイント】ガソリン・ベンゼン・トルエンは第一石油類。【ひっかけ】石油類と特殊引火物を混同しない。【選択肢ア】誤り。分類が混在している。【選択肢イ】誤り。灯油・軽油は第二、重油は第三である。【選択肢ウ】正しい。第一石油類… 正答（3）との違いを確認し直してください。,【試験ポイント】ガソリン・ベンゼン・トルエンは第一石油類。,ガソリン、ベンゼン、トルエンは第一石油類の代表例である。【試験ポイント】ガソリン・ベンゼン・トルエンは第一石油類。【ひっかけ】石油類と特殊引火物を混同しない。【選択肢ア】誤り。分類が混在している。【選択肢イ】誤り。灯油・軽油は第二、重油は第三である。【選択肢ウ】正しい。第一石油類の代表例である。【選択肢エ】誤り。特殊引火物である。【選択肢オ】誤り。メタノール,
340,single,火災・消火・漏えい,PF-093;PF-020;第一石油類;アセトン;標準;重点,アセトンの指定数量として正しいものはどれか。,,,,,,"10,000 L",200 L,"1,000 L",50 L,400 L,5,"アセトンは第一石油類の水溶性液体であり、指定数量は400 Lである。【試験ポイント】アセトンは第一石油類・水溶性・400 L。【ひっかけ】ガソリン200 Lと混同しない。【選択肢ア】誤り。10,000 Lは動植物油類である。【選択肢イ】誤り。200 Lは第一石油類の非水溶性液体である。【選択肢ウ】誤り。1,000 Lは第二石油類の非水溶性液体である。【選択肢エ】誤り。50 Lは特殊引火物である。【選択肢オ】正しい。アセトンは400 Lである。","1:（1）「10,000 L」は、単独の記述としては法令上妥当な場合がありますが、本問で選ぶべき正答は（5）「400 L」です。問題文の条件（アセトンの指定数量として正しいものはどれか。…）と照らし、設問が問う論点に合う肢を選び直してください。;2:（2）「200 L」は、単独の記述としては法令上妥当な場合がありますが、本問で選ぶべき正答は（5）「400 L」です。問題文の条件（アセトンの指定数量として正しいものはどれか。…）と照らし、設問が問う論点に合う肢を選び直してください。;3:（3）「1,000 L」は、単独の記述としては法令上妥当な場合がありますが、本問で選ぶべき正答は（5）「400 L」です。問題文の条件（アセトンの指定数量として正しいものはどれか。…）と照らし、設問が問う論点に合う肢を選び直してください。;4:（4）「50 L」は、単独の記述としては法令上妥当な場合がありますが、本問で選ぶべき正答は（5）「400 L」です。問題文の条件（アセトンの指定数量として正しいものはどれか。…）と照らし、設問が問う論点に合う肢を選び直してください。","アセトンは第一石油類の水溶性液体であり、指定数量は400 Lである。【試験ポイント】アセトンは第一石油類・水溶性・400 L。【ひっかけ】ガソリン200 Lと混同しない。【選択肢ア】誤り。10,000 Lは動植物油類である。【選択肢イ】誤り。200 Lは第一石油類の非水溶性液体である。【選択肢ウ】誤り。1,000 Lは第二石油類の非水溶性液体である。【選択肢エ】誤り。50 Lは特殊引火物である。【選択肢オ】正しい。アセトンは400 Lである。","アセトンは第一石油類の水溶性液体であり、指定数量は400 Lである。【試験ポイント】アセトンは第一石油類・水溶性・400 L。【ひっかけ】ガソリン200 Lと混同しない。【選択肢ア】誤り。10,000 Lは動植物油類である。【選択肢イ】誤り。200 Lは第一石油類の非水溶性液体である。【選択肢ウ】誤り。1,000 Lは第二石油類の非水溶性液体である。【選択肢",
341,single,火災・消火・漏えい,PF-094;PF-026;第二石油類;第二石油類の性質;標準;重点,第二石油類の非水溶性液体の代表例として、適切なものはどれか。,,,,,,ジエチルエーテル,灯油,グリセリン,メタノール,アセトン,2,灯油は第二石油類の非水溶性液体として整理される代表例である。【試験ポイント】灯油は第二石油類・非水溶性。【ひっかけ】アセトンやメタノールと混同しない。【選択肢ア】誤り。ジエチルエーテルは特殊引火物である。【選択肢イ】正しい。灯油である。【選択肢ウ】誤り。グリセリンは第三石油類の水溶性液体である。【選択肢エ】誤り。メタノールはアルコール類である。【選択肢オ】誤り。アセトンは第一石油類の水溶性液体である。,1:（1）「ジエチルエーテル」は、単独の記述としては法令上妥当な場合がありますが、本問で選ぶべき正答は（2）「灯油」です。問題文の条件（第二石油類の非水溶性液体の代表例として、適切なものはどれか。…）と照らし、設問が問う論点に合う肢を選び直してください。;3:（3）「グリセリン」は、単独の記述としては法令上妥当な場合がありますが、本問で選ぶべき正答は（2）「灯油」です。問題文の条件（第二石油類の非水溶性液体の代表例として、適切なものはどれか。…）と照らし、設問が問う論点に合う肢を選び直してください。;4:（4）「メタノール」は、単独の記述としては法令上妥当な場合がありますが、本問で選ぶべき正答は（2）「灯油」です。問題文の条件（第二石油類の非水溶性液体の代表例として、適切なものはどれか。…）と照らし、設問が問う論点に合う肢を選び直してください。;5:（5）「アセトン」は、単独の記述としては法令上妥当な場合がありますが、本問で選ぶべき正答は（2）「灯油」です。問題文の条件（第二石油類の非水溶性液体の代表例として、適切なものはどれか。…）と照らし、設問が問う論点に合う肢を選び直してください。,灯油は第二石油類の非水溶性液体として整理される代表例である。【試験ポイント】灯油は第二石油類・非水溶性。【ひっかけ】アセトンやメタノールと混同しない。【選択肢ア】誤り。ジエチルエーテルは特殊引火物である。【選択肢イ】正しい。灯油である。【選択肢ウ】誤り。グリセリンは第三石油類の水溶性液体である。【選択肢エ】誤り。メタノールはアルコール類である。【選択肢オ】誤り。アセトンは第一石油類の水溶性液体である。,灯油は第二石油類の非水溶性液体として整理される代表例である。【試験ポイント】灯油は第二石油類・非水溶性。【ひっかけ】アセトンやメタノールと混同しない。【選択肢ア】誤り。ジエチルエーテルは特殊引火物である。【選択肢イ】正しい。灯油である。【選択肢ウ】誤り。グリセリンは第三石油類の水溶性液体である。【選択肢エ】誤り。メタノールはアルコール類である。【選択肢オ】誤,
342,single,火災・消火・漏えい,PF-095;PF-029;第二石油類;キシレン・酢酸などの第二石油類;標準;網羅,酢酸の指定数量として、正しいものはどれか。ただし、酢酸は第二石油類の水溶性液体として扱う。,,,,,,"1,000 L",400 L,50 L,200 L,"2,000 L",5,"酢酸は第二石油類の水溶性液体として扱われ、指定数量は2,000 Lである。【試験ポイント】酢酸は第二石油類・水溶性・2,000 L。【ひっかけ】酢酸エチルと酢酸を混同しない。【選択肢ア】誤り。1,000 Lは第二石油類の非水溶性液体である。【選択肢イ】誤り。400 Lはアルコール類などである。【選択肢ウ】誤り。50 Lは特殊引火物である。【選択肢エ】誤り。200 Lは第一石油類の非水溶性液体である。【選択肢オ】正しい。第二石油類の水溶性液体は2,000 Lである。","1:（1）「1,000 L」は、単独の記述としては法令上妥当な場合がありますが、本問で選ぶべき正答は（5）「2,000 L」です。問題文の条件（酢酸の指定数量として、正しいものはどれか。ただし、酢酸は第二石油類の水溶性液体として扱う。…）と照らし、設問が問う論点に合う肢を選び直してください。;2:（2）「400 L」は、単独の記述としては法令上妥当な場合がありますが、本問で選ぶべき正答は（5）「2,000 L」です。問題文の条件（酢酸の指定数量として、正しいものはどれか。ただし、酢酸は第二石油類の水溶性液体として扱う。…）と照らし、設問が問う論点に合う肢を選び直してください。;3:（3）「50 L」は、単独の記述としては法令上妥当な場合がありますが、本問で選ぶべき正答は（5）「2,000 L」です。問題文の条件（酢酸の指定数量として、正しいものはどれか。ただし、酢酸は第二石油類の水溶性液体として扱う。…）と照らし、設問が問う論点に合う肢を選び直してください。;4:（4）「200 L」は、単独の記述としては法令上妥当な場合がありますが、本問で選ぶべき正答は（5）「2,000 L」です。問題文の条件（酢酸の指定数量として、正しいものはどれか。ただし、酢酸は第二石油類の水溶性液体として扱う。…）と照らし、設問が問う論点に合う肢を選び直してください。","酢酸は第二石油類の水溶性液体として扱われ、指定数量は2,000 Lである。【試験ポイント】酢酸は第二石油類・水溶性・2,000 L。【ひっかけ】酢酸エチルと酢酸を混同しない。【選択肢ア】誤り。1,000 Lは第二石油類の非水溶性液体である。【選択肢イ】誤り。400 Lはアルコール類などである。【選択肢ウ】誤り。50 Lは特殊引火物である。【選択肢エ】誤り。200 Lは第一石油類の非水溶性液体である。【選択肢オ】正しい。第二石油類の水溶性液体は2,000 Lである。","酢酸は第二石油類の水溶性液体として扱われ、指定数量は2,000 Lである。【試験ポイント】酢酸は第二石油類・水溶性・2,000 L。【ひっかけ】酢酸エチルと酢酸を混同しない。【選択肢ア】誤り。1,000 Lは第二石油類の非水溶性液体である。【選択肢イ】誤り。400 Lはアルコール類などである。【選択肢ウ】誤り。50 Lは特殊引火物である。【選択肢エ】誤り。2",
343,single,火災・消火・漏えい,PF-096;PF-031;第三石油類;重油;標準;重点,重油の指定数量として、正しいものはどれか。ただし、重油は第三石油類の非水溶性液体として扱う。,,,,,,"2,000 L","1,000 L",200 L,50 L,400 L,1,"重油は第三石油類の非水溶性液体として扱われ、指定数量は2,000 Lである。【試験ポイント】重油は第三石油類・非水溶性・2,000 L。【ひっかけ】灯油・軽油1,000 Lと混同しない。【選択肢ア】正しい。第三石油類の非水溶性液体は2,000 Lである。【選択肢イ】誤り。1,000 Lは第二石油類の非水溶性液体である。【選択肢ウ】誤り。200 Lは第一石油類の非水溶性液体である。【選択肢エ】誤り。50 Lは特殊引火物である。【選択肢オ】誤り。400 Lはアルコール類などである。","2:（2）「1,000 L」は、単独の記述としては法令上妥当な場合がありますが、本問で選ぶべき正答は（1）「2,000 L」です。問題文の条件（重油の指定数量として、正しいものはどれか。ただし、重油は第三石油類の非水溶性液体として扱う。…）と照らし、設問が問う論点に合う肢を選び直してください。;3:（3）「200 L」は、単独の記述としては法令上妥当な場合がありますが、本問で選ぶべき正答は（1）「2,000 L」です。問題文の条件（重油の指定数量として、正しいものはどれか。ただし、重油は第三石油類の非水溶性液体として扱う。…）と照らし、設問が問う論点に合う肢を選び直してください。;4:（4）「50 L」は、単独の記述としては法令上妥当な場合がありますが、本問で選ぶべき正答は（1）「2,000 L」です。問題文の条件（重油の指定数量として、正しいものはどれか。ただし、重油は第三石油類の非水溶性液体として扱う。…）と照らし、設問が問う論点に合う肢を選び直してください。;5:（5）「400 L」は、単独の記述としては法令上妥当な場合がありますが、本問で選ぶべき正答は（1）「2,000 L」です。問題文の条件（重油の指定数量として、正しいものはどれか。ただし、重油は第三石油類の非水溶性液体として扱う。…）と照らし、設問が問う論点に合う肢を選び直してください。","重油は第三石油類の非水溶性液体として扱われ、指定数量は2,000 Lである。【試験ポイント】重油は第三石油類・非水溶性・2,000 L。【ひっかけ】灯油・軽油1,000 Lと混同しない。【選択肢ア】正しい。第三石油類の非水溶性液体は2,000 Lである。【選択肢イ】誤り。1,000 Lは第二石油類の非水溶性液体である。【選択肢ウ】誤り。200 Lは第一石油類の非水溶性液体である。【選択肢エ】誤り。50 Lは特殊引火物である。【選択肢オ】誤り。400 Lはアルコール類などである。","重油は第三石油類の非水溶性液体として扱われ、指定数量は2,000 Lである。【試験ポイント】重油は第三石油類・非水溶性・2,000 L。【ひっかけ】灯油・軽油1,000 Lと混同しない。【選択肢ア】正しい。第三石油類の非水溶性液体は2,000 Lである。【選択肢イ】誤り。1,000 Lは第二石油類の非水溶性液体である。【選択肢ウ】誤り。200 Lは第一石油類",
344,single,火災・消火・漏えい,PF-097;PF-032;第三石油類;クレオソート油・アニリン・エチレングリコール;標準;網羅,エチレングリコールとグリセリンに共通する分類として、正しいものはどれか。,,,,,,第三石油類,第一石油類,アルコール類,特殊引火物,動植物油類,1,エチレングリコールとグリセリンはいずれも第三石油類として整理される。【試験ポイント】エチレングリコール・グリセリンは第三石油類。【ひっかけ】名称からアルコール類と判断しない。【選択肢ア】正しい。第三石油類である。【選択肢イ】誤り。第一石油類ではない。【選択肢ウ】誤り。アルコール類ではない。【選択肢エ】誤り。特殊引火物ではない。【選択肢オ】誤り。動植物油類ではない。,2:（2）「第一石油類」は、単独の記述としては法令上妥当な場合がありますが、本問で選ぶべき正答は（1）「第三石油類」です。問題文の条件（エチレングリコールとグリセリンに共通する分類として、正しいものはどれか。…）と照らし、設問が問う論点に合う肢を選び直してください。;3:（3）「アルコール類」は、単独の記述としては法令上妥当な場合がありますが、本問で選ぶべき正答は（1）「第三石油類」です。問題文の条件（エチレングリコールとグリセリンに共通する分類として、正しいものはどれか。…）と照らし、設問が問う論点に合う肢を選び直してください。;4:（4）「特殊引火物」は、単独の記述としては法令上妥当な場合がありますが、本問で選ぶべき正答は（1）「第三石油類」です。問題文の条件（エチレングリコールとグリセリンに共通する分類として、正しいものはどれか。…）と照らし、設問が問う論点に合う肢を選び直してください。;5:（5）「動植物油類」は、単独の記述としては法令上妥当な場合がありますが、本問で選ぶべき正答は（1）「第三石油類」です。問題文の条件（エチレングリコールとグリセリンに共通する分類として、正しいものはどれか。…）と照らし、設問が問う論点に合う肢を選び直してください。,エチレングリコールとグリセリンはいずれも第三石油類として整理される。【試験ポイント】エチレングリコール・グリセリンは第三石油類。【ひっかけ】名称からアルコール類と判断しない。【選択肢ア】正しい。第三石油類である。【選択肢イ】誤り。第一石油類ではない。【選択肢ウ】誤り。アルコール類ではない。【選択肢エ】誤り。特殊引火物ではない。【選択肢オ】誤り。動植物油類ではない。,エチレングリコールとグリセリンはいずれも第三石油類として整理される。【試験ポイント】エチレングリコール・グリセリンは第三石油類。【ひっかけ】名称からアルコール類と判断しない。【選択肢ア】正しい。第三石油類である。【選択肢イ】誤り。第一石油類ではない。【選択肢ウ】誤り。アルコール類ではない。【選択肢エ】誤り。特殊引火物ではない。【選択肢オ】誤り。動植物油類では,
345,single,火災・消火・漏えい,PF-098;PF-033;第四石油類;第四石油類・潤滑油類;標準;網羅,第四石油類の指定数量として、正しいものはどれか。,,,,,,200 L,"6,000 L",400 L,"1,000 L",50 L,2,"第四石油類の指定数量は6,000 Lである。【試験ポイント】第四石油類は6,000 L。【ひっかけ】動植物油類10,000 Lと混同しない。【選択肢ア】誤り。200 Lは第一石油類の非水溶性液体である。【選択肢イ】正しい。第四石油類は6,000 Lである。【選択肢ウ】誤り。400 Lはアルコール類などである。【選択肢エ】誤り。1,000 Lは第二石油類の非水溶性液体である。【選択肢オ】誤り。50 Lは特殊引火物である。","1:（1）「200 L」は、単独の記述としては法令上妥当な場合がありますが、本問で選ぶべき正答は（2）「6,000 L」です。問題文の条件（第四石油類の指定数量として、正しいものはどれか。…）と照らし、設問が問う論点に合う肢を選び直してください。;3:（3）「400 L」は、単独の記述としては法令上妥当な場合がありますが、本問で選ぶべき正答は（2）「6,000 L」です。問題文の条件（第四石油類の指定数量として、正しいものはどれか。…）と照らし、設問が問う論点に合う肢を選び直してください。;4:（4）「1,000 L」は、単独の記述としては法令上妥当な場合がありますが、本問で選ぶべき正答は（2）「6,000 L」です。問題文の条件（第四石油類の指定数量として、正しいものはどれか。…）と照らし、設問が問う論点に合う肢を選び直してください。;5:（5）「50 L」は、単独の記述としては法令上妥当な場合がありますが、本問で選ぶべき正答は（2）「6,000 L」です。問題文の条件（第四石油類の指定数量として、正しいものはどれか。…）と照らし、設問が問う論点に合う肢を選び直してください。","第四石油類の指定数量は6,000 Lである。【試験ポイント】第四石油類は6,000 L。【ひっかけ】動植物油類10,000 Lと混同しない。【選択肢ア】誤り。200 Lは第一石油類の非水溶性液体である。【選択肢イ】正しい。第四石油類は6,000 Lである。【選択肢ウ】誤り。400 Lはアルコール類などである。【選択肢エ】誤り。1,000 Lは第二石油類の非水溶性液体である。【選択肢オ】誤り。50 Lは特殊引火物である。","第四石油類の指定数量は6,000 Lである。【試験ポイント】第四石油類は6,000 L。【ひっかけ】動植物油類10,000 Lと混同しない。【選択肢ア】誤り。200 Lは第一石油類の非水溶性液体である。【選択肢イ】正しい。第四石油類は6,000 Lである。【選択肢ウ】誤り。400 Lはアルコール類などである。【選択肢エ】誤り。1,000 Lは第二石油類の非水",
346,single,火災・消火・漏えい,PF-099;PF-034;動植物油類;動植物油類の性質;標準;網羅,菜種油や大豆油の分類として、正しいものはどれか。,,,,,,特殊引火物,第三石油類,アルコール類,動植物油類,第一石油類,4,菜種油や大豆油は動植物油類として整理される。【試験ポイント】菜種油・大豆油は動植物油類。【ひっかけ】食用油でも危険物分類の対象になり得る。【選択肢ア】誤り。特殊引火物ではない。【選択肢イ】誤り。第三石油類ではない。【選択肢ウ】誤り。アルコール類ではない。【選択肢エ】正しい。動植物油類である。【選択肢オ】誤り。第一石油類ではない。,1:（1）「特殊引火物」は、単独の記述としては法令上妥当な場合がありますが、本問で選ぶべき正答は（4）「動植物油類」です。問題文の条件（菜種油や大豆油の分類として、正しいものはどれか。…）と照らし、設問が問う論点に合う肢を選び直してください。;2:（2）「第三石油類」は、単独の記述としては法令上妥当な場合がありますが、本問で選ぶべき正答は（4）「動植物油類」です。問題文の条件（菜種油や大豆油の分類として、正しいものはどれか。…）と照らし、設問が問う論点に合う肢を選び直してください。;3:（3）「アルコール類」は、単独の記述としては法令上妥当な場合がありますが、本問で選ぶべき正答は（4）「動植物油類」です。問題文の条件（菜種油や大豆油の分類として、正しいものはどれか。…）と照らし、設問が問う論点に合う肢を選び直してください。;5:（5）「第一石油類」は、単独の記述としては法令上妥当な場合がありますが、本問で選ぶべき正答は（4）「動植物油類」です。問題文の条件（菜種油や大豆油の分類として、正しいものはどれか。…）と照らし、設問が問う論点に合う肢を選び直してください。,菜種油や大豆油は動植物油類として整理される。【試験ポイント】菜種油・大豆油は動植物油類。【ひっかけ】食用油でも危険物分類の対象になり得る。【選択肢ア】誤り。特殊引火物ではない。【選択肢イ】誤り。第三石油類ではない。【選択肢ウ】誤り。アルコール類ではない。【選択肢エ】正しい。動植物油類である。【選択肢オ】誤り。第一石油類ではない。,菜種油や大豆油は動植物油類として整理される。【試験ポイント】菜種油・大豆油は動植物油類。【ひっかけ】食用油でも危険物分類の対象になり得る。【選択肢ア】誤り。特殊引火物ではない。【選択肢イ】誤り。第三石油類ではない。【選択肢ウ】誤り。アルコール類ではない。【選択肢エ】正しい。動植物油類である。【選択肢オ】誤り。第一石油類ではない。,
347,single,火災・消火・漏えい,PF-100;PF-035;動植物油類;乾性油・自然発火;標準;重点,油を含んだ布を大量に積み重ねて放置することが危険な理由として、適切なものはどれか。,,,,,,指定数量が自動的に減るため。,酸化熱が蓄積し、自然発火するおそれがあるため。,必ず水に溶けて消火されるため。,第6類危険物になるため。,不燃性に変化するため。,2,油を含んだ布は、酸化熱が蓄積して自然発火するおそれがあるため、放置や積み重ねに注意する。【試験ポイント】油を含んだ布は蓄熱に注意。【ひっかけ】火源がないから安全とは限らない。【選択肢ア】誤り。指定数量は変わらない。【選択肢イ】正しい。自然発火の危険がある。【選択肢ウ】誤り。水に溶けて消火されるとは限らない。【選択肢エ】誤り。第6類になるわけではない。【選択肢オ】誤り。不燃性になるわけではない。,1:（1）「指定数量が自動的に減るため。」は、単独の記述としては法令上妥当な場合がありますが、本問で選ぶべき正答は（2）「酸化熱が蓄積し、自然発火するおそれがあるため。」です。問題文の条件（油を含んだ布を大量に積み重ねて放置することが危険な理由として、適切なものはどれか。…）と照らし、設問が問う論点に合う肢を選び直してください。;3:（3）の内容は、正答（2）「酸化熱が蓄積し、自然発火するおそれがあるため。」が示す論点とずれています。 解説の要点：油を含んだ布は、酸化熱が蓄積して自然発火するおそれがあるため、放置や積み重ねに注意する。【試験ポイント】油を含んだ布は蓄熱に注意。【ひっかけ】火源がないから安全とは限らない。【選択肢ア】誤り。指定数量は変わらない。【選択肢イ】正しい。自然発火の危険がある。【選択肢ウ】誤り。水に溶… 正答（2）との違いを確認し直してください。;4:（4）「第6類危険物になるため。」は、単独の記述としては法令上妥当な場合がありますが、本問で選ぶべき正答は（2）「酸化熱が蓄積し、自然発火するおそれがあるため。」です。問題文の条件（油を含んだ布を大量に積み重ねて放置することが危険な理由として、適切なものはどれか。…）と照らし、設問が問う論点に合う肢を選び直してください。;5:（5）「不燃性に変化するため。」は、単独の記述としては法令上妥当な場合がありますが、本問で選ぶべき正答は（2）「酸化熱が蓄積し、自然発火するおそれがあるため。」です。問題文の条件（油を含んだ布を大量に積み重ねて放置することが危険な理由として、適切なものはどれか。…）と照らし、設問が問う論点に合う肢を選び直してください。,油を含んだ布は、酸化熱が蓄積して自然発火するおそれがあるため、放置や積み重ねに注意する。【試験ポイント】油を含んだ布は蓄熱に注意。【ひっかけ】火源がないから安全とは限らない。【選択肢ア】誤り。指定数量は変わらない。【選択肢イ】正しい。自然発火の危険がある。【選択肢ウ】誤り。水に溶けて消火されるとは限らない。【選択肢エ】誤り。第6類になるわけではない。【選択肢オ】誤り。不燃性になるわけではない。,油を含んだ布は、酸化熱が蓄積して自然発火するおそれがあるため、放置や積み重ねに注意する。【試験ポイント】油を含んだ布は蓄熱に注意。【ひっかけ】火源がないから安全とは限らない。【選択肢ア】誤り。指定数量は変わらない。【選択肢イ】正しい。自然発火の危険がある。【選択肢ウ】誤り。水に溶けて消火されるとは限らない。【選択肢エ】誤り。第6類になるわけではない。【選択肢,
348,single,火災・消火・漏えい,PF-101;PF-040;分類比較;水溶性・非水溶性の代表例;標準;重点,水溶性液体として整理される第4類危険物の組合せとして、適切なものはどれか。,,,,,,重油・潤滑油・大豆油,ジエチルエーテル・二硫化炭素・ガソリン,ガソリン・灯油・軽油,アセトン・メタノール・エタノール,灯油・軽油・重油,4,アセトン、メタノール、エタノールは水溶性液体として整理される代表例である。【試験ポイント】アセトン・メタノール・エタノールは水溶性。【ひっかけ】水溶性でも引火危険がある。【選択肢ア】誤り。水溶性液体の組合せではない。【選択肢イ】誤り。水溶性液体の組合せではない。【選択肢ウ】誤り。いずれも非水溶性として整理される。【選択肢エ】正しい。水溶性液体の代表例である。【選択肢オ】誤り。非水溶性の組合せである。,1:（1）「重油・潤滑油・大豆油」は、単独の記述としては法令上妥当な場合がありますが、本問で選ぶべき正答は（4）「アセトン・メタノール・エタノール」です。問題文の条件（水溶性液体として整理される第4類危険物の組合せとして、適切なものはどれか。…）と照らし、設問が問う論点に合う肢を選び直してください。;2:（2）の内容は、正答（4）「アセトン・メタノール・エタノール」が示す論点とずれています。 解説の要点：アセトン、メタノール、エタノールは水溶性液体として整理される代表例である。【試験ポイント】アセトン・メタノール・エタノールは水溶性。【ひっかけ】水溶性でも引火危険がある。【選択肢ア】誤り。水溶性液体の組合せではない。【選択肢イ】誤り。水溶性液体の組合せではない。【選択肢ウ】誤り。… 正答（4）との違いを確認し直してください。;3:（3）「ガソリン・灯油・軽油」は、単独の記述としては法令上妥当な場合がありますが、本問で選ぶべき正答は（4）「アセトン・メタノール・エタノール」です。問題文の条件（水溶性液体として整理される第4類危険物の組合せとして、適切なものはどれか。…）と照らし、設問が問う論点に合う肢を選び直してください。;5:（5）「灯油・軽油・重油」は、単独の記述としては法令上妥当な場合がありますが、本問で選ぶべき正答は（4）「アセトン・メタノール・エタノール」です。問題文の条件（水溶性液体として整理される第4類危険物の組合せとして、適切なものはどれか。…）と照らし、設問が問う論点に合う肢を選び直してください。,【試験ポイント】アセトン・メタノール・エタノールは水溶性。,アセトン、メタノール、エタノールは水溶性液体として整理される代表例である。【試験ポイント】アセトン・メタノール・エタノールは水溶性。【ひっかけ】水溶性でも引火危険がある。【選択肢ア】誤り。水溶性液体の組合せではない。【選択肢イ】誤り。水溶性液体の組合せではない。【選択肢ウ】誤り。いずれも非水溶性として整理される。【選択肢エ】正しい。水溶性液体の代表例である。,
349,single,火災・消火・漏えい,PF-102;PF-043;消火方法;物質別の消火方法;標準;重点,水溶性液体火災で泡消火を考える場合の注意として、適切なものはどれか。,,,,,,泡消火剤は必ず燃焼を促進する。,水溶性なら必ず火災危険がない。,水溶性液体はすべて第1類危険物である。,火気を近づけて確認する必要がある。,通常の泡が破壊されやすいため、耐アルコール泡などを考慮する。,5,水溶性液体火災では通常の泡が破壊されやすいため、耐アルコール泡などの適用を考慮する。【試験ポイント】水溶性液体火災では耐アルコール泡を意識する。【ひっかけ】水溶性＝安全ではない。【選択肢ア】誤り。泡は消火に使われる。【選択肢イ】誤り。水溶性でも引火危険がある。【選択肢ウ】誤り。第4類にも水溶性液体がある。【選択肢エ】誤り。火気を近づけてはならない。【選択肢オ】正しい。水溶性液体火災の注意点である。,1:（1）の内容は、正答（5）「通常の泡が破壊されやすいため、耐アルコール泡などを考慮する。」が示す論点とずれています。 解説の要点：水溶性液体火災では通常の泡が破壊されやすいため、耐アルコール泡などの適用を考慮する。【試験ポイント】水溶性液体火災では耐アルコール泡を意識する。【ひっかけ】水溶性＝安全ではない。【選択肢ア】誤り。泡は消火に使われる。【選択肢イ】誤り。水溶性でも引火危険がある。【選択肢ウ】誤り。第… 正答（5）との違いを確認し直してください。;2:解説では「水溶性でも引火危険がある。」とある一方、（2）の記述はそれと矛盾します。 解説の要点：水溶性液体火災では通常の泡が破壊されやすいため、耐アルコール泡などの適用を考慮する。【試験ポイント】水溶性液体火災では耐アルコール泡を意識する。【ひっかけ】水溶性＝安全ではない。【選択肢ア】誤り。泡は消火に使われる。【選択肢イ】誤り。水溶性でも引火危険がある。【選択肢ウ】誤り。第… 正答（5）との違いを確認し直してください。;3:（3）の内容は、正答（5）「通常の泡が破壊されやすいため、耐アルコール泡などを考慮する。」が示す論点とずれています。 解説の要点：水溶性液体火災では通常の泡が破壊されやすいため、耐アルコール泡などの適用を考慮する。【試験ポイント】水溶性液体火災では耐アルコール泡を意識する。【ひっかけ】水溶性＝安全ではない。【選択肢ア】誤り。泡は消火に使われる。【選択肢イ】誤り。水溶性でも引火危険がある。【選択肢ウ】誤り。第… 正答（5）との違いを確認し直してください。;4:（4）の内容は、正答（5）「通常の泡が破壊されやすいため、耐アルコール泡などを考慮する。」が示す論点とずれています。 解説の要点：水溶性液体火災では通常の泡が破壊されやすいため、耐アルコール泡などの適用を考慮する。【試験ポイント】水溶性液体火災では耐アルコール泡を意識する。【ひっかけ】水溶性＝安全ではない。【選択肢ア】誤り。泡は消火に使われる。【選択肢イ】誤り。水溶性でも引火危険がある。【選択肢ウ】誤り。第… 正答（5）との違いを確認し直してください。,水溶性液体火災では通常の泡が破壊されやすいため、耐アルコール泡などの適用を考慮する。,水溶性液体火災では通常の泡が破壊されやすいため、耐アルコール泡などの適用を考慮する。【試験ポイント】水溶性液体火災では耐アルコール泡を意識する。【ひっかけ】水溶性＝安全ではない。【選択肢ア】誤り。泡は消火に使われる。【選択肢イ】誤り。水溶性でも引火危険がある。【選択肢ウ】誤り。第4類にも水溶性液体がある。【選択肢エ】誤り。火気を近づけてはならない。【選択肢オ,
350,single,火災・消火・漏えい,PF-103;PF-046;総合問題;性消分野の複合問題;標準;総合,性質・消火分野で誤りやすい組合せとして、特に注意すべきものはどれか。,,,,,,会社名とロゴ,免状番号と受験番号,液比重と蒸気比重,販売価格と広告文,試験会場と座席番号,3,第4類危険物では、液比重と蒸気比重の混同がよくある。液比重は水、蒸気比重は空気を基準に考える。【試験ポイント】液比重は水基準、蒸気比重は空気基準。【ひっかけ】水に浮くことと蒸気が低所にたまることを混同しない。【選択肢ア】誤り。性消分野ではない。【選択肢イ】誤り。性消分野の本質的論点ではない。【選択肢ウ】正しい。混同しやすい重要論点である。【選択肢エ】誤り。性消分野ではない。【選択肢オ】誤り。試験運営情報である。,1:（1）「会社名とロゴ」は、単独の記述としては法令上妥当な場合がありますが、本問で選ぶべき正答は（3）「液比重と蒸気比重」です。問題文の条件（性質・消火分野で誤りやすい組合せとして、特に注意すべきものはどれか。…）と照らし、設問が問う論点に合う肢を選び直してください。;2:（2）「免状番号と受験番号」は、単独の記述としては法令上妥当な場合がありますが、本問で選ぶべき正答は（3）「液比重と蒸気比重」です。問題文の条件（性質・消火分野で誤りやすい組合せとして、特に注意すべきものはどれか。…）と照らし、設問が問う論点に合う肢を選び直してください。;4:（4）「販売価格と広告文」は、単独の記述としては法令上妥当な場合がありますが、本問で選ぶべき正答は（3）「液比重と蒸気比重」です。問題文の条件（性質・消火分野で誤りやすい組合せとして、特に注意すべきものはどれか。…）と照らし、設問が問う論点に合う肢を選び直してください。;5:（5）「試験会場と座席番号」は、単独の記述としては法令上妥当な場合がありますが、本問で選ぶべき正答は（3）「液比重と蒸気比重」です。問題文の条件（性質・消火分野で誤りやすい組合せとして、特に注意すべきものはどれか。…）と照らし、設問が問う論点に合う肢を選び直してください。,第4類危険物では、液比重と蒸気比重の混同がよくある。,第4類危険物では、液比重と蒸気比重の混同がよくある。液比重は水、蒸気比重は空気を基準に考える。【試験ポイント】液比重は水基準、蒸気比重は空気基準。【ひっかけ】水に浮くことと蒸気が低所にたまることを混同しない。【選択肢ア】誤り。性消分野ではない。【選択肢イ】誤り。性消分野の本質的論点ではない。【選択肢ウ】正しい。混同しやすい重要論点である。【選択肢エ】誤り。性,
351,single,法令・制度,L-171;LAW-004;指定数量;指定数量の意味;基礎;重点,指定数量の説明として最も適切なものはどれか。,,,,,,危険物の販売価格である。,危険物の危険性に応じて定められる基準数量である。,危険物取扱者の年齢制限である。,消火器の重さである。,試験時間の単位である。,2,指定数量は、危険物の危険性に応じて定められる基準数量である。【試験ポイント】指定数量は基準数量。【ひっかけ】価格や時間と混同しない。【選択肢ア】誤り。販売価格ではない。【選択肢イ】正しい。指定数量の説明である。【選択肢ウ】誤り。年齢制限ではない。【選択肢エ】誤り。消火器の重さではない。【選択肢オ】誤り。試験時間ではない。,1:（1）「危険物の販売価格である。」は、単独の記述としては法令上妥当な場合がありますが、本問で選ぶべき正答は（2）「危険物の危険性に応じて定められる基準数量である。」です。問題文の条件（指定数量の説明として最も適切なものはどれか。…）と照らし、設問が問う論点に合う肢を選び直してください。;3:（3）「危険物取扱者の年齢制限である。」は、単独の記述としては法令上妥当な場合がありますが、本問で選ぶべき正答は（2）「危険物の危険性に応じて定められる基準数量である。」です。問題文の条件（指定数量の説明として最も適切なものはどれか。…）と照らし、設問が問う論点に合う肢を選び直してください。;4:（4）「消火器の重さである。」は、単独の記述としては法令上妥当な場合がありますが、本問で選ぶべき正答は（2）「危険物の危険性に応じて定められる基準数量である。」です。問題文の条件（指定数量の説明として最も適切なものはどれか。…）と照らし、設問が問う論点に合う肢を選び直してください。;5:（5）「試験時間の単位である。」は、単独の記述としては法令上妥当な場合がありますが、本問で選ぶべき正答は（2）「危険物の危険性に応じて定められる基準数量である。」です。問題文の条件（指定数量の説明として最も適切なものはどれか。…）と照らし、設問が問う論点に合う肢を選び直してください。,指定数量は、危険物の危険性に応じて定められる基準数量である。,指定数量は、危険物の危険性に応じて定められる基準数量である。【試験ポイント】指定数量は基準数量。【ひっかけ】価格や時間と混同しない。【選択肢ア】誤り。販売価格ではない。【選択肢イ】正しい。指定数量の説明である。【選択肢ウ】誤り。年齢制限ではない。【選択肢エ】誤り。消火器の重さではない。【選択肢オ】誤り。試験時間ではない。,
352,single,法令・制度,L-172;LAW-005;指定数量;第4類危険物の指定数量;標準;重点,ガソリンと灯油の指定数量の組合せとして正しいものはどれか。,,,,,,"ガソリン1,000 L、灯油200 L","ガソリン200 L、灯油1,000 L",ガソリン50 L、灯油400 L,ガソリン400 L、灯油200 L,"ガソリン10,000 L、灯油6,000 L",2,"ガソリンは第1石油類の非水溶性液体で200 L、灯油は第2石油類の非水溶性液体で1,000 Lである。【試験ポイント】ガソリン200 L、灯油1,000 L。【ひっかけ】第一石油類と第二石油類を逆にしない。【選択肢ア】誤り。逆である。【選択肢イ】正しい。組合せとして正しい。【選択肢ウ】誤り。数値が違う。【選択肢エ】誤り。数値が違う。【選択肢オ】誤り。どちらも違う。","1:（1）「ガソリン1,000 L、灯油200 L」は、単独の記述としては法令上妥当な場合がありますが、本問で選ぶべき正答は（2）「ガソリン200 L、灯油1,000 L」です。問題文の条件（ガソリンと灯油の指定数量の組合せとして正しいものはどれか。…）と照らし、設問が問う論点に合う肢を選び直してください。;3:（3）「ガソリン50 L、灯油400 L」は、単独の記述としては法令上妥当な場合がありますが、本問で選ぶべき正答は（2）「ガソリン200 L、灯油1,000 L」です。問題文の条件（ガソリンと灯油の指定数量の組合せとして正しいものはどれか。…）と照らし、設問が問う論点に合う肢を選び直してください。;4:（4）「ガソリン400 L、灯油200 L」は、単独の記述としては法令上妥当な場合がありますが、本問で選ぶべき正答は（2）「ガソリン200 L、灯油1,000 L」です。問題文の条件（ガソリンと灯油の指定数量の組合せとして正しいものはどれか。…）と照らし、設問が問う論点に合う肢を選び直してください。;5:（5）の内容は、正答（2）「ガソリン200 L、灯油1,000 L」が示す論点とずれています。 解説の要点：ガソリンは第1石油類の非水溶性液体で200 L、灯油は第2石油類の非水溶性液体で1,000 Lである。【試験ポイント】ガソリン200 L、灯油1,000 L。【ひっかけ】第一石油類と第二石油類を逆にしない。【選択肢ア】誤り。逆である。【選択肢イ】正しい。組合せとして正しい。【選択… 正答（2）との違いを確認し直してください。","【試験ポイント】ガソリン200 L、灯油1,000 L。","ガソリンは第1石油類の非水溶性液体で200 L、灯油は第2石油類の非水溶性液体で1,000 Lである。【試験ポイント】ガソリン200 L、灯油1,000 L。【ひっかけ】第一石油類と第二石油類を逆にしない。【選択肢ア】誤り。逆である。【選択肢イ】正しい。組合せとして正しい。【選択肢ウ】誤り。数値が違う。【選択肢エ】誤り。数値が違う。【選択肢オ】誤り。どちらも",
353,single,法令・制度,L-173;LAW-007;指定数量;指定数量の倍数計算;標準;重点,ガソリン120 Lの指定数量倍数として正しいものはどれか。ただし、ガソリンの指定数量は200 Lとする。,,,,,,6.0倍,0.4倍,2.0倍,1.2倍,0.6倍,5,120÷200＝0.6倍である。【試験ポイント】数量÷指定数量で計算する。【ひっかけ】200÷120としない。【選択肢ア】誤り。計算結果ではない。【選択肢イ】誤り。計算結果ではない。【選択肢ウ】誤り。400 Lの場合である。【選択肢エ】誤り。指定数量で割っていない。【選択肢オ】正しい。0.6倍である。,1:（1）「6.0倍」は、単独の記述としては法令上妥当な場合がありますが、本問で選ぶべき正答は（5）「0.6倍」です。問題文の条件（ガソリン120 Lの指定数量倍数として正しいものはどれか。ただし、ガソリンの指定数量は200 L…）と照らし、設問が問う論点に合う肢を選び直してください。;2:（2）「0.4倍」は、単独の記述としては法令上妥当な場合がありますが、本問で選ぶべき正答は（5）「0.6倍」です。問題文の条件（ガソリン120 Lの指定数量倍数として正しいものはどれか。ただし、ガソリンの指定数量は200 L…）と照らし、設問が問う論点に合う肢を選び直してください。;3:（3）「2.0倍」は、単独の記述としては法令上妥当な場合がありますが、本問で選ぶべき正答は（5）「0.6倍」です。問題文の条件（ガソリン120 Lの指定数量倍数として正しいものはどれか。ただし、ガソリンの指定数量は200 L…）と照らし、設問が問う論点に合う肢を選び直してください。;4:（4）「1.2倍」は、単独の記述としては法令上妥当な場合がありますが、本問で選ぶべき正答は（5）「0.6倍」です。問題文の条件（ガソリン120 Lの指定数量倍数として正しいものはどれか。ただし、ガソリンの指定数量は200 L…）と照らし、設問が問う論点に合う肢を選び直してください。,120÷200＝0.6倍である。【試験ポイント】数量÷指定数量で計算する。【ひっかけ】200÷120としない。【選択肢ア】誤り。計算結果ではない。【選択肢イ】誤り。計算結果ではない。【選択肢ウ】誤り。400 Lの場合である。【選択肢エ】誤り。指定数量で割っていない。【選択肢オ】正しい。0.6倍である。,120÷200＝0.6倍である。【試験ポイント】数量÷指定数量で計算する。【ひっかけ】200÷120としない。【選択肢ア】誤り。計算結果ではない。【選択肢イ】誤り。計算結果ではない。【選択肢ウ】誤り。400 Lの場合である。【選択肢エ】誤り。指定数量で割っていない。【選択肢オ】正しい。0.6倍である。,
354,single,法令・制度,L-174;LAW-008;指定数量;複数危険物を扱う場合の倍数合算;標準;重点,"アセトン200 Lと灯油500 Lを貯蔵する場合の指定数量倍数はどれか。ただし、アセトン400 L、灯油1,000 Lを指定数量とする。",,,,,,1.5倍,3.0倍,2.0倍,1.0倍,0.5倍,4,"アセトン200÷400＝0.5倍、灯油500÷1,000＝0.5倍、合計1.0倍である。【試験ポイント】倍数を個別に出して合算する。【ひっかけ】数量の単純合計だけで判断しない。【選択肢ア】誤り。計算結果ではない。【選択肢イ】誤り。計算結果ではない。【選択肢ウ】誤り。計算結果ではない。【選択肢エ】正しい。合計1.0倍である。【選択肢オ】誤り。片方だけの倍数である。",1:（1）「1.5倍」は、単独の記述としては法令上妥当な場合がありますが、本問で選ぶべき正答は（4）「1.0倍」です。問題文の条件（アセトン200 Lと灯油500 Lを貯蔵する場合の指定数量倍数はどれか。ただし、アセトン400 …）と照らし、設問が問う論点に合う肢を選び直してください。;2:（2）「3.0倍」は、単独の記述としては法令上妥当な場合がありますが、本問で選ぶべき正答は（4）「1.0倍」です。問題文の条件（アセトン200 Lと灯油500 Lを貯蔵する場合の指定数量倍数はどれか。ただし、アセトン400 …）と照らし、設問が問う論点に合う肢を選び直してください。;3:（3）「2.0倍」は、単独の記述としては法令上妥当な場合がありますが、本問で選ぶべき正答は（4）「1.0倍」です。問題文の条件（アセトン200 Lと灯油500 Lを貯蔵する場合の指定数量倍数はどれか。ただし、アセトン400 …）と照らし、設問が問う論点に合う肢を選び直してください。;5:（5）「0.5倍」は、単独の記述としては法令上妥当な場合がありますが、本問で選ぶべき正答は（4）「1.0倍」です。問題文の条件（アセトン200 Lと灯油500 Lを貯蔵する場合の指定数量倍数はどれか。ただし、アセトン400 …）と照らし、設問が問う論点に合う肢を選び直してください。,"アセトン200÷400＝0.5倍、灯油500÷1,000＝0.5倍、合計1.0倍である。【試験ポイント】倍数を個別に出して合算する。【ひっかけ】数量の単純合計だけで判断しない。【選択肢ア】誤り。計算結果ではない。【選択肢イ】誤り。計算結果ではない。【選択肢ウ】誤り。計算結果ではない。【選択肢エ】正しい。合計1.0倍である。【選択肢オ】誤り。片方だけの倍数である。","アセトン200÷400＝0.5倍、灯油500÷1,000＝0.5倍、合計1.0倍である。【試験ポイント】倍数を個別に出して合算する。【ひっかけ】数量の単純合計だけで判断しない。【選択肢ア】誤り。計算結果ではない。【選択肢イ】誤り。計算結果ではない。【選択肢ウ】誤り。計算結果ではない。【選択肢エ】正しい。合計1.0倍である。【選択肢オ】誤り。片方だけの倍数であ",
355,single,法令・制度,L-175;LAW-009;指定数量未満;指定数量未満の危険物の扱い;標準;網羅,指定数量未満の危険物について正しいものはどれか。,,,,,,条例等で規制される場合があり、火災予防上の注意も必要である。,危険物ではなくなる。,火気管理は不要である。,必ず自由に下水へ流せる。,必ず免状が不要で安全に扱える。,1,指定数量未満でも危険性がなくなるわけではなく、条例等や火災予防上の注意が必要である。【試験ポイント】指定数量未満でも危険性は残る。【ひっかけ】指定数量未満＝無制限安全ではない。【選択肢ア】正しい。指定数量未満でも注意が必要である。【選択肢イ】誤り。危険物でなくなるわけではない。【選択肢ウ】誤り。火気管理は必要である。【選択肢エ】誤り。下水へ流してはならない。【選択肢オ】誤り。常に安全とはいえない。,2:（2）「危険物ではなくなる。」は、単独の記述としては法令上妥当な場合がありますが、本問で選ぶべき正答は（1）「条例等で規制される場合があり、火災予防上の注意も必要である。」です。問題文の条件（指定数量未満の危険物について正しいものはどれか。…）と照らし、設問が問う論点に合う肢を選び直してください。;3:（3）「火気管理は不要である。」は、単独の記述としては法令上妥当な場合がありますが、本問で選ぶべき正答は（1）「条例等で規制される場合があり、火災予防上の注意も必要である。」です。問題文の条件（指定数量未満の危険物について正しいものはどれか。…）と照らし、設問が問う論点に合う肢を選び直してください。;4:（4）「必ず自由に下水へ流せる。」は、単独の記述としては法令上妥当な場合がありますが、本問で選ぶべき正答は（1）「条例等で規制される場合があり、火災予防上の注意も必要である。」です。問題文の条件（指定数量未満の危険物について正しいものはどれか。…）と照らし、設問が問う論点に合う肢を選び直してください。;5:（5）「必ず免状が不要で安全に扱える。」は、単独の記述としては法令上妥当な場合がありますが、本問で選ぶべき正答は（1）「条例等で規制される場合があり、火災予防上の注意も必要である。」です。問題文の条件（指定数量未満の危険物について正しいものはどれか。…）と照らし、設問が問う論点に合う肢を選び直してください。,指定数量未満でも危険性がなくなるわけではなく、条例等や火災予防上の注意が必要である。【試験ポイント】指定数量未満でも危険性は残る。【ひっかけ】指定数量未満＝無制限安全ではない。【選択肢ア】正しい。指定数量未満でも注意が必要である。【選択肢イ】誤り。危険物でなくなるわけではない。【選択肢ウ】誤り。火気管理は必要である。【選択肢エ】誤り。下水へ流してはならない。【選択肢オ】誤り。常に安全とはいえない。,指定数量未満でも危険性がなくなるわけではなく、条例等や火災予防上の注意が必要である。【試験ポイント】指定数量未満でも危険性は残る。【ひっかけ】指定数量未満＝無制限安全ではない。【選択肢ア】正しい。指定数量未満でも注意が必要である。【選択肢イ】誤り。危険物でなくなるわけではない。【選択肢ウ】誤り。火気管理は必要である。【選択肢エ】誤り。下水へ流してはならない。,
356,single,法令・制度,L-176;LAW-014;許可;製造所等の設置許可;基礎;重点,指定数量以上の危険物を貯蔵する施設を設置する場合、原則として問題となる手続きはどれか。,,,,,,免状の再交付,設置許可,販売価格の届出,受験申込,消火器の購入申請,2,指定数量以上の危険物を扱う製造所等の設置には、設置許可が問題となる。【試験ポイント】施設設置には許可が関係する。【ひっかけ】免状と施設許可を分ける。【選択肢ア】誤り。免状手続きではない。【選択肢イ】正しい。設置許可が問題となる。【選択肢ウ】誤り。販売価格ではない。【選択肢エ】誤り。試験申込ではない。【選択肢オ】誤り。消火器購入申請ではない。,1:（1）「免状の再交付」は、単独の記述としては法令上妥当な場合がありますが、本問で選ぶべき正答は（2）「設置許可」です。問題文の条件（指定数量以上の危険物を貯蔵する施設を設置する場合、原則として問題となる手続きはどれか。…）と照らし、設問が問う論点に合う肢を選び直してください。;3:（3）「販売価格の届出」は、単独の記述としては法令上妥当な場合がありますが、本問で選ぶべき正答は（2）「設置許可」です。問題文の条件（指定数量以上の危険物を貯蔵する施設を設置する場合、原則として問題となる手続きはどれか。…）と照らし、設問が問う論点に合う肢を選び直してください。;4:（4）「受験申込」は、単独の記述としては法令上妥当な場合がありますが、本問で選ぶべき正答は（2）「設置許可」です。問題文の条件（指定数量以上の危険物を貯蔵する施設を設置する場合、原則として問題となる手続きはどれか。…）と照らし、設問が問う論点に合う肢を選び直してください。;5:（5）「消火器の購入申請」は、単独の記述としては法令上妥当な場合がありますが、本問で選ぶべき正答は（2）「設置許可」です。問題文の条件（指定数量以上の危険物を貯蔵する施設を設置する場合、原則として問題となる手続きはどれか。…）と照らし、設問が問う論点に合う肢を選び直してください。,指定数量以上の危険物を扱う製造所等の設置には、設置許可が問題となる。【試験ポイント】施設設置には許可が関係する。【ひっかけ】免状と施設許可を分ける。【選択肢ア】誤り。免状手続きではない。【選択肢イ】正しい。設置許可が問題となる。【選択肢ウ】誤り。販売価格ではない。【選択肢エ】誤り。試験申込ではない。【選択肢オ】誤り。消火器購入申請ではない。,指定数量以上の危険物を扱う製造所等の設置には、設置許可が問題となる。【試験ポイント】施設設置には許可が関係する。【ひっかけ】免状と施設許可を分ける。【選択肢ア】誤り。免状手続きではない。【選択肢イ】正しい。設置許可が問題となる。【選択肢ウ】誤り。販売価格ではない。【選択肢エ】誤り。試験申込ではない。【選択肢オ】誤り。消火器購入申請ではない。,
357,single,法令・制度,L-177;LAW-015;許可;製造所等の変更許可;標準;重点,製造所等の位置を変更する場合について正しいものはどれか。,,,,,,変更許可が必要となる場合がある。,免状の写真変更だけで足りる。,危険物の分類が変わる。,常に届出も許可も不要である。,指定数量が消滅する。,1,製造所等の位置、構造または設備を変更する場合、変更許可が必要となる場合がある。【試験ポイント】位置・構造・設備の変更は変更許可。【ひっかけ】届出と許可の違いに注意。【選択肢ア】正しい。変更許可が問題となる。【選択肢イ】誤り。免状写真とは別である。【選択肢ウ】誤り。分類は変わらない。【選択肢エ】誤り。不要とは限らない。【選択肢オ】誤り。指定数量は消滅しない。,2:（2）「免状の写真変更だけで足りる。」は、単独の記述としては法令上妥当な場合がありますが、本問で選ぶべき正答は（1）「変更許可が必要となる場合がある。」です。問題文の条件（製造所等の位置を変更する場合について正しいものはどれか。…）と照らし、設問が問う論点に合う肢を選び直してください。;3:（3）「危険物の分類が変わる。」は、単独の記述としては法令上妥当な場合がありますが、本問で選ぶべき正答は（1）「変更許可が必要となる場合がある。」です。問題文の条件（製造所等の位置を変更する場合について正しいものはどれか。…）と照らし、設問が問う論点に合う肢を選び直してください。;4:（4）「常に届出も許可も不要である。」は、単独の記述としては法令上妥当な場合がありますが、本問で選ぶべき正答は（1）「変更許可が必要となる場合がある。」です。問題文の条件（製造所等の位置を変更する場合について正しいものはどれか。…）と照らし、設問が問う論点に合う肢を選び直してください。;5:（5）「指定数量が消滅する。」は、単独の記述としては法令上妥当な場合がありますが、本問で選ぶべき正答は（1）「変更許可が必要となる場合がある。」です。問題文の条件（製造所等の位置を変更する場合について正しいものはどれか。…）と照らし、設問が問う論点に合う肢を選び直してください。,製造所等の位置、構造または設備を変更する場合、変更許可が必要となる場合がある。,製造所等の位置、構造または設備を変更する場合、変更許可が必要となる場合がある。【試験ポイント】位置・構造・設備の変更は変更許可。【ひっかけ】届出と許可の違いに注意。【選択肢ア】正しい。変更許可が問題となる。【選択肢イ】誤り。免状写真とは別である。【選択肢ウ】誤り。分類は変わらない。【選択肢エ】誤り。不要とは限らない。【選択肢オ】誤り。指定数量は消滅しない。,
358,single,法令・制度,L-178;LAW-016;検査;完成検査;標準;重点,完成検査を受ける前に製造所等を使用することについて、正しい理解はどれか。,,,,,,完成検査は危険物の味を確認する。,完成検査は免状の書換えである。,完成検査とは販売価格の確認である。,完成検査前でも常に自由に使用できる。,原則として完成検査を受け、基準適合確認後に使用する。,5,製造所等は、完成検査により基準適合を確認した後に使用するのが原則である。【試験ポイント】完成検査は使用前の基準適合確認。【ひっかけ】完成検査と免状手続きを混同しない。【選択肢ア】誤り。味を確認しない。【選択肢イ】誤り。免状書換えではない。【選択肢ウ】誤り。販売価格確認ではない。【選択肢エ】誤り。常に自由ではない。【選択肢オ】正しい。完成検査後の使用が基本である。,1:（1）「完成検査は危険物の味を確認する。」は、単独の記述としては法令上妥当な場合がありますが、本問で選ぶべき正答は（5）「原則として完成検査を受け、基準適合確認後に使用する。」です。問題文の条件（完成検査を受ける前に製造所等を使用することについて、正しい理解はどれか。…）と照らし、設問が問う論点に合う肢を選び直してください。;2:（2）「完成検査は免状の書換えである。」は、単独の記述としては法令上妥当な場合がありますが、本問で選ぶべき正答は（5）「原則として完成検査を受け、基準適合確認後に使用する。」です。問題文の条件（完成検査を受ける前に製造所等を使用することについて、正しい理解はどれか。…）と照らし、設問が問う論点に合う肢を選び直してください。;3:（3）「完成検査とは販売価格の確認である。」は、単独の記述としては法令上妥当な場合がありますが、本問で選ぶべき正答は（5）「原則として完成検査を受け、基準適合確認後に使用する。」です。問題文の条件（完成検査を受ける前に製造所等を使用することについて、正しい理解はどれか。…）と照らし、設問が問う論点に合う肢を選び直してください。;4:（4）「完成検査前でも常に自由に使用できる。」は、単独の記述としては法令上妥当な場合がありますが、本問で選ぶべき正答は（5）「原則として完成検査を受け、基準適合確認後に使用する。」です。問題文の条件（完成検査を受ける前に製造所等を使用することについて、正しい理解はどれか。…）と照らし、設問が問う論点に合う肢を選び直してください。,製造所等は、完成検査により基準適合を確認した後に使用するのが原則である。【試験ポイント】完成検査は使用前の基準適合確認。【ひっかけ】完成検査と免状手続きを混同しない。【選択肢ア】誤り。味を確認しない。【選択肢イ】誤り。免状書換えではない。【選択肢ウ】誤り。販売価格確認ではない。【選択肢エ】誤り。常に自由ではない。【選択肢オ】正しい。完成検査後の使用が基本である。,製造所等は、完成検査により基準適合を確認した後に使用するのが原則である。【試験ポイント】完成検査は使用前の基準適合確認。【ひっかけ】完成検査と免状手続きを混同しない。【選択肢ア】誤り。味を確認しない。【選択肢イ】誤り。免状書換えではない。【選択肢ウ】誤り。販売価格確認ではない。【選択肢エ】誤り。常に自由ではない。【選択肢オ】正しい。完成検査後の使用が基本であ,
359,single,法令・制度,L-179;LAW-018;仮使用;仮使用の承認;標準;網羅,変更工事中の製造所等の一部を使用する場合に関係する制度はどれか。,,,,,,指定数量の廃止,仮使用の承認,免状の再交付,保安講習の免除,危険物分類の変更,2,変更工事中の製造所等の一部を使用する場合、仮使用の承認が問題となる。【試験ポイント】仮使用は変更工事中の使用承認。【ひっかけ】仮貯蔵・仮取扱いと区別する。【選択肢ア】誤り。指定数量廃止ではない。【選択肢イ】正しい。仮使用の承認である。【選択肢ウ】誤り。免状再交付ではない。【選択肢エ】誤り。保安講習免除ではない。【選択肢オ】誤り。分類変更ではない。,1:（1）「指定数量の廃止」は、単独の記述としては法令上妥当な場合がありますが、本問で選ぶべき正答は（2）「仮使用の承認」です。問題文の条件（変更工事中の製造所等の一部を使用する場合に関係する制度はどれか。…）と照らし、設問が問う論点に合う肢を選び直してください。;3:（3）「免状の再交付」は、単独の記述としては法令上妥当な場合がありますが、本問で選ぶべき正答は（2）「仮使用の承認」です。問題文の条件（変更工事中の製造所等の一部を使用する場合に関係する制度はどれか。…）と照らし、設問が問う論点に合う肢を選び直してください。;4:（4）「保安講習の免除」は、単独の記述としては法令上妥当な場合がありますが、本問で選ぶべき正答は（2）「仮使用の承認」です。問題文の条件（変更工事中の製造所等の一部を使用する場合に関係する制度はどれか。…）と照らし、設問が問う論点に合う肢を選び直してください。;5:（5）「危険物分類の変更」は、単独の記述としては法令上妥当な場合がありますが、本問で選ぶべき正答は（2）「仮使用の承認」です。問題文の条件（変更工事中の製造所等の一部を使用する場合に関係する制度はどれか。…）と照らし、設問が問う論点に合う肢を選び直してください。,変更工事中の製造所等の一部を使用する場合、仮使用の承認が問題となる。【試験ポイント】仮使用は変更工事中の使用承認。【ひっかけ】仮貯蔵・仮取扱いと区別する。【選択肢ア】誤り。指定数量廃止ではない。【選択肢イ】正しい。仮使用の承認である。【選択肢ウ】誤り。免状再交付ではない。【選択肢エ】誤り。保安講習免除ではない。【選択肢オ】誤り。分類変更ではない。,変更工事中の製造所等の一部を使用する場合、仮使用の承認が問題となる。【試験ポイント】仮使用は変更工事中の使用承認。【ひっかけ】仮貯蔵・仮取扱いと区別する。【選択肢ア】誤り。指定数量廃止ではない。【選択肢イ】正しい。仮使用の承認である。【選択肢ウ】誤り。免状再交付ではない。【選択肢エ】誤り。保安講習免除ではない。【選択肢オ】誤り。分類変更ではない。,
360,single,法令・制度,L-180;LAW-021;届出;譲渡・引渡しの届出;標準;網羅,製造所等を譲り受けた場合に関係する手続きとして正しいものはどれか。,,,,,,免状の自動甲種化,販売価格の認可,譲渡・引渡しの届出,危険物の味見検査,指定数量の自動変更,3,製造所等の譲渡または引渡しがあった場合、届出が必要となる場合がある。【試験ポイント】譲渡・引渡しは届出論点。【ひっかけ】施設の権利移転を軽視しない。【選択肢ア】誤り。免状区分は変わらない。【選択肢イ】誤り。販売価格認可ではない。【選択肢ウ】正しい。届出が関係する。【選択肢エ】誤り。味見検査ではない。【選択肢オ】誤り。指定数量は変わらない。,1:（1）「免状の自動甲種化」は、単独の記述としては法令上妥当な場合がありますが、本問で選ぶべき正答は（3）「譲渡・引渡しの届出」です。問題文の条件（製造所等を譲り受けた場合に関係する手続きとして正しいものはどれか。…）と照らし、設問が問う論点に合う肢を選び直してください。;2:（2）「販売価格の認可」は、単独の記述としては法令上妥当な場合がありますが、本問で選ぶべき正答は（3）「譲渡・引渡しの届出」です。問題文の条件（製造所等を譲り受けた場合に関係する手続きとして正しいものはどれか。…）と照らし、設問が問う論点に合う肢を選び直してください。;4:（4）「危険物の味見検査」は、単独の記述としては法令上妥当な場合がありますが、本問で選ぶべき正答は（3）「譲渡・引渡しの届出」です。問題文の条件（製造所等を譲り受けた場合に関係する手続きとして正しいものはどれか。…）と照らし、設問が問う論点に合う肢を選び直してください。;5:（5）「指定数量の自動変更」は、単独の記述としては法令上妥当な場合がありますが、本問で選ぶべき正答は（3）「譲渡・引渡しの届出」です。問題文の条件（製造所等を譲り受けた場合に関係する手続きとして正しいものはどれか。…）と照らし、設問が問う論点に合う肢を選び直してください。,製造所等の譲渡または引渡しがあった場合、届出が必要となる場合がある。【試験ポイント】譲渡・引渡しは届出論点。【ひっかけ】施設の権利移転を軽視しない。【選択肢ア】誤り。免状区分は変わらない。【選択肢イ】誤り。販売価格認可ではない。【選択肢ウ】正しい。届出が関係する。【選択肢エ】誤り。味見検査ではない。【選択肢オ】誤り。指定数量は変わらない。,製造所等の譲渡または引渡しがあった場合、届出が必要となる場合がある。【試験ポイント】譲渡・引渡しは届出論点。【ひっかけ】施設の権利移転を軽視しない。【選択肢ア】誤り。免状区分は変わらない。【選択肢イ】誤り。販売価格認可ではない。【選択肢ウ】正しい。届出が関係する。【選択肢エ】誤り。味見検査ではない。【選択肢オ】誤り。指定数量は変わらない。,
361,single,法令・制度,L-181;LAW-024;免状;免状の交付・書換え・再交付;基礎;網羅,免状の記載事項に変更があった場合に関係する手続きはどれか。,,,,,,設置許可,指定数量倍数の合算,書換え,保有空地の確保,完成検査,3,免状の記載事項に変更があった場合、書換えの手続きが問題となる。【試験ポイント】免状記載事項変更は書換え。【ひっかけ】施設手続きと免状手続きを区別する。【選択肢ア】誤り。施設許可ではない。【選択肢イ】誤り。計算ではない。【選択肢ウ】正しい。書換えが関係する。【選択肢エ】誤り。位置基準ではない。【選択肢オ】誤り。施設検査ではない。,1:（1）「設置許可」は、単独の記述としては法令上妥当な場合がありますが、本問で選ぶべき正答は（3）「書換え」です。問題文の条件（免状の記載事項に変更があった場合に関係する手続きはどれか。…）と照らし、設問が問う論点に合う肢を選び直してください。;2:（2）「指定数量倍数の合算」は、単独の記述としては法令上妥当な場合がありますが、本問で選ぶべき正答は（3）「書換え」です。問題文の条件（免状の記載事項に変更があった場合に関係する手続きはどれか。…）と照らし、設問が問う論点に合う肢を選び直してください。;4:（4）「保有空地の確保」は、単独の記述としては法令上妥当な場合がありますが、本問で選ぶべき正答は（3）「書換え」です。問題文の条件（免状の記載事項に変更があった場合に関係する手続きはどれか。…）と照らし、設問が問う論点に合う肢を選び直してください。;5:（5）「完成検査」は、単独の記述としては法令上妥当な場合がありますが、本問で選ぶべき正答は（3）「書換え」です。問題文の条件（免状の記載事項に変更があった場合に関係する手続きはどれか。…）と照らし、設問が問う論点に合う肢を選び直してください。,免状の記載事項に変更があった場合、書換えの手続きが問題となる。【試験ポイント】免状記載事項変更は書換え。【ひっかけ】施設手続きと免状手続きを区別する。【選択肢ア】誤り。施設許可ではない。【選択肢イ】誤り。計算ではない。【選択肢ウ】正しい。書換えが関係する。【選択肢エ】誤り。位置基準ではない。【選択肢オ】誤り。施設検査ではない。,免状の記載事項に変更があった場合、書換えの手続きが問題となる。【試験ポイント】免状記載事項変更は書換え。【ひっかけ】施設手続きと免状手続きを区別する。【選択肢ア】誤り。施設許可ではない。【選択肢イ】誤り。計算ではない。【選択肢ウ】正しい。書換えが関係する。【選択肢エ】誤り。位置基準ではない。【選択肢オ】誤り。施設検査ではない。,
362,single,法令・制度,L-182;LAW-025;保安講習;保安講習の対象・時期;標準;重点,保安講習の目的として最も近いものはどれか。,,,,,,指定数量をなくすため。,危険物を不燃性にするため。,免状を自動的に甲種へ変えるため。,危険物取扱作業に関する保安知識を維持・向上するため。,施設の販売価格を決めるため。,4,保安講習は、危険物取扱作業に関する保安知識を維持・向上するための制度である。【試験ポイント】保安講習は保安知識の維持。【ひっかけ】免状取得後も学習が必要な場合がある。【選択肢ア】誤り。指定数量はなくならない。【選択肢イ】誤り。不燃性にしない。【選択肢ウ】誤り。免状区分は変わらない。【選択肢エ】正しい。保安講習の目的である。【選択肢オ】誤り。販売価格とは関係ない。,1:（1）「指定数量をなくすため。」は、単独の記述としては法令上妥当な場合がありますが、本問で選ぶべき正答は（4）「危険物取扱作業に関する保安知識を維持・向上するため。」です。問題文の条件（保安講習の目的として最も近いものはどれか。…）と照らし、設問が問う論点に合う肢を選び直してください。;2:（2）「危険物を不燃性にするため。」は、単独の記述としては法令上妥当な場合がありますが、本問で選ぶべき正答は（4）「危険物取扱作業に関する保安知識を維持・向上するため。」です。問題文の条件（保安講習の目的として最も近いものはどれか。…）と照らし、設問が問う論点に合う肢を選び直してください。;3:（3）「免状を自動的に甲種へ変えるため。」は、単独の記述としては法令上妥当な場合がありますが、本問で選ぶべき正答は（4）「危険物取扱作業に関する保安知識を維持・向上するため。」です。問題文の条件（保安講習の目的として最も近いものはどれか。…）と照らし、設問が問う論点に合う肢を選び直してください。;5:（5）「施設の販売価格を決めるため。」は、単独の記述としては法令上妥当な場合がありますが、本問で選ぶべき正答は（4）「危険物取扱作業に関する保安知識を維持・向上するため。」です。問題文の条件（保安講習の目的として最も近いものはどれか。…）と照らし、設問が問う論点に合う肢を選び直してください。,保安講習は、危険物取扱作業に関する保安知識を維持・向上するための制度である。,保安講習は、危険物取扱作業に関する保安知識を維持・向上するための制度である。【試験ポイント】保安講習は保安知識の維持。【ひっかけ】免状取得後も学習が必要な場合がある。【選択肢ア】誤り。指定数量はなくならない。【選択肢イ】誤り。不燃性にしない。【選択肢ウ】誤り。免状区分は変わらない。【選択肢エ】正しい。保安講習の目的である。【選択肢オ】誤り。販売価格とは関係な,
363,single,法令・制度,L-183;LAW-031;予防規程;予防規程の作成・認可;標準;重点,予防規程に盛り込む内容として関係が深いものはどれか。,,,,,,広告の配色,受験者の座席番号,危険物の販売価格,火災予防や保安管理に関する事項,危険物の味見方法,4,予防規程は、火災予防や保安管理に関する事項を定める規程である。【試験ポイント】予防規程は保安管理のルール。【ひっかけ】価格表や広告と混同しない。【選択肢ア】誤り。広告配色ではない。【選択肢イ】誤り。試験座席番号ではない。【選択肢ウ】誤り。販売価格ではない。【選択肢エ】正しい。予防規程の内容である。【選択肢オ】誤り。味見方法ではない。,1:（1）「広告の配色」は、単独の記述としては法令上妥当な場合がありますが、本問で選ぶべき正答は（4）「火災予防や保安管理に関する事項」です。問題文の条件（予防規程に盛り込む内容として関係が深いものはどれか。…）と照らし、設問が問う論点に合う肢を選び直してください。;2:（2）「受験者の座席番号」は、単独の記述としては法令上妥当な場合がありますが、本問で選ぶべき正答は（4）「火災予防や保安管理に関する事項」です。問題文の条件（予防規程に盛り込む内容として関係が深いものはどれか。…）と照らし、設問が問う論点に合う肢を選び直してください。;3:（3）「危険物の販売価格」は、単独の記述としては法令上妥当な場合がありますが、本問で選ぶべき正答は（4）「火災予防や保安管理に関する事項」です。問題文の条件（予防規程に盛り込む内容として関係が深いものはどれか。…）と照らし、設問が問う論点に合う肢を選び直してください。;5:（5）「危険物の味見方法」は、単独の記述としては法令上妥当な場合がありますが、本問で選ぶべき正答は（4）「火災予防や保安管理に関する事項」です。問題文の条件（予防規程に盛り込む内容として関係が深いものはどれか。…）と照らし、設問が問う論点に合う肢を選び直してください。,予防規程は、火災予防や保安管理に関する事項を定める規程である。,予防規程は、火災予防や保安管理に関する事項を定める規程である。【試験ポイント】予防規程は保安管理のルール。【ひっかけ】価格表や広告と混同しない。【選択肢ア】誤り。広告配色ではない。【選択肢イ】誤り。試験座席番号ではない。【選択肢ウ】誤り。販売価格ではない。【選択肢エ】正しい。予防規程の内容である。【選択肢オ】誤り。味見方法ではない。,
364,single,法令・制度,L-184;LAW-036;事故時対応;災害発生時の応急措置;基礎;重点,危険物事故時の通報について正しいものはどれか。,,,,,,通報は指定数量を変える手続きである。,通報は常に禁止されている。,通報すれば漏えい防止は不要になる。,通報より火気確認を優先する。,被害拡大を防ぐため、必要な通報を行う。,5,危険物事故時は、被害拡大を防ぐため、必要な通報や応急措置を行う。【試験ポイント】事故時は通報・応急措置。【ひっかけ】火気を近づけて確認しない。【選択肢ア】誤り。指定数量変更ではない。【選択肢イ】誤り。禁止されていない。【選択肢ウ】誤り。漏えい防止も必要である。【選択肢エ】誤り。火気確認は危険である。【選択肢オ】正しい。必要な通報を行う。,1:（1）「通報は指定数量を変える手続きである。」は、単独の記述としては法令上妥当な場合がありますが、本問で選ぶべき正答は（5）「被害拡大を防ぐため、必要な通報を行う。」です。問題文の条件（危険物事故時の通報について正しいものはどれか。…）と照らし、設問が問う論点に合う肢を選び直してください。;2:（2）「通報は常に禁止されている。」は、単独の記述としては法令上妥当な場合がありますが、本問で選ぶべき正答は（5）「被害拡大を防ぐため、必要な通報を行う。」です。問題文の条件（危険物事故時の通報について正しいものはどれか。…）と照らし、設問が問う論点に合う肢を選び直してください。;3:（3）「通報すれば漏えい防止は不要になる。」は、単独の記述としては法令上妥当な場合がありますが、本問で選ぶべき正答は（5）「被害拡大を防ぐため、必要な通報を行う。」です。問題文の条件（危険物事故時の通報について正しいものはどれか。…）と照らし、設問が問う論点に合う肢を選び直してください。;4:（4）「通報より火気確認を優先する。」は、単独の記述としては法令上妥当な場合がありますが、本問で選ぶべき正答は（5）「被害拡大を防ぐため、必要な通報を行う。」です。問題文の条件（危険物事故時の通報について正しいものはどれか。…）と照らし、設問が問う論点に合う肢を選び直してください。,危険物事故時は、被害拡大を防ぐため、必要な通報や応急措置を行う。【試験ポイント】事故時は通報・応急措置。【ひっかけ】火気を近づけて確認しない。【選択肢ア】誤り。指定数量変更ではない。【選択肢イ】誤り。禁止されていない。【選択肢ウ】誤り。漏えい防止も必要である。【選択肢エ】誤り。火気確認は危険である。【選択肢オ】正しい。必要な通報を行う。,危険物事故時は、被害拡大を防ぐため、必要な通報や応急措置を行う。【試験ポイント】事故時は通報・応急措置。【ひっかけ】火気を近づけて確認しない。【選択肢ア】誤り。指定数量変更ではない。【選択肢イ】誤り。禁止されていない。【選択肢ウ】誤り。漏えい防止も必要である。【選択肢エ】誤り。火気確認は危険である。【選択肢オ】正しい。必要な通報を行う。,
365,single,法令・制度,L-185;LAW-037;位置の基準;保安距離;標準;重点,保安距離の対象となる考え方として近いものはどれか。,,,,,,周囲の保安対象物との安全上必要な距離,試験会場までの距離,危険物取扱者の通勤距離,容器の色の違い,販売店までの距離,1,保安距離は、周囲の保安対象物との安全上必要な距離に関係する。【試験ポイント】保安距離は周囲対象物との距離。【ひっかけ】保有空地と区別する。【選択肢ア】正しい。保安距離の考え方である。【選択肢イ】誤り。試験会場までの距離ではない。【選択肢ウ】誤り。通勤距離ではない。【選択肢エ】誤り。容器色ではない。【選択肢オ】誤り。販売店までの距離ではない。,2:（2）「試験会場までの距離」は、単独の記述としては法令上妥当な場合がありますが、本問で選ぶべき正答は（1）「周囲の保安対象物との安全上必要な距離」です。問題文の条件（保安距離の対象となる考え方として近いものはどれか。…）と照らし、設問が問う論点に合う肢を選び直してください。;3:（3）「危険物取扱者の通勤距離」は、単独の記述としては法令上妥当な場合がありますが、本問で選ぶべき正答は（1）「周囲の保安対象物との安全上必要な距離」です。問題文の条件（保安距離の対象となる考え方として近いものはどれか。…）と照らし、設問が問う論点に合う肢を選び直してください。;4:（4）「容器の色の違い」は、単独の記述としては法令上妥当な場合がありますが、本問で選ぶべき正答は（1）「周囲の保安対象物との安全上必要な距離」です。問題文の条件（保安距離の対象となる考え方として近いものはどれか。…）と照らし、設問が問う論点に合う肢を選び直してください。;5:（5）「販売店までの距離」は、単独の記述としては法令上妥当な場合がありますが、本問で選ぶべき正答は（1）「周囲の保安対象物との安全上必要な距離」です。問題文の条件（保安距離の対象となる考え方として近いものはどれか。…）と照らし、設問が問う論点に合う肢を選び直してください。,保安距離は、周囲の保安対象物との安全上必要な距離に関係する。,保安距離は、周囲の保安対象物との安全上必要な距離に関係する。【試験ポイント】保安距離は周囲対象物との距離。【ひっかけ】保有空地と区別する。【選択肢ア】正しい。保安距離の考え方である。【選択肢イ】誤り。試験会場までの距離ではない。【選択肢ウ】誤り。通勤距離ではない。【選択肢エ】誤り。容器色ではない。【選択肢オ】誤り。販売店までの距離ではない。,
366,single,法令・制度,L-186;LAW-038;位置の基準;保有空地;標準;重点,保有空地を確保する目的として正しいものはどれか。,,,,,,受験者を並ばせるため。,販売価格を表示するため。,延焼防止や消火活動のため。,免状を保管するため。,危険物を廃棄するため。,3,保有空地は、延焼防止や消火活動のために施設周囲に確保する空地である。【試験ポイント】保有空地は延焼防止・消火活動のため。【ひっかけ】空き地なら何でもよいわけではない。【選択肢ア】誤り。受験者用ではない。【選択肢イ】誤り。価格表示用ではない。【選択肢ウ】正しい。保有空地の目的である。【選択肢エ】誤り。免状保管用ではない。【選択肢オ】誤り。廃棄場所ではない。,1:（1）「受験者を並ばせるため。」は、単独の記述としては法令上妥当な場合がありますが、本問で選ぶべき正答は（3）「延焼防止や消火活動のため。」です。問題文の条件（保有空地を確保する目的として正しいものはどれか。…）と照らし、設問が問う論点に合う肢を選び直してください。;2:（2）「販売価格を表示するため。」は、単独の記述としては法令上妥当な場合がありますが、本問で選ぶべき正答は（3）「延焼防止や消火活動のため。」です。問題文の条件（保有空地を確保する目的として正しいものはどれか。…）と照らし、設問が問う論点に合う肢を選び直してください。;4:（4）「免状を保管するため。」は、単独の記述としては法令上妥当な場合がありますが、本問で選ぶべき正答は（3）「延焼防止や消火活動のため。」です。問題文の条件（保有空地を確保する目的として正しいものはどれか。…）と照らし、設問が問う論点に合う肢を選び直してください。;5:（5）「危険物を廃棄するため。」は、単独の記述としては法令上妥当な場合がありますが、本問で選ぶべき正答は（3）「延焼防止や消火活動のため。」です。問題文の条件（保有空地を確保する目的として正しいものはどれか。…）と照らし、設問が問う論点に合う肢を選び直してください。,保有空地は、延焼防止や消火活動のために施設周囲に確保する空地である。【試験ポイント】保有空地は延焼防止・消火活動のため。【ひっかけ】空き地なら何でもよいわけではない。【選択肢ア】誤り。受験者用ではない。【選択肢イ】誤り。価格表示用ではない。【選択肢ウ】正しい。保有空地の目的である。【選択肢エ】誤り。免状保管用ではない。【選択肢オ】誤り。廃棄場所ではない。,保有空地は、延焼防止や消火活動のために施設周囲に確保する空地である。【試験ポイント】保有空地は延焼防止・消火活動のため。【ひっかけ】空き地なら何でもよいわけではない。【選択肢ア】誤り。受験者用ではない。【選択肢イ】誤り。価格表示用ではない。【選択肢ウ】正しい。保有空地の目的である。【選択肢エ】誤り。免状保管用ではない。【選択肢オ】誤り。廃棄場所ではない。,
367,single,法令・制度,L-187;LAW-040;標識・掲示板;掲示内容・注意事項;基礎;重点,第4類危険物施設の注意事項として自然なものはどれか。,,,,,,火気厳禁,火気歓迎,下水放流可,蒸気滞留推奨,喫煙推奨,1,第4類危険物は引火性液体であり、火気厳禁が重要である。【試験ポイント】第4類は火気厳禁。【ひっかけ】可燃性蒸気への引火に注意。【選択肢ア】正しい。火気厳禁が適切である。【選択肢イ】誤り。火気は危険である。【選択肢ウ】誤り。下水へ流してはならない。【選択肢エ】誤り。蒸気滞留は危険である。【選択肢オ】誤り。喫煙は危険である。,2:（2）「火気歓迎」は、単独の記述としては法令上妥当な場合がありますが、本問で選ぶべき正答は（1）「火気厳禁」です。問題文の条件（第4類危険物施設の注意事項として自然なものはどれか。…）と照らし、設問が問う論点に合う肢を選び直してください。;3:（3）「下水放流可」は、単独の記述としては法令上妥当な場合がありますが、本問で選ぶべき正答は（1）「火気厳禁」です。問題文の条件（第4類危険物施設の注意事項として自然なものはどれか。…）と照らし、設問が問う論点に合う肢を選び直してください。;4:（4）「蒸気滞留推奨」は、単独の記述としては法令上妥当な場合がありますが、本問で選ぶべき正答は（1）「火気厳禁」です。問題文の条件（第4類危険物施設の注意事項として自然なものはどれか。…）と照らし、設問が問う論点に合う肢を選び直してください。;5:（5）「喫煙推奨」は、単独の記述としては法令上妥当な場合がありますが、本問で選ぶべき正答は（1）「火気厳禁」です。問題文の条件（第4類危険物施設の注意事項として自然なものはどれか。…）と照らし、設問が問う論点に合う肢を選び直してください。,第4類危険物は引火性液体であり、火気厳禁が重要である。【試験ポイント】第4類は火気厳禁。【ひっかけ】可燃性蒸気への引火に注意。【選択肢ア】正しい。火気厳禁が適切である。【選択肢イ】誤り。火気は危険である。【選択肢ウ】誤り。下水へ流してはならない。【選択肢エ】誤り。蒸気滞留は危険である。【選択肢オ】誤り。喫煙は危険である。,第4類危険物は引火性液体であり、火気厳禁が重要である。【試験ポイント】第4類は火気厳禁。【ひっかけ】可燃性蒸気への引火に注意。【選択肢ア】正しい。火気厳禁が適切である。【選択肢イ】誤り。火気は危険である。【選択肢ウ】誤り。下水へ流してはならない。【選択肢エ】誤り。蒸気滞留は危険である。【選択肢オ】誤り。喫煙は危険である。,
368,single,法令・制度,L-188;LAW-056;運搬;運搬時の表示・混載制限;標準;重点,運搬中の混載制限について正しいものはどれか。,,,,,,危険物の性質に応じて混載が制限される場合がある。,すべて自由に混載できる。,第4類では常に無関係である。,混載制限は免状番号だけで決まる。,混載制限は販売価格だけで決まる。,1,危険物の運搬では、危険物の性質に応じて混載が制限される場合がある。【試験ポイント】運搬では混載制限に注意。【ひっかけ】性質を無視して混載しない。【選択肢ア】正しい。混載制限がある場合がある。【選択肢イ】誤り。自由とは限らない。【選択肢ウ】誤り。第4類でも関係し得る。【選択肢エ】誤り。免状番号では決まらない。【選択肢オ】誤り。販売価格では決まらない。,2:（2）「すべて自由に混載できる。」は、単独の記述としては法令上妥当な場合がありますが、本問で選ぶべき正答は（1）「危険物の性質に応じて混載が制限される場合がある。」です。問題文の条件（運搬中の混載制限について正しいものはどれか。…）と照らし、設問が問う論点に合う肢を選び直してください。;3:（3）「第4類では常に無関係である。」は、単独の記述としては法令上妥当な場合がありますが、本問で選ぶべき正答は（1）「危険物の性質に応じて混載が制限される場合がある。」です。問題文の条件（運搬中の混載制限について正しいものはどれか。…）と照らし、設問が問う論点に合う肢を選び直してください。;4:（4）「混載制限は免状番号だけで決まる。」は、単独の記述としては法令上妥当な場合がありますが、本問で選ぶべき正答は（1）「危険物の性質に応じて混載が制限される場合がある。」です。問題文の条件（運搬中の混載制限について正しいものはどれか。…）と照らし、設問が問う論点に合う肢を選び直してください。;5:（5）「混載制限は販売価格だけで決まる。」は、単独の記述としては法令上妥当な場合がありますが、本問で選ぶべき正答は（1）「危険物の性質に応じて混載が制限される場合がある。」です。問題文の条件（運搬中の混載制限について正しいものはどれか。…）と照らし、設問が問う論点に合う肢を選び直してください。,危険物の運搬では、危険物の性質に応じて混載が制限される場合がある。,危険物の運搬では、危険物の性質に応じて混載が制限される場合がある。【試験ポイント】運搬では混載制限に注意。【ひっかけ】性質を無視して混載しない。【選択肢ア】正しい。混載制限がある場合がある。【選択肢イ】誤り。自由とは限らない。【選択肢ウ】誤り。第4類でも関係し得る。【選択肢エ】誤り。免状番号では決まらない。【選択肢オ】誤り。販売価格では決まらない。,
369,single,法令・制度,L-189;LAW-058;貯蔵・取扱基準;危険物の貯蔵・取扱いの共通基準;基礎;重点,危険物の貯蔵で適切な考え方はどれか。,,,,,,漏れても放置する。,危険物の性質に応じて温度、火気、漏えいに注意する。,すべて容器を開放して保管する。,可燃性蒸気をためる。,すべて直射日光で加熱する。,2,危険物は性質に応じ、温度、火気、漏えい、換気などに注意して貯蔵する。【試験ポイント】性質に応じた貯蔵管理が必要。【ひっかけ】すべて同じ保管方法ではない。【選択肢ア】誤り。漏えいは処理する。【選択肢イ】正しい。適切な考え方である。【選択肢ウ】誤り。開放保管は危険である。【選択肢エ】誤り。蒸気をためてはならない。【選択肢オ】誤り。加熱は危険な場合がある。,1:（1）「漏れても放置する。」は、単独の記述としては法令上妥当な場合がありますが、本問で選ぶべき正答は（2）「危険物の性質に応じて温度、火気、漏えいに注意する。」です。問題文の条件（危険物の貯蔵で適切な考え方はどれか。…）と照らし、設問が問う論点に合う肢を選び直してください。;3:（3）「すべて容器を開放して保管する。」は、単独の記述としては法令上妥当な場合がありますが、本問で選ぶべき正答は（2）「危険物の性質に応じて温度、火気、漏えいに注意する。」です。問題文の条件（危険物の貯蔵で適切な考え方はどれか。…）と照らし、設問が問う論点に合う肢を選び直してください。;4:（4）「可燃性蒸気をためる。」は、単独の記述としては法令上妥当な場合がありますが、本問で選ぶべき正答は（2）「危険物の性質に応じて温度、火気、漏えいに注意する。」です。問題文の条件（危険物の貯蔵で適切な考え方はどれか。…）と照らし、設問が問う論点に合う肢を選び直してください。;5:（5）「すべて直射日光で加熱する。」は、単独の記述としては法令上妥当な場合がありますが、本問で選ぶべき正答は（2）「危険物の性質に応じて温度、火気、漏えいに注意する。」です。問題文の条件（危険物の貯蔵で適切な考え方はどれか。…）と照らし、設問が問う論点に合う肢を選び直してください。,危険物は性質に応じ、温度、火気、漏えい、換気などに注意して貯蔵する。【試験ポイント】性質に応じた貯蔵管理が必要。【ひっかけ】すべて同じ保管方法ではない。【選択肢ア】誤り。漏えいは処理する。【選択肢イ】正しい。適切な考え方である。【選択肢ウ】誤り。開放保管は危険である。【選択肢エ】誤り。蒸気をためてはならない。【選択肢オ】誤り。加熱は危険な場合がある。,危険物は性質に応じ、温度、火気、漏えい、換気などに注意して貯蔵する。【試験ポイント】性質に応じた貯蔵管理が必要。【ひっかけ】すべて同じ保管方法ではない。【選択肢ア】誤り。漏えいは処理する。【選択肢イ】正しい。適切な考え方である。【選択肢ウ】誤り。開放保管は危険である。【選択肢エ】誤り。蒸気をためてはならない。【選択肢オ】誤り。加熱は危険な場合がある。,
370,single,法令・制度,L-190;LAW-061;総合問題;法令分野の複合・ひっかけ問題;標準;総合,法令分野の整理として誤っているものはどれか。,,,,,,製造所等には貯蔵所や取扱所が含まれる。,標識・掲示板は危険物施設で問題となる。,危険物取扱者免状は施設そのものの設置許可である。,指定数量は危険物ごとに定められる。,保安講習は免状取得後にも関係する場合がある。,3,危険物取扱者免状は人の資格であり、施設そのものの設置許可ではない。【試験ポイント】免状と施設許可を区別する。【ひっかけ】誤っているものを選ぶ形式に注意。【選択肢ア】正しい。製造所等には貯蔵所や取扱所が含まれる。【選択肢イ】正しい。標識・掲示板は施設で問題となる。【選択肢ウ】誤り。免状と設置許可は別である。【選択肢エ】正しい。指定数量は危険物ごとに定められる。【選択肢オ】正しい。保安講習は免状取得後も関係する。,1:（1）の内容は、正答（3）「危険物取扱者免状は施設そのものの設置許可である。」が示す論点とずれています。 解説の要点：危険物取扱者免状は人の資格であり、施設そのものの設置許可ではない。【試験ポイント】免状と施設許可を区別する。【ひっかけ】誤っているものを選ぶ形式に注意。【選択肢ア】正しい。製造所等には貯蔵所や取扱所が含まれる。【選択肢イ】正しい。標識・掲示板は施設で問題となる。【選択肢ウ】誤り。… 正答（3）との違いを確認し直してください。;2:（2）の内容は、正答（3）「危険物取扱者免状は施設そのものの設置許可である。」が示す論点とずれています。 解説の要点：危険物取扱者免状は人の資格であり、施設そのものの設置許可ではない。【試験ポイント】免状と施設許可を区別する。【ひっかけ】誤っているものを選ぶ形式に注意。【選択肢ア】正しい。製造所等には貯蔵所や取扱所が含まれる。【選択肢イ】正しい。標識・掲示板は施設で問題となる。【選択肢ウ】誤り。… 正答（3）との違いを確認し直してください。;4:（4）「指定数量は危険物ごとに定められる。」は、単独の記述としては法令上妥当な場合がありますが、本問で選ぶべき正答は（3）「危険物取扱者免状は施設そのものの設置許可である。」です。問題文の条件（法令分野の整理として誤っているものはどれか。…）と照らし、設問が問う論点に合う肢を選び直してください。;5:（5）の内容は、正答（3）「危険物取扱者免状は施設そのものの設置許可である。」が示す論点とずれています。 解説の要点：危険物取扱者免状は人の資格であり、施設そのものの設置許可ではない。【試験ポイント】免状と施設許可を区別する。【ひっかけ】誤っているものを選ぶ形式に注意。【選択肢ア】正しい。製造所等には貯蔵所や取扱所が含まれる。【選択肢イ】正しい。標識・掲示板は施設で問題となる。【選択肢ウ】誤り。… 正答（3）との違いを確認し直してください。,危険物取扱者免状は人の資格であり、施設そのものの設置許可ではない。【試験ポイント】免状と施設許可を区別する。【ひっかけ】誤っているものを選ぶ形式に注意。【選択肢ア】正しい。製造所等には貯蔵所や取扱所が含まれる。【選択肢イ】正しい。標識・掲示板は施設で問題となる。【選択肢ウ】誤り。免状と設置許可は別である。【選択肢エ】正しい。指定数量は危険物ごとに定められる。【選択肢オ】正しい。保安講習は免状取得後も関係する。,危険物取扱者免状は人の資格であり、施設そのものの設置許可ではない。【試験ポイント】免状と施設許可を区別する。【ひっかけ】誤っているものを選ぶ形式に注意。【選択肢ア】正しい。製造所等には貯蔵所や取扱所が含まれる。【選択肢イ】正しい。標識・掲示板は施設で問題となる。【選択肢ウ】誤り。免状と設置許可は別である。【選択肢エ】正しい。指定数量は危険物ごとに定められる。,
371,single,物性・化学,PC-098;PC-001;燃焼;燃焼の三要素;基礎;重点,燃焼の成立に必要な要素として、正しい組合せはどれか。,,,,,,水・二酸化炭素・窒素,販売価格・広告・容器色,指定数量・保有空地・受験票,消火器・標識・免状,可燃物・酸素供給源・点火源,5,燃焼には、可燃物、酸素供給源、点火源が必要である。【試験ポイント】燃焼の三要素を押さえる。【ひっかけ】消火の考え方と関連づける。【選択肢ア】誤り。消火や不活性ガスの要素である。【選択肢イ】誤り。燃焼の三要素ではない。【選択肢ウ】誤り。法令や試験の語である。【選択肢エ】誤り。燃焼の三要素ではない。【選択肢オ】正しい。燃焼の三要素である。,1:（1）「水・二酸化炭素・窒素」は、単独の記述としては法令上妥当な場合がありますが、本問で選ぶべき正答は（5）「可燃物・酸素供給源・点火源」です。問題文の条件（燃焼の成立に必要な要素として、正しい組合せはどれか。…）と照らし、設問が問う論点に合う肢を選び直してください。;2:（2）「販売価格・広告・容器色」は、単独の記述としては法令上妥当な場合がありますが、本問で選ぶべき正答は（5）「可燃物・酸素供給源・点火源」です。問題文の条件（燃焼の成立に必要な要素として、正しい組合せはどれか。…）と照らし、設問が問う論点に合う肢を選び直してください。;3:（3）「指定数量・保有空地・受験票」は、単独の記述としては法令上妥当な場合がありますが、本問で選ぶべき正答は（5）「可燃物・酸素供給源・点火源」です。問題文の条件（燃焼の成立に必要な要素として、正しい組合せはどれか。…）と照らし、設問が問う論点に合う肢を選び直してください。;4:（4）「消火器・標識・免状」は、単独の記述としては法令上妥当な場合がありますが、本問で選ぶべき正答は（5）「可燃物・酸素供給源・点火源」です。問題文の条件（燃焼の成立に必要な要素として、正しい組合せはどれか。…）と照らし、設問が問う論点に合う肢を選び直してください。,燃焼には、可燃物、酸素供給源、点火源が必要である。【試験ポイント】燃焼の三要素を押さえる。【ひっかけ】消火の考え方と関連づける。【選択肢ア】誤り。消火や不活性ガスの要素である。【選択肢イ】誤り。燃焼の三要素ではない。【選択肢ウ】誤り。法令や試験の語である。【選択肢エ】誤り。燃焼の三要素ではない。【選択肢オ】正しい。燃焼の三要素である。,燃焼には、可燃物、酸素供給源、点火源が必要である。【試験ポイント】燃焼の三要素を押さえる。【ひっかけ】消火の考え方と関連づける。【選択肢ア】誤り。消火や不活性ガスの要素である。【選択肢イ】誤り。燃焼の三要素ではない。【選択肢ウ】誤り。法令や試験の語である。【選択肢エ】誤り。燃焼の三要素ではない。【選択肢オ】正しい。燃焼の三要素である。,
372,single,物性・化学,PC-099;PC-006;燃焼;引火・発火・自然発火の違い;標準;重点,火源なしで物質が燃え始める最低温度を何というか。,,,,,,発火点,引火点,融点,凝固点,沸点,1,火源なしで物質が燃え始める最低温度は発火点である。【試験ポイント】発火点は火源なしで発火する温度。【ひっかけ】引火点と発火点を区別する。【選択肢ア】正しい。発火点である。【選択肢イ】誤り。火源で引火する最低温度である。【選択肢ウ】誤り。固体が液体になる温度である。【選択肢エ】誤り。液体が固体になる温度である。【選択肢オ】誤り。液体が沸騰する温度である。,2:（2）「引火点」は、単独の記述としては法令上妥当な場合がありますが、本問で選ぶべき正答は（1）「発火点」です。問題文の条件（火源なしで物質が燃え始める最低温度を何というか。…）と照らし、設問が問う論点に合う肢を選び直してください。;3:（3）「融点」は、単独の記述としては法令上妥当な場合がありますが、本問で選ぶべき正答は（1）「発火点」です。問題文の条件（火源なしで物質が燃え始める最低温度を何というか。…）と照らし、設問が問う論点に合う肢を選び直してください。;4:（4）「凝固点」は、単独の記述としては法令上妥当な場合がありますが、本問で選ぶべき正答は（1）「発火点」です。問題文の条件（火源なしで物質が燃え始める最低温度を何というか。…）と照らし、設問が問う論点に合う肢を選び直してください。;5:（5）「沸点」は、単独の記述としては法令上妥当な場合がありますが、本問で選ぶべき正答は（1）「発火点」です。問題文の条件（火源なしで物質が燃え始める最低温度を何というか。…）と照らし、設問が問う論点に合う肢を選び直してください。,火源なしで物質が燃え始める最低温度は発火点である。【試験ポイント】発火点は火源なしで発火する温度。【ひっかけ】引火点と発火点を区別する。【選択肢ア】正しい。発火点である。【選択肢イ】誤り。火源で引火する最低温度である。【選択肢ウ】誤り。固体が液体になる温度である。【選択肢エ】誤り。液体が固体になる温度である。【選択肢オ】誤り。液体が沸騰する温度である。,火源なしで物質が燃え始める最低温度は発火点である。【試験ポイント】発火点は火源なしで発火する温度。【ひっかけ】引火点と発火点を区別する。【選択肢ア】正しい。発火点である。【選択肢イ】誤り。火源で引火する最低温度である。【選択肢ウ】誤り。固体が液体になる温度である。【選択肢エ】誤り。液体が固体になる温度である。【選択肢オ】誤り。液体が沸騰する温度である。,
373,single,物性・化学,PC-100;PC-008;燃焼;下限界・上限界;標準;重点,可燃性蒸気の濃度が燃焼範囲より高い場合について、正しいものはどれか。,,,,,,必ず最大の爆発力を示す。,一般に濃すぎて燃焼しにくい。,必ず水に溶ける。,必ず自然発火する。,必ず不燃性になる。,2,可燃性蒸気の濃度が燃焼範囲より高い場合、酸素不足などにより一般に燃焼しにくい。【試験ポイント】燃焼範囲は下限と上限で考える。【ひっかけ】濃ければ常に危険最大ではない。【選択肢ア】誤り。必ず最大ではない。【選択肢イ】正しい。濃すぎても燃焼しにくい。【選択肢ウ】誤り。水溶性とは別である。【選択肢エ】誤り。自然発火とは別である。【選択肢オ】誤り。不燃性になるわけではない。,1:（1）「必ず最大の爆発力を示す。」は、単独の記述としては法令上妥当な場合がありますが、本問で選ぶべき正答は（2）「一般に濃すぎて燃焼しにくい。」です。問題文の条件（可燃性蒸気の濃度が燃焼範囲より高い場合について、正しいものはどれか。…）と照らし、設問が問う論点に合う肢を選び直してください。;3:（3）「必ず水に溶ける。」は、単独の記述としては法令上妥当な場合がありますが、本問で選ぶべき正答は（2）「一般に濃すぎて燃焼しにくい。」です。問題文の条件（可燃性蒸気の濃度が燃焼範囲より高い場合について、正しいものはどれか。…）と照らし、設問が問う論点に合う肢を選び直してください。;4:（4）「必ず自然発火する。」は、単独の記述としては法令上妥当な場合がありますが、本問で選ぶべき正答は（2）「一般に濃すぎて燃焼しにくい。」です。問題文の条件（可燃性蒸気の濃度が燃焼範囲より高い場合について、正しいものはどれか。…）と照らし、設問が問う論点に合う肢を選び直してください。;5:（5）「必ず不燃性になる。」は、単独の記述としては法令上妥当な場合がありますが、本問で選ぶべき正答は（2）「一般に濃すぎて燃焼しにくい。」です。問題文の条件（可燃性蒸気の濃度が燃焼範囲より高い場合について、正しいものはどれか。…）と照らし、設問が問う論点に合う肢を選び直してください。,可燃性蒸気の濃度が燃焼範囲より高い場合、酸素不足などにより一般に燃焼しにくい。【試験ポイント】燃焼範囲は下限と上限で考える。【ひっかけ】濃ければ常に危険最大ではない。【選択肢ア】誤り。必ず最大ではない。【選択肢イ】正しい。濃すぎても燃焼しにくい。【選択肢ウ】誤り。水溶性とは別である。【選択肢エ】誤り。自然発火とは別である。【選択肢オ】誤り。不燃性になるわけではない。,可燃性蒸気の濃度が燃焼範囲より高い場合、酸素不足などにより一般に燃焼しにくい。【試験ポイント】燃焼範囲は下限と上限で考える。【ひっかけ】濃ければ常に危険最大ではない。【選択肢ア】誤り。必ず最大ではない。【選択肢イ】正しい。濃すぎても燃焼しにくい。【選択肢ウ】誤り。水溶性とは別である。【選択肢エ】誤り。自然発火とは別である。【選択肢オ】誤り。不燃性になるわけで,
374,single,物性・化学,PC-101;PC-011;消火;除去消火;基礎;重点,除去消火の例として、適切なものはどれか。,,,,,,火花を増やす。,酸素を大量に送り込む。,可燃性蒸気をためる。,周囲の可燃物を取り除く。,燃焼物を加熱する。,4,除去消火は、燃焼に必要な可燃物を取り除く消火方法である。【試験ポイント】除去消火は可燃物を取り除く。【ひっかけ】冷却・窒息と区別する。【選択肢ア】誤り。火花は危険である。【選択肢イ】誤り。酸素供給は燃焼を助ける。【選択肢ウ】誤り。蒸気をためてはならない。【選択肢エ】正しい。除去消火である。【選択肢オ】誤り。加熱は危険である。,1:（1）「火花を増やす。」は、単独の記述としては法令上妥当な場合がありますが、本問で選ぶべき正答は（4）「周囲の可燃物を取り除く。」です。問題文の条件（除去消火の例として、適切なものはどれか。…）と照らし、設問が問う論点に合う肢を選び直してください。;2:（2）「酸素を大量に送り込む。」は、単独の記述としては法令上妥当な場合がありますが、本問で選ぶべき正答は（4）「周囲の可燃物を取り除く。」です。問題文の条件（除去消火の例として、適切なものはどれか。…）と照らし、設問が問う論点に合う肢を選び直してください。;3:（3）「可燃性蒸気をためる。」は、単独の記述としては法令上妥当な場合がありますが、本問で選ぶべき正答は（4）「周囲の可燃物を取り除く。」です。問題文の条件（除去消火の例として、適切なものはどれか。…）と照らし、設問が問う論点に合う肢を選び直してください。;5:（5）「燃焼物を加熱する。」は、単独の記述としては法令上妥当な場合がありますが、本問で選ぶべき正答は（4）「周囲の可燃物を取り除く。」です。問題文の条件（除去消火の例として、適切なものはどれか。…）と照らし、設問が問う論点に合う肢を選び直してください。,除去消火は、燃焼に必要な可燃物を取り除く消火方法である。【試験ポイント】除去消火は可燃物を取り除く。【ひっかけ】冷却・窒息と区別する。【選択肢ア】誤り。火花は危険である。【選択肢イ】誤り。酸素供給は燃焼を助ける。【選択肢ウ】誤り。蒸気をためてはならない。【選択肢エ】正しい。除去消火である。【選択肢オ】誤り。加熱は危険である。,除去消火は、燃焼に必要な可燃物を取り除く消火方法である。【試験ポイント】除去消火は可燃物を取り除く。【ひっかけ】冷却・窒息と区別する。【選択肢ア】誤り。火花は危険である。【選択肢イ】誤り。酸素供給は燃焼を助ける。【選択肢ウ】誤り。蒸気をためてはならない。【選択肢エ】正しい。除去消火である。【選択肢オ】誤り。加熱は危険である。,
375,single,物性・化学,PC-102;PC-014;消火;抑制消火・負触媒効果;標準;網羅,燃焼の連鎖反応を抑える消火方法はどれか。,,,,,,抑制消火,除去消火,冷却消火,混触消火,加熱消火,1,抑制消火は、燃焼の連鎖反応を抑えることで消火する方法である。【試験ポイント】抑制消火は連鎖反応を抑える。【ひっかけ】消火の方式を整理する。【選択肢ア】正しい。抑制消火である。【選択肢イ】誤り。可燃物を取り除く方法である。【選択肢ウ】誤り。温度を下げる方法である。【選択肢エ】誤り。混触は危険である。【選択肢オ】誤り。消火方法ではない。,2:（2）「除去消火」は、単独の記述としては法令上妥当な場合がありますが、本問で選ぶべき正答は（1）「抑制消火」です。問題文の条件（燃焼の連鎖反応を抑える消火方法はどれか。…）と照らし、設問が問う論点に合う肢を選び直してください。;3:（3）「冷却消火」は、単独の記述としては法令上妥当な場合がありますが、本問で選ぶべき正答は（1）「抑制消火」です。問題文の条件（燃焼の連鎖反応を抑える消火方法はどれか。…）と照らし、設問が問う論点に合う肢を選び直してください。;4:（4）「混触消火」は、単独の記述としては法令上妥当な場合がありますが、本問で選ぶべき正答は（1）「抑制消火」です。問題文の条件（燃焼の連鎖反応を抑える消火方法はどれか。…）と照らし、設問が問う論点に合う肢を選び直してください。;5:（5）「加熱消火」は、単独の記述としては法令上妥当な場合がありますが、本問で選ぶべき正答は（1）「抑制消火」です。問題文の条件（燃焼の連鎖反応を抑える消火方法はどれか。…）と照らし、設問が問う論点に合う肢を選び直してください。,抑制消火は、燃焼の連鎖反応を抑えることで消火する方法である。【試験ポイント】抑制消火は連鎖反応を抑える。【ひっかけ】消火の方式を整理する。【選択肢ア】正しい。抑制消火である。【選択肢イ】誤り。可燃物を取り除く方法である。【選択肢ウ】誤り。温度を下げる方法である。【選択肢エ】誤り。混触は危険である。【選択肢オ】誤り。消火方法ではない。,抑制消火は、燃焼の連鎖反応を抑えることで消火する方法である。【試験ポイント】抑制消火は連鎖反応を抑える。【ひっかけ】消火の方式を整理する。【選択肢ア】正しい。抑制消火である。【選択肢イ】誤り。可燃物を取り除く方法である。【選択肢ウ】誤り。温度を下げる方法である。【選択肢エ】誤り。混触は危険である。【選択肢オ】誤り。消火方法ではない。,
376,single,物性・化学,PC-103;PC-017;熱;温度と熱量;基礎;網羅,熱量の単位として使われるものはどれか。,,,,,,J,秒,kg,L,m,1,熱量の単位にはJが使われる。【試験ポイント】熱量の単位はJなど。【ひっかけ】長さや質量の単位と混同しない。【選択肢ア】正しい。Jは熱量やエネルギーの単位である。【選択肢イ】誤り。時間の単位である。【選択肢ウ】誤り。質量の単位である。【選択肢エ】誤り。体積の単位である。【選択肢オ】誤り。長さの単位である。,2:（2）「秒」は、単独の記述としては法令上妥当な場合がありますが、本問で選ぶべき正答は（1）「J」です。問題文の条件（熱量の単位として使われるものはどれか。…）と照らし、設問が問う論点に合う肢を選び直してください。;3:（3）「kg」は、単独の記述としては法令上妥当な場合がありますが、本問で選ぶべき正答は（1）「J」です。問題文の条件（熱量の単位として使われるものはどれか。…）と照らし、設問が問う論点に合う肢を選び直してください。;4:（4）「L」は、単独の記述としては法令上妥当な場合がありますが、本問で選ぶべき正答は（1）「J」です。問題文の条件（熱量の単位として使われるものはどれか。…）と照らし、設問が問う論点に合う肢を選び直してください。;5:（5）「m」は、単独の記述としては法令上妥当な場合がありますが、本問で選ぶべき正答は（1）「J」です。問題文の条件（熱量の単位として使われるものはどれか。…）と照らし、設問が問う論点に合う肢を選び直してください。,熱量の単位にはJが使われる。【試験ポイント】熱量の単位はJなど。【ひっかけ】長さや質量の単位と混同しない。【選択肢ア】正しい。Jは熱量やエネルギーの単位である。【選択肢イ】誤り。時間の単位である。【選択肢ウ】誤り。質量の単位である。【選択肢エ】誤り。体積の単位である。【選択肢オ】誤り。長さの単位である。,熱量の単位にはJが使われる。【試験ポイント】熱量の単位はJなど。【ひっかけ】長さや質量の単位と混同しない。【選択肢ア】正しい。Jは熱量やエネルギーの単位である。【選択肢イ】誤り。時間の単位である。【選択肢ウ】誤り。質量の単位である。【選択肢エ】誤り。体積の単位である。【選択肢オ】誤り。長さの単位である。,
377,single,物性・化学,PC-104;PC-018;熱;比熱;標準;網羅,同じ質量で同じ温度だけ上げるとき、比熱が小さい物質について一般に正しいものはどれか。,,,,,,必要な熱量が必ず無限大になる。,必ず水に浮く。,必ず不燃性である。,必要な熱量が少ない。,必ず酸素を放出する。,4,比熱が小さい物質は、同じ質量で同じ温度だけ上げるのに必要な熱量が少ない。【試験ポイント】比熱が小さいと温度が上がりやすい。【ひっかけ】比熱と比重を混同しない。【選択肢ア】誤り。無限大にはならない。【選択肢イ】誤り。比重とは別である。【選択肢ウ】誤り。不燃性とは限らない。【選択肢エ】正しい。必要熱量が少ない。【選択肢オ】誤り。酸素放出とは別である。,1:（1）「必要な熱量が必ず無限大になる。」は、単独の記述としては法令上妥当な場合がありますが、本問で選ぶべき正答は（4）「必要な熱量が少ない。」です。問題文の条件（同じ質量で同じ温度だけ上げるとき、比熱が小さい物質について一般に正しいものはどれか。…）と照らし、設問が問う論点に合う肢を選び直してください。;2:（2）「必ず水に浮く。」は、単独の記述としては法令上妥当な場合がありますが、本問で選ぶべき正答は（4）「必要な熱量が少ない。」です。問題文の条件（同じ質量で同じ温度だけ上げるとき、比熱が小さい物質について一般に正しいものはどれか。…）と照らし、設問が問う論点に合う肢を選び直してください。;3:（3）「必ず不燃性である。」は、単独の記述としては法令上妥当な場合がありますが、本問で選ぶべき正答は（4）「必要な熱量が少ない。」です。問題文の条件（同じ質量で同じ温度だけ上げるとき、比熱が小さい物質について一般に正しいものはどれか。…）と照らし、設問が問う論点に合う肢を選び直してください。;5:（5）「必ず酸素を放出する。」は、単独の記述としては法令上妥当な場合がありますが、本問で選ぶべき正答は（4）「必要な熱量が少ない。」です。問題文の条件（同じ質量で同じ温度だけ上げるとき、比熱が小さい物質について一般に正しいものはどれか。…）と照らし、設問が問う論点に合う肢を選び直してください。,比熱が小さい物質は、同じ質量で同じ温度だけ上げるのに必要な熱量が少ない。,比熱が小さい物質は、同じ質量で同じ温度だけ上げるのに必要な熱量が少ない。【試験ポイント】比熱が小さいと温度が上がりやすい。【ひっかけ】比熱と比重を混同しない。【選択肢ア】誤り。無限大にはならない。【選択肢イ】誤り。比重とは別である。【選択肢ウ】誤り。不燃性とは限らない。【選択肢エ】正しい。必要熱量が少ない。【選択肢オ】誤り。酸素放出とは別である。,
378,single,物性・化学,PC-105;PC-020;熱;熱伝導・対流・放射;基礎;網羅,液体や気体の移動によって熱が運ばれる現象はどれか。,,,,,,放射,熱伝導,酸化,中和,対流,5,液体や気体などの流体の移動によって熱が運ばれる現象は対流である。【試験ポイント】対流は流体の移動による熱移動。【ひっかけ】伝導・対流・放射を区別する。【選択肢ア】誤り。電磁波による熱移動である。【選択肢イ】誤り。物質内部を熱が伝わる現象である。【選択肢ウ】誤り。酸素との結合などの反応である。【選択肢エ】誤り。酸とアルカリの反応である。【選択肢オ】正しい。対流である。,1:（1）「放射」は、単独の記述としては法令上妥当な場合がありますが、本問で選ぶべき正答は（5）「対流」です。問題文の条件（液体や気体の移動によって熱が運ばれる現象はどれか。…）と照らし、設問が問う論点に合う肢を選び直してください。;2:（2）「熱伝導」は、単独の記述としては法令上妥当な場合がありますが、本問で選ぶべき正答は（5）「対流」です。問題文の条件（液体や気体の移動によって熱が運ばれる現象はどれか。…）と照らし、設問が問う論点に合う肢を選び直してください。;3:（3）「酸化」は、単独の記述としては法令上妥当な場合がありますが、本問で選ぶべき正答は（5）「対流」です。問題文の条件（液体や気体の移動によって熱が運ばれる現象はどれか。…）と照らし、設問が問う論点に合う肢を選び直してください。;4:（4）「中和」は、単独の記述としては法令上妥当な場合がありますが、本問で選ぶべき正答は（5）「対流」です。問題文の条件（液体や気体の移動によって熱が運ばれる現象はどれか。…）と照らし、設問が問う論点に合う肢を選び直してください。,液体や気体などの流体の移動によって熱が運ばれる現象は対流である。【試験ポイント】対流は流体の移動による熱移動。【ひっかけ】伝導・対流・放射を区別する。【選択肢ア】誤り。電磁波による熱移動である。【選択肢イ】誤り。物質内部を熱が伝わる現象である。【選択肢ウ】誤り。酸素との結合などの反応である。【選択肢エ】誤り。酸とアルカリの反応である。【選択肢オ】正しい。対流である。,液体や気体などの流体の移動によって熱が運ばれる現象は対流である。【試験ポイント】対流は流体の移動による熱移動。【ひっかけ】伝導・対流・放射を区別する。【選択肢ア】誤り。電磁波による熱移動である。【選択肢イ】誤り。物質内部を熱が伝わる現象である。【選択肢ウ】誤り。酸素との結合などの反応である。【選択肢エ】誤り。酸とアルカリの反応である。【選択肢オ】正しい。対流,
379,single,物性・化学,PC-106;PC-024;物質の状態;融点・沸点;基礎;網羅,液体が固体になり始める温度を何というか。,,,,,,発火点,引火点,燃焼範囲,沸点,凝固点,5,液体が固体になり始める温度は凝固点である。【試験ポイント】凝固点は液体が固体になる温度。【ひっかけ】温度用語を区別する。【選択肢ア】誤り。火源なしで発火する最低温度である。【選択肢イ】誤り。火源で引火する最低温度である。【選択肢ウ】誤り。濃度範囲である。【選択肢エ】誤り。液体が沸騰する温度である。【選択肢オ】正しい。凝固点である。,1:（1）「発火点」は、単独の記述としては法令上妥当な場合がありますが、本問で選ぶべき正答は（5）「凝固点」です。問題文の条件（液体が固体になり始める温度を何というか。…）と照らし、設問が問う論点に合う肢を選び直してください。;2:（2）「引火点」は、単独の記述としては法令上妥当な場合がありますが、本問で選ぶべき正答は（5）「凝固点」です。問題文の条件（液体が固体になり始める温度を何というか。…）と照らし、設問が問う論点に合う肢を選び直してください。;3:（3）「燃焼範囲」は、単独の記述としては法令上妥当な場合がありますが、本問で選ぶべき正答は（5）「凝固点」です。問題文の条件（液体が固体になり始める温度を何というか。…）と照らし、設問が問う論点に合う肢を選び直してください。;4:（4）「沸点」は、単独の記述としては法令上妥当な場合がありますが、本問で選ぶべき正答は（5）「凝固点」です。問題文の条件（液体が固体になり始める温度を何というか。…）と照らし、設問が問う論点に合う肢を選び直してください。,液体が固体になり始める温度は凝固点である。【試験ポイント】凝固点は液体が固体になる温度。【ひっかけ】温度用語を区別する。【選択肢ア】誤り。火源なしで発火する最低温度である。【選択肢イ】誤り。火源で引火する最低温度である。【選択肢ウ】誤り。濃度範囲である。【選択肢エ】誤り。液体が沸騰する温度である。【選択肢オ】正しい。凝固点である。,液体が固体になり始める温度は凝固点である。【試験ポイント】凝固点は液体が固体になる温度。【ひっかけ】温度用語を区別する。【選択肢ア】誤り。火源なしで発火する最低温度である。【選択肢イ】誤り。火源で引火する最低温度である。【選択肢ウ】誤り。濃度範囲である。【選択肢エ】誤り。液体が沸騰する温度である。【選択肢オ】正しい。凝固点である。,
380,single,物性・化学,PC-107;PC-030;密度・比重;比重;基礎;重点,水を基準にした液体の重さの比を何というか。,,,,,,燃焼範囲,液比重,発火点,蒸気比重,指定数量,2,液比重は、水を基準にして液体の重さを比較する値である。【試験ポイント】液比重は水基準。【ひっかけ】蒸気比重は空気基準。【選択肢ア】誤り。燃える濃度範囲である。【選択肢イ】正しい。液比重である。【選択肢ウ】誤り。温度である。【選択肢エ】誤り。空気を基準にした蒸気の重さである。【選択肢オ】誤り。基準数量である。,1:（1）「燃焼範囲」は、単独の記述としては法令上妥当な場合がありますが、本問で選ぶべき正答は（2）「液比重」です。問題文の条件（水を基準にした液体の重さの比を何というか。…）と照らし、設問が問う論点に合う肢を選び直してください。;3:（3）「発火点」は、単独の記述としては法令上妥当な場合がありますが、本問で選ぶべき正答は（2）「液比重」です。問題文の条件（水を基準にした液体の重さの比を何というか。…）と照らし、設問が問う論点に合う肢を選び直してください。;4:（4）「蒸気比重」は、単独の記述としては法令上妥当な場合がありますが、本問で選ぶべき正答は（2）「液比重」です。問題文の条件（水を基準にした液体の重さの比を何というか。…）と照らし、設問が問う論点に合う肢を選び直してください。;5:（5）「指定数量」は、単独の記述としては法令上妥当な場合がありますが、本問で選ぶべき正答は（2）「液比重」です。問題文の条件（水を基準にした液体の重さの比を何というか。…）と照らし、設問が問う論点に合う肢を選び直してください。,液比重は、水を基準にして液体の重さを比較する値である。【試験ポイント】液比重は水基準。【ひっかけ】蒸気比重は空気基準。【選択肢ア】誤り。燃える濃度範囲である。【選択肢イ】正しい。液比重である。【選択肢ウ】誤り。温度である。【選択肢エ】誤り。空気を基準にした蒸気の重さである。【選択肢オ】誤り。基準数量である。,液比重は、水を基準にして液体の重さを比較する値である。【試験ポイント】液比重は水基準。【ひっかけ】蒸気比重は空気基準。【選択肢ア】誤り。燃える濃度範囲である。【選択肢イ】正しい。液比重である。【選択肢ウ】誤り。温度である。【選択肢エ】誤り。空気を基準にした蒸気の重さである。【選択肢オ】誤り。基準数量である。,
381,single,物性・化学,PC-108;PC-032;密度・比重;蒸気比重;標準;重点,空気を基準にした蒸気の重さの比を何というか。,,,,,,蒸気比重,融点,指定数量,液比重,沸点,1,蒸気比重は、空気を基準にして蒸気の重さを比較する値である。【試験ポイント】蒸気比重は空気基準。【ひっかけ】液比重と蒸気比重を混同しない。【選択肢ア】正しい。蒸気比重である。【選択肢イ】誤り。固体が液体になる温度である。【選択肢ウ】誤り。危険物の基準数量である。【選択肢エ】誤り。液体を水基準で比べる値である。【選択肢オ】誤り。液体が沸騰する温度である。,2:（2）「融点」は、単独の記述としては法令上妥当な場合がありますが、本問で選ぶべき正答は（1）「蒸気比重」です。問題文の条件（空気を基準にした蒸気の重さの比を何というか。…）と照らし、設問が問う論点に合う肢を選び直してください。;3:（3）「指定数量」は、単独の記述としては法令上妥当な場合がありますが、本問で選ぶべき正答は（1）「蒸気比重」です。問題文の条件（空気を基準にした蒸気の重さの比を何というか。…）と照らし、設問が問う論点に合う肢を選び直してください。;4:（4）「液比重」は、単独の記述としては法令上妥当な場合がありますが、本問で選ぶべき正答は（1）「蒸気比重」です。問題文の条件（空気を基準にした蒸気の重さの比を何というか。…）と照らし、設問が問う論点に合う肢を選び直してください。;5:（5）「沸点」は、単独の記述としては法令上妥当な場合がありますが、本問で選ぶべき正答は（1）「蒸気比重」です。問題文の条件（空気を基準にした蒸気の重さの比を何というか。…）と照らし、設問が問う論点に合う肢を選び直してください。,蒸気比重は、空気を基準にして蒸気の重さを比較する値である。【試験ポイント】蒸気比重は空気基準。【ひっかけ】液比重と蒸気比重を混同しない。【選択肢ア】正しい。蒸気比重である。【選択肢イ】誤り。固体が液体になる温度である。【選択肢ウ】誤り。危険物の基準数量である。【選択肢エ】誤り。液体を水基準で比べる値である。【選択肢オ】誤り。液体が沸騰する温度である。,蒸気比重は、空気を基準にして蒸気の重さを比較する値である。【試験ポイント】蒸気比重は空気基準。【ひっかけ】液比重と蒸気比重を混同しない。【選択肢ア】正しい。蒸気比重である。【選択肢イ】誤り。固体が液体になる温度である。【選択肢ウ】誤り。危険物の基準数量である。【選択肢エ】誤り。液体を水基準で比べる値である。【選択肢オ】誤り。液体が沸騰する温度である。,
382,single,物性・化学,PC-109;PC-033;静電気;静電気の発生;標準;重点,液体を高速で配管に流すときに注意すべきものはどれか。,,,,,,静電気の発生,免状の失効,指定数量の消滅,不燃性への変化,pHの自動上昇,1,液体の高速流動は静電気の発生に関係するため、接地などの対策が重要である。【試験ポイント】流動は静電気発生に関係する。【ひっかけ】静電気は着火源になり得る。【選択肢ア】正しい。静電気に注意する。【選択肢イ】誤り。免状とは関係ない。【選択肢ウ】誤り。指定数量は消滅しない。【選択肢エ】誤り。不燃性になるわけではない。【選択肢オ】誤り。pHが自動上昇するわけではない。,2:（2）「免状の失効」は、単独の記述としては法令上妥当な場合がありますが、本問で選ぶべき正答は（1）「静電気の発生」です。問題文の条件（液体を高速で配管に流すときに注意すべきものはどれか。…）と照らし、設問が問う論点に合う肢を選び直してください。;3:（3）「指定数量の消滅」は、単独の記述としては法令上妥当な場合がありますが、本問で選ぶべき正答は（1）「静電気の発生」です。問題文の条件（液体を高速で配管に流すときに注意すべきものはどれか。…）と照らし、設問が問う論点に合う肢を選び直してください。;4:（4）「不燃性への変化」は、単独の記述としては法令上妥当な場合がありますが、本問で選ぶべき正答は（1）「静電気の発生」です。問題文の条件（液体を高速で配管に流すときに注意すべきものはどれか。…）と照らし、設問が問う論点に合う肢を選び直してください。;5:（5）「pHの自動上昇」は、単独の記述としては法令上妥当な場合がありますが、本問で選ぶべき正答は（1）「静電気の発生」です。問題文の条件（液体を高速で配管に流すときに注意すべきものはどれか。…）と照らし、設問が問う論点に合う肢を選び直してください。,液体の高速流動は静電気の発生に関係するため、接地などの対策が重要である。【試験ポイント】流動は静電気発生に関係する。【ひっかけ】静電気は着火源になり得る。【選択肢ア】正しい。静電気に注意する。【選択肢イ】誤り。免状とは関係ない。【選択肢ウ】誤り。指定数量は消滅しない。【選択肢エ】誤り。不燃性になるわけではない。【選択肢オ】誤り。pHが自動上昇するわけではない。,液体の高速流動は静電気の発生に関係するため、接地などの対策が重要である。【試験ポイント】流動は静電気発生に関係する。【ひっかけ】静電気は着火源になり得る。【選択肢ア】正しい。静電気に注意する。【選択肢イ】誤り。免状とは関係ない。【選択肢ウ】誤り。指定数量は消滅しない。【選択肢エ】誤り。不燃性になるわけではない。【選択肢オ】誤り。pHが自動上昇するわけではない,
383,single,物性・化学,PC-110;PC-039;物質の構成;単体・化合物・混合物;基礎;網羅,単体の説明として、正しいものはどれか。,,,,,,火源で燃え始める温度である。,液体が気体になる現象である。,2種類以上の元素が化学的に結びついた物質である。,1種類の元素からできている物質である。,複数の物質が混じり合ったものである。,4,単体は、1種類の元素からできている物質である。【試験ポイント】単体・化合物・混合物を区別する。【ひっかけ】元素の種類数に注目する。【選択肢ア】誤り。引火点の説明である。【選択肢イ】誤り。蒸発の説明である。【選択肢ウ】誤り。化合物の説明である。【選択肢エ】正しい。単体の説明である。【選択肢オ】誤り。混合物の説明である。,1:（1）「火源で燃え始める温度である。」は、単独の記述としては法令上妥当な場合がありますが、本問で選ぶべき正答は（4）「1種類の元素からできている物質である。」です。問題文の条件（単体の説明として、正しいものはどれか。…）と照らし、設問が問う論点に合う肢を選び直してください。;2:（2）「液体が気体になる現象である。」は、単独の記述としては法令上妥当な場合がありますが、本問で選ぶべき正答は（4）「1種類の元素からできている物質である。」です。問題文の条件（単体の説明として、正しいものはどれか。…）と照らし、設問が問う論点に合う肢を選び直してください。;3:（3）の内容は、正答（4）「1種類の元素からできている物質である。」が示す論点とずれています。 解説の要点：単体は、1種類の元素からできている物質である。【試験ポイント】単体・化合物・混合物を区別する。【ひっかけ】元素の種類数に注目する。【選択肢ア】誤り。引火点の説明である。【選択肢イ】誤り。蒸発の説明である。【選択肢ウ】誤り。化合物の説明である。【選択肢エ】正しい。単体の説明である。… 正答（4）との違いを確認し直してください。;5:（5）「複数の物質が混じり合ったものである。」は、単独の記述としては法令上妥当な場合がありますが、本問で選ぶべき正答は（4）「1種類の元素からできている物質である。」です。問題文の条件（単体の説明として、正しいものはどれか。…）と照らし、設問が問う論点に合う肢を選び直してください。,単体は、1種類の元素からできている物質である。,単体は、1種類の元素からできている物質である。【試験ポイント】単体・化合物・混合物を区別する。【ひっかけ】元素の種類数に注目する。【選択肢ア】誤り。引火点の説明である。【選択肢イ】誤り。蒸発の説明である。【選択肢ウ】誤り。化合物の説明である。【選択肢エ】正しい。単体の説明である。【選択肢オ】誤り。混合物の説明である。,
384,single,物性・化学,PC-111;PC-045;酸化・還元;酸化;基礎;重点,鉄がさびる反応と関係が深いものはどれか。,,,,,,中和,酸化,融解,凝固,蒸発,2,鉄がさびる反応は酸化と関係が深い。【試験ポイント】さびは酸化の例。【ひっかけ】状態変化と化学変化を区別する。【選択肢ア】誤り。酸とアルカリの反応である。【選択肢イ】正しい。酸化である。【選択肢ウ】誤り。固体が液体になる現象である。【選択肢エ】誤り。液体が固体になる現象である。【選択肢オ】誤り。液体が気体になる現象である。,1:（1）「中和」は、単独の記述としては法令上妥当な場合がありますが、本問で選ぶべき正答は（2）「酸化」です。問題文の条件（鉄がさびる反応と関係が深いものはどれか。…）と照らし、設問が問う論点に合う肢を選び直してください。;3:（3）「融解」は、単独の記述としては法令上妥当な場合がありますが、本問で選ぶべき正答は（2）「酸化」です。問題文の条件（鉄がさびる反応と関係が深いものはどれか。…）と照らし、設問が問う論点に合う肢を選び直してください。;4:（4）「凝固」は、単独の記述としては法令上妥当な場合がありますが、本問で選ぶべき正答は（2）「酸化」です。問題文の条件（鉄がさびる反応と関係が深いものはどれか。…）と照らし、設問が問う論点に合う肢を選び直してください。;5:（5）「蒸発」は、単独の記述としては法令上妥当な場合がありますが、本問で選ぶべき正答は（2）「酸化」です。問題文の条件（鉄がさびる反応と関係が深いものはどれか。…）と照らし、設問が問う論点に合う肢を選び直してください。,鉄がさびる反応は酸化と関係が深い。【試験ポイント】さびは酸化の例。【ひっかけ】状態変化と化学変化を区別する。【選択肢ア】誤り。酸とアルカリの反応である。【選択肢イ】正しい。酸化である。【選択肢ウ】誤り。固体が液体になる現象である。【選択肢エ】誤り。液体が固体になる現象である。【選択肢オ】誤り。液体が気体になる現象である。,鉄がさびる反応は酸化と関係が深い。【試験ポイント】さびは酸化の例。【ひっかけ】状態変化と化学変化を区別する。【選択肢ア】誤り。酸とアルカリの反応である。【選択肢イ】正しい。酸化である。【選択肢ウ】誤り。固体が液体になる現象である。【選択肢エ】誤り。液体が固体になる現象である。【選択肢オ】誤り。液体が気体になる現象である。,
385,single,物性・化学,PC-112;PC-061;計算問題;濃度の計算;標準;網羅,溶質15 gを溶かして全体を150 gの溶液にした。この質量パーセント濃度はどれか。,,,,,,15 %,30 %,90 %,20 %,10 %,5,15÷150×100＝10％である。【試験ポイント】質量パーセント濃度＝溶質÷溶液×100。【ひっかけ】溶媒ではなく溶液全体で割る。【選択肢ア】誤り。溶質の質量をそのまま％にしている。【選択肢イ】誤り。計算結果ではない。【選択肢ウ】誤り。計算結果ではない。【選択肢エ】誤り。計算結果ではない。【選択肢オ】正しい。10％である。,1:（1）「15 %」は、単独の記述としては法令上妥当な場合がありますが、本問で選ぶべき正答は（5）「10 %」です。問題文の条件（溶質15 gを溶かして全体を150 gの溶液にした。この質量パーセント濃度はどれか。…）と照らし、設問が問う論点に合う肢を選び直してください。;2:（2）「30 %」は、単独の記述としては法令上妥当な場合がありますが、本問で選ぶべき正答は（5）「10 %」です。問題文の条件（溶質15 gを溶かして全体を150 gの溶液にした。この質量パーセント濃度はどれか。…）と照らし、設問が問う論点に合う肢を選び直してください。;3:（3）「90 %」は、単独の記述としては法令上妥当な場合がありますが、本問で選ぶべき正答は（5）「10 %」です。問題文の条件（溶質15 gを溶かして全体を150 gの溶液にした。この質量パーセント濃度はどれか。…）と照らし、設問が問う論点に合う肢を選び直してください。;4:（4）「20 %」は、単独の記述としては法令上妥当な場合がありますが、本問で選ぶべき正答は（5）「10 %」です。問題文の条件（溶質15 gを溶かして全体を150 gの溶液にした。この質量パーセント濃度はどれか。…）と照らし、設問が問う論点に合う肢を選び直してください。,15÷150×100＝10％である。【試験ポイント】質量パーセント濃度＝溶質÷溶液×100。【ひっかけ】溶媒ではなく溶液全体で割る。【選択肢ア】誤り。溶質の質量をそのまま％にしている。【選択肢イ】誤り。計算結果ではない。【選択肢ウ】誤り。計算結果ではない。【選択肢エ】誤り。計算結果ではない。【選択肢オ】正しい。10％である。,15÷150×100＝10％である。【試験ポイント】質量パーセント濃度＝溶質÷溶液×100。【ひっかけ】溶媒ではなく溶液全体で割る。【選択肢ア】誤り。溶質の質量をそのまま％にしている。【選択肢イ】誤り。計算結果ではない。【選択肢ウ】誤り。計算結果ではない。【選択肢エ】誤り。計算結果ではない。【選択肢オ】正しい。10％である。,
386,single,火災・消火・漏えい,PF-104;PF-001;第4類共通性質;第4類危険物の共通性質;基礎;重点,第4類危険物の中心的な危険性として、適切なものはどれか。,,,,,,水との激しい反応だけ,放射性崩壊,可燃性蒸気への引火,固体の摩擦発火だけ,酸素放出による助燃だけ,3,第4類危険物は引火性液体であり、可燃性蒸気への引火が中心的な危険性である。【試験ポイント】第4類は可燃性蒸気への引火が重要。【ひっかけ】他類の性状と混同しない。【選択肢ア】誤り。第3類の一部に関係する。【選択肢イ】誤り。危険物分類とは別である。【選択肢ウ】正しい。第4類の中心的危険性である。【選択肢エ】誤り。第2類の一部に近い。【選択肢オ】誤り。酸化性物質の説明に近い。,1:（1）「水との激しい反応だけ」は、単独の記述としては法令上妥当な場合がありますが、本問で選ぶべき正答は（3）「可燃性蒸気への引火」です。問題文の条件（第4類危険物の中心的な危険性として、適切なものはどれか。…）と照らし、設問が問う論点に合う肢を選び直してください。;2:（2）「放射性崩壊」は、単独の記述としては法令上妥当な場合がありますが、本問で選ぶべき正答は（3）「可燃性蒸気への引火」です。問題文の条件（第4類危険物の中心的な危険性として、適切なものはどれか。…）と照らし、設問が問う論点に合う肢を選び直してください。;4:（4）「固体の摩擦発火だけ」は、単独の記述としては法令上妥当な場合がありますが、本問で選ぶべき正答は（3）「可燃性蒸気への引火」です。問題文の条件（第4類危険物の中心的な危険性として、適切なものはどれか。…）と照らし、設問が問う論点に合う肢を選び直してください。;5:（5）「酸素放出による助燃だけ」は、単独の記述としては法令上妥当な場合がありますが、本問で選ぶべき正答は（3）「可燃性蒸気への引火」です。問題文の条件（第4類危険物の中心的な危険性として、適切なものはどれか。…）と照らし、設問が問う論点に合う肢を選び直してください。,第4類危険物は引火性液体であり、可燃性蒸気への引火が中心的な危険性である。 【試験ポイント】第4類は可燃性蒸気への引火が重要。,第4類危険物は引火性液体であり、可燃性蒸気への引火が中心的な危険性である。【試験ポイント】第4類は可燃性蒸気への引火が重要。【ひっかけ】他類の性状と混同しない。【選択肢ア】誤り。第3類の一部に関係する。【選択肢イ】誤り。危険物分類とは別である。【選択肢ウ】正しい。第4類の中心的危険性である。【選択肢エ】誤り。第2類の一部に近い。【選択肢オ】誤り。酸化性物質の,
387,single,火災・消火・漏えい,PF-105;PF-003;第4類共通性質;蒸気が空気より重い性質;標準;重点,第4類危険物の蒸気が低所にたまりやすい理由として、適切なものはどれか。,,,,,,不燃性であるため。,酸素を放出するため。,空気より重い蒸気が多いため。,すべて空気より軽いため。,すべて水に完全に溶けるため。,3,第4類危険物の蒸気は空気より重いものが多く、低所に滞留しやすい。【試験ポイント】蒸気比重が大きいと低所にたまりやすい。【ひっかけ】液比重と混同しない。【選択肢ア】誤り。可燃性蒸気である。【選択肢イ】誤り。酸素放出性ではない。【選択肢ウ】正しい。低所滞留の理由である。【選択肢エ】誤り。空気より重いものが多い。【選択肢オ】誤り。水溶性とは別である。,1:（1）「不燃性であるため。」は、単独の記述としては法令上妥当な場合がありますが、本問で選ぶべき正答は（3）「空気より重い蒸気が多いため。」です。問題文の条件（第4類危険物の蒸気が低所にたまりやすい理由として、適切なものはどれか。…）と照らし、設問が問う論点に合う肢を選び直してください。;2:（2）「酸素を放出するため。」は、単独の記述としては法令上妥当な場合がありますが、本問で選ぶべき正答は（3）「空気より重い蒸気が多いため。」です。問題文の条件（第4類危険物の蒸気が低所にたまりやすい理由として、適切なものはどれか。…）と照らし、設問が問う論点に合う肢を選び直してください。;4:（4）「すべて空気より軽いため。」は、単独の記述としては法令上妥当な場合がありますが、本問で選ぶべき正答は（3）「空気より重い蒸気が多いため。」です。問題文の条件（第4類危険物の蒸気が低所にたまりやすい理由として、適切なものはどれか。…）と照らし、設問が問う論点に合う肢を選び直してください。;5:（5）「すべて水に完全に溶けるため。」は、単独の記述としては法令上妥当な場合がありますが、本問で選ぶべき正答は（3）「空気より重い蒸気が多いため。」です。問題文の条件（第4類危険物の蒸気が低所にたまりやすい理由として、適切なものはどれか。…）と照らし、設問が問う論点に合う肢を選び直してください。,第4類危険物の蒸気は空気より重いものが多く、低所に滞留しやすい。【試験ポイント】蒸気比重が大きいと低所にたまりやすい。【ひっかけ】液比重と混同しない。【選択肢ア】誤り。可燃性蒸気である。【選択肢イ】誤り。酸素放出性ではない。【選択肢ウ】正しい。低所滞留の理由である。【選択肢エ】誤り。空気より重いものが多い。【選択肢オ】誤り。水溶性とは別である。,第4類危険物の蒸気は空気より重いものが多く、低所に滞留しやすい。【試験ポイント】蒸気比重が大きいと低所にたまりやすい。【ひっかけ】液比重と混同しない。【選択肢ア】誤り。可燃性蒸気である。【選択肢イ】誤り。酸素放出性ではない。【選択肢ウ】正しい。低所滞留の理由である。【選択肢エ】誤り。空気より重いものが多い。【選択肢オ】誤り。水溶性とは別である。,
388,single,火災・消火・漏えい,PF-106;PF-005;第4類共通性質;水溶性・非水溶性の違い;標準;重点,水溶性液体の第4類危険物について、正しいものはどれか。,,,,,,水に溶けるため必ず第1類になる。,水に溶けても引火危険があるものがある。,水に溶けるため蒸気は発生しない。,水に溶けるため必ず不燃性である。,水に溶けるため火気管理は不要である。,2,水溶性液体でも引火危険があるものがある。水に溶けることは安全を意味しない。【試験ポイント】水溶性＝安全ではない。【ひっかけ】水に溶けることと燃えないことは別。【選択肢ア】誤り。第4類にも水溶性液体がある。【選択肢イ】正しい。水溶性でも引火危険がある。【選択肢ウ】誤り。蒸気が発生するものがある。【選択肢エ】誤り。不燃性とは限らない。【選択肢オ】誤り。火気管理は必要である。,1:（1）の内容は、正答（2）「水に溶けても引火危険があるものがある。」が示す論点とずれています。 解説の要点：水溶性液体でも引火危険があるものがある。水に溶けることは安全を意味しない。【試験ポイント】水溶性＝安全ではない。【ひっかけ】水に溶けることと燃えないことは別。【選択肢ア】誤り。第4類にも水溶性液体がある。【選択肢イ】正しい。水溶性でも引火危険がある。【選択肢ウ】誤り。蒸気が発生す… 正答（2）との違いを確認し直してください。;3:解説では「水溶性液体でも引火危険があるものがある。」とある一方、（3）の記述はそれと矛盾します。 解説の要点：水溶性液体でも引火危険があるものがある。水に溶けることは安全を意味しない。【試験ポイント】水溶性＝安全ではない。【ひっかけ】水に溶けることと燃えないことは別。【選択肢ア】誤り。第4類にも水溶性液体がある。【選択肢イ】正しい。水溶性でも引火危険がある。【選択肢ウ】誤り。蒸気が発生す… 正答（2）との違いを確認し直してください。;4:（4）の内容は、正答（2）「水に溶けても引火危険があるものがある。」が示す論点とずれています。 解説の要点：水溶性液体でも引火危険があるものがある。水に溶けることは安全を意味しない。【試験ポイント】水溶性＝安全ではない。【ひっかけ】水に溶けることと燃えないことは別。【選択肢ア】誤り。第4類にも水溶性液体がある。【選択肢イ】正しい。水溶性でも引火危険がある。【選択肢ウ】誤り。蒸気が発生す… 正答（2）との違いを確認し直してください。;5:解説では「水溶性液体でも引火危険があるものがある。」とある一方、（5）の記述はそれと矛盾します。 解説の要点：水溶性液体でも引火危険があるものがある。水に溶けることは安全を意味しない。【試験ポイント】水溶性＝安全ではない。【ひっかけ】水に溶けることと燃えないことは別。【選択肢ア】誤り。第4類にも水溶性液体がある。【選択肢イ】正しい。水溶性でも引火危険がある。【選択肢ウ】誤り。蒸気が発生す… 正答（2）との違いを確認し直してください。,水溶性液体でも引火危険があるものがある。水に溶けることは安全を意味しない。【試験ポイント】水溶性＝安全ではない。【ひっかけ】水に溶けることと燃えないことは別。【選択肢ア】誤り。第4類にも水溶性液体がある。【選択肢イ】正しい。水溶性でも引火危険がある。【選択肢ウ】誤り。蒸気が発生するものがある。【選択肢エ】誤り。不燃性とは限らない。【選択肢オ】誤り。火気管理は必要である。,水溶性液体でも引火危険があるものがある。水に溶けることは安全を意味しない。【試験ポイント】水溶性＝安全ではない。【ひっかけ】水に溶けることと燃えないことは別。【選択肢ア】誤り。第4類にも水溶性液体がある。【選択肢イ】正しい。水溶性でも引火危険がある。【選択肢ウ】誤り。蒸気が発生するものがある。【選択肢エ】誤り。不燃性とは限らない。【選択肢オ】誤り。火気管理は,
389,single,火災・消火・漏えい,PF-107;PF-007;火災予防;静電気による引火危険;標準;重点,第4類危険物の移し替え時に接地を行う主な目的はどれか。,,,,,,水溶性をなくすため。,指定数量を増やすため。,液体を不燃性にするため。,静電気による火花を防ぐため。,免状を更新するため。,4,接地は静電気を逃がし、火花による引火を防ぐために行う。【試験ポイント】接地は静電気対策。【ひっかけ】静電気火花は着火源になる。【選択肢ア】誤り。水溶性は変わらない。【選択肢イ】誤り。指定数量は増えない。【選択肢ウ】誤り。不燃性にはならない。【選択肢エ】正しい。静電気対策である。【選択肢オ】誤り。免状更新ではない。,1:（1）「水溶性をなくすため。」は、単独の記述としては法令上妥当な場合がありますが、本問で選ぶべき正答は（4）「静電気による火花を防ぐため。」です。問題文の条件（第4類危険物の移し替え時に接地を行う主な目的はどれか。…）と照らし、設問が問う論点に合う肢を選び直してください。;2:（2）「指定数量を増やすため。」は、単独の記述としては法令上妥当な場合がありますが、本問で選ぶべき正答は（4）「静電気による火花を防ぐため。」です。問題文の条件（第4類危険物の移し替え時に接地を行う主な目的はどれか。…）と照らし、設問が問う論点に合う肢を選び直してください。;3:（3）「液体を不燃性にするため。」は、単独の記述としては法令上妥当な場合がありますが、本問で選ぶべき正答は（4）「静電気による火花を防ぐため。」です。問題文の条件（第4類危険物の移し替え時に接地を行う主な目的はどれか。…）と照らし、設問が問う論点に合う肢を選び直してください。;5:（5）「免状を更新するため。」は、単独の記述としては法令上妥当な場合がありますが、本問で選ぶべき正答は（4）「静電気による火花を防ぐため。」です。問題文の条件（第4類危険物の移し替え時に接地を行う主な目的はどれか。…）と照らし、設問が問う論点に合う肢を選び直してください。,接地は静電気を逃がし、火花による引火を防ぐために行う。【試験ポイント】接地は静電気対策。【ひっかけ】静電気火花は着火源になる。【選択肢ア】誤り。水溶性は変わらない。【選択肢イ】誤り。指定数量は増えない。【選択肢ウ】誤り。不燃性にはならない。【選択肢エ】正しい。静電気対策である。【選択肢オ】誤り。免状更新ではない。,接地は静電気を逃がし、火花による引火を防ぐために行う。【試験ポイント】接地は静電気対策。【ひっかけ】静電気火花は着火源になる。【選択肢ア】誤り。水溶性は変わらない。【選択肢イ】誤り。指定数量は増えない。【選択肢ウ】誤り。不燃性にはならない。【選択肢エ】正しい。静電気対策である。【選択肢オ】誤り。免状更新ではない。,
390,single,火災・消火・漏えい,PF-108;PF-009;火災予防;漏えい・流出時の危険;標準;重点,第4類危険物が床に流出した場合の注意として、適切なものはどれか。,,,,,,下水へ流す。,火気を避け、流出拡大を防ぎ、回収する。,喫煙しながら拭き取る。,放置して蒸発を待つ。,裸火で蒸気を確認する。,2,流出時は火気を避け、流出拡大を防ぎ、適切に回収する。【試験ポイント】流出時は火気厳禁・拡大防止・回収。【ひっかけ】下水処理や火気確認は不適切。【選択肢ア】誤り。下水へ流してはならない。【選択肢イ】正しい。適切な対応である。【選択肢ウ】誤り。喫煙は危険である。【選択肢エ】誤り。放置は危険である。【選択肢オ】誤り。裸火は危険である。,1:（1）「下水へ流す。」は、単独の記述としては法令上妥当な場合がありますが、本問で選ぶべき正答は（2）「火気を避け、流出拡大を防ぎ、回収する。」です。問題文の条件（第4類危険物が床に流出した場合の注意として、適切なものはどれか。…）と照らし、設問が問う論点に合う肢を選び直してください。;3:（3）「喫煙しながら拭き取る。」は、単独の記述としては法令上妥当な場合がありますが、本問で選ぶべき正答は（2）「火気を避け、流出拡大を防ぎ、回収する。」です。問題文の条件（第4類危険物が床に流出した場合の注意として、適切なものはどれか。…）と照らし、設問が問う論点に合う肢を選び直してください。;4:（4）「放置して蒸発を待つ。」は、単独の記述としては法令上妥当な場合がありますが、本問で選ぶべき正答は（2）「火気を避け、流出拡大を防ぎ、回収する。」です。問題文の条件（第4類危険物が床に流出した場合の注意として、適切なものはどれか。…）と照らし、設問が問う論点に合う肢を選び直してください。;5:（5）「裸火で蒸気を確認する。」は、単独の記述としては法令上妥当な場合がありますが、本問で選ぶべき正答は（2）「火気を避け、流出拡大を防ぎ、回収する。」です。問題文の条件（第4類危険物が床に流出した場合の注意として、適切なものはどれか。…）と照らし、設問が問う論点に合う肢を選び直してください。,流出時は火気を避け、流出拡大を防ぎ、適切に回収する。【試験ポイント】流出時は火気厳禁・拡大防止・回収。【ひっかけ】下水処理や火気確認は不適切。【選択肢ア】誤り。下水へ流してはならない。【選択肢イ】正しい。適切な対応である。【選択肢ウ】誤り。喫煙は危険である。【選択肢エ】誤り。放置は危険である。【選択肢オ】誤り。裸火は危険である。,流出時は火気を避け、流出拡大を防ぎ、適切に回収する。【試験ポイント】流出時は火気厳禁・拡大防止・回収。【ひっかけ】下水処理や火気確認は不適切。【選択肢ア】誤り。下水へ流してはならない。【選択肢イ】正しい。適切な対応である。【選択肢ウ】誤り。喫煙は危険である。【選択肢エ】誤り。放置は危険である。【選択肢オ】誤り。裸火は危険である。,
391,single,火災・消火・漏えい,PF-109;PF-010;消火方法;第4類火災の消火方法総論;基礎;重点,第4類危険物火災で重要な消火の考え方はどれか。,,,,,,酸素を大量に供給する。,可燃性蒸気の発生や空気との接触を抑える。,流出物を下水へ流す。,火気を近づける。,燃焼中の液体をかき混ぜる。,2,第4類危険物火災では、可燃性蒸気の発生や空気との接触を抑えることが重要である。【試験ポイント】第4類火災は蒸気と空気接触を抑える。【ひっかけ】酸素供給や撹拌は危険。【選択肢ア】誤り。燃焼を助ける。【選択肢イ】正しい。重要な考え方である。【選択肢ウ】誤り。下水へ流してはならない。【選択肢エ】誤り。危険である。【選択肢オ】誤り。火災拡大のおそれがある。,1:（1）「酸素を大量に供給する。」は、単独の記述としては法令上妥当な場合がありますが、本問で選ぶべき正答は（2）「可燃性蒸気の発生や空気との接触を抑える。」です。問題文の条件（第4類危険物火災で重要な消火の考え方はどれか。…）と照らし、設問が問う論点に合う肢を選び直してください。;3:（3）「流出物を下水へ流す。」は、単独の記述としては法令上妥当な場合がありますが、本問で選ぶべき正答は（2）「可燃性蒸気の発生や空気との接触を抑える。」です。問題文の条件（第4類危険物火災で重要な消火の考え方はどれか。…）と照らし、設問が問う論点に合う肢を選び直してください。;4:（4）「火気を近づける。」は、単独の記述としては法令上妥当な場合がありますが、本問で選ぶべき正答は（2）「可燃性蒸気の発生や空気との接触を抑える。」です。問題文の条件（第4類危険物火災で重要な消火の考え方はどれか。…）と照らし、設問が問う論点に合う肢を選び直してください。;5:（5）「燃焼中の液体をかき混ぜる。」は、単独の記述としては法令上妥当な場合がありますが、本問で選ぶべき正答は（2）「可燃性蒸気の発生や空気との接触を抑える。」です。問題文の条件（第4類危険物火災で重要な消火の考え方はどれか。…）と照らし、設問が問う論点に合う肢を選び直してください。,第4類危険物火災では、可燃性蒸気の発生や空気との接触を抑えることが重要である。,第4類危険物火災では、可燃性蒸気の発生や空気との接触を抑えることが重要である。【試験ポイント】第4類火災は蒸気と空気接触を抑える。【ひっかけ】酸素供給や撹拌は危険。【選択肢ア】誤り。燃焼を助ける。【選択肢イ】正しい。重要な考え方である。【選択肢ウ】誤り。下水へ流してはならない。【選択肢エ】誤り。危険である。【選択肢オ】誤り。火災拡大のおそれがある。,
392,single,火災・消火・漏えい,PF-110;PF-012;消火方法;泡・二酸化炭素・粉末消火剤の適用;標準;重点,粉末消火剤の説明として、正しいものはどれか。,,,,,,酸素を大量に供給するために使う。,火花を発生させるために使う。,燃焼反応の抑制などにより消火に用いられる。,危険物を販売するために使う。,指定数量を変更するために使う。,3,粉末消火剤は、燃焼反応の抑制などにより消火に用いられる。【試験ポイント】粉末消火剤は第4類火災で重要。【ひっかけ】消火剤の作用を整理する。【選択肢ア】誤り。酸素供給が目的ではない。【選択肢イ】誤り。火花発生用ではない。【選択肢ウ】正しい。消火剤として用いられる。【選択肢エ】誤り。販売用ではない。【選択肢オ】誤り。指定数量は変えない。,1:（1）の内容は、正答（3）「燃焼反応の抑制などにより消火に用いられる。」が示す論点とずれています。 解説の要点：粉末消火剤は、燃焼反応の抑制などにより消火に用いられる。【試験ポイント】粉末消火剤は第4類火災で重要。【ひっかけ】消火剤の作用を整理する。【選択肢ア】誤り。酸素供給が目的ではない。【選択肢イ】誤り。火花発生用ではない。【選択肢ウ】正しい。消火剤として用いられる。【選択肢エ】誤り。… 正答（3）との違いを確認し直してください。;2:（2）「火花を発生させるために使う。」は、単独の記述としては法令上妥当な場合がありますが、本問で選ぶべき正答は（3）「燃焼反応の抑制などにより消火に用いられる。」です。問題文の条件（粉末消火剤の説明として、正しいものはどれか。…）と照らし、設問が問う論点に合う肢を選び直してください。;4:（4）「危険物を販売するために使う。」は、単独の記述としては法令上妥当な場合がありますが、本問で選ぶべき正答は（3）「燃焼反応の抑制などにより消火に用いられる。」です。問題文の条件（粉末消火剤の説明として、正しいものはどれか。…）と照らし、設問が問う論点に合う肢を選び直してください。;5:（5）の内容は、正答（3）「燃焼反応の抑制などにより消火に用いられる。」が示す論点とずれています。 解説の要点：粉末消火剤は、燃焼反応の抑制などにより消火に用いられる。【試験ポイント】粉末消火剤は第4類火災で重要。【ひっかけ】消火剤の作用を整理する。【選択肢ア】誤り。酸素供給が目的ではない。【選択肢イ】誤り。火花発生用ではない。【選択肢ウ】正しい。消火剤として用いられる。【選択肢エ】誤り。… 正答（3）との違いを確認し直してください。,粉末消火剤は、燃焼反応の抑制などにより消火に用いられる。,粉末消火剤は、燃焼反応の抑制などにより消火に用いられる。【試験ポイント】粉末消火剤は第4類火災で重要。【ひっかけ】消火剤の作用を整理する。【選択肢ア】誤り。酸素供給が目的ではない。【選択肢イ】誤り。火花発生用ではない。【選択肢ウ】正しい。消火剤として用いられる。【選択肢エ】誤り。販売用ではない。【選択肢オ】誤り。指定数量は変えない。,
393,single,火災・消火・漏えい,PF-111;PF-014;特殊引火物;ジエチルエーテル;標準;重点,ジエチルエーテルの性質として、適切なものはどれか。,,,,,,第6類危険物である。,動植物油類である。,特殊引火物であり、引火危険が高い。,不燃性液体である。,第二石油類である。,3,ジエチルエーテルは特殊引火物に分類され、引火危険が高い。【試験ポイント】ジエチルエーテルは特殊引火物。【ひっかけ】アルコール類や石油類と混同しない。【選択肢ア】誤り。第6類ではない。【選択肢イ】誤り。動植物油類ではない。【選択肢ウ】正しい。特殊引火物である。【選択肢エ】誤り。不燃性ではない。【選択肢オ】誤り。第二石油類ではない。,1:（1）「第6類危険物である。」は、単独の記述としては法令上妥当な場合がありますが、本問で選ぶべき正答は（3）「特殊引火物であり、引火危険が高い。」です。問題文の条件（ジエチルエーテルの性質として、適切なものはどれか。…）と照らし、設問が問う論点に合う肢を選び直してください。;2:（2）「動植物油類である。」は、単独の記述としては法令上妥当な場合がありますが、本問で選ぶべき正答は（3）「特殊引火物であり、引火危険が高い。」です。問題文の条件（ジエチルエーテルの性質として、適切なものはどれか。…）と照らし、設問が問う論点に合う肢を選び直してください。;4:（4）「不燃性液体である。」は、単独の記述としては法令上妥当な場合がありますが、本問で選ぶべき正答は（3）「特殊引火物であり、引火危険が高い。」です。問題文の条件（ジエチルエーテルの性質として、適切なものはどれか。…）と照らし、設問が問う論点に合う肢を選び直してください。;5:（5）「第二石油類である。」は、単独の記述としては法令上妥当な場合がありますが、本問で選ぶべき正答は（3）「特殊引火物であり、引火危険が高い。」です。問題文の条件（ジエチルエーテルの性質として、適切なものはどれか。…）と照らし、設問が問う論点に合う肢を選び直してください。,ジエチルエーテルは特殊引火物に分類され、引火危険が高い。【試験ポイント】ジエチルエーテルは特殊引火物。【ひっかけ】アルコール類や石油類と混同しない。【選択肢ア】誤り。第6類ではない。【選択肢イ】誤り。動植物油類ではない。【選択肢ウ】正しい。特殊引火物である。【選択肢エ】誤り。不燃性ではない。【選択肢オ】誤り。第二石油類ではない。,ジエチルエーテルは特殊引火物に分類され、引火危険が高い。【試験ポイント】ジエチルエーテルは特殊引火物。【ひっかけ】アルコール類や石油類と混同しない。【選択肢ア】誤り。第6類ではない。【選択肢イ】誤り。動植物油類ではない。【選択肢ウ】正しい。特殊引火物である。【選択肢エ】誤り。不燃性ではない。【選択肢オ】誤り。第二石油類ではない。,
394,single,火災・消火・漏えい,PF-112;PF-018;第一石油類;ガソリン;標準;重点,ガソリンの火災予防として不適切なものはどれか。,,,,,,容器を開放し、火気の近くで取り扱う。,静電気に注意する。,換気する。,密栓する。,漏えいを防ぐ。,1,ガソリンは揮発しやすく引火危険が高いため、容器の開放や火気の近くでの取扱いは不適切である。【試験ポイント】ガソリンは密栓・換気・火気厳禁。【ひっかけ】不適切なものを選ぶ問いに注意。【選択肢ア】不適切。開放・火気は危険である。【選択肢イ】適切。静電気対策は重要である。【選択肢ウ】適切。換気は重要である。【選択肢エ】適切。密栓は重要である。【選択肢オ】適切。漏えい防止は重要である。,2:（2）「静電気に注意する。」は、単独の記述としては法令上妥当な場合がありますが、本問で選ぶべき正答は（1）「容器を開放し、火気の近くで取り扱う。」です。問題文の条件（ガソリンの火災予防として不適切なものはどれか。…）と照らし、設問が問う論点に合う肢を選び直してください。;3:（3）「換気する。」は、単独の記述としては法令上妥当な場合がありますが、本問で選ぶべき正答は（1）「容器を開放し、火気の近くで取り扱う。」です。問題文の条件（ガソリンの火災予防として不適切なものはどれか。…）と照らし、設問が問う論点に合う肢を選び直してください。;4:（4）「密栓する。」は、単独の記述としては法令上妥当な場合がありますが、本問で選ぶべき正答は（1）「容器を開放し、火気の近くで取り扱う。」です。問題文の条件（ガソリンの火災予防として不適切なものはどれか。…）と照らし、設問が問う論点に合う肢を選び直してください。;5:（5）「漏えいを防ぐ。」は、単独の記述としては法令上妥当な場合がありますが、本問で選ぶべき正答は（1）「容器を開放し、火気の近くで取り扱う。」です。問題文の条件（ガソリンの火災予防として不適切なものはどれか。…）と照らし、設問が問う論点に合う肢を選び直してください。,ガソリンは揮発しやすく引火危険が高いため、容器の開放や火気の近くでの取扱いは不適切である。【試験ポイント】ガソリンは密栓・換気・火気厳禁。【ひっかけ】不適切なものを選ぶ問いに注意。【選択肢ア】不適切。開放・火気は危険である。【選択肢イ】適切。静電気対策は重要である。【選択肢ウ】適切。換気は重要である。【選択肢エ】適切。密栓は重要である。【選択肢オ】適切。漏えい防止は重要である。,ガソリンは揮発しやすく引火危険が高いため、容器の開放や火気の近くでの取扱いは不適切である。【試験ポイント】ガソリンは密栓・換気・火気厳禁。【ひっかけ】不適切なものを選ぶ問いに注意。【選択肢ア】不適切。開放・火気は危険である。【選択肢イ】適切。静電気対策は重要である。【選択肢ウ】適切。換気は重要である。【選択肢エ】適切。密栓は重要である。【選択肢オ】適切。漏え,
395,single,火災・消火・漏えい,PF-113;PF-020;第一石油類;アセトン;標準;重点,アセトンとガソリンの違いとして、正しいものはどれか。,,,,,,"どちらも指定数量は10,000 Lである。",どちらも第6類危険物である。,アセトンは不燃性、ガソリンは酸化性固体である。,どちらも動植物油類である。,アセトンは水溶性、ガソリンは非水溶性として整理される。,5,アセトンは第一石油類の水溶性液体、ガソリンは第一石油類の非水溶性液体として整理される。【試験ポイント】アセトンは水溶性、ガソリンは非水溶性。【ひっかけ】同じ第一石油類でも水溶性で指定数量が違う。【選択肢ア】誤り。指定数量は異なる。【選択肢イ】誤り。第6類ではない。【選択肢ウ】誤り。どちらも第4類で引火危険がある。【選択肢エ】誤り。動植物油類ではない。【選択肢オ】正しい。水溶性・非水溶性の違いである。,1:（1）の内容は、正答（5）「アセトンは水溶性、ガソリンは非水溶性として整理される。」が示す論点とずれています。 解説の要点：アセトンは第一石油類の水溶性液体、ガソリンは第一石油類の非水溶性液体として整理される。【試験ポイント】アセトンは水溶性、ガソリンは非水溶性。【ひっかけ】同じ第一石油類でも水溶性で指定数量が違う。【選択肢ア】誤り。指定数量は異なる。【選択肢イ】誤り。第6類ではない。【選択肢ウ】誤り… 正答（5）との違いを確認し直してください。;2:（2）「どちらも第6類危険物である。」は、単独の記述としては法令上妥当な場合がありますが、本問で選ぶべき正答は（5）「アセトンは水溶性、ガソリンは非水溶性として整理される。」です。問題文の条件（アセトンとガソリンの違いとして、正しいものはどれか。…）と照らし、設問が問う論点に合う肢を選び直してください。;3:（3）の内容は、正答（5）「アセトンは水溶性、ガソリンは非水溶性として整理される。」が示す論点とずれています。 解説の要点：アセトンは第一石油類の水溶性液体、ガソリンは第一石油類の非水溶性液体として整理される。【試験ポイント】アセトンは水溶性、ガソリンは非水溶性。【ひっかけ】同じ第一石油類でも水溶性で指定数量が違う。【選択肢ア】誤り。指定数量は異なる。【選択肢イ】誤り。第6類ではない。【選択肢ウ】誤り… 正答（5）との違いを確認し直してください。;4:（4）「どちらも動植物油類である。」は、単独の記述としては法令上妥当な場合がありますが、本問で選ぶべき正答は（5）「アセトンは水溶性、ガソリンは非水溶性として整理される。」です。問題文の条件（アセトンとガソリンの違いとして、正しいものはどれか。…）と照らし、設問が問う論点に合う肢を選び直してください。,【試験ポイント】アセトンは水溶性、ガソリンは非水溶性。,アセトンは第一石油類の水溶性液体、ガソリンは第一石油類の非水溶性液体として整理される。【試験ポイント】アセトンは水溶性、ガソリンは非水溶性。【ひっかけ】同じ第一石油類でも水溶性で指定数量が違う。【選択肢ア】誤り。指定数量は異なる。【選択肢イ】誤り。第6類ではない。【選択肢ウ】誤り。どちらも第4類で引火危険がある。【選択肢エ】誤り。動植物油類ではない。【選択肢,
396,single,火災・消火・漏えい,PF-114;PF-022;アルコール類;アルコール類の性質;基礎;重点,アルコール類に該当するものはどれか。,,,,,,灯油,軽油,エタノール,潤滑油,重油,3,エタノールはアルコール類に該当する。【試験ポイント】エタノールはアルコール類。【ひっかけ】石油類と区別する。【選択肢ア】誤り。灯油は第二石油類である。【選択肢イ】誤り。軽油は第二石油類である。【選択肢ウ】正しい。エタノールはアルコール類である。【選択肢エ】誤り。潤滑油は第四石油類である。【選択肢オ】誤り。重油は第三石油類である。,1:（1）「灯油」は、単独の記述としては法令上妥当な場合がありますが、本問で選ぶべき正答は（3）「エタノール」です。問題文の条件（アルコール類に該当するものはどれか。…）と照らし、設問が問う論点に合う肢を選び直してください。;2:（2）「軽油」は、単独の記述としては法令上妥当な場合がありますが、本問で選ぶべき正答は（3）「エタノール」です。問題文の条件（アルコール類に該当するものはどれか。…）と照らし、設問が問う論点に合う肢を選び直してください。;4:（4）「潤滑油」は、単独の記述としては法令上妥当な場合がありますが、本問で選ぶべき正答は（3）「エタノール」です。問題文の条件（アルコール類に該当するものはどれか。…）と照らし、設問が問う論点に合う肢を選び直してください。;5:（5）「重油」は、単独の記述としては法令上妥当な場合がありますが、本問で選ぶべき正答は（3）「エタノール」です。問題文の条件（アルコール類に該当するものはどれか。…）と照らし、設問が問う論点に合う肢を選び直してください。,エタノールはアルコール類に該当する。【試験ポイント】エタノールはアルコール類。【ひっかけ】石油類と区別する。【選択肢ア】誤り。灯油は第二石油類である。【選択肢イ】誤り。軽油は第二石油類である。【選択肢ウ】正しい。エタノールはアルコール類である。【選択肢エ】誤り。潤滑油は第四石油類である。【選択肢オ】誤り。重油は第三石油類である。,エタノールはアルコール類に該当する。【試験ポイント】エタノールはアルコール類。【ひっかけ】石油類と区別する。【選択肢ア】誤り。灯油は第二石油類である。【選択肢イ】誤り。軽油は第二石油類である。【選択肢ウ】正しい。エタノールはアルコール類である。【選択肢エ】誤り。潤滑油は第四石油類である。【選択肢オ】誤り。重油は第三石油類である。,
397,single,火災・消火・漏えい,PF-115;PF-026;第二石油類;第二石油類の性質;標準;重点,軽油の分類として正しいものはどれか。,,,,,,特殊引火物,アルコール類,第二石油類,第一石油類,動植物油類,3,軽油は第二石油類の代表例である。【試験ポイント】軽油は第二石油類。【ひっかけ】ガソリンは第一石油類。【選択肢ア】誤り。特殊引火物ではない。【選択肢イ】誤り。アルコール類ではない。【選択肢ウ】正しい。第二石油類である。【選択肢エ】誤り。第一石油類ではない。【選択肢オ】誤り。動植物油類ではない。,1:（1）「特殊引火物」は、単独の記述としては法令上妥当な場合がありますが、本問で選ぶべき正答は（3）「第二石油類」です。問題文の条件（軽油の分類として正しいものはどれか。…）と照らし、設問が問う論点に合う肢を選び直してください。;2:（2）「アルコール類」は、単独の記述としては法令上妥当な場合がありますが、本問で選ぶべき正答は（3）「第二石油類」です。問題文の条件（軽油の分類として正しいものはどれか。…）と照らし、設問が問う論点に合う肢を選び直してください。;4:（4）「第一石油類」は、単独の記述としては法令上妥当な場合がありますが、本問で選ぶべき正答は（3）「第二石油類」です。問題文の条件（軽油の分類として正しいものはどれか。…）と照らし、設問が問う論点に合う肢を選び直してください。;5:（5）「動植物油類」は、単独の記述としては法令上妥当な場合がありますが、本問で選ぶべき正答は（3）「第二石油類」です。問題文の条件（軽油の分類として正しいものはどれか。…）と照らし、設問が問う論点に合う肢を選び直してください。,軽油は第二石油類の代表例である。【試験ポイント】軽油は第二石油類。【ひっかけ】ガソリンは第一石油類。【選択肢ア】誤り。特殊引火物ではない。【選択肢イ】誤り。アルコール類ではない。【選択肢ウ】正しい。第二石油類である。【選択肢エ】誤り。第一石油類ではない。【選択肢オ】誤り。動植物油類ではない。,軽油は第二石油類の代表例である。【試験ポイント】軽油は第二石油類。【ひっかけ】ガソリンは第一石油類。【選択肢ア】誤り。特殊引火物ではない。【選択肢イ】誤り。アルコール類ではない。【選択肢ウ】正しい。第二石油類である。【選択肢エ】誤り。第一石油類ではない。【選択肢オ】誤り。動植物油類ではない。,
398,single,火災・消火・漏えい,PF-116;PF-031;第三石油類;重油;標準;重点,重油と灯油の分類について正しいものはどれか。,,,,,,重油は第一石油類、灯油は第三石油類である。,どちらもアルコール類である。,どちらも動植物油類である。,重油は第三石油類、灯油は第二石油類である。,どちらも特殊引火物である。,4,重油は第三石油類、灯油は第二石油類である。【試験ポイント】灯油は第二、重油は第三。【ひっかけ】名称が似た石油類を混同しない。【選択肢ア】誤り。逆ではない。【選択肢イ】誤り。アルコール類ではない。【選択肢ウ】誤り。動植物油類ではない。【選択肢エ】正しい。分類として正しい。【選択肢オ】誤り。特殊引火物ではない。,1:（1）の内容は、正答（4）「重油は第三石油類、灯油は第二石油類である。」が示す論点とずれています。 解説の要点：重油は第三石油類、灯油は第二石油類である。【試験ポイント】灯油は第二、重油は第三。【ひっかけ】名称が似た石油類を混同しない。【選択肢ア】誤り。逆ではない。【選択肢イ】誤り。アルコール類ではない。【選択肢ウ】誤り。動植物油類ではない。【選択肢エ】正しい。分類として正しい。【選択肢オ… 正答（4）との違いを確認し直してください。;2:（2）「どちらもアルコール類である。」は、単独の記述としては法令上妥当な場合がありますが、本問で選ぶべき正答は（4）「重油は第三石油類、灯油は第二石油類である。」です。問題文の条件（重油と灯油の分類について正しいものはどれか。…）と照らし、設問が問う論点に合う肢を選び直してください。;3:（3）「どちらも動植物油類である。」は、単独の記述としては法令上妥当な場合がありますが、本問で選ぶべき正答は（4）「重油は第三石油類、灯油は第二石油類である。」です。問題文の条件（重油と灯油の分類について正しいものはどれか。…）と照らし、設問が問う論点に合う肢を選び直してください。;5:（5）「どちらも特殊引火物である。」は、単独の記述としては法令上妥当な場合がありますが、本問で選ぶべき正答は（4）「重油は第三石油類、灯油は第二石油類である。」です。問題文の条件（重油と灯油の分類について正しいものはどれか。…）と照らし、設問が問う論点に合う肢を選び直してください。,重油は第三石油類、灯油は第二石油類である。,重油は第三石油類、灯油は第二石油類である。【試験ポイント】灯油は第二、重油は第三。【ひっかけ】名称が似た石油類を混同しない。【選択肢ア】誤り。逆ではない。【選択肢イ】誤り。アルコール類ではない。【選択肢ウ】誤り。動植物油類ではない。【選択肢エ】正しい。分類として正しい。【選択肢オ】誤り。特殊引火物ではない。,
399,single,火災・消火・漏えい,PF-117;PF-034;動植物油類;動植物油類の性質;標準;網羅,動植物油類の火災予防として注意すべきものはどれか。,,,,,,常に火気の近くで乾燥,不燃性なので大量放置可,水に溶けるため管理不要,第6類として酸素放出だけ注意,油を含んだ布などの蓄熱による自然発火,5,動植物油類では、油を含んだ布などが酸化熱を蓄積し、自然発火するおそれがある。【試験ポイント】動植物油類は自然発火にも注意。【ひっかけ】食用油でも油断しない。【選択肢ア】誤り。火気の近くは危険である。【選択肢イ】誤り。不燃性ではない。【選択肢ウ】誤り。管理不要ではない。【選択肢エ】誤り。第6類ではない。【選択肢オ】正しい。自然発火に注意する。,1:（1）「常に火気の近くで乾燥」は、単独の記述としては法令上妥当な場合がありますが、本問で選ぶべき正答は（5）「油を含んだ布などの蓄熱による自然発火」です。問題文の条件（動植物油類の火災予防として注意すべきものはどれか。…）と照らし、設問が問う論点に合う肢を選び直してください。;2:（2）「不燃性なので大量放置可」は、単独の記述としては法令上妥当な場合がありますが、本問で選ぶべき正答は（5）「油を含んだ布などの蓄熱による自然発火」です。問題文の条件（動植物油類の火災予防として注意すべきものはどれか。…）と照らし、設問が問う論点に合う肢を選び直してください。;3:（3）「水に溶けるため管理不要」は、単独の記述としては法令上妥当な場合がありますが、本問で選ぶべき正答は（5）「油を含んだ布などの蓄熱による自然発火」です。問題文の条件（動植物油類の火災予防として注意すべきものはどれか。…）と照らし、設問が問う論点に合う肢を選び直してください。;4:（4）「第6類として酸素放出だけ注意」は、単独の記述としては法令上妥当な場合がありますが、本問で選ぶべき正答は（5）「油を含んだ布などの蓄熱による自然発火」です。問題文の条件（動植物油類の火災予防として注意すべきものはどれか。…）と照らし、設問が問う論点に合う肢を選び直してください。,動植物油類では、油を含んだ布などが酸化熱を蓄積し、自然発火するおそれがある。【試験ポイント】動植物油類は自然発火にも注意。【ひっかけ】食用油でも油断しない。【選択肢ア】誤り。火気の近くは危険である。【選択肢イ】誤り。不燃性ではない。【選択肢ウ】誤り。管理不要ではない。【選択肢エ】誤り。第6類ではない。【選択肢オ】正しい。自然発火に注意する。,動植物油類では、油を含んだ布などが酸化熱を蓄積し、自然発火するおそれがある。【試験ポイント】動植物油類は自然発火にも注意。【ひっかけ】食用油でも油断しない。【選択肢ア】誤り。火気の近くは危険である。【選択肢イ】誤り。不燃性ではない。【選択肢ウ】誤り。管理不要ではない。【選択肢エ】誤り。第6類ではない。【選択肢オ】正しい。自然発火に注意する。,
400,single,火災・消火・漏えい,PF-118;PF-046;総合問題;性消分野の複合問題;標準;総合,第4類危険物の分類学習で最も適切な考え方はどれか。,,,,,,特殊引火物と動植物油類を同じ危険性と考える。,水溶性ならすべて不燃性と考える。,石油類はすべて同じ分類と考える。,代表物質、指定数量、水溶性の有無をセットで整理する。,物質名だけを見てすべて同じ指定数量と考える。,4,第4類危険物では、代表物質、分類、指定数量、水溶性の有無をセットで整理することが重要である。【試験ポイント】分類・代表物質・指定数量・水溶性をセットで覚える。【ひっかけ】単語だけの暗記では混同しやすい。【選択肢ア】誤り。危険性や指定数量が異なる。【選択肢イ】誤り。水溶性でも引火危険がある。【選択肢ウ】誤り。第一〜第四石油類に分かれる。【選択肢エ】正しい。効果的な整理である。【選択肢オ】誤り。指定数量は異なる。,1:（1）の内容は、正答（4）「代表物質、指定数量、水溶性の有無をセットで整理する。」が示す論点とずれています。 解説の要点：第4類危険物では、代表物質、分類、指定数量、水溶性の有無をセットで整理することが重要である。【試験ポイント】分類・代表物質・指定数量・水溶性をセットで覚える。【ひっかけ】単語だけの暗記では混同しやすい。【選択肢ア】誤り。危険性や指定数量が異なる。【選択肢イ】誤り。水溶性でも引火危… 正答（4）との違いを確認し直してください。;2:（2）の内容は、正答（4）「代表物質、指定数量、水溶性の有無をセットで整理する。」が示す論点とずれています。 解説の要点：第4類危険物では、代表物質、分類、指定数量、水溶性の有無をセットで整理することが重要である。【試験ポイント】分類・代表物質・指定数量・水溶性をセットで覚える。【ひっかけ】単語だけの暗記では混同しやすい。【選択肢ア】誤り。危険性や指定数量が異なる。【選択肢イ】誤り。水溶性でも引火危… 正答（4）との違いを確認し直してください。;3:（3）の内容は、正答（4）「代表物質、指定数量、水溶性の有無をセットで整理する。」が示す論点とずれています。 解説の要点：第4類危険物では、代表物質、分類、指定数量、水溶性の有無をセットで整理することが重要である。【試験ポイント】分類・代表物質・指定数量・水溶性をセットで覚える。【ひっかけ】単語だけの暗記では混同しやすい。【選択肢ア】誤り。危険性や指定数量が異なる。【選択肢イ】誤り。水溶性でも引火危… 正答（4）との違いを確認し直してください。;5:（5）の内容は、正答（4）「代表物質、指定数量、水溶性の有無をセットで整理する。」が示す論点とずれています。 解説の要点：第4類危険物では、代表物質、分類、指定数量、水溶性の有無をセットで整理することが重要である。【試験ポイント】分類・代表物質・指定数量・水溶性をセットで覚える。【ひっかけ】単語だけの暗記では混同しやすい。【選択肢ア】誤り。危険性や指定数量が異なる。【選択肢イ】誤り。水溶性でも引火危… 正答（4）との違いを確認し直してください。,第4類危険物では、代表物質、分類、指定数量、水溶性の有無をセットで整理することが重要である。【試験ポイント】分類・代表物質・指定数量・水溶性をセットで覚える。【ひっかけ】単語だけの暗記では混同しやすい。【選択肢ア】誤り。危険性や指定数量が異なる。【選択肢イ】誤り。水溶性でも引火危険がある。【選択肢ウ】誤り。第一〜第四石油類に分かれる。【選択肢エ】正しい。効果的な整理である。【選択肢オ】誤り。指定数量は異なる。,第4類危険物では、代表物質、分類、指定数量、水溶性の有無をセットで整理することが重要である。【試験ポイント】分類・代表物質・指定数量・水溶性をセットで覚える。【ひっかけ】単語だけの暗記では混同しやすい。【選択肢ア】誤り。危険性や指定数量が異なる。【選択肢イ】誤り。水溶性でも引火危険がある。【選択肢ウ】誤り。第一〜第四石油類に分かれる。【選択肢エ】正しい。効果,
401,single,法令・制度,L-191;LAW-005;指定数量;第4類危険物の指定数量;標準;重点,アルコール類と第4石油類の指定数量の組合せとして、正しいものはどれか。,,,,,,"アルコール類400 L、第4石油類6,000 L","アルコール類200 L、第4石油類1,000 L",アルコール類50 L、第4石油類400 L,"アルコール類10,000 L、第4石油類50 L","アルコール類1,000 L、第4石油類200 L",1,"アルコール類の指定数量は400 L、第4石油類の指定数量は6,000 Lである。【試験ポイント】アルコール類400 L、第4石油類6,000 L。【ひっかけ】第4石油類と動植物油類を混同しない。【選択肢ア】正しい。組合せとして正しい。【選択肢イ】誤り。どちらも違う。【選択肢ウ】誤り。50 Lは特殊引火物である。【選択肢エ】誤り。どちらも違う。【選択肢オ】誤り。どちらも違う。","2:（2）の内容は、正答（1）「アルコール類400 L、第4石油類6,000 L」が示す論点とずれています。 解説の要点：アルコール類の指定数量は400 L、第4石油類の指定数量は6,000 Lである。【試験ポイント】アルコール類400 L、第4石油類6,000 L。【ひっかけ】第4石油類と動植物油類を混同しない。【選択肢ア】正しい。組合せとして正しい。【選択肢イ】誤り。どちらも違う。【選択肢ウ】誤… 正答（1）との違いを確認し直してください。;3:（3）の内容は、正答（1）「アルコール類400 L、第4石油類6,000 L」が示す論点とずれています。 解説の要点：アルコール類の指定数量は400 L、第4石油類の指定数量は6,000 Lである。【試験ポイント】アルコール類400 L、第4石油類6,000 L。【ひっかけ】第4石油類と動植物油類を混同しない。【選択肢ア】正しい。組合せとして正しい。【選択肢イ】誤り。どちらも違う。【選択肢ウ】誤… 正答（1）との違いを確認し直してください。;4:（4）の内容は、正答（1）「アルコール類400 L、第4石油類6,000 L」が示す論点とずれています。 解説の要点：アルコール類の指定数量は400 L、第4石油類の指定数量は6,000 Lである。【試験ポイント】アルコール類400 L、第4石油類6,000 L。【ひっかけ】第4石油類と動植物油類を混同しない。【選択肢ア】正しい。組合せとして正しい。【選択肢イ】誤り。どちらも違う。【選択肢ウ】誤… 正答（1）との違いを確認し直してください。;5:（5）の内容は、正答（1）「アルコール類400 L、第4石油類6,000 L」が示す論点とずれています。 解説の要点：アルコール類の指定数量は400 L、第4石油類の指定数量は6,000 Lである。【試験ポイント】アルコール類400 L、第4石油類6,000 L。【ひっかけ】第4石油類と動植物油類を混同しない。【選択肢ア】正しい。組合せとして正しい。【選択肢イ】誤り。どちらも違う。【選択肢ウ】誤… 正答（1）との違いを確認し直してください。","【試験ポイント】アルコール類400 L、第4石油類6,000 L。","アルコール類の指定数量は400 L、第4石油類の指定数量は6,000 Lである。【試験ポイント】アルコール類400 L、第4石油類6,000 L。【ひっかけ】第4石油類と動植物油類を混同しない。【選択肢ア】正しい。組合せとして正しい。【選択肢イ】誤り。どちらも違う。【選択肢ウ】誤り。50 Lは特殊引火物である。【選択肢エ】誤り。どちらも違う。【選択肢オ】誤り",
402,single,法令・制度,L-192;LAW-006;指定数量;水溶性・非水溶性による指定数量差;標準;重点,第1石油類の非水溶性液体と水溶性液体の指定数量について、正しいものはどれか。,,,,,,"非水溶性2,000 L、水溶性4,000 L",非水溶性400 L、水溶性200 L,非水溶性200 L、水溶性400 L,非水溶性50 L、水溶性200 L,"非水溶性1,000 L、水溶性2,000 L",3,第1石油類は、非水溶性液体が200 L、水溶性液体が400 Lである。【試験ポイント】第1石油類は非水溶性200 L、水溶性400 L。【ひっかけ】水溶性側の指定数量が大きい。【選択肢ア】誤り。第3石油類の数値である。【選択肢イ】誤り。水溶性と非水溶性が逆である。【選択肢ウ】正しい。第1石油類の指定数量である。【選択肢エ】誤り。50 Lは特殊引火物である。【選択肢オ】誤り。第2石油類の数値である。,1:（1）の内容は、正答（3）「非水溶性200 L、水溶性400 L」が示す論点とずれています。 解説の要点：第1石油類は、非水溶性液体が200 L、水溶性液体が400 Lである。【試験ポイント】第1石油類は非水溶性200 L、水溶性400 L。【ひっかけ】水溶性側の指定数量が大きい。【選択肢ア】誤り。第3石油類の数値である。【選択肢イ】誤り。水溶性と非水溶性が逆である。【選択肢ウ】正し… 正答（3）との違いを確認し直してください。;2:（2）「非水溶性400 L、水溶性200 L」は、単独の記述としては法令上妥当な場合がありますが、本問で選ぶべき正答は（3）「非水溶性200 L、水溶性400 L」です。問題文の条件（第1石油類の非水溶性液体と水溶性液体の指定数量について、正しいものはどれか。…）と照らし、設問が問う論点に合う肢を選び直してください。;4:（4）「非水溶性50 L、水溶性200 L」は、単独の記述としては法令上妥当な場合がありますが、本問で選ぶべき正答は（3）「非水溶性200 L、水溶性400 L」です。問題文の条件（第1石油類の非水溶性液体と水溶性液体の指定数量について、正しいものはどれか。…）と照らし、設問が問う論点に合う肢を選び直してください。;5:（5）の内容は、正答（3）「非水溶性200 L、水溶性400 L」が示す論点とずれています。 解説の要点：第1石油類は、非水溶性液体が200 L、水溶性液体が400 Lである。【試験ポイント】第1石油類は非水溶性200 L、水溶性400 L。【ひっかけ】水溶性側の指定数量が大きい。【選択肢ア】誤り。第3石油類の数値である。【選択肢イ】誤り。水溶性と非水溶性が逆である。【選択肢ウ】正し… 正答（3）との違いを確認し直してください。,【試験ポイント】第1石油類は非水溶性200 L、水溶性400 L。,第1石油類は、非水溶性液体が200 L、水溶性液体が400 Lである。【試験ポイント】第1石油類は非水溶性200 L、水溶性400 L。【ひっかけ】水溶性側の指定数量が大きい。【選択肢ア】誤り。第3石油類の数値である。【選択肢イ】誤り。水溶性と非水溶性が逆である。【選択肢ウ】正しい。第1石油類の指定数量である。【選択肢エ】誤り。50 Lは特殊引火物である。【,
403,single,法令・制度,L-193;LAW-007;指定数量;指定数量の倍数計算;標準;重点,アルコール類300 Lを貯蔵する場合、指定数量の倍数はどれか。ただし、アルコール類の指定数量は400 Lとする。,,,,,,0.25倍,1.0倍,1.5倍,0.75倍,0.5倍,4,300÷400＝0.75倍である。【試験ポイント】倍数＝数量÷指定数量。【ひっかけ】400÷300としない。【選択肢ア】誤り。100 Lなら0.25倍である。【選択肢イ】誤り。400 Lなら1.0倍である。【選択肢ウ】誤り。600 Lなら1.5倍である。【選択肢エ】正しい。0.75倍である。【選択肢オ】誤り。200 Lなら0.5倍である。,1:（1）「0.25倍」は、単独の記述としては法令上妥当な場合がありますが、本問で選ぶべき正答は（4）「0.75倍」です。問題文の条件（アルコール類300 Lを貯蔵する場合、指定数量の倍数はどれか。ただし、アルコール類の指定数量は4…）と照らし、設問が問う論点に合う肢を選び直してください。;2:（2）「1.0倍」は、単独の記述としては法令上妥当な場合がありますが、本問で選ぶべき正答は（4）「0.75倍」です。問題文の条件（アルコール類300 Lを貯蔵する場合、指定数量の倍数はどれか。ただし、アルコール類の指定数量は4…）と照らし、設問が問う論点に合う肢を選び直してください。;3:（3）「1.5倍」は、単独の記述としては法令上妥当な場合がありますが、本問で選ぶべき正答は（4）「0.75倍」です。問題文の条件（アルコール類300 Lを貯蔵する場合、指定数量の倍数はどれか。ただし、アルコール類の指定数量は4…）と照らし、設問が問う論点に合う肢を選び直してください。;5:（5）「0.5倍」は、単独の記述としては法令上妥当な場合がありますが、本問で選ぶべき正答は（4）「0.75倍」です。問題文の条件（アルコール類300 Lを貯蔵する場合、指定数量の倍数はどれか。ただし、アルコール類の指定数量は4…）と照らし、設問が問う論点に合う肢を選び直してください。,300÷400＝0.75倍である。【試験ポイント】倍数＝数量÷指定数量。【ひっかけ】400÷300としない。【選択肢ア】誤り。100 Lなら0.25倍である。【選択肢イ】誤り。400 Lなら1.0倍である。【選択肢ウ】誤り。600 Lなら1.5倍である。【選択肢エ】正しい。0.75倍である。【選択肢オ】誤り。200 Lなら0.5倍である。,300÷400＝0.75倍である。【試験ポイント】倍数＝数量÷指定数量。【ひっかけ】400÷300としない。【選択肢ア】誤り。100 Lなら0.25倍である。【選択肢イ】誤り。400 Lなら1.0倍である。【選択肢ウ】誤り。600 Lなら1.5倍である。【選択肢エ】正しい。0.75倍である。【選択肢オ】誤り。200 Lなら0.5倍である。,
404,single,法令・制度,L-194;LAW-008;指定数量;複数危険物を扱う場合の倍数合算;標準;重点,"ガソリン100 L、灯油300 L、エタノール100 Lを同一場所で貯蔵する場合の指定数量倍数はどれか。ただし、ガソリン200 L、灯油1,000 L、エタノール400 Lを指定数量とする。",,,,,,0.75倍,1.05倍,1.25倍,1.00倍,2.00倍,2,"ガソリン100÷200＝0.5倍、灯油300÷1,000＝0.3倍、エタノール100÷400＝0.25倍、合計1.05倍である。【試験ポイント】複数危険物は個別倍数を合算する。【ひっかけ】品名ごとに指定数量が違う点に注意。【選択肢ア】誤り。計算結果ではない。【選択肢イ】正しい。0.5＋0.3＋0.25＝1.05倍である。【選択肢ウ】誤り。計算結果ではない。【選択肢エ】誤り。計算結果ではない。【選択肢オ】誤り。計算結果ではない。",1:（1）「0.75倍」は、単独の記述としては法令上妥当な場合がありますが、本問で選ぶべき正答は（2）「1.05倍」です。問題文の条件（ガソリン100 L、灯油300 L、エタノール100 Lを同一場所で貯蔵する場合の指定数量倍数は…）と照らし、設問が問う論点に合う肢を選び直してください。;3:（3）「1.25倍」は、単独の記述としては法令上妥当な場合がありますが、本問で選ぶべき正答は（2）「1.05倍」です。問題文の条件（ガソリン100 L、灯油300 L、エタノール100 Lを同一場所で貯蔵する場合の指定数量倍数は…）と照らし、設問が問う論点に合う肢を選び直してください。;4:（4）「1.00倍」は、単独の記述としては法令上妥当な場合がありますが、本問で選ぶべき正答は（2）「1.05倍」です。問題文の条件（ガソリン100 L、灯油300 L、エタノール100 Lを同一場所で貯蔵する場合の指定数量倍数は…）と照らし、設問が問う論点に合う肢を選び直してください。;5:（5）「2.00倍」は、単独の記述としては法令上妥当な場合がありますが、本問で選ぶべき正答は（2）「1.05倍」です。問題文の条件（ガソリン100 L、灯油300 L、エタノール100 Lを同一場所で貯蔵する場合の指定数量倍数は…）と照らし、設問が問う論点に合う肢を選び直してください。,"ガソリン100÷200＝0.5倍、灯油300÷1,000＝0.3倍、エタノール100÷400＝0.25倍、合計1.05倍である。【試験ポイント】複数危険物は個別倍数を合算する。【ひっかけ】品名ごとに指定数量が違う点に注意。【選択肢ア】誤り。計算結果ではない。【選択肢イ】正しい。0.5＋0.3＋0.25＝1.05倍である。【選択肢ウ】誤り。計算結果ではない。【選択肢エ】誤り。計算結果ではない。【選択肢オ】誤り。計算結果ではない。","ガソリン100÷200＝0.5倍、灯油300÷1,000＝0.3倍、エタノール100÷400＝0.25倍、合計1.05倍である。【試験ポイント】複数危険物は個別倍数を合算する。【ひっかけ】品名ごとに指定数量が違う点に注意。【選択肢ア】誤り。計算結果ではない。【選択肢イ】正しい。0.5＋0.3＋0.25＝1.05倍である。【選択肢ウ】誤り。計算結果ではない。【",
405,single,法令・制度,L-195;LAW-012;貯蔵所;貯蔵所の種類全体;基礎;重点,移動タンク貯蔵所の分類として、正しいものはどれか。,,,,,,販売取扱所,貯蔵所,移送取扱所,給油取扱所,一般取扱所,2,移動タンク貯蔵所は、名称に移動とあるが貯蔵所の一種である。【試験ポイント】移動タンク貯蔵所は貯蔵所。【ひっかけ】移動という語から取扱所と誤認しない。【選択肢ア】誤り。販売取扱所ではない。【選択肢イ】正しい。貯蔵所である。【選択肢ウ】誤り。移送取扱所ではない。【選択肢エ】誤り。給油取扱所ではない。【選択肢オ】誤り。一般取扱所ではない。,1:（1）「販売取扱所」は、単独の記述としては法令上妥当な場合がありますが、本問で選ぶべき正答は（2）「貯蔵所」です。問題文の条件（移動タンク貯蔵所の分類として、正しいものはどれか。…）と照らし、設問が問う論点に合う肢を選び直してください。;3:（3）「移送取扱所」は、単独の記述としては法令上妥当な場合がありますが、本問で選ぶべき正答は（2）「貯蔵所」です。問題文の条件（移動タンク貯蔵所の分類として、正しいものはどれか。…）と照らし、設問が問う論点に合う肢を選び直してください。;4:（4）「給油取扱所」は、単独の記述としては法令上妥当な場合がありますが、本問で選ぶべき正答は（2）「貯蔵所」です。問題文の条件（移動タンク貯蔵所の分類として、正しいものはどれか。…）と照らし、設問が問う論点に合う肢を選び直してください。;5:（5）「一般取扱所」は、単独の記述としては法令上妥当な場合がありますが、本問で選ぶべき正答は（2）「貯蔵所」です。問題文の条件（移動タンク貯蔵所の分類として、正しいものはどれか。…）と照らし、設問が問う論点に合う肢を選び直してください。,移動タンク貯蔵所は、名称に移動とあるが貯蔵所の一種である。【試験ポイント】移動タンク貯蔵所は貯蔵所。【ひっかけ】移動という語から取扱所と誤認しない。【選択肢ア】誤り。販売取扱所ではない。【選択肢イ】正しい。貯蔵所である。【選択肢ウ】誤り。移送取扱所ではない。【選択肢エ】誤り。給油取扱所ではない。【選択肢オ】誤り。一般取扱所ではない。,移動タンク貯蔵所は、名称に移動とあるが貯蔵所の一種である。【試験ポイント】移動タンク貯蔵所は貯蔵所。【ひっかけ】移動という語から取扱所と誤認しない。【選択肢ア】誤り。販売取扱所ではない。【選択肢イ】正しい。貯蔵所である。【選択肢ウ】誤り。移送取扱所ではない。【選択肢エ】誤り。給油取扱所ではない。【選択肢オ】誤り。一般取扱所ではない。,
406,single,法令・制度,L-196;LAW-013;取扱所;取扱所の種類全体;基礎;重点,移送取扱所の分類として、正しいものはどれか。,,,,,,取扱所,地下タンク貯蔵所,屋外貯蔵所,移動タンク貯蔵所,屋内貯蔵所,1,移送取扱所は取扱所の一種である。【試験ポイント】移送取扱所は取扱所。【ひっかけ】移送取扱所と移動タンク貯蔵所を区別する。【選択肢ア】正しい。取扱所である。【選択肢イ】誤り。地下タンク貯蔵所ではない。【選択肢ウ】誤り。屋外貯蔵所ではない。【選択肢エ】誤り。移動タンク貯蔵所とは別である。【選択肢オ】誤り。屋内貯蔵所ではない。,2:（2）「地下タンク貯蔵所」は、単独の記述としては法令上妥当な場合がありますが、本問で選ぶべき正答は（1）「取扱所」です。問題文の条件（移送取扱所の分類として、正しいものはどれか。…）と照らし、設問が問う論点に合う肢を選び直してください。;3:（3）「屋外貯蔵所」は、単独の記述としては法令上妥当な場合がありますが、本問で選ぶべき正答は（1）「取扱所」です。問題文の条件（移送取扱所の分類として、正しいものはどれか。…）と照らし、設問が問う論点に合う肢を選び直してください。;4:（4）「移動タンク貯蔵所」は、単独の記述としては法令上妥当な場合がありますが、本問で選ぶべき正答は（1）「取扱所」です。問題文の条件（移送取扱所の分類として、正しいものはどれか。…）と照らし、設問が問う論点に合う肢を選び直してください。;5:（5）「屋内貯蔵所」は、単独の記述としては法令上妥当な場合がありますが、本問で選ぶべき正答は（1）「取扱所」です。問題文の条件（移送取扱所の分類として、正しいものはどれか。…）と照らし、設問が問う論点に合う肢を選び直してください。,移送取扱所は取扱所の一種である。【試験ポイント】移送取扱所は取扱所。【ひっかけ】移送取扱所と移動タンク貯蔵所を区別する。【選択肢ア】正しい。取扱所である。【選択肢イ】誤り。地下タンク貯蔵所ではない。【選択肢ウ】誤り。屋外貯蔵所ではない。【選択肢エ】誤り。移動タンク貯蔵所とは別である。【選択肢オ】誤り。屋内貯蔵所ではない。,移送取扱所は取扱所の一種である。【試験ポイント】移送取扱所は取扱所。【ひっかけ】移送取扱所と移動タンク貯蔵所を区別する。【選択肢ア】正しい。取扱所である。【選択肢イ】誤り。地下タンク貯蔵所ではない。【選択肢ウ】誤り。屋外貯蔵所ではない。【選択肢エ】誤り。移動タンク貯蔵所とは別である。【選択肢オ】誤り。屋内貯蔵所ではない。,
407,single,法令・制度,L-197;LAW-014;許可;製造所等の設置許可;標準;重点,製造所等の設置許可が施設側の制度である理由として、最も適切なものはどれか。,,,,,,危険物を扱う施設の位置・構造・設備等を規制するため。,取扱者の年齢だけを確認するため。,試験問題を採点するため。,危険物の販売価格を決めるため。,免状の写真を撮るため。,1,製造所等の設置許可は、危険物を扱う施設の位置・構造・設備等が基準に適合するかを確認する施設側の制度である。【試験ポイント】設置許可は施設側の制度。【ひっかけ】免状制度と区別する。【選択肢ア】正しい。施設側の制度である。【選択肢イ】誤り。年齢確認だけではない。【選択肢ウ】誤り。試験採点ではない。【選択肢エ】誤り。販売価格ではない。【選択肢オ】誤り。免状写真ではない。,2:（2）「取扱者の年齢だけを確認するため。」は、単独の記述としては法令上妥当な場合がありますが、本問で選ぶべき正答は（1）「危険物を扱う施設の位置・構造・設備等を規制するため。」です。問題文の条件（製造所等の設置許可が施設側の制度である理由として、最も適切なものはどれか。…）と照らし、設問が問う論点に合う肢を選び直してください。;3:（3）「試験問題を採点するため。」は、単独の記述としては法令上妥当な場合がありますが、本問で選ぶべき正答は（1）「危険物を扱う施設の位置・構造・設備等を規制するため。」です。問題文の条件（製造所等の設置許可が施設側の制度である理由として、最も適切なものはどれか。…）と照らし、設問が問う論点に合う肢を選び直してください。;4:（4）「危険物の販売価格を決めるため。」は、単独の記述としては法令上妥当な場合がありますが、本問で選ぶべき正答は（1）「危険物を扱う施設の位置・構造・設備等を規制するため。」です。問題文の条件（製造所等の設置許可が施設側の制度である理由として、最も適切なものはどれか。…）と照らし、設問が問う論点に合う肢を選び直してください。;5:（5）「免状の写真を撮るため。」は、単独の記述としては法令上妥当な場合がありますが、本問で選ぶべき正答は（1）「危険物を扱う施設の位置・構造・設備等を規制するため。」です。問題文の条件（製造所等の設置許可が施設側の制度である理由として、最も適切なものはどれか。…）と照らし、設問が問う論点に合う肢を選び直してください。,製造所等の設置許可は、危険物を扱う施設の位置・構造・設備等が基準に適合するかを確認する施設側の制度である。,製造所等の設置許可は、危険物を扱う施設の位置・構造・設備等が基準に適合するかを確認する施設側の制度である。【試験ポイント】設置許可は施設側の制度。【ひっかけ】免状制度と区別する。【選択肢ア】正しい。施設側の制度である。【選択肢イ】誤り。年齢確認だけではない。【選択肢ウ】誤り。試験採点ではない。【選択肢エ】誤り。販売価格ではない。【選択肢オ】誤り。免状写真では,
408,single,法令・制度,L-198;LAW-017;検査;完成検査前検査;標準;網羅,完成検査前検査と完成検査の関係について、正しいものはどれか。,,,,,,一定の設備では、完成検査の前に完成検査前検査が問題となる場合がある。,どちらも指定数量を自由に変える。,完成検査前検査は危険物取扱者試験の予備試験である。,どちらも危険物の味を確認する。,完成検査前検査を受ければ完成検査は常に不要である。,1,一定の液体危険物タンクなどでは、完成検査の前に完成検査前検査が問題となる場合がある。【試験ポイント】完成検査前検査は一定設備で完成検査前に問題になる。【ひっかけ】名称が似た検査を整理する。【選択肢ア】正しい。制度の関係として適切である。【選択肢イ】誤り。指定数量は変えない。【選択肢ウ】誤り。試験の予備試験ではない。【選択肢エ】誤り。味は確認しない。【選択肢オ】誤り。常に不要とは限らない。,2:（2）「どちらも指定数量を自由に変える。」は、単独の記述としては法令上妥当な場合がありますが、本問で選ぶべき正答は（1）「一定の設備では、完成検査の前に完成検査前検査が問題となる場合がある。」です。問題文の条件（完成検査前検査と完成検査の関係について、正しいものはどれか。…）と照らし、設問が問う論点に合う肢を選び直してください。;3:（3）の内容は、正答（1）「一定の設備では、完成検査の前に完成検査前検査が問題となる場合がある。」が示す論点とずれています。 解説の要点：一定の液体危険物タンクなどでは、完成検査の前に完成検査前検査が問題となる場合がある。【試験ポイント】完成検査前検査は一定設備で完成検査前に問題になる。【ひっかけ】名称が似た検査を整理する。【選択肢ア】正しい。制度の関係として適切である。【選択肢イ】誤り。指定数量は変えない。【選択… 正答（1）との違いを確認し直してください。;4:（4）「どちらも危険物の味を確認する。」は、単独の記述としては法令上妥当な場合がありますが、本問で選ぶべき正答は（1）「一定の設備では、完成検査の前に完成検査前検査が問題となる場合がある。」です。問題文の条件（完成検査前検査と完成検査の関係について、正しいものはどれか。…）と照らし、設問が問う論点に合う肢を選び直してください。;5:解説では「一定の液体危険物タンクなどでは、完成検査の前に完成検査前検査が問題となる場合がある。」とある一方、（5）の記述はそれと矛盾します。 解説の要点：一定の液体危険物タンクなどでは、完成検査の前に完成検査前検査が問題となる場合がある。【試験ポイント】完成検査前検査は一定設備で完成検査前に問題になる。【ひっかけ】名称が似た検査を整理する。【選択肢ア】正しい。制度の関係として適切である。【選択肢イ】誤り。指定数量は変えない。【選択… 正答（1）との違いを確認し直してください。,一定の液体危険物タンクなどでは、完成検査の前に完成検査前検査が問題となる場合がある。【試験ポイント】完成検査前検査は一定設備で完成検査前に問題になる。【ひっかけ】名称が似た検査を整理する。【選択肢ア】正しい。制度の関係として適切である。【選択肢イ】誤り。指定数量は変えない。【選択肢ウ】誤り。試験の予備試験ではない。【選択肢エ】誤り。味は確認しない。【選択肢オ】誤り。常に不要とは限らない。,一定の液体危険物タンクなどでは、完成検査の前に完成検査前検査が問題となる場合がある。【試験ポイント】完成検査前検査は一定設備で完成検査前に問題になる。【ひっかけ】名称が似た検査を整理する。【選択肢ア】正しい。制度の関係として適切である。【選択肢イ】誤り。指定数量は変えない。【選択肢ウ】誤り。試験の予備試験ではない。【選択肢エ】誤り。味は確認しない。【選択肢オ,
409,single,法令・制度,L-199;LAW-022;届出;廃止届出;基礎;網羅,製造所等を廃止した後の対応として、適切なものはどれか。,,,,,,指定数量を自動で増やす。,何もせず危険物を放置する。,廃止届出や残存危険物の安全措置が問題となる。,残った危険物を下水へ流す。,火気で残量確認する。,3,製造所等を廃止した場合、廃止届出や残存危険物の安全措置が重要である。【試験ポイント】廃止時も届出と残存危険物管理が重要。【ひっかけ】廃止＝放置可ではない。【選択肢ア】誤り。指定数量は増えない。【選択肢イ】誤り。放置は不適切である。【選択肢ウ】正しい。廃止時の対応として適切である。【選択肢エ】誤り。下水へ流してはならない。【選択肢オ】誤り。火気確認は危険である。,1:（1）「指定数量を自動で増やす。」は、単独の記述としては法令上妥当な場合がありますが、本問で選ぶべき正答は（3）「廃止届出や残存危険物の安全措置が問題となる。」です。問題文の条件（製造所等を廃止した後の対応として、適切なものはどれか。…）と照らし、設問が問う論点に合う肢を選び直してください。;2:（2）「何もせず危険物を放置する。」は、単独の記述としては法令上妥当な場合がありますが、本問で選ぶべき正答は（3）「廃止届出や残存危険物の安全措置が問題となる。」です。問題文の条件（製造所等を廃止した後の対応として、適切なものはどれか。…）と照らし、設問が問う論点に合う肢を選び直してください。;4:（4）「残った危険物を下水へ流す。」は、単独の記述としては法令上妥当な場合がありますが、本問で選ぶべき正答は（3）「廃止届出や残存危険物の安全措置が問題となる。」です。問題文の条件（製造所等を廃止した後の対応として、適切なものはどれか。…）と照らし、設問が問う論点に合う肢を選び直してください。;5:（5）「火気で残量確認する。」は、単独の記述としては法令上妥当な場合がありますが、本問で選ぶべき正答は（3）「廃止届出や残存危険物の安全措置が問題となる。」です。問題文の条件（製造所等を廃止した後の対応として、適切なものはどれか。…）と照らし、設問が問う論点に合う肢を選び直してください。,製造所等を廃止した場合、廃止届出や残存危険物の安全措置が重要である。【試験ポイント】廃止時も届出と残存危険物管理が重要。【ひっかけ】廃止＝放置可ではない。【選択肢ア】誤り。指定数量は増えない。【選択肢イ】誤り。放置は不適切である。【選択肢ウ】正しい。廃止時の対応として適切である。【選択肢エ】誤り。下水へ流してはならない。【選択肢オ】誤り。火気確認は危険である。,製造所等を廃止した場合、廃止届出や残存危険物の安全措置が重要である。【試験ポイント】廃止時も届出と残存危険物管理が重要。【ひっかけ】廃止＝放置可ではない。【選択肢ア】誤り。指定数量は増えない。【選択肢イ】誤り。放置は不適切である。【選択肢ウ】正しい。廃止時の対応として適切である。【選択肢エ】誤り。下水へ流してはならない。【選択肢オ】誤り。火気確認は危険である,
410,single,法令・制度,L-200;LAW-026;危険物保安統括管理者;選任要件・役割;標準;網羅,危険物保安統括管理者と関係が深いものはどれか。,,,,,,免状写真の撮影,試験会場の座席割り,事業所全体の危険物保安業務の統括,危険物の販売価格だけの決定,危険物の味見,3,危険物保安統括管理者は、一定の事業所における危険物保安業務を統括する役割である。【試験ポイント】保安統括管理者は事業所全体の保安管理。【ひっかけ】保安監督者と役割を区別する。【選択肢ア】誤り。免状写真ではない。【選択肢イ】誤り。試験会場運営ではない。【選択肢ウ】正しい。統括管理が役割である。【選択肢エ】誤り。販売価格だけではない。【選択肢オ】誤り。味見してはならない。,1:（1）「免状写真の撮影」は、単独の記述としては法令上妥当な場合がありますが、本問で選ぶべき正答は（3）「事業所全体の危険物保安業務の統括」です。問題文の条件（危険物保安統括管理者と関係が深いものはどれか。…）と照らし、設問が問う論点に合う肢を選び直してください。;2:（2）「試験会場の座席割り」は、単独の記述としては法令上妥当な場合がありますが、本問で選ぶべき正答は（3）「事業所全体の危険物保安業務の統括」です。問題文の条件（危険物保安統括管理者と関係が深いものはどれか。…）と照らし、設問が問う論点に合う肢を選び直してください。;4:（4）「危険物の販売価格だけの決定」は、単独の記述としては法令上妥当な場合がありますが、本問で選ぶべき正答は（3）「事業所全体の危険物保安業務の統括」です。問題文の条件（危険物保安統括管理者と関係が深いものはどれか。…）と照らし、設問が問う論点に合う肢を選び直してください。;5:（5）「危険物の味見」は、単独の記述としては法令上妥当な場合がありますが、本問で選ぶべき正答は（3）「事業所全体の危険物保安業務の統括」です。問題文の条件（危険物保安統括管理者と関係が深いものはどれか。…）と照らし、設問が問う論点に合う肢を選び直してください。,危険物保安統括管理者は、一定の事業所における危険物保安業務を統括する役割である。【試験ポイント】保安統括管理者は事業所全体の保安管理。【ひっかけ】保安監督者と役割を区別する。【選択肢ア】誤り。免状写真ではない。【選択肢イ】誤り。試験会場運営ではない。【選択肢ウ】正しい。統括管理が役割である。【選択肢エ】誤り。販売価格だけではない。【選択肢オ】誤り。味見してはならない。,危険物保安統括管理者は、一定の事業所における危険物保安業務を統括する役割である。【試験ポイント】保安統括管理者は事業所全体の保安管理。【ひっかけ】保安監督者と役割を区別する。【選択肢ア】誤り。免状写真ではない。【選択肢イ】誤り。試験会場運営ではない。【選択肢ウ】正しい。統括管理が役割である。【選択肢エ】誤り。販売価格だけではない。【選択肢オ】誤り。味見しては,
411,single,法令・制度,L-201;LAW-030;危険物施設保安員;選任要件・役割;標準;網羅,危険物施設保安員の説明として、適切なものはどれか。,,,,,,指定数量の単位である。,危険物取扱者試験の科目名である。,危険物の分類名である。,施設の構造・設備の保安業務に関係する。,消火剤の商品名である。,4,危険物施設保安員は、危険物施設の構造や設備の保安に関する業務に関係する。【試験ポイント】施設保安員は施設・設備の保安に関係する。【ひっかけ】保安監督者と混同しない。【選択肢ア】誤り。単位ではない。【選択肢イ】誤り。試験科目名ではない。【選択肢ウ】誤り。分類名ではない。【選択肢エ】正しい。施設保安に関係する。【選択肢オ】誤り。商品名ではない。,1:（1）「指定数量の単位である。」は、単独の記述としては法令上妥当な場合がありますが、本問で選ぶべき正答は（4）「施設の構造・設備の保安業務に関係する。」です。問題文の条件（危険物施設保安員の説明として、適切なものはどれか。…）と照らし、設問が問う論点に合う肢を選び直してください。;2:（2）「危険物取扱者試験の科目名である。」は、単独の記述としては法令上妥当な場合がありますが、本問で選ぶべき正答は（4）「施設の構造・設備の保安業務に関係する。」です。問題文の条件（危険物施設保安員の説明として、適切なものはどれか。…）と照らし、設問が問う論点に合う肢を選び直してください。;3:（3）「危険物の分類名である。」は、単独の記述としては法令上妥当な場合がありますが、本問で選ぶべき正答は（4）「施設の構造・設備の保安業務に関係する。」です。問題文の条件（危険物施設保安員の説明として、適切なものはどれか。…）と照らし、設問が問う論点に合う肢を選び直してください。;5:（5）「消火剤の商品名である。」は、単独の記述としては法令上妥当な場合がありますが、本問で選ぶべき正答は（4）「施設の構造・設備の保安業務に関係する。」です。問題文の条件（危険物施設保安員の説明として、適切なものはどれか。…）と照らし、設問が問う論点に合う肢を選び直してください。,危険物施設保安員は、危険物施設の構造や設備の保安に関する業務に関係する。【試験ポイント】施設保安員は施設・設備の保安に関係する。【ひっかけ】保安監督者と混同しない。【選択肢ア】誤り。単位ではない。【選択肢イ】誤り。試験科目名ではない。【選択肢ウ】誤り。分類名ではない。【選択肢エ】正しい。施設保安に関係する。【選択肢オ】誤り。商品名ではない。,危険物施設保安員は、危険物施設の構造や設備の保安に関する業務に関係する。【試験ポイント】施設保安員は施設・設備の保安に関係する。【ひっかけ】保安監督者と混同しない。【選択肢ア】誤り。単位ではない。【選択肢イ】誤り。試験科目名ではない。【選択肢ウ】誤り。分類名ではない。【選択肢エ】正しい。施設保安に関係する。【選択肢オ】誤り。商品名ではない。,
412,single,法令・制度,L-202;LAW-031;予防規程;予防規程の作成・認可;標準;重点,予防規程の作成が求められる趣旨として、適切なものはどれか。,,,,,,販売価格を統一するため。,受験票を印刷するため。,免状写真を管理するため。,指定数量をなくすため。,火災予防と保安管理を組織的に行うため。,5,予防規程は、危険物施設における火災予防と保安管理を組織的に行うための規程である。【試験ポイント】予防規程は火災予防・保安管理のルール。【ひっかけ】事務的な価格表と混同しない。【選択肢ア】誤り。販売価格ではない。【選択肢イ】誤り。受験票ではない。【選択肢ウ】誤り。免状写真ではない。【選択肢エ】誤り。指定数量はなくならない。【選択肢オ】正しい。趣旨として適切である。,1:（1）「販売価格を統一するため。」は、単独の記述としては法令上妥当な場合がありますが、本問で選ぶべき正答は（5）「火災予防と保安管理を組織的に行うため。」です。問題文の条件（予防規程の作成が求められる趣旨として、適切なものはどれか。…）と照らし、設問が問う論点に合う肢を選び直してください。;2:（2）「受験票を印刷するため。」は、単独の記述としては法令上妥当な場合がありますが、本問で選ぶべき正答は（5）「火災予防と保安管理を組織的に行うため。」です。問題文の条件（予防規程の作成が求められる趣旨として、適切なものはどれか。…）と照らし、設問が問う論点に合う肢を選び直してください。;3:（3）「免状写真を管理するため。」は、単独の記述としては法令上妥当な場合がありますが、本問で選ぶべき正答は（5）「火災予防と保安管理を組織的に行うため。」です。問題文の条件（予防規程の作成が求められる趣旨として、適切なものはどれか。…）と照らし、設問が問う論点に合う肢を選び直してください。;4:（4）「指定数量をなくすため。」は、単独の記述としては法令上妥当な場合がありますが、本問で選ぶべき正答は（5）「火災予防と保安管理を組織的に行うため。」です。問題文の条件（予防規程の作成が求められる趣旨として、適切なものはどれか。…）と照らし、設問が問う論点に合う肢を選び直してください。,予防規程は、危険物施設における火災予防と保安管理を組織的に行うための規程である。,予防規程は、危険物施設における火災予防と保安管理を組織的に行うための規程である。【試験ポイント】予防規程は火災予防・保安管理のルール。【ひっかけ】事務的な価格表と混同しない。【選択肢ア】誤り。販売価格ではない。【選択肢イ】誤り。受験票ではない。【選択肢ウ】誤り。免状写真ではない。【選択肢エ】誤り。指定数量はなくならない。【選択肢オ】正しい。趣旨として適切であ,
413,single,法令・制度,L-203;LAW-034;保安検査;保安検査の対象;標準;網羅,保安検査と保安講習の違いとして、正しいものはどれか。,,,,,,保安検査は施設、保安講習は取扱者の教育に関係する。,どちらも指定数量をなくす制度である。,どちらも販売価格を決める制度である。,どちらも同じ試験科目名である。,どちらも危険物の味を確認する制度である。,1,保安検査は施設の安全性確認、保安講習は危険物取扱者の保安教育に関係する制度である。【試験ポイント】保安検査は施設、保安講習は人。【ひっかけ】保安という語だけで同一視しない。【選択肢ア】正しい。違いとして適切である。【選択肢イ】誤り。指定数量はなくならない。【選択肢ウ】誤り。販売価格ではない。【選択肢エ】誤り。試験科目名ではない。【選択肢オ】誤り。味を確認しない。,2:（2）「どちらも指定数量をなくす制度である。」は、単独の記述としては法令上妥当な場合がありますが、本問で選ぶべき正答は（1）「保安検査は施設、保安講習は取扱者の教育に関係する。」です。問題文の条件（保安検査と保安講習の違いとして、正しいものはどれか。…）と照らし、設問が問う論点に合う肢を選び直してください。;3:（3）「どちらも販売価格を決める制度である。」は、単独の記述としては法令上妥当な場合がありますが、本問で選ぶべき正答は（1）「保安検査は施設、保安講習は取扱者の教育に関係する。」です。問題文の条件（保安検査と保安講習の違いとして、正しいものはどれか。…）と照らし、設問が問う論点に合う肢を選び直してください。;4:（4）「どちらも同じ試験科目名である。」は、単独の記述としては法令上妥当な場合がありますが、本問で選ぶべき正答は（1）「保安検査は施設、保安講習は取扱者の教育に関係する。」です。問題文の条件（保安検査と保安講習の違いとして、正しいものはどれか。…）と照らし、設問が問う論点に合う肢を選び直してください。;5:（5）の内容は、正答（1）「保安検査は施設、保安講習は取扱者の教育に関係する。」が示す論点とずれています。 解説の要点：保安検査は施設の安全性確認、保安講習は危険物取扱者の保安教育に関係する制度である。【試験ポイント】保安検査は施設、保安講習は人。【ひっかけ】保安という語だけで同一視しない。【選択肢ア】正しい。違いとして適切である。【選択肢イ】誤り。指定数量はなくならない。【選択肢ウ】誤り。販売価… 正答（1）との違いを確認し直してください。,保安検査は施設の安全性確認、保安講習は危険物取扱者の保安教育に関係する制度である。【試験ポイント】保安検査は施設、保安講習は人。【ひっかけ】保安という語だけで同一視しない。【選択肢ア】正しい。違いとして適切である。【選択肢イ】誤り。指定数量はなくならない。【選択肢ウ】誤り。販売価格ではない。【選択肢エ】誤り。試験科目名ではない。【選択肢オ】誤り。味を確認しない。,保安検査は施設の安全性確認、保安講習は危険物取扱者の保安教育に関係する制度である。【試験ポイント】保安検査は施設、保安講習は人。【ひっかけ】保安という語だけで同一視しない。【選択肢ア】正しい。違いとして適切である。【選択肢イ】誤り。指定数量はなくならない。【選択肢ウ】誤り。販売価格ではない。【選択肢エ】誤り。試験科目名ではない。【選択肢オ】誤り。味を確認しな,
414,single,法令・制度,L-204;LAW-036;事故時対応;災害発生時の応急措置;基礎;重点,危険物が河川や排水溝へ流出しそうな場合の対応として、適切なものはどれか。,,,,,,水で薄めれば必ず安全なので放置する。,周囲に知らせず作業を続ける。,流出拡大を防ぎ、必要な通報と回収を行う。,下水へ積極的に流す。,火気で蒸気を確認する。,3,危険物の流出時は、拡大防止、通報、回収などの応急措置が重要である。【試験ポイント】流出事故は拡大防止・通報・回収。【ひっかけ】水で薄めれば安全とは限らない。【選択肢ア】誤り。放置してはならない。【選択肢イ】誤り。通報や周知が必要な場合がある。【選択肢ウ】正しい。適切な対応である。【選択肢エ】誤り。下水へ流してはならない。【選択肢オ】誤り。火気確認は危険である。,1:（1）「水で薄めれば必ず安全なので放置する。」は、単独の記述としては法令上妥当な場合がありますが、本問で選ぶべき正答は（3）「流出拡大を防ぎ、必要な通報と回収を行う。」です。問題文の条件（危険物が河川や排水溝へ流出しそうな場合の対応として、適切なものはどれか。…）と照らし、設問が問う論点に合う肢を選び直してください。;2:（2）「周囲に知らせず作業を続ける。」は、単独の記述としては法令上妥当な場合がありますが、本問で選ぶべき正答は（3）「流出拡大を防ぎ、必要な通報と回収を行う。」です。問題文の条件（危険物が河川や排水溝へ流出しそうな場合の対応として、適切なものはどれか。…）と照らし、設問が問う論点に合う肢を選び直してください。;4:（4）「下水へ積極的に流す。」は、単独の記述としては法令上妥当な場合がありますが、本問で選ぶべき正答は（3）「流出拡大を防ぎ、必要な通報と回収を行う。」です。問題文の条件（危険物が河川や排水溝へ流出しそうな場合の対応として、適切なものはどれか。…）と照らし、設問が問う論点に合う肢を選び直してください。;5:（5）「火気で蒸気を確認する。」は、単独の記述としては法令上妥当な場合がありますが、本問で選ぶべき正答は（3）「流出拡大を防ぎ、必要な通報と回収を行う。」です。問題文の条件（危険物が河川や排水溝へ流出しそうな場合の対応として、適切なものはどれか。…）と照らし、設問が問う論点に合う肢を選び直してください。,危険物の流出時は、拡大防止、通報、回収などの応急措置が重要である。【試験ポイント】流出事故は拡大防止・通報・回収。【ひっかけ】水で薄めれば安全とは限らない。【選択肢ア】誤り。放置してはならない。【選択肢イ】誤り。通報や周知が必要な場合がある。【選択肢ウ】正しい。適切な対応である。【選択肢エ】誤り。下水へ流してはならない。【選択肢オ】誤り。火気確認は危険である。,危険物の流出時は、拡大防止、通報、回収などの応急措置が重要である。【試験ポイント】流出事故は拡大防止・通報・回収。【ひっかけ】水で薄めれば安全とは限らない。【選択肢ア】誤り。放置してはならない。【選択肢イ】誤り。通報や周知が必要な場合がある。【選択肢ウ】正しい。適切な対応である。【選択肢エ】誤り。下水へ流してはならない。【選択肢オ】誤り。火気確認は危険である,
415,single,法令・制度,L-205;LAW-041;消火設備;消火設備の区分・設置;標準;重点,危険物施設の消火設備を考える際に重要な観点はどれか。,,,,,,免状番号で選ぶこと。,容器の色だけで選ぶこと。,危険物の性質や施設の規模に応じた設備を選ぶこと。,販売価格だけで選ぶこと。,受験者数で選ぶこと。,3,消火設備は、危険物の性質や施設の規模などに応じて考える必要がある。【試験ポイント】消火設備は危険物の性質と施設条件で考える。【ひっかけ】水だけでよいとは限らない。【選択肢ア】誤り。免状番号ではない。【選択肢イ】誤り。容器色だけではない。【選択肢ウ】正しい。重要な観点である。【選択肢エ】誤り。価格だけではない。【選択肢オ】誤り。受験者数ではない。,1:（1）「免状番号で選ぶこと。」は、単独の記述としては法令上妥当な場合がありますが、本問で選ぶべき正答は（3）「危険物の性質や施設の規模に応じた設備を選ぶこと。」です。問題文の条件（危険物施設の消火設備を考える際に重要な観点はどれか。…）と照らし、設問が問う論点に合う肢を選び直してください。;2:（2）「容器の色だけで選ぶこと。」は、単独の記述としては法令上妥当な場合がありますが、本問で選ぶべき正答は（3）「危険物の性質や施設の規模に応じた設備を選ぶこと。」です。問題文の条件（危険物施設の消火設備を考える際に重要な観点はどれか。…）と照らし、設問が問う論点に合う肢を選び直してください。;4:（4）「販売価格だけで選ぶこと。」は、単独の記述としては法令上妥当な場合がありますが、本問で選ぶべき正答は（3）「危険物の性質や施設の規模に応じた設備を選ぶこと。」です。問題文の条件（危険物施設の消火設備を考える際に重要な観点はどれか。…）と照らし、設問が問う論点に合う肢を選び直してください。;5:（5）「受験者数で選ぶこと。」は、単独の記述としては法令上妥当な場合がありますが、本問で選ぶべき正答は（3）「危険物の性質や施設の規模に応じた設備を選ぶこと。」です。問題文の条件（危険物施設の消火設備を考える際に重要な観点はどれか。…）と照らし、設問が問う論点に合う肢を選び直してください。,消火設備は、危険物の性質や施設の規模などに応じて考える必要がある。【試験ポイント】消火設備は危険物の性質と施設条件で考える。【ひっかけ】水だけでよいとは限らない。【選択肢ア】誤り。免状番号ではない。【選択肢イ】誤り。容器色だけではない。【選択肢ウ】正しい。重要な観点である。【選択肢エ】誤り。価格だけではない。【選択肢オ】誤り。受験者数ではない。,消火設備は、危険物の性質や施設の規模などに応じて考える必要がある。【試験ポイント】消火設備は危険物の性質と施設条件で考える。【ひっかけ】水だけでよいとは限らない。【選択肢ア】誤り。免状番号ではない。【選択肢イ】誤り。容器色だけではない。【選択肢ウ】正しい。重要な観点である。【選択肢エ】誤り。価格だけではない。【選択肢オ】誤り。受験者数ではない。,
416,single,法令・制度,L-206;LAW-043;貯蔵所基準;屋内貯蔵所の基準;基礎;網羅,屋内貯蔵所の説明として、正しいものはどれか。,,,,,,自動車に給油する取扱所である。,免状の書換え窓口である。,配管で移送する取扱所である。,建築物内で危険物を貯蔵する貯蔵所である。,指定数量の計算式である。,4,屋内貯蔵所は、建築物内で危険物を貯蔵する貯蔵所である。【試験ポイント】屋内貯蔵所は建築物内で貯蔵する施設。【ひっかけ】屋内タンク貯蔵所と区別する。【選択肢ア】誤り。給油取扱所である。【選択肢イ】誤り。免状手続きではない。【選択肢ウ】誤り。移送取扱所である。【選択肢エ】正しい。屋内貯蔵所である。【選択肢オ】誤り。計算式ではない。,1:（1）「自動車に給油する取扱所である。」は、単独の記述としては法令上妥当な場合がありますが、本問で選ぶべき正答は（4）「建築物内で危険物を貯蔵する貯蔵所である。」です。問題文の条件（屋内貯蔵所の説明として、正しいものはどれか。…）と照らし、設問が問う論点に合う肢を選び直してください。;2:（2）「免状の書換え窓口である。」は、単独の記述としては法令上妥当な場合がありますが、本問で選ぶべき正答は（4）「建築物内で危険物を貯蔵する貯蔵所である。」です。問題文の条件（屋内貯蔵所の説明として、正しいものはどれか。…）と照らし、設問が問う論点に合う肢を選び直してください。;3:（3）「配管で移送する取扱所である。」は、単独の記述としては法令上妥当な場合がありますが、本問で選ぶべき正答は（4）「建築物内で危険物を貯蔵する貯蔵所である。」です。問題文の条件（屋内貯蔵所の説明として、正しいものはどれか。…）と照らし、設問が問う論点に合う肢を選び直してください。;5:（5）「指定数量の計算式である。」は、単独の記述としては法令上妥当な場合がありますが、本問で選ぶべき正答は（4）「建築物内で危険物を貯蔵する貯蔵所である。」です。問題文の条件（屋内貯蔵所の説明として、正しいものはどれか。…）と照らし、設問が問う論点に合う肢を選び直してください。,屋内貯蔵所は、建築物内で危険物を貯蔵する貯蔵所である。,屋内貯蔵所は、建築物内で危険物を貯蔵する貯蔵所である。【試験ポイント】屋内貯蔵所は建築物内で貯蔵する施設。【ひっかけ】屋内タンク貯蔵所と区別する。【選択肢ア】誤り。給油取扱所である。【選択肢イ】誤り。免状手続きではない。【選択肢ウ】誤り。移送取扱所である。【選択肢エ】正しい。屋内貯蔵所である。【選択肢オ】誤り。計算式ではない。,
417,single,法令・制度,L-207;LAW-049;貯蔵所基準;移動タンク貯蔵所の基準;標準;重点,移動タンク貯蔵所の代表例として、最も近いものはどれか。,,,,,,試験会場の机,タンクローリー,屋内の保管棚,免状の保管ケース,地下室の書庫,2,移動タンク貯蔵所は、車両に固定されたタンクで危険物を移送する施設であり、タンクローリーが代表的なイメージである。【試験ポイント】移動タンク貯蔵所はタンクローリーのイメージ。【ひっかけ】移送取扱所と混同しない。【選択肢ア】誤り。試験会場備品である。【選択肢イ】正しい。代表例として適切である。【選択肢ウ】誤り。屋内貯蔵所のイメージである。【選択肢エ】誤り。免状保管具である。【選択肢オ】誤り。危険物施設の説明ではない。,1:（1）「試験会場の机」は、単独の記述としては法令上妥当な場合がありますが、本問で選ぶべき正答は（2）「タンクローリー」です。問題文の条件（移動タンク貯蔵所の代表例として、最も近いものはどれか。…）と照らし、設問が問う論点に合う肢を選び直してください。;3:（3）「屋内の保管棚」は、単独の記述としては法令上妥当な場合がありますが、本問で選ぶべき正答は（2）「タンクローリー」です。問題文の条件（移動タンク貯蔵所の代表例として、最も近いものはどれか。…）と照らし、設問が問う論点に合う肢を選び直してください。;4:（4）「免状の保管ケース」は、単独の記述としては法令上妥当な場合がありますが、本問で選ぶべき正答は（2）「タンクローリー」です。問題文の条件（移動タンク貯蔵所の代表例として、最も近いものはどれか。…）と照らし、設問が問う論点に合う肢を選び直してください。;5:（5）「地下室の書庫」は、単独の記述としては法令上妥当な場合がありますが、本問で選ぶべき正答は（2）「タンクローリー」です。問題文の条件（移動タンク貯蔵所の代表例として、最も近いものはどれか。…）と照らし、設問が問う論点に合う肢を選び直してください。,移動タンク貯蔵所は、車両に固定されたタンクで危険物を移送する施設であり、タンクローリーが代表的なイメージである。【試験ポイント】移動タンク貯蔵所はタンクローリーのイメージ。【ひっかけ】移送取扱所と混同しない。【選択肢ア】誤り。試験会場備品である。【選択肢イ】正しい。代表例として適切である。【選択肢ウ】誤り。屋内貯蔵所のイメージである。【選択肢エ】誤り。免状保管具である。【選択肢オ】誤り。危険物施設の説明ではない。,移動タンク貯蔵所は、車両に固定されたタンクで危険物を移送する施設であり、タンクローリーが代表的なイメージである。【試験ポイント】移動タンク貯蔵所はタンクローリーのイメージ。【ひっかけ】移送取扱所と混同しない。【選択肢ア】誤り。試験会場備品である。【選択肢イ】正しい。代表例として適切である。【選択肢ウ】誤り。屋内貯蔵所のイメージである。【選択肢エ】誤り。免状保,
418,single,法令・制度,L-208;LAW-050;取扱所基準;給油取扱所の基準;基礎;重点,給油取扱所に該当する施設として最も近いものはどれか。,,,,,,免状交付窓口,消火器販売店だけ,ガソリンスタンド,危険物取扱者試験会場,地下タンクだけを製造する工場,3,給油取扱所の代表的なイメージはガソリンスタンドである。【試験ポイント】給油取扱所はガソリンスタンドのイメージ。【ひっかけ】販売取扱所と区別する。【選択肢ア】誤り。免状交付窓口ではない。【選択肢イ】誤り。販売取扱所とは別である。【選択肢ウ】正しい。給油取扱所である。【選択肢エ】誤り。試験会場ではない。【選択肢オ】誤り。製造所等の別論点である。,1:（1）「免状交付窓口」は、単独の記述としては法令上妥当な場合がありますが、本問で選ぶべき正答は（3）「ガソリンスタンド」です。問題文の条件（給油取扱所に該当する施設として最も近いものはどれか。…）と照らし、設問が問う論点に合う肢を選び直してください。;2:（2）「消火器販売店だけ」は、単独の記述としては法令上妥当な場合がありますが、本問で選ぶべき正答は（3）「ガソリンスタンド」です。問題文の条件（給油取扱所に該当する施設として最も近いものはどれか。…）と照らし、設問が問う論点に合う肢を選び直してください。;4:（4）「危険物取扱者試験会場」は、単独の記述としては法令上妥当な場合がありますが、本問で選ぶべき正答は（3）「ガソリンスタンド」です。問題文の条件（給油取扱所に該当する施設として最も近いものはどれか。…）と照らし、設問が問う論点に合う肢を選び直してください。;5:（5）「地下タンクだけを製造する工場」は、単独の記述としては法令上妥当な場合がありますが、本問で選ぶべき正答は（3）「ガソリンスタンド」です。問題文の条件（給油取扱所に該当する施設として最も近いものはどれか。…）と照らし、設問が問う論点に合う肢を選び直してください。,給油取扱所の代表的なイメージはガソリンスタンドである。 【試験ポイント】給油取扱所はガソリンスタンドのイメージ。,給油取扱所の代表的なイメージはガソリンスタンドである。【試験ポイント】給油取扱所はガソリンスタンドのイメージ。【ひっかけ】販売取扱所と区別する。【選択肢ア】誤り。免状交付窓口ではない。【選択肢イ】誤り。販売取扱所とは別である。【選択肢ウ】正しい。給油取扱所である。【選択肢エ】誤り。試験会場ではない。【選択肢オ】誤り。製造所等の別論点である。,
419,single,法令・制度,L-209;LAW-055;運搬;運搬容器・収納・積載方法;標準;重点,危険物の運搬容器で重要な性能として、適切なものはどれか。,,,,,,容器を開放し続けること。,火花を発生させること。,中身を必ず蒸発させること。,危険物を下水へ流すこと。,漏れや破損を防ぐこと。,5,危険物の運搬容器では、漏れや破損を防ぐことが重要である。【試験ポイント】運搬容器は漏れ・破損防止が重要。【ひっかけ】表示だけで安全とは限らない。【選択肢ア】誤り。開放は危険である。【選択肢イ】誤り。火花は危険である。【選択肢ウ】誤り。蒸発させてはならない。【選択肢エ】誤り。下水へ流してはならない。【選択肢オ】正しい。重要な性能である。,1:（1）「容器を開放し続けること。」は、単独の記述としては法令上妥当な場合がありますが、本問で選ぶべき正答は（5）「漏れや破損を防ぐこと。」です。問題文の条件（危険物の運搬容器で重要な性能として、適切なものはどれか。…）と照らし、設問が問う論点に合う肢を選び直してください。;2:（2）「火花を発生させること。」は、単独の記述としては法令上妥当な場合がありますが、本問で選ぶべき正答は（5）「漏れや破損を防ぐこと。」です。問題文の条件（危険物の運搬容器で重要な性能として、適切なものはどれか。…）と照らし、設問が問う論点に合う肢を選び直してください。;3:（3）「中身を必ず蒸発させること。」は、単独の記述としては法令上妥当な場合がありますが、本問で選ぶべき正答は（5）「漏れや破損を防ぐこと。」です。問題文の条件（危険物の運搬容器で重要な性能として、適切なものはどれか。…）と照らし、設問が問う論点に合う肢を選び直してください。;4:（4）「危険物を下水へ流すこと。」は、単独の記述としては法令上妥当な場合がありますが、本問で選ぶべき正答は（5）「漏れや破損を防ぐこと。」です。問題文の条件（危険物の運搬容器で重要な性能として、適切なものはどれか。…）と照らし、設問が問う論点に合う肢を選び直してください。,危険物の運搬容器では、漏れや破損を防ぐことが重要である。【試験ポイント】運搬容器は漏れ・破損防止が重要。【ひっかけ】表示だけで安全とは限らない。【選択肢ア】誤り。開放は危険である。【選択肢イ】誤り。火花は危険である。【選択肢ウ】誤り。蒸発させてはならない。【選択肢エ】誤り。下水へ流してはならない。【選択肢オ】正しい。重要な性能である。,危険物の運搬容器では、漏れや破損を防ぐことが重要である。【試験ポイント】運搬容器は漏れ・破損防止が重要。【ひっかけ】表示だけで安全とは限らない。【選択肢ア】誤り。開放は危険である。【選択肢イ】誤り。火花は危険である。【選択肢ウ】誤り。蒸発させてはならない。【選択肢エ】誤り。下水へ流してはならない。【選択肢オ】正しい。重要な性能である。,
420,single,法令・制度,L-210;LAW-061;総合問題;法令分野の複合・ひっかけ問題;標準;総合,法令分野で『人に関する制度』として最も適切なものはどれか。,,,,,,危険物取扱者免状と保安講習,屋内貯蔵所と給油取扱所,製造所等の設置許可と完成検査,保安距離と保有空地,消火設備と警報設備,1,危険物取扱者免状と保安講習は、人や資格・教育に関する制度である。【試験ポイント】人の制度と施設の制度を分ける。【ひっかけ】免状・講習と施設許可を混同しない。【選択肢ア】正しい。人に関する制度である。【選択肢イ】誤り。施設区分である。【選択肢ウ】誤り。施設に関する制度である。【選択肢エ】誤り。位置基準である。【選択肢オ】誤り。設備である。,2:（2）「屋内貯蔵所と給油取扱所」は、単独の記述としては法令上妥当な場合がありますが、本問で選ぶべき正答は（1）「危険物取扱者免状と保安講習」です。問題文の条件（法令分野で『人に関する制度』として最も適切なものはどれか。…）と照らし、設問が問う論点に合う肢を選び直してください。;3:（3）「製造所等の設置許可と完成検査」は、単独の記述としては法令上妥当な場合がありますが、本問で選ぶべき正答は（1）「危険物取扱者免状と保安講習」です。問題文の条件（法令分野で『人に関する制度』として最も適切なものはどれか。…）と照らし、設問が問う論点に合う肢を選び直してください。;4:（4）「保安距離と保有空地」は、単独の記述としては法令上妥当な場合がありますが、本問で選ぶべき正答は（1）「危険物取扱者免状と保安講習」です。問題文の条件（法令分野で『人に関する制度』として最も適切なものはどれか。…）と照らし、設問が問う論点に合う肢を選び直してください。;5:（5）「消火設備と警報設備」は、単独の記述としては法令上妥当な場合がありますが、本問で選ぶべき正答は（1）「危険物取扱者免状と保安講習」です。問題文の条件（法令分野で『人に関する制度』として最も適切なものはどれか。…）と照らし、設問が問う論点に合う肢を選び直してください。,危険物取扱者免状と保安講習は、人や資格・教育に関する制度である。,危険物取扱者免状と保安講習は、人や資格・教育に関する制度である。【試験ポイント】人の制度と施設の制度を分ける。【ひっかけ】免状・講習と施設許可を混同しない。【選択肢ア】正しい。人に関する制度である。【選択肢イ】誤り。施設区分である。【選択肢ウ】誤り。施設に関する制度である。【選択肢エ】誤り。位置基準である。【選択肢オ】誤り。設備である。,
421,single,物性・化学,PC-113;PC-002;燃焼;燃焼の継続・連鎖反応の考え方;標準;網羅,燃焼の連鎖反応を断つことと関係が深い消火の考え方はどれか。,,,,,,除去消火,抑制消火,希釈販売,冷却消火,指定数量計算,2,燃焼の連鎖反応を抑える消火は抑制消火である。【試験ポイント】抑制消火は連鎖反応を抑える。【ひっかけ】消火方式を区別する。【選択肢ア】誤り。可燃物を取り除く消火である。【選択肢イ】正しい。抑制消火である。【選択肢ウ】誤り。消火方法ではない。【選択肢エ】誤り。温度を下げる消火である。【選択肢オ】誤り。計算方法である。,1:（1）「除去消火」は、単独の記述としては法令上妥当な場合がありますが、本問で選ぶべき正答は（2）「抑制消火」です。問題文の条件（燃焼の連鎖反応を断つことと関係が深い消火の考え方はどれか。…）と照らし、設問が問う論点に合う肢を選び直してください。;3:（3）「希釈販売」は、単独の記述としては法令上妥当な場合がありますが、本問で選ぶべき正答は（2）「抑制消火」です。問題文の条件（燃焼の連鎖反応を断つことと関係が深い消火の考え方はどれか。…）と照らし、設問が問う論点に合う肢を選び直してください。;4:（4）「冷却消火」は、単独の記述としては法令上妥当な場合がありますが、本問で選ぶべき正答は（2）「抑制消火」です。問題文の条件（燃焼の連鎖反応を断つことと関係が深い消火の考え方はどれか。…）と照らし、設問が問う論点に合う肢を選び直してください。;5:（5）「指定数量計算」は、単独の記述としては法令上妥当な場合がありますが、本問で選ぶべき正答は（2）「抑制消火」です。問題文の条件（燃焼の連鎖反応を断つことと関係が深い消火の考え方はどれか。…）と照らし、設問が問う論点に合う肢を選び直してください。,燃焼の連鎖反応を抑える消火は抑制消火である。【試験ポイント】抑制消火は連鎖反応を抑える。【ひっかけ】消火方式を区別する。【選択肢ア】誤り。可燃物を取り除く消火である。【選択肢イ】正しい。抑制消火である。【選択肢ウ】誤り。消火方法ではない。【選択肢エ】誤り。温度を下げる消火である。【選択肢オ】誤り。計算方法である。,燃焼の連鎖反応を抑える消火は抑制消火である。【試験ポイント】抑制消火は連鎖反応を抑える。【ひっかけ】消火方式を区別する。【選択肢ア】誤り。可燃物を取り除く消火である。【選択肢イ】正しい。抑制消火である。【選択肢ウ】誤り。消火方法ではない。【選択肢エ】誤り。温度を下げる消火である。【選択肢オ】誤り。計算方法である。,
422,single,物性・化学,PC-114;PC-003;燃焼;完全燃焼・不完全燃焼;基礎;重点,不完全燃焼で発生しやすい有毒な気体として代表的なものはどれか。,,,,,,ヘリウム,水蒸気,一酸化炭素,窒素,アルゴン,3,不完全燃焼では一酸化炭素が発生しやすく、有毒である。【試験ポイント】不完全燃焼では一酸化炭素に注意。【ひっかけ】二酸化炭素と混同しない。【選択肢ア】誤り。希ガスである。【選択肢イ】誤り。代表的な有毒気体ではない。【選択肢ウ】正しい。一酸化炭素である。【選択肢エ】誤り。空気中に多い気体である。【選択肢オ】誤り。希ガスである。,1:（1）「ヘリウム」は、単独の記述としては法令上妥当な場合がありますが、本問で選ぶべき正答は（3）「一酸化炭素」です。問題文の条件（不完全燃焼で発生しやすい有毒な気体として代表的なものはどれか。…）と照らし、設問が問う論点に合う肢を選び直してください。;2:（2）「水蒸気」は、単独の記述としては法令上妥当な場合がありますが、本問で選ぶべき正答は（3）「一酸化炭素」です。問題文の条件（不完全燃焼で発生しやすい有毒な気体として代表的なものはどれか。…）と照らし、設問が問う論点に合う肢を選び直してください。;4:（4）「窒素」は、単独の記述としては法令上妥当な場合がありますが、本問で選ぶべき正答は（3）「一酸化炭素」です。問題文の条件（不完全燃焼で発生しやすい有毒な気体として代表的なものはどれか。…）と照らし、設問が問う論点に合う肢を選び直してください。;5:（5）「アルゴン」は、単独の記述としては法令上妥当な場合がありますが、本問で選ぶべき正答は（3）「一酸化炭素」です。問題文の条件（不完全燃焼で発生しやすい有毒な気体として代表的なものはどれか。…）と照らし、設問が問う論点に合う肢を選び直してください。,不完全燃焼では一酸化炭素が発生しやすく、有毒である。【試験ポイント】不完全燃焼では一酸化炭素に注意。【ひっかけ】二酸化炭素と混同しない。【選択肢ア】誤り。希ガスである。【選択肢イ】誤り。代表的な有毒気体ではない。【選択肢ウ】正しい。一酸化炭素である。【選択肢エ】誤り。空気中に多い気体である。【選択肢オ】誤り。希ガスである。,不完全燃焼では一酸化炭素が発生しやすく、有毒である。【試験ポイント】不完全燃焼では一酸化炭素に注意。【ひっかけ】二酸化炭素と混同しない。【選択肢ア】誤り。希ガスである。【選択肢イ】誤り。代表的な有毒気体ではない。【選択肢ウ】正しい。一酸化炭素である。【選択肢エ】誤り。空気中に多い気体である。【選択肢オ】誤り。希ガスである。,
423,single,物性・化学,PC-115;PC-004;燃焼;酸素濃度と燃焼;基礎;重点,酸素の供給が十分でない場合の燃焼について、一般に正しいものはどれか。,,,,,,必ず燃焼が最大になる。,燃焼しにくくなったり、不完全燃焼になったりする。,必ず指定数量が増える。,必ず不燃性になる。,必ず水に溶ける。,2,酸素供給が不十分だと、燃焼しにくくなったり、不完全燃焼になったりする。【試験ポイント】燃焼には酸素供給が必要。【ひっかけ】酸素不足と不完全燃焼を関連づける。【選択肢ア】誤り。最大燃焼とは限らない。【選択肢イ】正しい。酸素不足時の特徴である。【選択肢ウ】誤り。指定数量は変わらない。【選択肢エ】誤り。不燃性になるわけではない。【選択肢オ】誤り。水溶性とは別である。,1:（1）「必ず燃焼が最大になる。」は、単独の記述としては法令上妥当な場合がありますが、本問で選ぶべき正答は（2）「燃焼しにくくなったり、不完全燃焼になったりする。」です。問題文の条件（酸素の供給が十分でない場合の燃焼について、一般に正しいものはどれか。…）と照らし、設問が問う論点に合う肢を選び直してください。;3:（3）「必ず指定数量が増える。」は、単独の記述としては法令上妥当な場合がありますが、本問で選ぶべき正答は（2）「燃焼しにくくなったり、不完全燃焼になったりする。」です。問題文の条件（酸素の供給が十分でない場合の燃焼について、一般に正しいものはどれか。…）と照らし、設問が問う論点に合う肢を選び直してください。;4:（4）「必ず不燃性になる。」は、単独の記述としては法令上妥当な場合がありますが、本問で選ぶべき正答は（2）「燃焼しにくくなったり、不完全燃焼になったりする。」です。問題文の条件（酸素の供給が十分でない場合の燃焼について、一般に正しいものはどれか。…）と照らし、設問が問う論点に合う肢を選び直してください。;5:（5）「必ず水に溶ける。」は、単独の記述としては法令上妥当な場合がありますが、本問で選ぶべき正答は（2）「燃焼しにくくなったり、不完全燃焼になったりする。」です。問題文の条件（酸素の供給が十分でない場合の燃焼について、一般に正しいものはどれか。…）と照らし、設問が問う論点に合う肢を選び直してください。,酸素供給が不十分だと、燃焼しにくくなったり、不完全燃焼になったりする。,酸素供給が不十分だと、燃焼しにくくなったり、不完全燃焼になったりする。【試験ポイント】燃焼には酸素供給が必要。【ひっかけ】酸素不足と不完全燃焼を関連づける。【選択肢ア】誤り。最大燃焼とは限らない。【選択肢イ】正しい。酸素不足時の特徴である。【選択肢ウ】誤り。指定数量は変わらない。【選択肢エ】誤り。不燃性になるわけではない。【選択肢オ】誤り。水溶性とは別である,
424,single,物性・化学,PC-116;PC-006;燃焼;引火・発火・自然発火の違い;標準;重点,外部火源がなくても、酸化熱の蓄積などで燃え始める現象はどれか。,,,,,,自然発火,中和,沸騰,引火,融解,1,外部火源なしで、酸化熱の蓄積などにより燃え始める現象は自然発火である。【試験ポイント】自然発火は火源なしで起こることがある。【ひっかけ】引火と自然発火を区別する。【選択肢ア】正しい。自然発火である。【選択肢イ】誤り。酸とアルカリの反応である。【選択肢ウ】誤り。液体が沸く現象である。【選択肢エ】誤り。火源によって燃え始める現象である。【選択肢オ】誤り。固体が液体になる現象である。,2:（2）「中和」は、単独の記述としては法令上妥当な場合がありますが、本問で選ぶべき正答は（1）「自然発火」です。問題文の条件（外部火源がなくても、酸化熱の蓄積などで燃え始める現象はどれか。…）と照らし、設問が問う論点に合う肢を選び直してください。;3:（3）「沸騰」は、単独の記述としては法令上妥当な場合がありますが、本問で選ぶべき正答は（1）「自然発火」です。問題文の条件（外部火源がなくても、酸化熱の蓄積などで燃え始める現象はどれか。…）と照らし、設問が問う論点に合う肢を選び直してください。;4:（4）「引火」は、単独の記述としては法令上妥当な場合がありますが、本問で選ぶべき正答は（1）「自然発火」です。問題文の条件（外部火源がなくても、酸化熱の蓄積などで燃え始める現象はどれか。…）と照らし、設問が問う論点に合う肢を選び直してください。;5:（5）「融解」は、単独の記述としては法令上妥当な場合がありますが、本問で選ぶべき正答は（1）「自然発火」です。問題文の条件（外部火源がなくても、酸化熱の蓄積などで燃え始める現象はどれか。…）と照らし、設問が問う論点に合う肢を選び直してください。,外部火源なしで、酸化熱の蓄積などにより燃え始める現象は自然発火である。【試験ポイント】自然発火は火源なしで起こることがある。【ひっかけ】引火と自然発火を区別する。【選択肢ア】正しい。自然発火である。【選択肢イ】誤り。酸とアルカリの反応である。【選択肢ウ】誤り。液体が沸く現象である。【選択肢エ】誤り。火源によって燃え始める現象である。【選択肢オ】誤り。固体が液体になる現象である。,外部火源なしで、酸化熱の蓄積などにより燃え始める現象は自然発火である。【試験ポイント】自然発火は火源なしで起こることがある。【ひっかけ】引火と自然発火を区別する。【選択肢ア】正しい。自然発火である。【選択肢イ】誤り。酸とアルカリの反応である。【選択肢ウ】誤り。液体が沸く現象である。【選択肢エ】誤り。火源によって燃え始める現象である。【選択肢オ】誤り。固体が液,
425,single,物性・化学,PC-117;PC-009;燃焼;可燃性蒸気と空気の混合;標準;重点,可燃性蒸気が燃焼範囲内で空気と混ざった状態について、正しいものはどれか。,,,,,,点火源があっても絶対に燃えない。,必ず固体になる。,必ず水に溶けて安全になる。,点火源があれば燃焼・爆発のおそれがある。,必ず酸素を放出する。,4,可燃性蒸気と空気の混合気が燃焼範囲内にある場合、点火源があれば燃焼・爆発のおそれがある。【試験ポイント】燃焼範囲内の混合気は危険。【ひっかけ】可燃性蒸気の濃度に注目する。【選択肢ア】誤り。燃焼し得る。【選択肢イ】誤り。状態変化ではない。【選択肢ウ】誤り。水溶性とは別である。【選択肢エ】正しい。危険な状態である。【選択肢オ】誤り。酸素放出性ではない。,1:（1）「点火源があっても絶対に燃えない。」は、単独の記述としては法令上妥当な場合がありますが、本問で選ぶべき正答は（4）「点火源があれば燃焼・爆発のおそれがある。」です。問題文の条件（可燃性蒸気が燃焼範囲内で空気と混ざった状態について、正しいものはどれか。…）と照らし、設問が問う論点に合う肢を選び直してください。;2:（2）「必ず固体になる。」は、単独の記述としては法令上妥当な場合がありますが、本問で選ぶべき正答は（4）「点火源があれば燃焼・爆発のおそれがある。」です。問題文の条件（可燃性蒸気が燃焼範囲内で空気と混ざった状態について、正しいものはどれか。…）と照らし、設問が問う論点に合う肢を選び直してください。;3:（3）「必ず水に溶けて安全になる。」は、単独の記述としては法令上妥当な場合がありますが、本問で選ぶべき正答は（4）「点火源があれば燃焼・爆発のおそれがある。」です。問題文の条件（可燃性蒸気が燃焼範囲内で空気と混ざった状態について、正しいものはどれか。…）と照らし、設問が問う論点に合う肢を選び直してください。;5:（5）「必ず酸素を放出する。」は、単独の記述としては法令上妥当な場合がありますが、本問で選ぶべき正答は（4）「点火源があれば燃焼・爆発のおそれがある。」です。問題文の条件（可燃性蒸気が燃焼範囲内で空気と混ざった状態について、正しいものはどれか。…）と照らし、設問が問う論点に合う肢を選び直してください。,可燃性蒸気と空気の混合気が燃焼範囲内にある場合、点火源があれば燃焼・爆発のおそれがある。,可燃性蒸気と空気の混合気が燃焼範囲内にある場合、点火源があれば燃焼・爆発のおそれがある。【試験ポイント】燃焼範囲内の混合気は危険。【ひっかけ】可燃性蒸気の濃度に注目する。【選択肢ア】誤り。燃焼し得る。【選択肢イ】誤り。状態変化ではない。【選択肢ウ】誤り。水溶性とは別である。【選択肢エ】正しい。危険な状態である。【選択肢オ】誤り。酸素放出性ではない。,
426,single,物性・化学,PC-118;PC-011;消火;除去消火;基礎;重点,可燃物を取り除いて燃焼を止める方法はどれか。,,,,,,抑制消火,窒息消火,自然発火,除去消火,冷却消火,4,可燃物を取り除くことで燃焼を止める方法は除去消火である。【試験ポイント】除去消火は可燃物の除去。【ひっかけ】消火方式の違いを整理する。【選択肢ア】誤り。連鎖反応を抑える方法である。【選択肢イ】誤り。酸素を断つ方法である。【選択肢ウ】誤り。消火方法ではない。【選択肢エ】正しい。除去消火である。【選択肢オ】誤り。温度を下げる方法である。,1:（1）「抑制消火」は、単独の記述としては法令上妥当な場合がありますが、本問で選ぶべき正答は（4）「除去消火」です。問題文の条件（可燃物を取り除いて燃焼を止める方法はどれか。…）と照らし、設問が問う論点に合う肢を選び直してください。;2:（2）「窒息消火」は、単独の記述としては法令上妥当な場合がありますが、本問で選ぶべき正答は（4）「除去消火」です。問題文の条件（可燃物を取り除いて燃焼を止める方法はどれか。…）と照らし、設問が問う論点に合う肢を選び直してください。;3:（3）「自然発火」は、単独の記述としては法令上妥当な場合がありますが、本問で選ぶべき正答は（4）「除去消火」です。問題文の条件（可燃物を取り除いて燃焼を止める方法はどれか。…）と照らし、設問が問う論点に合う肢を選び直してください。;5:（5）「冷却消火」は、単独の記述としては法令上妥当な場合がありますが、本問で選ぶべき正答は（4）「除去消火」です。問題文の条件（可燃物を取り除いて燃焼を止める方法はどれか。…）と照らし、設問が問う論点に合う肢を選び直してください。,可燃物を取り除くことで燃焼を止める方法は除去消火である。【試験ポイント】除去消火は可燃物の除去。【ひっかけ】消火方式の違いを整理する。【選択肢ア】誤り。連鎖反応を抑える方法である。【選択肢イ】誤り。酸素を断つ方法である。【選択肢ウ】誤り。消火方法ではない。【選択肢エ】正しい。除去消火である。【選択肢オ】誤り。温度を下げる方法である。,可燃物を取り除くことで燃焼を止める方法は除去消火である。【試験ポイント】除去消火は可燃物の除去。【ひっかけ】消火方式の違いを整理する。【選択肢ア】誤り。連鎖反応を抑える方法である。【選択肢イ】誤り。酸素を断つ方法である。【選択肢ウ】誤り。消火方法ではない。【選択肢エ】正しい。除去消火である。【選択肢オ】誤り。温度を下げる方法である。,
427,single,物性・化学,PC-119;PC-015;消火;水による消火の特徴;標準;重点,水が冷却消火に有効な理由として、最も適切なものはどれか。,,,,,,酸素を大量に供給するため。,可燃物を増やすため。,火花を発生させるため。,指定数量を変えるため。,燃焼物の温度を下げるため。,5,水は燃焼物の温度を下げる冷却効果をもつ。【試験ポイント】水は冷却効果がある。【ひっかけ】第4類火災で常に適するとは限らない。【選択肢ア】誤り。酸素供給が目的ではない。【選択肢イ】誤り。可燃物を増やさない。【選択肢ウ】誤り。火花発生ではない。【選択肢エ】誤り。指定数量は変わらない。【選択肢オ】正しい。冷却効果である。,1:（1）「酸素を大量に供給するため。」は、単独の記述としては法令上妥当な場合がありますが、本問で選ぶべき正答は（5）「燃焼物の温度を下げるため。」です。問題文の条件（水が冷却消火に有効な理由として、最も適切なものはどれか。…）と照らし、設問が問う論点に合う肢を選び直してください。;2:（2）「可燃物を増やすため。」は、単独の記述としては法令上妥当な場合がありますが、本問で選ぶべき正答は（5）「燃焼物の温度を下げるため。」です。問題文の条件（水が冷却消火に有効な理由として、最も適切なものはどれか。…）と照らし、設問が問う論点に合う肢を選び直してください。;3:（3）「火花を発生させるため。」は、単独の記述としては法令上妥当な場合がありますが、本問で選ぶべき正答は（5）「燃焼物の温度を下げるため。」です。問題文の条件（水が冷却消火に有効な理由として、最も適切なものはどれか。…）と照らし、設問が問う論点に合う肢を選び直してください。;4:（4）「指定数量を変えるため。」は、単独の記述としては法令上妥当な場合がありますが、本問で選ぶべき正答は（5）「燃焼物の温度を下げるため。」です。問題文の条件（水が冷却消火に有効な理由として、最も適切なものはどれか。…）と照らし、設問が問う論点に合う肢を選び直してください。,水は燃焼物の温度を下げる冷却効果をもつ。【試験ポイント】水は冷却効果がある。【ひっかけ】第4類火災で常に適するとは限らない。【選択肢ア】誤り。酸素供給が目的ではない。【選択肢イ】誤り。可燃物を増やさない。【選択肢ウ】誤り。火花発生ではない。【選択肢エ】誤り。指定数量は変わらない。【選択肢オ】正しい。冷却効果である。,水は燃焼物の温度を下げる冷却効果をもつ。【試験ポイント】水は冷却効果がある。【ひっかけ】第4類火災で常に適するとは限らない。【選択肢ア】誤り。酸素供給が目的ではない。【選択肢イ】誤り。可燃物を増やさない。【選択肢ウ】誤り。火花発生ではない。【選択肢エ】誤り。指定数量は変わらない。【選択肢オ】正しい。冷却効果である。,
428,single,物性・化学,PC-120;PC-019;熱;熱容量;標準;網羅,熱容量が大きい物体について、一般に正しいものはどれか。,,,,,,温度を1 ℃上げるのに多くの熱量が必要である。,必ず水に浮く。,必ず不燃性である。,少しの熱で必ず爆発する。,必ず酸化性である。,1,熱容量が大きい物体は、温度を1 ℃上げるのに多くの熱量が必要である。【試験ポイント】熱容量は物体全体を1℃上げる熱量。【ひっかけ】比熱と区別する。【選択肢ア】正しい。熱容量の意味である。【選択肢イ】誤り。比重とは別である。【選択肢ウ】誤り。不燃性とは限らない。【選択肢エ】誤り。爆発とは別である。【選択肢オ】誤り。酸化性とは別である。,2:（2）「必ず水に浮く。」は、単独の記述としては法令上妥当な場合がありますが、本問で選ぶべき正答は（1）「温度を1 ℃上げるのに多くの熱量が必要である。」です。問題文の条件（熱容量が大きい物体について、一般に正しいものはどれか。…）と照らし、設問が問う論点に合う肢を選び直してください。;3:（3）「必ず不燃性である。」は、単独の記述としては法令上妥当な場合がありますが、本問で選ぶべき正答は（1）「温度を1 ℃上げるのに多くの熱量が必要である。」です。問題文の条件（熱容量が大きい物体について、一般に正しいものはどれか。…）と照らし、設問が問う論点に合う肢を選び直してください。;4:（4）「少しの熱で必ず爆発する。」は、単独の記述としては法令上妥当な場合がありますが、本問で選ぶべき正答は（1）「温度を1 ℃上げるのに多くの熱量が必要である。」です。問題文の条件（熱容量が大きい物体について、一般に正しいものはどれか。…）と照らし、設問が問う論点に合う肢を選び直してください。;5:（5）「必ず酸化性である。」は、単独の記述としては法令上妥当な場合がありますが、本問で選ぶべき正答は（1）「温度を1 ℃上げるのに多くの熱量が必要である。」です。問題文の条件（熱容量が大きい物体について、一般に正しいものはどれか。…）と照らし、設問が問う論点に合う肢を選び直してください。,熱容量が大きい物体は、温度を1 ℃上げるのに多くの熱量が必要である。,熱容量が大きい物体は、温度を1 ℃上げるのに多くの熱量が必要である。【試験ポイント】熱容量は物体全体を1℃上げる熱量。【ひっかけ】比熱と区別する。【選択肢ア】正しい。熱容量の意味である。【選択肢イ】誤り。比重とは別である。【選択肢ウ】誤り。不燃性とは限らない。【選択肢エ】誤り。爆発とは別である。【選択肢オ】誤り。酸化性とは別である。,
429,single,物性・化学,PC-121;PC-021;熱;熱膨張;基礎;網羅,温度上昇により物体の体積が増える現象として、適切なものはどれか。,,,,,,還元,凝固,熱膨張,中和,沈殿,3,温度上昇によって物体の体積が増える現象は熱膨張である。【試験ポイント】熱膨張は温度上昇による膨張。【ひっかけ】化学反応と混同しない。【選択肢ア】誤り。酸化と対になる反応である。【選択肢イ】誤り。液体が固体になる現象である。【選択肢ウ】正しい。熱膨張である。【選択肢エ】誤り。酸とアルカリの反応である。【選択肢オ】誤り。固体が析出する現象である。,1:（1）「還元」は、単独の記述としては法令上妥当な場合がありますが、本問で選ぶべき正答は（3）「熱膨張」です。問題文の条件（温度上昇により物体の体積が増える現象として、適切なものはどれか。…）と照らし、設問が問う論点に合う肢を選び直してください。;2:（2）「凝固」は、単独の記述としては法令上妥当な場合がありますが、本問で選ぶべき正答は（3）「熱膨張」です。問題文の条件（温度上昇により物体の体積が増える現象として、適切なものはどれか。…）と照らし、設問が問う論点に合う肢を選び直してください。;4:（4）「中和」は、単独の記述としては法令上妥当な場合がありますが、本問で選ぶべき正答は（3）「熱膨張」です。問題文の条件（温度上昇により物体の体積が増える現象として、適切なものはどれか。…）と照らし、設問が問う論点に合う肢を選び直してください。;5:（5）「沈殿」は、単独の記述としては法令上妥当な場合がありますが、本問で選ぶべき正答は（3）「熱膨張」です。問題文の条件（温度上昇により物体の体積が増える現象として、適切なものはどれか。…）と照らし、設問が問う論点に合う肢を選び直してください。,温度上昇によって物体の体積が増える現象は熱膨張である。【試験ポイント】熱膨張は温度上昇による膨張。【ひっかけ】化学反応と混同しない。【選択肢ア】誤り。酸化と対になる反応である。【選択肢イ】誤り。液体が固体になる現象である。【選択肢ウ】正しい。熱膨張である。【選択肢エ】誤り。酸とアルカリの反応である。【選択肢オ】誤り。固体が析出する現象である。,温度上昇によって物体の体積が増える現象は熱膨張である。【試験ポイント】熱膨張は温度上昇による膨張。【ひっかけ】化学反応と混同しない。【選択肢ア】誤り。酸化と対になる反応である。【選択肢イ】誤り。液体が固体になる現象である。【選択肢ウ】正しい。熱膨張である。【選択肢エ】誤り。酸とアルカリの反応である。【選択肢オ】誤り。固体が析出する現象である。,
430,single,物性・化学,PC-122;PC-026;物質の状態;蒸気圧;標準;重点,蒸気圧の高い液体を取り扱う際、特に注意すべきものはどれか。,,,,,,液体の完全不燃化,免状の自動更新,pHの固定,蒸発による可燃性蒸気の発生,指定数量の消滅,4,蒸気圧が高い液体は蒸発しやすく、可燃性蒸気の発生に注意が必要である。【試験ポイント】蒸気圧が高いほど蒸発しやすい。【ひっかけ】可燃性蒸気への引火に注意する。【選択肢ア】誤り。不燃化しない。【選択肢イ】誤り。免状とは関係ない。【選択肢ウ】誤り。pHとは別である。【選択肢エ】正しい。蒸気発生に注意する。【選択肢オ】誤り。指定数量は消滅しない。,1:（1）「液体の完全不燃化」は、単独の記述としては法令上妥当な場合がありますが、本問で選ぶべき正答は（4）「蒸発による可燃性蒸気の発生」です。問題文の条件（蒸気圧の高い液体を取り扱う際、特に注意すべきものはどれか。…）と照らし、設問が問う論点に合う肢を選び直してください。;2:（2）「免状の自動更新」は、単独の記述としては法令上妥当な場合がありますが、本問で選ぶべき正答は（4）「蒸発による可燃性蒸気の発生」です。問題文の条件（蒸気圧の高い液体を取り扱う際、特に注意すべきものはどれか。…）と照らし、設問が問う論点に合う肢を選び直してください。;3:（3）「pHの固定」は、単独の記述としては法令上妥当な場合がありますが、本問で選ぶべき正答は（4）「蒸発による可燃性蒸気の発生」です。問題文の条件（蒸気圧の高い液体を取り扱う際、特に注意すべきものはどれか。…）と照らし、設問が問う論点に合う肢を選び直してください。;5:（5）「指定数量の消滅」は、単独の記述としては法令上妥当な場合がありますが、本問で選ぶべき正答は（4）「蒸発による可燃性蒸気の発生」です。問題文の条件（蒸気圧の高い液体を取り扱う際、特に注意すべきものはどれか。…）と照らし、設問が問う論点に合う肢を選び直してください。,蒸気圧が高い液体は蒸発しやすく、可燃性蒸気の発生に注意が必要である。【試験ポイント】蒸気圧が高いほど蒸発しやすい。【ひっかけ】可燃性蒸気への引火に注意する。【選択肢ア】誤り。不燃化しない。【選択肢イ】誤り。免状とは関係ない。【選択肢ウ】誤り。pHとは別である。【選択肢エ】正しい。蒸気発生に注意する。【選択肢オ】誤り。指定数量は消滅しない。,蒸気圧が高い液体は蒸発しやすく、可燃性蒸気の発生に注意が必要である。【試験ポイント】蒸気圧が高いほど蒸発しやすい。【ひっかけ】可燃性蒸気への引火に注意する。【選択肢ア】誤り。不燃化しない。【選択肢イ】誤り。免状とは関係ない。【選択肢ウ】誤り。pHとは別である。【選択肢エ】正しい。蒸気発生に注意する。【選択肢オ】誤り。指定数量は消滅しない。,
431,single,物性・化学,PC-123;PC-029;密度・比重;密度;基礎;重点,密度を求める式として、正しいものはどれか。,,,,,,体積×温度,質量＋体積,質量÷体積,質量×時間,体積÷質量,3,密度は質量を体積で割って求める。【試験ポイント】密度＝質量÷体積。【ひっかけ】式の向きを間違えない。【選択肢ア】誤り。温度だけでは求めない。【選択肢イ】誤り。加算ではない。【選択肢ウ】正しい。密度＝質量÷体積である。【選択肢エ】誤り。時間は関係しない。【選択肢オ】誤り。逆である。,1:（1）「体積×温度」は、単独の記述としては法令上妥当な場合がありますが、本問で選ぶべき正答は（3）「質量÷体積」です。問題文の条件（密度を求める式として、正しいものはどれか。…）と照らし、設問が問う論点に合う肢を選び直してください。;2:（2）「質量＋体積」は、単独の記述としては法令上妥当な場合がありますが、本問で選ぶべき正答は（3）「質量÷体積」です。問題文の条件（密度を求める式として、正しいものはどれか。…）と照らし、設問が問う論点に合う肢を選び直してください。;4:（4）「質量×時間」は、単独の記述としては法令上妥当な場合がありますが、本問で選ぶべき正答は（3）「質量÷体積」です。問題文の条件（密度を求める式として、正しいものはどれか。…）と照らし、設問が問う論点に合う肢を選び直してください。;5:（5）「体積÷質量」は、単独の記述としては法令上妥当な場合がありますが、本問で選ぶべき正答は（3）「質量÷体積」です。問題文の条件（密度を求める式として、正しいものはどれか。…）と照らし、設問が問う論点に合う肢を選び直してください。,密度は質量を体積で割って求める。【試験ポイント】密度＝質量÷体積。【ひっかけ】式の向きを間違えない。【選択肢ア】誤り。温度だけでは求めない。【選択肢イ】誤り。加算ではない。【選択肢ウ】正しい。密度＝質量÷体積である。【選択肢エ】誤り。時間は関係しない。【選択肢オ】誤り。逆である。,密度は質量を体積で割って求める。【試験ポイント】密度＝質量÷体積。【ひっかけ】式の向きを間違えない。【選択肢ア】誤り。温度だけでは求めない。【選択肢イ】誤り。加算ではない。【選択肢ウ】正しい。密度＝質量÷体積である。【選択肢エ】誤り。時間は関係しない。【選択肢オ】誤り。逆である。,
432,single,物性・化学,PC-124;PC-034;静電気;静電気による引火危険;標準;重点,静電気火花が危険となる理由として、正しいものはどれか。,,,,,,危険物を水に溶かすため。,指定数量を減らすため。,可燃性蒸気の点火源となることがあるため。,酸素をなくすため。,免状を失効させるため。,3,静電気火花は、可燃性蒸気の点火源となり得るため危険である。【試験ポイント】静電気は点火源になる。【ひっかけ】小さな火花でも軽視しない。【選択肢ア】誤り。水溶性とは別である。【選択肢イ】誤り。指定数量は変わらない。【選択肢ウ】正しい。点火源になり得る。【選択肢エ】誤り。酸素をなくすものではない。【選択肢オ】誤り。免状とは関係ない。,1:（1）「危険物を水に溶かすため。」は、単独の記述としては法令上妥当な場合がありますが、本問で選ぶべき正答は（3）「可燃性蒸気の点火源となることがあるため。」です。問題文の条件（静電気火花が危険となる理由として、正しいものはどれか。…）と照らし、設問が問う論点に合う肢を選び直してください。;2:（2）「指定数量を減らすため。」は、単独の記述としては法令上妥当な場合がありますが、本問で選ぶべき正答は（3）「可燃性蒸気の点火源となることがあるため。」です。問題文の条件（静電気火花が危険となる理由として、正しいものはどれか。…）と照らし、設問が問う論点に合う肢を選び直してください。;4:（4）「酸素をなくすため。」は、単独の記述としては法令上妥当な場合がありますが、本問で選ぶべき正答は（3）「可燃性蒸気の点火源となることがあるため。」です。問題文の条件（静電気火花が危険となる理由として、正しいものはどれか。…）と照らし、設問が問う論点に合う肢を選び直してください。;5:（5）「免状を失効させるため。」は、単独の記述としては法令上妥当な場合がありますが、本問で選ぶべき正答は（3）「可燃性蒸気の点火源となることがあるため。」です。問題文の条件（静電気火花が危険となる理由として、正しいものはどれか。…）と照らし、設問が問う論点に合う肢を選び直してください。,静電気火花は、可燃性蒸気の点火源となり得るため危険である。【試験ポイント】静電気は点火源になる。【ひっかけ】小さな火花でも軽視しない。【選択肢ア】誤り。水溶性とは別である。【選択肢イ】誤り。指定数量は変わらない。【選択肢ウ】正しい。点火源になり得る。【選択肢エ】誤り。酸素をなくすものではない。【選択肢オ】誤り。免状とは関係ない。,静電気火花は、可燃性蒸気の点火源となり得るため危険である。【試験ポイント】静電気は点火源になる。【ひっかけ】小さな火花でも軽視しない。【選択肢ア】誤り。水溶性とは別である。【選択肢イ】誤り。指定数量は変わらない。【選択肢ウ】正しい。点火源になり得る。【選択肢エ】誤り。酸素をなくすものではない。【選択肢オ】誤り。免状とは関係ない。,
433,single,物性・化学,PC-125;PC-040;物質の構成;イオン;基礎;網羅,プラスまたはマイナスの電気を帯びた粒子を何というか。,,,,,,分子量,指定数量,比重,沸点,イオン,5,電気を帯びた原子または原子団をイオンという。【試験ポイント】イオンは電気を帯びた粒子。【ひっかけ】pHや酸・アルカリの理解に関係する。【選択肢ア】誤り。分子の質量に関する値である。【選択肢イ】誤り。危険物の基準数量である。【選択肢ウ】誤り。重さの比である。【選択肢エ】誤り。温度である。【選択肢オ】正しい。イオンである。,1:（1）「分子量」は、単独の記述としては法令上妥当な場合がありますが、本問で選ぶべき正答は（5）「イオン」です。問題文の条件（プラスまたはマイナスの電気を帯びた粒子を何というか。…）と照らし、設問が問う論点に合う肢を選び直してください。;2:（2）「指定数量」は、単独の記述としては法令上妥当な場合がありますが、本問で選ぶべき正答は（5）「イオン」です。問題文の条件（プラスまたはマイナスの電気を帯びた粒子を何というか。…）と照らし、設問が問う論点に合う肢を選び直してください。;3:（3）「比重」は、単独の記述としては法令上妥当な場合がありますが、本問で選ぶべき正答は（5）「イオン」です。問題文の条件（プラスまたはマイナスの電気を帯びた粒子を何というか。…）と照らし、設問が問う論点に合う肢を選び直してください。;4:（4）「沸点」は、単独の記述としては法令上妥当な場合がありますが、本問で選ぶべき正答は（5）「イオン」です。問題文の条件（プラスまたはマイナスの電気を帯びた粒子を何というか。…）と照らし、設問が問う論点に合う肢を選び直してください。,電気を帯びた原子または原子団をイオンという。【試験ポイント】イオンは電気を帯びた粒子。【ひっかけ】pHや酸・アルカリの理解に関係する。【選択肢ア】誤り。分子の質量に関する値である。【選択肢イ】誤り。危険物の基準数量である。【選択肢ウ】誤り。重さの比である。【選択肢エ】誤り。温度である。【選択肢オ】正しい。イオンである。,電気を帯びた原子または原子団をイオンという。【試験ポイント】イオンは電気を帯びた粒子。【ひっかけ】pHや酸・アルカリの理解に関係する。【選択肢ア】誤り。分子の質量に関する値である。【選択肢イ】誤り。危険物の基準数量である。【選択肢ウ】誤り。重さの比である。【選択肢エ】誤り。温度である。【選択肢オ】正しい。イオンである。,
434,single,物性・化学,PC-126;PC-051;酸・アルカリ;中和反応;基礎;網羅,酸とアルカリが互いの性質を打ち消し合う反応を何というか。,,,,,,融解,酸化,還元,蒸発,中和,5,酸とアルカリが互いの性質を打ち消し合う反応を中和という。【試験ポイント】中和は酸とアルカリの反応。【ひっかけ】酸化還元や状態変化と混同しない。【選択肢ア】誤り。固体が液体になる現象である。【選択肢イ】誤り。酸素との結合などである。【選択肢ウ】誤り。酸素を失う反応などである。【選択肢エ】誤り。液体が気体になる現象である。【選択肢オ】正しい。中和である。,1:（1）「融解」は、単独の記述としては法令上妥当な場合がありますが、本問で選ぶべき正答は（5）「中和」です。問題文の条件（酸とアルカリが互いの性質を打ち消し合う反応を何というか。…）と照らし、設問が問う論点に合う肢を選び直してください。;2:（2）「酸化」は、単独の記述としては法令上妥当な場合がありますが、本問で選ぶべき正答は（5）「中和」です。問題文の条件（酸とアルカリが互いの性質を打ち消し合う反応を何というか。…）と照らし、設問が問う論点に合う肢を選び直してください。;3:（3）「還元」は、単独の記述としては法令上妥当な場合がありますが、本問で選ぶべき正答は（5）「中和」です。問題文の条件（酸とアルカリが互いの性質を打ち消し合う反応を何というか。…）と照らし、設問が問う論点に合う肢を選び直してください。;4:（4）「蒸発」は、単独の記述としては法令上妥当な場合がありますが、本問で選ぶべき正答は（5）「中和」です。問題文の条件（酸とアルカリが互いの性質を打ち消し合う反応を何というか。…）と照らし、設問が問う論点に合う肢を選び直してください。,酸とアルカリが互いの性質を打ち消し合う反応を中和という。【試験ポイント】中和は酸とアルカリの反応。【ひっかけ】酸化還元や状態変化と混同しない。【選択肢ア】誤り。固体が液体になる現象である。【選択肢イ】誤り。酸素との結合などである。【選択肢ウ】誤り。酸素を失う反応などである。【選択肢エ】誤り。液体が気体になる現象である。【選択肢オ】正しい。中和である。,酸とアルカリが互いの性質を打ち消し合う反応を中和という。【試験ポイント】中和は酸とアルカリの反応。【ひっかけ】酸化還元や状態変化と混同しない。【選択肢ア】誤り。固体が液体になる現象である。【選択肢イ】誤り。酸素との結合などである。【選択肢ウ】誤り。酸素を失う反応などである。【選択肢エ】誤り。液体が気体になる現象である。【選択肢オ】正しい。中和である。,
435,single,物性・化学,PC-127;PC-058;計算問題;密度・質量・体積の計算;標準;重点,質量600 g、体積750 cm³の液体の密度として、正しいものはどれか。,,,,,,150 g/cm³,600 g/cm³,0.8 g/cm³,1.25 g/cm³,750 g/cm³,3,密度は質量÷体積である。600÷750＝0.8 g/cm³である。【試験ポイント】密度＝質量÷体積。【ひっかけ】割る向きを間違えない。【選択肢ア】誤り。計算結果ではない。【選択肢イ】誤り。体積で割っていない。【選択肢ウ】正しい。0.8 g/cm³である。【選択肢エ】誤り。750÷600の値である。【選択肢オ】誤り。質量で割っていない。,1:（1）「150 g/cm³」は、単独の記述としては法令上妥当な場合がありますが、本問で選ぶべき正答は（3）「0.8 g/cm³」です。問題文の条件（質量600 g、体積750 cm³の液体の密度として、正しいものはどれか。…）と照らし、設問が問う論点に合う肢を選び直してください。;2:（2）「600 g/cm³」は、単独の記述としては法令上妥当な場合がありますが、本問で選ぶべき正答は（3）「0.8 g/cm³」です。問題文の条件（質量600 g、体積750 cm³の液体の密度として、正しいものはどれか。…）と照らし、設問が問う論点に合う肢を選び直してください。;4:（4）「1.25 g/cm³」は、単独の記述としては法令上妥当な場合がありますが、本問で選ぶべき正答は（3）「0.8 g/cm³」です。問題文の条件（質量600 g、体積750 cm³の液体の密度として、正しいものはどれか。…）と照らし、設問が問う論点に合う肢を選び直してください。;5:（5）「750 g/cm³」は、単独の記述としては法令上妥当な場合がありますが、本問で選ぶべき正答は（3）「0.8 g/cm³」です。問題文の条件（質量600 g、体積750 cm³の液体の密度として、正しいものはどれか。…）と照らし、設問が問う論点に合う肢を選び直してください。,600÷750＝0.8 g/cm³である。 0.8 g/cm³である。,密度は質量÷体積である。600÷750＝0.8 g/cm³である。【試験ポイント】密度＝質量÷体積。【ひっかけ】割る向きを間違えない。【選択肢ア】誤り。計算結果ではない。【選択肢イ】誤り。体積で割っていない。【選択肢ウ】正しい。0.8 g/cm³である。【選択肢エ】誤り。750÷600の値である。【選択肢オ】誤り。質量で割っていない。,
436,single,火災・消火・漏えい,PF-119;PF-002;第4類共通性質;引火性液体としての基本性質;基礎;重点,第4類危険物が『液体そのもの』だけでなく『蒸気』にも注意が必要な理由はどれか。,,,,,,蒸気は指定数量をなくすから。,蒸気は免状を発行するから。,可燃性蒸気に引火する危険があるため。,蒸気は必ず不燃性だから。,蒸気は必ず水になるから。,3,第4類危険物は、液体から発生する可燃性蒸気に引火する危険がある。【試験ポイント】第4類は可燃性蒸気に注意。【ひっかけ】液体だけでなく蒸気を見る。【選択肢ア】誤り。指定数量はなくならない。【選択肢イ】誤り。免状とは関係ない。【選択肢ウ】正しい。可燃性蒸気が重要である。【選択肢エ】誤り。可燃性蒸気がある。【選択肢オ】誤り。必ず水になるわけではない。,1:（1）「蒸気は指定数量をなくすから。」は、単独の記述としては法令上妥当な場合がありますが、本問で選ぶべき正答は（3）「可燃性蒸気に引火する危険があるため。」です。問題文の条件（第4類危険物が『液体そのもの』だけでなく『蒸気』にも注意が必要な理由はどれか。…）と照らし、設問が問う論点に合う肢を選び直してください。;2:（2）「蒸気は免状を発行するから。」は、単独の記述としては法令上妥当な場合がありますが、本問で選ぶべき正答は（3）「可燃性蒸気に引火する危険があるため。」です。問題文の条件（第4類危険物が『液体そのもの』だけでなく『蒸気』にも注意が必要な理由はどれか。…）と照らし、設問が問う論点に合う肢を選び直してください。;4:（4）「蒸気は必ず不燃性だから。」は、単独の記述としては法令上妥当な場合がありますが、本問で選ぶべき正答は（3）「可燃性蒸気に引火する危険があるため。」です。問題文の条件（第4類危険物が『液体そのもの』だけでなく『蒸気』にも注意が必要な理由はどれか。…）と照らし、設問が問う論点に合う肢を選び直してください。;5:（5）「蒸気は必ず水になるから。」は、単独の記述としては法令上妥当な場合がありますが、本問で選ぶべき正答は（3）「可燃性蒸気に引火する危険があるため。」です。問題文の条件（第4類危険物が『液体そのもの』だけでなく『蒸気』にも注意が必要な理由はどれか。…）と照らし、設問が問う論点に合う肢を選び直してください。,第4類危険物は、液体から発生する可燃性蒸気に引火する危険がある。【試験ポイント】第4類は可燃性蒸気に注意。【ひっかけ】液体だけでなく蒸気を見る。【選択肢ア】誤り。指定数量はなくならない。【選択肢イ】誤り。免状とは関係ない。【選択肢ウ】正しい。可燃性蒸気が重要である。【選択肢エ】誤り。可燃性蒸気がある。【選択肢オ】誤り。必ず水になるわけではない。,第4類危険物は、液体から発生する可燃性蒸気に引火する危険がある。【試験ポイント】第4類は可燃性蒸気に注意。【ひっかけ】液体だけでなく蒸気を見る。【選択肢ア】誤り。指定数量はなくならない。【選択肢イ】誤り。免状とは関係ない。【選択肢ウ】正しい。可燃性蒸気が重要である。【選択肢エ】誤り。可燃性蒸気がある。【選択肢オ】誤り。必ず水になるわけではない。,
437,single,火災・消火・漏えい,PF-120;PF-006;第4類共通性質;液比重・蒸気比重;標準;重点,ガソリンが水に浮きやすいことと関係が深い性質はどれか。,,,,,,酸素を放出すること。,液比重が水より小さいこと。,蒸気比重が空気より大きいこと。,発火点が高いこと。,"指定数量が10,000 Lであること。",2,ガソリンは液比重が水より小さいため、水に浮きやすい。【試験ポイント】水に浮くかは液比重で考える。【ひっかけ】蒸気比重と混同しない。【選択肢ア】誤り。酸素放出性ではない。【選択肢イ】正しい。液比重に関係する。【選択肢ウ】誤り。蒸気の低所滞留に関係する。【選択肢エ】誤り。浮沈とは直接別である。【選択肢オ】誤り。ガソリンの指定数量は200 Lである。,1:（1）「酸素を放出すること。」は、単独の記述としては法令上妥当な場合がありますが、本問で選ぶべき正答は（2）「液比重が水より小さいこと。」です。問題文の条件（ガソリンが水に浮きやすいことと関係が深い性質はどれか。…）と照らし、設問が問う論点に合う肢を選び直してください。;3:（3）の内容は、正答（2）「液比重が水より小さいこと。」が示す論点とずれています。 解説の要点：ガソリンは液比重が水より小さいため、水に浮きやすい。【試験ポイント】水に浮くかは液比重で考える。【ひっかけ】蒸気比重と混同しない。【選択肢ア】誤り。酸素放出性ではない。【選択肢イ】正しい。液比重に関係する。【選択肢ウ】誤り。蒸気の低所滞留に関係する。【選択肢エ】誤り。浮沈とは直接… 正答（2）との違いを確認し直してください。;4:（4）「発火点が高いこと。」は、単独の記述としては法令上妥当な場合がありますが、本問で選ぶべき正答は（2）「液比重が水より小さいこと。」です。問題文の条件（ガソリンが水に浮きやすいことと関係が深い性質はどれか。…）と照らし、設問が問う論点に合う肢を選び直してください。;5:（5）の内容は、正答（2）「液比重が水より小さいこと。」が示す論点とずれています。 解説の要点：ガソリンは液比重が水より小さいため、水に浮きやすい。【試験ポイント】水に浮くかは液比重で考える。【ひっかけ】蒸気比重と混同しない。【選択肢ア】誤り。酸素放出性ではない。【選択肢イ】正しい。液比重に関係する。【選択肢ウ】誤り。蒸気の低所滞留に関係する。【選択肢エ】誤り。浮沈とは直接… 正答（2）との違いを確認し直してください。,ガソリンは液比重が水より小さいため、水に浮きやすい。【試験ポイント】水に浮くかは液比重で考える。【ひっかけ】蒸気比重と混同しない。【選択肢ア】誤り。酸素放出性ではない。【選択肢イ】正しい。液比重に関係する。【選択肢ウ】誤り。蒸気の低所滞留に関係する。【選択肢エ】誤り。浮沈とは直接別である。【選択肢オ】誤り。ガソリンの指定数量は200 Lである。,ガソリンは液比重が水より小さいため、水に浮きやすい。【試験ポイント】水に浮くかは液比重で考える。【ひっかけ】蒸気比重と混同しない。【選択肢ア】誤り。酸素放出性ではない。【選択肢イ】正しい。液比重に関係する。【選択肢ウ】誤り。蒸気の低所滞留に関係する。【選択肢エ】誤り。浮沈とは直接別である。【選択肢オ】誤り。ガソリンの指定数量は200 Lである。,
438,single,火災・消火・漏えい,PF-121;PF-008;火災予防;換気・火気管理;基礎;重点,第4類危険物取扱場所で換気が不十分な場合に高まる危険はどれか。,,,,,,液体の完全不燃化,可燃性蒸気の滞留,指定数量の消滅,免状の失効,水溶性の消滅,2,換気が不十分だと可燃性蒸気が滞留し、引火危険が高まる。【試験ポイント】換気は可燃性蒸気の滞留防止。【ひっかけ】低所滞留にも注意する。【選択肢ア】誤り。不燃化しない。【選択肢イ】正しい。可燃性蒸気が滞留しやすい。【選択肢ウ】誤り。指定数量は消滅しない。【選択肢エ】誤り。免状とは関係ない。【選択肢オ】誤り。水溶性とは別である。,1:（1）「液体の完全不燃化」は、単独の記述としては法令上妥当な場合がありますが、本問で選ぶべき正答は（2）「可燃性蒸気の滞留」です。問題文の条件（第4類危険物取扱場所で換気が不十分な場合に高まる危険はどれか。…）と照らし、設問が問う論点に合う肢を選び直してください。;3:（3）「指定数量の消滅」は、単独の記述としては法令上妥当な場合がありますが、本問で選ぶべき正答は（2）「可燃性蒸気の滞留」です。問題文の条件（第4類危険物取扱場所で換気が不十分な場合に高まる危険はどれか。…）と照らし、設問が問う論点に合う肢を選び直してください。;4:（4）「免状の失効」は、単独の記述としては法令上妥当な場合がありますが、本問で選ぶべき正答は（2）「可燃性蒸気の滞留」です。問題文の条件（第4類危険物取扱場所で換気が不十分な場合に高まる危険はどれか。…）と照らし、設問が問う論点に合う肢を選び直してください。;5:（5）「水溶性の消滅」は、単独の記述としては法令上妥当な場合がありますが、本問で選ぶべき正答は（2）「可燃性蒸気の滞留」です。問題文の条件（第4類危険物取扱場所で換気が不十分な場合に高まる危険はどれか。…）と照らし、設問が問う論点に合う肢を選び直してください。,【試験ポイント】換気は可燃性蒸気の滞留防止。,換気が不十分だと可燃性蒸気が滞留し、引火危険が高まる。【試験ポイント】換気は可燃性蒸気の滞留防止。【ひっかけ】低所滞留にも注意する。【選択肢ア】誤り。不燃化しない。【選択肢イ】正しい。可燃性蒸気が滞留しやすい。【選択肢ウ】誤り。指定数量は消滅しない。【選択肢エ】誤り。免状とは関係ない。【選択肢オ】誤り。水溶性とは別である。,
439,single,火災・消火・漏えい,PF-122;PF-011;消火方法;水による消火が不適切な場合;標準;重点,水より軽い非水溶性液体の火災に棒状注水すると危険な理由はどれか。,,,,,,燃えている液体を広げるおそれがあるため。,指定数量が減るため。,必ず火が消えるため。,蒸気比重がゼロになるため。,液体が不燃性になるため。,1,水より軽い非水溶性液体に棒状注水すると、燃えている液体を広げ、火災を拡大するおそれがある。【試験ポイント】非水溶性液体火災では注水方法に注意。【ひっかけ】水をかければ常に安全ではない。【選択肢ア】正しい。火災拡大のおそれがある。【選択肢イ】誤り。指定数量は変わらない。【選択肢ウ】誤り。必ず消えるとは限らない。【選択肢エ】誤り。蒸気比重はゼロにならない。【選択肢オ】誤り。不燃性にならない。,2:（2）「指定数量が減るため。」は、単独の記述としては法令上妥当な場合がありますが、本問で選ぶべき正答は（1）「燃えている液体を広げるおそれがあるため。」です。問題文の条件（水より軽い非水溶性液体の火災に棒状注水すると危険な理由はどれか。…）と照らし、設問が問う論点に合う肢を選び直してください。;3:（3）「必ず火が消えるため。」は、単独の記述としては法令上妥当な場合がありますが、本問で選ぶべき正答は（1）「燃えている液体を広げるおそれがあるため。」です。問題文の条件（水より軽い非水溶性液体の火災に棒状注水すると危険な理由はどれか。…）と照らし、設問が問う論点に合う肢を選び直してください。;4:（4）「蒸気比重がゼロになるため。」は、単独の記述としては法令上妥当な場合がありますが、本問で選ぶべき正答は（1）「燃えている液体を広げるおそれがあるため。」です。問題文の条件（水より軽い非水溶性液体の火災に棒状注水すると危険な理由はどれか。…）と照らし、設問が問う論点に合う肢を選び直してください。;5:（5）「液体が不燃性になるため。」は、単独の記述としては法令上妥当な場合がありますが、本問で選ぶべき正答は（1）「燃えている液体を広げるおそれがあるため。」です。問題文の条件（水より軽い非水溶性液体の火災に棒状注水すると危険な理由はどれか。…）と照らし、設問が問う論点に合う肢を選び直してください。,水より軽い非水溶性液体に棒状注水すると、燃えている液体を広げ、火災を拡大するおそれがある。【試験ポイント】非水溶性液体火災では注水方法に注意。【ひっかけ】水をかければ常に安全ではない。【選択肢ア】正しい。火災拡大のおそれがある。【選択肢イ】誤り。指定数量は変わらない。【選択肢ウ】誤り。必ず消えるとは限らない。【選択肢エ】誤り。蒸気比重はゼロにならない。【選択肢オ】誤り。不燃性にならない。,水より軽い非水溶性液体に棒状注水すると、燃えている液体を広げ、火災を拡大するおそれがある。【試験ポイント】非水溶性液体火災では注水方法に注意。【ひっかけ】水をかければ常に安全ではない。【選択肢ア】正しい。火災拡大のおそれがある。【選択肢イ】誤り。指定数量は変わらない。【選択肢ウ】誤り。必ず消えるとは限らない。【選択肢エ】誤り。蒸気比重はゼロにならない。【選択,
440,single,火災・消火・漏えい,PF-123;PF-013;特殊引火物;特殊引火物の性質;標準;重点,特殊引火物の指定数量が小さい理由として、最も近い考え方はどれか。,,,,,,免状が不要だから。,不燃性だから。,引火危険が高いため。,販売価格が高いから。,水に必ず沈むから。,3,特殊引火物は引火危険が特に高いため、指定数量が50 Lと小さい。【試験ポイント】特殊引火物は危険性が高く指定数量が小さい。【ひっかけ】指定数量の大小と危険性を関連づける。【選択肢ア】誤り。免状制度とは別である。【選択肢イ】誤り。不燃性ではない。【選択肢ウ】正しい。危険性が高い。【選択肢エ】誤り。販売価格ではない。【選択肢オ】誤り。水への浮沈ではない。,1:（1）「免状が不要だから。」は、単独の記述としては法令上妥当な場合がありますが、本問で選ぶべき正答は（3）「引火危険が高いため。」です。問題文の条件（特殊引火物の指定数量が小さい理由として、最も近い考え方はどれか。…）と照らし、設問が問う論点に合う肢を選び直してください。;2:（2）「不燃性だから。」は、単独の記述としては法令上妥当な場合がありますが、本問で選ぶべき正答は（3）「引火危険が高いため。」です。問題文の条件（特殊引火物の指定数量が小さい理由として、最も近い考え方はどれか。…）と照らし、設問が問う論点に合う肢を選び直してください。;4:（4）「販売価格が高いから。」は、単独の記述としては法令上妥当な場合がありますが、本問で選ぶべき正答は（3）「引火危険が高いため。」です。問題文の条件（特殊引火物の指定数量が小さい理由として、最も近い考え方はどれか。…）と照らし、設問が問う論点に合う肢を選び直してください。;5:（5）「水に必ず沈むから。」は、単独の記述としては法令上妥当な場合がありますが、本問で選ぶべき正答は（3）「引火危険が高いため。」です。問題文の条件（特殊引火物の指定数量が小さい理由として、最も近い考え方はどれか。…）と照らし、設問が問う論点に合う肢を選び直してください。,特殊引火物は引火危険が特に高いため、指定数量が50 Lと小さい。【試験ポイント】特殊引火物は危険性が高く指定数量が小さい。【ひっかけ】指定数量の大小と危険性を関連づける。【選択肢ア】誤り。免状制度とは別である。【選択肢イ】誤り。不燃性ではない。【選択肢ウ】正しい。危険性が高い。【選択肢エ】誤り。販売価格ではない。【選択肢オ】誤り。水への浮沈ではない。,特殊引火物は引火危険が特に高いため、指定数量が50 Lと小さい。【試験ポイント】特殊引火物は危険性が高く指定数量が小さい。【ひっかけ】指定数量の大小と危険性を関連づける。【選択肢ア】誤り。免状制度とは別である。【選択肢イ】誤り。不燃性ではない。【選択肢ウ】正しい。危険性が高い。【選択肢エ】誤り。販売価格ではない。【選択肢オ】誤り。水への浮沈ではない。,
441,single,火災・消火・漏えい,PF-124;PF-017;第一石油類;第一石油類の性質;標準;重点,第一石油類の非水溶性液体に該当する代表例はどれか。,,,,,,グリセリン,アセトン,ガソリン,エタノール,メタノール,3,ガソリンは第一石油類の非水溶性液体である。【試験ポイント】ガソリンは第一石油類・非水溶性。【ひっかけ】アセトンとの指定数量差に注意。【選択肢ア】誤り。グリセリンは第三石油類である。【選択肢イ】誤り。アセトンは第一石油類の水溶性液体である。【選択肢ウ】正しい。ガソリンである。【選択肢エ】誤り。エタノールはアルコール類である。【選択肢オ】誤り。メタノールはアルコール類である。,1:（1）「グリセリン」は、単独の記述としては法令上妥当な場合がありますが、本問で選ぶべき正答は（3）「ガソリン」です。問題文の条件（第一石油類の非水溶性液体に該当する代表例はどれか。…）と照らし、設問が問う論点に合う肢を選び直してください。;2:（2）「アセトン」は、単独の記述としては法令上妥当な場合がありますが、本問で選ぶべき正答は（3）「ガソリン」です。問題文の条件（第一石油類の非水溶性液体に該当する代表例はどれか。…）と照らし、設問が問う論点に合う肢を選び直してください。;4:（4）「エタノール」は、単独の記述としては法令上妥当な場合がありますが、本問で選ぶべき正答は（3）「ガソリン」です。問題文の条件（第一石油類の非水溶性液体に該当する代表例はどれか。…）と照らし、設問が問う論点に合う肢を選び直してください。;5:（5）「メタノール」は、単独の記述としては法令上妥当な場合がありますが、本問で選ぶべき正答は（3）「ガソリン」です。問題文の条件（第一石油類の非水溶性液体に該当する代表例はどれか。…）と照らし、設問が問う論点に合う肢を選び直してください。,ガソリンは第一石油類の非水溶性液体である。【試験ポイント】ガソリンは第一石油類・非水溶性。【ひっかけ】アセトンとの指定数量差に注意。【選択肢ア】誤り。グリセリンは第三石油類である。【選択肢イ】誤り。アセトンは第一石油類の水溶性液体である。【選択肢ウ】正しい。ガソリンである。【選択肢エ】誤り。エタノールはアルコール類である。【選択肢オ】誤り。メタノールはアルコール類である。,ガソリンは第一石油類の非水溶性液体である。【試験ポイント】ガソリンは第一石油類・非水溶性。【ひっかけ】アセトンとの指定数量差に注意。【選択肢ア】誤り。グリセリンは第三石油類である。【選択肢イ】誤り。アセトンは第一石油類の水溶性液体である。【選択肢ウ】正しい。ガソリンである。【選択肢エ】誤り。エタノールはアルコール類である。【選択肢オ】誤り。メタノールはアルコ,
442,single,火災・消火・漏えい,PF-125;PF-019;第一石油類;ベンゼン・トルエン;標準;重点,ベンゼンとトルエンの分類について、正しい説明はどれか。,,,,,,どちらも動植物油類である。,ベンゼンは第二石油類、トルエンは第一石油類である。,どちらも第二石油類である。,どちらも第一石油類である。,どちらもアルコール類である。,4,ベンゼンとトルエンはいずれも第一石油類として整理される。【試験ポイント】ベンゼン・トルエンは第一石油類。【ひっかけ】キシレンは第二石油類として区別する。【選択肢ア】誤り。動植物油類ではない。【選択肢イ】誤り。ベンゼンもトルエンも第一石油類である。【選択肢ウ】誤り。第二石油類ではない。【選択肢エ】正しい。どちらも第一石油類である。【選択肢オ】誤り。アルコール類ではない。,1:（1）「どちらも動植物油類である。」は、単独の記述としては法令上妥当な場合がありますが、本問で選ぶべき正答は（4）「どちらも第一石油類である。」です。問題文の条件（ベンゼンとトルエンの分類について、正しい説明はどれか。…）と照らし、設問が問う論点に合う肢を選び直してください。;2:（2）の内容は、正答（4）「どちらも第一石油類である。」が示す論点とずれています。 解説の要点：ベンゼンとトルエンはいずれも第一石油類として整理される。【試験ポイント】ベンゼン・トルエンは第一石油類。【ひっかけ】キシレンは第二石油類として区別する。【選択肢ア】誤り。動植物油類ではない。【選択肢イ】誤り。ベンゼンもトルエンも第一石油類である。【選択肢ウ】誤り。第二石油類ではな… 正答（4）との違いを確認し直してください。;3:（3）「どちらも第二石油類である。」は、単独の記述としては法令上妥当な場合がありますが、本問で選ぶべき正答は（4）「どちらも第一石油類である。」です。問題文の条件（ベンゼンとトルエンの分類について、正しい説明はどれか。…）と照らし、設問が問う論点に合う肢を選び直してください。;5:（5）「どちらもアルコール類である。」は、単独の記述としては法令上妥当な場合がありますが、本問で選ぶべき正答は（4）「どちらも第一石油類である。」です。問題文の条件（ベンゼンとトルエンの分類について、正しい説明はどれか。…）と照らし、設問が問う論点に合う肢を選び直してください。,どちらも第一石油類である。,ベンゼンとトルエンはいずれも第一石油類として整理される。【試験ポイント】ベンゼン・トルエンは第一石油類。【ひっかけ】キシレンは第二石油類として区別する。【選択肢ア】誤り。動植物油類ではない。【選択肢イ】誤り。ベンゼンもトルエンも第一石油類である。【選択肢ウ】誤り。第二石油類ではない。【選択肢エ】正しい。どちらも第一石油類である。【選択肢オ】誤り。アルコール類,
443,single,火災・消火・漏えい,PF-126;PF-021;第一石油類;酢酸エチルなどの第一石油類;標準;網羅,酢酸エチルと酢酸の分類差として、正しいものはどれか。,,,,,,どちらも第6類である。,どちらも動植物油類である。,酢酸エチルは第二石油類、酢酸は第一石油類である。,どちらも特殊引火物である。,酢酸エチルは第一石油類、酢酸は第二石油類である。,5,酢酸エチルは第一石油類、酢酸は第二石油類として整理する。【試験ポイント】酢酸エチルは第一、酢酸は第二。【ひっかけ】名称が似た物質を混同しない。【選択肢ア】誤り。第6類ではない。【選択肢イ】誤り。動植物油類ではない。【選択肢ウ】誤り。逆である。【選択肢エ】誤り。特殊引火物ではない。【選択肢オ】正しい。分類差として正しい。,1:（1）「どちらも第6類である。」は、単独の記述としては法令上妥当な場合がありますが、本問で選ぶべき正答は（5）「酢酸エチルは第一石油類、酢酸は第二石油類である。」です。問題文の条件（酢酸エチルと酢酸の分類差として、正しいものはどれか。…）と照らし、設問が問う論点に合う肢を選び直してください。;2:（2）「どちらも動植物油類である。」は、単独の記述としては法令上妥当な場合がありますが、本問で選ぶべき正答は（5）「酢酸エチルは第一石油類、酢酸は第二石油類である。」です。問題文の条件（酢酸エチルと酢酸の分類差として、正しいものはどれか。…）と照らし、設問が問う論点に合う肢を選び直してください。;3:（3）の内容は、正答（5）「酢酸エチルは第一石油類、酢酸は第二石油類である。」が示す論点とずれています。 解説の要点：酢酸エチルは第一石油類、酢酸は第二石油類として整理する。【試験ポイント】酢酸エチルは第一、酢酸は第二。【ひっかけ】名称が似た物質を混同しない。【選択肢ア】誤り。第6類ではない。【選択肢イ】誤り。動植物油類ではない。【選択肢ウ】誤り。逆である。【選択肢エ】誤り。特殊引火物ではない。… 正答（5）との違いを確認し直してください。;4:（4）「どちらも特殊引火物である。」は、単独の記述としては法令上妥当な場合がありますが、本問で選ぶべき正答は（5）「酢酸エチルは第一石油類、酢酸は第二石油類である。」です。問題文の条件（酢酸エチルと酢酸の分類差として、正しいものはどれか。…）と照らし、設問が問う論点に合う肢を選び直してください。,酢酸エチルは第一石油類、酢酸は第二石油類として整理する。,酢酸エチルは第一石油類、酢酸は第二石油類として整理する。【試験ポイント】酢酸エチルは第一、酢酸は第二。【ひっかけ】名称が似た物質を混同しない。【選択肢ア】誤り。第6類ではない。【選択肢イ】誤り。動植物油類ではない。【選択肢ウ】誤り。逆である。【選択肢エ】誤り。特殊引火物ではない。【選択肢オ】正しい。分類差として正しい。,
444,single,火災・消火・漏えい,PF-127;PF-023;アルコール類;メタノール;標準;重点,メタノールの火災危険について、正しいものはどれか。,,,,,,第三石油類である。,第6類危険物である。,水に溶けるが、引火危険がある。,動植物油類である。,水に溶けるため、絶対に燃えない。,3,メタノールは水に溶けるアルコール類だが、引火危険がある。【試験ポイント】メタノールは水溶性でも引火危険あり。【ひっかけ】水溶性＝安全ではない。【選択肢ア】誤り。第三石油類ではない。【選択肢イ】誤り。第6類ではない。【選択肢ウ】正しい。水溶性でも引火危険がある。【選択肢エ】誤り。動植物油類ではない。【選択肢オ】誤り。燃えないわけではない。,1:（1）「第三石油類である。」は、単独の記述としては法令上妥当な場合がありますが、本問で選ぶべき正答は（3）「水に溶けるが、引火危険がある。」です。問題文の条件（メタノールの火災危険について、正しいものはどれか。…）と照らし、設問が問う論点に合う肢を選び直してください。;2:（2）「第6類危険物である。」は、単独の記述としては法令上妥当な場合がありますが、本問で選ぶべき正答は（3）「水に溶けるが、引火危険がある。」です。問題文の条件（メタノールの火災危険について、正しいものはどれか。…）と照らし、設問が問う論点に合う肢を選び直してください。;4:（4）「動植物油類である。」は、単独の記述としては法令上妥当な場合がありますが、本問で選ぶべき正答は（3）「水に溶けるが、引火危険がある。」です。問題文の条件（メタノールの火災危険について、正しいものはどれか。…）と照らし、設問が問う論点に合う肢を選び直してください。;5:解説では「メタノールは水に溶けるアルコール類だが、引火危険がある。」とある一方、（5）の記述はそれと矛盾します。 解説の要点：メタノールは水に溶けるアルコール類だが、引火危険がある。【試験ポイント】メタノールは水溶性でも引火危険あり。【ひっかけ】水溶性＝安全ではない。【選択肢ア】誤り。第三石油類ではない。【選択肢イ】誤り。第6類ではない。【選択肢ウ】正しい。水溶性でも引火危険がある。【選択肢エ】誤り。動… 正答（3）との違いを確認し直してください。,メタノールは水に溶けるアルコール類だが、引火危険がある。【試験ポイント】メタノールは水溶性でも引火危険あり。【ひっかけ】水溶性＝安全ではない。【選択肢ア】誤り。第三石油類ではない。【選択肢イ】誤り。第6類ではない。【選択肢ウ】正しい。水溶性でも引火危険がある。【選択肢エ】誤り。動植物油類ではない。【選択肢オ】誤り。燃えないわけではない。,メタノールは水に溶けるアルコール類だが、引火危険がある。【試験ポイント】メタノールは水溶性でも引火危険あり。【ひっかけ】水溶性＝安全ではない。【選択肢ア】誤り。第三石油類ではない。【選択肢イ】誤り。第6類ではない。【選択肢ウ】正しい。水溶性でも引火危険がある。【選択肢エ】誤り。動植物油類ではない。【選択肢オ】誤り。燃えないわけではない。,
445,single,火災・消火・漏えい,PF-128;PF-024;アルコール類;エタノール;標準;重点,エタノール火災の消火で、泡消火を考える際に注意すべきものはどれか。,,,,,,下水への放流,火気で燃え尽きさせること,酸素の大量供給,容器を開放すること,耐アルコール泡などの適用,5,エタノールは水溶性液体であり、泡消火では耐アルコール泡などの適用を考慮する。【試験ポイント】アルコール火災では耐アルコール泡を意識する。【ひっかけ】通常泡の適用に注意。【選択肢ア】誤り。下水へ流してはならない。【選択肢イ】誤り。火気は危険である。【選択肢ウ】誤り。酸素供給は燃焼を助ける。【選択肢エ】誤り。蒸気発生を助長する。【選択肢オ】正しい。水溶性液体火災の注意点である。,1:（1）「下水への放流」は、単独の記述としては法令上妥当な場合がありますが、本問で選ぶべき正答は（5）「耐アルコール泡などの適用」です。問題文の条件（エタノール火災の消火で、泡消火を考える際に注意すべきものはどれか。…）と照らし、設問が問う論点に合う肢を選び直してください。;2:（2）「火気で燃え尽きさせること」は、単独の記述としては法令上妥当な場合がありますが、本問で選ぶべき正答は（5）「耐アルコール泡などの適用」です。問題文の条件（エタノール火災の消火で、泡消火を考える際に注意すべきものはどれか。…）と照らし、設問が問う論点に合う肢を選び直してください。;3:（3）「酸素の大量供給」は、単独の記述としては法令上妥当な場合がありますが、本問で選ぶべき正答は（5）「耐アルコール泡などの適用」です。問題文の条件（エタノール火災の消火で、泡消火を考える際に注意すべきものはどれか。…）と照らし、設問が問う論点に合う肢を選び直してください。;4:（4）「容器を開放すること」は、単独の記述としては法令上妥当な場合がありますが、本問で選ぶべき正答は（5）「耐アルコール泡などの適用」です。問題文の条件（エタノール火災の消火で、泡消火を考える際に注意すべきものはどれか。…）と照らし、設問が問う論点に合う肢を選び直してください。,エタノールは水溶性液体であり、泡消火では耐アルコール泡などの適用を考慮する。,エタノールは水溶性液体であり、泡消火では耐アルコール泡などの適用を考慮する。【試験ポイント】アルコール火災では耐アルコール泡を意識する。【ひっかけ】通常泡の適用に注意。【選択肢ア】誤り。下水へ流してはならない。【選択肢イ】誤り。火気は危険である。【選択肢ウ】誤り。酸素供給は燃焼を助ける。【選択肢エ】誤り。蒸気発生を助長する。【選択肢オ】正しい。水溶性液体火災,
446,single,火災・消火・漏えい,PF-129;PF-029;第二石油類;キシレン・酢酸などの第二石油類;標準;網羅,キシレンとトルエンの分類の違いとして、正しいものはどれか。,,,,,,キシレンは第二石油類、トルエンは第一石油類である。,どちらも動植物油類である。,どちらも特殊引火物である。,どちらもアルコール類である。,キシレンは第一石油類、トルエンは第二石油類である。,1,キシレンは第二石油類、トルエンは第一石油類として整理される。【試験ポイント】キシレンは第二、トルエンは第一。【ひっかけ】芳香族化合物でも分類が異なる。【選択肢ア】正しい。キシレンは第二石油類、トルエンは第一石油類である。【選択肢イ】誤り。動植物油類ではない。【選択肢ウ】誤り。特殊引火物ではない。【選択肢エ】誤り。アルコール類ではない。【選択肢オ】誤り。分類が逆である。,2:（2）「どちらも動植物油類である。」は、単独の記述としては法令上妥当な場合がありますが、本問で選ぶべき正答は（1）「キシレンは第二石油類、トルエンは第一石油類である。」です。問題文の条件（キシレンとトルエンの分類の違いとして、正しいものはどれか。…）と照らし、設問が問う論点に合う肢を選び直してください。;3:（3）「どちらも特殊引火物である。」は、単独の記述としては法令上妥当な場合がありますが、本問で選ぶべき正答は（1）「キシレンは第二石油類、トルエンは第一石油類である。」です。問題文の条件（キシレンとトルエンの分類の違いとして、正しいものはどれか。…）と照らし、設問が問う論点に合う肢を選び直してください。;4:（4）「どちらもアルコール類である。」は、単独の記述としては法令上妥当な場合がありますが、本問で選ぶべき正答は（1）「キシレンは第二石油類、トルエンは第一石油類である。」です。問題文の条件（キシレンとトルエンの分類の違いとして、正しいものはどれか。…）と照らし、設問が問う論点に合う肢を選び直してください。;5:（5）の内容は、正答（1）「キシレンは第二石油類、トルエンは第一石油類である。」が示す論点とずれています。 解説の要点：キシレンは第二石油類、トルエンは第一石油類として整理される。【試験ポイント】キシレンは第二、トルエンは第一。【ひっかけ】芳香族化合物でも分類が異なる。【選択肢ア】正しい。キシレンは第二石油類、トルエンは第一石油類である。【選択肢イ】誤り。動植物油類ではない。【選択肢ウ】誤り。特殊… 正答（1）との違いを確認し直してください。,キシレンは第二石油類、トルエンは第一石油類として整理される。 キシレンは第二石油類、トルエンは第一石油類である。,キシレンは第二石油類、トルエンは第一石油類として整理される。【試験ポイント】キシレンは第二、トルエンは第一。【ひっかけ】芳香族化合物でも分類が異なる。【選択肢ア】正しい。キシレンは第二石油類、トルエンは第一石油類である。【選択肢イ】誤り。動植物油類ではない。【選択肢ウ】誤り。特殊引火物ではない。【選択肢エ】誤り。アルコール類ではない。【選択肢オ】誤り。分類が,
447,single,火災・消火・漏えい,PF-130;PF-032;第三石油類;クレオソート油・アニリン・エチレングリコール;標準;網羅,エチレングリコールとグリセリンに共通する分類はどれか。,,,,,,第三石油類,特殊引火物,第二石油類,動植物油類,第一石油類,1,エチレングリコールとグリセリンはいずれも第三石油類として整理される。【試験ポイント】エチレングリコール・グリセリンは第三石油類。【ひっかけ】名称からアルコール類と早合点しない。【選択肢ア】正しい。どちらも第三石油類である。【選択肢イ】誤り。特殊引火物ではない。【選択肢ウ】誤り。第二石油類ではない。【選択肢エ】誤り。動植物油類ではない。【選択肢オ】誤り。第一石油類ではない。,2:（2）「特殊引火物」は、単独の記述としては法令上妥当な場合がありますが、本問で選ぶべき正答は（1）「第三石油類」です。問題文の条件（エチレングリコールとグリセリンに共通する分類はどれか。…）と照らし、設問が問う論点に合う肢を選び直してください。;3:（3）「第二石油類」は、単独の記述としては法令上妥当な場合がありますが、本問で選ぶべき正答は（1）「第三石油類」です。問題文の条件（エチレングリコールとグリセリンに共通する分類はどれか。…）と照らし、設問が問う論点に合う肢を選び直してください。;4:（4）「動植物油類」は、単独の記述としては法令上妥当な場合がありますが、本問で選ぶべき正答は（1）「第三石油類」です。問題文の条件（エチレングリコールとグリセリンに共通する分類はどれか。…）と照らし、設問が問う論点に合う肢を選び直してください。;5:（5）「第一石油類」は、単独の記述としては法令上妥当な場合がありますが、本問で選ぶべき正答は（1）「第三石油類」です。問題文の条件（エチレングリコールとグリセリンに共通する分類はどれか。…）と照らし、設問が問う論点に合う肢を選び直してください。,エチレングリコールとグリセリンはいずれも第三石油類として整理される。【試験ポイント】エチレングリコール・グリセリンは第三石油類。【ひっかけ】名称からアルコール類と早合点しない。【選択肢ア】正しい。どちらも第三石油類である。【選択肢イ】誤り。特殊引火物ではない。【選択肢ウ】誤り。第二石油類ではない。【選択肢エ】誤り。動植物油類ではない。【選択肢オ】誤り。第一石油類ではない。,エチレングリコールとグリセリンはいずれも第三石油類として整理される。【試験ポイント】エチレングリコール・グリセリンは第三石油類。【ひっかけ】名称からアルコール類と早合点しない。【選択肢ア】正しい。どちらも第三石油類である。【選択肢イ】誤り。特殊引火物ではない。【選択肢ウ】誤り。第二石油類ではない。【選択肢エ】誤り。動植物油類ではない。【選択肢オ】誤り。第一石,
448,single,火災・消火・漏えい,PF-131;PF-033;第四石油類;第四石油類・潤滑油類;標準;網羅,潤滑油の指定数量として、正しいものはどれか。ただし、潤滑油は第四石油類として扱う。,,,,,,"6,000 L","1,000 L",50 L,200 L,400 L,1,"潤滑油は第四石油類であり、指定数量は6,000 Lである。【試験ポイント】潤滑油は第四石油類・6,000 L。【ひっかけ】動植物油類10,000 Lと区別する。【選択肢ア】正しい。6,000 Lである。【選択肢イ】誤り。1,000 Lは第二石油類の非水溶性液体である。【選択肢ウ】誤り。50 Lは特殊引火物である。【選択肢エ】誤り。200 Lは第一石油類の非水溶性液体である。【選択肢オ】誤り。400 Lはアルコール類などである。","2:（2）「1,000 L」は、単独の記述としては法令上妥当な場合がありますが、本問で選ぶべき正答は（1）「6,000 L」です。問題文の条件（潤滑油の指定数量として、正しいものはどれか。ただし、潤滑油は第四石油類として扱う。…）と照らし、設問が問う論点に合う肢を選び直してください。;3:（3）「50 L」は、単独の記述としては法令上妥当な場合がありますが、本問で選ぶべき正答は（1）「6,000 L」です。問題文の条件（潤滑油の指定数量として、正しいものはどれか。ただし、潤滑油は第四石油類として扱う。…）と照らし、設問が問う論点に合う肢を選び直してください。;4:（4）「200 L」は、単独の記述としては法令上妥当な場合がありますが、本問で選ぶべき正答は（1）「6,000 L」です。問題文の条件（潤滑油の指定数量として、正しいものはどれか。ただし、潤滑油は第四石油類として扱う。…）と照らし、設問が問う論点に合う肢を選び直してください。;5:（5）「400 L」は、単独の記述としては法令上妥当な場合がありますが、本問で選ぶべき正答は（1）「6,000 L」です。問題文の条件（潤滑油の指定数量として、正しいものはどれか。ただし、潤滑油は第四石油類として扱う。…）と照らし、設問が問う論点に合う肢を選び直してください。","潤滑油は第四石油類であり、指定数量は6,000 Lである。【試験ポイント】潤滑油は第四石油類・6,000 L。【ひっかけ】動植物油類10,000 Lと区別する。【選択肢ア】正しい。6,000 Lである。【選択肢イ】誤り。1,000 Lは第二石油類の非水溶性液体である。【選択肢ウ】誤り。50 Lは特殊引火物である。【選択肢エ】誤り。200 Lは第一石油類の非水溶性液体である。【選択肢オ】誤り。400 Lはアルコール類などである。","潤滑油は第四石油類であり、指定数量は6,000 Lである。【試験ポイント】潤滑油は第四石油類・6,000 L。【ひっかけ】動植物油類10,000 Lと区別する。【選択肢ア】正しい。6,000 Lである。【選択肢イ】誤り。1,000 Lは第二石油類の非水溶性液体である。【選択肢ウ】誤り。50 Lは特殊引火物である。【選択肢エ】誤り。200 Lは第一石油類の非水",
449,single,火災・消火・漏えい,PF-132;PF-035;動植物油類;乾性油・自然発火;標準;重点,乾性油の自然発火を防ぐ管理として、適切なものはどれか。,,,,,,火気の近くで乾燥させる。,油を含んだ布を大量に積み重ねて放置しない。,下水に流して処理する。,袋に詰めて蓄熱させる。,可燃性蒸気の中で喫煙する。,2,乾性油を含んだ布は酸化熱が蓄積して自然発火するおそれがあるため、大量に積み重ねて放置しない。【試験ポイント】油を含んだ布の蓄熱に注意。【ひっかけ】自然発火は火気なしでも起こり得る。【選択肢ア】誤り。火気の近くは危険である。【選択肢イ】正しい。蓄熱を防ぐ管理である。【選択肢ウ】誤り。下水へ流してはならない。【選択肢エ】誤り。蓄熱のおそれがある。【選択肢オ】誤り。喫煙は危険である。,1:（1）「火気の近くで乾燥させる。」は、単独の記述としては法令上妥当な場合がありますが、本問で選ぶべき正答は（2）「油を含んだ布を大量に積み重ねて放置しない。」です。問題文の条件（乾性油の自然発火を防ぐ管理として、適切なものはどれか。…）と照らし、設問が問う論点に合う肢を選び直してください。;3:（3）「下水に流して処理する。」は、単独の記述としては法令上妥当な場合がありますが、本問で選ぶべき正答は（2）「油を含んだ布を大量に積み重ねて放置しない。」です。問題文の条件（乾性油の自然発火を防ぐ管理として、適切なものはどれか。…）と照らし、設問が問う論点に合う肢を選び直してください。;4:（4）「袋に詰めて蓄熱させる。」は、単独の記述としては法令上妥当な場合がありますが、本問で選ぶべき正答は（2）「油を含んだ布を大量に積み重ねて放置しない。」です。問題文の条件（乾性油の自然発火を防ぐ管理として、適切なものはどれか。…）と照らし、設問が問う論点に合う肢を選び直してください。;5:（5）「可燃性蒸気の中で喫煙する。」は、単独の記述としては法令上妥当な場合がありますが、本問で選ぶべき正答は（2）「油を含んだ布を大量に積み重ねて放置しない。」です。問題文の条件（乾性油の自然発火を防ぐ管理として、適切なものはどれか。…）と照らし、設問が問う論点に合う肢を選び直してください。,乾性油を含んだ布は酸化熱が蓄積して自然発火するおそれがあるため、大量に積み重ねて放置しない。【試験ポイント】油を含んだ布の蓄熱に注意。【ひっかけ】自然発火は火気なしでも起こり得る。【選択肢ア】誤り。火気の近くは危険である。【選択肢イ】正しい。蓄熱を防ぐ管理である。【選択肢ウ】誤り。下水へ流してはならない。【選択肢エ】誤り。蓄熱のおそれがある。【選択肢オ】誤り。喫煙は危険である。,乾性油を含んだ布は酸化熱が蓄積して自然発火するおそれがあるため、大量に積み重ねて放置しない。【試験ポイント】油を含んだ布の蓄熱に注意。【ひっかけ】自然発火は火気なしでも起こり得る。【選択肢ア】誤り。火気の近くは危険である。【選択肢イ】正しい。蓄熱を防ぐ管理である。【選択肢ウ】誤り。下水へ流してはならない。【選択肢エ】誤り。蓄熱のおそれがある。【選択肢オ】誤り,
450,single,火災・消火・漏えい,PF-133;PF-046;総合問題;性消分野の複合問題;標準;総合,第4類危険物の総合理解として、誤っているものはどれか。,,,,,,物質ごとに分類と指定数量を整理する必要がある。,可燃性蒸気への引火に注意する。,水溶性の第4類危険物は、すべて不燃性である。,第4類危険物は引火性液体である。,火気管理と換気が重要である。,3,水溶性の第4類危険物でも引火危険があるものがある。水溶性は不燃性を意味しない。【試験ポイント】水溶性＝不燃性ではない。【ひっかけ】誤っているものを選ぶ問題では問い方に注意。【選択肢ア】正しい。分類と指定数量の整理が必要である。【選択肢イ】正しい。可燃性蒸気に注意する。【選択肢ウ】誤り。水溶性でも引火危険がある。【選択肢エ】正しい。第4類は引火性液体である。【選択肢オ】正しい。火気管理と換気は重要である。,1:（1）の内容は、正答（3）「水溶性の第4類危険物は、すべて不燃性である。」が示す論点とずれています。 解説の要点：水溶性の第4類危険物でも引火危険があるものがある。水溶性は不燃性を意味しない。【試験ポイント】水溶性＝不燃性ではない。【ひっかけ】誤っているものを選ぶ問題では問い方に注意。【選択肢ア】正しい。分類と指定数量の整理が必要である。【選択肢イ】正しい。可燃性蒸気に注意する。【選択肢ウ】… 正答（3）との違いを確認し直してください。;2:（2）の内容は、正答（3）「水溶性の第4類危険物は、すべて不燃性である。」が示す論点とずれています。 解説の要点：水溶性の第4類危険物でも引火危険があるものがある。水溶性は不燃性を意味しない。【試験ポイント】水溶性＝不燃性ではない。【ひっかけ】誤っているものを選ぶ問題では問い方に注意。【選択肢ア】正しい。分類と指定数量の整理が必要である。【選択肢イ】正しい。可燃性蒸気に注意する。【選択肢ウ】… 正答（3）との違いを確認し直してください。;4:（4）の内容は、正答（3）「水溶性の第4類危険物は、すべて不燃性である。」が示す論点とずれています。 解説の要点：水溶性の第4類危険物でも引火危険があるものがある。水溶性は不燃性を意味しない。【試験ポイント】水溶性＝不燃性ではない。【ひっかけ】誤っているものを選ぶ問題では問い方に注意。【選択肢ア】正しい。分類と指定数量の整理が必要である。【選択肢イ】正しい。可燃性蒸気に注意する。【選択肢ウ】… 正答（3）との違いを確認し直してください。;5:（5）「火気管理と換気が重要である。」は、単独の記述としては法令上妥当な場合がありますが、本問で選ぶべき正答は（3）「水溶性の第4類危険物は、すべて不燃性である。」です。問題文の条件（第4類危険物の総合理解として、誤っているものはどれか。…）と照らし、設問が問う論点に合う肢を選び直してください。,水溶性の第4類危険物でも引火危険があるものがある。水溶性は不燃性を意味しない。【試験ポイント】水溶性＝不燃性ではない。【ひっかけ】誤っているものを選ぶ問題では問い方に注意。【選択肢ア】正しい。分類と指定数量の整理が必要である。【選択肢イ】正しい。可燃性蒸気に注意する。【選択肢ウ】誤り。水溶性でも引火危険がある。【選択肢エ】正しい。第4類は引火性液体である。【選択肢オ】正しい。火気管理と換気は重要である。,水溶性の第4類危険物でも引火危険があるものがある。水溶性は不燃性を意味しない。【試験ポイント】水溶性＝不燃性ではない。【ひっかけ】誤っているものを選ぶ問題では問い方に注意。【選択肢ア】正しい。分類と指定数量の整理が必要である。【選択肢イ】正しい。可燃性蒸気に注意する。【選択肢ウ】誤り。水溶性でも引火危険がある。【選択肢エ】正しい。第4類は引火性液体である。【,
451,single,法令・制度,L-211;LAW-004;指定数量;指定数量の意味;標準;重点,指定数量倍数の考え方として、正しいものはどれか。,,,,,,指定数量を貯蔵量で割って求める。,消火器本数を受験者数で割って求める。,貯蔵・取扱数量を指定数量で割って求める。,販売価格を数量で割って求める。,免状番号を指定数量で割って求める。,3,指定数量倍数は、危険物の数量をその危険物の指定数量で割って求める。【試験ポイント】指定数量倍数＝数量÷指定数量。【ひっかけ】分母・分子を逆にしない。【選択肢ア】誤り。分母と分子が逆である。【選択肢イ】誤り。消火器本数や受験者数は関係ない。【選択肢ウ】正しい。数量÷指定数量である。【選択肢エ】誤り。販売価格は関係ない。【選択肢オ】誤り。免状番号は関係ない。,1:（1）「指定数量を貯蔵量で割って求める。」は、単独の記述としては法令上妥当な場合がありますが、本問で選ぶべき正答は（3）「貯蔵・取扱数量を指定数量で割って求める。」です。問題文の条件（指定数量倍数の考え方として、正しいものはどれか。…）と照らし、設問が問う論点に合う肢を選び直してください。;2:（2）「消火器本数を受験者数で割って求める。」は、単独の記述としては法令上妥当な場合がありますが、本問で選ぶべき正答は（3）「貯蔵・取扱数量を指定数量で割って求める。」です。問題文の条件（指定数量倍数の考え方として、正しいものはどれか。…）と照らし、設問が問う論点に合う肢を選び直してください。;4:（4）「販売価格を数量で割って求める。」は、単独の記述としては法令上妥当な場合がありますが、本問で選ぶべき正答は（3）「貯蔵・取扱数量を指定数量で割って求める。」です。問題文の条件（指定数量倍数の考え方として、正しいものはどれか。…）と照らし、設問が問う論点に合う肢を選び直してください。;5:（5）「免状番号を指定数量で割って求める。」は、単独の記述としては法令上妥当な場合がありますが、本問で選ぶべき正答は（3）「貯蔵・取扱数量を指定数量で割って求める。」です。問題文の条件（指定数量倍数の考え方として、正しいものはどれか。…）と照らし、設問が問う論点に合う肢を選び直してください。,指定数量倍数は、危険物の数量をその危険物の指定数量で割って求める。【試験ポイント】指定数量倍数＝数量÷指定数量。【ひっかけ】分母・分子を逆にしない。【選択肢ア】誤り。分母と分子が逆である。【選択肢イ】誤り。消火器本数や受験者数は関係ない。【選択肢ウ】正しい。数量÷指定数量である。【選択肢エ】誤り。販売価格は関係ない。【選択肢オ】誤り。免状番号は関係ない。,指定数量倍数は、危険物の数量をその危険物の指定数量で割って求める。【試験ポイント】指定数量倍数＝数量÷指定数量。【ひっかけ】分母・分子を逆にしない。【選択肢ア】誤り。分母と分子が逆である。【選択肢イ】誤り。消火器本数や受験者数は関係ない。【選択肢ウ】正しい。数量÷指定数量である。【選択肢エ】誤り。販売価格は関係ない。【選択肢オ】誤り。免状番号は関係ない。,
452,single,法令・制度,L-212;LAW-005;指定数量;第4類危険物の指定数量;標準;重点,第2石油類の非水溶性液体と水溶性液体の指定数量の組合せとして、正しいものはどれか。,,,,,,"非水溶性1,000 L、水溶性2,000 L",非水溶性200 L、水溶性400 L,非水溶性50 L、水溶性200 L,"非水溶性2,000 L、水溶性4,000 L","非水溶性6,000 L、水溶性10,000 L",1,"第2石油類は、非水溶性液体が1,000 L、水溶性液体が2,000 Lである。【試験ポイント】第2石油類は非水溶性1,000 L、水溶性2,000 L。【ひっかけ】第一・第三石油類の数値と混同しない。【選択肢ア】正しい。第2石油類の指定数量である。【選択肢イ】誤り。第1石油類の数値である。【選択肢ウ】誤り。特殊引火物などの数値である。【選択肢エ】誤り。第3石油類の数値である。【選択肢オ】誤り。第4石油類・動植物油類の数値である。","2:（2）「非水溶性200 L、水溶性400 L」は、単独の記述としては法令上妥当な場合がありますが、本問で選ぶべき正答は（1）「非水溶性1,000 L、水溶性2,000 L」です。問題文の条件（第2石油類の非水溶性液体と水溶性液体の指定数量の組合せとして、正しいものはどれか。…）と照らし、設問が問う論点に合う肢を選び直してください。;3:（3）「非水溶性50 L、水溶性200 L」は、単独の記述としては法令上妥当な場合がありますが、本問で選ぶべき正答は（1）「非水溶性1,000 L、水溶性2,000 L」です。問題文の条件（第2石油類の非水溶性液体と水溶性液体の指定数量の組合せとして、正しいものはどれか。…）と照らし、設問が問う論点に合う肢を選び直してください。;4:（4）の内容は、正答（1）「非水溶性1,000 L、水溶性2,000 L」が示す論点とずれています。 解説の要点：第2石油類は、非水溶性液体が1,000 L、水溶性液体が2,000 Lである。【試験ポイント】第2石油類は非水溶性1,000 L、水溶性2,000 L。【ひっかけ】第一・第三石油類の数値と混同しない。【選択肢ア】正しい。第2石油類の指定数量である。【選択肢イ】誤り。第1石油類の数… 正答（1）との違いを確認し直してください。;5:（5）の内容は、正答（1）「非水溶性1,000 L、水溶性2,000 L」が示す論点とずれています。 解説の要点：第2石油類は、非水溶性液体が1,000 L、水溶性液体が2,000 Lである。【試験ポイント】第2石油類は非水溶性1,000 L、水溶性2,000 L。【ひっかけ】第一・第三石油類の数値と混同しない。【選択肢ア】正しい。第2石油類の指定数量である。【選択肢イ】誤り。第1石油類の数… 正答（1）との違いを確認し直してください。","【試験ポイント】第2石油類は非水溶性1,000 L、水溶性2,000 L。","第2石油類は、非水溶性液体が1,000 L、水溶性液体が2,000 Lである。【試験ポイント】第2石油類は非水溶性1,000 L、水溶性2,000 L。【ひっかけ】第一・第三石油類の数値と混同しない。【選択肢ア】正しい。第2石油類の指定数量である。【選択肢イ】誤り。第1石油類の数値である。【選択肢ウ】誤り。特殊引火物などの数値である。【選択肢エ】誤り。第3石",
453,single,法令・制度,L-213;LAW-007;指定数量;指定数量の倍数計算;標準;重点,"動植物油類5,000 Lを貯蔵する場合、指定数量の倍数はどれか。ただし、動植物油類の指定数量は10,000 Lとする。",,,,,,5.0倍,1.0倍,2.0倍,0.25倍,0.5倍,5,"5,000÷10,000＝0.5倍である。【試験ポイント】動植物油類の指定数量は10,000 L。【ひっかけ】大きい指定数量でも倍数計算は同じ。【選択肢ア】誤り。計算結果ではない。【選択肢イ】誤り。10,000 Lなら1.0倍である。【選択肢ウ】誤り。20,000 Lなら2.0倍である。【選択肢エ】誤り。2,500 Lなら0.25倍である。【選択肢オ】正しい。0.5倍である。","1:（1）「5.0倍」は、単独の記述としては法令上妥当な場合がありますが、本問で選ぶべき正答は（5）「0.5倍」です。問題文の条件（動植物油類5,000 Lを貯蔵する場合、指定数量の倍数はどれか。ただし、動植物油類の指定数量は1…）と照らし、設問が問う論点に合う肢を選び直してください。;2:（2）「1.0倍」は、単独の記述としては法令上妥当な場合がありますが、本問で選ぶべき正答は（5）「0.5倍」です。問題文の条件（動植物油類5,000 Lを貯蔵する場合、指定数量の倍数はどれか。ただし、動植物油類の指定数量は1…）と照らし、設問が問う論点に合う肢を選び直してください。;3:（3）「2.0倍」は、単独の記述としては法令上妥当な場合がありますが、本問で選ぶべき正答は（5）「0.5倍」です。問題文の条件（動植物油類5,000 Lを貯蔵する場合、指定数量の倍数はどれか。ただし、動植物油類の指定数量は1…）と照らし、設問が問う論点に合う肢を選び直してください。;4:（4）「0.25倍」は、単独の記述としては法令上妥当な場合がありますが、本問で選ぶべき正答は（5）「0.5倍」です。問題文の条件（動植物油類5,000 Lを貯蔵する場合、指定数量の倍数はどれか。ただし、動植物油類の指定数量は1…）と照らし、設問が問う論点に合う肢を選び直してください。","5,000÷10,000＝0.5倍である。【試験ポイント】動植物油類の指定数量は10,000 L。【ひっかけ】大きい指定数量でも倍数計算は同じ。【選択肢ア】誤り。計算結果ではない。【選択肢イ】誤り。10,000 Lなら1.0倍である。【選択肢ウ】誤り。20,000 Lなら2.0倍である。【選択肢エ】誤り。2,500 Lなら0.25倍である。【選択肢オ】正しい。0.5倍である。","5,000÷10,000＝0.5倍である。【試験ポイント】動植物油類の指定数量は10,000 L。【ひっかけ】大きい指定数量でも倍数計算は同じ。【選択肢ア】誤り。計算結果ではない。【選択肢イ】誤り。10,000 Lなら1.0倍である。【選択肢ウ】誤り。20,000 Lなら2.0倍である。【選択肢エ】誤り。2,500 Lなら0.25倍である。【選択肢オ】正しい",
454,single,法令・制度,L-214;LAW-008;指定数量;複数危険物を扱う場合の倍数合算;標準;重点,"ガソリン80 L、軽油400 L、潤滑油1,200 Lの指定数量倍数の合計はどれか。ただし、指定数量はガソリン200 L、軽油1,000 L、潤滑油6,000 Lとする。",,,,,,1.5倍,0.8倍,1.2倍,1.0倍,2.0倍,4,"ガソリン80÷200＝0.4、軽油400÷1,000＝0.4、潤滑油1,200÷6,000＝0.2、合計1.0倍である。【試験ポイント】複数危険物は倍数合算。【ひっかけ】品名ごとの指定数量を使う。【選択肢ア】誤り。計算結果ではない。【選択肢イ】誤り。潤滑油分を落としている。【選択肢ウ】誤り。計算結果ではない。【選択肢エ】正しい。0.4＋0.4＋0.2＝1.0倍である。【選択肢オ】誤り。計算結果ではない。","1:（1）「1.5倍」は、単独の記述としては法令上妥当な場合がありますが、本問で選ぶべき正答は（4）「1.0倍」です。問題文の条件（ガソリン80 L、軽油400 L、潤滑油1,200 Lの指定数量倍数の合計はどれか。ただし、指定…）と照らし、設問が問う論点に合う肢を選び直してください。;2:（2）「0.8倍」は、単独の記述としては法令上妥当な場合がありますが、本問で選ぶべき正答は（4）「1.0倍」です。問題文の条件（ガソリン80 L、軽油400 L、潤滑油1,200 Lの指定数量倍数の合計はどれか。ただし、指定…）と照らし、設問が問う論点に合う肢を選び直してください。;3:（3）「1.2倍」は、単独の記述としては法令上妥当な場合がありますが、本問で選ぶべき正答は（4）「1.0倍」です。問題文の条件（ガソリン80 L、軽油400 L、潤滑油1,200 Lの指定数量倍数の合計はどれか。ただし、指定…）と照らし、設問が問う論点に合う肢を選び直してください。;5:（5）「2.0倍」は、単独の記述としては法令上妥当な場合がありますが、本問で選ぶべき正答は（4）「1.0倍」です。問題文の条件（ガソリン80 L、軽油400 L、潤滑油1,200 Lの指定数量倍数の合計はどれか。ただし、指定…）と照らし、設問が問う論点に合う肢を選び直してください。","ガソリン80÷200＝0.4、軽油400÷1,000＝0.4、潤滑油1,200÷6,000＝0.2、合計1.0倍である。【試験ポイント】複数危険物は倍数合算。【ひっかけ】品名ごとの指定数量を使う。【選択肢ア】誤り。計算結果ではない。【選択肢イ】誤り。潤滑油分を落としている。【選択肢ウ】誤り。計算結果ではない。【選択肢エ】正しい。0.4＋0.4＋0.2＝1.0倍である。【選択肢オ】誤り。計算結果ではない。","ガソリン80÷200＝0.4、軽油400÷1,000＝0.4、潤滑油1,200÷6,000＝0.2、合計1.0倍である。【試験ポイント】複数危険物は倍数合算。【ひっかけ】品名ごとの指定数量を使う。【選択肢ア】誤り。計算結果ではない。【選択肢イ】誤り。潤滑油分を落としている。【選択肢ウ】誤り。計算結果ではない。【選択肢エ】正しい。0.4＋0.4＋0.2＝1.0",
455,single,法令・制度,L-215;LAW-014;許可;製造所等の設置許可;基礎;重点,製造所等の設置許可について、施設側の論点として正しいものはどれか。,,,,,,免状番号の語呂だけが問題となる。,受験料の支払いだけが問題となる。,危険物取扱者の顔写真だけが問題となる。,販売価格の高低だけが問題となる。,位置・構造・設備などが基準に適合するかが問題となる。,5,設置許可では、施設の位置・構造・設備などが法令基準に適合するかが問題となる。【試験ポイント】設置許可は施設側の制度。【ひっかけ】人の資格制度と混同しない。【選択肢ア】誤り。免状番号の語呂ではない。【選択肢イ】誤り。受験料とは関係ない。【選択肢ウ】誤り。免状写真だけではない。【選択肢エ】誤り。販売価格ではない。【選択肢オ】正しい。施設側の基準が問題となる。,1:（1）「免状番号の語呂だけが問題となる。」は、単独の記述としては法令上妥当な場合がありますが、本問で選ぶべき正答は（5）「位置・構造・設備などが基準に適合するかが問題となる。」です。問題文の条件（製造所等の設置許可について、施設側の論点として正しいものはどれか。…）と照らし、設問が問う論点に合う肢を選び直してください。;2:（2）「受験料の支払いだけが問題となる。」は、単独の記述としては法令上妥当な場合がありますが、本問で選ぶべき正答は（5）「位置・構造・設備などが基準に適合するかが問題となる。」です。問題文の条件（製造所等の設置許可について、施設側の論点として正しいものはどれか。…）と照らし、設問が問う論点に合う肢を選び直してください。;3:（3）の内容は、正答（5）「位置・構造・設備などが基準に適合するかが問題となる。」が示す論点とずれています。 解説の要点：設置許可では、施設の位置・構造・設備などが法令基準に適合するかが問題となる。【試験ポイント】設置許可は施設側の制度。【ひっかけ】人の資格制度と混同しない。【選択肢ア】誤り。免状番号の語呂ではない。【選択肢イ】誤り。受験料とは関係ない。【選択肢ウ】誤り。免状写真だけではない。【選択… 正答（5）との違いを確認し直してください。;4:（4）「販売価格の高低だけが問題となる。」は、単独の記述としては法令上妥当な場合がありますが、本問で選ぶべき正答は（5）「位置・構造・設備などが基準に適合するかが問題となる。」です。問題文の条件（製造所等の設置許可について、施設側の論点として正しいものはどれか。…）と照らし、設問が問う論点に合う肢を選び直してください。,設置許可では、施設の位置・構造・設備などが法令基準に適合するかが問題となる。【試験ポイント】設置許可は施設側の制度。【ひっかけ】人の資格制度と混同しない。【選択肢ア】誤り。免状番号の語呂ではない。【選択肢イ】誤り。受験料とは関係ない。【選択肢ウ】誤り。免状写真だけではない。【選択肢エ】誤り。販売価格ではない。【選択肢オ】正しい。施設側の基準が問題となる。,設置許可では、施設の位置・構造・設備などが法令基準に適合するかが問題となる。【試験ポイント】設置許可は施設側の制度。【ひっかけ】人の資格制度と混同しない。【選択肢ア】誤り。免状番号の語呂ではない。【選択肢イ】誤り。受験料とは関係ない。【選択肢ウ】誤り。免状写真だけではない。【選択肢エ】誤り。販売価格ではない。【選択肢オ】正しい。施設側の基準が問題となる。,
456,single,法令・制度,L-216;LAW-018;仮貯蔵・仮取扱い;仮貯蔵・仮取扱い;標準;重点,仮貯蔵・仮取扱いについて、誤っているものはどれか。,,,,,,第4類危険物でも対象になり得る。,一時的であれば、指定数量以上でも常に承認不要である。,火災予防上の措置が重要である。,指定数量以上の危険物を一時的に扱う場合に問題となる。,承認が必要となる場合がある。,2,一時的であっても、指定数量以上の危険物を仮に貯蔵・取り扱う場合には承認が必要となる場合がある。【試験ポイント】仮貯蔵・仮取扱いは一時的でも承認が論点。【ひっかけ】一時的＝自由ではない。【選択肢ア】正しい。第4類でも対象になり得る。【選択肢イ】誤り。一時的でも承認が必要となる場合がある。【選択肢ウ】正しい。安全措置が重要である。【選択肢エ】正しい。指定数量以上の場合に問題となる。【選択肢オ】正しい。承認が必要となる場合がある。,1:（1）「第4類危険物でも対象になり得る。」は、単独の記述としては法令上妥当な場合がありますが、本問で選ぶべき正答は（2）「一時的であれば、指定数量以上でも常に承認不要である。」です。問題文の条件（仮貯蔵・仮取扱いについて、誤っているものはどれか。…）と照らし、設問が問う論点に合う肢を選び直してください。;3:（3）「火災予防上の措置が重要である。」は、単独の記述としては法令上妥当な場合がありますが、本問で選ぶべき正答は（2）「一時的であれば、指定数量以上でも常に承認不要である。」です。問題文の条件（仮貯蔵・仮取扱いについて、誤っているものはどれか。…）と照らし、設問が問う論点に合う肢を選び直してください。;4:（4）の内容は、正答（2）「一時的であれば、指定数量以上でも常に承認不要である。」が示す論点とずれています。 解説の要点：一時的であっても、指定数量以上の危険物を仮に貯蔵・取り扱う場合には承認が必要となる場合がある。【試験ポイント】仮貯蔵・仮取扱いは一時的でも承認が論点。【ひっかけ】一時的＝自由ではない。【選択肢ア】正しい。第4類でも対象になり得る。【選択肢イ】誤り。一時的でも承認が必要となる場合が… 正答（2）との違いを確認し直してください。;5:一時的であっても、指定数量以上の危険物を仮に貯蔵・取り扱う場合には承認が必要となる場合がある。,一時的であっても、指定数量以上の危険物を仮に貯蔵・取り扱う場合には承認が必要となる場合がある。【試験ポイント】仮貯蔵・仮取扱いは一時的でも承認が論点。【ひっかけ】一時的＝自由ではない。【選択肢ア】正しい。第4類でも対象になり得る。【選択肢イ】誤り。一時的でも承認が必要となる場合がある。【選択肢ウ】正しい。安全措置が重要である。【選択肢エ】正しい。指定数量以上の場合に問題となる。【選択肢オ】正しい。承認が必要となる場合がある。,一時的であっても、指定数量以上の危険物を仮に貯蔵・取り扱う場合には承認が必要となる場合がある。【試験ポイント】仮貯蔵・仮取扱いは一時的でも承認が論点。【ひっかけ】一時的＝自由ではない。【選択肢ア】正しい。第4類でも対象になり得る。【選択肢イ】誤り。一時的でも承認が必要となる場合がある。【選択肢ウ】正しい。安全措置が重要である。【選択肢エ】正しい。指定数量以上,
457,single,法令・制度,L-217;LAW-020;届出;品名・数量・指定数量倍数の変更届出;標準;重点,危険物の品名、数量、指定数量倍数を変更する場合の扱いとして、正しいものはどれか。,,,,,,常に何の手続きも不要である。,届出が必要となる場合がある。,危険物取扱者免状が自動で失効する。,危険物の類が必ず第6類に変わる。,指定数量が必ずゼロになる。,2,製造所等で扱う危険物の品名、数量、指定数量倍数を変更する場合、届出が必要となる場合がある。【試験ポイント】品名・数量・倍数変更は届出論点。【ひっかけ】施設の管理情報変更を軽視しない。【選択肢ア】誤り。手続きが必要な場合がある。【選択肢イ】正しい。届出が論点である。【選択肢ウ】誤り。免状失効とは限らない。【選択肢エ】誤り。類が自動で変わるわけではない。【選択肢オ】誤り。指定数量はゼロにならない。,1:（1）「常に何の手続きも不要である。」は、単独の記述としては法令上妥当な場合がありますが、本問で選ぶべき正答は（2）「届出が必要となる場合がある。」です。問題文の条件（危険物の品名、数量、指定数量倍数を変更する場合の扱いとして、正しいものはどれか。…）と照らし、設問が問う論点に合う肢を選び直してください。;3:（3）「危険物取扱者免状が自動で失効する。」は、単独の記述としては法令上妥当な場合がありますが、本問で選ぶべき正答は（2）「届出が必要となる場合がある。」です。問題文の条件（危険物の品名、数量、指定数量倍数を変更する場合の扱いとして、正しいものはどれか。…）と照らし、設問が問う論点に合う肢を選び直してください。;4:（4）「危険物の類が必ず第6類に変わる。」は、単独の記述としては法令上妥当な場合がありますが、本問で選ぶべき正答は（2）「届出が必要となる場合がある。」です。問題文の条件（危険物の品名、数量、指定数量倍数を変更する場合の扱いとして、正しいものはどれか。…）と照らし、設問が問う論点に合う肢を選び直してください。;5:（5）「指定数量が必ずゼロになる。」は、単独の記述としては法令上妥当な場合がありますが、本問で選ぶべき正答は（2）「届出が必要となる場合がある。」です。問題文の条件（危険物の品名、数量、指定数量倍数を変更する場合の扱いとして、正しいものはどれか。…）と照らし、設問が問う論点に合う肢を選び直してください。,製造所等で扱う危険物の品名、数量、指定数量倍数を変更する場合、届出が必要となる場合がある。,製造所等で扱う危険物の品名、数量、指定数量倍数を変更する場合、届出が必要となる場合がある。【試験ポイント】品名・数量・倍数変更は届出論点。【ひっかけ】施設の管理情報変更を軽視しない。【選択肢ア】誤り。手続きが必要な場合がある。【選択肢イ】正しい。届出が論点である。【選択肢ウ】誤り。免状失効とは限らない。【選択肢エ】誤り。類が自動で変わるわけではない。【選択肢,
458,single,法令・制度,L-218;LAW-023;危険物取扱者;甲種・乙種・丙種の違い;標準;重点,乙種危険物取扱者の説明として、正しいものはどれか。,,,,,,免状に指定された類の危険物を取り扱える。,危険物を一切取り扱えない。,すべての類の危険物を無条件で取り扱える。,消火設備の名称である。,施設の設置許可そのものである。,1,乙種危険物取扱者は、免状に指定された類の危険物を取り扱える。【試験ポイント】乙種は指定類、甲種は全類。【ひっかけ】乙4は第4類に限る。【選択肢ア】正しい。乙種は指定された類が対象である。【選択肢イ】誤り。危険物を扱える資格である。【選択肢ウ】誤り。全類は甲種である。【選択肢エ】誤り。消火設備ではない。【選択肢オ】誤り。施設許可ではない。,2:（2）「危険物を一切取り扱えない。」は、単独の記述としては法令上妥当な場合がありますが、本問で選ぶべき正答は（1）「免状に指定された類の危険物を取り扱える。」です。問題文の条件（乙種危険物取扱者の説明として、正しいものはどれか。…）と照らし、設問が問う論点に合う肢を選び直してください。;3:（3）の内容は、正答（1）「免状に指定された類の危険物を取り扱える。」が示す論点とずれています。 解説の要点：乙種危険物取扱者は、免状に指定された類の危険物を取り扱える。【試験ポイント】乙種は指定類、甲種は全類。【ひっかけ】乙4は第4類に限る。【選択肢ア】正しい。乙種は指定された類が対象である。【選択肢イ】誤り。危険物を扱える資格である。【選択肢ウ】誤り。全類は甲種である。【選択肢エ】誤… 正答（1）との違いを確認し直してください。;4:（4）「消火設備の名称である。」は、単独の記述としては法令上妥当な場合がありますが、本問で選ぶべき正答は（1）「免状に指定された類の危険物を取り扱える。」です。問題文の条件（乙種危険物取扱者の説明として、正しいものはどれか。…）と照らし、設問が問う論点に合う肢を選び直してください。;5:（5）「施設の設置許可そのものである。」は、単独の記述としては法令上妥当な場合がありますが、本問で選ぶべき正答は（1）「免状に指定された類の危険物を取り扱える。」です。問題文の条件（乙種危険物取扱者の説明として、正しいものはどれか。…）と照らし、設問が問う論点に合う肢を選び直してください。,乙種危険物取扱者は、免状に指定された類の危険物を取り扱える。,乙種危険物取扱者は、免状に指定された類の危険物を取り扱える。【試験ポイント】乙種は指定類、甲種は全類。【ひっかけ】乙4は第4類に限る。【選択肢ア】正しい。乙種は指定された類が対象である。【選択肢イ】誤り。危険物を扱える資格である。【選択肢ウ】誤り。全類は甲種である。【選択肢エ】誤り。消火設備ではない。【選択肢オ】誤り。施設許可ではない。,
459,single,法令・制度,L-219;LAW-027;危険物保安監督者;選任が必要な施設・資格要件;標準;重点,危険物保安監督者について、誤っているものはどれか。,,,,,,危険物の取扱作業の保安監督に関係する。,選任・解任の届出が問題となる場合がある。,危険物取扱者制度と関係する。,すべての一般住宅で必ず選任する。,一定の製造所等で選任が必要となる場合がある。,4,危険物保安監督者は、すべての一般住宅で必ず選任するものではない。【試験ポイント】保安監督者は一定施設で選任。【ひっかけ】一般家庭の制度と誤解しない。【選択肢ア】正しい。保安監督に関係する。【選択肢イ】正しい。届出が問題となる場合がある。【選択肢ウ】正しい。資格制度と関係する。【選択肢エ】誤り。一般住宅すべてで必須ではない。【選択肢オ】正しい。一定施設で選任が問題となる。,1:（1）の内容は、正答（4）「すべての一般住宅で必ず選任する。」が示す論点とずれています。 解説の要点：危険物保安監督者は、すべての一般住宅で必ず選任するものではない。【試験ポイント】保安監督者は一定施設で選任。【ひっかけ】一般家庭の制度と誤解しない。【選択肢ア】正しい。保安監督に関係する。【選択肢イ】正しい。届出が問題となる場合がある。【選択肢ウ】正しい。資格制度と関係する。【選… 正答（4）との違いを確認し直してください。;2:（2）の内容は、正答（4）「すべての一般住宅で必ず選任する。」が示す論点とずれています。 解説の要点：危険物保安監督者は、すべての一般住宅で必ず選任するものではない。【試験ポイント】保安監督者は一定施設で選任。【ひっかけ】一般家庭の制度と誤解しない。【選択肢ア】正しい。保安監督に関係する。【選択肢イ】正しい。届出が問題となる場合がある。【選択肢ウ】正しい。資格制度と関係する。【選… 正答（4）との違いを確認し直してください。;3:（3）「危険物取扱者制度と関係する。」は、単独の記述としては法令上妥当な場合がありますが、本問で選ぶべき正答は（4）「すべての一般住宅で必ず選任する。」です。問題文の条件（危険物保安監督者について、誤っているものはどれか。…）と照らし、設問が問う論点に合う肢を選び直してください。;5:（5）の内容は、正答（4）「すべての一般住宅で必ず選任する。」が示す論点とずれています。 解説の要点：危険物保安監督者は、すべての一般住宅で必ず選任するものではない。【試験ポイント】保安監督者は一定施設で選任。【ひっかけ】一般家庭の制度と誤解しない。【選択肢ア】正しい。保安監督に関係する。【選択肢イ】正しい。届出が問題となる場合がある。【選択肢ウ】正しい。資格制度と関係する。【選… 正答（4）との違いを確認し直してください。,危険物保安監督者は、すべての一般住宅で必ず選任するものではない。【試験ポイント】保安監督者は一定施設で選任。【ひっかけ】一般家庭の制度と誤解しない。【選択肢ア】正しい。保安監督に関係する。【選択肢イ】正しい。届出が問題となる場合がある。【選択肢ウ】正しい。資格制度と関係する。【選択肢エ】誤り。一般住宅すべてで必須ではない。【選択肢オ】正しい。一定施設で選任が問題となる。,危険物保安監督者は、すべての一般住宅で必ず選任するものではない。【試験ポイント】保安監督者は一定施設で選任。【ひっかけ】一般家庭の制度と誤解しない。【選択肢ア】正しい。保安監督に関係する。【選択肢イ】正しい。届出が問題となる場合がある。【選択肢ウ】正しい。資格制度と関係する。【選択肢エ】誤り。一般住宅すべてで必須ではない。【選択肢オ】正しい。一定施設で選任が,
460,single,法令・制度,L-220;LAW-032;定期点検;定期点検が必要な施設;標準;重点,定期点検と最も関係が深いものはどれか。,,,,,,危険物の味の確認,危険物の販売価格の決定,免状写真の更新,受験票の印刷,施設の維持管理状態の確認,5,定期点検は、危険物施設の維持管理状態を確認するために行う。【試験ポイント】定期点検は維持管理確認。【ひっかけ】完成検査との違いを整理する。【選択肢ア】誤り。味を確認しない。【選択肢イ】誤り。販売価格ではない。【選択肢ウ】誤り。免状写真ではない。【選択肢エ】誤り。受験票ではない。【選択肢オ】正しい。定期点検の目的である。,1:（1）「危険物の味の確認」は、単独の記述としては法令上妥当な場合がありますが、本問で選ぶべき正答は（5）「施設の維持管理状態の確認」です。問題文の条件（定期点検と最も関係が深いものはどれか。…）と照らし、設問が問う論点に合う肢を選び直してください。;2:（2）「危険物の販売価格の決定」は、単独の記述としては法令上妥当な場合がありますが、本問で選ぶべき正答は（5）「施設の維持管理状態の確認」です。問題文の条件（定期点検と最も関係が深いものはどれか。…）と照らし、設問が問う論点に合う肢を選び直してください。;3:（3）「免状写真の更新」は、単独の記述としては法令上妥当な場合がありますが、本問で選ぶべき正答は（5）「施設の維持管理状態の確認」です。問題文の条件（定期点検と最も関係が深いものはどれか。…）と照らし、設問が問う論点に合う肢を選び直してください。;4:（4）「受験票の印刷」は、単独の記述としては法令上妥当な場合がありますが、本問で選ぶべき正答は（5）「施設の維持管理状態の確認」です。問題文の条件（定期点検と最も関係が深いものはどれか。…）と照らし、設問が問う論点に合う肢を選び直してください。,定期点検は、危険物施設の維持管理状態を確認するために行う。【試験ポイント】定期点検は維持管理確認。【ひっかけ】完成検査との違いを整理する。【選択肢ア】誤り。味を確認しない。【選択肢イ】誤り。販売価格ではない。【選択肢ウ】誤り。免状写真ではない。【選択肢エ】誤り。受験票ではない。【選択肢オ】正しい。定期点検の目的である。,定期点検は、危険物施設の維持管理状態を確認するために行う。【試験ポイント】定期点検は維持管理確認。【ひっかけ】完成検査との違いを整理する。【選択肢ア】誤り。味を確認しない。【選択肢イ】誤り。販売価格ではない。【選択肢ウ】誤り。免状写真ではない。【選択肢エ】誤り。受験票ではない。【選択肢オ】正しい。定期点検の目的である。,
461,single,法令・制度,L-221;LAW-036;事故時対応;災害発生時の応急措置;基礎;重点,危険物火災で避難が必要な場合の対応として、適切なものはどれか。,,,,,,下水へ危険物を流す。,火気を近づけて炎の色を確認する。,周囲に知らせず閉じ込める。,可燃性蒸気をためる。,周囲に知らせ、通報し、安全を確保して避難する。,5,危険物火災では、通報、避難、初期対応、周囲への注意喚起が重要である。【試験ポイント】事故時は通報・避難・初期対応。【ひっかけ】火気確認や放置は不適切。【選択肢ア】誤り。下水へ流してはならない。【選択肢イ】誤り。火気確認は危険である。【選択肢ウ】誤り。周囲への周知が必要である。【選択肢エ】誤り。蒸気をためてはならない。【選択肢オ】正しい。適切な対応である。,1:（1）「下水へ危険物を流す。」は、単独の記述としては法令上妥当な場合がありますが、本問で選ぶべき正答は（5）「周囲に知らせ、通報し、安全を確保して避難する。」です。問題文の条件（危険物火災で避難が必要な場合の対応として、適切なものはどれか。…）と照らし、設問が問う論点に合う肢を選び直してください。;2:（2）「火気を近づけて炎の色を確認する。」は、単独の記述としては法令上妥当な場合がありますが、本問で選ぶべき正答は（5）「周囲に知らせ、通報し、安全を確保して避難する。」です。問題文の条件（危険物火災で避難が必要な場合の対応として、適切なものはどれか。…）と照らし、設問が問う論点に合う肢を選び直してください。;3:（3）「周囲に知らせず閉じ込める。」は、単独の記述としては法令上妥当な場合がありますが、本問で選ぶべき正答は（5）「周囲に知らせ、通報し、安全を確保して避難する。」です。問題文の条件（危険物火災で避難が必要な場合の対応として、適切なものはどれか。…）と照らし、設問が問う論点に合う肢を選び直してください。;4:（4）「可燃性蒸気をためる。」は、単独の記述としては法令上妥当な場合がありますが、本問で選ぶべき正答は（5）「周囲に知らせ、通報し、安全を確保して避難する。」です。問題文の条件（危険物火災で避難が必要な場合の対応として、適切なものはどれか。…）と照らし、設問が問う論点に合う肢を選び直してください。,危険物火災では、通報、避難、初期対応、周囲への注意喚起が重要である。【試験ポイント】事故時は通報・避難・初期対応。【ひっかけ】火気確認や放置は不適切。【選択肢ア】誤り。下水へ流してはならない。【選択肢イ】誤り。火気確認は危険である。【選択肢ウ】誤り。周囲への周知が必要である。【選択肢エ】誤り。蒸気をためてはならない。【選択肢オ】正しい。適切な対応である。,危険物火災では、通報、避難、初期対応、周囲への注意喚起が重要である。【試験ポイント】事故時は通報・避難・初期対応。【ひっかけ】火気確認や放置は不適切。【選択肢ア】誤り。下水へ流してはならない。【選択肢イ】誤り。火気確認は危険である。【選択肢ウ】誤り。周囲への周知が必要である。【選択肢エ】誤り。蒸気をためてはならない。【選択肢オ】正しい。適切な対応である。,
462,single,法令・制度,L-222;LAW-037;位置の基準;保安距離;標準;重点,保安距離が必要となる考え方として、最も適切なものはどれか。,,,,,,免状の再交付を簡単にするため。,火災・爆発時の周囲への影響を小さくするため。,危険物の味を確認するため。,受験者の移動距離を短くするため。,危険物の販売価格を高くするため。,2,保安距離は、危険物施設で火災・爆発が起きた場合に周囲への影響を小さくするための基準である。【試験ポイント】保安距離は周囲への影響抑制。【ひっかけ】保有空地と区別する。【選択肢ア】誤り。免状手続きではない。【選択肢イ】正しい。保安距離の趣旨である。【選択肢ウ】誤り。味を確認しない。【選択肢エ】誤り。試験運営ではない。【選択肢オ】誤り。販売価格ではない。,1:（1）「免状の再交付を簡単にするため。」は、単独の記述としては法令上妥当な場合がありますが、本問で選ぶべき正答は（2）「火災・爆発時の周囲への影響を小さくするため。」です。問題文の条件（保安距離が必要となる考え方として、最も適切なものはどれか。…）と照らし、設問が問う論点に合う肢を選び直してください。;3:（3）「危険物の味を確認するため。」は、単独の記述としては法令上妥当な場合がありますが、本問で選ぶべき正答は（2）「火災・爆発時の周囲への影響を小さくするため。」です。問題文の条件（保安距離が必要となる考え方として、最も適切なものはどれか。…）と照らし、設問が問う論点に合う肢を選び直してください。;4:（4）「受験者の移動距離を短くするため。」は、単独の記述としては法令上妥当な場合がありますが、本問で選ぶべき正答は（2）「火災・爆発時の周囲への影響を小さくするため。」です。問題文の条件（保安距離が必要となる考え方として、最も適切なものはどれか。…）と照らし、設問が問う論点に合う肢を選び直してください。;5:（5）「危険物の販売価格を高くするため。」は、単独の記述としては法令上妥当な場合がありますが、本問で選ぶべき正答は（2）「火災・爆発時の周囲への影響を小さくするため。」です。問題文の条件（保安距離が必要となる考え方として、最も適切なものはどれか。…）と照らし、設問が問う論点に合う肢を選び直してください。,保安距離は、危険物施設で火災・爆発が起きた場合に周囲への影響を小さくするための基準である。【試験ポイント】保安距離は周囲への影響抑制。【ひっかけ】保有空地と区別する。【選択肢ア】誤り。免状手続きではない。【選択肢イ】正しい。保安距離の趣旨である。【選択肢ウ】誤り。味を確認しない。【選択肢エ】誤り。試験運営ではない。【選択肢オ】誤り。販売価格ではない。,保安距離は、危険物施設で火災・爆発が起きた場合に周囲への影響を小さくするための基準である。【試験ポイント】保安距離は周囲への影響抑制。【ひっかけ】保有空地と区別する。【選択肢ア】誤り。免状手続きではない。【選択肢イ】正しい。保安距離の趣旨である。【選択肢ウ】誤り。味を確認しない。【選択肢エ】誤り。試験運営ではない。【選択肢オ】誤り。販売価格ではない。,
463,single,法令・制度,L-223;LAW-038;位置の基準;保有空地;標準;重点,保有空地の説明として、正しいものはどれか。,,,,,,危険物を捨てるための空地である。,施設周囲に確保する空地で、延焼防止や消火活動に関係する。,販売価格を表示する欄である。,受験者の休憩場所である。,免状を保管する棚である。,2,保有空地は、危険物施設の周囲に確保する空地で、延焼防止や消火活動に関係する。【試験ポイント】保有空地は施設周囲の空地。【ひっかけ】保安距離と混同しない。【選択肢ア】誤り。廃棄場所ではない。【選択肢イ】正しい。保有空地の説明である。【選択肢ウ】誤り。価格表示欄ではない。【選択肢エ】誤り。休憩場所ではない。【選択肢オ】誤り。免状保管棚ではない。,1:（1）「危険物を捨てるための空地である。」は、単独の記述としては法令上妥当な場合がありますが、本問で選ぶべき正答は（2）「施設周囲に確保する空地で、延焼防止や消火活動に関係する。」です。問題文の条件（保有空地の説明として、正しいものはどれか。…）と照らし、設問が問う論点に合う肢を選び直してください。;3:（3）「販売価格を表示する欄である。」は、単独の記述としては法令上妥当な場合がありますが、本問で選ぶべき正答は（2）「施設周囲に確保する空地で、延焼防止や消火活動に関係する。」です。問題文の条件（保有空地の説明として、正しいものはどれか。…）と照らし、設問が問う論点に合う肢を選び直してください。;4:（4）「受験者の休憩場所である。」は、単独の記述としては法令上妥当な場合がありますが、本問で選ぶべき正答は（2）「施設周囲に確保する空地で、延焼防止や消火活動に関係する。」です。問題文の条件（保有空地の説明として、正しいものはどれか。…）と照らし、設問が問う論点に合う肢を選び直してください。;5:（5）「免状を保管する棚である。」は、単独の記述としては法令上妥当な場合がありますが、本問で選ぶべき正答は（2）「施設周囲に確保する空地で、延焼防止や消火活動に関係する。」です。問題文の条件（保有空地の説明として、正しいものはどれか。…）と照らし、設問が問う論点に合う肢を選び直してください。,保有空地は、危険物施設の周囲に確保する空地で、延焼防止や消火活動に関係する。【試験ポイント】保有空地は施設周囲の空地。【ひっかけ】保安距離と混同しない。【選択肢ア】誤り。廃棄場所ではない。【選択肢イ】正しい。保有空地の説明である。【選択肢ウ】誤り。価格表示欄ではない。【選択肢エ】誤り。休憩場所ではない。【選択肢オ】誤り。免状保管棚ではない。,保有空地は、危険物施設の周囲に確保する空地で、延焼防止や消火活動に関係する。【試験ポイント】保有空地は施設周囲の空地。【ひっかけ】保安距離と混同しない。【選択肢ア】誤り。廃棄場所ではない。【選択肢イ】正しい。保有空地の説明である。【選択肢ウ】誤り。価格表示欄ではない。【選択肢エ】誤り。休憩場所ではない。【選択肢オ】誤り。免状保管棚ではない。,
464,single,法令・制度,L-224;LAW-042;警報設備等;警報設備・避難設備;基礎;網羅,火災を知らせる設備として最も適切なものはどれか。,,,,,,避難設備,指定数量設備,販売設備,警報設備,免状設備,4,警報設備は、火災などの異常を知らせるための設備である。【試験ポイント】警報設備は異常を知らせる。【ひっかけ】消火設備・避難設備と区別する。【選択肢ア】誤り。避難を助ける設備である。【選択肢イ】誤り。指定数量設備という分類ではない。【選択肢ウ】誤り。危険物法令上の設備分類ではない。【選択肢エ】正しい。警報設備である。【選択肢オ】誤り。免状設備という分類ではない。,1:（1）「避難設備」は、単独の記述としては法令上妥当な場合がありますが、本問で選ぶべき正答は（4）「警報設備」です。問題文の条件（火災を知らせる設備として最も適切なものはどれか。…）と照らし、設問が問う論点に合う肢を選び直してください。;2:（2）「指定数量設備」は、単独の記述としては法令上妥当な場合がありますが、本問で選ぶべき正答は（4）「警報設備」です。問題文の条件（火災を知らせる設備として最も適切なものはどれか。…）と照らし、設問が問う論点に合う肢を選び直してください。;3:（3）「販売設備」は、単独の記述としては法令上妥当な場合がありますが、本問で選ぶべき正答は（4）「警報設備」です。問題文の条件（火災を知らせる設備として最も適切なものはどれか。…）と照らし、設問が問う論点に合う肢を選び直してください。;5:（5）「免状設備」は、単独の記述としては法令上妥当な場合がありますが、本問で選ぶべき正答は（4）「警報設備」です。問題文の条件（火災を知らせる設備として最も適切なものはどれか。…）と照らし、設問が問う論点に合う肢を選び直してください。,警報設備は、火災などの異常を知らせるための設備である。【試験ポイント】警報設備は異常を知らせる。【ひっかけ】消火設備・避難設備と区別する。【選択肢ア】誤り。避難を助ける設備である。【選択肢イ】誤り。指定数量設備という分類ではない。【選択肢ウ】誤り。危険物法令上の設備分類ではない。【選択肢エ】正しい。警報設備である。【選択肢オ】誤り。免状設備という分類ではない。,警報設備は、火災などの異常を知らせるための設備である。【試験ポイント】警報設備は異常を知らせる。【ひっかけ】消火設備・避難設備と区別する。【選択肢ア】誤り。避難を助ける設備である。【選択肢イ】誤り。指定数量設備という分類ではない。【選択肢ウ】誤り。危険物法令上の設備分類ではない。【選択肢エ】正しい。警報設備である。【選択肢オ】誤り。免状設備という分類ではない,
465,single,法令・制度,L-225;LAW-047;貯蔵所基準;地下タンク貯蔵所の基準;標準;網羅,地下タンク貯蔵所で漏えい管理が重要な理由として、適切なものはどれか。,,,,,,火気使用が推奨されるため。,常に不燃性だから。,免状が不要だから。,指定数量が存在しないため。,地下に設置され、漏えい発見が遅れるおそれがあるため。,5,地下タンク貯蔵所では、地下に設置されたタンクからの漏えい発見や防止が重要である。【試験ポイント】地下タンクは漏えい管理が重要。【ひっかけ】見えにくい漏えいを軽視しない。【選択肢ア】誤り。火気使用は危険である。【選択肢イ】誤り。不燃性ではない。【選択肢ウ】誤り。免状制度と関係する。【選択肢エ】誤り。指定数量は関係する。【選択肢オ】正しい。漏えい発見が遅れるおそれがある。,1:（1）「火気使用が推奨されるため。」は、単独の記述としては法令上妥当な場合がありますが、本問で選ぶべき正答は（5）「地下に設置され、漏えい発見が遅れるおそれがあるため。」です。問題文の条件（地下タンク貯蔵所で漏えい管理が重要な理由として、適切なものはどれか。…）と照らし、設問が問う論点に合う肢を選び直してください。;2:（2）「常に不燃性だから。」は、単独の記述としては法令上妥当な場合がありますが、本問で選ぶべき正答は（5）「地下に設置され、漏えい発見が遅れるおそれがあるため。」です。問題文の条件（地下タンク貯蔵所で漏えい管理が重要な理由として、適切なものはどれか。…）と照らし、設問が問う論点に合う肢を選び直してください。;3:（3）「免状が不要だから。」は、単独の記述としては法令上妥当な場合がありますが、本問で選ぶべき正答は（5）「地下に設置され、漏えい発見が遅れるおそれがあるため。」です。問題文の条件（地下タンク貯蔵所で漏えい管理が重要な理由として、適切なものはどれか。…）と照らし、設問が問う論点に合う肢を選び直してください。;4:（4）「指定数量が存在しないため。」は、単独の記述としては法令上妥当な場合がありますが、本問で選ぶべき正答は（5）「地下に設置され、漏えい発見が遅れるおそれがあるため。」です。問題文の条件（地下タンク貯蔵所で漏えい管理が重要な理由として、適切なものはどれか。…）と照らし、設問が問う論点に合う肢を選び直してください。,地下タンク貯蔵所では、地下に設置されたタンクからの漏えい発見や防止が重要である。【試験ポイント】地下タンクは漏えい管理が重要。【ひっかけ】見えにくい漏えいを軽視しない。【選択肢ア】誤り。火気使用は危険である。【選択肢イ】誤り。不燃性ではない。【選択肢ウ】誤り。免状制度と関係する。【選択肢エ】誤り。指定数量は関係する。【選択肢オ】正しい。漏えい発見が遅れるおそれがある。,地下タンク貯蔵所では、地下に設置されたタンクからの漏えい発見や防止が重要である。【試験ポイント】地下タンクは漏えい管理が重要。【ひっかけ】見えにくい漏えいを軽視しない。【選択肢ア】誤り。火気使用は危険である。【選択肢イ】誤り。不燃性ではない。【選択肢ウ】誤り。免状制度と関係する。【選択肢エ】誤り。指定数量は関係する。【選択肢オ】正しい。漏えい発見が遅れるおそ,
466,single,法令・制度,L-226;LAW-050;取扱所基準;給油取扱所の基準;基礎;重点,給油取扱所で喫煙が危険な理由として、適切なものはどれか。,,,,,,危険物が第6類になるため。,火気が可燃性蒸気の点火源となるおそれがあるため。,指定数量が増えるため。,免状が自動で失効するため。,水溶性がなくなるため。,2,給油取扱所ではガソリン等の可燃性蒸気が発生するおそれがあり、喫煙などの火気は点火源となるため危険である。【試験ポイント】給油取扱所では火気厳禁。【ひっかけ】喫煙も火気として危険。【選択肢ア】誤り。類は変わらない。【選択肢イ】正しい。火気が点火源になり得る。【選択肢ウ】誤り。指定数量は増えない。【選択肢エ】誤り。免状とは直接関係ない。【選択肢オ】誤り。水溶性の問題ではない。,1:（1）「危険物が第6類になるため。」は、単独の記述としては法令上妥当な場合がありますが、本問で選ぶべき正答は（2）「火気が可燃性蒸気の点火源となるおそれがあるため。」です。問題文の条件（給油取扱所で喫煙が危険な理由として、適切なものはどれか。…）と照らし、設問が問う論点に合う肢を選び直してください。;3:（3）「指定数量が増えるため。」は、単独の記述としては法令上妥当な場合がありますが、本問で選ぶべき正答は（2）「火気が可燃性蒸気の点火源となるおそれがあるため。」です。問題文の条件（給油取扱所で喫煙が危険な理由として、適切なものはどれか。…）と照らし、設問が問う論点に合う肢を選び直してください。;4:（4）「免状が自動で失効するため。」は、単独の記述としては法令上妥当な場合がありますが、本問で選ぶべき正答は（2）「火気が可燃性蒸気の点火源となるおそれがあるため。」です。問題文の条件（給油取扱所で喫煙が危険な理由として、適切なものはどれか。…）と照らし、設問が問う論点に合う肢を選び直してください。;5:（5）「水溶性がなくなるため。」は、単独の記述としては法令上妥当な場合がありますが、本問で選ぶべき正答は（2）「火気が可燃性蒸気の点火源となるおそれがあるため。」です。問題文の条件（給油取扱所で喫煙が危険な理由として、適切なものはどれか。…）と照らし、設問が問う論点に合う肢を選び直してください。,給油取扱所ではガソリン等の可燃性蒸気が発生するおそれがあり、喫煙などの火気は点火源となるため危険である。【試験ポイント】給油取扱所では火気厳禁。【ひっかけ】喫煙も火気として危険。【選択肢ア】誤り。類は変わらない。【選択肢イ】正しい。火気が点火源になり得る。【選択肢ウ】誤り。指定数量は増えない。【選択肢エ】誤り。免状とは直接関係ない。【選択肢オ】誤り。水溶性の問題ではない。,給油取扱所ではガソリン等の可燃性蒸気が発生するおそれがあり、喫煙などの火気は点火源となるため危険である。【試験ポイント】給油取扱所では火気厳禁。【ひっかけ】喫煙も火気として危険。【選択肢ア】誤り。類は変わらない。【選択肢イ】正しい。火気が点火源になり得る。【選択肢ウ】誤り。指定数量は増えない。【選択肢エ】誤り。免状とは直接関係ない。【選択肢オ】誤り。水溶性の,
467,single,法令・制度,L-227;LAW-053;取扱所基準;移送取扱所の基準;基礎;網羅,配管により危険物を移送する施設として、正しいものはどれか。,,,,,,移送取扱所,屋内貯蔵所,簡易タンク貯蔵所,移動タンク貯蔵所,販売取扱所,1,配管などにより危険物を移送する施設は移送取扱所である。【試験ポイント】移送取扱所は配管による移送。【ひっかけ】移動タンク貯蔵所と混同しない。【選択肢ア】正しい。移送取扱所である。【選択肢イ】誤り。屋内で貯蔵する施設である。【選択肢ウ】誤り。貯蔵所である。【選択肢エ】誤り。車両固定タンクによる貯蔵所である。【選択肢オ】誤り。販売する取扱所である。,2:（2）「屋内貯蔵所」は、単独の記述としては法令上妥当な場合がありますが、本問で選ぶべき正答は（1）「移送取扱所」です。問題文の条件（配管により危険物を移送する施設として、正しいものはどれか。…）と照らし、設問が問う論点に合う肢を選び直してください。;3:（3）「簡易タンク貯蔵所」は、単独の記述としては法令上妥当な場合がありますが、本問で選ぶべき正答は（1）「移送取扱所」です。問題文の条件（配管により危険物を移送する施設として、正しいものはどれか。…）と照らし、設問が問う論点に合う肢を選び直してください。;4:（4）「移動タンク貯蔵所」は、単独の記述としては法令上妥当な場合がありますが、本問で選ぶべき正答は（1）「移送取扱所」です。問題文の条件（配管により危険物を移送する施設として、正しいものはどれか。…）と照らし、設問が問う論点に合う肢を選び直してください。;5:（5）「販売取扱所」は、単独の記述としては法令上妥当な場合がありますが、本問で選ぶべき正答は（1）「移送取扱所」です。問題文の条件（配管により危険物を移送する施設として、正しいものはどれか。…）と照らし、設問が問う論点に合う肢を選び直してください。,配管などにより危険物を移送する施設は移送取扱所である。【試験ポイント】移送取扱所は配管による移送。【ひっかけ】移動タンク貯蔵所と混同しない。【選択肢ア】正しい。移送取扱所である。【選択肢イ】誤り。屋内で貯蔵する施設である。【選択肢ウ】誤り。貯蔵所である。【選択肢エ】誤り。車両固定タンクによる貯蔵所である。【選択肢オ】誤り。販売する取扱所である。,配管などにより危険物を移送する施設は移送取扱所である。【試験ポイント】移送取扱所は配管による移送。【ひっかけ】移動タンク貯蔵所と混同しない。【選択肢ア】正しい。移送取扱所である。【選択肢イ】誤り。屋内で貯蔵する施設である。【選択肢ウ】誤り。貯蔵所である。【選択肢エ】誤り。車両固定タンクによる貯蔵所である。【選択肢オ】誤り。販売する取扱所である。,
468,single,法令・制度,L-228;LAW-055;運搬;運搬容器・収納・積載方法;基礎;重点,危険物運搬時に容器を固定する目的として、正しいものはどれか。,,,,,,転倒・落下・破損・漏えいを防ぐため。,指定数量をなくすため。,危険物を下水へ流すため。,可燃性蒸気を増やすため。,火花を発生させるため。,1,危険物運搬時には、容器の転倒、落下、破損、漏えいを防ぐことが重要である。【試験ポイント】運搬時は容器の転倒・破損・漏えい防止。【ひっかけ】表示だけでなく物理的固定も重要。【選択肢ア】正しい。固定の目的である。【選択肢イ】誤り。指定数量はなくならない。【選択肢ウ】誤り。下水へ流してはならない。【選択肢エ】誤り。蒸気を増やすのは危険である。【選択肢オ】誤り。火花は危険である。,2:（2）「指定数量をなくすため。」は、単独の記述としては法令上妥当な場合がありますが、本問で選ぶべき正答は（1）「転倒・落下・破損・漏えいを防ぐため。」です。問題文の条件（危険物運搬時に容器を固定する目的として、正しいものはどれか。…）と照らし、設問が問う論点に合う肢を選び直してください。;3:（3）「危険物を下水へ流すため。」は、単独の記述としては法令上妥当な場合がありますが、本問で選ぶべき正答は（1）「転倒・落下・破損・漏えいを防ぐため。」です。問題文の条件（危険物運搬時に容器を固定する目的として、正しいものはどれか。…）と照らし、設問が問う論点に合う肢を選び直してください。;4:（4）「可燃性蒸気を増やすため。」は、単独の記述としては法令上妥当な場合がありますが、本問で選ぶべき正答は（1）「転倒・落下・破損・漏えいを防ぐため。」です。問題文の条件（危険物運搬時に容器を固定する目的として、正しいものはどれか。…）と照らし、設問が問う論点に合う肢を選び直してください。;5:（5）「火花を発生させるため。」は、単独の記述としては法令上妥当な場合がありますが、本問で選ぶべき正答は（1）「転倒・落下・破損・漏えいを防ぐため。」です。問題文の条件（危険物運搬時に容器を固定する目的として、正しいものはどれか。…）と照らし、設問が問う論点に合う肢を選び直してください。,危険物運搬時には、容器の転倒、落下、破損、漏えいを防ぐことが重要である。【試験ポイント】運搬時は容器の転倒・破損・漏えい防止。【ひっかけ】表示だけでなく物理的固定も重要。【選択肢ア】正しい。固定の目的である。【選択肢イ】誤り。指定数量はなくならない。【選択肢ウ】誤り。下水へ流してはならない。【選択肢エ】誤り。蒸気を増やすのは危険である。【選択肢オ】誤り。火花は危険である。,危険物運搬時には、容器の転倒、落下、破損、漏えいを防ぐことが重要である。【試験ポイント】運搬時は容器の転倒・破損・漏えい防止。【ひっかけ】表示だけでなく物理的固定も重要。【選択肢ア】正しい。固定の目的である。【選択肢イ】誤り。指定数量はなくならない。【選択肢ウ】誤り。下水へ流してはならない。【選択肢エ】誤り。蒸気を増やすのは危険である。【選択肢オ】誤り。火花,
469,single,法令・制度,L-229;LAW-058;貯蔵・取扱基準;危険物の貯蔵・取扱いの共通基準;基礎;重点,第4類危険物の容器を開放したまま放置することが不適切な理由として、正しいものはどれか。,,,,,,免状が自動で書換えられるため。,酸素が完全になくなるため。,危険物が不燃性になるため。,可燃性蒸気が発生・滞留しやすくなるため。,指定数量が必ず減るため。,4,第4類危険物の容器を開放すると可燃性蒸気が発生・滞留しやすくなり、引火危険が高まる。【試験ポイント】容器は密栓し、蒸気の発生を抑える。【ひっかけ】開放放置は危険。【選択肢ア】誤り。免状とは関係ない。【選択肢イ】誤り。酸素が完全になくなるわけではない。【選択肢ウ】誤り。不燃性にはならない。【選択肢エ】正しい。可燃性蒸気に注意する。【選択肢オ】誤り。指定数量は減らない。,1:（1）「免状が自動で書換えられるため。」は、単独の記述としては法令上妥当な場合がありますが、本問で選ぶべき正答は（4）「可燃性蒸気が発生・滞留しやすくなるため。」です。問題文の条件（第4類危険物の容器を開放したまま放置することが不適切な理由として、正しいものはどれか。…）と照らし、設問が問う論点に合う肢を選び直してください。;2:（2）「酸素が完全になくなるため。」は、単独の記述としては法令上妥当な場合がありますが、本問で選ぶべき正答は（4）「可燃性蒸気が発生・滞留しやすくなるため。」です。問題文の条件（第4類危険物の容器を開放したまま放置することが不適切な理由として、正しいものはどれか。…）と照らし、設問が問う論点に合う肢を選び直してください。;3:（3）「危険物が不燃性になるため。」は、単独の記述としては法令上妥当な場合がありますが、本問で選ぶべき正答は（4）「可燃性蒸気が発生・滞留しやすくなるため。」です。問題文の条件（第4類危険物の容器を開放したまま放置することが不適切な理由として、正しいものはどれか。…）と照らし、設問が問う論点に合う肢を選び直してください。;5:（5）「指定数量が必ず減るため。」は、単独の記述としては法令上妥当な場合がありますが、本問で選ぶべき正答は（4）「可燃性蒸気が発生・滞留しやすくなるため。」です。問題文の条件（第4類危険物の容器を開放したまま放置することが不適切な理由として、正しいものはどれか。…）と照らし、設問が問う論点に合う肢を選び直してください。,第4類危険物の容器を開放すると可燃性蒸気が発生・滞留しやすくなり、引火危険が高まる。【試験ポイント】容器は密栓し、蒸気の発生を抑える。【ひっかけ】開放放置は危険。【選択肢ア】誤り。免状とは関係ない。【選択肢イ】誤り。酸素が完全になくなるわけではない。【選択肢ウ】誤り。不燃性にはならない。【選択肢エ】正しい。可燃性蒸気に注意する。【選択肢オ】誤り。指定数量は減らない。,第4類危険物の容器を開放すると可燃性蒸気が発生・滞留しやすくなり、引火危険が高まる。【試験ポイント】容器は密栓し、蒸気の発生を抑える。【ひっかけ】開放放置は危険。【選択肢ア】誤り。免状とは関係ない。【選択肢イ】誤り。酸素が完全になくなるわけではない。【選択肢ウ】誤り。不燃性にはならない。【選択肢エ】正しい。可燃性蒸気に注意する。【選択肢オ】誤り。指定数量は減,
470,single,法令・制度,L-230;LAW-061;総合問題;法令分野の複合・ひっかけ問題;標準;総合,法令分野の整理として、正しいものはどれか。,,,,,,保安距離は免状の有効期限である。,免状を持てば施設基準は不要である。,施設区分、指定数量、資格制度、保安管理を分けて整理する。,製造所等は危険物取扱者の総称である。,指定数量と保安講習は同じ制度である。,3,危険物法令では、施設区分、指定数量、資格制度、保安管理を分けて整理する必要がある。【試験ポイント】法令は制度ごとに分解する。【ひっかけ】似た用語を同一視しない。【選択肢ア】誤り。保安距離は位置基準である。【選択肢イ】誤り。施設基準は別である。【選択肢ウ】正しい。制度ごとに分ける。【選択肢エ】誤り。製造所等は施設の総称である。【選択肢オ】誤り。別制度である。,1:（1）「保安距離は免状の有効期限である。」は、単独の記述としては法令上妥当な場合がありますが、本問で選ぶべき正答は（3）「施設区分、指定数量、資格制度、保安管理を分けて整理する。」です。問題文の条件（法令分野の整理として、正しいものはどれか。…）と照らし、設問が問う論点に合う肢を選び直してください。;2:（2）「免状を持てば施設基準は不要である。」は、単独の記述としては法令上妥当な場合がありますが、本問で選ぶべき正答は（3）「施設区分、指定数量、資格制度、保安管理を分けて整理する。」です。問題文の条件（法令分野の整理として、正しいものはどれか。…）と照らし、設問が問う論点に合う肢を選び直してください。;4:（4）「製造所等は危険物取扱者の総称である。」は、単独の記述としては法令上妥当な場合がありますが、本問で選ぶべき正答は（3）「施設区分、指定数量、資格制度、保安管理を分けて整理する。」です。問題文の条件（法令分野の整理として、正しいものはどれか。…）と照らし、設問が問う論点に合う肢を選び直してください。;5:（5）「指定数量と保安講習は同じ制度である。」は、単独の記述としては法令上妥当な場合がありますが、本問で選ぶべき正答は（3）「施設区分、指定数量、資格制度、保安管理を分けて整理する。」です。問題文の条件（法令分野の整理として、正しいものはどれか。…）と照らし、設問が問う論点に合う肢を選び直してください。,危険物法令では、施設区分、指定数量、資格制度、保安管理を分けて整理する必要がある。,危険物法令では、施設区分、指定数量、資格制度、保安管理を分けて整理する必要がある。【試験ポイント】法令は制度ごとに分解する。【ひっかけ】似た用語を同一視しない。【選択肢ア】誤り。保安距離は位置基準である。【選択肢イ】誤り。施設基準は別である。【選択肢ウ】正しい。制度ごとに分ける。【選択肢エ】誤り。製造所等は施設の総称である。【選択肢オ】誤り。別制度である。,
471,single,物性・化学,PC-128;PC-003;燃焼;完全燃焼・不完全燃焼;基礎;重点,完全燃焼に近い状態として、適切なものはどれか。,,,,,,酸素が不足し、一酸化炭素だけを必ず生じる燃焼。,火源なしで必ず始まる燃焼。,液体が固体になる現象。,酸素が十分に供給され、二酸化炭素などを生じる燃焼。,水に溶ける現象。,4,完全燃焼では酸素が十分に供給され、二酸化炭素などを生じる。【試験ポイント】完全燃焼と不完全燃焼を区別する。【ひっかけ】一酸化炭素は不完全燃焼で注意。【選択肢ア】誤り。不完全燃焼に近い。【選択肢イ】誤り。自然発火の説明に近い。【選択肢ウ】誤り。凝固である。【選択肢エ】正しい。完全燃焼に近い説明である。【選択肢オ】誤り。溶解である。,1:（1）の内容は、正答（4）「酸素が十分に供給され、二酸化炭素などを生じる燃焼。」が示す論点とずれています。 解説の要点：完全燃焼では酸素が十分に供給され、二酸化炭素などを生じる。【試験ポイント】完全燃焼と不完全燃焼を区別する。【ひっかけ】一酸化炭素は不完全燃焼で注意。【選択肢ア】誤り。不完全燃焼に近い。【選択肢イ】誤り。自然発火の説明に近い。【選択肢ウ】誤り。凝固である。【選択肢エ】正しい。完全燃… 正答（4）との違いを確認し直してください。;2:（2）「火源なしで必ず始まる燃焼。」は、単独の記述としては法令上妥当な場合がありますが、本問で選ぶべき正答は（4）「酸素が十分に供給され、二酸化炭素などを生じる燃焼。」です。問題文の条件（完全燃焼に近い状態として、適切なものはどれか。…）と照らし、設問が問う論点に合う肢を選び直してください。;3:（3）「液体が固体になる現象。」は、単独の記述としては法令上妥当な場合がありますが、本問で選ぶべき正答は（4）「酸素が十分に供給され、二酸化炭素などを生じる燃焼。」です。問題文の条件（完全燃焼に近い状態として、適切なものはどれか。…）と照らし、設問が問う論点に合う肢を選び直してください。;5:（5）「水に溶ける現象。」は、単独の記述としては法令上妥当な場合がありますが、本問で選ぶべき正答は（4）「酸素が十分に供給され、二酸化炭素などを生じる燃焼。」です。問題文の条件（完全燃焼に近い状態として、適切なものはどれか。…）と照らし、設問が問う論点に合う肢を選び直してください。,完全燃焼では酸素が十分に供給され、二酸化炭素などを生じる。,完全燃焼では酸素が十分に供給され、二酸化炭素などを生じる。【試験ポイント】完全燃焼と不完全燃焼を区別する。【ひっかけ】一酸化炭素は不完全燃焼で注意。【選択肢ア】誤り。不完全燃焼に近い。【選択肢イ】誤り。自然発火の説明に近い。【選択肢ウ】誤り。凝固である。【選択肢エ】正しい。完全燃焼に近い説明である。【選択肢オ】誤り。溶解である。,
472,single,物性・化学,PC-129;PC-005;燃焼;可燃物・酸素供給源・点火源;基礎;重点,燃焼の三要素から可燃物を取り除く消火方法はどれか。,,,,,,抑制消火,冷却消火,除去消火,窒息消火,中和消火,3,可燃物を取り除くことで燃焼を止める方法は除去消火である。【試験ポイント】除去消火は可燃物を取り除く。【ひっかけ】三要素と消火方法を対応づける。【選択肢ア】誤り。連鎖反応を抑える方法である。【選択肢イ】誤り。温度を下げる方法である。【選択肢ウ】正しい。除去消火である。【選択肢エ】誤り。酸素供給を断つ方法である。【選択肢オ】誤り。一般的な消火方式ではない。,1:（1）「抑制消火」は、単独の記述としては法令上妥当な場合がありますが、本問で選ぶべき正答は（3）「除去消火」です。問題文の条件（燃焼の三要素から可燃物を取り除く消火方法はどれか。…）と照らし、設問が問う論点に合う肢を選び直してください。;2:（2）「冷却消火」は、単独の記述としては法令上妥当な場合がありますが、本問で選ぶべき正答は（3）「除去消火」です。問題文の条件（燃焼の三要素から可燃物を取り除く消火方法はどれか。…）と照らし、設問が問う論点に合う肢を選び直してください。;4:（4）「窒息消火」は、単独の記述としては法令上妥当な場合がありますが、本問で選ぶべき正答は（3）「除去消火」です。問題文の条件（燃焼の三要素から可燃物を取り除く消火方法はどれか。…）と照らし、設問が問う論点に合う肢を選び直してください。;5:（5）「中和消火」は、単独の記述としては法令上妥当な場合がありますが、本問で選ぶべき正答は（3）「除去消火」です。問題文の条件（燃焼の三要素から可燃物を取り除く消火方法はどれか。…）と照らし、設問が問う論点に合う肢を選び直してください。,可燃物を取り除くことで燃焼を止める方法は除去消火である。【試験ポイント】除去消火は可燃物を取り除く。【ひっかけ】三要素と消火方法を対応づける。【選択肢ア】誤り。連鎖反応を抑える方法である。【選択肢イ】誤り。温度を下げる方法である。【選択肢ウ】正しい。除去消火である。【選択肢エ】誤り。酸素供給を断つ方法である。【選択肢オ】誤り。一般的な消火方式ではない。,可燃物を取り除くことで燃焼を止める方法は除去消火である。【試験ポイント】除去消火は可燃物を取り除く。【ひっかけ】三要素と消火方法を対応づける。【選択肢ア】誤り。連鎖反応を抑える方法である。【選択肢イ】誤り。温度を下げる方法である。【選択肢ウ】正しい。除去消火である。【選択肢エ】誤り。酸素供給を断つ方法である。【選択肢オ】誤り。一般的な消火方式ではない。,
473,single,物性・化学,PC-130;PC-006;燃焼;引火・発火・自然発火の違い;標準;重点,引火点について、正しい説明はどれか。,,,,,,火源を近づけたときに可燃性蒸気が引火する最低温度である。,火源なしで燃え始める最低温度である。,液体が沸騰する温度である。,水溶液の酸性度を示す値である。,固体が液体になる温度である。,1,引火点は、火源を近づけたときに可燃性蒸気が引火する最低温度である。【試験ポイント】引火点は火源あり、発火点は火源なし。【ひっかけ】温度用語を混同しない。【選択肢ア】正しい。引火点の説明である。【選択肢イ】誤り。発火点の説明である。【選択肢ウ】誤り。沸点である。【選択肢エ】誤り。pHの説明である。【選択肢オ】誤り。融点である。,2:（2）「火源なしで燃え始める最低温度である。」は、単独の記述としては法令上妥当な場合がありますが、本問で選ぶべき正答は（1）「火源を近づけたときに可燃性蒸気が引火する最低温度である。」です。問題文の条件（引火点について、正しい説明はどれか。…）と照らし、設問が問う論点に合う肢を選び直してください。;3:（3）「液体が沸騰する温度である。」は、単独の記述としては法令上妥当な場合がありますが、本問で選ぶべき正答は（1）「火源を近づけたときに可燃性蒸気が引火する最低温度である。」です。問題文の条件（引火点について、正しい説明はどれか。…）と照らし、設問が問う論点に合う肢を選び直してください。;4:（4）「水溶液の酸性度を示す値である。」は、単独の記述としては法令上妥当な場合がありますが、本問で選ぶべき正答は（1）「火源を近づけたときに可燃性蒸気が引火する最低温度である。」です。問題文の条件（引火点について、正しい説明はどれか。…）と照らし、設問が問う論点に合う肢を選び直してください。;5:（5）「固体が液体になる温度である。」は、単独の記述としては法令上妥当な場合がありますが、本問で選ぶべき正答は（1）「火源を近づけたときに可燃性蒸気が引火する最低温度である。」です。問題文の条件（引火点について、正しい説明はどれか。…）と照らし、設問が問う論点に合う肢を選び直してください。,引火点は、火源を近づけたときに可燃性蒸気が引火する最低温度である。,引火点は、火源を近づけたときに可燃性蒸気が引火する最低温度である。【試験ポイント】引火点は火源あり、発火点は火源なし。【ひっかけ】温度用語を混同しない。【選択肢ア】正しい。引火点の説明である。【選択肢イ】誤り。発火点の説明である。【選択肢ウ】誤り。沸点である。【選択肢エ】誤り。pHの説明である。【選択肢オ】誤り。融点である。,
474,single,物性・化学,PC-131;PC-008;燃焼;下限界・上限界;標準;重点,燃焼範囲の下限界を下回る混合気について、正しいものはどれか。,,,,,,可燃性蒸気が濃すぎて燃焼しにくい。,必ず液体になる。,必ず自然発火する。,可燃性蒸気が薄すぎて燃焼しにくい。,必ず水に沈む。,4,燃焼範囲の下限界を下回ると、可燃性蒸気が薄すぎて燃焼しにくい。【試験ポイント】燃焼範囲は下限と上限で考える。【ひっかけ】薄すぎても濃すぎても燃えにくい。【選択肢ア】誤り。上限界を超えた場合の説明である。【選択肢イ】誤り。状態変化ではない。【選択肢ウ】誤り。自然発火とは別である。【選択肢エ】正しい。薄すぎる状態である。【選択肢オ】誤り。比重とは別である。,1:（1）「可燃性蒸気が濃すぎて燃焼しにくい。」は、単独の記述としては法令上妥当な場合がありますが、本問で選ぶべき正答は（4）「可燃性蒸気が薄すぎて燃焼しにくい。」です。問題文の条件（燃焼範囲の下限界を下回る混合気について、正しいものはどれか。…）と照らし、設問が問う論点に合う肢を選び直してください。;2:（2）「必ず液体になる。」は、単独の記述としては法令上妥当な場合がありますが、本問で選ぶべき正答は（4）「可燃性蒸気が薄すぎて燃焼しにくい。」です。問題文の条件（燃焼範囲の下限界を下回る混合気について、正しいものはどれか。…）と照らし、設問が問う論点に合う肢を選び直してください。;3:（3）「必ず自然発火する。」は、単独の記述としては法令上妥当な場合がありますが、本問で選ぶべき正答は（4）「可燃性蒸気が薄すぎて燃焼しにくい。」です。問題文の条件（燃焼範囲の下限界を下回る混合気について、正しいものはどれか。…）と照らし、設問が問う論点に合う肢を選び直してください。;5:（5）「必ず水に沈む。」は、単独の記述としては法令上妥当な場合がありますが、本問で選ぶべき正答は（4）「可燃性蒸気が薄すぎて燃焼しにくい。」です。問題文の条件（燃焼範囲の下限界を下回る混合気について、正しいものはどれか。…）と照らし、設問が問う論点に合う肢を選び直してください。,燃焼範囲の下限界を下回ると、可燃性蒸気が薄すぎて燃焼しにくい。,燃焼範囲の下限界を下回ると、可燃性蒸気が薄すぎて燃焼しにくい。【試験ポイント】燃焼範囲は下限と上限で考える。【ひっかけ】薄すぎても濃すぎても燃えにくい。【選択肢ア】誤り。上限界を超えた場合の説明である。【選択肢イ】誤り。状態変化ではない。【選択肢ウ】誤り。自然発火とは別である。【選択肢エ】正しい。薄すぎる状態である。【選択肢オ】誤り。比重とは別である。,
475,single,物性・化学,PC-132;PC-014;消火;抑制消火・負触媒効果;標準;網羅,粉末消火剤の消火効果として関係が深いものはどれか。,,,,,,指定数量を増やす効果,燃焼の連鎖反応を抑える効果,火花を発生させる効果,酸素を大量に供給する効果,可燃物を増やす効果,2,粉末消火剤は、燃焼の連鎖反応を抑える効果などにより消火する。【試験ポイント】粉末消火剤は抑制消火に関係する。【ひっかけ】消火剤の作用を整理する。【選択肢ア】誤り。指定数量は変わらない。【選択肢イ】正しい。抑制効果に関係する。【選択肢ウ】誤り。火花を発生させない。【選択肢エ】誤り。酸素供給は燃焼を助ける。【選択肢オ】誤り。可燃物を増やさない。,1:（1）「指定数量を増やす効果」は、単独の記述としては法令上妥当な場合がありますが、本問で選ぶべき正答は（2）「燃焼の連鎖反応を抑える効果」です。問題文の条件（粉末消火剤の消火効果として関係が深いものはどれか。…）と照らし、設問が問う論点に合う肢を選び直してください。;3:（3）「火花を発生させる効果」は、単独の記述としては法令上妥当な場合がありますが、本問で選ぶべき正答は（2）「燃焼の連鎖反応を抑える効果」です。問題文の条件（粉末消火剤の消火効果として関係が深いものはどれか。…）と照らし、設問が問う論点に合う肢を選び直してください。;4:（4）「酸素を大量に供給する効果」は、単独の記述としては法令上妥当な場合がありますが、本問で選ぶべき正答は（2）「燃焼の連鎖反応を抑える効果」です。問題文の条件（粉末消火剤の消火効果として関係が深いものはどれか。…）と照らし、設問が問う論点に合う肢を選び直してください。;5:（5）「可燃物を増やす効果」は、単独の記述としては法令上妥当な場合がありますが、本問で選ぶべき正答は（2）「燃焼の連鎖反応を抑える効果」です。問題文の条件（粉末消火剤の消火効果として関係が深いものはどれか。…）と照らし、設問が問う論点に合う肢を選び直してください。,粉末消火剤は、燃焼の連鎖反応を抑える効果などにより消火する。,粉末消火剤は、燃焼の連鎖反応を抑える効果などにより消火する。【試験ポイント】粉末消火剤は抑制消火に関係する。【ひっかけ】消火剤の作用を整理する。【選択肢ア】誤り。指定数量は変わらない。【選択肢イ】正しい。抑制効果に関係する。【選択肢ウ】誤り。火花を発生させない。【選択肢エ】誤り。酸素供給は燃焼を助ける。【選択肢オ】誤り。可燃物を増やさない。,
476,single,物性・化学,PC-133;PC-017;熱;温度と熱量;基礎;網羅,温度の説明として、最も適切なものはどれか。,,,,,,水溶液の酸性度だけを表す。,体積を質量で割った値である。,指定数量の倍数である。,物体の熱さ冷たさの程度を表す。,熱エネルギーの総量だけを表す。,4,温度は、物体の熱さ冷たさの程度を表す。【試験ポイント】温度と熱量を区別する。【ひっかけ】熱量はエネルギー量。【選択肢ア】誤り。pHの説明である。【選択肢イ】誤り。密度の逆に近い。【選択肢ウ】誤り。指定数量倍数ではない。【選択肢エ】正しい。温度の説明である。【選択肢オ】誤り。熱量の説明に近い。,1:（1）「水溶液の酸性度だけを表す。」は、単独の記述としては法令上妥当な場合がありますが、本問で選ぶべき正答は（4）「物体の熱さ冷たさの程度を表す。」です。問題文の条件（温度の説明として、最も適切なものはどれか。…）と照らし、設問が問う論点に合う肢を選び直してください。;2:（2）「体積を質量で割った値である。」は、単独の記述としては法令上妥当な場合がありますが、本問で選ぶべき正答は（4）「物体の熱さ冷たさの程度を表す。」です。問題文の条件（温度の説明として、最も適切なものはどれか。…）と照らし、設問が問う論点に合う肢を選び直してください。;3:（3）「指定数量の倍数である。」は、単独の記述としては法令上妥当な場合がありますが、本問で選ぶべき正答は（4）「物体の熱さ冷たさの程度を表す。」です。問題文の条件（温度の説明として、最も適切なものはどれか。…）と照らし、設問が問う論点に合う肢を選び直してください。;5:（5）「熱エネルギーの総量だけを表す。」は、単独の記述としては法令上妥当な場合がありますが、本問で選ぶべき正答は（4）「物体の熱さ冷たさの程度を表す。」です。問題文の条件（温度の説明として、最も適切なものはどれか。…）と照らし、設問が問う論点に合う肢を選び直してください。,温度は、物体の熱さ冷たさの程度を表す。,温度は、物体の熱さ冷たさの程度を表す。【試験ポイント】温度と熱量を区別する。【ひっかけ】熱量はエネルギー量。【選択肢ア】誤り。pHの説明である。【選択肢イ】誤り。密度の逆に近い。【選択肢ウ】誤り。指定数量倍数ではない。【選択肢エ】正しい。温度の説明である。【選択肢オ】誤り。熱量の説明に近い。,
477,single,物性・化学,PC-134;PC-022;熱;潜熱・顕熱;標準;網羅,氷が水に変わるときに出入りする熱として、関係が深いものはどれか。,,,,,,指定数量,蒸気比重,pH,潜熱,免状番号,4,融解などの状態変化に伴って出入りする熱は潜熱である。【試験ポイント】潜熱は状態変化に関係する。【ひっかけ】温度変化として現れにくい熱。【選択肢ア】誤り。危険物の基準数量である。【選択肢イ】誤り。蒸気の重さの比である。【選択肢ウ】誤り。酸性・アルカリ性の指標である。【選択肢エ】正しい。潜熱である。【選択肢オ】誤り。資格証の番号である。,1:（1）「指定数量」は、単独の記述としては法令上妥当な場合がありますが、本問で選ぶべき正答は（4）「潜熱」です。問題文の条件（氷が水に変わるときに出入りする熱として、関係が深いものはどれか。…）と照らし、設問が問う論点に合う肢を選び直してください。;2:（2）「蒸気比重」は、単独の記述としては法令上妥当な場合がありますが、本問で選ぶべき正答は（4）「潜熱」です。問題文の条件（氷が水に変わるときに出入りする熱として、関係が深いものはどれか。…）と照らし、設問が問う論点に合う肢を選び直してください。;3:（3）「pH」は、単独の記述としては法令上妥当な場合がありますが、本問で選ぶべき正答は（4）「潜熱」です。問題文の条件（氷が水に変わるときに出入りする熱として、関係が深いものはどれか。…）と照らし、設問が問う論点に合う肢を選び直してください。;5:（5）「免状番号」は、単独の記述としては法令上妥当な場合がありますが、本問で選ぶべき正答は（4）「潜熱」です。問題文の条件（氷が水に変わるときに出入りする熱として、関係が深いものはどれか。…）と照らし、設問が問う論点に合う肢を選び直してください。,融解などの状態変化に伴って出入りする熱は潜熱である。【試験ポイント】潜熱は状態変化に関係する。【ひっかけ】温度変化として現れにくい熱。【選択肢ア】誤り。危険物の基準数量である。【選択肢イ】誤り。蒸気の重さの比である。【選択肢ウ】誤り。酸性・アルカリ性の指標である。【選択肢エ】正しい。潜熱である。【選択肢オ】誤り。資格証の番号である。,融解などの状態変化に伴って出入りする熱は潜熱である。【試験ポイント】潜熱は状態変化に関係する。【ひっかけ】温度変化として現れにくい熱。【選択肢ア】誤り。危険物の基準数量である。【選択肢イ】誤り。蒸気の重さの比である。【選択肢ウ】誤り。酸性・アルカリ性の指標である。【選択肢エ】正しい。潜熱である。【選択肢オ】誤り。資格証の番号である。,
478,single,物性・化学,PC-135;PC-024;物質の状態;融点・沸点;基礎;網羅,固体が液体になり始める温度を何というか。,,,,,,沸点,引火点,発火点,融点,燃焼範囲,4,固体が液体になり始める温度は融点である。【試験ポイント】融点は固体が液体になる温度。【ひっかけ】沸点・引火点と区別する。【選択肢ア】誤り。液体が沸騰する温度である。【選択肢イ】誤り。火源で引火する最低温度である。【選択肢ウ】誤り。火源なしで発火する最低温度である。【選択肢エ】正しい。融点である。【選択肢オ】誤り。濃度範囲である。,1:（1）「沸点」は、単独の記述としては法令上妥当な場合がありますが、本問で選ぶべき正答は（4）「融点」です。問題文の条件（固体が液体になり始める温度を何というか。…）と照らし、設問が問う論点に合う肢を選び直してください。;2:（2）「引火点」は、単独の記述としては法令上妥当な場合がありますが、本問で選ぶべき正答は（4）「融点」です。問題文の条件（固体が液体になり始める温度を何というか。…）と照らし、設問が問う論点に合う肢を選び直してください。;3:（3）「発火点」は、単独の記述としては法令上妥当な場合がありますが、本問で選ぶべき正答は（4）「融点」です。問題文の条件（固体が液体になり始める温度を何というか。…）と照らし、設問が問う論点に合う肢を選び直してください。;5:（5）「燃焼範囲」は、単独の記述としては法令上妥当な場合がありますが、本問で選ぶべき正答は（4）「融点」です。問題文の条件（固体が液体になり始める温度を何というか。…）と照らし、設問が問う論点に合う肢を選び直してください。,固体が液体になり始める温度は融点である。【試験ポイント】融点は固体が液体になる温度。【ひっかけ】沸点・引火点と区別する。【選択肢ア】誤り。液体が沸騰する温度である。【選択肢イ】誤り。火源で引火する最低温度である。【選択肢ウ】誤り。火源なしで発火する最低温度である。【選択肢エ】正しい。融点である。【選択肢オ】誤り。濃度範囲である。,固体が液体になり始める温度は融点である。【試験ポイント】融点は固体が液体になる温度。【ひっかけ】沸点・引火点と区別する。【選択肢ア】誤り。液体が沸騰する温度である。【選択肢イ】誤り。火源で引火する最低温度である。【選択肢ウ】誤り。火源なしで発火する最低温度である。【選択肢エ】正しい。融点である。【選択肢オ】誤り。濃度範囲である。,
479,single,物性・化学,PC-136;PC-030;密度・比重;比重;基礎;重点,液比重が1より大きい液体について、一般に正しいものはどれか。,,,,,,水より軽く浮きやすい。,水より重く沈みやすい。,必ず酸素を放出する。,必ず不燃性である。,必ず空気より軽い蒸気を出す。,2,液比重が1より大きい液体は、水より重く沈みやすい。【試験ポイント】液比重1超は水より重い。【ひっかけ】液比重と蒸気比重を混同しない。【選択肢ア】誤り。液比重1未満の説明である。【選択肢イ】正しい。水より重い。【選択肢ウ】誤り。酸素放出とは別である。【選択肢エ】誤り。不燃性とは限らない。【選択肢オ】誤り。蒸気比重とは別である。,1:（1）「水より軽く浮きやすい。」は、単独の記述としては法令上妥当な場合がありますが、本問で選ぶべき正答は（2）「水より重く沈みやすい。」です。問題文の条件（液比重が1より大きい液体について、一般に正しいものはどれか。…）と照らし、設問が問う論点に合う肢を選び直してください。;3:（3）「必ず酸素を放出する。」は、単独の記述としては法令上妥当な場合がありますが、本問で選ぶべき正答は（2）「水より重く沈みやすい。」です。問題文の条件（液比重が1より大きい液体について、一般に正しいものはどれか。…）と照らし、設問が問う論点に合う肢を選び直してください。;4:（4）「必ず不燃性である。」は、単独の記述としては法令上妥当な場合がありますが、本問で選ぶべき正答は（2）「水より重く沈みやすい。」です。問題文の条件（液比重が1より大きい液体について、一般に正しいものはどれか。…）と照らし、設問が問う論点に合う肢を選び直してください。;5:（5）「必ず空気より軽い蒸気を出す。」は、単独の記述としては法令上妥当な場合がありますが、本問で選ぶべき正答は（2）「水より重く沈みやすい。」です。問題文の条件（液比重が1より大きい液体について、一般に正しいものはどれか。…）と照らし、設問が問う論点に合う肢を選び直してください。,液比重が1より大きい液体は、水より重く沈みやすい。,液比重が1より大きい液体は、水より重く沈みやすい。【試験ポイント】液比重1超は水より重い。【ひっかけ】液比重と蒸気比重を混同しない。【選択肢ア】誤り。液比重1未満の説明である。【選択肢イ】正しい。水より重い。【選択肢ウ】誤り。酸素放出とは別である。【選択肢エ】誤り。不燃性とは限らない。【選択肢オ】誤り。蒸気比重とは別である。,
480,single,物性・化学,PC-137;PC-032;密度・比重;蒸気比重;標準;重点,蒸気比重が1より小さい蒸気について、一般に正しいものはどれか。,,,,,,必ず水に沈む。,空気より軽い。,空気より重い。,必ず水に溶ける。,必ず不燃性である。,2,蒸気比重が1より小さい蒸気は、空気より軽い。【試験ポイント】蒸気比重1未満は空気より軽い。【ひっかけ】液比重と基準が違う。【選択肢ア】誤り。液体の比重ではない。【選択肢イ】正しい。空気より軽い。【選択肢ウ】誤り。1より大きい場合である。【選択肢エ】誤り。水溶性とは別である。【選択肢オ】誤り。不燃性とは限らない。,1:（1）「必ず水に沈む。」は、単独の記述としては法令上妥当な場合がありますが、本問で選ぶべき正答は（2）「空気より軽い。」です。問題文の条件（蒸気比重が1より小さい蒸気について、一般に正しいものはどれか。…）と照らし、設問が問う論点に合う肢を選び直してください。;3:（3）「空気より重い。」は、単独の記述としては法令上妥当な場合がありますが、本問で選ぶべき正答は（2）「空気より軽い。」です。問題文の条件（蒸気比重が1より小さい蒸気について、一般に正しいものはどれか。…）と照らし、設問が問う論点に合う肢を選び直してください。;4:（4）「必ず水に溶ける。」は、単独の記述としては法令上妥当な場合がありますが、本問で選ぶべき正答は（2）「空気より軽い。」です。問題文の条件（蒸気比重が1より小さい蒸気について、一般に正しいものはどれか。…）と照らし、設問が問う論点に合う肢を選び直してください。;5:（5）「必ず不燃性である。」は、単独の記述としては法令上妥当な場合がありますが、本問で選ぶべき正答は（2）「空気より軽い。」です。問題文の条件（蒸気比重が1より小さい蒸気について、一般に正しいものはどれか。…）と照らし、設問が問う論点に合う肢を選び直してください。,蒸気比重が1より小さい蒸気は、空気より軽い。【試験ポイント】蒸気比重1未満は空気より軽い。【ひっかけ】液比重と基準が違う。【選択肢ア】誤り。液体の比重ではない。【選択肢イ】正しい。空気より軽い。【選択肢ウ】誤り。1より大きい場合である。【選択肢エ】誤り。水溶性とは別である。【選択肢オ】誤り。不燃性とは限らない。,蒸気比重が1より小さい蒸気は、空気より軽い。【試験ポイント】蒸気比重1未満は空気より軽い。【ひっかけ】液比重と基準が違う。【選択肢ア】誤り。液体の比重ではない。【選択肢イ】正しい。空気より軽い。【選択肢ウ】誤り。1より大きい場合である。【選択肢エ】誤り。水溶性とは別である。【選択肢オ】誤り。不燃性とは限らない。,
481,single,物性・化学,PC-138;PC-038;物質の構成;元素と化合物;基礎;網羅,元素の説明として、正しいものはどれか。,,,,,,免状の有効期限である。,危険物の指定数量である。,液体が気体になる温度である。,物質を構成する基本的な成分である。,蒸気の空気に対する重さである。,4,元素は、物質を構成する基本的な成分である。【試験ポイント】元素は物質を構成する基本成分。【ひっかけ】単体・化合物の理解につながる。【選択肢ア】誤り。免状の有効期限ではない。【選択肢イ】誤り。指定数量ではない。【選択肢ウ】誤り。沸点の説明である。【選択肢エ】正しい。元素の説明である。【選択肢オ】誤り。蒸気比重である。,1:（1）「免状の有効期限である。」は、単独の記述としては法令上妥当な場合がありますが、本問で選ぶべき正答は（4）「物質を構成する基本的な成分である。」です。問題文の条件（元素の説明として、正しいものはどれか。…）と照らし、設問が問う論点に合う肢を選び直してください。;2:（2）「危険物の指定数量である。」は、単独の記述としては法令上妥当な場合がありますが、本問で選ぶべき正答は（4）「物質を構成する基本的な成分である。」です。問題文の条件（元素の説明として、正しいものはどれか。…）と照らし、設問が問う論点に合う肢を選び直してください。;3:（3）「液体が気体になる温度である。」は、単独の記述としては法令上妥当な場合がありますが、本問で選ぶべき正答は（4）「物質を構成する基本的な成分である。」です。問題文の条件（元素の説明として、正しいものはどれか。…）と照らし、設問が問う論点に合う肢を選び直してください。;5:（5）「蒸気の空気に対する重さである。」は、単独の記述としては法令上妥当な場合がありますが、本問で選ぶべき正答は（4）「物質を構成する基本的な成分である。」です。問題文の条件（元素の説明として、正しいものはどれか。…）と照らし、設問が問う論点に合う肢を選び直してください。,元素は、物質を構成する基本的な成分である。,元素は、物質を構成する基本的な成分である。【試験ポイント】元素は物質を構成する基本成分。【ひっかけ】単体・化合物の理解につながる。【選択肢ア】誤り。免状の有効期限ではない。【選択肢イ】誤り。指定数量ではない。【選択肢ウ】誤り。沸点の説明である。【選択肢エ】正しい。元素の説明である。【選択肢オ】誤り。蒸気比重である。,
482,single,物性・化学,PC-139;PC-041;化学反応;化学変化と物理変化;基礎;網羅,化学変化の特徴として、正しいものはどれか。,,,,,,水に浮くかどうかの値である。,指定数量が変わる手続きである。,形だけが変わり、物質は常に同じである。,免状が再交付される手続きである。,別の物質が生じる変化である。,5,化学変化は、反応によって別の物質が生じる変化である。【試験ポイント】化学変化は別物質が生じる。【ひっかけ】物理変化と区別する。【選択肢ア】誤り。比重の話である。【選択肢イ】誤り。法令手続きではない。【選択肢ウ】誤り。物理変化の説明に近い。【選択肢エ】誤り。免状手続きではない。【選択肢オ】正しい。化学変化の特徴である。,1:（1）「水に浮くかどうかの値である。」は、単独の記述としては法令上妥当な場合がありますが、本問で選ぶべき正答は（5）「別の物質が生じる変化である。」です。問題文の条件（化学変化の特徴として、正しいものはどれか。…）と照らし、設問が問う論点に合う肢を選び直してください。;2:（2）「指定数量が変わる手続きである。」は、単独の記述としては法令上妥当な場合がありますが、本問で選ぶべき正答は（5）「別の物質が生じる変化である。」です。問題文の条件（化学変化の特徴として、正しいものはどれか。…）と照らし、設問が問う論点に合う肢を選び直してください。;3:（3）の内容は、正答（5）「別の物質が生じる変化である。」が示す論点とずれています。 解説の要点：化学変化は、反応によって別の物質が生じる変化である。【試験ポイント】化学変化は別物質が生じる。【ひっかけ】物理変化と区別する。【選択肢ア】誤り。比重の話である。【選択肢イ】誤り。法令手続きではない。【選択肢ウ】誤り。物理変化の説明に近い。【選択肢エ】誤り。免状手続きではない。【選… 正答（5）との違いを確認し直してください。;4:（4）「免状が再交付される手続きである。」は、単独の記述としては法令上妥当な場合がありますが、本問で選ぶべき正答は（5）「別の物質が生じる変化である。」です。問題文の条件（化学変化の特徴として、正しいものはどれか。…）と照らし、設問が問う論点に合う肢を選び直してください。,化学変化は、反応によって別の物質が生じる変化である。,化学変化は、反応によって別の物質が生じる変化である。【試験ポイント】化学変化は別物質が生じる。【ひっかけ】物理変化と区別する。【選択肢ア】誤り。比重の話である。【選択肢イ】誤り。法令手続きではない。【選択肢ウ】誤り。物理変化の説明に近い。【選択肢エ】誤り。免状手続きではない。【選択肢オ】正しい。化学変化の特徴である。,
483,single,物性・化学,PC-140;PC-046;酸化・還元;還元;基礎;網羅,酸化物から酸素を奪う反応として、一般に関係が深いものはどれか。,,,,,,中和,凝固,蒸発,融解,還元,5,酸化物から酸素を奪う反応は還元と関係が深い。【試験ポイント】還元は酸化と対になる反応。【ひっかけ】状態変化と混同しない。【選択肢ア】誤り。酸とアルカリの反応である。【選択肢イ】誤り。液体が固体になる現象である。【選択肢ウ】誤り。液体が気体になる現象である。【選択肢エ】誤り。固体が液体になる現象である。【選択肢オ】正しい。還元である。,1:（1）「中和」は、単独の記述としては法令上妥当な場合がありますが、本問で選ぶべき正答は（5）「還元」です。問題文の条件（酸化物から酸素を奪う反応として、一般に関係が深いものはどれか。…）と照らし、設問が問う論点に合う肢を選び直してください。;2:（2）「凝固」は、単独の記述としては法令上妥当な場合がありますが、本問で選ぶべき正答は（5）「還元」です。問題文の条件（酸化物から酸素を奪う反応として、一般に関係が深いものはどれか。…）と照らし、設問が問う論点に合う肢を選び直してください。;3:（3）「蒸発」は、単独の記述としては法令上妥当な場合がありますが、本問で選ぶべき正答は（5）「還元」です。問題文の条件（酸化物から酸素を奪う反応として、一般に関係が深いものはどれか。…）と照らし、設問が問う論点に合う肢を選び直してください。;4:（4）「融解」は、単独の記述としては法令上妥当な場合がありますが、本問で選ぶべき正答は（5）「還元」です。問題文の条件（酸化物から酸素を奪う反応として、一般に関係が深いものはどれか。…）と照らし、設問が問う論点に合う肢を選び直してください。,酸化物から酸素を奪う反応は還元と関係が深い。【試験ポイント】還元は酸化と対になる反応。【ひっかけ】状態変化と混同しない。【選択肢ア】誤り。酸とアルカリの反応である。【選択肢イ】誤り。液体が固体になる現象である。【選択肢ウ】誤り。液体が気体になる現象である。【選択肢エ】誤り。固体が液体になる現象である。【選択肢オ】正しい。還元である。,酸化物から酸素を奪う反応は還元と関係が深い。【試験ポイント】還元は酸化と対になる反応。【ひっかけ】状態変化と混同しない。【選択肢ア】誤り。酸とアルカリの反応である。【選択肢イ】誤り。液体が固体になる現象である。【選択肢ウ】誤り。液体が気体になる現象である。【選択肢エ】誤り。固体が液体になる現象である。【選択肢オ】正しい。還元である。,
484,single,物性・化学,PC-141;PC-052;酸・アルカリ;pH;基礎;網羅,pH7付近の水溶液について、一般に正しいものはどれか。,,,,,,強アルカリ性である。,必ず第4類危険物である。,中性である。,強酸性である。,必ず不燃性である。,3,pH7付近は中性である。7より小さいと酸性、7より大きいとアルカリ性である。【試験ポイント】pH7付近は中性。【ひっかけ】酸性・アルカリ性の境目を押さえる。【選択肢ア】誤り。pH7超がアルカリ性である。【選択肢イ】誤り。pHだけで第4類とは判断できない。【選択肢ウ】正しい。中性である。【選択肢エ】誤り。pH7未満が酸性である。【選択肢オ】誤り。pHだけで不燃性とは判断できない。,1:（1）「強アルカリ性である。」は、単独の記述としては法令上妥当な場合がありますが、本問で選ぶべき正答は（3）「中性である。」です。問題文の条件（pH7付近の水溶液について、一般に正しいものはどれか。…）と照らし、設問が問う論点に合う肢を選び直してください。;2:（2）「必ず第4類危険物である。」は、単独の記述としては法令上妥当な場合がありますが、本問で選ぶべき正答は（3）「中性である。」です。問題文の条件（pH7付近の水溶液について、一般に正しいものはどれか。…）と照らし、設問が問う論点に合う肢を選び直してください。;4:（4）「強酸性である。」は、単独の記述としては法令上妥当な場合がありますが、本問で選ぶべき正答は（3）「中性である。」です。問題文の条件（pH7付近の水溶液について、一般に正しいものはどれか。…）と照らし、設問が問う論点に合う肢を選び直してください。;5:（5）「必ず不燃性である。」は、単独の記述としては法令上妥当な場合がありますが、本問で選ぶべき正答は（3）「中性である。」です。問題文の条件（pH7付近の水溶液について、一般に正しいものはどれか。…）と照らし、設問が問う論点に合う肢を選び直してください。,pH7付近は中性である。7より小さいと酸性、7より大きいとアルカリ性である。【試験ポイント】pH7付近は中性。【ひっかけ】酸性・アルカリ性の境目を押さえる。【選択肢ア】誤り。pH7超がアルカリ性である。【選択肢イ】誤り。pHだけで第4類とは判断できない。【選択肢ウ】正しい。中性である。【選択肢エ】誤り。pH7未満が酸性である。【選択肢オ】誤り。pHだけで不燃性とは判断できない。,pH7付近は中性である。7より小さいと酸性、7より大きいとアルカリ性である。【試験ポイント】pH7付近は中性。【ひっかけ】酸性・アルカリ性の境目を押さえる。【選択肢ア】誤り。pH7超がアルカリ性である。【選択肢イ】誤り。pHだけで第4類とは判断できない。【選択肢ウ】正しい。中性である。【選択肢エ】誤り。pH7未満が酸性である。【選択肢オ】誤り。pHだけで不燃,
485,single,物性・化学,PC-142;PC-061;計算問題;濃度の計算;標準;網羅,溶質20 gを溶かして全体を200 gの溶液にした。この質量パーセント濃度はどれか。,,,,,,5 %,20 %,40 %,10 %,90 %,4,20÷200×100＝10％である。【試験ポイント】質量パーセント濃度＝溶質÷溶液×100。【ひっかけ】溶液全体で割る。【選択肢ア】誤り。計算結果ではない。【選択肢イ】誤り。溶質量をそのまま％にしている。【選択肢ウ】誤り。計算結果ではない。【選択肢エ】正しい。10％である。【選択肢オ】誤り。計算結果ではない。,1:（1）「5 %」は、単独の記述としては法令上妥当な場合がありますが、本問で選ぶべき正答は（4）「10 %」です。問題文の条件（溶質20 gを溶かして全体を200 gの溶液にした。この質量パーセント濃度はどれか。…）と照らし、設問が問う論点に合う肢を選び直してください。;2:（2）「20 %」は、単独の記述としては法令上妥当な場合がありますが、本問で選ぶべき正答は（4）「10 %」です。問題文の条件（溶質20 gを溶かして全体を200 gの溶液にした。この質量パーセント濃度はどれか。…）と照らし、設問が問う論点に合う肢を選び直してください。;3:（3）「40 %」は、単独の記述としては法令上妥当な場合がありますが、本問で選ぶべき正答は（4）「10 %」です。問題文の条件（溶質20 gを溶かして全体を200 gの溶液にした。この質量パーセント濃度はどれか。…）と照らし、設問が問う論点に合う肢を選び直してください。;5:（5）「90 %」は、単独の記述としては法令上妥当な場合がありますが、本問で選ぶべき正答は（4）「10 %」です。問題文の条件（溶質20 gを溶かして全体を200 gの溶液にした。この質量パーセント濃度はどれか。…）と照らし、設問が問う論点に合う肢を選び直してください。,20÷200×100＝10％である。【試験ポイント】質量パーセント濃度＝溶質÷溶液×100。【ひっかけ】溶液全体で割る。【選択肢ア】誤り。計算結果ではない。【選択肢イ】誤り。溶質量をそのまま％にしている。【選択肢ウ】誤り。計算結果ではない。【選択肢エ】正しい。10％である。【選択肢オ】誤り。計算結果ではない。,20÷200×100＝10％である。【試験ポイント】質量パーセント濃度＝溶質÷溶液×100。【ひっかけ】溶液全体で割る。【選択肢ア】誤り。計算結果ではない。【選択肢イ】誤り。溶質量をそのまま％にしている。【選択肢ウ】誤り。計算結果ではない。【選択肢エ】正しい。10％である。【選択肢オ】誤り。計算結果ではない。,
486,single,火災・消火・漏えい,PF-134;PF-001;第4類共通性質;第4類危険物の共通性質;基礎;重点,第4類危険物に該当する性状として、正しいものはどれか。,,,,,,酸化性液体,自然発火性物質及び禁水性物質,引火性液体,酸化性固体,可燃性固体,3,第4類危険物は引火性液体である。【試験ポイント】第4類＝引火性液体。【ひっかけ】他類の性状と混同しない。【選択肢ア】誤り。第6類である。【選択肢イ】誤り。第3類である。【選択肢ウ】正しい。第4類である。【選択肢エ】誤り。第1類である。【選択肢オ】誤り。第2類である。,1:（1）「酸化性液体」は、単独の記述としては法令上妥当な場合がありますが、本問で選ぶべき正答は（3）「引火性液体」です。問題文の条件（第4類危険物に該当する性状として、正しいものはどれか。…）と照らし、設問が問う論点に合う肢を選び直してください。;2:（2）「自然発火性物質及び禁水性物質」は、単独の記述としては法令上妥当な場合がありますが、本問で選ぶべき正答は（3）「引火性液体」です。問題文の条件（第4類危険物に該当する性状として、正しいものはどれか。…）と照らし、設問が問う論点に合う肢を選び直してください。;4:（4）「酸化性固体」は、単独の記述としては法令上妥当な場合がありますが、本問で選ぶべき正答は（3）「引火性液体」です。問題文の条件（第4類危険物に該当する性状として、正しいものはどれか。…）と照らし、設問が問う論点に合う肢を選び直してください。;5:（5）「可燃性固体」は、単独の記述としては法令上妥当な場合がありますが、本問で選ぶべき正答は（3）「引火性液体」です。問題文の条件（第4類危険物に該当する性状として、正しいものはどれか。…）と照らし、設問が問う論点に合う肢を選び直してください。,第4類危険物は引火性液体である。【試験ポイント】第4類＝引火性液体。【ひっかけ】他類の性状と混同しない。【選択肢ア】誤り。第6類である。【選択肢イ】誤り。第3類である。【選択肢ウ】正しい。第4類である。【選択肢エ】誤り。第1類である。【選択肢オ】誤り。第2類である。,第4類危険物は引火性液体である。【試験ポイント】第4類＝引火性液体。【ひっかけ】他類の性状と混同しない。【選択肢ア】誤り。第6類である。【選択肢イ】誤り。第3類である。【選択肢ウ】正しい。第4類である。【選択肢エ】誤り。第1類である。【選択肢オ】誤り。第2類である。,
487,single,火災・消火・漏えい,PF-135;PF-003;第4類共通性質;蒸気が空気より重い性質;標準;重点,第4類危険物の可燃性蒸気が低所にたまった場合の危険として、適切なものはどれか。,,,,,,指定数量がなくなる。,離れた火源でも引火するおそれがある。,必ず酸素を放出する。,必ず不燃性になる。,必ず水に沈む。,2,空気より重い可燃性蒸気は低所に滞留し、離れた火源で引火するおそれがある。【試験ポイント】蒸気の低所滞留に注意。【ひっかけ】火源が離れていても危険。【選択肢ア】誤り。指定数量はなくならない。【選択肢イ】正しい。低所滞留の危険である。【選択肢ウ】誤り。酸素放出性ではない。【選択肢エ】誤り。不燃性ではない。【選択肢オ】誤り。液比重とは別である。,1:（1）「指定数量がなくなる。」は、単独の記述としては法令上妥当な場合がありますが、本問で選ぶべき正答は（2）「離れた火源でも引火するおそれがある。」です。問題文の条件（第4類危険物の可燃性蒸気が低所にたまった場合の危険として、適切なものはどれか。…）と照らし、設問が問う論点に合う肢を選び直してください。;3:（3）「必ず酸素を放出する。」は、単独の記述としては法令上妥当な場合がありますが、本問で選ぶべき正答は（2）「離れた火源でも引火するおそれがある。」です。問題文の条件（第4類危険物の可燃性蒸気が低所にたまった場合の危険として、適切なものはどれか。…）と照らし、設問が問う論点に合う肢を選び直してください。;4:（4）「必ず不燃性になる。」は、単独の記述としては法令上妥当な場合がありますが、本問で選ぶべき正答は（2）「離れた火源でも引火するおそれがある。」です。問題文の条件（第4類危険物の可燃性蒸気が低所にたまった場合の危険として、適切なものはどれか。…）と照らし、設問が問う論点に合う肢を選び直してください。;5:（5）「必ず水に沈む。」は、単独の記述としては法令上妥当な場合がありますが、本問で選ぶべき正答は（2）「離れた火源でも引火するおそれがある。」です。問題文の条件（第4類危険物の可燃性蒸気が低所にたまった場合の危険として、適切なものはどれか。…）と照らし、設問が問う論点に合う肢を選び直してください。,空気より重い可燃性蒸気は低所に滞留し、離れた火源で引火するおそれがある。【試験ポイント】蒸気の低所滞留に注意。【ひっかけ】火源が離れていても危険。【選択肢ア】誤り。指定数量はなくならない。【選択肢イ】正しい。低所滞留の危険である。【選択肢ウ】誤り。酸素放出性ではない。【選択肢エ】誤り。不燃性ではない。【選択肢オ】誤り。液比重とは別である。,空気より重い可燃性蒸気は低所に滞留し、離れた火源で引火するおそれがある。【試験ポイント】蒸気の低所滞留に注意。【ひっかけ】火源が離れていても危険。【選択肢ア】誤り。指定数量はなくならない。【選択肢イ】正しい。低所滞留の危険である。【選択肢ウ】誤り。酸素放出性ではない。【選択肢エ】誤り。不燃性ではない。【選択肢オ】誤り。液比重とは別である。,
488,single,火災・消火・漏えい,PF-136;PF-005;第4類共通性質;水溶性・非水溶性の違い;標準;重点,非水溶性液体火災の消火で注意すべきことはどれか。,,,,,,水に溶けるため管理不要である。,必ず棒状注水だけで消火する。,水で液面を広げないようにする。,必ず第6類として扱う。,火気を近づけて確認する。,3,非水溶性で水より軽い液体では、棒状注水により燃焼液面を広げるおそれがある。【試験ポイント】非水溶性液体火災では注水方法に注意。【ひっかけ】水をかければ常に安全ではない。【選択肢ア】誤り。非水溶性である。【選択肢イ】誤り。棒状注水は危険な場合がある。【選択肢ウ】正しい。液面拡大に注意する。【選択肢エ】誤り。第4類である。【選択肢オ】誤り。火気確認は危険である。,1:解説では「非水溶性で水より軽い液体では、棒状注水により燃焼液面を広げるおそれがある。」とある一方、（1）の記述はそれと矛盾します。 解説の要点：非水溶性で水より軽い液体では、棒状注水により燃焼液面を広げるおそれがある。【試験ポイント】非水溶性液体火災では注水方法に注意。【ひっかけ】水をかければ常に安全ではない。【選択肢ア】誤り。非水溶性である。【選択肢イ】誤り。棒状注水は危険な場合がある。【選択肢ウ】正しい。液面拡大に注… 正答（3）との違いを確認し直してください。;2:（2）「必ず棒状注水だけで消火する。」は、単独の記述としては法令上妥当な場合がありますが、本問で選ぶべき正答は（3）「水で液面を広げないようにする。」です。問題文の条件（非水溶性液体火災の消火で注意すべきことはどれか。…）と照らし、設問が問う論点に合う肢を選び直してください。;4:（4）「必ず第6類として扱う。」は、単独の記述としては法令上妥当な場合がありますが、本問で選ぶべき正答は（3）「水で液面を広げないようにする。」です。問題文の条件（非水溶性液体火災の消火で注意すべきことはどれか。…）と照らし、設問が問う論点に合う肢を選び直してください。;5:（5）「火気を近づけて確認する。」は、単独の記述としては法令上妥当な場合がありますが、本問で選ぶべき正答は（3）「水で液面を広げないようにする。」です。問題文の条件（非水溶性液体火災の消火で注意すべきことはどれか。…）と照らし、設問が問う論点に合う肢を選び直してください。,非水溶性で水より軽い液体では、棒状注水により燃焼液面を広げるおそれがある。【試験ポイント】非水溶性液体火災では注水方法に注意。【ひっかけ】水をかければ常に安全ではない。【選択肢ア】誤り。非水溶性である。【選択肢イ】誤り。棒状注水は危険な場合がある。【選択肢ウ】正しい。液面拡大に注意する。【選択肢エ】誤り。第4類である。【選択肢オ】誤り。火気確認は危険である。,非水溶性で水より軽い液体では、棒状注水により燃焼液面を広げるおそれがある。【試験ポイント】非水溶性液体火災では注水方法に注意。【ひっかけ】水をかければ常に安全ではない。【選択肢ア】誤り。非水溶性である。【選択肢イ】誤り。棒状注水は危険な場合がある。【選択肢ウ】正しい。液面拡大に注意する。【選択肢エ】誤り。第4類である。【選択肢オ】誤り。火気確認は危険である。,
489,single,火災・消火・漏えい,PF-137;PF-007;火災予防;静電気による引火危険;標準;重点,第4類危険物の移送・注入時に流速をむやみに上げない理由として、適切なものはどれか。,,,,,,不燃性になるため。,水溶性が高まるため。,静電気が発生しやすくなるため。,免状が失効するため。,指定数量が消えるため。,3,液体の高速流動は静電気の発生に関係し、火花が可燃性蒸気の点火源となるおそれがある。【試験ポイント】高速流動は静電気対策が必要。【ひっかけ】接地や流速管理を意識する。【選択肢ア】誤り。不燃性にはならない。【選択肢イ】誤り。水溶性の問題ではない。【選択肢ウ】正しい。静電気発生に注意する。【選択肢エ】誤り。免状とは関係ない。【選択肢オ】誤り。指定数量は消えない。,1:（1）「不燃性になるため。」は、単独の記述としては法令上妥当な場合がありますが、本問で選ぶべき正答は（3）「静電気が発生しやすくなるため。」です。問題文の条件（第4類危険物の移送・注入時に流速をむやみに上げない理由として、適切なものはどれか。…）と照らし、設問が問う論点に合う肢を選び直してください。;2:（2）「水溶性が高まるため。」は、単独の記述としては法令上妥当な場合がありますが、本問で選ぶべき正答は（3）「静電気が発生しやすくなるため。」です。問題文の条件（第4類危険物の移送・注入時に流速をむやみに上げない理由として、適切なものはどれか。…）と照らし、設問が問う論点に合う肢を選び直してください。;4:（4）「免状が失効するため。」は、単独の記述としては法令上妥当な場合がありますが、本問で選ぶべき正答は（3）「静電気が発生しやすくなるため。」です。問題文の条件（第4類危険物の移送・注入時に流速をむやみに上げない理由として、適切なものはどれか。…）と照らし、設問が問う論点に合う肢を選び直してください。;5:（5）「指定数量が消えるため。」は、単独の記述としては法令上妥当な場合がありますが、本問で選ぶべき正答は（3）「静電気が発生しやすくなるため。」です。問題文の条件（第4類危険物の移送・注入時に流速をむやみに上げない理由として、適切なものはどれか。…）と照らし、設問が問う論点に合う肢を選び直してください。,液体の高速流動は静電気の発生に関係し、火花が可燃性蒸気の点火源となるおそれがある。【試験ポイント】高速流動は静電気対策が必要。【ひっかけ】接地や流速管理を意識する。【選択肢ア】誤り。不燃性にはならない。【選択肢イ】誤り。水溶性の問題ではない。【選択肢ウ】正しい。静電気発生に注意する。【選択肢エ】誤り。免状とは関係ない。【選択肢オ】誤り。指定数量は消えない。,液体の高速流動は静電気の発生に関係し、火花が可燃性蒸気の点火源となるおそれがある。【試験ポイント】高速流動は静電気対策が必要。【ひっかけ】接地や流速管理を意識する。【選択肢ア】誤り。不燃性にはならない。【選択肢イ】誤り。水溶性の問題ではない。【選択肢ウ】正しい。静電気発生に注意する。【選択肢エ】誤り。免状とは関係ない。【選択肢オ】誤り。指定数量は消えない。,
490,single,火災・消火・漏えい,PF-138;PF-012;消火方法;泡・二酸化炭素・粉末消火剤の適用;標準;重点,泡消火剤が第4類火災で有効となる主な理由はどれか。,,,,,,液体を激しくかき混ぜるため。,酸素を大量に供給するため。,火花を発生させるため。,液面を覆って可燃性蒸気の発生や空気との接触を抑えるため。,指定数量を変えるため。,4,泡消火剤は液面を覆い、可燃性蒸気の発生や空気との接触を抑える。【試験ポイント】泡は液面を覆う。【ひっかけ】第4類火災では蒸気と空気接触を抑える。【選択肢ア】誤り。撹拌は危険である。【選択肢イ】誤り。酸素供給は燃焼を助ける。【選択肢ウ】誤り。火花は危険である。【選択肢エ】正しい。泡消火の主な効果である。【選択肢オ】誤り。指定数量は変わらない。,1:（1）「液体を激しくかき混ぜるため。」は、単独の記述としては法令上妥当な場合がありますが、本問で選ぶべき正答は（4）「液面を覆って可燃性蒸気の発生や空気との接触を抑えるため。」です。問題文の条件（泡消火剤が第4類火災で有効となる主な理由はどれか。…）と照らし、設問が問う論点に合う肢を選び直してください。;2:（2）「酸素を大量に供給するため。」は、単独の記述としては法令上妥当な場合がありますが、本問で選ぶべき正答は（4）「液面を覆って可燃性蒸気の発生や空気との接触を抑えるため。」です。問題文の条件（泡消火剤が第4類火災で有効となる主な理由はどれか。…）と照らし、設問が問う論点に合う肢を選び直してください。;3:（3）「火花を発生させるため。」は、単独の記述としては法令上妥当な場合がありますが、本問で選ぶべき正答は（4）「液面を覆って可燃性蒸気の発生や空気との接触を抑えるため。」です。問題文の条件（泡消火剤が第4類火災で有効となる主な理由はどれか。…）と照らし、設問が問う論点に合う肢を選び直してください。;5:（5）「指定数量を変えるため。」は、単独の記述としては法令上妥当な場合がありますが、本問で選ぶべき正答は（4）「液面を覆って可燃性蒸気の発生や空気との接触を抑えるため。」です。問題文の条件（泡消火剤が第4類火災で有効となる主な理由はどれか。…）と照らし、設問が問う論点に合う肢を選び直してください。,泡消火剤は液面を覆い、可燃性蒸気の発生や空気との接触を抑える。【試験ポイント】泡は液面を覆う。【ひっかけ】第4類火災では蒸気と空気接触を抑える。【選択肢ア】誤り。撹拌は危険である。【選択肢イ】誤り。酸素供給は燃焼を助ける。【選択肢ウ】誤り。火花は危険である。【選択肢エ】正しい。泡消火の主な効果である。【選択肢オ】誤り。指定数量は変わらない。,泡消火剤は液面を覆い、可燃性蒸気の発生や空気との接触を抑える。【試験ポイント】泡は液面を覆う。【ひっかけ】第4類火災では蒸気と空気接触を抑える。【選択肢ア】誤り。撹拌は危険である。【選択肢イ】誤り。酸素供給は燃焼を助ける。【選択肢ウ】誤り。火花は危険である。【選択肢エ】正しい。泡消火の主な効果である。【選択肢オ】誤り。指定数量は変わらない。,
491,single,火災・消火・漏えい,PF-139;PF-013;特殊引火物;特殊引火物の性質;標準;重点,特殊引火物の代表例の組合せとして、正しいものはどれか。,,,,,,メタノール・エタノール・グリセリン,ジエチルエーテル・二硫化炭素・アセトアルデヒド,キシレン・酢酸・重油,潤滑油・大豆油・菜種油,灯油・軽油・重油,2,ジエチルエーテル、二硫化炭素、アセトアルデヒドは特殊引火物の代表例である。【試験ポイント】特殊引火物の代表例を整理する。【ひっかけ】アルコール類や石油類と混同しない。【選択肢ア】誤り。アルコール類や第三石油類が混在する。【選択肢イ】正しい。特殊引火物の代表例である。【選択肢ウ】誤り。第二・第三石油類である。【選択肢エ】誤り。第四石油類や動植物油類である。【選択肢オ】誤り。石油類である。,1:（1）の内容は、正答（2）「ジエチルエーテル・二硫化炭素・アセトアルデヒド」が示す論点とずれています。 解説の要点：ジエチルエーテル、二硫化炭素、アセトアルデヒドは特殊引火物の代表例である。【試験ポイント】特殊引火物の代表例を整理する。【ひっかけ】アルコール類や石油類と混同しない。【選択肢ア】誤り。アルコール類や第三石油類が混在する。【選択肢イ】正しい。特殊引火物の代表例である。【選択肢ウ】誤… 正答（2）との違いを確認し直してください。;3:（3）「キシレン・酢酸・重油」は、単独の記述としては法令上妥当な場合がありますが、本問で選ぶべき正答は（2）「ジエチルエーテル・二硫化炭素・アセトアルデヒド」です。問題文の条件（特殊引火物の代表例の組合せとして、正しいものはどれか。…）と照らし、設問が問う論点に合う肢を選び直してください。;4:（4）「潤滑油・大豆油・菜種油」は、単独の記述としては法令上妥当な場合がありますが、本問で選ぶべき正答は（2）「ジエチルエーテル・二硫化炭素・アセトアルデヒド」です。問題文の条件（特殊引火物の代表例の組合せとして、正しいものはどれか。…）と照らし、設問が問う論点に合う肢を選び直してください。;5:（5）「灯油・軽油・重油」は、単独の記述としては法令上妥当な場合がありますが、本問で選ぶべき正答は（2）「ジエチルエーテル・二硫化炭素・アセトアルデヒド」です。問題文の条件（特殊引火物の代表例の組合せとして、正しいものはどれか。…）と照らし、設問が問う論点に合う肢を選び直してください。,ジエチルエーテル、二硫化炭素、アセトアルデヒドは特殊引火物の代表例である。【試験ポイント】特殊引火物の代表例を整理する。【ひっかけ】アルコール類や石油類と混同しない。【選択肢ア】誤り。アルコール類や第三石油類が混在する。【選択肢イ】正しい。特殊引火物の代表例である。【選択肢ウ】誤り。第二・第三石油類である。【選択肢エ】誤り。第四石油類や動植物油類である。【選択肢オ】誤り。石油類である。,ジエチルエーテル、二硫化炭素、アセトアルデヒドは特殊引火物の代表例である。【試験ポイント】特殊引火物の代表例を整理する。【ひっかけ】アルコール類や石油類と混同しない。【選択肢ア】誤り。アルコール類や第三石油類が混在する。【選択肢イ】正しい。特殊引火物の代表例である。【選択肢ウ】誤り。第二・第三石油類である。【選択肢エ】誤り。第四石油類や動植物油類である。【選,
492,single,火災・消火・漏えい,PF-140;PF-018;第一石油類;ガソリン;標準;重点,ガソリンの指定数量と水溶性の整理として、正しいものはどれか。,,,,,,"10,000 L、動植物油類","2,000 L、水溶性液体",400 L、水溶性液体,200 L、非水溶性液体,"1,000 L、非水溶性液体",4,ガソリンは第一石油類の非水溶性液体で、指定数量は200 Lである。【試験ポイント】ガソリンは200 L・非水溶性。【ひっかけ】アセトン400 Lと混同しない。【選択肢ア】誤り。動植物油類である。【選択肢イ】誤り。第二石油類の水溶性液体である。【選択肢ウ】誤り。アセトンなどの水溶性第一石油類である。【選択肢エ】正しい。ガソリンの整理である。【選択肢オ】誤り。灯油・軽油などである。,"1:（1）「10,000 L、動植物油類」は、単独の記述としては法令上妥当な場合がありますが、本問で選ぶべき正答は（4）「200 L、非水溶性液体」です。問題文の条件（ガソリンの指定数量と水溶性の整理として、正しいものはどれか。…）と照らし、設問が問う論点に合う肢を選び直してください。;2:（2）「2,000 L、水溶性液体」は、単独の記述としては法令上妥当な場合がありますが、本問で選ぶべき正答は（4）「200 L、非水溶性液体」です。問題文の条件（ガソリンの指定数量と水溶性の整理として、正しいものはどれか。…）と照らし、設問が問う論点に合う肢を選び直してください。;3:（3）「400 L、水溶性液体」は、単独の記述としては法令上妥当な場合がありますが、本問で選ぶべき正答は（4）「200 L、非水溶性液体」です。問題文の条件（ガソリンの指定数量と水溶性の整理として、正しいものはどれか。…）と照らし、設問が問う論点に合う肢を選び直してください。;5:（5）「1,000 L、非水溶性液体」は、単独の記述としては法令上妥当な場合がありますが、本問で選ぶべき正答は（4）「200 L、非水溶性液体」です。問題文の条件（ガソリンの指定数量と水溶性の整理として、正しいものはどれか。…）と照らし、設問が問う論点に合う肢を選び直してください。",ガソリンは第一石油類の非水溶性液体で、指定数量は200 Lである。【試験ポイント】ガソリンは200 L・非水溶性。【ひっかけ】アセトン400 Lと混同しない。【選択肢ア】誤り。動植物油類である。【選択肢イ】誤り。第二石油類の水溶性液体である。【選択肢ウ】誤り。アセトンなどの水溶性第一石油類である。【選択肢エ】正しい。ガソリンの整理である。【選択肢オ】誤り。灯油・軽油などである。,ガソリンは第一石油類の非水溶性液体で、指定数量は200 Lである。【試験ポイント】ガソリンは200 L・非水溶性。【ひっかけ】アセトン400 Lと混同しない。【選択肢ア】誤り。動植物油類である。【選択肢イ】誤り。第二石油類の水溶性液体である。【選択肢ウ】誤り。アセトンなどの水溶性第一石油類である。【選択肢エ】正しい。ガソリンの整理である。【選択肢オ】誤り。灯,
493,single,火災・消火・漏えい,PF-142;PF-026;第二石油類;第二石油類の性質;標準;重点,灯油と軽油に共通する分類として、正しいものはどれか。,,,,,,アルコール類,特殊引火物,動植物油類,第二石油類,第一石油類,4,灯油と軽油はいずれも第二石油類である。【試験ポイント】灯油・軽油は第二石油類。【ひっかけ】ガソリンは第一石油類。【選択肢ア】誤り。アルコール類ではない。【選択肢イ】誤り。特殊引火物ではない。【選択肢ウ】誤り。動植物油類ではない。【選択肢エ】正しい。第二石油類である。【選択肢オ】誤り。第一石油類ではない。,1:（1）「アルコール類」は、単独の記述としては法令上妥当な場合がありますが、本問で選ぶべき正答は（4）「第二石油類」です。問題文の条件（灯油と軽油に共通する分類として、正しいものはどれか。…）と照らし、設問が問う論点に合う肢を選び直してください。;2:（2）「特殊引火物」は、単独の記述としては法令上妥当な場合がありますが、本問で選ぶべき正答は（4）「第二石油類」です。問題文の条件（灯油と軽油に共通する分類として、正しいものはどれか。…）と照らし、設問が問う論点に合う肢を選び直してください。;3:（3）「動植物油類」は、単独の記述としては法令上妥当な場合がありますが、本問で選ぶべき正答は（4）「第二石油類」です。問題文の条件（灯油と軽油に共通する分類として、正しいものはどれか。…）と照らし、設問が問う論点に合う肢を選び直してください。;5:（5）「第一石油類」は、単独の記述としては法令上妥当な場合がありますが、本問で選ぶべき正答は（4）「第二石油類」です。問題文の条件（灯油と軽油に共通する分類として、正しいものはどれか。…）と照らし、設問が問う論点に合う肢を選び直してください。,灯油と軽油はいずれも第二石油類である。【試験ポイント】灯油・軽油は第二石油類。【ひっかけ】ガソリンは第一石油類。【選択肢ア】誤り。アルコール類ではない。【選択肢イ】誤り。特殊引火物ではない。【選択肢ウ】誤り。動植物油類ではない。【選択肢エ】正しい。第二石油類である。【選択肢オ】誤り。第一石油類ではない。,灯油と軽油はいずれも第二石油類である。【試験ポイント】灯油・軽油は第二石油類。【ひっかけ】ガソリンは第一石油類。【選択肢ア】誤り。アルコール類ではない。【選択肢イ】誤り。特殊引火物ではない。【選択肢ウ】誤り。動植物油類ではない。【選択肢エ】正しい。第二石油類である。【選択肢オ】誤り。第一石油類ではない。,
494,single,火災・消火・漏えい,PF-143;PF-031;第三石油類;重油;標準;重点,重油と潤滑油の分類について、正しいものはどれか。,,,,,,どちらも特殊引火物である。,どちらもアルコール類である。,どちらも第一石油類である。,重油は第三石油類、潤滑油は第四石油類である。,重油は第二石油類、潤滑油は第三石油類である。,4,重油は第三石油類、潤滑油は第四石油類である。【試験ポイント】重油は第三、潤滑油は第四。【ひっかけ】石油類の番号を整理する。【選択肢ア】誤り。特殊引火物ではない。【選択肢イ】誤り。アルコール類ではない。【選択肢ウ】誤り。第一石油類ではない。【選択肢エ】正しい。分類として正しい。【選択肢オ】誤り。分類が違う。,1:（1）「どちらも特殊引火物である。」は、単独の記述としては法令上妥当な場合がありますが、本問で選ぶべき正答は（4）「重油は第三石油類、潤滑油は第四石油類である。」です。問題文の条件（重油と潤滑油の分類について、正しいものはどれか。…）と照らし、設問が問う論点に合う肢を選び直してください。;2:（2）「どちらもアルコール類である。」は、単独の記述としては法令上妥当な場合がありますが、本問で選ぶべき正答は（4）「重油は第三石油類、潤滑油は第四石油類である。」です。問題文の条件（重油と潤滑油の分類について、正しいものはどれか。…）と照らし、設問が問う論点に合う肢を選び直してください。;3:（3）「どちらも第一石油類である。」は、単独の記述としては法令上妥当な場合がありますが、本問で選ぶべき正答は（4）「重油は第三石油類、潤滑油は第四石油類である。」です。問題文の条件（重油と潤滑油の分類について、正しいものはどれか。…）と照らし、設問が問う論点に合う肢を選び直してください。;5:（5）の内容は、正答（4）「重油は第三石油類、潤滑油は第四石油類である。」が示す論点とずれています。 解説の要点：重油は第三石油類、潤滑油は第四石油類である。【試験ポイント】重油は第三、潤滑油は第四。【ひっかけ】石油類の番号を整理する。【選択肢ア】誤り。特殊引火物ではない。【選択肢イ】誤り。アルコール類ではない。【選択肢ウ】誤り。第一石油類ではない。【選択肢エ】正しい。分類として正しい。【選… 正答（4）との違いを確認し直してください。,重油は第三石油類、潤滑油は第四石油類である。,重油は第三石油類、潤滑油は第四石油類である。【試験ポイント】重油は第三、潤滑油は第四。【ひっかけ】石油類の番号を整理する。【選択肢ア】誤り。特殊引火物ではない。【選択肢イ】誤り。アルコール類ではない。【選択肢ウ】誤り。第一石油類ではない。【選択肢エ】正しい。分類として正しい。【選択肢オ】誤り。分類が違う。,
495,single,火災・消火・漏えい,PF-144;PF-034;動植物油類;動植物油類の性質;標準;網羅,動植物油類に該当する例として、適切なものはどれか。,,,,,,灯油,大豆油,エタノール,二硫化炭素,ガソリン,2,大豆油などの植物油は動植物油類に該当する。【試験ポイント】大豆油は動植物油類。【ひっかけ】食用油でも危険物分類に入る場合がある。【選択肢ア】誤り。第二石油類である。【選択肢イ】正しい。大豆油は動植物油類である。【選択肢ウ】誤り。アルコール類である。【選択肢エ】誤り。特殊引火物である。【選択肢オ】誤り。第一石油類である。,1:（1）「灯油」は、単独の記述としては法令上妥当な場合がありますが、本問で選ぶべき正答は（2）「大豆油」です。問題文の条件（動植物油類に該当する例として、適切なものはどれか。…）と照らし、設問が問う論点に合う肢を選び直してください。;3:（3）「エタノール」は、単独の記述としては法令上妥当な場合がありますが、本問で選ぶべき正答は（2）「大豆油」です。問題文の条件（動植物油類に該当する例として、適切なものはどれか。…）と照らし、設問が問う論点に合う肢を選び直してください。;4:（4）「二硫化炭素」は、単独の記述としては法令上妥当な場合がありますが、本問で選ぶべき正答は（2）「大豆油」です。問題文の条件（動植物油類に該当する例として、適切なものはどれか。…）と照らし、設問が問う論点に合う肢を選び直してください。;5:（5）「ガソリン」は、単独の記述としては法令上妥当な場合がありますが、本問で選ぶべき正答は（2）「大豆油」です。問題文の条件（動植物油類に該当する例として、適切なものはどれか。…）と照らし、設問が問う論点に合う肢を選び直してください。,大豆油などの植物油は動植物油類に該当する。【試験ポイント】大豆油は動植物油類。【ひっかけ】食用油でも危険物分類に入る場合がある。【選択肢ア】誤り。第二石油類である。【選択肢イ】正しい。大豆油は動植物油類である。【選択肢ウ】誤り。アルコール類である。【選択肢エ】誤り。特殊引火物である。【選択肢オ】誤り。第一石油類である。,大豆油などの植物油は動植物油類に該当する。【試験ポイント】大豆油は動植物油類。【ひっかけ】食用油でも危険物分類に入る場合がある。【選択肢ア】誤り。第二石油類である。【選択肢イ】正しい。大豆油は動植物油類である。【選択肢ウ】誤り。アルコール類である。【選択肢エ】誤り。特殊引火物である。【選択肢オ】誤り。第一石油類である。,
496,single,火災・消火・漏えい,PF-145;PF-035;動植物油類;乾性油・自然発火;標準;重点,油を含んだ布を安全に管理する考え方として、適切なものはどれか。,,,,,,大量に積み重ねて放置する。,火気の近くで乾燥させる。,下水へ流す。,蓄熱しないように広げる、密閉しない、適切に処理する。,可燃性蒸気の中で喫煙する。,4,油を含んだ布は酸化熱が蓄積しないように管理し、適切に処理する必要がある。【試験ポイント】油を含んだ布の蓄熱に注意。【ひっかけ】自然発火は火源なしでも起き得る。【選択肢ア】誤り。蓄熱のおそれがある。【選択肢イ】誤り。火気は危険である。【選択肢ウ】誤り。下水へ流してはならない。【選択肢エ】正しい。蓄熱防止が重要である。【選択肢オ】誤り。喫煙は危険である。,1:（1）「大量に積み重ねて放置する。」は、単独の記述としては法令上妥当な場合がありますが、本問で選ぶべき正答は（4）「蓄熱しないように広げる、密閉しない、適切に処理する。」です。問題文の条件（油を含んだ布を安全に管理する考え方として、適切なものはどれか。…）と照らし、設問が問う論点に合う肢を選び直してください。;2:（2）「火気の近くで乾燥させる。」は、単独の記述としては法令上妥当な場合がありますが、本問で選ぶべき正答は（4）「蓄熱しないように広げる、密閉しない、適切に処理する。」です。問題文の条件（油を含んだ布を安全に管理する考え方として、適切なものはどれか。…）と照らし、設問が問う論点に合う肢を選び直してください。;3:（3）「下水へ流す。」は、単独の記述としては法令上妥当な場合がありますが、本問で選ぶべき正答は（4）「蓄熱しないように広げる、密閉しない、適切に処理する。」です。問題文の条件（油を含んだ布を安全に管理する考え方として、適切なものはどれか。…）と照らし、設問が問う論点に合う肢を選び直してください。;5:（5）「可燃性蒸気の中で喫煙する。」は、単独の記述としては法令上妥当な場合がありますが、本問で選ぶべき正答は（4）「蓄熱しないように広げる、密閉しない、適切に処理する。」です。問題文の条件（油を含んだ布を安全に管理する考え方として、適切なものはどれか。…）と照らし、設問が問う論点に合う肢を選び直してください。,油を含んだ布は酸化熱が蓄積しないように管理し、適切に処理する必要がある。【試験ポイント】油を含んだ布の蓄熱に注意。【ひっかけ】自然発火は火源なしでも起き得る。【選択肢ア】誤り。蓄熱のおそれがある。【選択肢イ】誤り。火気は危険である。【選択肢ウ】誤り。下水へ流してはならない。【選択肢エ】正しい。蓄熱防止が重要である。【選択肢オ】誤り。喫煙は危険である。,油を含んだ布は酸化熱が蓄積しないように管理し、適切に処理する必要がある。【試験ポイント】油を含んだ布の蓄熱に注意。【ひっかけ】自然発火は火源なしでも起き得る。【選択肢ア】誤り。蓄熱のおそれがある。【選択肢イ】誤り。火気は危険である。【選択肢ウ】誤り。下水へ流してはならない。【選択肢エ】正しい。蓄熱防止が重要である。【選択肢オ】誤り。喫煙は危険である。,
497,single,火災・消火・漏えい,PF-146;PF-040;分類比較;水溶性・非水溶性の代表例;標準;重点,非水溶性液体の組合せとして、適切なものはどれか。,,,,,,アセトン・メタノール・エタノール,ガソリン・灯油・軽油,アセトン・酢酸・エタノール,グリセリン・エチレングリコール・酢酸,メタノール・エタノール・グリセリン,2,ガソリン、灯油、軽油は非水溶性液体として整理される代表例である。【試験ポイント】ガソリン・灯油・軽油は非水溶性。【ひっかけ】水溶性液体と消火方法の違いに注意。【選択肢ア】誤り。水溶性液体の組合せである。【選択肢イ】正しい。非水溶性液体の組合せである。【選択肢ウ】誤り。水溶性液体が含まれる。【選択肢エ】誤り。水溶性液体が含まれる。【選択肢オ】誤り。水溶性液体の組合せである。,1:（1）の内容は、正答（2）「ガソリン・灯油・軽油」が示す論点とずれています。 解説の要点：ガソリン、灯油、軽油は非水溶性液体として整理される代表例である。【試験ポイント】ガソリン・灯油・軽油は非水溶性。【ひっかけ】水溶性液体と消火方法の違いに注意。【選択肢ア】誤り。水溶性液体の組合せである。【選択肢イ】正しい。非水溶性液体の組合せである。【選択肢ウ】誤り。水溶性液体が… 正答（2）との違いを確認し直してください。;3:（3）「アセトン・酢酸・エタノール」は、単独の記述としては法令上妥当な場合がありますが、本問で選ぶべき正答は（2）「ガソリン・灯油・軽油」です。問題文の条件（非水溶性液体の組合せとして、適切なものはどれか。…）と照らし、設問が問う論点に合う肢を選び直してください。;4:（4）の内容は、正答（2）「ガソリン・灯油・軽油」が示す論点とずれています。 解説の要点：ガソリン、灯油、軽油は非水溶性液体として整理される代表例である。【試験ポイント】ガソリン・灯油・軽油は非水溶性。【ひっかけ】水溶性液体と消火方法の違いに注意。【選択肢ア】誤り。水溶性液体の組合せである。【選択肢イ】正しい。非水溶性液体の組合せである。【選択肢ウ】誤り。水溶性液体が… 正答（2）との違いを確認し直してください。;5:（5）の内容は、正答（2）「ガソリン・灯油・軽油」が示す論点とずれています。 解説の要点：ガソリン、灯油、軽油は非水溶性液体として整理される代表例である。【試験ポイント】ガソリン・灯油・軽油は非水溶性。【ひっかけ】水溶性液体と消火方法の違いに注意。【選択肢ア】誤り。水溶性液体の組合せである。【選択肢イ】正しい。非水溶性液体の組合せである。【選択肢ウ】誤り。水溶性液体が… 正答（2）との違いを確認し直してください。,【試験ポイント】ガソリン・灯油・軽油は非水溶性。,ガソリン、灯油、軽油は非水溶性液体として整理される代表例である。【試験ポイント】ガソリン・灯油・軽油は非水溶性。【ひっかけ】水溶性液体と消火方法の違いに注意。【選択肢ア】誤り。水溶性液体の組合せである。【選択肢イ】正しい。非水溶性液体の組合せである。【選択肢ウ】誤り。水溶性液体が含まれる。【選択肢エ】誤り。水溶性液体が含まれる。【選択肢オ】誤り。水溶性液体の,
498,single,火災・消火・漏えい,PF-147;PF-043;消火方法;物質別の消火方法;標準;重点,二酸化炭素消火剤を使用する際の注意として、適切なものはどれか。,,,,,,窒息のおそれがあるため、密閉空間では人体への影響に注意する。,指定数量を減らす。,火花を発生させる。,必ず水溶性液体を不燃性にする。,酸素を大量に供給するため安全である。,1,二酸化炭素消火剤は窒息効果で消火するため、密閉空間では人体への窒息影響にも注意が必要である。【試験ポイント】二酸化炭素は窒息効果。【ひっかけ】消火効果と人体影響の両方を見る。【選択肢ア】正しい。人体影響に注意する。【選択肢イ】誤り。指定数量は変わらない。【選択肢ウ】誤り。火花を発生させない。【選択肢エ】誤り。不燃性にするものではない。【選択肢オ】誤り。酸素を供給しない。,2:（2）「指定数量を減らす。」は、単独の記述としては法令上妥当な場合がありますが、本問で選ぶべき正答は（1）「窒息のおそれがあるため、密閉空間では人体への影響に注意する。」です。問題文の条件（二酸化炭素消火剤を使用する際の注意として、適切なものはどれか。…）と照らし、設問が問う論点に合う肢を選び直してください。;3:（3）「火花を発生させる。」は、単独の記述としては法令上妥当な場合がありますが、本問で選ぶべき正答は（1）「窒息のおそれがあるため、密閉空間では人体への影響に注意する。」です。問題文の条件（二酸化炭素消火剤を使用する際の注意として、適切なものはどれか。…）と照らし、設問が問う論点に合う肢を選び直してください。;4:（4）の内容は、正答（1）「窒息のおそれがあるため、密閉空間では人体への影響に注意する。」が示す論点とずれています。 解説の要点：二酸化炭素消火剤は窒息効果で消火するため、密閉空間では人体への窒息影響にも注意が必要である。【試験ポイント】二酸化炭素は窒息効果。【ひっかけ】消火効果と人体影響の両方を見る。【選択肢ア】正しい。人体影響に注意する。【選択肢イ】誤り。指定数量は変わらない。【選択肢ウ】誤り。火花を発… 正答（1）との違いを確認し直してください。;5:（5）の内容は、正答（1）「窒息のおそれがあるため、密閉空間では人体への影響に注意する。」が示す論点とずれています。 解説の要点：二酸化炭素消火剤は窒息効果で消火するため、密閉空間では人体への窒息影響にも注意が必要である。【試験ポイント】二酸化炭素は窒息効果。【ひっかけ】消火効果と人体影響の両方を見る。【選択肢ア】正しい。人体影響に注意する。【選択肢イ】誤り。指定数量は変わらない。【選択肢ウ】誤り。火花を発… 正答（1）との違いを確認し直してください。,二酸化炭素消火剤は窒息効果で消火するため、密閉空間では人体への窒息影響にも注意が必要である。【試験ポイント】二酸化炭素は窒息効果。【ひっかけ】消火効果と人体影響の両方を見る。【選択肢ア】正しい。人体影響に注意する。【選択肢イ】誤り。指定数量は変わらない。【選択肢ウ】誤り。火花を発生させない。【選択肢エ】誤り。不燃性にするものではない。【選択肢オ】誤り。酸素を供給しない。,二酸化炭素消火剤は窒息効果で消火するため、密閉空間では人体への窒息影響にも注意が必要である。【試験ポイント】二酸化炭素は窒息効果。【ひっかけ】消火効果と人体影響の両方を見る。【選択肢ア】正しい。人体影響に注意する。【選択肢イ】誤り。指定数量は変わらない。【選択肢ウ】誤り。火花を発生させない。【選択肢エ】誤り。不燃性にするものではない。【選択肢オ】誤り。酸素を,
499,single,火災・消火・漏えい,PF-148;PF-046;総合問題;性消分野の複合問題;標準;総合,性質・消火分野の総合理解として、正しいものはどれか。,,,,,,液比重は空気を基準にする。,水溶性ならすべて不燃性である。,蒸気比重は水を基準にする。,分類、指定数量、水溶性、蒸気危険、消火方法を関連づけて覚える。,分類名だけを覚えれば消火方法は不要である。,4,第4類危険物では、分類、指定数量、水溶性、蒸気危険、消火方法を関連づけて整理することが重要である。【試験ポイント】性消は分類・性質・消火方法を関連づける。【ひっかけ】単語暗記だけでは混同しやすい。【選択肢ア】誤り。液比重は水基準である。【選択肢イ】誤り。水溶性でも引火危険がある。【選択肢ウ】誤り。蒸気比重は空気基準である。【選択肢エ】正しい。総合理解として適切である。【選択肢オ】誤り。消火方法も重要である。,1:（1）「液比重は空気を基準にする。」は、単独の記述としては法令上妥当な場合がありますが、本問で選ぶべき正答は（4）「分類、指定数量、水溶性、蒸気危険、消火方法を関連づけて覚える。」です。問題文の条件（性質・消火分野の総合理解として、正しいものはどれか。…）と照らし、設問が問う論点に合う肢を選び直してください。;2:（2）の内容は、正答（4）「分類、指定数量、水溶性、蒸気危険、消火方法を関連づけて覚える。」が示す論点とずれています。 解説の要点：第4類危険物では、分類、指定数量、水溶性、蒸気危険、消火方法を関連づけて整理することが重要である。【試験ポイント】性消は分類・性質・消火方法を関連づける。【ひっかけ】単語暗記だけでは混同しやすい。【選択肢ア】誤り。液比重は水基準である。【選択肢イ】誤り。水溶性でも引火危険がある。… 正答（4）との違いを確認し直してください。;3:（3）「蒸気比重は水を基準にする。」は、単独の記述としては法令上妥当な場合がありますが、本問で選ぶべき正答は（4）「分類、指定数量、水溶性、蒸気危険、消火方法を関連づけて覚える。」です。問題文の条件（性質・消火分野の総合理解として、正しいものはどれか。…）と照らし、設問が問う論点に合う肢を選び直してください。;5:解説では「第4類危険物では、分類、指定数量、水溶性、蒸気危険、消火方法を関連づけて整理することが重要である。」とある一方、（5）の記述はそれと矛盾します。 解説の要点：第4類危険物では、分類、指定数量、水溶性、蒸気危険、消火方法を関連づけて整理することが重要である。【試験ポイント】性消は分類・性質・消火方法を関連づける。【ひっかけ】単語暗記だけでは混同しやすい。【選択肢ア】誤り。液比重は水基準である。【選択肢イ】誤り。水溶性でも引火危険がある。… 正答（4）との違いを確認し直してください。,第4類危険物では、分類、指定数量、水溶性、蒸気危険、消火方法を関連づけて整理することが重要である。,第4類危険物では、分類、指定数量、水溶性、蒸気危険、消火方法を関連づけて整理することが重要である。【試験ポイント】性消は分類・性質・消火方法を関連づける。【ひっかけ】単語暗記だけでは混同しやすい。【選択肢ア】誤り。液比重は水基準である。【選択肢イ】誤り。水溶性でも引火危険がある。【選択肢ウ】誤り。蒸気比重は空気基準である。【選択肢エ】正しい。総合理解として適,
500,single,法令・制度,L-231;LAW-061;総合問題;法令分野の複合・ひっかけ問題;標準;総合,法令分野で『施設の安全確保』に直接関係する組合せはどれか。,,,,,,設置許可・完成検査・定期点検,元素・化合物・混合物,免状写真・受験票・座席番号,水溶性・pH・濃度,販売価格・広告文・会社名,1,設置許可、完成検査、定期点検はいずれも施設の安全確保に関係する。【試験ポイント】施設制度をまとめて整理する。【ひっかけ】人の資格制度と混同しない。【選択肢ア】正しい。施設安全に関係する。【選択肢イ】誤り。物質構成の語である。【選択肢ウ】誤り。試験や免状事務である。【選択肢エ】誤り。化学分野の語である。【選択肢オ】誤り。販売面の語である。,2:（2）「元素・化合物・混合物」は、単独の記述としては法令上妥当な場合がありますが、本問で選ぶべき正答は（1）「設置許可・完成検査・定期点検」です。問題文の条件（法令分野で『施設の安全確保』に直接関係する組合せはどれか。…）と照らし、設問が問う論点に合う肢を選び直してください。;3:（3）「免状写真・受験票・座席番号」は、単独の記述としては法令上妥当な場合がありますが、本問で選ぶべき正答は（1）「設置許可・完成検査・定期点検」です。問題文の条件（法令分野で『施設の安全確保』に直接関係する組合せはどれか。…）と照らし、設問が問う論点に合う肢を選び直してください。;4:（4）「水溶性・pH・濃度」は、単独の記述としては法令上妥当な場合がありますが、本問で選ぶべき正答は（1）「設置許可・完成検査・定期点検」です。問題文の条件（法令分野で『施設の安全確保』に直接関係する組合せはどれか。…）と照らし、設問が問う論点に合う肢を選び直してください。;5:（5）「販売価格・広告文・会社名」は、単独の記述としては法令上妥当な場合がありますが、本問で選ぶべき正答は（1）「設置許可・完成検査・定期点検」です。問題文の条件（法令分野で『施設の安全確保』に直接関係する組合せはどれか。…）と照らし、設問が問う論点に合う肢を選び直してください。,設置許可、完成検査、定期点検はいずれも施設の安全確保に関係する。【試験ポイント】施設制度をまとめて整理する。【ひっかけ】人の資格制度と混同しない。【選択肢ア】正しい。施設安全に関係する。【選択肢イ】誤り。物質構成の語である。【選択肢ウ】誤り。試験や免状事務である。【選択肢エ】誤り。化学分野の語である。【選択肢オ】誤り。販売面の語である。,設置許可、完成検査、定期点検はいずれも施設の安全確保に関係する。【試験ポイント】施設制度をまとめて整理する。【ひっかけ】人の資格制度と混同しない。【選択肢ア】正しい。施設安全に関係する。【選択肢イ】誤り。物質構成の語である。【選択肢ウ】誤り。試験や免状事務である。【選択肢エ】誤り。化学分野の語である。【選択肢オ】誤り。販売面の語である。,
